stop_id,stop_name,line,lat,lon
12694283448,Anella Olimpica,100,41.366089,2.1530256
12688039004,Arc de Triomf - Estació del Nord,100,41.3947426,2.1823056
11933181169,Barcelona BusTourisístic - World Trade Center,100,41.3731932,2.1780279
12688060893,Barceloneta - Museu d'Història de Catalunya,100,41.3808086,2.1833598
12694306126,CaixaForum Barcelona - Pavelló Mies Van Der Rohen,100,41.3711211,2.1497612
12694287058,Eixample,100,41.3813275,2.1447121
11933124669,Estació de Sants,100,41.3781935,2.1382021
12694082317,Fundació Joan Miró,100,41.3678749,2.1599251
12688028907,Fòrum,100,41.4107091,2.2186951
12688108931,La Rambla - Colom,100,41.3759056,2.178268
12688120109,Miramar - Jardins Costa i Llobera,100,41.3702901,2.1696526
11933150069,Museu Nacional d'Art de Catalunya,100,41.3681165,2.1516606
12688028909,Parc Diagonal Mar,100,41.404955,2.2140007
7803511490,Pla de Palau - Parc de la Ciutadella,100,41.3828832,2.1832222
12688030255,Platja Bogatell,100,41.392456,2.2043924
12688030256,Platja Nova Mar Bella,100,41.4008622,2.2120008
12694306125,Plaça d'Espanya,100,41.3736314,2.1499006
12688019544,Plaça de Catalunya,100,41.3861658,2.1698749
12694306278,Poble Espanyol,100,41.3695531,2.146762
12688060047,Poblenou,100,41.4011148,2.1990503
5119904556,Port Olímpic,100,41.3880717,2.1972716
12688060894,Port Olímpic - Zoo,100,41.387972,2.19718
12688039003,Sagrada Familia,100,41.403029,2.1737241
12688120107,Telefèric de Montjuïc,100,41.3688659,2.1644489
12688053814,Torre Glòries - 22@,100,41.4042451,2.1896992
11932795269,Casa Batlló - Museu Tàpies,101,41.3909037,2.166619
12701996666,Francesc Macià,101,41.3920681,2.1439542
12701985994,Futbol Club Barcelona,101,41.3812415,2.1203552
12701996664,Les Corts,101,41.3888391,2.1306024
12702148938,Monestir de Pedralbes,101,41.3960021,2.1142407
12701985992,Palau Reial - Pavellons Güell,101,41.389268,2.1199039
11381138275,Park Güell,101,41.4132519,2.1605817
11381138276,Passeig de Gràcia - La Pedrera,101,41.3952884,2.1612047
12701996670,Sant Antoni,101,41.3832827,2.1602916
11381138273,Sant Pau Recinte Modernista,101,41.4118639,2.1735093
823781725,Sarrià,101,41.3994555,2.1200261
4474982575,Tibidabo - Plaça Kenedy,101,41.4102253,2.1363428
5330012439,Av de l'Estatut de Catalunya - Campoamor,102,41.4351441,2.1535899
5317126614,CAP d'Horta,102,41.4291311,2.157585
6093046149,Camí de l'Església - Rembrant,102,41.4341693,2.1533751
5330012435,Coll de la Ventosa,102,41.4497168,2.1588934
5330012424,Ctra Cementiri Collserola - Coll de La Ventosa,102,41.4496622,2.1586929
5330012437,Ctra d'Horta,102,41.4391922,2.1543088
5330012422,Ctra d'Horta - Av Estatut de Catalunya,102,41.4375357,2.1535197
5330012438,Ctra d'Horta - Pg de Valldaura,102,41.4372974,2.1535742
5330012423,Ctra d'Horta - Ronda de Dalt,102,41.4396489,2.1543491
5330011920,Jerez - Pl de la Ciutadella,102,41.4313085,2.1553879
5282237879,Lletres - Dante Alighieri,102,41.4278373,2.157939
5292384561,Llobregós - Pg Maragall,102,41.4278143,2.1633709
5292384560,Llobregós - Torrent del Carmel,102,41.4265265,2.1603204
5282237877,Pl Botticelli,102,41.4331107,2.153159
5282237878,Pl de l'Estatut,102,41.4307803,2.1552113
5282237880,Rambla del Carmel,102,41.4259528,2.1583305
5330012440,Tajo - Metro Horta,102,41.4295379,2.1610533
5330012436,Tanatori de la Vall d'Hebron,102,41.4404901,2.1548239
5105670656,Av Rasos de Peguera - Meridiana,104,41.4621369,2.1796701
5104196753,Av Rasos de Peguera - Pl. Roja,104,41.4615543,2.1784781
5105670658,Centre Esportiu Ciutat Meridiana,104,41.459386,2.1762373
5105670655,Ctra C-17 - Estació de Torre Baró,104,41.4607249,2.1814248
8299800763,Ctra Nacional 152 - Av l'Alzinar,104,41.4609407,2.1831807
5105610937,Les Agudes ( a Torre Baró-Vallbona ),104,41.4616411,2.1759289
5105610940,Les Agudes - Can Cuiàs,104,41.4636628,2.1759499
5105610938,Les Agudes - Costabona ( a Torre Barò-Vallbona ),104,41.4627134,2.1773895
5331965295,Les Agudes 27,104,41.4636677,2.1784814
5105610939,Les Agudes 31,104,41.4635661,2.1782341
5104196752,Mercat Ciutat Meridiana,104,41.4624292,2.1782492
8274346677,Meridiana - Av Rio de Janeiro,104,41.4431441,2.1862195
8299800764,Meridiana - Ctra de Ribes,104,41.4498805,2.1889242
4469937246,Meridiana - Garbí,104,41.4521059,2.1885678
4394859911,Meridiana - Pare Pérez del Pulgar,104,41.4534353,2.1891799
8300318413,Meridiana - Pl de Mossèn Clapés,104,41.4422947,2.1864383
5331965296,Metro Fabra i Puig,104,41.4316183,2.1832097
7832867898,Vallcivera - Av Rasos de Peguera,104,41.4595007,2.1760603
5333565639,Can Tunis,107,41.3520928,2.1583058
4398491493,Cementiri de Montjuïc,107,41.3530888,2.1558973
5333565628,Pl Sant Agustí,107,41.3578369,2.1559162
5333565632,Pl Sant Francesc,107,41.3564185,2.1577061
5333565633,Pl Sant Rafael,107,41.3550779,2.15389
5333565637,Pl de l'Esperança,107,41.3538764,2.1563603
5333565634,Pl de la Caritat,107,41.3552862,2.1547997
5333565320,Sagrat Cor,107,41.3552892,2.1498857
5333565627,Via Nostra Sra de la Mercè,107,41.3587653,2.1550864
5333565623,Via Sant Antoni Abad,107,41.3565637,2.1509341
5333565622,Via Sant Antoni Abad - Via Santíssima Trinitat,107,41.3555905,2.1514864
5333565319,Via Sant Francesc,107,41.3547645,2.1536539
5333565621,Via Sant Jaume - Via Santíssima Trinitat,107,41.3557047,2.1531964
5333565631,Via Sant Jaume - Via Santíssima Trinitat,107,41.3562143,2.1546396
5333565635,Via Sant Jordi,107,41.3558078,2.1577395
5333565636,Via Sant Jordi - Via Sant Sever,107,41.3553693,2.1580409
5333565624,Via Sant Lluís,107,41.3580295,2.1537246
5333565318,Via Sant Oleguer,107,41.3544531,2.1541154
5333565626,Via Sant Salvador,107,41.3587383,2.1571286
5333565625,Via Sant Salvador - Via Sant Lluís,107,41.3584129,2.1552198
5333565317,Via Santa Eulàlia - Rda Litoral,107,41.3528852,2.1529829
5333565630,Via Santíssima Trinitat,107,41.3562163,2.1520479
5333565629,Via Santíssima Trinitat . Pl Sant Agustí,107,41.3569282,2.1544955
2203423147,Av Roma - Tarragona,109,41.3805169,2.1437368
12109935075,Carrer A - Carrer número 1,109,41.3439115,2.1452783
8234311088,Carrer A - Carrer número 27,109,41.3356574,2.1401695
5099446675,Carrer A - Carrer número 3,109,41.334909,2.1402464
5103431070,Carrer A - Carrer número 3,109,41.3310239,2.1373284
5103431069,Carrer A - Carrer número 4,109,41.3291944,2.1361883
5100031259,Carrer A - Comissaria Portuària,109,41.3380091,2.1421613
5103431071,Carrer A - Comissaria Portuària,109,41.3375717,2.1412924
5103431067,Carrer D - Carrer número 4,109,41.3301304,2.1287697
5103431066,Carrer D - Carrer número 5,109,41.3271205,2.126927
5103431065,Carrer D - Carrer número 6,109,41.3249347,2.1255575
5099446677,Carrer número 4 - Carrer C,109,41.3296753,2.13235
5099446678,Carrer número 4 - Carrer D,109,41.3310723,2.1283231
5099446679,Carrer número 4 - Carrer E,109,41.3321319,2.1253354
5099446680,Carrer número 4 - Carrer F,109,41.332998,2.122875
5099446681,Carrer número 4 - Mercabarna,109,41.3343542,2.1190148
5103431068,Carrer número 4-Carrer B,109,41.3295819,2.1333525
5103433204,Carrer número 6 - Carrer F,109,41.3249816,2.1181701
5099446676,Cotxeres TB Zona Franca,109,41.3298451,2.1371322
5297458158,Estació TIR - Ronda Litoral,109,41.3469396,2.1487408
3459957419,Gran Via - Farell,109,41.3721557,2.1451664
3459957420,Gran Via - Ildefons Cerdà,109,41.3658538,2.1366085
3460264081,Gran Via - Mandoni,109,41.3695033,2.1419537
3459957423,Gran Via - Moianès,109,41.3702462,2.1426091
3460264083,Gran Via - Química,109,41.3652082,2.1363803
3460264085,Gran Via - Santa Dorotea,109,41.3716481,2.1448371
5568566009,Gran Via Corts Catalanes,109,41.3742875,2.1485066
5568523466,La Campana,109,41.3683333,2.1400638
5568523467,La Campana,109,41.3679026,2.1398343
3477235366,Mallorca - Comte d'Urgell,109,41.3868574,2.1531882
3477235377,Mallorca - Viladomat,109,41.3845163,2.1500815
4362330990,Mercabarna,109,41.3311389,2.1155557
5099446682,Mercabarna - Mercat del Peix,109,41.3339686,2.1172479
4040253769,Passeig Zona Franca - Foc,109,41.3568533,2.1412237
4040253767,Pg Zona Franca - Cisell,109,41.3547572,2.1431905
8252087575,Pg Zona Franca - Cisell,109,41.3548019,2.1427102
4040253768,Pg Zona Franca - Ctra del Prat,109,41.3621044,2.1374337
8180054878,Pg Zona Franca - Foc,109,41.3568669,2.1416277
4040253770,Pg Zona Franca - Foneria,109,41.3595695,2.1396382
4040253771,Pg Zona Franca - Foneria,109,41.3600405,2.1389428
4040253772,Pg Zona Franca - Mineria,109,41.3622983,2.1376453
5103073165,Pg Zona Franca - Motors,109,41.351625,2.1449957
5100031256,Pg. Zona Franca - Motors,109,41.3517702,2.1453053
5568565865,Pl Espanya - FGC,109,41.373834,2.1471912
5333969095,Provença - Villarroel,109,41.3884569,2.153041
12106306192,Tarragona - Mallorca,109,41.3797714,2.1433364
5099400282,Tarragona - Parc de Joan Miró,109,41.3767135,2.1474041
10836696131,Tarragona - Pl. Espanya,109,41.3759834,2.1487333
5297458159,Transports Metropolitans de Barcelona,109,41.3467506,2.1423295
3477235385,València - Comte d'Urgell,109,41.3860311,2.1545546
3477235388,València - Entença,109,41.381042,2.1479454
3477282398,València - Viladomat,109,41.3835399,2.1512612
2203423151,Metro Tarragona,109;115;L94;CJ;N0,41.3783741,2.145198
2203423142,Metro Tarragona,109;D40;V7;L94;CJ,41.3784727,2.1452694
5241792495,Arbeca - Lima,11,41.4392825,2.2080415
5241792492,Ciutat d'Asunción - Sant Adrià,11,41.4365026,2.201021
5288764596,Dublín - Meridiana,11,41.4285851,2.1852093
5241792496,Lima - Sas,11,41.4392052,2.2048207
5262619108,Parc de La Maquinista,11,41.4357511,2.1946104
5241792490,Parc de la Maquinista,11,41.4367408,2.1961179
5288764594,Pare Manyanet - Sant Sebastià,11,41.4277163,2.1913707
5262619109,Pare Manyanet - Virgili,11,41.4281497,2.194609
5288764599,Pg Andreu Nin - Parc Esportiu Can Dragó,11,41.4342205,2.1814569
5288764600,Pg Andreu Nin - Rosselló i Porcel,11,41.4365438,2.1822288
5173170422,Pg. Santa Coloma - Pl. de la Modernitat,11,41.4462146,2.1935497
5173170421,Pg. Santa Coloma - Tiana,11,41.4483393,2.1995242
5204711493,Pg. Sta. Coloma - Baró de Viver,11,41.4485791,2.1997601
5241792491,Pg. de l'Havana - Ciutat d'Asución,11,41.4387032,2.1993666
5288764595,Rovira i Virgili - Parc de la Pegaso,11,41.4278805,2.1893424
8176627115,Rovira i Virgili - Parc de la Pegaso,11,41.4279079,2.1893047
5241792497,Sao Paulo - Ciutat d'Asunción,11,41.4389034,2.1976222
5173170429,Segre - Borriana,11,41.4309351,2.1948194
5173170428,Segre - Parellada,11,41.433413,2.1927191
5248867265,Via Favència - IES Guineueta,11,41.4434504,2.1722565
5103431067,Carrer D - Carrer número 4,110,41.3301304,2.1287697
5103431065,Carrer D - Carrer número 6,110,41.3249347,2.1255575
5099446676,Cotxeres TB Zona Franca,110,41.3298451,2.1371322
5294111005,Metro Parc Logístic,110,41.3414338,2.1276268
5316604309,Accés Escola Judicial,111,41.416699,2.1125792
2408246680,Camí Santa Creu d'Olorda,111,41.409024,2.1016933
5252751498,Camí Vell,111,41.4089503,2.1017233
5316604319,Camí de Vallvidrera - Camí de Cal Totxo,111,41.420328,2.1190078
5316604318,Colònia Tibidabo,111,41.4208633,2.1193905
5316604312,Cruïlla de Carreteras,111,41.4182649,2.1165386
5316604310,Ctra de Vallvidrera - Accés Escola Judicial,111,41.4165774,2.1120529
5316604304,Ctra de Vallvidrera - Camí de l'Observatori,111,41.4197297,2.1196691
5316604311,Ctra de Vallvidrera - Cruïlla de Carreteres,111,41.4178404,2.116713
5316604316,Ctra de Vallvidrera - El Castanyer,111,41.4253987,2.1213312
2481725905,Ctra de Vallvidrera - St Cugat,111,41.4257526,2.1198051
5316604317,Ctra de Vallvidrera al Tibidabo,111,41.424542,2.1192055
5316604314,Font del Mont - Parc de la Budellera,111,41.4158621,2.1101749
3884037272,Funicular de Vallvidrera,111,41.4142339,2.1058105
3884037273,Funicular de Vallvidrera - Pl Pep Ventura,111,41.4145393,2.1052886
5316604315,Mentora Alsina,111,41.4217613,2.1210362
5316604306,Mont d'Orsà,111,41.4112957,2.1031546
5316604307,Mont d'Orsà - Pl Vallvidrera,111,41.4129329,2.1041994
5316604305,Mont d'Orsà - Romanimar,111,41.4113058,2.1030295
5316604308,Parc de la Budellera,111,41.4158055,2.1099811
2573540078,Pl Tibidabo,111,41.4216102,2.11887
5206888197,Pl. de Vallvidrera - Alberes,111,41.4129773,2.1046323
5316604313,Torre de Collserola,111,41.4189041,2.116751
5357190557,Av Elies Pagès,112,41.4283775,2.1328482
5357231393,Av Elies Pagès - Natzaret,112,41.4274716,2.1347876
5357190558,Av Elies Pagès - Pl Madrona Prat,112,41.4275371,2.1347952
1933498389,Av Jordà - Judea,112,41.4252427,2.1404117
6121899150,Av Martí Codolar - Coll i Alentorn,112,41.424694,2.1478132
5317126614,CAP d'Horta,112,41.4291311,2.157585
5293063250,Centre Cívic Casa Groga,112,41.4270741,2.1369061
5357231391,Coll i Alentorn - Av Martí i Codolar,112,41.4245642,2.147918
5357190553,Costa Pacheco - Av Elies Pagès,112,41.4283661,2.132595
5357190555,Costa Pacheco - Font del Roure,112,41.4283985,2.1296213
5357190554,Costa Pacheco 21,112,41.428041,2.1312837
5357190556,Costa Pacheco 26,112,41.4281124,2.131232
5357190559,Cànoves - Natzaret,112,41.4267555,2.1349336
5357190560,Cànoves - Penitents,112,41.4271349,2.1338962
5357190562,Cànoves - Sant Genís,112,41.4277627,2.1299186
5357190564,Cànoves - Viver,112,41.4293123,2.1286403
5357190563,Cànoves 105,112,41.4280019,2.1287372
5357190561,Cànoves 49,112,41.4274949,2.1320571
5293063249,Escola Oficial d'Idiomes Vall d'Hebron,112,41.4266169,2.1385481
5278524183,Granja Vella - Av Martí i Codolar,112,41.426891,2.1481885
5342989258,Granja Vella - Basses d'Horta,112,41.4271228,2.1449549
5357231392,Granja Vella - Pg Vall d'Hebron,112,41.4271633,2.1439895
5339810353,Hospital Vall d'Hebron,112,41.4269357,2.1430121
1933607909,Judea - Av Jordà,112,41.4250689,2.140797
5357190573,Lisboa - Alarcón,112,41.427586,2.1538264
5357190574,Lisboa - Av Estatut de Catalunya,112,41.4292394,2.1574892
8315450690,Lisboa - Santa Joana d'Arc,112,41.4292395,2.1579752
1374538562,Lisboa - Serrallonga,112,41.427446,2.1538886
1933498386,Mercat Vall d'Hebron,112,41.4252248,2.1429105
5293063254,Natzaret - Av Jordà,112,41.4276075,2.1369942
5357190569,Natzaret - Cànoves,112,41.4269927,2.1354637
5357190570,Natzaret - Lledoner,112,41.425874,2.1362747
5357190567,Olvan,112,41.4296963,2.1330907
5357231390,Pantà de Tremp - Pl de la Clota,112,41.4257283,2.1500737
5357190572,Plàtans - Pl de la Clota,112,41.4262828,2.1505155
5357190568,Saldes,112,41.4288977,2.1345612
11801464809,Saldes - Baldomer Girona,112,41.4284727,2.1366903
5357190571,Sinaí,112,41.4248443,2.1383619
5357190566,Viver - Av Elies Pagès,112,41.4290588,2.1320016
5357190565,Viver - Cànoves,112,41.4286348,2.1308565
5335283991,Abadessa Olzet - Montevideo,113,41.3948659,2.1087428
772095989,Av Doctor Marañón - Av de Xile,113,41.381445,2.1143313
9293679785,Av Joan XXIII - Maternitat,113,41.3825696,2.1222528
1787081055,Av Joan XXIII - Pl Pius XII,113,41.3855769,2.1226287
5335313616,Av Pearson - Ptge Ametllers,113,41.3932154,2.1043485
2467767474,Av d'Esplugues - Eduard Toldrà,113,41.3879311,2.1065757
5310519613,Diagonal - Complex Esportiu Universitari,113,41.3840878,2.1117323
5335313612,Eduard Toldrà - Ardena,113,41.3885385,2.105889
5215084448,González Tablas - Sor Eulàlia d'Anzizu,113,41.3855688,2.1092116
5241258741,Gran Capità - Av de l'Exèrcit,113,41.3870091,2.1115687
5335313615,Joan d'Alòs - Av Pearson,113,41.3914513,2.1038218
5335283992,Joan d'Alòs - Miret i Sans,113,41.3932606,2.1090581
1460386411,Mini Estadi - Palau Blaugrana,113,41.380786,2.1191947
5335283993,Miret i Sans - Av d'Esplugues,113,41.3915739,2.1108869
1564503283,Palau Reial,113,41.3856111,2.1161582
5335283990,Panamà - Abadessa Olzet,113,41.3955096,2.1072021
5335313613,Pl Coll de Finestrelles,113,41.3890303,2.1042439
1375749531,Pl. Pius XII - Av. Pedralbes,113,41.3878012,2.1225472
4964046062,Sor Eulàlia d'Anzizu - Dulcet,113,41.3898776,2.1123683
4964046061,Sor Eulàlia d'Anzizu - Gran Capità,113,41.3880966,2.1099654
5335313614,Torrent de les Roses - Mare de Déu de la Merçé,113,41.3892198,2.1035604
588011465,Zona Universitària - Facultat d'Economia i Empresa,113,41.3848616,2.1113129
3005520744,Av Can Baró - Bismarck,114,41.4152108,2.1611483
3005520749,Av Mare de Déu de Montserrat - Praga,114,41.4141769,2.1623285
5337092762,Baró St lluís - Polònia,114,41.4155824,2.1643093
5337128006,Bretón de los Herreros - Aulèstia i Pijoan,114,41.4023773,2.1517862
3010499608,Budapest - Gènova,114,41.4183246,2.1681101
5312229220,Camèlies - Abd el Kader,114,41.4138293,2.1643122
5337128010,Encarnació - Escorial,114,41.4075512,2.1618369
5337128009,Encarnació - Torrent de les Flors,114,41.4062273,2.1597168
5122202124,Escorial - Legalitat,114,41.4079443,2.1608097
4781966893,Escorial - Pl. Joanic,114,41.4061094,2.1625348
3010499610,Francesc Alegre,114,41.4163215,2.1663529
5337092764,Francesc Alegre - Av Mare de Déu de Montserrat,114,41.4157943,2.1670425
3010499611,Francesc Alegre - Budapest,114,41.4165587,2.1663221
5337128011,França - Polònia,114,41.4152503,2.1635596
1368519188,Gran de Gràcia - Metro Fontana,114,41.4018041,2.1532808
3010499614,Jaume Puigvert - Josep Serrano,114,41.4167147,2.1612131
3005520748,Jaume Puigvert - José Millán González,114,41.4160736,2.1600485
3010499604,Josep Serrano - Baró Sant Lluís,114,41.4172786,2.1626977
4130615067,Pg de Sant Joan - Trav de Gràcia,114,41.4039632,2.1631728
13532135272,Pg. de Sant Joan - Sant Antoni Maria Claret,114,41.4032974,2.1648059
2578675579,Pi i Margall - Pau Alsina,114,41.4095975,2.1640027
5312230022,Pi i Margall - Sardenya,114,41.4092305,2.1640275
3005856820,Pl Can Baró,114,41.4162068,2.1621829
3010499606,Pl de la Font Castellana - Tenerife,114,41.4152264,2.1663749
5337128008,Pl de la Virreina,114,41.4046014,2.1571478
5312230021,Praga - Rda Guinardó,114,41.4123153,2.1642928
6106777206,Ronda Guinardó - Pi i Margall,114,41.4117898,2.1638755
5098357535,Ronda Guinardó - Sardenya,114,41.4121481,2.1627795
1368519103,Ros de Olano - Gran de Gràcia,114,41.4009379,2.1544787
1368519069,Ros de Olano - Torrent de l'Olla,114,41.4021727,2.1566675
5113329960,Sardenya - Camèlies,114,41.4131348,2.1615565
3010499605,Telègraf - Doctor Cadevall,114,41.4186066,2.1690618
3010499603,Torre Dulac - Tenerife,114,41.416462,2.1634833
5337128007,Torrent de l'Olla - Astùries,114,41.4032409,2.1558825
5337051063,Trav de Gràcia - Mariana Pineda,114,41.4007038,2.1568528
2604969087,Trav de Gràcia - Pl Gal·la Placídia,114,41.3986933,2.1537126
2203423147,Av Roma - Tarragona,115,41.3805169,2.1437368
7757144477,Consell de Cent - Rector Triadó,115,41.3765643,2.1457027
5322369566,Constitució - Badal,115,41.3692552,2.1334951
5322369567,Constitució - Jocs Florals,115,41.3698565,2.1365181
5322369565,Constitució - Riera de Tena,115,41.3695323,2.1345656
7757144474,Enric Bargés - Numància,115,41.3815674,2.1402214
5322369568,Magòria,115,41.369655,2.1416996
5245975785,Moianès - Cuyàs,115,41.3709715,2.1422996
5245975786,Moianès - Vilardell,115,41.3743757,2.1425074
5245930164,Mossèn Amadeu Oller - Gran Via,115,41.368203,2.1390133
2198032016,Numància - Av Roma,115,41.3812068,2.1413469
5245930163,Olzinelles - Constitució,115,41.3702039,2.1377597
5245930162,Olzinelles - Noguera Pallaresa,115,41.3718768,2.137067
5245930161,"Olzinelles, 13",115,41.3741793,2.1364052
12106325522,Pg Sant Antoni - Parc de l'Espanya Industrial,115,41.378295,2.1407621
5245930160,Pl. Sants,115,41.375689,2.1361485
4370109494,Rambla de Badal - Constitució,115,41.3682434,2.1329737
12106306192,Tarragona - Mallorca,115,41.3797714,2.1433364
5270177789,Albigesos - Verdi,116,41.4105197,2.1505873
5270204574,Arnold Schönberg - Av del Coll del Portell,116,41.4129238,2.1492861
2578715813,Av Mare de Déu de Montserrat - Sanllehy,116,41.4132018,2.1607161
5330220049,Av Pompeu Fabra - Ramiro de Maeztu,116,41.4145256,2.1584095
5270177784,Av del Coll del Portell - Sostres,116,41.4106366,2.1514882
5270177783,"Av del Coll del Portell, 74",116,41.4114634,2.1515107
5270177788,Avinguda del Coll del Portell - Rambla de Mercedes,116,41.4111999,2.1517913
8173979201,Camèlies - Pau Alsina,116,41.4114015,2.1598417
5122202123,Escorial - Clínica Notra Senyora del Remei,116,41.4098072,2.158995
5122202124,Escorial - Legalitat,116,41.4079443,2.1608097
5330220046,Escorial - Mare de Déu de la Salut,116,41.4116942,2.1571959
1357211268,Gran de Gràcia - Lesseps,116,41.4061662,2.1500472
2493147051,Larrard - Mare de Déu de la Salut,116,41.410982,2.1556268
2493146981,Mare de Déu de la Salut - Hospital de l'Esperança,116,41.4103341,2.1548665
5330220044,Marianao - Mercedes,116,41.4126474,2.1547742
5330220045,Pare Jacint Alegre - Sant Cugat del Valles,116,41.4120619,2.1555499
2493147023,Park Güell,116,41.4133947,2.1530491
5330220041,Pl Rovira | Trias,116,41.4075869,2.1587864
5330220048,Riera Can Toda - Antequera,116,41.4139078,2.1578205
5330220047,Riera Can Toda - Miquel | Badia,116,41.413078,2.1587618
5270177786,Sargelet - Maignon,116,41.4090037,2.1508138
5270177787,Sostres - Baixada de la Glòria,116,41.4122338,2.1497904
5330220042,Torrent de les Flors - Cardener,116,41.4097092,2.1567082
5330220040,Torrent de les Flors - Sant Lluís,116,41.406063,2.1603172
5098357538,Trav de Dalt - La Granja,116,41.4088797,2.153531
5249411006,Trav de Dalt - Verdi,116,41.4089129,2.1530419
5270177781,Valldoreix - Verdi,116,41.4100856,2.1515278
5270177782,Verdi - Valldoreix,116,41.4092886,2.1515561
5337405553,Aguilar - Alt de Pedrell,117,41.425509,2.1694469
5337405552,Aguilar - Montserrat de Casanovas,117,41.4231165,2.1698319
5337405554,Alt de Pedrell - Aguilar,117,41.4256629,2.1688245
8676656551,Amilcar,117,41.4213674,2.172986
4721516003,Av Mare de Déu de Montserrat - Periodistes,117,41.4216998,2.1741255
990002877,Dos de Maig - Indústria,117,41.4108238,2.1769296
990002874,Dos de Maig - St Antoni M Claret,117,41.4115859,2.1759617
4721520696,Garriga i Roca - Av Mare de Déu de Montserrat,117,41.419136,2.1717972
5337405570,Garriga i Roca - Camil Oliveras,117,41.4212462,2.1697524
5337405550,Garriga i Roca - Ercilla,117,41.4197688,2.170695
5337405551,Garriga i Roca - Sales Ferrer,117,41.4211786,2.1698287
4721520695,Grècia - Pl del Nen de la Rutlla,117,41.4191661,2.1714979
5261714904,Indústria - Freser,117,41.4151826,2.1817832
5100163744,Indústria - Independència,117,41.4126068,2.1784729
5337405558,Maurici Vilomara - Doctor Coll,117,41.4227977,2.1640425
5337405566,Maurici Vilomara - Montserrat de Casanovas,117,41.423228,2.1628606
5337405564,Maurici Vilomara - Penyal,117,41.4219846,2.164166
5337405565,Maurici Vilomara - direcció El Carmel,117,41.4229096,2.1637345
5337405569,Montserrat de Casanovas - Parc del Guinardó,117,41.4232512,2.1694774
5337405567,Montserrat de Casanovas - Ptge Font d'en Fargas,117,41.423713,2.1649537
5337405568,Montserrat de Casanovas - Ptge Pedrell,117,41.4240451,2.16787
5337405549,Oblit - Doctor Valls,117,41.420274,2.1789501
5337405548,Oblit - direcció Dos de Maig,117,41.4189627,2.1771172
5337306906,Oblit - direcció Font d'en Fargas,117,41.4193025,2.1775985
5337405555,Pedrell - Av Frederic Rahola,117,41.4241776,2.1685479
5337405556,Pedrell - Font d'en Fargas,117,41.4244192,2.1659353
5337405560,Penyal,117,41.4222648,2.1635981
5337405562,Penyal - Doctor Bové,117,41.421525,2.1635949
5337405561,Penyal - Font de la Mulassa,117,41.4217247,2.1636013
5337405563,Penyal - Pl Font d'en Fargas,117,41.4223045,2.1636334
5337405557,Pg Font d'en Fargas - Pintor Pradilla,117,41.4233486,2.1653306
5101082756,Pg Maragall - Santa Joaquima Vedruna,117,41.4212098,2.179928
4721548091,Pg. Maragall - Segle XX,117,41.4222079,2.1789692
5337405559,Pl de la Font d'en Fargas,117,41.4218979,2.1643072
4861472023,Ptge Garrofers - Varsòvia,117,41.4185901,2.1730681
4729303995,Rambla Volart - Flors de Maig,117,41.4176555,2.1743508
4721515998,Rambla Volart - Trobador,117,41.4161989,2.1785831
4726092896,Rambla de la Muntanya - Vinyals,117,41.4201206,2.1753122
5337405547,Renaixença - Vinya,117,41.4181231,2.1771807
5247963822,Ronda Guinardó - Torre dels Pardals,117,41.4221732,2.1773267
5254824869,Ronda Guinardó - Vinyals,117,41.4184736,2.1761384
4776361635,Sant Antoni Maria Claret - Independència,117,41.4132535,2.1769777
4771270129,Sant Antoni Maria Claret - Pg Maragall,117,41.416184,2.1808908
2490154028,Sant Antoni Maria Claret - Rambla Volart,117,41.4152978,2.1796922
4728093797,Villar - Pg Maragall,117,41.4163642,2.1801474
5337405546,Villar - Xiprer,117,41.4169939,2.1780201
5337306907,Xiprer - Vinya,117,41.4179268,2.1789699
5339482906,Camí Alt Mas Sauró - Camí del Ciureny,118,41.4178717,2.0964948
5339482907,Camí Alt Mas Sauró - Font Mossèn Cinto Verdaguer,118,41.4178519,2.0949643
5339482900,"Camí Alt de Mas Sauró, direcció Mas Guimbau",118,41.4164631,2.0964621
5339482905,Camí Alt del Mas Sauró,118,41.4165685,2.0964775
5339482873,"Camí Alt del Mas Sauró, direcció Vallvidrera",118,41.4165015,2.0965053
5339482897,"Camí Baix del Mas Sauró, direcció Mas Guimbau",118,41.4181197,2.0943939
5339482870,"Camí Baix del Mas Sauró, direcció Vallvidrera",118,41.4183828,2.0947349
5339482899,"Camí del Ciureny, direcció Mas Guimbau",118,41.4179074,2.0966202
5339482872,"Camí del Ciureny, direcció Vallvidrera",118,41.417918,2.0965736
5339482880,Camí del Mas Guimbau,118,41.4240673,2.0907773
5339482879,Camí del Mas Guimbau - Castellví,118,41.425567,2.0900603
5339482894,Camí del Mas Guimbau - Gatosa,118,41.4255192,2.0900928
5339482893,Camí del Mas Guimbau - Gespa,118,41.4241262,2.0906461
5339482904,Camí del Mas Sauró,118,41.4170743,2.0965207
5339482901,"Camí del Mas Sauró, direcció Mas Guimbau",118,41.4170632,2.0964354
5339482874,"Camí del Mas Sauró, direcció Vallvidrera",118,41.4170824,2.09643
5206888193,Camí del Pantá,118,41.4184803,2.0978754
5339482895,Camí dels Verns - Camí del Mas Guimbau,118,41.4261869,2.089761
5339482903,Can Sauró,118,41.4158943,2.0949753
5339482902,Can Sauró - direcció Mas Guimbau,118,41.4159564,2.0952108
5339482875,"Can Sauró, direcció Vallvidrera",118,41.4159972,2.0952293
5339482868,Ctra de l'Església,118,41.4179565,2.1073373
5206888196,Ctra de l'Església - Camí del Faig,118,41.4176695,2.1071236
5339482891,Escala de la Gatosa,118,41.4238329,2.0897729
8321791096,FGC Les Planes,118,41.427187,2.0915643
5339482898,"Font Mossèn Cinto Verdaguer, direcció Mas Guimbau",118,41.4178944,2.0951072
5339482871,"Font Mossèn Cinto Verdaguer, direcció Vallvidrera",118,41.4178951,2.0950745
5339482881,Gespa,118,41.4245616,2.0897231
5339482882,Gespa - Pg de la Vimetera,118,41.4238548,2.0898442
5339482892,Gespa - la Gatosa,118,41.4246108,2.0896021
8324158506,Mas Guimbau,118,41.4281325,2.0902876
2338184266,Mas Sauró,118,41.4156185,2.092961
2338184265,Mas Sauró - Camí del Pebràs,118,41.4156994,2.0927474
8321791095,Pg de Solé i Pla,118,41.4270836,2.0885679
5339482877,Pg de Solé i Pla - Pollancres,118,41.4271819,2.0887754
5339482890,Pg de la Vimetera,118,41.4235784,2.0892704
5339482883,Pg de la Vimetera - Escala de la Gatosa,118,41.4235395,2.0893049
5339482889,Pg de la Vimetera - Pg del Pi Forcat,118,41.4232327,2.087426
5339482887,Pg del Grèvol,118,41.4217426,2.0866262
5339482886,Pg del Grèvol - Camí de Can Castellví,118,41.4200603,2.0848013
5339482885,Pg del Grèvol - Pg del Pi Forcat,118,41.4217462,2.0869631
5339482884,Pg del Pi Forcat - Pg d'Anna Rúbies,118,41.4226397,2.0873727
5339482888,Pg del Pi Forcat - Pg del Grèvol,118,41.4225464,2.0872497
5206888191,Pl de Vallvidrera,118,41.4130463,2.1044122
5339482878,Santuari de la Salut,118,41.4261299,2.0898477
5339482908,Torrent del Rovelló - Camí Baix del Mas Sauró,118,41.4181566,2.0943311
5206888194,Torrent del Rovelló - Camí del Pantá,118,41.4194467,2.0969499
5339482876,Torrent del Rovelló - Camí fredolic,118,41.4194333,2.0969271
5339482896,"Torrent del Rovelló, direcció Mas Guimbau",118,41.419174,2.0967412
5339482869,"Torrent del Rovelló, direcció Vallvidrera",118,41.4191851,2.0967697
5339810348,Av Vallcarca - Capellades,119,41.4190751,2.1409403
5339810361,Calderón de la Barca - Alcalde de Zalamea,119,41.4206488,2.1568149
5339810362,Calderón de la Barca - Ctra del Carmel,119,41.4189799,2.1573198
5339810356,Camí dels Àngels,119,41.4216534,2.1491045
5339810354,Castellbisbal - Sta Rosalia,119,41.4213773,2.1443649
5339810343,Conca de Tremp - Agudells,119,41.4223244,2.1565097
5339810341,Conca de Tremp - Queixans,119,41.4200754,2.1574885
982813057,Ctra Sant Cugat - Gutenberg,119,41.4185528,2.1385712
983299125,Ctra Sant Cugat - Navata,119,41.4206429,2.1384663
5339810349,Ctra Sant Cugat - Samària,119,41.4219568,2.1383437
5298009067,Ctra del Carmel - Gran Vista,119,41.418324,2.157272
1374539432,Fastenrath - Arenys,119,41.421857,2.1429156
5339810359,Fastenrath - L'Hortal,119,41.421883,2.1527249
5339810358,Fastenrath - Llobregós,119,41.4216401,2.1516028
5293063248,General Mendoza - Santa Rosalia,119,41.4214825,2.1417429
5088955955,Gran Vista,119,41.4200872,2.160191
4579765567,Gran Vista - Doctor Bové,119,41.4189802,2.157977
5088955954,Gran Vista - Doctor Bové,119,41.4191622,2.1582297
5317127328,Gran Vista - IES Ferran Tallada,119,41.4208169,2.1616808
5088955957,Gran Vista - Pl de la Mitja Lluna,119,41.4201341,2.164982
5107294195,Gran Vista - Turó de la Rovira,119,41.4202038,2.1641004
5339810353,Hospital Vall d'Hebron,119,41.4269357,2.1430121
5107294196,IES Ferran Tallada,119,41.4206837,2.1617953
5339810352,Jericó - Pg Vall d'Hebron,119,41.4207851,2.1395093
5339810351,Jericó - Romeu,119,41.4220483,2.1391862
5339810347,La Murtra - Sta Albina,119,41.4241333,2.1507181
5339810357,Mare de Déu del Coll - Lorda,119,41.4209455,2.1495091
5339810339,Marià Lavèrnia,119,41.4195194,2.1637248
1933498386,Mercat Vall d'Hebron,119,41.4252248,2.1429105
5339810344,Mercat del Carmel,119,41.4236286,2.1553059
980323429,Metro Penitents,119,41.4174977,2.1404795
5339810363,Panorama - Labèrnia,119,41.4191017,2.1653452
5339810340,Panorama - Marià Lavèrnia,119,41.4191703,2.1650223
5339810355,Parc de la Creueta del Coll,119,41.4213028,2.1462519
977690544,Pg Vall d'Hebron - Anna Piferrer,119,41.4178384,2.1391566
5241837961,Pg Vall d'Hebron - Av Jordà,119,41.4242317,2.141667
5241303235,Pg. Vall d'Hebron - Patronat Ribes,119,41.4223323,2.1412891
5293063246,Santa Rosalia - Besòs,119,41.4216642,2.1465886
5293063247,Santa Rosalia - Castellbisbal,119,41.4207258,2.1436168
5293063245,Santa Rosalia - Sant Dalmir,119,41.4231797,2.1488004
5339810360,Segimon - L'Alguer,119,41.4210481,2.1549695
5339810346,Sigüenza - La Murtra,119,41.4233016,2.1526718
5339810345,Sigüenza - Ramon Bocafull,119,41.424143,2.154162
5107294197,Turó de la Rovira,119,41.4196892,2.1595815
5339810350,Vall Park,119,41.4247741,2.1352627
5339810342,Conca de Tremp - Arbós,119;86,41.4212998,2.15731
5340650960,Av Drassanes - Arc del Teatre,120,41.3766504,2.1729743
2474393455,Av Drassanes - Nou de la Rambla,120,41.3768312,2.1729674
5340650959,Av Drassanes - Pl Portal de la Pau,120,41.3759983,2.176228
5291459845,Calàbria - Av Mistral,120,41.3772352,2.1583981
4508560142,Floridablanca - Comte d'Urgell,120,41.3806107,2.1614247
4040253757,Floridablanca - Viladomat,120,41.3781496,2.158171
5340650958,Francesc Cambó - Freixures,120,41.3861389,2.1775828
12961589051,Gombau - Jaume Giralt,120,41.3872304,2.179387
8328305440,Manso - Calàbria,120,41.3766398,2.1604639
2474375772,Metro Drassanes,120,41.3764222,2.1748709
2491599551,Moll de la Fusta,120,41.3791186,2.1804039
5024702034,Moll de la Fusta,120,41.3788238,2.1802722
5340664493,Montalegre - Valdonzella,120,41.3840365,2.1668157
2491599579,Pg Colom - Via Laietana,120,41.380877,2.1819258
2563616373,Pg Colom - Via Laietana,120,41.3808369,2.1817734
5340650950,Pl Joan Amades,120,41.3814519,2.168816
5340650954,Pl Pons Clerch,120,41.3864765,2.1818515
5340650949,Pl dels Àngels,120,41.3827227,2.167853
5024706199,Pla de Palau,120,41.3820931,2.1840999
11007874587,Placeta del Comerç,120,41.3896765,2.1809682
2563549370,Portal de la Pau,120,41.3767122,2.1784411
2574786589,Portal de la Pau,120,41.3766861,2.1785342
824476578,Rambla del Raval - Aurora,120,41.3793873,2.1681349
824476567,Rambla del Raval - Hospital,120,41.3794766,2.1687907
824476572,Rambla del Raval - Sant Josep Oriol,120,41.3781865,2.1703062
824476554,Rambla del Raval - Sant Pau,120,41.3776189,2.1702688
5340650961,Riera Alta - Erasme de Janer,120,41.3804691,2.1664346
5340650962,Riera Alta - Nou de Dulce,120,41.3803421,2.1637324
12351408135,Ronda Sant Antoni - Comte d'Urgell,120,41.3793791,2.1630678
2487149448,Sepúlveda - Muntaner,120,41.3834222,2.1626865
12988396198,Valldonzella - Joaquim Costa,120,41.3832678,2.1648361
5157327023,Via Laietana - Correus,120,41.3831381,2.1797222
5160551775,Via Laietana - Manresa,120,41.3828563,2.1803179
12961526019,Via Laietana - Pl. Ramon Berenguer,120,41.3850624,2.1773978
5247509966,Villarroel - Sepúlveda,120,41.3815019,2.161613
5341468360,CAP Les Hortes,121,41.3717408,2.1667238
12663067443,"Creu dels Molers, 78",121,41.371648,2.1609106
5341468361,Elkano - Poeta Cabanyes,121,41.3725822,2.1648692
5312277338,França Xica - Concòrdia,121,41.3721769,2.1592656
5312277339,França Xica - Grases,121,41.3720842,2.1562811
5331101446,Manso - Rocafort,121,41.3757446,2.159254
5341468363,Mare de Déu del Remei - Grases,121,41.373011,2.1569065
5341468365,Mercat de Sant Antoni,121,41.3772972,2.1613501
5341480452,Piquer - Cabanes,121,41.3728687,2.1704863
5122142536,Pl. Josep Maria Folch,121,41.3765825,2.1659918
13448676581,"Puigxuriguer, 42",121,41.3727788,2.173051
5341468364,Ricart - Paral·lel,121,41.3743159,2.1582549
2567449878,Aneto - Montmajor,122,41.432832,2.1702579
4721516006,Av dels Quinze - Passeig Maragall,122,41.4264216,2.1758543
5343203470,Beret - Teide,122,41.4321256,2.1676226
5343203471,Cadí - Pg de la Peira,122,41.4317162,2.1691339
5343203474,Cartellà - Amílcar,122,41.4277006,2.1726014
5343203475,Cartellà - Pl d'Àlvaro Cunqueiro,122,41.4287027,2.168521
5254788635,Escòcia,122,41.4286178,2.1794363
5343203485,Espinagua - Darnius,122,41.4351365,2.1664247
5254788633,Fabra i Puig - Arnau d'Oms,122,41.4303351,2.1767252
5254788573,Fabra i Puig - Meridiana,122,41.4302622,2.1819818
5282814503,Fabra i Puig - Petrarca,122,41.4304812,2.1680626
2447034093,Fabra i Puig - Pg Urrutia,122,41.4367269,2.1646309
5282814501,Fabra i Puig - Pg Urrutia,122,41.4369619,2.1646002
5282814504,Mercat Mare de Déu de la Mercè,122,41.4303896,2.1727928
5113279478,Metro Canyelles,122,41.441972,2.1668176
5343203486,Montagut - Vila-seca,122,41.4340785,2.1682857
5343203477,Montmajor - Pg de la Peira,122,41.4322921,2.1704951
5343203478,Montsant Cadí,122,41.4334588,2.170244
5343203480,Nil - Dr Pi i Molist,122,41.4341772,2.1717423
5343203483,Pg d'Urrutia - Cistellet,122,41.4358652,2.1656829
5343203481,Pg d'Urrutia - Dr Pi i Molist,122,41.4347295,2.170923
5343203482,Pg d'Urrutia - Rocabruna,122,41.4353562,2.1676041
1634950895,Pg. Valldaura - Fabra i Puig,122,41.4392069,2.1657339
1634948396,Pg. Valldaura - Guineueta,122,41.4394196,2.1656769
5343203484,Pl Karl Marx - Via Favència,122,41.4402617,2.1639516
5113279477,Pl. Karl Marx,122,41.4393883,2.1624644
5100179128,Ramon Albó - Alexandre Galí,122,41.4266354,2.1773447
5343203479,Sant Iscle - Travau,122,41.4342069,2.170358
5343203476,Teide - Fabra i Puig,122,41.430168,2.1691586
5343203472,Vall d'Ordesa - Canfranc,122,41.4310356,2.1667079
5343203473,Vall d'Ordesa - Institut Josep Pla,122,41.4316134,2.1642473
3648043116,Via Favència - Barri Canyelles,122,41.4429835,2.1696068
8364608160,Via Favència - Pl Karl Marx,122,41.4407372,2.1634488
5317105317,Via Favència - Rambla Caçador,122,41.44149,2.1671035
2484304272,Av Tibidabo - Ronda de Dalt,123,41.4142625,2.1341644
5107269812,Av. República Argentina - Pl. Alfonso Comín,123,41.4133907,2.1386019
5373690755,Balsareny - Vista Bella,123,41.4116076,2.1292909
5373682892,Bellesguard - Immaculada,123,41.4083241,2.128076
5373682891,Bellesguard - Valeta d'Arquer,123,41.4092005,2.1263187
5351138235,CAP Vallcarca,123,41.4155008,2.1422194
5373666691,Cister - Melilla,123,41.4112514,2.1329495
1368508880,Craywinckel - Hurtado,123,41.4118048,2.1389927
5373682895,Esperança - Marquesa de Vilallonga,123,41.4039632,2.1264552
5373682896,Esperança - Vilana,123,41.4050577,2.1285795
5373666689,Esteve Terradas - Josep Jover,123,41.4138744,2.1405333
5351138234,Hospital HM Delfos,123,41.4133766,2.1428758
5373682894,Iradier - Planella,123,41.4054146,2.1245257
5317105320,Isaac Newton - Lleó XIII,123,41.414886,2.1358178
5373690753,Jesús Maria - Pg Sant Gervasi,123,41.4097298,2.13284
5373690754,Jesús Maria - Quatre Camins,123,41.4104873,2.1316826
980323398,Metro Penitents,123,41.4173646,2.1408265
5373666688,Parc Sanitari Pere Virgili,123,41.4150806,2.139834
5160634298,Pg Bonanova - Ganduxer,123,41.4052958,2.1310048
5373690752,Pg Sant Gervasi - Folgueroles,123,41.4093749,2.1351572
5373666692,Pg Sant Gervasi - Jardins de la Tamarita,123,41.4103069,2.1365549
977690544,Pg Vall d'Hebron - Anna Piferrer,123,41.4178384,2.1391566
5241858271,Pg. Sant Gervasi - Pl. Bonanova,123,41.4072085,2.1339798
4474980174,Pg. Sant Gervasi - Pl. Kennedy,123,41.410059,2.1358085
1368508902,Pl Alfonso Comín - Av República Argentina,123,41.4144875,2.138261
5241303237,Pl Alfonso Comín - Pg Vall d'Hebron,123,41.4162903,2.1383193
2408261963,Pl. Alfonso Comín - Isaac Newton,123,41.4147158,2.1366121
5373682893,Planella - Marquesa de Vilallonga,123,41.4068285,2.1263688
5373666690,Quatre Camins - Teodor Roviralta,123,41.4122216,2.1332857
625904198,Ronda de Dalt - Bellesguard,123,41.4104745,2.126498
13588435148,Vista Bella - Infanta Isabel,123,41.4101784,2.1298212
609693930,Anna Piferrer - Av Vallcarca,124,41.417414,2.1406913
5107269812,Av. República Argentina - Pl. Alfonso Comín,124,41.4133907,2.1386019
5351138235,CAP Vallcarca,124,41.4155008,2.1422194
5376600020,Carles Pirozzini - Collserola,124,41.4166042,2.1346495
5376600429,Collserola - August Font,124,41.4182436,2.1308189
5376600422,Collserola - Carlos Pirozzini,124,41.4172521,2.134982
5376600423,Collserola - Josep Garí,124,41.4162227,2.1361431
5376600428,Collserola - Salvador Alarma,124,41.4185343,2.1321231
1368508880,Craywinckel - Hurtado,124,41.4118048,2.1389927
5376600018,Enginyeria - Collserola,124,41.4179037,2.1313147
5376600019,Enginyeria - Marquès de Lamadrid,124,41.4176752,2.1328889
5376600421,Enric Clarassó - Collserola,124,41.4182744,2.1339739
5373666689,Esteve Terradas - Josep Jover,124,41.4138744,2.1405333
5376600426,Josep M Jujol - August Font,124,41.4197051,2.1336236
1532928519,Josep M Jujol - Vallpar,124,41.4209994,2.134077
5373666688,Parc Sanitari Pere Virgili,124,41.4150806,2.139834
977690544,Pg Vall d'Hebron - Anna Piferrer,124,41.4178384,2.1391566
2484343628,Pg. Sant Gervasi - Mas Yebra,124,41.4120938,2.138207
1368508902,Pl Alfonso Comín - Av República Argentina,124,41.4144875,2.138261
5241303237,Pl Alfonso Comín - Pg Vall d'Hebron,124,41.4162903,2.1383193
2408261963,Pl. Alfonso Comín - Isaac Newton,124,41.4147158,2.1366121
5376600427,Salvador Alarma - August Font,124,41.419037,2.1340148
5376600424,Ticià - Palma de St Genís,124,41.4175921,2.137653
5376600425,Ticià - Penitents,124,41.4183745,2.1365901
1532928507,Vallpar - Josep M. Jujol,124,41.420202,2.1348646
1532928486,Vallpar - Navata,124,41.4191741,2.1358433
5343332483,Alts Forns - Mare de Déu de Port,125,41.3598253,2.1424154
5343332473,Alumini - Alts Forns,125,41.356091,2.1351755
5320341196,Av Estadi - INEFC,125,41.3655042,2.1474202
5320341198,Av de l'Estadi - Estadi Olímpic,125,41.3660315,2.154586
5248076894,Can Clos,125,41.360746,2.147302
5245906506,Cisell - Mare de Déu de Port,125,41.3549385,2.1454373
5322223723,Ctra del Prat - Energia,125,41.360667,2.1342885
2560389400,Estadi Olímpic,125,41.3653259,2.1574095
2568899840,Ferrocarrils Catalans - Aviador Duran,125,41.3613257,2.1413212
5343332474,Foc - Metal·lúrgia,125,41.353281,2.1344205
5291753437,Foc - Sot del Migdia,125,41.3599287,2.1501707
5343332472,Foneria - Energia,125,41.3594794,2.1362177
5245975782,Mare de Déu de Port - Foneria,125,41.3606316,2.1403129
5245975783,Mare de Déu de Port - Mineria,125,41.364016,2.1391825
5343332480,Mare de Déu del Port - Cisell,125,41.356341,2.1446084
5343332484,Mare de Déu del Port - Pl Teresa Claramunt,125,41.3622798,2.1395347
5343332481,Mare de Déu del Port - Sant Eloi,125,41.3574455,2.143765
5343332471,Mineria - Mare de Déu de Port,125,41.3648823,2.1382965
2565480072,Palau Sant Jordi,125,41.3615717,2.1529343
5291753436,Pedrera del Mussol - Marbre,125,41.3613542,2.1478618
4040253772,Pg Zona Franca - Mineria,125,41.3622983,2.1376453
5320341197,Piscines Picornell - Museu Nacional,125,41.3664822,2.1512936
5252751499,Pl del Nou - Estany,125,41.3534386,2.1415615
5343332478,Plom - Ferro,125,41.3526255,2.1391346
8339262175,Plom. 5-7,125,41.3516964,2.1356871
2568899846,Segura - Foneria,125,41.3629007,2.1418339
5291786921,Segura - Fortuna,125,41.3652888,2.1416889
5291786922,Segura - Guadalquivir,125,41.3638597,2.140613
5343332482,Segura - Jocs del 92,125,41.363199,2.14547
5291786120,Segura - Polvorí,125,41.3643318,2.1433886
5104154879,Bartrina - Pont del Dragó,126,41.4396074,2.1861709
5173170431,Berenguer de Palou - Pare Manyanet,126,41.4269838,2.1916761
8610529228,Berenguer de Palou - Pont del Treball,126,41.4236945,2.1918059
5104154881,CAP Sant Andreu,126,41.4332556,2.1836022
2905567865,Ctra de Ribes - Meridiana,126,41.4495028,2.1897533
5317106097,Ctra de Ribes - Ronda de Dalt,126,41.4461052,2.1890493
5287944520,Fabra i Puig - Gran de Sant Andreu,126,41.4301951,2.1892074
5287944519,Fabra i Puig - Llenguadoc,126,41.4302591,2.185454
5282814507,Felip II - Meridiana,126,41.4210594,2.186132
5282814508,Felip II - Palència,126,41.4184166,2.1895812
5262635831,Garcilaso - La Sagrera,126,41.4226563,2.1891706
5204783226,Gran de Sant Andreu - Fabra i Puig,126,41.4292583,2.1901104
12976321301,"Juan de Garay, 114",126,41.4224082,2.1857424
5286238997,Meridiana - Almassora,126,41.4522664,2.1892847
3979343896,Meridiana - Estació d'Autobusos Fabra i Puig,126,41.4306936,2.1830157
5104154880,Meridiana - Riera de Sant Andreu,126,41.4355203,2.1844422
5104171163,Metro Torras i Bages,126,41.4427405,2.1908739
5262705001,Onze de Setembre - Virgili,126,41.4301614,2.1931057
5287952523,Palomar - Gran de Sant Andreu,126,41.4419703,2.1885526
5262619109,Pare Manyanet - Virgili,126,41.4281497,2.194609
5345145414,Peñíscola - Pare Manjón,126,41.4534449,2.1907106
5241792501,Pg Torras i Bages - Joan Torras,126,41.4369294,2.1911221
5286238999,Pg Torras i Bages - Via Favència,126,41.4458602,2.1906897
5241792502,Pg. Torras i Bages - Almirall Pròixida,126,41.4413864,2.1908223
5204750982,Pg. de Torras i Bages - Residència,126,41.4393797,2.190943
5289999706,Pl de Josep Andreu i Abelló,126,41.4479533,2.1905275
5104154878,Pl. de Mossèn Clapés,126,41.4417066,2.1875305
5204783224,Sagrera - Martí Molins,126,41.4229883,2.1910864
5204783225,Sagrera - Parc de la Pegaso,126,41.4263076,2.190914
2430077716,Sagrera - Pl. del General Moragues,126,41.4180957,2.1913122
5345145408,Segre - Pl Orfila,126,41.4358008,2.1914697
5204750980,Segre - Sant Adrià,126,41.4335075,2.1924549
5345145413,Turó de la Trinitat - Ausona,126,41.4529257,2.1914285
5345145411,Turó de la Trinitat - Madriguera,126,41.4498558,2.1901634
5345145412,Turó de la Trintat - Foradada,126,41.4512391,2.1907426
4406238932,Virgili - Plaça de Montserrat Roca i Baltà,126,41.4312931,2.1934621
5101040217,Aiguablava - Nou Barris,127,41.4474147,2.1805013
5101040218,Aiguablava - Pedrosa,127,41.448935,2.1821535
5101040219,Aiguablava - Tamariu,127,41.4501291,2.1840817
5101040220,Aiguablava - Vila-real,127,41.4516741,2.1862945
5345276565,Artesania - Antonio Machado,127,41.4451644,2.1710045
5345276573,Cantera - Llobera,127,41.4493046,2.1776458
2905567865,Ctra de Ribes - Meridiana,127,41.4495028,2.1897533
5317106097,Ctra de Ribes - Ronda de Dalt,127,41.4461052,2.1890493
5345276571,Escales de Llobera,127,41.4498487,2.1764027
652422496,Garigliano - Almansa,127,41.4461345,2.173958
5345276572,Llobera,127,41.4500304,2.1780125
5345276570,Llobera - Baixada del Pedregar,127,41.4494512,2.1751858
5345276575,Mercat Mare de Déu de Montserrat,127,41.4462211,2.179111
5286238997,Meridiana - Almassora,127,41.4522664,2.1892847
5104171163,Metro Torras i Bages,127,41.4427405,2.1908739
5122285251,Mina de la Ciutat - Les Torres,127,41.4473975,2.1743707
7823479441,Mina de la Ciutat - Pla de Fornells,127,41.4481282,2.1756805
5345276576,Mireia - Ausona,127,41.452369,2.1895698
5345276578,Mireia - Finestrelles,127,41.451188,2.1893447
5309194007,Palamós - La Fosca,127,41.4480184,2.185343
5345276579,Palamós - Plaça de l'Aigua,127,41.4513445,2.1874206
5309194006,Palamós - Tamariu,127,41.4495013,2.1861674
5287952523,Palomar - Gran de Sant Andreu,127,41.4419703,2.1885526
5345276577,Peñíscola - Ausona,127,41.4534341,2.1906585
5286238999,Pg Torras i Bages - Via Favència,127,41.4458602,2.1906897
5345276574,Pla de Fornells - Jaume Pinent,127,41.4464215,2.1766799
5345276564,Quarter de Simancas - Almansa,127,41.4453964,2.1733104
5345276568,Rodrigo Caro - Fornells,127,41.4484499,2.1736642
5345276569,Rodrigo Caro - Llobera,127,41.4491488,2.1745376
5345276567,Rodrigo Caro - Ojeda,127,41.4477676,2.173271
451796005,Romaní - Les Torres,127,41.4465704,2.1751625
5345145413,Turó de la Trinitat - Ausona,127,41.4529257,2.1914285
5345145411,Turó de la Trinitat - Madriguera,127,41.4498558,2.1901634
5113239567,Via Favència - Biblioteca Les Roquetes,127,41.4458634,2.1774788
5316831967,Via Favència - Ctra de Ribes,127,41.447162,2.1899681
5248867265,Via Favència - IES Guineueta,127,41.4434504,2.1722565
5317105316,Via Favència - Lucena,127,41.4448784,2.1760355
5317105315,Via Favència - Molí,127,41.4459617,2.1802515
12453217146,Via Favència - Pablo Iglesias,127,41.4463283,2.1826363
5317105314,Via Favència - Palamós,127,41.4465008,2.1843499
8364608160,Via Favència - Pl Karl Marx,127,41.4407372,2.1634488
5345276580,Via Favència - Rda de Dalt,127,41.4469551,2.185155
5347969306,Av del Rectoret - Baladre,128,41.4258816,2.0930122
5347969305,Av del Rectoret - Vesc,128,41.4259637,2.0929301
5347969292,Bohemis - Amarant,128,41.4254786,2.0973652
5347969318,Bohemis - Savina,128,41.4253184,2.0970855
5347969288,CAP Vallvidrera,128,41.4139979,2.1039593
5347969724,CEIP Nabí,128,41.41678,2.1012709
5206888193,Camí del Pantá,128,41.4184803,2.0978754
5347969721,Camí del Sanatori - Ctra de Vallvidrera,128,41.4210335,2.0965912
5347969289,Camí del Sanatori - FGC Baixador de Vallvidrera,128,41.4208732,2.0964849
5347969287,Centre Cívic Vallvidrera,128,41.4152225,2.1026579
5206888196,Ctra de l'Església - Camí del Faig,128,41.4176695,2.1071236
5206888195,FGC Baixador Vallvidrera,128,41.4198398,2.0969068
5347969313,Júpiter,128,41.4290417,2.0991396
5347969297,Júpiter- Lilà,128,41.4290736,2.0992582
5347969316,Lilà - Boix,128,41.4257248,2.0997835
5347969295,Lilà - Geranis,128,41.4281397,2.1008616
5347969296,Lilà - Júpiter,128,41.4294185,2.1006883
5347969314,Lilà - Menta,128,41.4294612,2.1008121
5347969294,Lilà - Poncelles,128,41.4256433,2.0996824
5347969315,Lilà - Presseguer,128,41.4282414,2.1009094
5347969291,Major del Rectoret,128,41.4246275,2.0949538
5347969319,Major del Rectoret - Amarant,128,41.4245696,2.0949701
5347969307,Margalló - Major del Rectoret,128,41.4260629,2.0958722
8345648988,"Margalló, 28-30",128,41.4260464,2.0960333
5347969722,Mercat de Vallvidrera,128,41.4140298,2.1037239
5347969299,Orellana,128,41.4294869,2.0960394
5347969311,Orellana - Passatge Ossa Major,128,41.4294339,2.0961124
5347969310,"Orellana, direcció El Rectoret",128,41.4316374,2.0966522
5347969300,"Orellana, direcció Vallvidrera",128,41.4315865,2.0966437
5347969290,Parc Municipal de Vallvidrera,128,41.4234624,2.0946604
1817530572,Pl Major del Rectoret,128,41.4274812,2.0920968
5347969312,Pl de la Tulipa - Satèl·lits,128,41.4278858,2.096488
5347969298,Pl de la Tulipa - Traviata,128,41.4277878,2.0965753
5347969723,Reis Catòlics - Llicorella,128,41.4149534,2.1028525
5347969317,Savina - Pg del Magraner,128,41.4241578,2.0966157
5347969293,Savina - Poncelles,128,41.4241464,2.0964712
5206888194,Torrent del Rovelló - Camí del Pantá,128,41.4194467,2.0969499
5354357277,Aldea - Font del Remei,129,41.4185002,2.1499852
980323471,Anna Piferrer - Betània,129,41.4175705,2.1403133
5354357282,Av Vallcarca - Hospital HM Delfos,129,41.4139797,2.1430976
5354357280,Baró de la Barre - Gustavo Bécquer,129,41.4143795,2.1444104
5354357274,Cardedeu - Mare de Déu del Coll,129,41.4153081,2.1452752
5354357273,Cardedeu - Montornès,129,41.4164075,2.1443765
5354357276,Duran i Borrell - Baixada de Sant Marià,129,41.4180443,2.1493228
5354357283,Esteve Terradas,129,41.4133546,2.1408393
5354357281,Gustavo Bécquer - Av Vallcarca,129,41.4157673,2.1426301
5354357272,Montornès - Capellades,129,41.418206,2.142681
5354357284,Parc Sanitari Pere Virgili,129,41.4156485,2.1419975
5107294201,Pg Mare de Déu del Coll - Baixada de Sant Marià,129,41.4178878,2.1477429
5107294200,Pg Mare de Déu del Coll - Santuari,129,41.4201301,2.1490928
5107294202,Pg. Mare de Déu del Coll - Cartago,129,41.4154627,2.1463996
2855821670,Sant Eudald - Mora d'Ebre,129,41.4147531,2.1471278
5354357275,Sant Eudald - Pl Mons,129,41.4136369,2.1452259
5107294199,Santuari - Ceuta,129,41.4201417,2.1513534
5354357279,Tirso - Mora la Nova,129,41.4189863,2.1509642
5354357278,Tirso - Pl Laguna Lanau,129,41.4177218,2.1500934
2855821671,Torrent del Remei - Riu de la Plata,129,41.4161315,2.1483422
5107269811,Vallcarca,129,41.4131405,2.1444741
2504360773,Av Ferrer i Guàrdia - Mèxic,13,41.3712013,2.1499032
5291786116,Av Reina Maria Cristina - Pl Espanya,13,41.3738398,2.1500974
5291459845,Calàbria - Av Mistral,13,41.3772352,2.1583981
5291476382,Camí del Polvorí - Estadi Serrahima,13,41.3661853,2.1441708
5248076894,Can Clos,13,41.360746,2.147302
2560389400,Estadi Olímpic,13,41.3653259,2.1574095
2568899836,Ferrocarrils Catalans - Alts Forns,13,41.3602914,2.1430916
2568899840,Ferrocarrils Catalans - Aviador Duran,13,41.3613257,2.1413212
5291753435,Ferrocarrils Catalans - Foc,13,41.3594493,2.1444953
4040253756,Floridablanca - Av Mistral,13,41.3766122,2.1561681
4040253757,Floridablanca - Viladomat,13,41.3781496,2.158171
5245906505,Foc - Mare de Déu de Port,13,41.3583529,2.1439912
5291753437,Foc - Sot del Migdia,13,41.3599287,2.1501707
5568566009,Gran Via Corts Catalanes,13,41.3742875,2.1485066
5291504463,Jardi Botànic,13,41.3627737,2.1567426
5291459846,Manso - Viladomat,13,41.3764761,2.1602686
5245975782,Mare de Déu de Port - Foneria,13,41.3606316,2.1403129
2565480072,Palau Sant Jordi,13,41.3615717,2.1529343
5291504466,Pedrera del Mussol - Can Clos,13,41.361016,2.14788
5291753436,Pedrera del Mussol - Marbre,13,41.3613542,2.1478618
2560389410,Pg Olímpic - Av de l'Estadi,13,41.3657104,2.1572861
5291504464,Pg Olímpic - Palau Sant Jordi,13,41.3618174,2.1538853
5291476383,Pl Espanya - Av Reina Maria Cristina,13,41.3741411,2.1495538
2267226719,Poble Espanyol,13,41.3694152,2.1462903
5291786118,Poble Espanyol,13,41.3694408,2.1469967
5291786119,Polvorí - Av Ferrer i Guàrdia,13,41.3681493,2.1447209
2568899830,Polvorí - Camí de la Fuxarda,13,41.3653982,2.1449503
5291484359,Segura - Anoia,13,41.3625248,2.1406428
2568899833,Segura - Barri del Polvorí,13,41.3654283,2.1415276
5291484360,Segura - Escales del Polvorí,13,41.363815,2.1405187
5291476381,Segura - Estadi Serrahima,13,41.3643181,2.1435861
2568899846,Segura - Foneria,13,41.3629007,2.1418339
5291786921,Segura - Fortuna,13,41.3652888,2.1416889
5291786922,Segura - Guadalquivir,13,41.3638597,2.140613
5291786120,Segura - Polvorí,13,41.3643318,2.1433886
5319921703,Sepúlveda - Av. Mistral,13,41.3757519,2.1525094
4040253781,Sepúlveda - Rocafort,13,41.3773351,2.1546496
5291504465,Sot del Migdia,13,41.3598921,2.1505574
2742734938,Av J V Foix - Mendel,130,41.397177,2.1201902
2742734944,Av J V Foix - Pg Reina Elisenda,130,41.3981324,2.1191674
2745572505,Av. J. V. Foix - Pedró de la Creu,130,41.3955251,2.1199832
2745572508,Benet Mateu - Manuel de Falla,130,41.3936613,2.1263198
2745572512,Bonaplata,130,41.3960347,2.1241673
2742734946,CEIP Costa i Llobera,130,41.402014,2.109103
2610196531,Camí de Can Caralleu - Ronda de Dalt,130,41.4017887,2.11433
2742734948,Camí de Lliçà,130,41.4024585,2.1067875
2742734950,Capella de Can Caralleu - Saüc,130,41.4022916,2.1074062
2742734951,Clos de St Francesc - Pg Reina Elisenda de Montcada,130,41.3994007,2.1205048
2742734953,Esports - Ronda de Dalt,130,41.4008797,2.1121605
2742734954,Fontcoberta - Pedró de la Creu,130,41.3972661,2.1220033
5354754703,Gaspar Cassadó - Can Caralleu,130,41.4006557,2.1133227
2742734955,Major de Can Caralleu - Ptge Blada,130,41.4021954,2.1102536
5157246589,Major de Can Caralleu - Ronda de Dalt,130,41.4012829,2.1134639
8348774765,Major de Sarrià - General Vives,130,41.4034424,2.1171513
2742734958,Major de Sarrià - Nou de Santa Eulàlia,130,41.4023703,2.1191024
2745572513,Pedró de la Creu - Gresolet,130,41.397625,2.1219798
2742734959,Pg de Santa Eulàlia - Can Caralleu,130,41.4039048,2.1149926
2742734965,Pins de Can Caralleu,130,41.403847,2.1085552
2742734971,Pins de Can Caralleu - Lliçà,130,41.4031638,2.1085039
2745572514,Pl Artós,130,41.3954662,2.1256417
2742734975,Pl de Mossèn Miquel Vall i Mundó,130,41.403403,2.1098065
2195906267,Pl. Borràs,130,41.403936,2.1171735
2742734980,Ramon Miquel Planas - Duquessa d'Orleans,130,41.3998863,2.1181405
2742734986,Ramon Miquel Planas - Major de Sarrià,130,41.400916,2.1201898
5157246588,Ronda de Dalt - Ràfols,130,41.4014746,2.1147122
2745572516,Santa Amèlia - Or,130,41.3937792,2.1235408
2745572515,Sta Amèlia - Eduard Conde,130,41.3928197,2.1216998
2742734999,Torrent de Can Caralleu - Major de Can Caralleu,130,41.4018014,2.1120315
2195909110,Via Augusta - Margenat,130,41.4020606,2.1203696
5157246587,Via Augusta - Tres Reis,130,41.4041347,2.1179956
5107269812,Av. República Argentina - Pl. Alfonso Comín,131,41.4133907,2.1386019
5355039231,Ballester - Ferran Puig,131,41.4073283,2.1463352
3310944409,Balmes - Joaquim Folguera,131,41.4068606,2.1387132
5107254022,Balmes - Mitre,131,41.4047499,2.1402789
5107269813,Balmes - Pl John F. Kennedy,131,41.4093289,2.1374096
5355024479,Caire - República Argentina,131,41.4114493,2.1410723
1368508880,Craywinckel - Hurtado,131,41.4118048,2.1389927
5355024482,Esteve Terradas - Parc Sanitari Pere Virgili,131,41.4152808,2.1390952
5355024480,Esteve Terradas - Pl Alfonso Comín,131,41.4153709,2.1384256
5355024476,Ferran Puig - Agramunt,131,41.4089062,2.1451894
5355024477,Ferran Puig - Jardins Turó del Putxet,131,41.4100987,2.1439582
5355039230,Homer - Escipió,131,41.4079048,2.1451799
5355024485,Hurtado - Espinoi,131,41.4106687,2.1407045
5355024486,Lucà - Craywinckel,131,41.4111007,2.1388182
5355024484,Marmellà - Hurtado,131,41.4098652,2.141329
5355024481,Parc Sanitari Pere Virgili,131,41.4151594,2.1400391
2484343628,Pg. Sant Gervasi - Mas Yebra,131,41.4120938,2.138207
2700343387,Pg. Sant Gervasi - Pl. John F. Kennedy,131,41.4103313,2.137533
1368508902,Pl Alfonso Comín - Av República Argentina,131,41.4144875,2.138261
2408261963,Pl. Alfonso Comín - Isaac Newton,131,41.4147158,2.1366121
5355024478,Portolà - Ferran Puig,131,41.4108007,2.142701
5355039229,Putxet - Cadis,131,41.4063949,2.143928
5355024487,Saragossa - Ronda General Mitre,131,41.405659,2.1437536
5355024483,Solanes - Betran,131,41.4101666,2.1400935
2447034087,Arnau d'Oms - La Jota,132,41.4293174,2.1774137
5334699866,Av Rio de Janeiro - Baltasar Gracián,132,41.4403207,2.1827536
5287944515,Av Rio de Janeiro - Cementiri de Sant Andreu,132,41.4369629,2.1805371
5287944514,Av Rio de Janeiro - Pg Valldaura,132,41.4391213,2.1816904
5334699867,Av Rio de Janeiro - Tissó,132,41.4421056,2.1848964
5249180703,Av dels Quinze - Serrano,132,41.4291686,2.1742798
4992970754,CEIP Mercè Rodoreda,132,41.4460117,2.1864839
10852977142,Costa i Cuixart - Av Borbó,132,41.4279991,2.1753891
4394781727,Doctor Pi i Molist - Fabra i Puig,132,41.4307857,2.174534
8355121466,Escultor Ordóñez - Pintor Alsamora,132,41.4350392,2.1759092
8355121464,Escultor Ordóñez - Pl de Sóller,132,41.43371,2.1749213
5288764599,Pg Andreu Nin - Parc Esportiu Can Dragó,132,41.4342205,2.1814569
5288764600,Pg Andreu Nin - Rosselló i Porcel,132,41.4365438,2.1822288
5334699865,Pg Ciutat de Mallorca - Av Rio de Janeiro,132,41.4324854,2.1805139
5334699864,Pg Ciutat de Mallorca - Piferrer,132,41.43295,2.1786511
5241745239,Pg. Valldaura - Andreu Nin,132,41.4392884,2.1825001
5287944517,Piferrer - Deià,132,41.4320385,2.1776746
5287944516,Piferrer - Pintor Alsamora,132,41.4344124,2.1796964
5334699863,Pintor Alsamora - Piferrer,132,41.4351428,2.1792077
5317105314,Via Favència - Palamós,132,41.4465008,2.1843499
5100410790,Via Júlia - Mas Duran,132,41.4435268,2.178721
5100410789,Via Júlia - Via Favència,132,41.4455383,2.1796187
5104154881,CAP Sant Andreu,133,41.4332556,2.1836022
11837758972,Campns - Pl del Baró de Viver,133,41.4473908,2.1994535
5254870448,Caracas - Clariana,133,41.4471275,2.2011494
8227938099,Caracas - Cuzco,133,41.4405894,2.2035117
5159158209,Caracas - Pl Celestí Boada,133,41.4393989,2.2036254
5159158213,Caracas - Potosí,133,41.4440424,2.2026699
8405480299,Ciutat d'Asunción - Ferran Junoy,133,41.4458884,2.198506
5159158211,Ciutat d'Asunción - Potosí,133,41.4417073,2.199812
8227938096,Ciutat d'Asunción - Potosí,133,41.4444377,2.1993178
5159158212,Ciutat d'Asunción - Tucumán,133,41.4445969,2.1992535
11837585030,Clariana - Clarà,133,41.4469456,2.1997731
2905567865,Ctra de Ribes - Meridiana,133,41.4495028,2.1897533
5287902749,Ctra de Ribes - Via Favència,133,41.4480916,2.1896235
5287944520,Fabra i Puig - Gran de Sant Andreu,133,41.4301951,2.1892074
5287944519,Fabra i Puig - Llenguadoc,133,41.4302591,2.185454
5287952522,Fernando Pessoa,133,41.4428346,2.1931203
11837585032,Ferran Junoy - Ciutat d'Asunción,133,41.445928,2.1979499
11837585034,Ferran Junoy - Palomar,133,41.4429524,2.1969656
5158675019,Lima - Caracas,133,41.4392244,2.2044437
5159158210,Lima - Ciutat d'Asunción,133,41.4392287,2.2007822
6110558971,Malats - Arbùcies,133,41.4365414,2.1864402
6110558970,Malats - Gran de Sant Andreu,133,41.4360135,2.189451
5286238997,Meridiana - Almassora,133,41.4522664,2.1892847
3979343896,Meridiana - Estació d'Autobusos Fabra i Puig,133,41.4306936,2.1830157
5104154880,Meridiana - Riera de Sant Andreu,133,41.4355203,2.1844422
5262705001,Onze de Setembre - Virgili,133,41.4301614,2.1931057
11837585036,Palomar - Fernando Pessoa,133,41.4422053,2.1928263
5287952523,Palomar - Gran de Sant Andreu,133,41.4419703,2.1885526
11837758973,Parc de la Maquinista,133,41.4354083,2.1961635
5286238995,Pare Pérez del Pulgar - Pare Manjón,133,41.4545538,2.1917497
5286238996,Pare Pérez del Pulgar - Peñíscola,133,41.4534759,2.1895235
4356688508,Pg Guayaquil-Arbeca,133,41.439483,2.2081198
5286238999,Pg Torras i Bages - Via Favència,133,41.4458602,2.1906897
5173170422,Pg. Santa Coloma - Pl. de la Modernitat,133,41.4462146,2.1935497
5173170421,Pg. Santa Coloma - Tiana,133,41.4483393,2.1995242
5173170426,Pg. Torras i Bages - Els Segadors,133,41.4369669,2.1912515
5173170424,Pg. Torras i Bages - Palomar,133,41.4418254,2.1909134
5173170425,Pg. Torras i Bages - Residència,133,41.4394833,2.1911007
5289999706,Pl de Josep Andreu i Abelló,133,41.4479533,2.1905275
4356688503,Sant Adrià - Bon Pastor,133,41.4365406,2.208413
6110558972,Sant Adrià - Ciutat d'Asunción,133,41.4357431,2.2005084
5288764593,Sant Adrià - Formiga,133,41.4357714,2.2014995
5241792500,Sant Adrià - Josep Soldevila,133,41.4342139,2.1927828
5288764592,Sant Adrià - Pg Enric Sanchís,133,41.4360577,2.204307
5262705004,Sant Adrià - Pg de l'Havana,133,41.435584,2.1963382
5241792493,Sant Adrià - Sas,133,41.4361125,2.2037319
5159158208,Sas - Claramunt,133,41.4377442,2.2041713
5345145408,Segre - Pl Orfila,133,41.4358008,2.1914697
5204750980,Segre - Sant Adrià,133,41.4335075,2.1924549
5255377041,Tiana - Campins,133,41.4476432,2.2009709
5286238991,Tossal - Pl Josep Andreu i Abelló,133,41.4487277,2.1906717
5286238992,Via Barcino - Ausona,133,41.4498945,2.1923948
5286238993,Via Barcino - Foradada,133,41.4528152,2.193792
5286238994,Via Barcino - Vicenç Montal,133,41.4539902,2.1936086
4406238932,Virgili - Plaça de Montserrat Roca i Baltà,133,41.4312931,2.1934621
5101040217,Aiguablava - Nou Barris,134,41.4474147,2.1805013
5101040218,Aiguablava - Pedrosa,134,41.448935,2.1821535
5122285252,Alcàntara - Garigliano,134,41.4454946,2.1723953
5248867262,Almansa - Joan Riera,134,41.4427648,2.1752744
50102453,Almansa - Via Favència,134,41.4440607,2.174338
5248667580,Artesania - Góngora,134,41.4418625,2.1728214
4793186615,Artesania - Pl. de la República,134,41.4396,2.1746199
5248670906,Artesania - Via Favència,134,41.443095,2.1719975
5287944515,Av Rio de Janeiro - Cementiri de Sant Andreu,134,41.4369629,2.1805371
5287944514,Av Rio de Janeiro - Pg Valldaura,134,41.4391213,2.1816904
11844559097,Estació Fabra i Puig,134,41.4315932,2.1833416
5287944518,Fabra i Puig - Arnau d'Oms,134,41.4303452,2.1776303
5254788573,Fabra i Puig - Meridiana,134,41.4302622,2.1819818
5122285251,Mina de la Ciutat - Les Torres,134,41.4473975,2.1743707
11844559099,Parc Esportiu Can Dragó,134,41.4367045,2.1829083
5288764601,Parc del Pla de Fornells,134,41.4484948,2.1763632
5241745240,Pg Valldaura - Escultor Ordóñez,134,41.4388887,2.1792533
5241745239,Pg. Valldaura - Andreu Nin,134,41.4392884,2.1825001
5286594887,Pg. Valldaura - Font d'En Canyelles,134,41.4390358,2.1792419
5287228367,Pg. Valldaura - Lluc,134,41.4389081,2.1793833
5287944517,Piferrer - Deià,134,41.4320385,2.1776746
5287944516,Piferrer - Pintor Alsamora,134,41.4344124,2.1796964
5113239566,Via Favència - Almansa,134,41.444899,2.1746389
5113239567,Via Favència - Biblioteca Les Roquetes,134,41.4458634,2.1774788
7820646267,Via Júlia- Font d'en Canyelles,134,41.440536,2.1763357
5293063251,Camí de Sant Genís - Natzaret,135,41.4281023,2.1372188
5293063250,Centre Cívic Casa Groga,135,41.4270741,2.1369061
5293063249,Escola Oficial d'Idiomes Vall d'Hebron,135,41.4266169,2.1385481
5339810353,Hospital Vall d'Hebron,135,41.4269357,2.1430121
5241807787,IES Narcís Monturiol,135,41.4320167,2.1453598
5282305097,Jorge Manrique - Av Cardenal Vidal i Barraquer,135,41.4314481,2.1492671
1933498386,Mercat Vall d'Hebron,135,41.4252248,2.1429105
5241837963,Metro Montbau,135,41.4307523,2.1448208
5241303234,Palau d'Esports de la Vall d'Hebron,135,41.4279398,2.1441859
1933645621,Poesia - Jardins de Montbau,135,41.4319774,2.1440568
1864620012,Av. Litoral-Trelawny,136,41.386207,2.1947852
1819068915,Diagonal - Josep Pla,136,41.4100551,2.2130969
4001180108,Diagonal - Selva de Mar,136,41.4091743,2.2095524
5277894503,Llull - Ciutat de Granada,136,41.3984642,2.1989132
5277894505,Llull - Joan d'Àustria,136,41.3928082,2.1910859
5277894502,Llull - Llacuna,136,41.4001174,2.2010614
5277894499,Llull - Selva de Mar,136,41.4069178,2.210061
5277894504,Llull - Àlaba,136,41.3959633,2.195463
2509781506,Marina - Doctor Trueta,136,41.3909293,2.1922088
5098445394,Marina - Ramon Turró,136,41.3908805,2.1918731
2577580283,Marina-Pl. dels Voluntaris,136,41.3883866,2.1955987
3460290376,Metro Besòs,136,41.4204785,2.2077223
5120642097,Pujades - Bilbao,136,41.4030057,2.2023927
5277631680,Pujades - Ciutat de Granada,136,41.3987933,2.1967875
5120618944,Pujades - Espronceda,136,41.4056505,2.2058709
5277631678,Pujades - Joan d'Àustria,136,41.3937621,2.1899083
5120642096,Pujades - Llacuna,136,41.4005045,2.1990387
4064846925,Pujades - Provençals,136,41.4078123,2.2087075
5277631679,Pujades - Àlaba,136,41.3960883,2.1931831
5287682361,Rambla Prim - Andrade,136,41.4200692,2.2072133
5159178084,Rambla Prim - Cantàbria,136,41.4248607,2.2009021
5287682359,Rambla Prim - Cristóbal de Moura,136,41.4161072,2.2125411
5159178083,Rambla Prim - Guipúzcoa,136,41.422318,2.2043894
5120609031,Rambla Prim - Pallars,136,41.4143359,2.2148713
8396701920,Rambla Prim - Pere IV,136,41.4171205,2.211204
5286239004,Rambla Prim - Santander,136,41.4251609,2.2014015
12512453248,Rambla Prim - Santander,136,41.4247545,2.2010432
5119970552,Rambla Prim-Ferrer Bassa,136,41.4151353,2.2146371
5158641376,Rambla de Prim - Metro La Pau,136,41.4226323,2.2047439
11414511459,Santander - Ca N'Oliva,136,41.4275437,2.2021368
9909713991,Trelawny - Pg Marítim,136,41.3852269,2.1951886
5286239002,Via Trajana - Rbla Prim,136,41.4285843,2.1990634
5282305092,Vila Olímpica,136,41.3884439,2.1936457
456994629,Metro Maresme - Fòrum,"136,B20,N6",41.4122092,2.2166991
5119939573,Llull-Bilbao,136;N6,41.4019214,2.203445
1934457237,Llull-Jardins Gandhi,136;N6,41.4036743,2.2057947
5105574810,Bifurcació - Ctra Nacional 152,137,41.4670286,2.1788941
5104238776,Torrent del Bosc,137,41.4622314,2.1740313
5104238774,Ctra Nacional 152 - Bifurcació,138,41.4670693,2.1789878
5104238776,Torrent del Bosc,138,41.4622314,2.1740313
12625340223,Av. Sarrià - Buenos Aires,141,41.3904263,2.1447675
5214067410,Av. Sarrià - Josep Tarradellas,141,41.3903821,2.1450176
2560539852,Calàbria - Floridablanca,141,41.3782442,2.1570165
2560539837,Calàbria - Gran Via,141,41.3799802,2.1547418
8097353539,Calàbria - Manso,141,41.3765047,2.1593012
8097436666,Calàbria - Provença,141,41.3850518,2.1480869
2412575676,Calàbria- Aragó,141,41.382462,2.1514801
8097436665,París - Viladomat,141,41.3875409,2.1452557
12351408135,Ronda Sant Antoni - Comte d'Urgell,141,41.3793791,2.1630678
2412575679,Villarroel - Aragó,141,41.3854342,2.1564229
1588786481,Villarroel - Buenos Aires,141,41.3920609,2.1476062
5216323989,Villarroel - Gran Via,141,41.3833606,2.1591448
5126759461,Villarroel - Hospital Clínic,141,41.3894749,2.1510673
8097436673,Villarroel - Mercat del Ninot,141,41.3868123,2.1545812
5247509966,Villarroel - Sepúlveda,141,41.3815019,2.161613
5277894497,Llull - Rbla. Prim,143,41.413236,2.2185109
5119970552,Rambla Prim-Ferrer Bassa,143,41.4151353,2.2146371
5320341196,Av Estadi - INEFC,150,41.3655042,2.1474202
5320371779,Av Estadi - INEFC,150,41.3655523,2.1468448
2504360773,Av Ferrer i Guàrdia - Mèxic,150,41.3712013,2.1499032
5294111001,Av Ferrer i Guàrdia- Av Montanyans,150,41.3675959,2.1450692
5248797790,Av Miramar - Escoles del Bosc,150,41.3689901,2.1622836
5312277331,Av Miramar - Estació del Funicular,150,41.3688899,2.1631271
5313431865,Av Miramar - Fundació Joan Miró,150,41.3678245,2.1598633
5320371777,Av Miramar - Pl Carlos Ibáñez,150,41.3702409,2.1687849
5320371778,Av Miramar - Pl Dante,150,41.369011,2.1656928
5320341198,Av de l'Estadi - Estadi Olímpic,150,41.3660315,2.154586
771329407,Can Valero - Pg del Migdia,150,41.3626976,2.1612219
2434364016,Castell,150,41.364963,2.1669824
5248797802,Doctor Font Quer - Can Valero,150,41.3658339,2.1605526
5248797799,Doctor Font Quer - Taronguers,150,41.3671724,2.1624852
5248797795,Estadi Olímpic,150,41.366163,2.1553217
11009873323,Fira Barcelona,150,41.3734957,2.1503266
2560326738,Fundació Joan Miró - Pl Neptú,150,41.3678768,2.1596401
5248797789,Piscines Picornell - Museu Nacional,150,41.3665535,2.1516979
5320341197,Piscines Picornell - Museu Nacional,150,41.3664822,2.1512936
7195505943,Pl Espanya - Fira Barcelona,150,41.3747341,2.149858
5291786117,Pl de Carles Buïgas,150,41.3710916,2.1501704
5294081078,Pl de Sant Jordi,150,41.3662584,2.1447867
5248797793,Pl de la Sardana,150,41.3679257,2.1688549
2267226719,Poble Espanyol,150,41.3694152,2.1462903
5291786118,Poble Espanyol,150,41.3694408,2.1469967
5312277332,Vivers Tres Pins,150,41.3663979,2.1588163
5026708856,Collblanc - Cardenal Reig,157,41.3758983,2.1146227
5223476136,Ctra de Collblanc - Metro Ernest Lluch,157,41.3759803,2.1108261
1347954577,Les Corts - Aurora Bertrana,157,41.3770646,2.1198459
5370652666,Riera Blanca - Trav de Les Corts,157,41.3767852,2.1218061
8399487639,Estació d'Autobusos Barcelona Nord,"1721,",41.3943076,2.1826679
8399487639,Estació d'Autobusos Barcelona Nord,"1728,",41.3943076,2.1826679
5103486642,Av Madrid - Arizala,175,41.3770296,2.1251531
5241258739,Av. d'Esplugues - González Tablas,175,41.3874487,2.1066381
4504442957,Carles III - Les Corts,175,41.3821521,2.1284865
1553616948,Carles III - Maria Cristina,175,41.3876677,2.1269878
4504438801,Carles III - Mejía Lequerica,175,41.3852423,2.1275351
5244627349,Carles III - Mejía Lequerica,175,41.3842989,2.1272403
8084922535,Cavallers - González Tablas,175,41.3874778,2.1079626
5215084447,Diagonal - Av Doctor Marañón,175,41.3842047,2.1115904
5572252922,Diagonal - Av Joan XXIII,175,41.3869211,2.1229748
5215106708,Diagonal - Metro Palau Reial,175,41.3858505,2.1187625
5214067405,Diagonal - Pl Pius XII,175,41.3872554,2.1226538
1787081052,Diagonal - Pl Reina Maria Cristina,175,41.3884779,2.1274569
1546529757,Estadi del Futbol Club Barcelona,175,41.380445,2.1250636
5215084448,González Tablas - Sor Eulàlia d'Anzizu,175,41.3855688,2.1092116
5241258741,Gran Capità - Av de l'Exèrcit,175,41.3870091,2.1115687
8084922538,Gran Via Carles III - Av Madrid,175,41.3799659,2.1292611
1474608389,Les Corts - Mejía Lequerica,175,41.3818975,2.1272727
1564503283,Palau Reial,175,41.3856111,2.1161582
5241258740,Sor Eulàlia d'Anzizu - González Tablas,175,41.3870652,2.1086849
1460386413,Zona Universitària - Escola T S d'Enginyeria,175,41.3850647,2.1156641
588011465,Zona Universitària - Facultat d'Economia i Empresa,175,41.3848616,2.1113129
5100410787,Aiguablava - La Fosca,180,41.4483983,2.1817532
8832650434,Aiguablava - Llosa,180,41.4507301,2.1858209
5101040218,Aiguablava - Pedrosa,180,41.448935,2.1821535
8184529849,Aiguablava - Sa Tuna,180,41.452884,2.186509
8184529855,Aiguablava - Sa Tuna,180,41.4529996,2.1867489
5101040219,Aiguablava - Tamariu,180,41.4501291,2.1840817
5101040220,Aiguablava - Vila-real,180,41.4516741,2.1862945
5347333205,Av de Vallbona - CAP Ctat Meridiana,180,41.4609221,2.1806735
7820470129,Av. Vallbona - Pl. Eucalíptus,180,41.4604966,2.1812723
7820653385,Balenyà - Palau-Solità,180,41.4559482,2.1859104
7832788524,Escolapi Càncer,180,41.4588162,2.180336
5344802484,Escolapi Càncer - Metro Torre Baró/Vallbona,180,41.4588327,2.1804627
7820470132,Llerona,180,41.4591375,2.1815418
7820653390,Llerona - Avinyonet,180,41.4560917,2.1806145
7820428609,Llerona - Balenyà,180,41.4544714,2.1818525
7820653396,Llerona - Martorelles,180,41.4591306,2.1814631
7820653392,Llerona - Ptge. Carreras,180,41.4570289,2.1812963
7820653394,Llerona - Ripollet,180,41.4562603,2.1820508
7820428605,Llerona - Vacarisses,180,41.4564012,2.1812685
7820653387,Llerona - Viladecavalls,180,41.4543977,2.1818258
7820428607,Llerona a Vallbona,180,41.4561017,2.180858
13759676471,Mercat de Montserrat,180,41.4474544,2.1805539
7820428611,Palau-Solità - Balenyà,180,41.4559793,2.1859962
7820428603,Ripollet - Llerona,180,41.4562788,2.182135
8832512415,Vallcivera - Pl Roja de Ciutat Meridiana,180,41.4615557,2.1794552
3792766248,Castell de Torre Baró,182,41.450772,2.17478
8429230082,Castellví - Lliçà,182,41.4511639,2.1726118
8367849948,Cta. Alta de les Roquetes a Pl. Karl Marx,182,41.4495629,2.1684379
8367849949,Ctra. Alta de Roquetes - Castell,182,41.4506789,2.1747038
8367849953,Ctra. Alta de les Roquetes,182,41.4443527,2.163694
8367849952,Ctra. Alta de les Roquetes (a Torre Baró),182,41.4494969,2.168395
5249180704,Doctor Pi i Molist - Orduña,182,41.4334215,2.1730539
8367849950,Lliçà - Castellví,182,41.4512711,2.1725852
5113279476,Mercat de la Guineueta,182,41.4387874,2.1699828
8173979193,Pg Verdum - Pl de la República,182,41.437785,2.1739735
5100410793,Pg Verdum - Plaça Jardins de l'Alfàbia,182,41.4369558,2.1734658
1634950895,Pg. Valldaura - Fabra i Puig,182,41.4392069,2.1657339
1634948396,Pg. Valldaura - Guineueta,182,41.4394196,2.1656769
5122285253,Pg. Valldaura - Mercat de la Guineueta,182,41.4390642,2.169042
5113279475,Pg. Valldaura - Pr. de Verdum,182,41.4384045,2.1737127
5122285254,Pg. Valldaura - Rambla Caçador,182,41.438623,2.1735217
8367849954,Pl Virrei Amat,182,41.430391,2.1742299
5113279477,Pl. Karl Marx,182,41.4393883,2.1624644
5308277761,Pla de las Madres de la Plaza de Mayo,182,41.4351701,2.172206
2447034103,Ronda Guineueta Vella,182,41.4435189,2.1619855
2447034095,Ronda Guineueta Vella - Antonio Machado,182,41.4414717,2.1622038
2447034102,Ronda Guineueta Vella - Juan Ramón Jiménez,182,41.4426131,2.1622166
919495568,Torre Baró - Castellví,182,41.4538284,2.1713686
5104238784,Av Rasos de Peguera - Complex Esportiu Can Cuiàs,183,41.4598715,2.1684501
5346840480,Av Rasos de Peguera - Costabona,183,41.460305,2.1766917
5104238788,Av Rasos de Peguera - Pedraforca,183,41.4605243,2.1738064
5104196753,Av Rasos de Peguera - Pl. Roja,183,41.4615543,2.1784781
9407374412,Av Rasos de Peguera - Pl. Roja,183,41.4615717,2.1785168
5329274823,Av Sivatte - Ctra C-17,183,41.4635691,2.1810798
5347333205,Av de Vallbona - CAP Ctat Meridiana,183,41.4609221,2.1806735
7832788516,Av. Escolapi Càncer - Castellfollit,183,41.4543815,2.1760501
7832788520,Av. Escolapi Càncer - Masquefa,183,41.456818,2.1775112
7832788518,Av. Escolapi Càncer - Sant Quirze de Safaja,183,41.4559841,2.1772264
7832788512,Bellprat - Sant Feliu de Codines,183,41.4552605,2.1756252
5329274824,CEIP Ciutat Comtal,183,41.4627947,2.1825478
7832867919,CEIP Elisenda de Montcada,183,41.4592552,2.1785427
5329274828,Camp Municipal de futbol Vallbona,183,41.4640788,2.1854952
7832788522,Casal de Barri Torre Baró,183,41.4576796,2.1789479
5329274826,Castelladral - Oristà,183,41.4641365,2.1853156
7820470126,Castelldefels - Av. Vallbona,183,41.4597488,2.1818333
5329274825,Centre d'Activitats Vallbona,183,41.463196,2.1838392
7832788524,Escolapi Càncer,183,41.4588162,2.180336
5344802483,Estació RENFE,183,41.4614025,2.1801518
5105610937,Les Agudes ( a Torre Baró-Vallbona ),183,41.4616411,2.1759289
5105610940,Les Agudes - Can Cuiàs,183,41.4636628,2.1759499
7832867912,Les Agudes - Costabona ( a Can Cuiàs ),183,41.4627022,2.177356
5105610938,Les Agudes - Costabona ( a Torre Barò-Vallbona ),183,41.4627134,2.1773895
7832867903,Les Agudes - Torrent del Bosc,183,41.462147,2.1741341
5104238782,Les Agudes 118-124,183,41.4612134,2.1740545
5104238783,Les Agudes 140,183,41.4604677,2.1719408
5105610939,Les Agudes 31,183,41.4635661,2.1782341
5104196752,Mercat Ciutat Meridiana,183,41.4624292,2.1782492
5104238787,Mercat Mare de Dèu de Núria,183,41.4599405,2.1725397
7820470127,Metro Torre Baró - Vallbona,183,41.4588586,2.1803398
8465686552,Oristà - Pl Primer de Maig,183,41.4654975,2.1856686
5104238785,Perafita,183,41.4594967,2.1688899
5104238786,Perafita - Av Rasos de Peguera,183,41.4596675,2.1704136
7832867921,Sant Feliu de Codines,183,41.4582435,2.1789224
7832788509,Sant Feliu de Codines - Castellfollit,183,41.4550158,2.1745694
7832867917,Sant Feliu de Codines - Metro Torre Baró/Vallbona,183,41.4604135,2.1806984
7832867925,Sant Feliu de Codines - Oris,183,41.4562878,2.1748565
7832867923,Sant Feliu de Codines - Vilatorta,183,41.4577559,2.1773155
7832788514,Torre Baró,183,41.4536101,2.1750186
8832650432,Torre Vella - Oristà,183,41.4630725,2.1843438
7832867898,Vallcivera - Av Rasos de Peguera,183,41.4595007,2.1760603
7820653399,Vallcivera - Estació RENFE,183,41.4609513,2.1806568
7832867896,Vallcivera - Pl Aqüeducte,183,41.4596951,2.1770458
5105670657,Vallcivera - Pl Roja,183,41.4611831,2.1794
5317126614,CAP d'Horta,185,41.4291311,2.157585
5357231387,Campoamor - Lloret de Mar,185,41.4341738,2.1559167
5357231388,Campoamor - Rectoria,185,41.4329143,2.1580765
5357190587,Cementiri d'Horta,185,41.4405221,2.1553542
5357231391,Coll i Alentorn - Av Martí i Codolar,185,41.4245642,2.147918
6121899151,Coll i Alentorn - Basses d'Horta,185,41.4243927,2.1432359
5357231382,Congrés - Doctor Letamendi,185,41.4369659,2.1608926
8913958762,Congrés - Porrera,185,41.4378961,2.1592876
5330012422,Ctra d'Horta - Av Estatut de Catalunya,185,41.4375357,2.1535197
5330012423,Ctra d'Horta - Ronda de Dalt,185,41.4396489,2.1543491
8364608154,Dr Letamendi - Canigó,185,41.4354403,2.1599095
8913958764,Eduard Toda - Lloret de Mar,185,41.4357182,2.1569059
5357190578,Eduard Toda - Rectoria,185,41.4338549,2.1598367
5357231381,Feliu i Codina - Congrès,185,41.4362015,2.1630699
5278524183,Granja Vella - Av Martí i Codolar,185,41.426891,2.1481885
5357190579,Hedilla - Porrera,185,41.4367375,2.159716
5339810353,Hospital Vall d'Hebron,185,41.4269357,2.1430121
5357190573,Lisboa - Alarcón,185,41.427586,2.1538264
5357190574,Lisboa - Av Estatut de Catalunya,185,41.4292394,2.1574892
1374538562,Lisboa - Serrallonga,185,41.427446,2.1538886
5357190577,Mestre Dalmau - Feliu i Codina,185,41.4337978,2.1616648
5357231390,Pantà de Tremp - Pl de la Clota,185,41.4257283,2.1500737
5357231380,Pg Universal - Doctor Letamendi,185,41.4376253,2.1615175
5357231379,Pg Universal - Pg de Valldaura,185,41.4385911,2.1598429
5357190580,Pg Valldaura - Metro Valldaura,185,41.4374635,2.1559419
5357190576,Pg de Fabra i Puig - Torrent Can Mariner,185,41.432747,2.1629926
5357190581,Pg de Valldaura - Av Estatut de Catalunya,185,41.4365266,2.1539902
5241807789,Pg. Vall d'Hebron - Cementiri d'Horta,185,41.4397386,2.1583446
5357231389,Pl Eivissa - Horta,185,41.4306761,2.1609137
5343203484,Pl Karl Marx - Via Favència,185,41.4402617,2.1639516
5241809436,Pl. Karl Marx - Pg. Vall d'Hebron,185,41.4406986,2.1617321
5357190572,Plàtans - Pl de la Clota,185,41.4262828,2.1505155
5347011345,Tajo - Baixada Mercat,185,41.4297448,2.1601629
5357190575,Tajo - Pl Santes Creus,185,41.4300303,2.1625098
5317126613,Tajo - Ptge Vila i Rosell,185,41.4295937,2.1603291
5357190586,Torrent de Cal Notari,185,41.4400939,2.150953
5357190588,Via Favència - Metro Canyelles,185,41.4415623,2.1658168
8364608160,Via Favència - Pl Karl Marx,185,41.4407372,2.1634488
4040253755,Arc de Triomf,19,41.3912901,2.1787386
5292406556,Arenys - Fastenrath,19,41.4220466,2.1429571
1374539017,Arenys - Rossell,19,41.4227688,2.1455136
4412201290,Av Gaudí,19,41.4100161,2.1751798
5098392251,Av Gaudí,19,41.4057854,2.1748071
2490182951,Av Gaudí - Castillejos,19,41.4108459,2.1737752
7756584369,Av Jordà - Hosptital St Rafael,19,41.425126,2.1414261
5293063255,Av Jordà - Idumea,19,41.4266285,2.1389465
1933498389,Av Jordà - Judea,19,41.4252427,2.1404117
5293063251,Camí de Sant Genís - Natzaret,19,41.4281023,2.1372188
5293063250,Centre Cívic Casa Groga,19,41.4270741,2.1369061
5292406559,Dante Alighieri - Pantà de Tremp,19,41.4256334,2.1538305
6096810253,Dante Alighieri - Rambla del Carmel,19,41.4275815,2.157573
5317126617,Dante Alighieri - Sacedón,19,41.4260949,2.1544987
6096836412,Dante Alighieri - Santa Joana d'Arc,19,41.4284312,2.1600687
5293063249,Escola Oficial d'Idiomes Vall d'Hebron,19,41.4266169,2.1385481
5293063248,General Mendoza - Santa Rosalia,19,41.4214825,2.1417429
5293063253,Hospital Vall d'Hebron - Natzaret,19,41.4293449,2.1382547
5100163744,Indústria - Independència,19,41.4126068,2.1784729
5292406558,Josep Sangenís - Dante Alighieri,19,41.4251988,2.1520788
5292406557,Josep Sangenís - Santa Gemma,19,41.4238941,2.1486888
5098392252,Lepant - Sant Antoni Maria Claret,19,41.4082901,2.17149
6096939848,Llobregós - Ciències,19,41.4254105,2.1580142
5292406560,Llobregós - Lluís Marià Vidal,19,41.4246158,2.1566587
5292384561,Llobregós - Pg Maragall,19,41.4278143,2.1633709
5292384560,Llobregós - Torrent del Carmel,19,41.4265265,2.1603204
3477235369,Mallorca - Marina,19,41.4039181,2.1758785
2573351864,Mallorca - Nàpols,19,41.4012615,2.172438
3477235372,Mallorca - Nàpols,19,41.4013076,2.172384
3311823784,Metro Maragall,19,41.4245848,2.1769868
2469206088,Metro Urquinaona,19,41.3890252,2.1728072
5293063254,Natzaret - Av Jordà,19,41.4276075,2.1369942
5100163745,Padilla - Roselló,19,41.4073352,2.175144
5100121300,Padilla-Mallorca,19,41.4049214,2.1782805
2490089922,Pg Maragall - Amílcar,19,41.4262747,2.1729857
8231463886,Pg Maragall - Amílcar,19,41.4264235,2.1729268
5293429171,Pg Maragall - Av Frederic Rahola,19,41.4278015,2.1647226
4100272293,Pg Maragall - Dante Alighieri,19,41.4287883,2.1627892
4728093795,Pg Maragall - Indústria,19,41.4151637,2.1807946
2488209616,Pg Maragall - Mossèn Josep Bundó,19,41.4273865,2.1681395
5101082757,Pg Maragall - Ronda Guinardó,19,41.4242781,2.1770621
2430066977,Pg Maragall - Sabastida,19,41.4274877,2.1683456
5293374260,Pg Mare de Déu del Coll - Ramon Rocafull,19,41.4248094,2.1520565
5102984153,Pg Sant Joan - Consell de Cent,19,41.397073,2.172502
5241837961,Pg Vall d'Hebron - Av Jordà,19,41.4242317,2.141667
983299163,Pg Vall d'Hebron - Natzaret,19,41.421543,2.1404661
4401882589,Pg de Sant Joan - Alí-Bei,19,41.3925472,2.1788149
1962314859,Pg de Sant Joan - Aragó,19,41.3973645,2.1724403
2573583899,Pg de Sant Joan - Diputació,19,41.3954322,2.174653
1962309515,Pg de Sant Joan - Pl Mossèn Jacint Verdaguer,19,41.3986506,2.1703944
5100163742,Pg. Maragall - Manigua,19,41.4220009,2.1793798
4721548091,Pg. Maragall - Segle XX,19,41.4222079,2.1789692
4721552689,Pg. Maragall - Trinxant,19,41.4189673,2.1807351
2490116384,Pg. Maragall - Xiprer,19,41.4188984,2.1804966
535635462,Pg. Sant Joan - Ausiàs Marc,19,41.3924203,2.1786555
5241303235,Pg. Vall d'Hebron - Patronat Ribes,19,41.4223323,2.1412891
5077787375,Pg. de Gràcia - Ronda de Sant Pere,19,41.38881,2.1692294
5100098598,Pl Tetuan - Pg de Sant Joan,19,41.3954611,2.1753195
4040253778,Ronda Sant Pere - Girona,19,41.3902581,2.175985
4776361635,Sant Antoni Maria Claret - Independència,19,41.4132535,2.1769777
5293063252,Sant Genís dels Agudells,19,41.429422,2.1381392
5293063246,Santa Rosalia - Besòs,19,41.4216642,2.1465886
5293063247,Santa Rosalia - Castellbisbal,19,41.4207258,2.1436168
5293063245,Santa Rosalia - Sant Dalmir,19,41.4231797,2.1488004
4040253783,Trafalgar - Bruc,19,41.3897067,2.1770089
3477235386,València - Diagonal,19,41.4006982,2.17403
3477282395,València - Pg. Sant Joan,19,41.3989787,2.1717641
847721552,Av Mare de Déu de Montserrat - Francesc Alegre,191,41.4156504,2.1675737
5099275299,Av Mare de Déu de Montserrat - França,191,41.4148156,2.1649218
3005520749,Av Mare de Déu de Montserrat - Praga,191,41.4141769,2.1623285
5099196281,Cartagena - Av. Gaudí,191,41.4115124,2.1739924
5357743225,Concepció Arenal - Juan de Garay,191,41.4205575,2.1838595
5357743226,Concepció Arenal - Olesa,191,41.4220936,2.1838324
5282814495,Felip II - Pl Congrés,191,41.4257333,2.1797727
5282814506,Felip II - Pl del Congrés,191,41.4259293,2.1798139
5357743222,Fundació Puigvert,191,41.4128994,2.1721795
5254759065,Guinardó - Lepant,191,41.4122095,2.1674926
5357743224,Juan de Garay - Navas de Tolosa,191,41.4184781,2.1817398
6109649062,Mas Casanovas - Cartagena,191,41.4141993,2.1722528
5357743223,Mas Casanovas - Hospital de Sant Pau,191,41.4150433,2.1733733
5357741918,Olesa - Campo Florido,191,41.4214476,2.1835825
4728093795,Pg Maragall - Indústria,191,41.4151637,2.1807946
5357741919,Pl Maragall - Navas de Tolosa,191,41.4198142,2.1813966
1674675240,Pl dels Indians,191,41.4235776,2.1825932
3416767594,Pl dels Indians,191,41.4235887,2.182859
5254863669,Rda Guinardó - Cartagena,191,41.4142073,2.1709831
5254788639,Rda Guinardó - Castillejos,191,41.4134971,2.1703437
6106777206,Ronda Guinardó - Pi i Margall,191,41.4117898,2.1638755
5254788637,Ronda Guinardó - Sant Quintí,191,41.4158484,2.1738659
4776361635,Sant Antoni Maria Claret - Independència,191,41.4132535,2.1769777
2490154028,Sant Antoni Maria Claret - Rambla Volart,191,41.4152978,2.1796922
5357743221,Sant Quintí - Hospital de St Pau,191,41.4151468,2.1757704
5357741920,Sant Quintí - Sant Antoni Maria Claret,191,41.4138959,2.1774265
5113329960,Sardenya - Camèlies,191,41.4131348,2.1615565
2790765458,Badajoz - Diagonal,192,41.4031756,2.1895505
2577580279,Badajoz - Sancho de Ávila,192,41.4013551,2.1919879
5359138017,Bilbao - Andrade,192,41.4099141,2.1938986
5359138018,Bilbao - Concli de Trento,192,41.4113874,2.191955
5359138015,Bilbao - Pere IV,192,41.4051777,2.2002711
5359138016,Bilbao - Perú,192,41.4079007,2.1966601
5359138014,Bilbao - Pujades,192,41.4035749,2.2024837
5099196281,Cartagena - Av. Gaudí,192,41.4115124,2.1739924
5357743222,Fundació Puigvert,192,41.4128994,2.1721795
6092966967,Glòries - Meridiana,192,41.4049101,2.187301
5359148722,Hospital de Sant Pau,192,41.414893,2.1731873
5261714904,Indústria - Freser,192,41.4151826,2.1817832
3477235371,Mallorca - Meridiana,192,41.4125105,2.1874075
6109649062,Mas Casanovas - Cartagena,192,41.4141993,2.1722528
6092966966,Meridiana - Aragó,192,41.4081118,2.1871287
6092966965,Meridiana - València,192,41.4110564,2.1870332
5359138019,Navas de Tolosa - Clot,192,41.4133649,2.1893427
5262616712,Navas de Tolosa - Indústria,192,41.4166524,2.1849632
5359138020,Navas de Tolosa - Meridiana,192,41.4147842,2.1874881
5120642097,Pujades - Bilbao,192,41.4030057,2.2023927
5277631680,Pujades - Ciutat de Granada,192,41.3987933,2.1967875
5359138013,Pujades - Roc Boronat,192,41.4003826,2.1988431
4776361635,Sant Antoni Maria Claret - Independència,192,41.4132535,2.1769777
4771270129,Sant Antoni Maria Claret - Pg Maragall,192,41.416184,2.1808908
2490154028,Sant Antoni Maria Claret - Rambla Volart,192,41.4152978,2.1796922
5357743221,Sant Quintí - Hospital de St Pau,192,41.4151468,2.1757704
5357741920,Sant Quintí - Sant Antoni Maria Claret,192,41.4138959,2.1774265
6092966964,Trinxant - Ripollès,192,41.414808,2.1853092
6092985607,Trinxant - Sant Antoni Maria Claret,192,41.4168932,2.1826041
11300300893,Adrià Margarit - Av. Tibidabo,196,41.4147641,2.1322357
2484274473,Adrià Margarit - Teodor Roviralta,196,41.4142108,2.1312786
6121023984,Av Tibidabo - Garcia Mariño,196,41.4121609,2.1357131
2493074671,Av Tibidabo - Josep Garí,196,41.4150703,2.1335444
5294584997,Av Tibidabo - Josep Maria Florensa,196,41.4131333,2.1348124
5359193210,Av Tibidabo - La Rotonda,196,41.4109916,2.1365482
5359193209,Av Tibidabo - Lluís Muntadas,196,41.4154138,2.1312109
2484316171,Av Tibidabo - Pg Sant Gervasi,196,41.4104998,2.1366122
2484304272,Av Tibidabo - Ronda de Dalt,196,41.4142625,2.1341644
5359193206,Av Tibidabo - Teodor Roviralta,196,41.4154102,2.1294073
11379987601,Bellesguard - Josep Canaleta,196,41.4111839,2.1250954
457005195,Carles Riba-Josep Maria Lledó,196,41.4117089,2.1237544
984502334,Josep Maria Lledó - Bellesguard,196,41.4107444,2.1249266
5359193208,Parc Municipal Font del Racó,196,41.415524,2.1296493
5359193207,Pl del Doctor Andreu - Funicular del Tibidabo,196,41.4164446,2.1308019
625904198,Ronda de Dalt - Bellesguard,196,41.4104745,2.126498
2484274519,Ronda de Dalt - Cister,196,41.4131925,2.1304521
2484304423,Ronda de Dalt - Pl de la Central,196,41.4143324,2.133176
3350102719,Lesseps - Riera de Cassoles,198,41.406151,2.1498346
5279964318,Riera de Cassoles - Guillem Tell,198,41.4028963,2.1499868
12811208601,Av. Meridiana - Felip II (Sagrera),201,41.4196949,2.1867789
12811302503,Av. Meridiana - Felip II (Sagrera),201,41.4198408,2.1870669
12811303401,Av. Meridiana - St. Antoni Maria Claret (Sagrera),201,41.4209923,2.1870946
13192859211,Ctra. C-17 - Av. l'Alzinar - Vallbona,201,41.4609255,2.1831961
6092966965,Meridiana - València,201,41.4110564,2.1870332
12811208601,Av. Meridiana - Felip II (Sagrera),202,41.4196949,2.1867789
12811302503,Av. Meridiana - Felip II (Sagrera),202,41.4198408,2.1870669
12811303401,Av. Meridiana - St. Antoni Maria Claret (Sagrera),202,41.4209923,2.1870946
13192859211,Ctra. C-17 - Av. l'Alzinar - Vallbona,202,41.4609255,2.1831961
6092966965,Meridiana - València,202,41.4110564,2.1870332
13192859208,Av. Meridiana - Ctra. de Ribes,203,41.4498721,2.1889247
12811208601,Av. Meridiana - Felip II (Sagrera),203,41.4196949,2.1867789
12811302503,Av. Meridiana - Felip II (Sagrera),203,41.4198408,2.1870669
12811303401,Av. Meridiana - St. Antoni Maria Claret (Sagrera),203,41.4209923,2.1870946
12966187924,Can Dragó,203,41.432218,2.1826415
13192859211,Ctra. C-17 - Av. l'Alzinar - Vallbona,203,41.4609255,2.1831961
12750836703,Estació d'Autobusos de Fabra i Puig,203,41.4315482,2.1829581
4469937246,Meridiana - Garbí,203,41.4521059,2.1885678
6092966965,Meridiana - València,203,41.4110564,2.1870332
5485469124,Plaça de Tetuan 24,203,41.3957306,2.17462
5103431072,Carrer A - Carrer número 2,21,41.3425363,2.1444315
8234311088,Carrer A - Carrer número 27,21,41.3356574,2.1401695
5099446675,Carrer A - Carrer número 3,21,41.334909,2.1402464
5103431070,Carrer A - Carrer número 3,21,41.3310239,2.1373284
5103431069,Carrer A - Carrer número 4,21,41.3291944,2.1361883
5100031259,Carrer A - Comissaria Portuària,21,41.3380091,2.1421613
5103431071,Carrer A - Comissaria Portuària,21,41.3375717,2.1412924
5297458160,Carrer K,21,41.3335007,2.1115772
5297458172,Carrer K - Carrer número 40,21,41.3337357,2.1114341
5297458171,Carrer K - Carrer número 6,21,41.328872,2.1118934
5297458175,Carrer número 4,21,41.3322093,2.1258668
5099446677,Carrer número 4 - Carrer C,21,41.3296753,2.13235
5099446678,Carrer número 4 - Carrer D,21,41.3310723,2.1283231
5099446679,Carrer número 4 - Carrer E,21,41.3321319,2.1253354
5099446680,Carrer número 4 - Carrer F,21,41.332998,2.122875
5297458174,Carrer número 4 - Carrer F,21,41.333452,2.1223691
5099446681,Carrer número 4 - Mercabarna,21,41.3343542,2.1190148
5103431068,Carrer número 4-Carrer B,21,41.3295819,2.1333525
4398491493,Cementiri de Montjuïc,21,41.3530888,2.1558973
5099446676,Cotxeres TB Zona Franca,21,41.3298451,2.1371322
5297378201,Estació TIR - Pg Zona Franca,21,41.3468682,2.1486634
5297458158,Estació TIR - Ronda Litoral,21,41.3469396,2.1487408
5297458157,Mare de Déu de Port - Cantunis,21,41.3517581,2.1557014
5297458161,Mercabarna - Entrada El Prat,21,41.3287858,2.1122501
192327539,Metro Paral·lel,21,41.375051,2.1704306
5609791817,Paral·lel - Cabanes,21,41.3747983,2.1706364
5024694587,Paral·lel - Drassanes,21,41.3745435,2.1747399
5026646853,Paral·lel - Drassanes,21,41.3747712,2.1746463
5024684029,Paral·lel - Margarit,21,41.3748658,2.1645692
5024685799,Paral·lel - Vila i Vilà,21,41.37489,2.1672715
5297378202,Pg de Josep Carner - Jardins de Walter Benjamin,21,41.3730953,2.1753578
5297466178,Pg de Josep Carner - Pg de Montjuïc,21,41.371464,2.1743181
5297378203,Ronda Sant Pau - Paral·lel,21,41.3754187,2.1675069
5297458159,Transports Metropolitans de Barcelona,21,41.3467506,2.1423295
5297458176,Zona Franca - Carrer número 4,21,41.3312864,2.128451
5297458173,Zona Franca - Mercabarna,21,41.3348497,2.1183685
5294111002,Àrea Metropolitana de Barcelona,21,41.3467288,2.1422739
5279964319,Av República Argentina - Escipió,22,41.408647,2.1470649
2493101520,Av República Argentina - Vallcarca,22,41.4113554,2.1439506
3116783919,Av República Argentina - Vallcarca,22,41.41144,2.1446103
1368508891,Bolívar - Ballester,22,41.4092507,2.1477437
2604969079,Gal·la Placídia,22,41.398893,2.1526935
12811758775,"Gra de Gràcia, 160",22,41.4021983,2.1529276
4579765567,Gran Vista - Doctor Bové,22,41.4189802,2.157977
5088955954,Gran Vista - Doctor Bové,22,41.4191622,2.1582297
5088955957,Gran Vista - Pl de la Mitja Lluna,22,41.4201341,2.164982
5107294195,Gran Vista - Turó de la Rovira,22,41.4202038,2.1641004
5279964922,Gran de Gràcia - Jesús,22,41.3982556,2.1574084
1357211268,Gran de Gràcia - Lesseps,22,41.4061662,2.1500472
1368519188,Gran de Gràcia - Metro Fontana,22,41.4018041,2.1532808
1357211251,Gran de Gràcia - Pl Trilla,22,41.4035051,2.1521794
5279964921,Gran de Gràcia - Trav de Gràcia,22,41.400304,2.1549632
5107294196,IES Ferran Tallada,22,41.4206837,2.1617953
5279964320,IES Ferran Tallada,22,41.4208152,2.1618365
3350102719,Lesseps - Riera de Cassoles,22,41.406151,2.1498346
5113345820,Metro Pg. de Gràcia,22,41.3899326,2.167494
2578733282,Pg Mare de Déu del Coll - Baixada Solanell,22,41.4177536,2.1475664
5107294201,Pg Mare de Déu del Coll - Baixada de Sant Marià,22,41.4178878,2.1477429
2578733281,Pg Mare de Déu del Coll - Pl Flandes,22,41.4153189,2.1459583
5088955951,Pg Mare de Déu del Coll - Santuari,22,41.4201038,2.148948
5107294200,Pg Mare de Déu del Coll - Santuari,22,41.4201301,2.1490928
2528513677,Pg de Gràcia - Aragó,22,41.3918876,2.1654106
5107212910,Pg de Gràcia - Casp,22,41.3888592,2.1692752
4239796690,Pg de Gràcia - Diagonal,22,41.3961672,2.1601149
5107212909,Pg de Gràcia - Gran Via,22,41.390059,2.1676785
5107212908,Pg de Gràcia - Mallorca,22,41.3935051,2.1634095
5294584996,Pg de Gràcia - Rosselló,22,41.3960228,2.1599489
5107294202,Pg. Mare de Déu del Coll - Cartago,22,41.4154627,2.1463996
2528513653,Pg. de Gràcia - Consell de Cent,22,41.3916226,2.1654007
5113346721,Pg. de Gràcia - València,22,41.3933626,2.1632439
5279964318,Riera de Cassoles - Guillem Tell,22,41.4028963,2.1499868
2578788825,Riera de Cassoles - Via Augusta,22,41.4014006,2.1510906
5294584998,Ronda St Pere - Pg de Gràcia,22,41.3884025,2.1709462
5107294199,Santuari - Ceuta,22,41.4201417,2.1513534
5088955953,Santuari - La Murtra,22,41.4199186,2.1551063
5107294198,Santuari - La Murtra,22,41.4198254,2.1550645
5088955952,Santuari - l'Hortal,22,41.4202289,2.1510922
5088955950,Vallcarca,22,41.4129611,2.1441466
5107269811,Vallcarca,22,41.4131405,2.1444741
2573562112,Via Augusta - Diagonal,22,41.3964593,2.1550525
13192859211,Ctra. C-17 - Av. l'Alzinar - Vallbona,220,41.4609255,2.1831961
12750836703,Estació d'Autobusos de Fabra i Puig,220,41.4315482,2.1829581
5294111001,Av Ferrer i Guàrdia- Av Montanyans,23,41.3675959,2.1450692
5294081076,Carrer número 1 - Carrer número 60,23,41.3449528,2.1444253
5294111003,Carrer número 2,23,41.3437199,2.1380954
5294111008,Carrer número 2 - Carrer número 62,23,41.3439199,2.1380797
5294081077,Foc - Ferrocarrils Catalans,23,41.3583611,2.1437908
5245906505,Foc - Mare de Déu de Port,23,41.3583529,2.1439912
12864343598,Jocs del 92 - INEFC,23,41.3650126,2.1460531
10320997126,Jocs del 92 - Pedrera del Mussol,23,41.3625764,2.1472158
10320997124,Jocs del 92 - Pierre de Coubertin,23,41.3629113,2.1467449
5294111005,Metro Parc Logístic,23,41.3414338,2.1276268
5294111006,Parc Logístic,23,41.3404884,2.1248339
5294111007,"Parc Logístic, anada",23,41.3430848,2.1311826
5294111004,"Parc Logístic, tornada",23,41.3427663,2.13086
4040253767,Pg Zona Franca - Cisell,23,41.3547572,2.1431905
8252087575,Pg Zona Franca - Cisell,23,41.3548019,2.1427102
13766393534,Pg Zona Franca - Metro Foc,23,41.3556732,2.1420732
5103073165,Pg Zona Franca - Motors,23,41.351625,2.1449957
5100031256,Pg. Zona Franca - Motors,23,41.3517702,2.1453053
2510477868,Pl Espanya - Final de trajecte,23,41.3737943,2.150136
5294081078,Pl de Sant Jordi,23,41.3662584,2.1447867
2267226719,Poble Espanyol,23,41.3694152,2.1462903
5291786118,Poble Espanyol,23,41.3694408,2.1469967
5297458159,Transports Metropolitans de Barcelona,23,41.3467506,2.1423295
5298009063,Ana María Matute - Av Pompeu Fabra,24,41.414869,2.1586213
5297968497,Ana María Matute - Miquel Sants Oliver,24,41.415145,2.158478
3005856817,Ana María Matute - Pl Sanllehy,24,41.4140172,2.1606787
2578715813,Av Mare de Déu de Montserrat - Sanllehy,24,41.4132018,2.1607161
3268669359,C N Catalunya - Park Güell,24,41.4158566,2.1569035
823781729,CAP Larrard,24,41.4105943,2.1563818
8173979201,Camèlies - Pau Alsina,24,41.4114015,2.1598417
5297968496,Ctra del Carmel - Albert Llanas,24,41.4164386,2.156452
5298009065,Ctra del Carmel - Can Xirot,24,41.4169739,2.1564546
5298009067,Ctra del Carmel - Gran Vista,24,41.418324,2.157272
5298009073,Ctra del Carmel - Mühlberg,24,41.4179709,2.1576437
5298009074,Ctra del Carmel - Pasteur,24,41.4174844,2.1581556
5298009064,Ctra del Carmel - Pg Josefina Torrens Illas,24,41.4156401,2.1567869
5298009066,Ctra del Carmel - Pl Raimon Casellas,24,41.4168472,2.1588151
5298009069,Doctor Bové - Baixada Passerell,24,41.4206541,2.1602406
5298009068,Doctor Bové - Conca de Tremp,24,41.4192479,2.1581076
5298009072,Doctor Bové - Gran Vista,24,41.4193972,2.1584045
5298009070,Doctor Bové - Penyal,24,41.4210593,2.1626972
5298009071,Doctor Bové - Pg de la Font de la Mulassa,24,41.4209223,2.1629153
4729342896,Doctor Bové - Ptge de la Cadernera,24,41.4206684,2.1604723
2604969079,Gal·la Placídia,24,41.398893,2.1526935
12811758775,"Gra de Gràcia, 160",24,41.4021983,2.1529276
5279964922,Gran de Gràcia - Jesús,24,41.3982556,2.1574084
1357211268,Gran de Gràcia - Lesseps,24,41.4061662,2.1500472
1368519188,Gran de Gràcia - Metro Fontana,24,41.4018041,2.1532808
1357211251,Gran de Gràcia - Pl Trilla,24,41.4035051,2.1521794
5279964921,Gran de Gràcia - Trav de Gràcia,24,41.400304,2.1549632
5113345820,Metro Pg. de Gràcia,24,41.3899326,2.167494
2528513677,Pg de Gràcia - Aragó,24,41.3918876,2.1654106
4239796690,Pg de Gràcia - Diagonal,24,41.3961672,2.1601149
5107212909,Pg de Gràcia - Gran Via,24,41.390059,2.1676785
5107212908,Pg de Gràcia - Mallorca,24,41.3935051,2.1634095
5294584996,Pg de Gràcia - Rosselló,24,41.3960228,2.1599489
2528513653,Pg. de Gràcia - Consell de Cent,24,41.3916226,2.1654007
5113346721,Pg. de Gràcia - València,24,41.3933626,2.1632439
913181397,Pl Catalunya - Rambla Catalunya,24,41.3875958,2.1688503
5249411004,Pl Lesseps - Riera de Vallcarca,24,41.4067414,2.1495006
5250167928,Pl Sanllehy,24,41.4139553,2.1607805
5279964318,Riera de Cassoles - Guillem Tell,24,41.4028963,2.1499868
2578788825,Riera de Cassoles - Via Augusta,24,41.4014006,2.1510906
5122142535,Ronda Sant Pau - Parlament,24,41.3778307,2.1643166
5098357538,Trav de Dalt - La Granja,24,41.4088797,2.153531
5099275298,Trav de Dalt - Riera de Can Toda,24,41.4124394,2.1592703
5098357537,Trav de Dalt - Torrent de les Flors,24,41.4104867,2.1566384
5249411006,Trav de Dalt - Verdi,24,41.4089129,2.1530419
2573562112,Via Augusta - Diagonal,24,41.3964593,2.1550525
5122285252,Alcàntara - Garigliano,27,41.4454946,2.1723953
2517667260,Antonio Machado - Artesania,27,41.4443662,2.1707865
5345276565,Artesania - Antonio Machado,27,41.4451644,2.1710045
2203423147,Av Roma - Tarragona,27,41.3805169,2.1437368
5339810348,Av Vallcarca - Capellades,27,41.4190751,2.1409403
5354357282,Av Vallcarca - Hospital HM Delfos,27,41.4139797,2.1430976
5359874550,Av de Vallcarca - Baixada de la Glòria,27,41.410369,2.1470064
5351138233,Av de Vallcarca - Ballester,27,41.4097465,2.1474881
5311727536,Av de Vallcarca - Gomis,27,41.4118997,2.1443875
5351138236,Av de Vallcarca - Metro Penitents,27,41.4181064,2.1409086
5359874551,Av de Vallcarca - Pl Lesseps,27,41.4085542,2.1489938
5311727454,Av de Vallcarca - Viaducte de Vallcarca,27,41.4120537,2.1443532
5088995396,Balmes - Trav de Gràcia,27,41.3982716,2.1511451
2409339119,Balmes - Via Augusta,27,41.400866,2.1479015
2315190539,Buenos Aires - Comte d'Urgell,27,41.3920254,2.1466193
5351138235,CAP Vallcarca,27,41.4155008,2.1422194
12106960564,Estació de Sants - Pl Joan Peiró,27,41.3783844,2.1390515
5249411002,Guillem Tell - Riera de Cassoles,27,41.4027946,2.1489844
5351138234,Hospital HM Delfos,27,41.4133766,2.1428758
5241837962,Hospital Vall d'Hebron,27,41.4278045,2.1434095
5241807787,IES Narcís Monturiol,27,41.4320167,2.1453598
5247921370,Josep Tarradellas - Av de Sarrià,27,41.3909614,2.1440394
5249410994,Josep Tarradellas - Av.Sarrià,27,41.3895035,2.1431356
5249410992,Josep Tarradellas - Entença,27,41.386405,2.1424792
5249410996,Josep Tarradellas - Francesc Macià,27,41.3916245,2.1437535
2508645442,Josep Tarradellas - Numància,27,41.3811935,2.142084
1645362853,Josep Tarradellas - París,27,41.3863936,2.1429785
2508645444,Josep Tarradellas - Rosselló,27,41.3828648,2.1427031
1588786497,Josep Tarradellas - Viladomat,27,41.3891716,2.1435598
3350102719,Lesseps - Riera de Cassoles,27,41.406151,2.1498346
1933498386,Mercat Vall d'Hebron,27,41.4252248,2.1429105
5113279478,Metro Canyelles,27,41.441972,2.1668176
5241837963,Metro Montbau,27,41.4307523,2.1448208
5241303234,Palau d'Esports de la Vall d'Hebron,27,41.4279398,2.1441859
8255212623,Parc Sanitari Pere Virgili,27,41.4162854,2.1419702
5241303233,Parc de la Vall d'Hebron,27,41.4314121,2.1457761
12106325522,Pg Sant Antoni - Parc de l'Espanya Industrial,27,41.378295,2.1407621
12106307037,"Pg Sant Antoni, 53-55",27,41.3788948,2.1414556
5241837961,Pg Vall d'Hebron - Av Jordà,27,41.4242317,2.141667
983299163,Pg Vall d'Hebron - Natzaret,27,41.421543,2.1404661
5241303232,Pg. Vall d'Hebron - Av. Can Marcet,27,41.4356103,2.1483455
5241807789,Pg. Vall d'Hebron - Cementiri d'Horta,27,41.4397386,2.1583446
5241303231,Pg. Vall d'Hebron - Ctra. d'Horta,27,41.4380723,2.1534347
2293347501,Pg. Vall d'Hebron - Mundet,27,41.4351549,2.1471577
5241303235,Pg. Vall d'Hebron - Patronat Ribes,27,41.4223323,2.1412891
5241303230,Pg. Vall d'Hebron - Scala Dei,27,41.4390684,2.1577401
5241807788,Pg. Vall d'Hebron - Velòdrom,27,41.4372052,2.1497484
5107254024,Pl Gal·la Placídia,27,41.3995837,2.1522967
8255212621,Pl Karl Marx - Ronda Guineueta Vella,27,41.440538,2.1632206
5241809436,Pl. Karl Marx - Pg. Vall d'Hebron,27,41.4406986,2.1617321
728721425,Riera de Cassoles - Carolines,27,41.4036343,2.1500719
5247945808,Riera de Cassoles - Pl Lesseps,27,41.4057354,2.1501191
5247946070,Riera de Cassoles - Rambla de Prat,27,41.4015755,2.1512072
2447034095,Ronda Guineueta Vella - Antonio Machado,27,41.4414717,2.1622038
2447034104,Ronda Guineueta Vella - Barri Canyelles,27,41.4443365,2.1652094
2447034116,Ronda Guineueta Vella - Escola Deià,27,41.4448095,2.1678241
2447034102,Ronda Guineueta Vella - Juan Ramón Jiménez,27,41.4426131,2.1622166
5247930115,Trav de Gràcia - Balmes,27,41.3978145,2.1523273
5249410998,Travessera de Gràcia - Calvet,27,41.3934384,2.1454351
5247930117,Travessera de Gràcia - Muntaner,27,41.3953639,2.1484742
5249411000,Travessera de Gràcia - Muntaner,27,41.3956521,2.1487481
3648043116,Via Favència - Barri Canyelles,27,41.4429835,2.1696068
8364608160,Via Favència - Pl Karl Marx,27,41.4407372,2.1634488
13192859211,Ctra. C-17 - Av. l'Alzinar - Vallbona,320,41.4609255,2.1831961
12750836705,Estació d'Autobusos de Fabra i Puig,320,41.4317155,2.1829985
8852708521,Meridiana - Metro Clot,320,41.4100816,2.1870727
8255233280,Av de l'Exèrcit - Trias i Giró,33,41.3861326,2.111594
2503270795,Bruc-Provença,33,41.3972392,2.1655662
3477235350,Clot - Pont de Bac de Roda,33,41.414942,2.1905564
5572252922,Diagonal - Av Joan XXIII,33,41.3869211,2.1229748
5215106703,Diagonal - Av de Sarrià,33,41.3913233,2.140289
3350092763,Diagonal - Balmes,33,41.3953936,2.1553672
5264394015,Diagonal - Balmes,33,41.395483,2.1549863
1787081057,Diagonal - Doctor Fleming,33,41.3907255,2.1363311
5215106704,Diagonal - Entença,33,41.3903272,2.1364097
12323293315,Diagonal - Estació Verdaguer,33,41.3984717,2.1669433
1588786479,Diagonal - Francesc Macià,33,41.3931045,2.1462922
5264394012,Diagonal - Francesc Macià,33,41.3931699,2.1459073
5215106706,Diagonal - Gandesa,33,41.3884167,2.1289186
5214067407,Diagonal - Ganduxer,33,41.3916584,2.1400053
5215106707,Diagonal - Gran Via Carles III,33,41.3876059,2.1256713
5215106705,Diagonal - L'Illa Diagonal,33,41.3896046,2.133569
5215106708,Diagonal - Metro Palau Reial,33,41.3858505,2.1187625
3350102767,Diagonal - Muntaner,33,41.3941687,2.1504987
5264394014,Diagonal - Muntaner,33,41.3943154,2.1504216
5214067406,Diagonal - Numància,33,41.3895327,2.1316374
3350102971,Diagonal - Passeig de Gràcia,33,41.396849,2.160416
5261112721,Diagonal - Pau Claris,33,41.3967473,2.1606802
1787081052,Diagonal - Pl Reina Maria Cristina,33,41.3884779,2.1274569
12650684968,Diagonal-Bruc,33,41.3978449,2.1656165
3477235353,Guipúscoa - Bac de Roda,33,41.4149757,2.1955447
3477235354,Guipúscoa - Bac de Roda,33,41.4149162,2.1948849
8257481150,Guipúscoa - Bilbao,33,41.4123255,2.1920625
3477235356,Guipúscoa - Cantàbria,33,41.4198363,2.2019925
3477235357,Guipúscoa - Cantàbria,33,41.4200687,2.2017599
3477235360,Guipúscoa - Julián Besteiro,33,41.4164948,2.1975475
3477235363,Guipúscoa - Selva de Mar,33,41.4174412,2.1982847
3477235364,Guipúscoa - Treball,33,41.418153,2.1997679
5341631655,John M. Keynes - Diagonal,33,41.3862717,2.1165507
1806294674,Jordi Girona - John M Keynes,33,41.3877038,2.114791
3477235367,Mallorca - Dos de Maig,33,41.4073328,2.1804351
3477235369,Mallorca - Marina,33,41.4039181,2.1758785
3477235371,Mallorca - Meridiana,33,41.4125105,2.1874075
2573351864,Mallorca - Nàpols,33,41.4012615,2.172438
3477235372,Mallorca - Nàpols,33,41.4013076,2.172384
3477282393,Mallorca - Padilla,33,41.4056791,2.178252
3477235375,Mallorca - Pg Sant Joan,33,41.3998564,2.1704339
3477235376,Mallorca - Rogent,33,41.4103329,2.1844571
1564503283,Palau Reial,33,41.3856111,2.1161582
1375749536,Pl Pius XII,33,41.3869772,2.1215605
5159178084,Rambla Prim - Cantàbria,33,41.4248607,2.2009021
5159178083,Rambla Prim - Guipúzcoa,33,41.422318,2.2043894
5286239004,Rambla Prim - Santander,33,41.4251609,2.2014015
12397560869,Rambla Prim - Santander,33,41.4250259,2.2006857
5158641376,Rambla de Prim - Metro La Pau,33,41.4226323,2.2047439
11414511459,Santander - Ca N'Oliva,33,41.4275437,2.2021368
3477235386,València - Diagonal,33,41.4006982,2.17403
3477235387,València - Dos de Maig,33,41.4065364,2.181874
3477235389,València - Lepant,33,41.4032793,2.1775169
3477235391,València - Muntanya,33,41.4111995,2.1880767
3477235392,València - Padilla,33,41.4047817,2.1795343
3477282396,València - Rogent,33,41.4093448,2.1856445
5286239002,Via Trajana - Rbla Prim,33,41.4285843,2.1990634
588011465,Zona Universitària - Facultat d'Economia i Empresa,33,41.3848616,2.1113129
5182579621,Av de Sarrià - Diagonal,34,41.3915801,2.1370256
5333258149,Av de Sarrià - Mestre Villa,34,41.3922507,2.1327726
5249180703,Av dels Quinze - Serrano,34,41.4291686,2.1742798
2745572508,Benet Mateu - Manuel de Falla,34,41.3936613,2.1263198
8610047617,Berenguer de Palou - Baixada de La Sagrera,34,41.4211845,2.1912708
5173170431,Berenguer de Palou - Pare Manyanet,34,41.4269838,2.1916761
8610529228,Berenguer de Palou - Pont del Treball,34,41.4236945,2.1918059
2503270795,Bruc-Provença,34,41.3972392,2.1655662
13052284752,Capità Arenas - Francesc Carbonell,34,41.3920192,2.1252521
5173170435,Clot - Biscaia,34,41.4139258,2.1905654
3477235350,Clot - Pont de Bac de Roda,34,41.414942,2.1905564
5215106703,Diagonal - Av de Sarrià,34,41.3913233,2.140289
3350092763,Diagonal - Balmes,34,41.3953936,2.1553672
5264394015,Diagonal - Balmes,34,41.395483,2.1549863
5215106704,Diagonal - Entença,34,41.3903272,2.1364097
12323293315,Diagonal - Estació Verdaguer,34,41.3984717,2.1669433
1588786479,Diagonal - Francesc Macià,34,41.3931045,2.1462922
5264394012,Diagonal - Francesc Macià,34,41.3931699,2.1459073
5215106706,Diagonal - Gandesa,34,41.3884167,2.1289186
5214067407,Diagonal - Ganduxer,34,41.3916584,2.1400053
5215106705,Diagonal - L'Illa Diagonal,34,41.3896046,2.133569
3350102767,Diagonal - Muntaner,34,41.3941687,2.1504987
5264394014,Diagonal - Muntaner,34,41.3943154,2.1504216
3350102971,Diagonal - Passeig de Gràcia,34,41.396849,2.160416
5261112721,Diagonal - Pau Claris,34,41.3967473,2.1606802
12650684968,Diagonal-Bruc,34,41.3978449,2.1656165
5288764596,Dublín - Meridiana,34,41.4285851,2.1852093
5254788635,Escòcia,34,41.4286178,2.1794363
5287944518,Fabra i Puig - Arnau d'Oms,34,41.4303452,2.1776303
5287944520,Fabra i Puig - Gran de Sant Andreu,34,41.4301951,2.1892074
5287944519,Fabra i Puig - Llenguadoc,34,41.4302591,2.185454
5254788573,Fabra i Puig - Meridiana,34,41.4302622,2.1819818
3477235367,Mallorca - Dos de Maig,34,41.4073328,2.1804351
3477235369,Mallorca - Marina,34,41.4039181,2.1758785
3477235371,Mallorca - Meridiana,34,41.4125105,2.1874075
2573351864,Mallorca - Nàpols,34,41.4012615,2.172438
3477235372,Mallorca - Nàpols,34,41.4013076,2.172384
3477282393,Mallorca - Padilla,34,41.4056791,2.178252
3477235375,Mallorca - Pg Sant Joan,34,41.3998564,2.1704339
3477235376,Mallorca - Rogent,34,41.4103329,2.1844571
5127170050,Manuel Girona - Carles III,34,41.3921646,2.1282273
5262705001,Onze de Setembre - Virgili,34,41.4301614,2.1931057
5262619109,Pare Manyanet - Virgili,34,41.4281497,2.194609
5288764595,Rovira i Virgili - Parc de la Pegaso,34,41.4278805,2.1893424
8176627115,Rovira i Virgili - Parc de la Pegaso,34,41.4279079,2.1893047
5204783224,Sagrera - Martí Molins,34,41.4229883,2.1910864
2430077717,Sagrera - Múrcia,34,41.4177875,2.1915075
5204783225,Sagrera - Parc de la Pegaso,34,41.4263076,2.190914
2430077716,Sagrera - Pl. del General Moragues,34,41.4180957,2.1913122
2745572517,Santa Amèlia,34,41.3930482,2.1218466
1375321412,Santa Amèlia - Capità Arenas,34,41.3942099,2.1241108
3477235386,València - Diagonal,34,41.4006982,2.17403
3477235387,València - Dos de Maig,34,41.4065364,2.181874
3477235389,València - Lepant,34,41.4032793,2.1775169
3477235391,València - Muntanya,34,41.4111995,2.1880767
3477235392,València - Padilla,34,41.4047817,2.1795343
3477282396,València - Rogent,34,41.4093448,2.1856445
847721549,Av Mare de Déu de Montserrat - Cartagena,39,41.416031,2.1698913
847721552,Av Mare de Déu de Montserrat - Francesc Alegre,39,41.4156504,2.1675737
5099275299,Av Mare de Déu de Montserrat - França,39,41.4148156,2.1649218
846875629,Av Mare de Déu de Montserrat - Gènova,39,41.4165253,2.1701542
4729303994,Av Mare de Déu de Montserrat - La Bisbal,39,41.417988,2.1716907
3005520749,Av Mare de Déu de Montserrat - Praga,39,41.4141769,2.1623285
5360724546,Biada - Torrent de l'Olla,39,41.4049466,2.1543149
8173979201,Camèlies - Pau Alsina,39,41.4114015,2.1598417
3005520747,Camèlies - Praga,39,41.4130797,2.1629534
5122202123,Escorial - Clínica Notra Senyora del Remei,39,41.4098072,2.158995
5122202124,Escorial - Legalitat,39,41.4079443,2.1608097
4781966893,Escorial - Pl. Joanic,39,41.4061094,2.1625348
5279964924,Llúria - Aragó,39,41.3939218,2.1679363
5279964925,Llúria - Gran Via,39,41.3918905,2.170626
5122167154,Llúria - Mallorca,39,41.395499,2.1657923
5277894508,Llúria - Urquinaona,39,41.390188,2.1728831
2503270803,Pau Claris - Aragó,39,41.3927785,2.1669328
5127098734,Pau Claris - Gran Via,39,41.3909537,2.1693426
2528513687,Pau Claris - Mallorca,39,41.3945562,2.1646484
5361798907,Pau Claris - Rosselló,39,41.3964927,2.1620913
5167311923,Pg de Sant Joan - Còrsega,39,41.4024069,2.1659705
588362915,Pg. de Sant Joan - Travessera de Gràcia,39,41.4039837,2.1638959
5312172021,Pl Catalana - Amílcar,39,41.4212118,2.1728879
5312172022,Pl Catalana - Mascaró,39,41.4217804,2.1732037
6123166499,Pl Urquinaona,39,41.3893482,2.1728545
5122242677,Plaça de la Font Castellana,39,41.4151572,2.1668746
4861472021,Plaça del Nen de la Rutlla,39,41.4185843,2.1719412
5360724547,Providència - Alzina,39,41.4064807,2.1566799
5360724548,Providència - Pi i Margall,39,41.4103561,2.1635732
1483285554,Providència - Torrent de les Flors,39,41.4079465,2.1589993
5122178706,Rosselló - Bailèn,39,41.3996491,2.1658369
5122178707,Rosselló - Bruc,39,41.3980624,2.1637424
5113329960,Sardenya - Camèlies,39,41.4131348,2.1615565
5337128007,Torrent de l'Olla - Astùries,39,41.4032409,2.1558825
5361798908,Torrent de l'Olla - Còrsega,39,41.3986883,2.1610144
1368518328,Torrent de l'Olla - Penedès,39,41.4007928,2.1588855
5340650955,Pg Picasso - Comerç,39;51;120,41.3883559,2.1821276
3460290373,Gran Via - Selva de Mar,40,41.4136967,2.2009473
3460290374,Gran Via - St Martí Provençals,40,41.4157816,2.2037336
8399487639,Estació d'Autobusos Barcelona Nord,405,41.3943076,2.1826679
3460290367,Gran Via - Maresme,42,41.4176049,2.2061894
3460290373,Gran Via - Selva de Mar,42,41.4136967,2.2009473
3460290374,Gran Via - St Martí Provençals,42,41.4157816,2.2037336
5079333920,Gran Via-Metro Besòs,42,41.4203065,2.2097889
8300318414,Estació d'Autobusos Fabra i Puig,430,41.4316828,2.1832341
3459957419,Gran Via - Farell,46,41.3721557,2.1451664
3459957420,Gran Via - Ildefons Cerdà,46,41.3658538,2.1366085
3460264081,Gran Via - Mandoni,46,41.3695033,2.1419537
3459957423,Gran Via - Moianès,46,41.3702462,2.1426091
3460264083,Gran Via - Química,46,41.3652082,2.1363803
5568523469,Gran Via - Radi,46,41.3636821,2.1344773
3460264085,Gran Via - Santa Dorotea,46,41.3716481,2.1448371
5568523468,Ildefons Cerdà - Ciutat de la Justícia,46,41.3638735,2.1338562
5568523466,La Campana,46,41.3683333,2.1400638
5568523467,La Campana,46,41.3679026,2.1398343
2510578416,Paral·lel - Pl Espanya,46,41.374903,2.1505342
5568565865,Pl Espanya - FGC,46,41.373834,2.1471912
2517667259,Antonio Machado - E M de Natació,47,41.444269,2.1704712
2447034087,Arnau d'Oms - La Jota,47,41.4293174,2.1774137
4412201290,Av Gaudí,47,41.4100161,2.1751798
2490182951,Av Gaudí - Castillejos,47,41.4108459,2.1737752
1704312211,Av dels Quinze - Costa i Cuxart,47,41.4282923,2.17458
4721516006,Av dels Quinze - Passeig Maragall,47,41.4264216,2.1758543
2490901578,Bruc-Còrsega,47,41.3989035,2.1633545
2503270795,Bruc-Provença,47,41.3972392,2.1655662
2490182949,Còrsega-Bailén,47,41.4013659,2.1657038
4394781727,Doctor Pi i Molist - Fabra i Puig,47,41.4307857,2.174534
4394781710,Doctor Pi i Molist - Maladeta,47,41.4334728,2.1731864
5249180704,Doctor Pi i Molist - Orduña,47,41.4334215,2.1730539
4394781726,Doctor Pi i Molist - Plaça Virrei Amat,47,41.4308416,2.1746077
2482827804,Hospal del Mar,47,41.3833609,2.1948756
5351187779,Hospital del Mar,47,41.3831894,2.1946183
5100163744,Indústria - Independència,47,41.4126068,2.1784729
5261707829,Indústria - Lepant,47,41.4074672,2.1717768
5261112122,Indústria - Sardenya,47,41.4056158,2.1692725
5279964924,Llúria - Aragó,47,41.3939218,2.1679363
5279964925,Llúria - Gran Via,47,41.3918905,2.170626
5122167154,Llúria - Mallorca,47,41.395499,2.1657923
5277894508,Llúria - Urquinaona,47,41.390188,2.1728831
5113279476,Mercat de la Guineueta,47,41.4387874,2.1699828
5113279478,Metro Canyelles,47,41.441972,2.1668176
5100179129,Metro Maragall,47,41.424755,2.1774184
5157327022,Pas Sota Muralla - Pl Pau Vila,47,41.3811522,2.184438
2503270803,Pau Claris - Aragó,47,41.3927785,2.1669328
5127098734,Pau Claris - Gran Via,47,41.3909537,2.1693426
2528513687,Pau Claris - Mallorca,47,41.3945562,2.1646484
5024713749,Pepe Rubianes,47,41.3784202,2.1900717
5026623657,Pepe Rubianes,47,41.3784392,2.1897456
5024710190,Pg Joan de Borbó,47,41.3799373,2.1872686
4728093795,Pg Maragall - Indústria,47,41.4151637,2.1807946
5101082757,Pg Maragall - Ronda Guinardó,47,41.4242781,2.1770621
5101082756,Pg Maragall - Santa Joaquima Vedruna,47,41.4212098,2.179928
2577483952,Pg Marítim - Pepe Rubianes,47,41.3791659,2.1923018
5026625400,Pg Marítim - Pepe Rubianes,47,41.3791582,2.1921359
8173979193,Pg Verdum - Pl de la República,47,41.437785,2.1739735
5100410793,Pg Verdum - Plaça Jardins de l'Alfàbia,47,41.4369558,2.1734658
5167311923,Pg de Sant Joan - Còrsega,47,41.4024069,2.1659705
5026636007,Pg. Joan de Borbó,47,41.3800394,2.1874362
5100163742,Pg. Maragall - Manigua,47,41.4220009,2.1793798
4721548091,Pg. Maragall - Segle XX,47,41.4222079,2.1789692
4721552689,Pg. Maragall - Trinxant,47,41.4189673,2.1807351
2490116384,Pg. Maragall - Xiprer,47,41.4188984,2.1804966
1634950895,Pg. Valldaura - Fabra i Puig,47,41.4392069,2.1657339
1634948396,Pg. Valldaura - Guineueta,47,41.4394196,2.1656769
5122285253,Pg. Valldaura - Mercat de la Guineueta,47,41.4390642,2.169042
5113279475,Pg. Valldaura - Pr. de Verdum,47,41.4384045,2.1737127
5122285254,Pg. Valldaura - Rambla Caçador,47,41.438623,2.1735217
4394781711,Pg. de Verdum - Doctor Pi i Molist,47,41.4359855,2.1723991
5113279477,Pl. Karl Marx,47,41.4393883,2.1624644
3076793405,Pla de Palau - Pl Pau Vila,47,41.3825594,2.1849395
5308277761,Pla de las Madres de la Plaza de Mayo,47,41.4351701,2.172206
2482861033,Platja de la Barceloneta,47,41.3803265,2.1928471
5024716999,Platja de la Barceloneta,47,41.3810595,2.1934643
5100179128,Ramon Albó - Alexandre Galí,47,41.4266354,2.1773447
5351187780,Ramon Trias Fargas - Pg Marítim,47,41.3858338,2.1964569
2447034095,Ronda Guineueta Vella - Antonio Machado,47,41.4414717,2.1622038
2447034104,Ronda Guineueta Vella - Barri Canyelles,47,41.4443365,2.1652094
2447034116,Ronda Guineueta Vella - Escola Deià,47,41.4448095,2.1678241
2447034102,Ronda Guineueta Vella - Juan Ramón Jiménez,47,41.4426131,2.1622166
5122178706,Rosselló - Bailèn,47,41.3996491,2.1658369
5122178707,Rosselló - Bruc,47,41.3980624,2.1637424
4776361635,Sant Antoni Maria Claret - Independència,47,41.4132535,2.1769777
2490182953,Sant Antoni Maria Claret - Lepant,47,41.4082742,2.1703566
4156261299,Sant Antoni Maria Claret - Nàpols,47,41.4048948,2.1658725
2490154028,Sant Antoni Maria Claret - Rambla Volart,47,41.4152978,2.1796922
2490182945,Sant Antoni Maria Claret - Sardenya,47,41.4066275,2.1681676
2490901574,Urquinaona,47,41.3885675,2.1725267
3648043116,Via Favència - Barri Canyelles,47,41.4429835,2.1696068
8364608160,Via Favència - Pl Karl Marx,47,41.4407372,2.1634488
5157298363,Via Laietana - Comtal,47,41.3870929,2.1744813
12961526022,Via Laietana - Comtal,47,41.3873304,2.1744062
5157327023,Via Laietana - Correus,47,41.3831381,2.1797222
5160551775,Via Laietana - Manresa,47,41.3828563,2.1803179
2503270831,Via Laietana - Pl. Ramon Berenguer,47,41.3848724,2.1774308
12961526019,Via Laietana - Pl. Ramon Berenguer,47,41.3850624,2.1773978
5101082756,Pg Maragall - Santa Joaquima Vedruna,50,41.4212098,2.179928
3477235354,Guipúscoa - Bac de Roda,500,41.4149162,2.1948849
3477235361,Metro La Pau,500,41.422897,2.205579
12444530353,Rbla. de Guipúzcoa - Can Oliva,500,41.4231287,2.2063958
12444530351,Rbla. de Guipúzcoa - Espronceda,500,41.4141797,2.1944772
8300318414,Estació d'Autobusos Fabra i Puig,501,41.4316828,2.1832341
8300318414,Estació d'Autobusos Fabra i Puig,502,41.4316828,2.1832341
5101082756,Pg Maragall - Santa Joaquima Vedruna,51,41.4212098,2.179928
5026684365,Arizala - Avinguda Madrid,52,41.3764376,2.1250762
2533348165,Arizala - Les Corts,52,41.3785429,2.1237072
2509846207,Creu Coberta - Pl Espanya,52,41.3752002,2.1475062
2509846208,Creu Coberta - Pl Espanya,52,41.3750844,2.1468805
3459957414,Gran Via - Balmes,52,41.3882735,2.166348
3460290363,Gran Via - Balmes,52,41.3879117,2.1664349
5084227285,Gran Via - Calàbria,52,41.3801448,2.1555505
3459957416,Gran Via - Casanova,52,41.3842526,2.1609966
3460264080,Gran Via - Entença,52,41.3784161,2.1537889
2501096696,Gran Via - Muntaner,52,41.3843601,2.1616769
1719727399,Gran Via - Pl Espanya,52,41.3756919,2.1496088
5568566248,Gran Via - Urgell,52,41.3824274,2.1591255
3460264086,Gran Via - Viladomat,52,41.3801188,2.1560433
3459957432,Gran Via - Vilamarí,52,41.3774122,2.151919
3459957433,Gran Via - Villarroel,52,41.3827369,2.1589808
5024622840,Metro Badal,52,41.3755222,2.1280277
5026682207,Metro Badal,52,41.3755933,2.1287455
2509846202,Metro Hostafrancs,52,41.3751556,2.1448183
2509846203,Metro Hostafrancs,52,41.3752817,2.1445792
709125030,Metro Pl de Sants,52,41.3753365,2.1368005
2509846204,Metro Pl de Sants,52,41.375406,2.1365697
3459957439,Pl Universitat,52,41.3859308,2.1633348
5569990401,Pl Universitat,52,41.3860627,2.1639593
5026677551,Pl de Sants,52,41.375499,2.1341502
5024646737,Plaça de Sants,52,41.3753903,2.1343027
8264420316,Ronda Sant Pere - Pl Urquinaona,52,41.3885976,2.1714684
2509846218,Sants - Badal,52,41.3754172,2.13192
709125041,Sants - Gayarre,52,41.3752462,2.1395872
5024620393,Sants - Munné,52,41.3756248,2.1228443
2509846219,Sants - Premià,52,41.37537,2.139409
2509846220,Sants - Rambla del Brasil,52,41.3755334,2.1310786
5107161274,Aribau - Aragó,54,41.3879075,2.1600974
5107158418,Aribau - Gran Via,54,41.3860049,2.162598
814996957,Aribau - Mallorca,54,41.3896887,2.157727
2533348165,Arizala - Les Corts,54,41.3785429,2.1237072
5103486642,Av Madrid - Arizala,54,41.3770296,2.1251531
2570688946,Av Madrid - Benavent,54,41.3774572,2.1254543
2509846192,Av Madrid - Carles III,54,41.3787119,2.1276999
3477235342,Av Madrid - Carles III,54,41.3789035,2.1284386
3477235339,Av Madrid - Comte de Güell,54,41.3761078,2.1236432
2509846194,Av Madrid - Joan Güell,54,41.380833,2.1327249
2509846195,Av Madrid - Joan Güell,54,41.3805977,2.1313464
8190463691,Berlín - Nicaragua,54,41.3841344,2.1407454
8264714826,Berlín - Numància,54,41.3829405,2.1386458
6146303280,Cardenal Reig - Pintor Tapiró,54,41.3783298,2.1170769
4362317798,Cardenal Reig - Pisuerga,54,41.3771391,2.1146488
9180635114,Casp - Girona,54,41.3924545,2.1749677
5310519611,Casp - Nàpols,54,41.3959702,2.1795967
9180635116,Casp - Pau Claris,54,41.3893659,2.1708202
9180610190,Casp - Pg de Sant Joan,54,41.3942417,2.1773146
5026708856,Collblanc - Cardenal Reig,54,41.3758983,2.1146227
2510905933,Còrsega - Aribau,54,41.3921997,2.153483
1349449406,Còrsega - Hospital Clínc,54,41.3894615,2.1498412
5310519619,Estació del Nord,54,41.3943961,2.1818058
3459957414,Gran Via - Balmes,54,41.3882735,2.166348
3460290363,Gran Via - Balmes,54,41.3879117,2.1664349
3459957421,Gran Via - Llúria,54,41.3919509,2.1712488
3459957427,Gran Via - Pau Claris,54,41.3902938,2.1690605
1347954577,Les Corts - Aurora Bertrana,54,41.3770646,2.1198459
1580338861,Londres - Calàbria,54,41.3884914,2.1440582
1474608399,Londres - Hospital del Sagrat Cor,54,41.3898116,2.1458167
3475667388,Marina - Ribes,54,41.3977182,2.1829161
1474608410,Marquès de Sentmenat - Equador,54,41.3854241,2.1416072
6484252067,Marquès de Sentmenat - Numància,54,41.3849794,2.136735
2573607003,Metro Tetuan,54,41.3937613,2.1736649
5103535421,Muntaner - Diputació,54,41.3861569,2.1599471
2510905941,Muntaner - Roselló,54,41.3910753,2.1534435
2510905944,Muntaner - València,54,41.3885943,2.1567146
4639517089,París - Casanova,54,41.391195,2.1501158
5103516772,París - Comte d'Urgell,54,41.3894153,2.1477721
1474043726,París - Josep Tarradellas,54,41.3859176,2.1430899
8097436665,París - Viladomat,54,41.3875409,2.1452557
4401882589,Pg de Sant Joan - Alí-Bei,54,41.3925472,2.1788149
5569990401,Pl Universitat,54,41.3860627,2.1639593
2509846196,Pl del Centre,54,41.3819051,2.1360621
8264714833,Vallespir - Jardí de Margalí,54,41.3839313,2.134004
3801890820,Vallespir - Pl del Centre,54,41.3820571,2.1352482
5248797790,Av Miramar - Escoles del Bosc,55,41.3689901,2.1622836
5312277331,Av Miramar - Estació del Funicular,55,41.3688899,2.1631271
5313431865,Av Miramar - Fundació Joan Miró,55,41.3678245,2.1598633
5248797792,Av de l'Estadi - Pg Olímpic,55,41.3665201,2.1574827
5312277333,Av de l'Estadi - Vivers,55,41.3671404,2.158432
5291459845,Calàbria - Av Mistral,55,41.3772352,2.1583981
2510578391,Entença - Floridablanca,55,41.3756,2.1560152
4040253756,Floridablanca - Av Mistral,55,41.3766122,2.1561681
4508560142,Floridablanca - Comte d'Urgell,55,41.3806107,2.1614247
4040253757,Floridablanca - Viladomat,55,41.3781496,2.158171
5312277338,França Xica - Concòrdia,55,41.3721769,2.1592656
5312277339,França Xica - Grases,55,41.3720842,2.1562811
2560326738,Fundació Joan Miró - Pl Neptú,55,41.3678768,2.1596401
2510578407,Lleida - Av Paral·lel,55,41.3742176,2.1543169
2510578412,Lleida - Tamarit,55,41.3742196,2.1551645
5312277340,Manso - Comte Borrell,55,41.3775377,2.1616801
5341468363,Mare de Déu del Remei - Grases,55,41.373011,2.1569065
5312230026,Museu Nacional - Museu Etnològic,55,41.3686785,2.1560874
5312277334,Museu Nacional - Museu Etnològic,55,41.3686187,2.1560448
5312277335,Pg de Santa Madrona,55,41.369093,2.1583687
5312230025,Pg de Santa Madrona - Font del Gat,55,41.3691198,2.1582137
6131489568,Pg de l'Exposició - Sant Isidre,55,41.3710943,2.1594737
5312277336,Pg de l'Exposició - Santa Madrona,55,41.3705396,2.1585752
2484218128,Pl Catalunya - Pg de Gràcia,55,41.387777,2.169336
2509822944,Pl Dante,55,41.3686274,2.1652098
5204811545,Pl Urquinaona - Pau Claris,55,41.3890983,2.1725244
1072838408,Pl. Catalunya - Portal de l'Àngel,55,41.3865508,2.1710465
5568566247,Plaça Universitat - Pelai,55,41.3856127,2.1644744
5122242677,Plaça de la Font Castellana,55,41.4151572,2.1668746
5312277337,Poble Sec,55,41.371554,2.1605476
6131489567,Radas - Magalhäes,55,41.3725675,2.1605753
12351408135,Ronda Sant Antoni - Comte d'Urgell,55,41.3793791,2.1630678
4040253777,Ronda Sant Antoni - Pl Goya,55,41.3830438,2.1637929
2501068121,Ronda Universitat - Pl Universitat,55,41.3862638,2.1653236
2487149448,Sepúlveda - Muntaner,55,41.3834222,2.1626865
4040253781,Sepúlveda - Rocafort,55,41.3773351,2.1546496
2510578438,Vilamarí - Av Mistral,55,41.3757492,2.1534213
5247509966,Villarroel - Sepúlveda,55,41.3815019,2.161613
5312277332,Vivers Tres Pins,55,41.3663979,2.1588163
1426089992,Av. Diagonal - Gran Via Carles III,567,41.3878413,2.1266003
5572252925,Diagonal - Complex Esportiu Universitari,567,41.3832594,2.1078594
5391091029,Diagonal - Metro Zona Universitària,567,41.384854,2.1131804
1546525890,Diagonal - Parc de Cervantes,567,41.3836366,2.1083722
1787081052,Diagonal - Pl Reina Maria Cristina,567,41.3884779,2.1274569
1564503283,Palau Reial,567,41.3856111,2.1161582
1460386413,Zona Universitària - Escola T S d'Enginyeria,567,41.3850647,2.1156641
2508735736,Av Icària - Av Bogatell,59,41.3930089,2.1993073
2465943678,Av Icària - Joan Miró,59,41.39052,2.1959827
2509756978,Av Icària - Joan Miró,59,41.3904005,2.1963491
2465943681,Av. Icària - Àlaba,59,41.3931234,2.1990106
1864620012,Av. Litoral-Trelawny,59,41.386207,2.1947852
5214067410,Av. Sarrià - Josep Tarradellas,59,41.3903821,2.1450176
5089045644,Balmes - Pelai,59,41.3860876,2.1667892
8190463691,Berlín - Nicaragua,59,41.3841344,2.1407454
4504438801,Carles III - Mejía Lequerica,59,41.3852423,2.1275351
5244627349,Carles III - Mejía Lequerica,59,41.3842989,2.1272403
5315069895,Casanova - Aragó,59,41.3861518,2.1578798
2510905925,Casanova - Hospital Clínic,59,41.3904327,2.1525912
8267496535,Casanova - Mercat del Ninot,59,41.3885988,2.1546383
1349449406,Còrsega - Hospital Clínc,59,41.3894615,2.1498412
3459957416,Gran Via - Casanova,59,41.3842526,2.1609966
2501096696,Gran Via - Muntaner,59,41.3843601,2.1616769
5315069893,Gran Via Carles III - Pl Reina Maria Cristina,59,41.3869969,2.1268796
2482827804,Hospal del Mar,59,41.3833609,2.1948756
5351187779,Hospital del Mar,59,41.3831894,2.1946183
5247921370,Josep Tarradellas - Av de Sarrià,59,41.3909614,2.1440394
1645362853,Josep Tarradellas - París,59,41.3863936,2.1429785
1588786497,Josep Tarradellas - Viladomat,59,41.3891716,2.1435598
13578049665,La Rambla - Liceu,59,41.3816088,2.1730868
13566891962,La Rambla - Pl Catalunya,59,41.3853882,2.1704046
13578049664,La Rambla - Pl del Teatre,59,41.3787456,2.1756074
5245955760,Les Corts - Carles III,59,41.3827026,2.1287049
1474608391,Les Corts - Numància,59,41.3872705,2.1358128
5264616333,Les Corts - Pl Dr Ignasi Barraquer,59,41.3901116,2.1406322
5315069894,Les Corts - Prat d'En Rull,59,41.3885749,2.1379822
5259831075,Les Corts - Vallespir,59,41.385272,2.132653
5264616331,Les Corts - Vallespir,59,41.3855121,2.1327207
2577580283,Marina-Pl. dels Voluntaris,59,41.3883866,2.1955987
5245930157,Mercat de Les Corts,59,41.3836917,2.1299102
2509846206,Numància - Marquès de Sentmenat,59,41.3846113,2.1374286
5260292360,Numància - Parc Les Corts,59,41.3861501,2.1358521
5157327022,Pas Sota Muralla - Pl Pau Vila,59,41.3811522,2.184438
5024713749,Pepe Rubianes,59,41.3784202,2.1900717
5026623657,Pepe Rubianes,59,41.3784392,2.1897456
5024710190,Pg Joan de Borbó,59,41.3799373,2.1872686
2577483952,Pg Marítim - Pepe Rubianes,59,41.3791659,2.1923018
5026625400,Pg Marítim - Pepe Rubianes,59,41.3791582,2.1921359
5026636007,Pg. Joan de Borbó,59,41.3800394,2.1874362
5569990401,Pl Universitat,59,41.3860627,2.1639593
1072838408,Pl. Catalunya - Portal de l'Àngel,59,41.3865508,2.1710465
5024706199,Pla de Palau,59,41.3820931,2.1840999
3076793405,Pla de Palau - Pl Pau Vila,59,41.3825594,2.1849395
2482861033,Platja de la Barceloneta,59,41.3803265,2.1928471
5024716999,Platja de la Barceloneta,59,41.3810595,2.1934643
2482827807,Ramon Trias Fargas - Ronda Litoral,59,41.3861856,2.1959886
2501068121,Ronda Universitat - Pl Universitat,59,41.3862638,2.1653236
5157298363,Via Laietana - Comtal,59,41.3870929,2.1744813
5157327023,Via Laietana - Correus,59,41.3831381,2.1797222
2503270831,Via Laietana - Pl. Ramon Berenguer,59,41.3848724,2.1774308
5282305092,Vila Olímpica,59,41.3884439,2.1936457
2412575679,Villarroel - Aragó,59,41.3854342,2.1564229
1588786481,Villarroel - Buenos Aires,59,41.3920609,2.1476062
5216323989,Villarroel - Gran Via,59,41.3833606,2.1591448
5126759461,Villarroel - Hospital Clínic,59,41.3894749,2.1510673
8097436673,Villarroel - Mercat del Ninot,59,41.3868123,2.1545812
5182579621,Av de Sarrià - Diagonal,6,41.3915801,2.1370256
5333258149,Av de Sarrià - Mestre Villa,6,41.3922507,2.1327726
2503270795,Bruc-Provença,6,41.3972392,2.1655662
5215106703,Diagonal - Av de Sarrià,6,41.3913233,2.140289
3350092763,Diagonal - Balmes,6,41.3953936,2.1553672
5264394015,Diagonal - Balmes,6,41.395483,2.1549863
5215106704,Diagonal - Entença,6,41.3903272,2.1364097
12323293315,Diagonal - Estació Verdaguer,6,41.3984717,2.1669433
1588786479,Diagonal - Francesc Macià,6,41.3931045,2.1462922
5264394012,Diagonal - Francesc Macià,6,41.3931699,2.1459073
5215106706,Diagonal - Gandesa,6,41.3884167,2.1289186
5214067407,Diagonal - Ganduxer,6,41.3916584,2.1400053
5215106705,Diagonal - L'Illa Diagonal,6,41.3896046,2.133569
3350102767,Diagonal - Muntaner,6,41.3941687,2.1504987
5264394014,Diagonal - Muntaner,6,41.3943154,2.1504216
3350102971,Diagonal - Passeig de Gràcia,6,41.396849,2.160416
5261112721,Diagonal - Pau Claris,6,41.3967473,2.1606802
12650684968,Diagonal-Bruc,6,41.3978449,2.1656165
5587042745,Gran Via - Marina,6,41.3985954,2.1806564
3092785221,Gran Via - Roger de Flor,6,41.3961813,2.176881
3460290372,Gran Via - Roger de Flor,6,41.396059,2.1772624
5587042874,Gran Via - Sardenya,6,41.3987974,2.180379
5119920396,Llacuna - Ramon Turró,6,41.3986668,2.2022475
5127170050,Manuel Girona - Carles III,6,41.3921646,2.1282273
5331313097,Marina - Almogàvers,6,41.395199,2.1861987
3166867580,Marina - Ausiàs Marc,6,41.3968721,2.1843449
3316542525,Marina - Meridiana,6,41.3953406,2.186368
3475667388,Marina - Ribes,6,41.3977182,2.1829161
5160527628,Pallars - Ciutat de Granada,6,41.4003391,2.1968037
5160527629,Pallars - Pere IV,6,41.3987006,2.1946092
5209857608,Pallars - Zamora,6,41.39597,2.1908349
5102984153,Pg Sant Joan - Consell de Cent,6,41.397073,2.172502
1962314859,Pg de Sant Joan - Aragó,6,41.3973645,2.1724403
2573583899,Pg de Sant Joan - Diputació,6,41.3954322,2.174653
5312230023,Pg de Sant Joan - València,6,41.3987567,2.1705987
13052222750,Pg. Manuel Girona - Benet Mateu,6,41.3915984,2.1258326
5100098598,Pl Tetuan - Pg de Sant Joan,6,41.3954611,2.1753195
5277631680,Pujades - Ciutat de Granada,6,41.3987933,2.1967875
5277631678,Pujades - Joan d'Àustria,6,41.3937621,2.1899083
5120642096,Pujades - Llacuna,6,41.4005045,2.1990387
5277631679,Pujades - Àlaba,6,41.3960883,2.1931831
5120642095,Roc Boronat - Doctor Trueta,6,41.397717,2.2010861
6093146570,Roc Boronat - Llull,6,41.3992886,2.1989946
5254870448,Caracas - Clariana,60,41.4471275,2.2011494
8227938099,Caracas - Cuzco,60,41.4405894,2.2035117
5159158209,Caracas - Pl Celestí Boada,60,41.4393989,2.2036254
5159158213,Caracas - Potosí,60,41.4440424,2.2026699
5317118125,Ciutat d'Asunción - La Maquinista,60,41.4401885,2.2000842
5159158211,Ciutat d'Asunción - Potosí,60,41.4417073,2.199812
5241792492,Ciutat d'Asunción - Sant Adrià,60,41.4365026,2.201021
5159158212,Ciutat d'Asunción - Tucumán,60,41.4445969,2.1992535
8269740369,"Ciutat d'Asunción, 1",60,41.4348084,2.2010485
5316702246,Concili de Trento - Pl de la Pau,60,41.4222121,2.2107484
5317106097,Ctra de Ribes - Ronda de Dalt,60,41.4461052,2.1890493
5317129624,Fra Juníper Serra,60,41.4332652,2.2032334
5316831968,Fra Juníper Serra - Formiga,60,41.434117,2.2019483
5316831969,Fra Juníper Serra - Santander,60,41.4326745,2.2049477
5084113428,Gran Via - Ca n'Oliva,60,41.4203141,2.2091728
5241837962,Hospital Vall d'Hebron,60,41.4278045,2.1434095
5241807787,IES Narcís Monturiol,60,41.4320167,2.1453598
5159158210,Lima - Ciutat d'Asunción,60,41.4392287,2.2007822
1933498386,Mercat Vall d'Hebron,60,41.4252248,2.1429105
5113279478,Metro Canyelles,60,41.441972,2.1668176
5241837963,Metro Montbau,60,41.4307523,2.1448208
5241303234,Palau d'Esports de la Vall d'Hebron,60,41.4279398,2.1441859
5241303233,Parc de la Vall d'Hebron,60,41.4314121,2.1457761
5286238989,Pg Santa Coloma - Pg Torras i Bages,60,41.4447025,2.1892183
5241837961,Pg Vall d'Hebron - Av Jordà,60,41.4242317,2.141667
983299163,Pg Vall d'Hebron - Natzaret,60,41.421543,2.1404661
6146351934,Pg Vall d'Hebron - Trueba,60,41.4230509,2.1416199
5173170422,Pg. Santa Coloma - Pl. de la Modernitat,60,41.4462146,2.1935497
5173170421,Pg. Santa Coloma - Tiana,60,41.4483393,2.1995242
5204711493,Pg. Sta. Coloma - Baró de Viver,60,41.4485791,2.1997601
5204750985,Pg. Sta. Coloma - Nus de la Trinitat,60,41.4464317,2.1935383
5241303232,Pg. Vall d'Hebron - Av. Can Marcet,60,41.4356103,2.1483455
5241807789,Pg. Vall d'Hebron - Cementiri d'Horta,60,41.4397386,2.1583446
5241303231,Pg. Vall d'Hebron - Ctra. d'Horta,60,41.4380723,2.1534347
2293347501,Pg. Vall d'Hebron - Mundet,60,41.4351549,2.1471577
5241303230,Pg. Vall d'Hebron - Scala Dei,60,41.4390684,2.1577401
5241807788,Pg. Vall d'Hebron - Velòdrom,60,41.4372052,2.1497484
5241809436,Pl. Karl Marx - Pg. Vall d'Hebron,60,41.4406986,2.1617321
5241792493,Sant Adrià - Sas,60,41.4361125,2.2037319
10765646177,Santander - Cànem,60,41.4308569,2.2047107
5723437267,Santander - Ferrocarril,60,41.4312922,2.205339
5159158208,Sas - Claramunt,60,41.4377442,2.2041713
5255377041,Tiana - Campins,60,41.4476432,2.2009709
5316831966,Via Favènca - Trinitat Nova,60,41.4468218,2.1841772
5317105628,Via Favència - Aiguablava,60,41.4465537,2.1809453
8227763931,Via Favència - Almagro,60,41.443853,2.1719074
5113239566,Via Favència - Almansa,60,41.444899,2.1746389
3648043116,Via Favència - Barri Canyelles,60,41.4429835,2.1696068
5113239567,Via Favència - Biblioteca Les Roquetes,60,41.4458634,2.1774788
2512832397,Via Favència - Castor,60,41.442691,2.1702017
5316831967,Via Favència - Ctra de Ribes,60,41.447162,2.1899681
5248867265,Via Favència - IES Guineueta,60,41.4434504,2.1722565
5317105316,Via Favència - Lucena,60,41.4448784,2.1760355
5317105315,Via Favència - Molí,60,41.4459617,2.1802515
5317105314,Via Favència - Palamós,60,41.4465008,2.1843499
8364608160,Via Favència - Pl Karl Marx,60,41.4407372,2.1634488
5317105317,Via Favència - Rambla Caçador,60,41.44149,2.1671035
5723437269,Via Trajana - Binèfar,60,41.426973,2.2064459
5723464763,Via Trajana - Binèfar,60,41.4269214,2.2062831
5723437268,Via Trajana - Santander,60,41.4281528,2.2035222
9140042824,Via Trajana - Santander,60,41.4281443,2.2033182
12966187924,Can Dragó,602,41.432218,2.1826415
8399487639,Estació d'Autobusos Barcelona Nord,602,41.3943076,2.1826679
12750836701,Estació d'Autobusos de Fabra i Puig,602,41.4314515,2.183183
12013170558,"Rda. Sant Pere, 19-21",603,41.3895883,2.1741952
8399487639,Estació d'Autobusos Barcelona Nord,618,41.3943076,2.1826679
12286198837,Gran Via de les Corts Catalanes - Marina,618,41.3985458,2.1805875
12286198839,Gran Via de les Corts Catalanes - Nàpols,618,41.3960154,2.1772118
12286254508,Gran Via de les Corts Catalanes - Sardenya,618,41.3987883,2.1803694
12013170558,"Rda. Sant Pere, 19-21",618,41.3895883,2.1741952
5104238784,Av Rasos de Peguera - Complex Esportiu Can Cuiàs,62,41.4598715,2.1684501
5105670656,Av Rasos de Peguera - Meridiana,62,41.4621369,2.1796701
5104238788,Av Rasos de Peguera - Pedraforca,62,41.4605243,2.1738064
5104196753,Av Rasos de Peguera - Pl. Roja,62,41.4615543,2.1784781
12811217901,"Av. Meridiana, 277",62,41.4223638,2.1867572
5104154879,Bartrina - Pont del Dragó,62,41.4396074,2.1861709
5104154881,CAP Sant Andreu,62,41.4332556,2.1836022
5104126889,Consell de Cent - Meridiana,62,41.4065966,2.1864942
5105670655,Ctra C-17 - Estació de Torre Baró,62,41.4607249,2.1814248
8299800763,Ctra Nacional 152 - Av l'Alzinar,62,41.4609407,2.1831807
12800433862,Fabra i Puig,62,41.4283059,2.1846013
9409828586,Independència - Meridiana,62,41.4056753,2.1862565
5105610937,Les Agudes ( a Torre Baró-Vallbona ),62,41.4616411,2.1759289
5104196750,Les Agudes - Av Rasos de Peguera ( a Can Cuiàs ),62,41.4615986,2.175922
5105610940,Les Agudes - Can Cuiàs,62,41.4636628,2.1759499
7832867912,Les Agudes - Costabona ( a Can Cuiàs ),62,41.4627022,2.177356
5105610938,Les Agudes - Costabona ( a Torre Barò-Vallbona ),62,41.4627134,2.1773895
5104238782,Les Agudes 118-124,62,41.4612134,2.1740545
5104238783,Les Agudes 140,62,41.4604677,2.1719408
5105610939,Les Agudes 31,62,41.4635661,2.1782341
5104196752,Mercat Ciutat Meridiana,62,41.4624292,2.1782492
5104238787,Mercat Mare de Dèu de Núria,62,41.4599405,2.1725397
6093126105,Meridiana - Aragó,62,41.4079989,2.1866655
8274346677,Meridiana - Av Rio de Janeiro,62,41.4431441,2.1862195
5105706734,Meridiana - Biscaia,62,41.4167799,2.1867291
3979343896,Meridiana - Estació d'Autobusos Fabra i Puig,62,41.4306936,2.1830157
4469937246,Meridiana - Garbí,62,41.4521059,2.1885678
2578587258,Meridiana - Josep Estivill,62,41.4181804,2.187143
5104126888,Meridiana - Metro Clot,62,41.4094073,2.1870532
8852708521,Meridiana - Metro Clot,62,41.4100816,2.1870727
5105706733,Meridiana - Navas de Tolosa,62,41.4142897,2.1867297
9833748098,Meridiana - Navas de Tolosa,62,41.4142988,2.1870843
4394859911,Meridiana - Pare Pérez del Pulgar,62,41.4534353,2.1891799
5105706732,Meridiana - Pl del Doctor Serrat,62,41.4108597,2.1867057
5104154880,Meridiana - Riera de Sant Andreu,62,41.4355203,2.1844422
6092966965,Meridiana - València,62,41.4110564,2.1870332
13503292356,Meridiana 367,62,41.429149,2.1836384
12800433858,"Meridiana, 298",62,41.4224996,2.1871121
12811233601,"Meridiana, 323",62,41.4258072,2.1859057
12800433860,Meridiana. 320,62,41.4247481,2.186811
5104171163,Metro Torras i Bages,62,41.4427405,2.1908739
5104238785,Perafita,62,41.4594967,2.1688899
5104238786,Perafita - Av Rasos de Peguera,62,41.4596675,2.1704136
5286238999,Pg Torras i Bages - Via Favència,62,41.4458602,2.1906897
5289999706,Pl de Josep Andreu i Abelló,62,41.4479533,2.1905275
5104154878,Pl. de Mossèn Clapés,62,41.4417066,2.1875305
5104238776,Torrent del Bosc,62,41.4622314,2.1740313
5346840479,Vallcivera - Moixeró,62,41.45952,2.1767548
5105670657,Vallcivera - Pl Roja,62,41.4611831,2.1794
12739499100,Av. Meridiana / Av. de Rio de Janeiro,620,41.4426949,2.1861015
5105670655,Ctra C-17 - Estació de Torre Baró,620,41.4607249,2.1814248
8299800763,Ctra Nacional 152 - Av l'Alzinar,620,41.4609407,2.1831807
8299800764,Meridiana - Ctra de Ribes,620,41.4498805,2.1889242
5105670655,Ctra C-17 - Estació de Torre Baró,621,41.4607249,2.1814248
8299800763,Ctra Nacional 152 - Av l'Alzinar,621,41.4609407,2.1831807
12750832995,Estació d'Autobusos de Fabra i Puig,621,41.4312591,2.1832519
8299800764,Meridiana - Ctra de Ribes,621,41.4498805,2.1889242
12811302503,Av. Meridiana - Felip II (Sagrera),621;e3,41.4198408,2.1870669
5107161274,Aribau - Aragó,63,41.3879075,2.1600974
5107158418,Aribau - Gran Via,63,41.3860049,2.162598
5245955761,Av Pedralbes - Pg Manuel Girona,63,41.3899365,2.1189886
359940831,Av Pedralbes - Tòquio,63,41.3900281,2.1191479
5241258738,Av d'Esplugues,63,41.3898818,2.1091719
2732794588,Av d'Esplugues - Av Pearson,63,41.3922324,2.111591
2732811280,Av d'Esplugues - Av Pearson,63,41.3932575,2.1120061
5241875232,Av d'Esplugues - Dr Joaquim Albarrán,63,41.3900238,2.1091119
2467767474,Av d'Esplugues - Eduard Toldrà,63,41.3879311,2.1065757
5214112976,Av d'Esplugues - González Tablas,63,41.3870491,2.1058091
4898273022,Av d'Esplugues - Hospital Sant Joan de Déu,63,41.3849551,2.1039812
5245955762,Av. Pedralbes - Cavallers,63,41.3929515,2.1151466
5245955764,Av. Pedralbes - Cavallers,63,41.3930397,2.1152598
5241258739,Av. d'Esplugues - González Tablas,63,41.3874487,2.1066381
5089045646,Balmes - Aragó,63,41.3894218,2.1623993
5089045645,Balmes - Gran Via,63,41.3876925,2.1646755
2510905925,Casanova - Hospital Clínic,63,41.3904327,2.1525912
2510905930,Casanova - París,63,41.3912723,2.1511208
5572252922,Diagonal - Av Joan XXIII,63,41.3869211,2.1229748
5215106703,Diagonal - Av de Sarrià,63,41.3913233,2.140289
1787081057,Diagonal - Doctor Fleming,63,41.3907255,2.1363311
5215106704,Diagonal - Entença,63,41.3903272,2.1364097
5264394012,Diagonal - Francesc Macià,63,41.3931699,2.1459073
5215106706,Diagonal - Gandesa,63,41.3884167,2.1289186
5214067407,Diagonal - Ganduxer,63,41.3916584,2.1400053
5215106707,Diagonal - Gran Via Carles III,63,41.3876059,2.1256713
5215106705,Diagonal - L'Illa Diagonal,63,41.3896046,2.133569
5214067406,Diagonal - Numància,63,41.3895327,2.1316374
1787081052,Diagonal - Pl Reina Maria Cristina,63,41.3884779,2.1274569
4898259324,Parc de Cervantes,63,41.3852455,2.1046731
1374308501,Pl. Pius XII,63,41.3879858,2.1218521
13566891965,Plaça Catalunya - Final de trajecte,63,41.3862858,2.1697689
2510905947,Provença - Aribau,63,41.3903665,2.1555763
3477235384,València - Balmes,63,41.390261,2.1601701
3477235390,València - Muntaner,63,41.3885244,2.1578866
3477282399,València - Villarroel,63,41.3868171,2.1556033
1588786481,Villarroel - Buenos Aires,63,41.3920609,2.1476062
5126759461,Villarroel - Hospital Clínic,63,41.3894749,2.1510673
3459957419,Gran Via - Farell,65,41.3721557,2.1451664
3459957420,Gran Via - Ildefons Cerdà,65,41.3658538,2.1366085
3460264081,Gran Via - Mandoni,65,41.3695033,2.1419537
3459957423,Gran Via - Moianès,65,41.3702462,2.1426091
3460264083,Gran Via - Química,65,41.3652082,2.1363803
5568523469,Gran Via - Radi,65,41.3636821,2.1344773
3460264085,Gran Via - Santa Dorotea,65,41.3716481,2.1448371
5568523468,Ildefons Cerdà - Ciutat de la Justícia,65,41.3638735,2.1338562
5568523466,La Campana,65,41.3683333,2.1400638
5568523467,La Campana,65,41.3679026,2.1398343
2510578416,Paral·lel - Pl Espanya,65,41.374903,2.1505342
5568565865,Pl Espanya - FGC,65,41.373834,2.1471912
8264714826,Berlín - Numància,66,41.3829405,2.1386458
5107161274,Aribau - Aragó,67,41.3879075,2.1600974
5107158418,Aribau - Gran Via,67,41.3860049,2.162598
814996957,Aribau - Mallorca,67,41.3896887,2.157727
5089045646,Balmes - Aragó,67,41.3894218,2.1623993
5089045647,Balmes - Rosselló,67,41.3935813,2.1568814
364731447,Balmes - València,67,41.3911218,2.1601502
2510905930,Casanova - París,67,41.3912723,2.1511208
2510905933,Còrsega - Aribau,67,41.3921997,2.153483
5215084447,Diagonal - Av Doctor Marañón,67,41.3842047,2.1115904
5572252922,Diagonal - Av Joan XXIII,67,41.3869211,2.1229748
5215106703,Diagonal - Av de Sarrià,67,41.3913233,2.140289
5572252925,Diagonal - Complex Esportiu Universitari,67,41.3832594,2.1078594
1787081057,Diagonal - Doctor Fleming,67,41.3907255,2.1363311
5215106704,Diagonal - Entença,67,41.3903272,2.1364097
5264394012,Diagonal - Francesc Macià,67,41.3931699,2.1459073
5215106706,Diagonal - Gandesa,67,41.3884167,2.1289186
5214067407,Diagonal - Ganduxer,67,41.3916584,2.1400053
5215106707,Diagonal - Gran Via Carles III,67,41.3876059,2.1256713
5215106705,Diagonal - L'Illa Diagonal,67,41.3896046,2.133569
5577284921,Diagonal - Manuel Ballbé,67,41.3840667,2.1100683
5215106708,Diagonal - Metro Palau Reial,67,41.3858505,2.1187625
5391091029,Diagonal - Metro Zona Universitària,67,41.384854,2.1131804
5214067406,Diagonal - Numància,67,41.3895327,2.1316374
1546525890,Diagonal - Parc de Cervantes,67,41.3836366,2.1083722
5214067405,Diagonal - Pl Pius XII,67,41.3872554,2.1226538
1787081052,Diagonal - Pl Reina Maria Cristina,67,41.3884779,2.1274569
3460290363,Gran Via - Balmes,67,41.3879117,2.1664349
1564503283,Palau Reial,67,41.3856111,2.1161582
4639517089,París - Casanova,67,41.391195,2.1501158
8284102530,París - Enric Granados,67,41.3936858,2.153454
5127098733,Rda. Sant Pere - Pl. de Catalunya,67,41.3882923,2.1706537
2501068121,Ronda Universitat - Pl Universitat,67,41.3862638,2.1653236
1588786481,Villarroel - Buenos Aires,67,41.3920609,2.1476062
1460386413,Zona Universitària - Escola T S d'Enginyeria,67,41.3850647,2.1156641
5241258738,Av d'Esplugues,68,41.3898818,2.1091719
2732794588,Av d'Esplugues - Av Pearson,68,41.3922324,2.111591
2732811280,Av d'Esplugues - Av Pearson,68,41.3932575,2.1120061
5241875232,Av d'Esplugues - Dr Joaquim Albarrán,68,41.3900238,2.1091119
2467767474,Av d'Esplugues - Eduard Toldrà,68,41.3879311,2.1065757
5241258739,Av. d'Esplugues - González Tablas,68,41.3874487,2.1066381
5241258737,Bisbe Català - Pl Pedralbes,68,41.3960673,2.1144971
364217663,Bisbe Català - Pl. de Pedralbes,68,41.3959245,2.1141524
5126759462,Calvet - Diagonal,68,41.3935408,2.1449269
5126759463,Calvet - Tenor Viñas,68,41.3960336,2.1418048
4730852328,Casanova - Diagonal,68,41.3931802,2.1485558
2510905930,Casanova - París,68,41.3912723,2.1511208
2510905941,Muntaner - Roselló,68,41.3910753,2.1534435
4898259324,Parc de Cervantes,68,41.3852455,2.1046731
4639517089,París - Casanova,68,41.391195,2.1501158
2195921306,Pg Bonanova,68,41.4001391,2.1238556
8676719057,Pg Reina Elisenda - Av JV Foix,68,41.3983819,2.1185318
2195921307,Pg. Bonanova,68,41.399984,2.1233197
5127179246,Pg. Reina Elisenda - Av. JV Foix,68,41.398496,2.1184531
5127179247,Pg. Reina Elisenda - Major de Sarrià,68,41.3999043,2.121075
2408256843,Pl de Sarrià,68,41.3998709,2.1213536
8286796476,Provença - Casanova,68,41.3896308,2.154593
5127153268,Santaló - Mercat Galvany,68,41.3970051,2.144145
5127153269,Santaló - Trav de Gràcia,68,41.394858,2.1468817
5126759466,Via Augusta - Alt Gironella,68,41.3976907,2.133655
5127161915,Via Augusta - Amigó,68,41.3980835,2.1407967
5126759464,Via Augusta - Calvet,68,41.3977421,2.1392257
2195924839,Via Augusta - Els Vergós,68,41.3985344,2.1253579
5126759465,Via Augusta - Ganduxer,68,41.3977234,2.1359038
5247475596,Via Augusta - Modolell,68,41.3978715,2.1366285
2195921305,Via Augusta - Pau Alcover,68,41.398463,2.1258971
8286796474,Via Augusta - Pl Orient,68,41.3976913,2.1287476
5247475595,Via Augusta - Ronda General Mitre,68,41.3978558,2.1338364
5720591839,Via Augusta - Ronda General Mitre,68,41.3976952,2.1319443
1588786481,Villarroel - Buenos Aires,68,41.3920609,2.1476062
5089045646,Balmes - Aragó,7,41.3894218,2.1623993
5089045647,Balmes - Rosselló,7,41.3935813,2.1568814
364731447,Balmes - València,7,41.3911218,2.1601502
4685556552,Diagonal - Agricultura,7,41.4096413,2.2130498
5215084447,Diagonal - Av Doctor Marañón,7,41.3842047,2.1115904
5572252922,Diagonal - Av Joan XXIII,7,41.3869211,2.1229748
5215106703,Diagonal - Av de Sarrià,7,41.3913233,2.140289
4685552193,Diagonal - Bac de Roda,7,41.4076337,2.2050112
5264394015,Diagonal - Balmes,7,41.395483,2.1549863
4685550614,Diagonal - Ciutat de Granada,7,41.4041799,2.1912532
1787081057,Diagonal - Doctor Fleming,7,41.3907255,2.1363311
5215106704,Diagonal - Entença,7,41.3903272,2.1364097
4685552190,Diagonal - Fluvià,7,41.4079656,2.2047752
1588786479,Diagonal - Francesc Macià,7,41.3931045,2.1462922
5264394012,Diagonal - Francesc Macià,7,41.3931699,2.1459073
5215106706,Diagonal - Gandesa,7,41.3884167,2.1289186
5214067407,Diagonal - Ganduxer,7,41.3916584,2.1400053
5215106707,Diagonal - Gran Via Carles III,7,41.3876059,2.1256713
1819068915,Diagonal - Josep Pla,7,41.4100551,2.2130969
5215106705,Diagonal - L'Illa Diagonal,7,41.3896046,2.133569
3338797571,Diagonal - Llull,7,41.410569,2.2153167
5215106708,Diagonal - Metro Palau Reial,7,41.3858505,2.1187625
4685555738,Diagonal - Metro Selva de Mar,7,41.4088809,2.2099545
3350102767,Diagonal - Muntaner,7,41.3941687,2.1504987
5264394014,Diagonal - Muntaner,7,41.3943154,2.1504216
5214067406,Diagonal - Numància,7,41.3895327,2.1316374
4685551798,Diagonal - Parc del Poblenou,7,41.4063602,2.1982626
4685551891,Diagonal - Pere IV,7,41.4062782,2.1995863
2610196517,Diagonal - Pl Llevant,7,41.4104893,2.2162685
1787081052,Diagonal - Pl Reina Maria Cristina,7,41.3884779,2.1274569
4344584662,Diagonal - Rambla del Poblenou,7,41.4052054,2.1952055
5127061355,Diagonal - Rambla del Poblenou,7,41.4054422,2.1948225
3350102763,Diagonal - Roc Boronat,7,41.404585,2.1912554
4001180108,Diagonal - Selva de Mar,7,41.4091743,2.2095524
3460290363,Gran Via - Balmes,7,41.3879117,2.1664349
3459957421,Gran Via - Llúria,7,41.3919509,2.1712488
3460290366,Gran Via - Llúria,7,41.3918531,2.1716712
5587042745,Gran Via - Marina,7,41.3985954,2.1806564
3459957425,Gran Via - Padilla,7,41.4004741,2.1826304
3460290370,Gran Via - Padilla,7,41.400393,2.1832728
3459957427,Gran Via - Pau Claris,7,41.3902938,2.1690605
3460290371,Gran Via - Pau Claris,7,41.3901087,2.1693431
3092785221,Gran Via - Roger de Flor,7,41.3961813,2.176881
3460290372,Gran Via - Roger de Flor,7,41.396059,2.1772624
5587042874,Gran Via - Sardenya,7,41.3987974,2.180379
12341692129,Metro Glòries,7,41.4030841,2.1883406
12479061911,Metro Glòries,7,41.4024015,2.1872824
2573607003,Metro Tetuan,7,41.3937613,2.1736649
3460290377,Metro Tetuan,7,41.3937783,2.1742182
5333359546,Metro Zona Universitària,7,41.3848114,2.1114727
1564503283,Palau Reial,7,41.3856111,2.1161582
2528513677,Pg de Gràcia - Aragó,7,41.3918876,2.1654106
4239796690,Pg de Gràcia - Diagonal,7,41.3961672,2.1601149
5107212909,Pg de Gràcia - Gran Via,7,41.390059,2.1676785
5107212908,Pg de Gràcia - Mallorca,7,41.3935051,2.1634095
1375749536,Pl Pius XII,7,41.3869772,2.1215605
1460386413,Zona Universitària - Escola T S d'Enginyeria,7,41.3850647,2.1156641
8286917375,Badal - Canalejas,70,41.3751673,2.1304136
709102361,Badal - Sants,70,41.3753239,2.1307433
364829715,Capità Arenas - Pg Manuel Girona,70,41.3908488,2.1257901
4504442957,Carles III - Les Corts,70,41.3821521,2.1284865
4736344136,Carles III - Les Corts,70,41.3818561,2.1280075
1553616948,Carles III - Maria Cristina,70,41.3876677,2.1269878
4504438801,Carles III - Mejía Lequerica,70,41.3852423,2.1275351
5244627349,Carles III - Mejía Lequerica,70,41.3842989,2.1272403
5122315539,Carles III - Numància,70,41.3916742,2.1292386
1588825783,Diagonal - Joan Güell,70,41.3880112,2.1280983
5330150034,Ganduxer - Alacant,70,41.4001684,2.1335835
5330150033,Ganduxer - Emancipació,70,41.4031609,2.1312866
5127161914,Ganduxer - Via Augusta,70,41.3984989,2.1349
8084922538,Gran Via Carles III - Av Madrid,70,41.3799659,2.1292611
5333540534,Mandri - Artesa de Segre,70,41.4029612,2.1340317
5351312755,Mandri - Emancipació,70,41.4037651,2.1331502
5127170050,Manuel Girona - Carles III,70,41.3921646,2.1282273
5122315540,Maria Cristina - Carles III,70,41.3893358,2.1280473
5253058039,Mitre - Avinguda Sarrià,70,41.3930201,2.1311458
5099337387,Mitre - Doctor Fleming,70,41.3947949,2.1334264
5126734073,Mitre - Doctor Fleming,70,41.3948812,2.1337432
5099304728,Mitre - Ganduxer,70,41.398761,2.1334617
5099304729,Mitre - Mandri,70,41.4004544,2.1351194
5099337386,Mitre - Prat de la Riba,70,41.3932721,2.1313014
4860084434,Pg Bonanova - Horaci,70,41.4051947,2.1310003
8286917381,Rambla de Brasil - Miquel Àngel,70,41.3772466,2.1301014
8286917376,Rambla del Brasil - Roger,70,41.3772467,2.1295628
8286917377,Rambla del Brasil - Violant d'Hongria,70,41.3789027,2.1289928
8399487639,Estació d'Autobusos Barcelona Nord,"721,",41.3943076,2.1826679
8399487639,Estació d'Autobusos Barcelona Nord,"728,",41.3943076,2.1826679
2467767474,Av d'Esplugues - Eduard Toldrà,75,41.3879311,2.1065757
5241258737,Bisbe Català - Pl Pedralbes,75,41.3960673,2.1144971
5101040217,Aiguablava - Nou Barris,76,41.4474147,2.1805013
5101040218,Aiguablava - Pedrosa,76,41.448935,2.1821535
8184529849,Aiguablava - Sa Tuna,76,41.452884,2.186509
5101040219,Aiguablava - Tamariu,76,41.4501291,2.1840817
7756584369,Av Jordà - Hosptital St Rafael,76,41.425126,2.1414261
5293063255,Av Jordà - Idumea,76,41.4266285,2.1389465
1933498389,Av Jordà - Judea,76,41.4252427,2.1404117
5104238784,Av Rasos de Peguera - Complex Esportiu Can Cuiàs,76,41.4598715,2.1684501
5104238788,Av Rasos de Peguera - Pedraforca,76,41.4605243,2.1738064
5104196753,Av Rasos de Peguera - Pl. Roja,76,41.4615543,2.1784781
5346840482,Av de Vallbona,76,41.4583511,2.1839592
5347333205,Av de Vallbona - CAP Ctat Meridiana,76,41.4609221,2.1806735
5363736897,Av l'Alzinar - Tapioles,76,41.4629492,2.1836212
5329274830,Av l'Alzinar - Transversal,76,41.4616472,2.1828174
5293063251,Camí de Sant Genís - Natzaret,76,41.4281023,2.1372188
5344688440,Castelldefels - Llerona,76,41.4597518,2.1816349
5293063250,Centre Cívic Casa Groga,76,41.4270741,2.1369061
5293063249,Escola Oficial d'Idiomes Vall d'Hebron,76,41.4266169,2.1385481
5344802484,Escolapi Càncer - Metro Torre Baró/Vallbona,76,41.4588327,2.1804627
5344802483,Estació RENFE,76,41.4614025,2.1801518
5241837962,Hospital Vall d'Hebron,76,41.4278045,2.1434095
5293063253,Hospital Vall d'Hebron - Natzaret,76,41.4293449,2.1382547
5241807787,IES Narcís Monturiol,76,41.4320167,2.1453598
5105610937,Les Agudes ( a Torre Baró-Vallbona ),76,41.4616411,2.1759289
5104196750,Les Agudes - Av Rasos de Peguera ( a Can Cuiàs ),76,41.4615986,2.175922
5105610940,Les Agudes - Can Cuiàs,76,41.4636628,2.1759499
7832867912,Les Agudes - Costabona ( a Can Cuiàs ),76,41.4627022,2.177356
5105610938,Les Agudes - Costabona ( a Torre Barò-Vallbona ),76,41.4627134,2.1773895
5104238782,Les Agudes 118-124,76,41.4612134,2.1740545
5104238783,Les Agudes 140,76,41.4604677,2.1719408
5105610939,Les Agudes 31,76,41.4635661,2.1782341
5104196752,Mercat Ciutat Meridiana,76,41.4624292,2.1782492
5104238787,Mercat Mare de Dèu de Núria,76,41.4599405,2.1725397
1933498386,Mercat Vall d'Hebron,76,41.4252248,2.1429105
5113279476,Mercat de la Guineueta,76,41.4387874,2.1699828
4394859911,Meridiana - Pare Pérez del Pulgar,76,41.4534353,2.1891799
5241837963,Metro Montbau,76,41.4307523,2.1448208
5293063254,Natzaret - Av Jordà,76,41.4276075,2.1369942
5241303234,Palau d'Esports de la Vall d'Hebron,76,41.4279398,2.1441859
5241303233,Parc de la Vall d'Hebron,76,41.4314121,2.1457761
5104238785,Perafita,76,41.4594967,2.1688899
5104238786,Perafita - Av Rasos de Peguera,76,41.4596675,2.1704136
5241303232,Pg. Vall d'Hebron - Av. Can Marcet,76,41.4356103,2.1483455
5241807789,Pg. Vall d'Hebron - Cementiri d'Horta,76,41.4397386,2.1583446
5241303231,Pg. Vall d'Hebron - Ctra. d'Horta,76,41.4380723,2.1534347
2293347501,Pg. Vall d'Hebron - Mundet,76,41.4351549,2.1471577
5241303230,Pg. Vall d'Hebron - Scala Dei,76,41.4390684,2.1577401
5241807788,Pg. Vall d'Hebron - Velòdrom,76,41.4372052,2.1497484
1634950895,Pg. Valldaura - Fabra i Puig,76,41.4392069,2.1657339
1634948396,Pg. Valldaura - Guineueta,76,41.4394196,2.1656769
5122285253,Pg. Valldaura - Mercat de la Guineueta,76,41.4390642,2.169042
5113279475,Pg. Valldaura - Pr. de Verdum,76,41.4384045,2.1737127
5122285254,Pg. Valldaura - Rambla Caçador,76,41.438623,2.1735217
5289999706,Pl de Josep Andreu i Abelló,76,41.4479533,2.1905275
5113279477,Pl. Karl Marx,76,41.4393883,2.1624644
5241809436,Pl. Karl Marx - Pg. Vall d'Hebron,76,41.4406986,2.1617321
5309227701,S'Agaró - Llosa,76,41.4491979,2.187513
5309227702,S'Agaró - Sa Tuna,76,41.4514436,2.1878541
8290301738,Sant Genís dels Agudells - Natzaret,76,41.4291394,2.1380315
5309227700,Tamariu - Palamós,76,41.4495018,2.185491
5104238776,Torrent del Bosc,76,41.4622314,2.1740313
7832867898,Vallcivera - Av Rasos de Peguera,76,41.4595007,2.1760603
5105670657,Vallcivera - Pl Roja,76,41.4611831,2.1794
5317105315,Via Favència - Molí,76,41.4459617,2.1802515
5317105314,Via Favència - Palamós,76,41.4465008,2.1843499
5100410790,Via Júlia - Mas Duran,76,41.4435268,2.178721
8155291603,Via Júlia - Pl Francesc Layret,76,41.4425393,2.1779054
5101040216,Via Júlia - Ptge Quintana,76,41.4450101,2.1789659
5361259508,Via Júlia - Turó Blau,76,41.4392077,2.1754888
7820646267,Via Júlia- Font d'en Canyelles,76,41.440536,2.1763357
5100410791,Via Júlia-Sant Francesc Xavier,76,41.4415807,2.1775731
5245955761,Av Pedralbes - Pg Manuel Girona,78,41.3899365,2.1189886
359940831,Av Pedralbes - Tòquio,78,41.3900281,2.1191479
2203423147,Av Roma - Tarragona,78,41.3805169,2.1437368
5241258738,Av d'Esplugues,78,41.3898818,2.1091719
2732794588,Av d'Esplugues - Av Pearson,78,41.3922324,2.111591
2732811280,Av d'Esplugues - Av Pearson,78,41.3932575,2.1120061
5241875232,Av d'Esplugues - Dr Joaquim Albarrán,78,41.3900238,2.1091119
2467767474,Av d'Esplugues - Eduard Toldrà,78,41.3879311,2.1065757
5245955762,Av. Pedralbes - Cavallers,78,41.3929515,2.1151466
5245955764,Av. Pedralbes - Cavallers,78,41.3930397,2.1152598
5241258739,Av. d'Esplugues - González Tablas,78,41.3874487,2.1066381
5572252922,Diagonal - Av Joan XXIII,78,41.3869211,2.1229748
1787081057,Diagonal - Doctor Fleming,78,41.3907255,2.1363311
5215106706,Diagonal - Gandesa,78,41.3884167,2.1289186
5215106707,Diagonal - Gran Via Carles III,78,41.3876059,2.1256713
5214067406,Diagonal - Numància,78,41.3895327,2.1316374
1787081052,Diagonal - Pl Reina Maria Cristina,78,41.3884779,2.1274569
5098285332,Entença - Montnegre,78,41.388528,2.1394804
2198032017,Nicaragua - Josep Tarradellas,78,41.3828875,2.141864
2198032014,Nicaragua - Parc Les Corts,78,41.3862384,2.137805
2198032016,Numància - Av Roma,78,41.3812068,2.1413469
3477235379,Numància - Berlín,78,41.3827806,2.1394393
2198012844,Numància - Diagonal,78,41.3891177,2.1328882
2509846206,Numància - Marquès de Sentmenat,78,41.3846113,2.1374286
5260292360,Numància - Parc Les Corts,78,41.3861501,2.1358521
4898259324,Parc de Cervantes,78,41.3852455,2.1046731
12106325522,Pg Sant Antoni - Parc de l'Espanya Industrial,78,41.378295,2.1407621
12106307037,"Pg Sant Antoni, 53-55",78,41.3788948,2.1414556
12106307038,Pl de Joan Peiró - Estació de Sants,78,41.3782181,2.1392324
1374308501,Pl. Pius XII,78,41.3879858,2.1218521
8399487639,Estació d'Autobusos Barcelona Nord,"788,",41.3943076,2.1826679
12856588665,Av Paral·lel - Pl. Espanya,79,41.3748282,2.1520748
5322223723,Ctra del Prat - Energia,79,41.360667,2.1342885
2510578416,Paral·lel - Pl Espanya,79,41.374903,2.1505342
5100410790,Via Júlia - Mas Duran,80,41.4435268,2.178721
8155291603,Via Júlia - Pl Francesc Layret,80,41.4425393,2.1779054
5101040216,Via Júlia - Ptge Quintana,80,41.4450101,2.1789659
5361259508,Via Júlia - Turó Blau,80,41.4392077,2.1754888
5100410789,Via Júlia - Via Favència,80,41.4455383,2.1796187
7820646267,Via Júlia- Font d'en Canyelles,80,41.440536,2.1763357
5100410791,Via Júlia-Sant Francesc Xavier,80,41.4415807,2.1775731
10832069132,Gran Via de les Corts Catalanes - Pg. de Gràcia,803,41.3903863,2.1697329
12523087148,Gran Via Corts Catalanes - Roger de Flor,804,41.3961655,2.176866
10832069132,Gran Via de les Corts Catalanes - Pg. de Gràcia,804,41.3903863,2.1697329
10832069132,Gran Via de les Corts Catalanes - Pg. de Gràcia,805,41.3903863,2.1697329
5077787374,Plaça Tetuan - Gran Via,805,41.3951534,2.1763486
12523087148,Gran Via Corts Catalanes - Roger de Flor,806,41.3961655,2.176866
10832069132,Gran Via de les Corts Catalanes - Pg. de Gràcia,806,41.3903863,2.1697329
5077787374,Plaça Tetuan - Gran Via,806,41.3951534,2.1763486
12523087148,Gran Via Corts Catalanes - Roger de Flor,808,41.3961655,2.176866
12286198837,Gran Via de les Corts Catalanes - Marina,808,41.3985458,2.1805875
12286198839,Gran Via de les Corts Catalanes - Nàpols,808,41.3960154,2.1772118
12286254508,Gran Via de les Corts Catalanes - Sardenya,808,41.3987883,2.1803694
12013170558,"Rda. Sant Pere, 19-21",808,41.3895883,2.1741952
5248867262,Almansa - Joan Riera,81,41.4427648,2.1752744
50102453,Almansa - Via Favència,81,41.4440607,2.174338
5345276565,Artesania - Antonio Machado,81,41.4451644,2.1710045
5345276573,Cantera - Llobera,81,41.4493046,2.1776458
5345276575,Mercat Mare de Déu de Montserrat,81,41.4462211,2.179111
7823479441,Mina de la Ciutat - Pla de Fornells,81,41.4481282,2.1756805
5345276574,Pla de Fornells - Jaume Pinent,81,41.4464215,2.1766799
5248867265,Via Favència - IES Guineueta,81,41.4434504,2.1722565
5100410790,Via Júlia - Mas Duran,81,41.4435268,2.178721
5361259508,Via Júlia - Turó Blau,81,41.4392077,2.1754888
5100410789,Via Júlia - Via Favència,81,41.4455383,2.1796187
7820646267,Via Júlia- Font d'en Canyelles,81,41.440536,2.1763357
5100410791,Via Júlia-Sant Francesc Xavier,81,41.4415807,2.1775731
4394781711,Pg. de Verdum - Doctor Pi i Molist,82,41.4359855,2.1723991
8367849945,Ronda Guineueta Vella - Pl. Karl Marx,82,41.4415709,2.1617025
5105670658,Centre Esportiu Ciutat Meridiana,83,41.459386,2.1762373
5104196750,Les Agudes - Av Rasos de Peguera ( a Can Cuiàs ),83,41.4615986,2.175922
5359285376,Calderón de la Barca - Agudells,86,41.4215759,2.1555016
5339810361,Calderón de la Barca - Alcalde de Zalamea,86,41.4206488,2.1568149
5339810362,Calderón de la Barca - Ctra del Carmel,86,41.4189799,2.1573198
5359285375,Calderón de la Barca - Lloregós,86,41.4232757,2.1547215
5339810343,Conca de Tremp - Agudells,86,41.4223244,2.1565097
5339810341,Conca de Tremp - Queixans,86,41.4200754,2.1574885
8429334434,Ctra del Carmel - Albert Llanas,86,41.4170191,2.1565486
5298009067,Ctra del Carmel - Gran Vista,86,41.418324,2.157272
5298009073,Ctra del Carmel - Mühlberg,86,41.4179709,2.1576437
5298009074,Ctra del Carmel - Pasteur,86,41.4174844,2.1581556
5298009066,Ctra del Carmel - Pl Raimon Casellas,86,41.4168472,2.1588151
6096836411,Dante Alighieri - Estoril,86,41.4290335,2.1621542
6096810253,Dante Alighieri - Rambla del Carmel,86,41.4275815,2.157573
5317126617,Dante Alighieri - Sacedón,86,41.4260949,2.1544987
6096836412,Dante Alighieri - Santa Joana d'Arc,86,41.4284312,2.1600687
5292406560,Llobregós - Lluís Marià Vidal,86,41.4246158,2.1566587
5347011342,Llobregós - Pantà de Tremp,86,41.4239348,2.155339
8429334436,Porto - Lisboa,86,41.4294606,2.1576418
5282305093,Rambla del Carmel,86,41.4257629,2.1575414
5282305094,Rambla del Carmel - Dante Alighieri,86,41.4272638,2.1572282
5359285374,Ramon Rocafull - Moratin,86,41.4243198,2.152318
5347011345,Tajo - Baixada Mercat,86,41.4297448,2.1601629
5354357277,Aldea - Font del Remei,87,41.4185002,2.1499852
5279964319,Av República Argentina - Escipió,87,41.408647,2.1470649
2493101520,Av República Argentina - Vallcarca,87,41.4113554,2.1439506
5359874550,Av de Vallcarca - Baixada de la Glòria,87,41.410369,2.1470064
5359874551,Av de Vallcarca - Pl Lesseps,87,41.4085542,2.1489938
5359874541,Baixada de la Plana - Tajo,87,41.4295196,2.1591807
6096810253,Dante Alighieri - Rambla del Carmel,87,41.4275815,2.157573
5317126617,Dante Alighieri - Sacedón,87,41.4260949,2.1544987
5354357276,Duran i Borrell - Baixada de Sant Marià,87,41.4180443,2.1493228
5359874549,Farigola - Cambrils,87,41.4118286,2.1464385
5359874548,Farigola - Mare de Déu del Coll,87,41.413465,2.1467625
5359822923,Farigola - Móra d'Ebre,87,41.4143509,2.1474332
5359874544,Font del Coll - Móra d'Ebre,87,41.4195825,2.1501073
12811758775,"Gra de Gràcia, 160",87,41.4021983,2.1529276
1357211268,Gran de Gràcia - Lesseps,87,41.4061662,2.1500472
1368519188,Gran de Gràcia - Metro Fontana,87,41.4018041,2.1532808
1357211251,Gran de Gràcia - Pl Trilla,87,41.4035051,2.1521794
3350102719,Lesseps - Riera de Cassoles,87,41.406151,2.1498346
5282237879,Lletres - Dante Alighieri,87,41.4278373,2.157939
5347011340,Llobregós - Fastenrath,87,41.4217324,2.1512975
5292406560,Llobregós - Lluís Marià Vidal,87,41.4246158,2.1566587
5347011342,Llobregós - Pantà de Tremp,87,41.4239348,2.155339
5292384561,Llobregós - Pg Maragall,87,41.4278143,2.1633709
5292384560,Llobregós - Torrent del Carmel,87,41.4265265,2.1603204
5359819120,Mare de Déu del Coll - Baixada de la Glòria,87,41.4104696,2.148095
5359822922,Mare de Déu del Coll - Farigola,87,41.4131869,2.1468731
5359819119,Mare de Déu del Coll - Maignon,87,41.4085716,2.1499563
5359822921,Mare de Déu del Coll - Medes,87,41.4119122,2.1468267
5359874545,Móra d'Ebre - Baixada de Sant Marià,87,41.4181472,2.1490478
5359874547,Móra d'Ebre - Sant Eudald,87,41.4150626,2.1476441
5359874546,Móra d'Ebre - Solanell,87,41.4167884,2.1482911
5359822924,Pg Maragall - Tajo,87,41.4294041,2.1621376
5359874542,Pg Mare de Déu del Coll - Ourense,87,41.4228309,2.1510384
5293374260,Pg Mare de Déu del Coll - Ramon Rocafull,87,41.4248094,2.1520565
5359874543,Pg Mare de Déu del Coll - Santuari,87,41.420668,2.1495776
5347011339,Pg. Mare de Déu del Coll - Lorda,87,41.4205313,2.1493342
5249411004,Pl Lesseps - Riera de Vallcarca,87,41.4067414,2.1495006
5282237880,Rambla del Carmel,87,41.4259528,2.1583305
5282305093,Rambla del Carmel,87,41.4257629,2.1575414
5282305094,Rambla del Carmel - Dante Alighieri,87,41.4272638,2.1572282
5279964318,Riera de Cassoles - Guillem Tell,87,41.4028963,2.1499868
5107294199,Santuari - Ceuta,87,41.4201417,2.1513534
5088955952,Santuari - l'Hortal,87,41.4202289,2.1510922
5354357279,Tirso - Mora la Nova,87,41.4189863,2.1509642
5354357278,Tirso - Pl Laguna Lanau,87,41.4177218,2.1500934
2855821671,Torrent del Remei - Riu de la Plata,87,41.4161315,2.1483422
5359819118,Trav de Gràcia - Pl Gal·la Placídia,87,41.3989231,2.1540232
5347011341,Llobregós - Murtra,87;N4,41.4224134,2.1525821
5368504933,Agrícola - Tram V,88,41.350856,2.1578546
5368499207,Atlàntic - Mar Groga,88,41.3254449,2.1417251
5368504925,Atlàntic - Mar Groga,88,41.325704,2.1417098
5368504922,Av dels Ports d'Europa - Atlàntic,88,41.3217208,2.1402851
5368499219,Av dels Ports d'Europa - ZAL,88,41.3216218,2.147641
5368499216,Av dels Ports d'Europa - Índic,88,41.3219381,2.1406843
5368504926,Carrer Y - Zona Franca,88,41.3284324,2.143331
5368499218,Mar Roja - Antàrtic,88,41.3225815,2.1453628
5368499220,Mar Roja - Índic,88,41.3224082,2.1452875
192327539,Metro Paral·lel,88,41.375051,2.1704306
11153179560,Metro Zal Riu Vell,88,41.3251301,2.1340419
5368382509,Moll Contradic,88,41.3625039,2.1714483
5368382510,Moll Costa,88,41.3643102,2.1728447
5368499199,Moll Costa,88,41.3642361,2.1728922
5368382511,Moll Ponent,88,41.3690755,2.1749773
5368499198,Moll Ponent,88,41.3690045,2.1751058
5368382512,Moll Sant Bertran - Moll Barcelona,88,41.3725777,2.1765059
5368499197,Moll Sant Bertran - Moll Barcelona,88,41.372926,2.1769695
5368499201,Moll Sud,88,41.3586733,2.1666024
5368504934,Moll Sud,88,41.3584302,2.1661968
5368499200,Moll Sud - Moll Oest,88,41.3601981,2.1679391
8081810774,Moll Sud - Moll Oest,88,41.3597845,2.1671323
5609791817,Paral·lel - Cabanes,88,41.3747983,2.1706364
5024694587,Paral·lel - Drassanes,88,41.3745435,2.1747399
5026646853,Paral·lel - Drassanes,88,41.3747712,2.1746463
5024685799,Paral·lel - Vila i Vilà,88,41.37489,2.1672715
5368504923,Service Center,88,41.3223615,2.1364352
11153225675,Service Center Sentit Barcelona,88,41.3223545,2.136415
5368499202,Tram V - Porta 29,88,41.3451943,2.1481504
5368504930,Tram V - Porta 29,88,41.3453981,2.1481167
5368504927,Tram VI - Carrer 3,88,41.3336868,2.1408791
5368504928,Tram VI - Edifici ASTA,88,41.3361109,2.1423553
5368504929,Tram VI - Edifici TERSACO,88,41.3406651,2.145159
5368499205,Tran VI - Carrer 3,88,41.3330486,2.1406641
5368499204,Tran VI - Edifici ASTA,88,41.3348245,2.1417676
5368499203,Tran VI - Edifici TERSACO,88,41.3402221,2.1450778
5368504932,Álvaez de la Campa - Agrícola,88,41.3473811,2.1552489
5368504931,Álvaez de la Campa - Moll Álvarez de la Campa,88,41.3485853,2.1582696
5368499207,Atlàntic - Mar Groga,89,41.3254449,2.1417251
5368504925,Atlàntic - Mar Groga,89,41.325704,2.1417098
5368504922,Av dels Ports d'Europa - Atlàntic,89,41.3217208,2.1402851
5368499219,Av dels Ports d'Europa - ZAL,89,41.3216218,2.147641
5368499216,Av dels Ports d'Europa - Índic,89,41.3219381,2.1406843
5368504926,Carrer Y - Zona Franca,89,41.3284324,2.143331
5368499218,Mar Roja - Antàrtic,89,41.3225815,2.1453628
5368499220,Mar Roja - Índic,89,41.3224082,2.1452875
192327539,Metro Paral·lel,89,41.375051,2.1704306
5368382509,Moll Contradic,89,41.3625039,2.1714483
5368382510,Moll Costa,89,41.3643102,2.1728447
5368499199,Moll Costa,89,41.3642361,2.1728922
5368382511,Moll Ponent,89,41.3690755,2.1749773
5368499198,Moll Ponent,89,41.3690045,2.1751058
5368382512,Moll Sant Bertran - Moll Barcelona,89,41.3725777,2.1765059
5368499197,Moll Sant Bertran - Moll Barcelona,89,41.372926,2.1769695
5368499201,Moll Sud,89,41.3586733,2.1666024
5368504934,Moll Sud,89,41.3584302,2.1661968
5368499200,Moll Sud - Moll Oest,89,41.3601981,2.1679391
8081810774,Moll Sud - Moll Oest,89,41.3597845,2.1671323
5609791817,Paral·lel - Cabanes,89,41.3747983,2.1706364
5024694587,Paral·lel - Drassanes,89,41.3745435,2.1747399
5026646853,Paral·lel - Drassanes,89,41.3747712,2.1746463
5024685799,Paral·lel - Vila i Vilà,89,41.37489,2.1672715
5368504923,Service Center,89,41.3223615,2.1364352
11153225675,Service Center Sentit Barcelona,89,41.3223545,2.136415
5368499202,Tram V - Porta 29,89,41.3451943,2.1481504
5368504930,Tram V - Porta 29,89,41.3453981,2.1481167
5368504927,Tram VI - Carrer 3,89,41.3336868,2.1408791
5368504928,Tram VI - Edifici ASTA,89,41.3361109,2.1423553
5368504929,Tram VI - Edifici TERSACO,89,41.3406651,2.145159
5368499205,Tran VI - Carrer 3,89,41.3330486,2.1406641
5368499204,Tran VI - Edifici ASTA,89,41.3348245,2.1417676
5368499203,Tran VI - Edifici TERSACO,89,41.3402221,2.1450778
3459957419,Gran Via - Farell,902,41.3721557,2.1451664
3459957420,Gran Via - Ildefons Cerdà,902,41.3658538,2.1366085
3460264081,Gran Via - Mandoni,902,41.3695033,2.1419537
3459957423,Gran Via - Moianès,902,41.3702462,2.1426091
3460264083,Gran Via - Química,902,41.3652082,2.1363803
5568523469,Gran Via - Radi,902,41.3636821,2.1344773
3460264085,Gran Via - Santa Dorotea,902,41.3716481,2.1448371
5568523468,Ildefons Cerdà - Ciutat de la Justícia,902,41.3638735,2.1338562
5568523466,La Campana,902,41.3683333,2.1400638
5568523467,La Campana,902,41.3679026,2.1398343
5291476383,Pl Espanya - Av Reina Maria Cristina,902,41.3741411,2.1495538
5568565865,Pl Espanya - FGC,902,41.373834,2.1471912
12018403851,Pl. Espanya,902,41.3723832,2.1507446
4370077001,Badal - Av Carrilet,91,41.3665952,2.1346402
5291459845,Calàbria - Av Mistral,91,41.3772352,2.1583981
5322369564,Constitució - Mossèn Amadeu Oller,91,41.3699194,2.1377084
5322369565,Constitució - Riera de Tena,91,41.3695323,2.1345656
5322369569,Ctra de la Bordeta - Àliga,91,41.373168,2.1438466
4040253756,Floridablanca - Av Mistral,91,41.3766122,2.1561681
4040253757,Floridablanca - Viladomat,91,41.3781496,2.158171
5322369563,Gavà - Ptge Solsona,91,41.3710595,2.1398604
3460264085,Gran Via - Santa Dorotea,91,41.3716481,2.1448371
5568566009,Gran Via Corts Catalanes,91,41.3742875,2.1485066
9560854977,La Campana,91,41.3677134,2.1391355
5322369568,Magòria,91,41.369655,2.1416996
5322369570,Manso - Calàbria,91,41.3765782,2.1603958
5245975785,Moianès - Cuyàs,91,41.3709715,2.1422996
5122142535,Ronda Sant Pau - Parlament,91,41.3778307,2.1643166
5322369562,Sant Pere d'Abanto - Moianès,91,41.3717725,2.142919
5319921703,Sepúlveda - Av. Mistral,91,41.3757519,2.1525094
4040253781,Sepúlveda - Rocafort,91,41.3773351,2.1546496
12811217901,"Av. Meridiana, 277",96,41.4223638,2.1867572
5104154879,Bartrina - Pont del Dragó,96,41.4396074,2.1861709
5105574810,Bifurcació - Ctra Nacional 152,96,41.4670286,2.1788941
5104154881,CAP Sant Andreu,96,41.4332556,2.1836022
5105670655,Ctra C-17 - Estació de Torre Baró,96,41.4607249,2.1814248
8299800763,Ctra Nacional 152 - Av l'Alzinar,96,41.4609407,2.1831807
5104238774,Ctra Nacional 152 - Bifurcació,96,41.4670693,2.1789878
12800433862,Fabra i Puig,96,41.4283059,2.1846013
5328155381,Garcilaso - Juan de Garay,96,41.4228719,2.1863477
12976321401,"Juan de Garay, 116",96,41.422565,2.1857443
8274346677,Meridiana - Av Rio de Janeiro,96,41.4431441,2.1862195
8299800764,Meridiana - Ctra de Ribes,96,41.4498805,2.1889242
3979343896,Meridiana - Estació d'Autobusos Fabra i Puig,96,41.4306936,2.1830157
4469937246,Meridiana - Garbí,96,41.4521059,2.1885678
4394859911,Meridiana - Pare Pérez del Pulgar,96,41.4534353,2.1891799
5104154880,Meridiana - Riera de Sant Andreu,96,41.4355203,2.1844422
13503292356,Meridiana 367,96,41.429149,2.1836384
12811233601,"Meridiana, 323",96,41.4258072,2.1859057
12800433860,Meridiana. 320,96,41.4247481,2.186811
5104171163,Metro Torras i Bages,96,41.4427405,2.1908739
5286594891,Pg. de Sta. Coloma - Ctra. de Ribes,96,41.4450743,2.189803
5104154878,Pl. de Mossèn Clapés,96,41.4417066,2.1875305
5329274823,Av Sivatte - Ctra C-17,97,41.4635691,2.1810798
5363736897,Av l'Alzinar - Tapioles,97,41.4629492,2.1836212
5329274830,Av l'Alzinar - Transversal,97,41.4616472,2.1828174
5329274824,CEIP Ciutat Comtal,97,41.4627947,2.1825478
5329274828,Camp Municipal de futbol Vallbona,97,41.4640788,2.1854952
5329274826,Castelladral - Oristà,97,41.4641365,2.1853156
5329274825,Centre d'Activitats Vallbona,97,41.463196,2.1838392
5105670655,Ctra C-17 - Estació de Torre Baró,97,41.4607249,2.1814248
8300318414,Estació d'Autobusos Fabra i Puig,97,41.4316828,2.1832341
8274346677,Meridiana - Av Rio de Janeiro,97,41.4431441,2.1862195
8299800764,Meridiana - Ctra de Ribes,97,41.4498805,2.1889242
4469937246,Meridiana - Garbí,97,41.4521059,2.1885678
4394859911,Meridiana - Pare Pérez del Pulgar,97,41.4534353,2.1891799
8300318413,Meridiana - Pl de Mossèn Clapés,97,41.4422947,2.1864383
5329274827,Pl Primer de Maig,97,41.4661688,2.1859883
5119904556,Port Olímpic,99,41.3880717,2.1972716
12739499100,Av. Meridiana / Av. de Rio de Janeiro,A1,41.4426949,2.1861015
12750833000,Estació d'Autobusos de Fabra i Puig,A1,41.4314973,2.1831849
4893836322,Gran Via - Comte Borrell,A1,41.3817987,2.1582757
5568566009,Gran Via Corts Catalanes,A1,41.3742875,2.1485066
1386880776,Pl Catalunya - Andana Central,A1,41.3875895,2.1704925
5569990401,Pl Universitat,A1,41.3860627,2.1639593
3736714964,Pl. Espanya - Creu Coberta,A1,41.374392,2.1480194
4322891593,"Sepúlveda-Comte d'Urgell, 123",A1;A2,41.38093,2.1593743
12811208601,Av. Meridiana - Felip II (Sagrera),A2,41.4196949,2.1867789
12811302503,Av. Meridiana - Felip II (Sagrera),A2,41.4198408,2.1870669
12739499100,Av. Meridiana / Av. de Rio de Janeiro,A2,41.4426949,2.1861015
12750836701,Estació d'Autobusos de Fabra i Puig,A2,41.4314515,2.183183
4893836322,Gran Via - Comte Borrell,A2,41.3817987,2.1582757
5568566009,Gran Via Corts Catalanes,A2,41.3742875,2.1485066
1386880778,Pl Catalunya - Fontanella,A2,41.3872608,2.1708952
5569990401,Pl Universitat,A2,41.3860627,2.1639593
3736714964,Pl. Espanya - Creu Coberta,A2,41.374392,2.1480194
12739499100,Av. Meridiana / Av. de Rio de Janeiro,A4,41.4426949,2.1861015
5105670655,Ctra C-17 - Estació de Torre Baró,A4,41.4607249,2.1814248
12750832997,Estació d'Autobusos de Fabra i Puig,A4,41.4313497,2.1832028
8299800764,Meridiana - Ctra de Ribes,A4,41.4498805,2.1889242
12170158612,Benzinera,A6,41.4305267,2.1284203
12173146328,Benzinera,A6,41.4304414,2.128478
12170185424,Ctra. de la Rabassada Km. 0,A6,41.4182525,2.1385006
12170083866,Ctra. de la Rabassada Km. 1 (Fecsa-Endesa),A6,41.4225882,2.1382804
12170185426,Ctra. de la Rabassada Km. 1 (Fecsa-Endesa),A6,41.4224106,2.1381623
12170185427,Font del Bacallà,A6,41.4278581,2.1270783
12170083862,Font delBacallà,A6,41.4280003,2.1273849
12170083858,La Gossera,A6,41.4340362,2.1338756
12170158613,La Gossera,A6,41.433947,2.1340309
3350102719,Lesseps - Riera de Cassoles,A6,41.406151,2.1498346
12170083864,Vall Parc,A6,41.4249646,2.1350215
5339810350,Vall Park,A6,41.4247741,2.1352627
12170083857,Vista Rica,A6,41.4310439,2.125842
12170158615,Vista Rica,A6,41.4314203,2.1264888
12170083868,ctra. de l'Arrabassada Km 0,A6,41.4182993,2.1386325
5330012438,Ctra d'Horta - Pg de Valldaura,A7,41.4372974,2.1535742
5330012423,Ctra d'Horta - Ronda de Dalt,A7,41.4396489,2.1543491
10230366417,Forat del Vent,A7,41.4472168,2.1403351
12178574464,Forat del Vent,A7,41.4471426,2.1404917
5241837962,Hospital Vall d'Hebron,A7,41.4278045,2.1434095
3350102719,Lesseps - Riera de Cassoles,A7,41.406151,2.1498346
5241303234,Palau d'Esports de la Vall d'Hebron,A7,41.4279398,2.1441859
5310519613,Diagonal - Complex Esportiu Universitari,Andbus,41.3840878,2.1117323
5241837962,Hospital Vall d'Hebron,B19,41.4278045,2.1434095
5173170421,Pg. Santa Coloma - Tiana,B19,41.4483393,2.1995242
5241745239,Pg. Valldaura - Andreu Nin,B19,41.4392884,2.1825001
5286594888,Pg. Valldaura - Av. Rio de Janeiro,B19,41.43945,2.1826288
5104154878,Pl. de Mossèn Clapés,B19,41.4417066,2.1875305
5210870531,Almogàvers - Roger de Flor,B20,41.3917344,2.182713
4379759690,Almogàvers . Marina,B20,41.3942909,2.1861533
4040253755,Arc de Triomf,B20,41.3912901,2.1787386
5277894502,Llull - Llacuna,B20,41.4001174,2.2010614
5277894499,Llull - Selva de Mar,B20,41.4069178,2.210061
5277894508,Llúria - Urquinaona,B20,41.390188,2.1728831
4685543343,Marroc - Bilbao,B20,41.4069723,2.1986049
5209857608,Pallars - Zamora,B20,41.39597,2.1908349
4040253760,Passeig Lluís Companys - Arc de Triomf,B20,41.3907013,2.1802367
4040253761,Passeig Lluís Companys - Jutjats,B20,41.3888311,2.1826852
2469174888,Passeig Pujades - Parc de la Ciutadella,B20,41.389978,2.1850499
5209874215,Pere IV - Josep Pla,B20,41.4159441,2.2079119
535635462,Pg. Sant Joan - Ausiàs Marc,B20,41.3924203,2.1786555
5277631680,Pujades - Ciutat de Granada,B20,41.3987933,2.1967875
5120618944,Pujades - Espronceda,B20,41.4056505,2.2058709
5120642096,Pujades - Llacuna,B20,41.4005045,2.1990387
5597374295,Rda. Sant Pere - Pl. Urquinaona,B20,41.3896857,2.1744539
5160527633,Tánger - Llacuna,B20,41.4038496,2.1945033
821626945,Metro Maresme - Fòrum,"B20,136,N36",41.4122256,2.2171678
9140042822,Bernat Metge - Narbona,B21,41.4205163,2.2122065
5210847812,Bernat Metge - Rbla. Prim,B21,41.4204815,2.2119025
10598651752,Extremadura - Guipúscoa,B21,41.4248112,2.2092769
4356688509,Santander - Caresmar,B21,41.4332011,2.2066243
4356688510,Santander - Caresmar,B21,41.4335488,2.2072448
10765646177,Santander - Cànem,B21,41.4308569,2.2047107
5723437267,Santander - Ferrocarril,B21,41.4312922,2.205339
5723437269,Via Trajana - Binèfar,B21,41.426973,2.2064459
5723464763,Via Trajana - Binèfar,B21,41.4269214,2.2062831
5723437268,Via Trajana - Santander,B21,41.4281528,2.2035222
9140042824,Via Trajana - Santander,B21,41.4281443,2.2033182
5209874214,Bernat Metge - Argentina,B23,41.4202201,2.2117656
2482920855,Diagonal Mar,B23,41.4103077,2.2183172
5120609031,Rambla Prim - Pallars,B23,41.4143359,2.2148713
5119970552,Rambla Prim-Ferrer Bassa,B23,41.4151353,2.2146371
5105718726,Aragó - Enamorats,B24,41.4058825,2.1830175
5105706731,Aragó - Independència,B24,41.407276,2.1848815
9326759373,Aragó - Lepant,B24,41.4025622,2.1784703
9103861284,Aragó - Passeig de Sant Joan,B24,41.397288,2.1715204
8610047617,Berenguer de Palou - Baixada de La Sagrera,B24,41.4211845,2.1912708
8610529228,Berenguer de Palou - Pont del Treball,B24,41.4236945,2.1918059
6321098318,Bruc - Rda. Sant Pere,B24,41.3900805,2.1750211
6324223827,Cantàbria - Rbla Prim,B24,41.4250123,2.1999103
5173170435,Clot - Biscaia,B24,41.4139258,2.1905654
3477235350,Clot - Pont de Bac de Roda,B24,41.414942,2.1905564
3477235353,Guipúscoa - Bac de Roda,B24,41.4149757,2.1955447
3477235354,Guipúscoa - Bac de Roda,B24,41.4149162,2.1948849
3477235356,Guipúscoa - Cantàbria,B24,41.4198363,2.2019925
3477235357,Guipúscoa - Cantàbria,B24,41.4200687,2.2017599
3477235363,Guipúscoa - Selva de Mar,B24,41.4174412,2.1982847
3477235364,Guipúscoa - Treball,B24,41.418153,2.1997679
5277894508,Llúria - Urquinaona,B24,41.390188,2.1728831
3477235371,Mallorca - Meridiana,B24,41.4125105,2.1874075
3477235378,Mercat de la Concepció,B24,41.3970851,2.1692375
5105706732,Meridiana - Pl del Doctor Serrat,B24,41.4108597,2.1867057
2503270803,Pau Claris - Aragó,B24,41.3927785,2.1669328
5159178084,Rambla Prim - Cantàbria,B24,41.4248607,2.2009021
5159178083,Rambla Prim - Guipúzcoa,B24,41.422318,2.2043894
5158641376,Rambla de Prim - Metro La Pau,B24,41.4226323,2.2047439
5204783224,Sagrera - Martí Molins,B24,41.4229883,2.1910864
2430077717,Sagrera - Múrcia,B24,41.4177875,2.1915075
2430077716,Sagrera - Pl. del General Moragues,B24,41.4180957,2.1913122
4356688509,Santander - Caresmar,B24,41.4332011,2.2066243
4356688510,Santander - Caresmar,B24,41.4335488,2.2072448
10765646177,Santander - Cànem,B24,41.4308569,2.2047107
5723437267,Santander - Ferrocarril,B24,41.4312922,2.205339
5158641375,Santander - Via Trajana,B24,41.4275902,2.2021421
5159178085,Santander - Via Trajana,B24,41.4282915,2.2025995
3477235386,València - Diagonal,B24,41.4006982,2.17403
3477235389,València - Lepant,B24,41.4032793,2.1775169
3477282395,València - Pg. Sant Joan,B24,41.3989787,2.1717641
5210870531,Almogàvers - Roger de Flor,B25,41.3917344,2.182713
4379759690,Almogàvers . Marina,B25,41.3942909,2.1861533
4040253755,Arc de Triomf,B25,41.3912901,2.1787386
2447034081,Bac de Roda - Cristóbal de Moura,B25,41.4081021,2.2034025
5209874214,Bernat Metge - Argentina,B25,41.4202201,2.2117656
5210847812,Bernat Metge - Rbla. Prim,B25,41.4204815,2.2119025
5243384955,Cristóbal de Moura - Rambla Prim,B25,41.4156318,2.2124366
5277894502,Llull - Llacuna,B25,41.4001174,2.2010614
5277894508,Llúria - Urquinaona,B25,41.390188,2.1728831
4685543343,Marroc - Bilbao,B25,41.4069723,2.1986049
11887014569,Marroc - Puigcerdà,B25,41.4148383,2.2090414
7162243562,Marroc - Treball,B25,41.4128978,2.2064892
5209857608,Pallars - Zamora,B25,41.39597,2.1908349
4040253760,Passeig Lluís Companys - Arc de Triomf,B25,41.3907013,2.1802367
4040253761,Passeig Lluís Companys - Jutjats,B25,41.3888311,2.1826852
2469174888,Passeig Pujades - Parc de la Ciutadella,B25,41.389978,2.1850499
5209874215,Pere IV - Josep Pla,B25,41.4159441,2.2079119
5209874216,Pere IV - Josep Pla,B25,41.4149028,2.207088
4921836241,Pere IV - Provençals,B25,41.4112825,2.2041099
9029777386,Pere IV - Treball,B25,41.4125536,2.2051628
535635462,Pg. Sant Joan - Ausiàs Marc,B25,41.3924203,2.1786555
5120618944,Pujades - Espronceda,B25,41.4056505,2.2058709
8396701920,Rambla Prim - Pere IV,B25,41.4171205,2.211204
13196309266,Rda. Sant Pere - Pl. Urquinaona,B25,41.389747,2.1746193
5160527633,Tánger - Llacuna,B25,41.4038496,2.1945033
2203423147,Av Roma - Tarragona,CJ,41.3805169,2.1437368
5098285334,Entença - Consell de Cent,CJ,41.3801439,2.1500431
5568566009,Gran Via Corts Catalanes,CJ,41.3742875,2.1485066
12106325522,Pg Sant Antoni - Parc de l'Espanya Industrial,CJ,41.378295,2.1407621
12106306192,Tarragona - Mallorca,CJ,41.3797714,2.1433364
5026684365,Arizala - Avinguda Madrid,D20,41.3764376,2.1250762
2533348165,Arizala - Les Corts,D20,41.3785429,2.1237072
11009846197,Av Reina Maria Cristina - Plaça de l'Univers,D20,41.3731581,2.1505578
1347922814,Av Sant Ramon Nonat - Cardenal Reig,D20,41.3776493,2.1163439
4362317798,Cardenal Reig - Pisuerga,D20,41.3771391,2.1146488
5026708856,Collblanc - Cardenal Reig,D20,41.3758983,2.1146227
2509846207,Creu Coberta - Pl Espanya,D20,41.3752002,2.1475062
2509846208,Creu Coberta - Pl Espanya,D20,41.3750844,2.1468805
2375857249,Ernest Lluch,D20,41.3763836,2.112031
2482827804,Hospal del Mar,D20,41.3833609,2.1948756
5351187779,Hospital del Mar,D20,41.3831894,2.1946183
1347954577,Les Corts - Aurora Bertrana,D20,41.3770646,2.1198459
2548703465,Les Drassanes,D20,41.3748162,2.1771653
2563549372,Les Drassanes,D20,41.3747931,2.1767888
5024622840,Metro Badal,D20,41.3755222,2.1280277
5026682207,Metro Badal,D20,41.3755933,2.1287455
2509846202,Metro Hostafrancs,D20,41.3751556,2.1448183
2509846203,Metro Hostafrancs,D20,41.3752817,2.1445792
192327539,Metro Paral·lel,D20,41.375051,2.1704306
709125030,Metro Pl de Sants,D20,41.3753365,2.1368005
2509846204,Metro Pl de Sants,D20,41.375406,2.1365697
2491599575,Metro el Poble-sec,D20,41.3748789,2.1600159
2491599551,Moll de la Fusta,D20,41.3791186,2.1804039
5024702034,Moll de la Fusta,D20,41.3788238,2.1802722
2510578356,Paral·lel - Av Mistral,D20,41.3751276,2.1528414
5609791817,Paral·lel - Cabanes,D20,41.3747983,2.1706364
5024694587,Paral·lel - Drassanes,D20,41.3745435,2.1747399
5026646853,Paral·lel - Drassanes,D20,41.3747712,2.1746463
3475672212,Paral·lel - Floridablanca,D20,41.3751188,2.1548293
5024684029,Paral·lel - Margarit,D20,41.3748658,2.1645692
5026655024,Paral·lel - Marquès de Campo Sagrado,D20,41.3751017,2.1638463
2510578416,Paral·lel - Pl Espanya,D20,41.374903,2.1505342
13588349834,Paral·lel - Rocafort,D20,41.3750988,2.1592586
5026652663,Paral·lel - Ronda Sant Pau,D20,41.375075,2.167195
2510578383,Paral·lel - Tamarit,D20,41.3748881,2.1554362
5024685799,Paral·lel - Vila i Vilà,D20,41.37489,2.1672715
5024713749,Pepe Rubianes,D20,41.3784202,2.1900717
5026623657,Pepe Rubianes,D20,41.3784392,2.1897456
2491599579,Pg Colom - Via Laietana,D20,41.380877,2.1819258
2563616373,Pg Colom - Via Laietana,D20,41.3808369,2.1817734
5024710190,Pg Joan de Borbó,D20,41.3799373,2.1872686
2577483952,Pg Marítim - Pepe Rubianes,D20,41.3791659,2.1923018
5026625400,Pg Marítim - Pepe Rubianes,D20,41.3791582,2.1921359
5026636007,Pg. Joan de Borbó,D20,41.3800394,2.1874362
5026677551,Pl de Sants,D20,41.375499,2.1341502
5024706199,Pla de Palau,D20,41.3820931,2.1840999
3076793405,Pla de Palau - Pl Pau Vila,D20,41.3825594,2.1849395
2482861033,Platja de la Barceloneta,D20,41.3803265,2.1928471
5024716999,Platja de la Barceloneta,D20,41.3810595,2.1934643
5024646737,Plaça de Sants,D20,41.3753903,2.1343027
2563549370,Portal de la Pau,D20,41.3767122,2.1784411
2574786589,Portal de la Pau,D20,41.3766861,2.1785342
2509846218,Sants - Badal,D20,41.3754172,2.13192
709125041,Sants - Gayarre,D20,41.3752462,2.1395872
5024620393,Sants - Munné,D20,41.3756248,2.1228443
2509846219,Sants - Premià,D20,41.37537,2.139409
2509846220,Sants - Rambla del Brasil,D20,41.3755334,2.1310786
1864620011,Trelawny - Av Litoral,D20,41.3857227,2.1945725
5248867262,Almansa - Joan Riera,D40,41.4427648,2.1752744
50102453,Almansa - Via Favència,D40,41.4440607,2.174338
2517667260,Antonio Machado - Artesania,D40,41.4443662,2.1707865
2447034087,Arnau d'Oms - La Jota,D40,41.4293174,2.1774137
5248667580,Artesania - Góngora,D40,41.4418625,2.1728214
4793186615,Artesania - Pl. de la República,D40,41.4396,2.1746199
5248670906,Artesania - Via Favència,D40,41.443095,2.1719975
847721549,Av Mare de Déu de Montserrat - Cartagena,D40,41.416031,2.1698913
847721552,Av Mare de Déu de Montserrat - Francesc Alegre,D40,41.4156504,2.1675737
5099275299,Av Mare de Déu de Montserrat - França,D40,41.4148156,2.1649218
846875629,Av Mare de Déu de Montserrat - Gènova,D40,41.4165253,2.1701542
4729303994,Av Mare de Déu de Montserrat - La Bisbal,D40,41.417988,2.1716907
4721516003,Av Mare de Déu de Montserrat - Periodistes,D40,41.4216998,2.1741255
5122242676,Av Mare de Déu de Montserrat - Periodistes,D40,41.4216772,2.1742821
3005520749,Av Mare de Déu de Montserrat - Praga,D40,41.4141769,2.1623285
2578715813,Av Mare de Déu de Montserrat - Sanllehy,D40,41.4132018,2.1607161
2203423147,Av Roma - Tarragona,D40,41.3805169,2.1437368
1704312211,Av dels Quinze - Costa i Cuxart,D40,41.4282923,2.17458
4721516006,Av dels Quinze - Passeig Maragall,D40,41.4264216,2.1758543
5088995396,Balmes - Trav de Gràcia,D40,41.3982716,2.1511451
2409339119,Balmes - Via Augusta,D40,41.400866,2.1479015
2315190539,Buenos Aires - Comte d'Urgell,D40,41.3920254,2.1466193
823781729,CAP Larrard,D40,41.4105943,2.1563818
8173979201,Camèlies - Pau Alsina,D40,41.4114015,2.1598417
3005520747,Camèlies - Praga,D40,41.4130797,2.1629534
13451279330,Diputació - Vilamarí,D40,41.3774507,2.1497447
4394781727,Doctor Pi i Molist - Fabra i Puig,D40,41.4307857,2.174534
4394781710,Doctor Pi i Molist - Maladeta,D40,41.4334728,2.1731864
5249180704,Doctor Pi i Molist - Orduña,D40,41.4334215,2.1730539
4394781726,Doctor Pi i Molist - Plaça Virrei Amat,D40,41.4308416,2.1746077
5249411002,Guillem Tell - Riera de Cassoles,D40,41.4027946,2.1489844
5247921370,Josep Tarradellas - Av de Sarrià,D40,41.3909614,2.1440394
5249410994,Josep Tarradellas - Av.Sarrià,D40,41.3895035,2.1431356
5249410992,Josep Tarradellas - Entença,D40,41.386405,2.1424792
5249410996,Josep Tarradellas - Francesc Macià,D40,41.3916245,2.1437535
2508645442,Josep Tarradellas - Numància,D40,41.3811935,2.142084
1645362853,Josep Tarradellas - París,D40,41.3863936,2.1429785
2508645444,Josep Tarradellas - Rosselló,D40,41.3828648,2.1427031
1588786497,Josep Tarradellas - Viladomat,D40,41.3891716,2.1435598
5100179129,Metro Maragall,D40,41.424755,2.1774184
5113296492,Metro Maragall,D40,41.4245418,2.1761305
8173979193,Pg Verdum - Pl de la República,D40,41.437785,2.1739735
5100410793,Pg Verdum - Plaça Jardins de l'Alfàbia,D40,41.4369558,2.1734658
4394781711,Pg. de Verdum - Doctor Pi i Molist,D40,41.4359855,2.1723991
5107254024,Pl Gal·la Placídia,D40,41.3995837,2.1522967
5249411004,Pl Lesseps - Riera de Vallcarca,D40,41.4067414,2.1495006
5308277761,Pla de las Madres de la Plaza de Mayo,D40,41.4351701,2.172206
5122242677,Plaça de la Font Castellana,D40,41.4151572,2.1668746
4861472021,Plaça del Nen de la Rutlla,D40,41.4185843,2.1719412
5100179128,Ramon Albó - Alexandre Galí,D40,41.4266354,2.1773447
5248673885,Rda. Guineueta Vella - Antonio Machado,D40,41.4439336,2.1697811
728721425,Riera de Cassoles - Carolines,D40,41.4036343,2.1500719
5247945808,Riera de Cassoles - Pl Lesseps,D40,41.4057354,2.1501191
5247946070,Riera de Cassoles - Rambla de Prat,D40,41.4015755,2.1512072
5247963822,Ronda Guinardó - Torre dels Pardals,D40,41.4221732,2.1773267
12106306192,Tarragona - Mallorca,D40,41.3797714,2.1433364
10836696131,Tarragona - Pl. Espanya,D40,41.3759834,2.1487333
5098357538,Trav de Dalt - La Granja,D40,41.4088797,2.153531
5099275298,Trav de Dalt - Riera de Can Toda,D40,41.4124394,2.1592703
5098357537,Trav de Dalt - Torrent de les Flors,D40,41.4104867,2.1566384
5249411006,Trav de Dalt - Verdi,D40,41.4089129,2.1530419
5247930115,Trav de Gràcia - Balmes,D40,41.3978145,2.1523273
5249410998,Travessera de Gràcia - Calvet,D40,41.3934384,2.1454351
5247930117,Travessera de Gràcia - Muntaner,D40,41.3953639,2.1484742
5249411000,Travessera de Gràcia - Muntaner,D40,41.3956521,2.1487481
7959265887,València - Tarragona,D40,41.3792903,2.1455915
5248867265,Via Favència - IES Guineueta,D40,41.4434504,2.1722565
7820646267,Via Júlia- Font d'en Canyelles,D40,41.440536,2.1763357
5100410787,Aiguablava - La Fosca,D50,41.4483983,2.1817532
5101040217,Aiguablava - Nou Barris,D50,41.4474147,2.1805013
5101040218,Aiguablava - Pedrosa,D50,41.448935,2.1821535
8184529849,Aiguablava - Sa Tuna,D50,41.452884,2.186509
8184529855,Aiguablava - Sa Tuna,D50,41.4529996,2.1867489
5101040219,Aiguablava - Tamariu,D50,41.4501291,2.1840817
5100410788,Aiguablava - Via Favència,D50,41.4474412,2.1807662
2447034087,Arnau d'Oms - La Jota,D50,41.4293174,2.1774137
5346840480,Av Rasos de Peguera - Costabona,D50,41.460305,2.1766917
5104196753,Av Rasos de Peguera - Pl. Roja,D50,41.4615543,2.1784781
5346840482,Av de Vallbona,D50,41.4583511,2.1839592
5347333205,Av de Vallbona - CAP Ctat Meridiana,D50,41.4609221,2.1806735
1704312211,Av dels Quinze - Costa i Cuxart,D50,41.4282923,2.17458
4721516006,Av dels Quinze - Passeig Maragall,D50,41.4264216,2.1758543
5105670658,Centre Esportiu Ciutat Meridiana,D50,41.459386,2.1762373
4394781727,Doctor Pi i Molist - Fabra i Puig,D50,41.4307857,2.174534
4394781710,Doctor Pi i Molist - Maladeta,D50,41.4334728,2.1731864
5249180704,Doctor Pi i Molist - Orduña,D50,41.4334215,2.1730539
4394781726,Doctor Pi i Molist - Plaça Virrei Amat,D50,41.4308416,2.1746077
8184500455,Dos de Maig - Còrsega,D50,41.4098574,2.1782699
990002874,Dos de Maig - St Antoni M Claret,D50,41.4115859,2.1759617
5344802483,Estació RENFE,D50,41.4614025,2.1801518
4508560142,Floridablanca - Comte d'Urgell,D50,41.3806107,2.1614247
3460290366,Gran Via - Llúria,D50,41.3918531,2.1716712
3460290371,Gran Via - Pau Claris,D50,41.3901087,2.1693431
5309188804,Independència - Freser,D50,41.4107971,2.1795093
5309188805,Independència - Mallorca,D50,41.4089612,2.1819171
5100163744,Indústria - Independència,D50,41.4126068,2.1784729
5309188803,La Fosca - Chafarinas,D50,41.4481779,2.183261
3477235367,Mallorca - Dos de Maig,D50,41.4073328,2.1804351
3477235369,Mallorca - Marina,D50,41.4039181,2.1758785
2573351864,Mallorca - Nàpols,D50,41.4012615,2.172438
3477235372,Mallorca - Nàpols,D50,41.4013076,2.172384
3477282393,Mallorca - Padilla,D50,41.4056791,2.178252
5100179129,Metro Maragall,D50,41.424755,2.1774184
3460290377,Metro Tetuan,D50,41.3937783,2.1742182
2469206088,Metro Urquinaona,D50,41.3890252,2.1728072
5309194007,Palamós - La Fosca,D50,41.4480184,2.185343
5345276579,Palamós - Plaça de l'Aigua,D50,41.4513445,2.1874206
5309194006,Palamós - Tamariu,D50,41.4495013,2.1861674
5024684029,Paral·lel - Margarit,D50,41.3748658,2.1645692
5024685799,Paral·lel - Vila i Vilà,D50,41.37489,2.1672715
4728093795,Pg Maragall - Indústria,D50,41.4151637,2.1807946
5101082757,Pg Maragall - Ronda Guinardó,D50,41.4242781,2.1770621
5102984153,Pg Sant Joan - Consell de Cent,D50,41.397073,2.172502
8173979193,Pg Verdum - Pl de la República,D50,41.437785,2.1739735
5100410793,Pg Verdum - Plaça Jardins de l'Alfàbia,D50,41.4369558,2.1734658
1962314859,Pg de Sant Joan - Aragó,D50,41.3973645,2.1724403
2573583899,Pg de Sant Joan - Diputació,D50,41.3954322,2.174653
1962309515,Pg de Sant Joan - Pl Mossèn Jacint Verdaguer,D50,41.3986506,2.1703944
5100163742,Pg. Maragall - Manigua,D50,41.4220009,2.1793798
4721548091,Pg. Maragall - Segle XX,D50,41.4222079,2.1789692
4721552689,Pg. Maragall - Trinxant,D50,41.4189673,2.1807351
2490116384,Pg. Maragall - Xiprer,D50,41.4188984,2.1804966
535635462,Pg. Sant Joan - Ausiàs Marc,D50,41.3924203,2.1786555
4394781711,Pg. de Verdum - Doctor Pi i Molist,D50,41.4359855,2.1723991
2484218128,Pl Catalunya - Pg de Gràcia,D50,41.387777,2.169336
5100098598,Pl Tetuan - Pg de Sant Joan,D50,41.3954611,2.1753195
4412208989,Pl. de Catalunya - Ronda Sant Pere,D50,41.3876802,2.1706316
5308277761,Pla de las Madres de la Plaza de Mayo,D50,41.4351701,2.172206
5568566247,Plaça Universitat - Pelai,D50,41.3856127,2.1644744
5100179128,Ramon Albó - Alexandre Galí,D50,41.4266354,2.1773447
12351408135,Ronda Sant Antoni - Comte d'Urgell,D50,41.3793791,2.1630678
4040253777,Ronda Sant Antoni - Pl Goya,D50,41.3830438,2.1637929
5718005174,Ronda Sant Pau - Folch i Torres,D50,41.3764681,2.166139
5247464768,Ronda Sant Pau - Parlament,D50,41.3783625,2.163679
4040253778,Ronda Sant Pere - Girona,D50,41.3902581,2.175985
2501068121,Ronda Universitat - Pl Universitat,D50,41.3862638,2.1653236
5309227701,S'Agaró - Llosa,D50,41.4491979,2.187513
5309227702,S'Agaró - Sa Tuna,D50,41.4514436,2.1878541
4776361635,Sant Antoni Maria Claret - Independència,D50,41.4132535,2.1769777
2490154028,Sant Antoni Maria Claret - Rambla Volart,D50,41.4152978,2.1796922
2487149448,Sepúlveda - Muntaner,D50,41.3834222,2.1626865
5309227700,Tamariu - Palamós,D50,41.4495018,2.185491
5346840483,Torre Baró,D50,41.4583933,2.1840772
5105670657,Vallcivera - Pl Roja,D50,41.4611831,2.1794
3477235386,València - Diagonal,D50,41.4006982,2.17403
3477235387,València - Dos de Maig,D50,41.4065364,2.181874
3477235389,València - Lepant,D50,41.4032793,2.1775169
3477235392,València - Padilla,D50,41.4047817,2.1795343
3477282395,València - Pg. Sant Joan,D50,41.3989787,2.1717641
5100410790,Via Júlia - Mas Duran,D50,41.4435268,2.178721
8155291603,Via Júlia - Pl Francesc Layret,D50,41.4425393,2.1779054
5101040216,Via Júlia - Ptge Quintana,D50,41.4450101,2.1789659
5361259508,Via Júlia - Turó Blau,D50,41.4392077,2.1754888
5100410789,Via Júlia - Via Favència,D50,41.4455383,2.1796187
7820646267,Via Júlia- Font d'en Canyelles,D50,41.440536,2.1763357
5100410791,Via Júlia-Sant Francesc Xavier,D50,41.4415807,2.1775731
2509790284,Viladomat - Manso,D50,41.3764941,2.1614533
5247509966,Villarroel - Sepúlveda,D50,41.3815019,2.161613
8033591650,Pau Romeva - Av. Diagonal,E30,41.389808,2.1373134
8037498822,Numància - Flos i Calcat,E43,41.3903878,2.1316774
5214112976,Av d'Esplugues - González Tablas,E44,41.3870491,2.1058091
588010946,Av. de l'Exèrcit - Trias i Giró,E44,41.3856226,2.1111376
5215084448,González Tablas - Sor Eulàlia d'Anzizu,E44,41.3855688,2.1092116
5241258741,Gran Capità - Av de l'Exèrcit,E44,41.3870091,2.1115687
4898259324,Parc de Cervantes,E44,41.3852455,2.1046731
5241258740,Sor Eulàlia d'Anzizu - González Tablas,E44,41.3870652,2.1086849
2510578407,Lleida - Av Paral·lel,E70,41.3742176,2.1543169
8030026838,Segons Jocs Mediterranis - Lleida,E70,41.3712693,2.1553536
8040082296,Pau Romeva - Av. Diagonal,E79,41.3900033,2.1371047
8040233368,Segons Jocs Mediterranis - Lleida,E80,41.3710823,2.1548814
2510578407,Lleida - Av Paral·lel,E81,41.3742176,2.1543169
2510578407,Lleida - Av Paral·lel,E86,41.3742176,2.1543169
8044298279,Segons Jocs Mediterranis - Lleida,E86,41.3711547,2.1551365
4893836322,Gran Via - Comte Borrell,E95,41.3817987,2.1582757
3460264080,Gran Via - Entença,E95,41.3784161,2.1537889
2501096696,Gran Via - Muntaner,E95,41.3843601,2.1616769
3460264086,Gran Via - Viladomat,E95,41.3801188,2.1560433
4040253781,Sepúlveda - Rocafort,E95,41.3773351,2.1546496
5568563076,Sepúlveda-Comte d'Urgell,E95,41.3817016,2.1604236
5214112976,Av d'Esplugues - González Tablas,EP1,41.3870491,2.1058091
588010946,Av. de l'Exèrcit - Trias i Giró,EP1,41.3856226,2.1111376
5215084448,González Tablas - Sor Eulàlia d'Anzizu,EP1,41.3855688,2.1092116
5241258741,Gran Capità - Av de l'Exèrcit,EP1,41.3870091,2.1115687
4898259324,Parc de Cervantes,EP1,41.3852455,2.1046731
5241258740,Sor Eulàlia d'Anzizu - González Tablas,EP1,41.3870652,2.1086849
8399487639,Estació d'Autobusos Barcelona Nord,Flixbus,41.3943076,2.1826679
2203423147,Av Roma - Tarragona,H10,41.3805169,2.1437368
3477235350,Clot - Pont de Bac de Roda,H10,41.414942,2.1905564
3477235352,Espronceda - Guipúscoa,H10,41.4141608,2.1928279
3477235353,Guipúscoa - Bac de Roda,H10,41.4149757,2.1955447
3477235354,Guipúscoa - Bac de Roda,H10,41.4149162,2.1948849
3477235356,Guipúscoa - Cantàbria,H10,41.4198363,2.2019925
3477235357,Guipúscoa - Cantàbria,H10,41.4200687,2.2017599
3477235359,Guipúscoa - Extremadura,H10,41.4247235,2.2085204
3477235360,Guipúscoa - Julián Besteiro,H10,41.4164948,2.1975475
3477235363,Guipúscoa - Selva de Mar,H10,41.4174412,2.1982847
3477235364,Guipúscoa - Treball,H10,41.418153,2.1997679
3477235365,Mallorca - Balmes,H10,41.3910304,2.1587318
3477235366,Mallorca - Comte d'Urgell,H10,41.3868574,2.1531882
3477235367,Mallorca - Dos de Maig,H10,41.4073328,2.1804351
1962300294,Mallorca - Girona,H10,41.3980375,2.1680469
3477235369,Mallorca - Marina,H10,41.4039181,2.1758785
3477235371,Mallorca - Meridiana,H10,41.4125105,2.1874075
5127153270,Mallorca - Muntaner,H10,41.389505,2.1567268
2573351864,Mallorca - Nàpols,H10,41.4012615,2.172438
3477235372,Mallorca - Nàpols,H10,41.4013076,2.172384
3477282393,Mallorca - Padilla,H10,41.4056791,2.178252
3477235373,Mallorca - Pau Claris,H10,41.3953582,2.164475
3477235375,Mallorca - Pg Sant Joan,H10,41.3998564,2.1704339
3477235374,Mallorca - Pg de Gràcia,H10,41.3933479,2.1618163
3477235376,Mallorca - Rogent,H10,41.4103329,2.1844571
3477235377,Mallorca - Viladomat,H10,41.3845163,2.1500815
3477235378,Mercat de la Concepció,H10,41.3970851,2.1692375
3477235361,Metro La Pau,H10,41.422897,2.205579
3477235362,Metro La Pau,H10,41.4226693,2.2058169
12106325522,Pg Sant Antoni - Parc de l'Espanya Industrial,H10,41.378295,2.1407621
6113532479,Pg Sant Antoni - Pl Sants,H10,41.3755666,2.1355627
12106307037,"Pg Sant Antoni, 53-55",H10,41.3788948,2.1414556
3477235384,València - Balmes,H10,41.390261,2.1601701
3477235385,València - Comte d'Urgell,H10,41.3860311,2.1545546
3477235386,València - Diagonal,H10,41.4006982,2.17403
3477235387,València - Dos de Maig,H10,41.4065364,2.181874
3477235388,València - Entença,H10,41.381042,2.1479454
3477235389,València - Lepant,H10,41.4032793,2.1775169
3477235390,València - Muntaner,H10,41.3885244,2.1578866
3477235391,València - Muntanya,H10,41.4111995,2.1880767
3477235392,València - Padilla,H10,41.4047817,2.1795343
3477282394,València - Pg de Gràcia,H10,41.3923596,2.1629712
3477282395,València - Pg. Sant Joan,H10,41.3989787,2.1717641
3477282396,València - Rogent,H10,41.4093448,2.1856445
3477282397,València - Roger de Llúria,H10,41.3946512,2.166026
3477282398,València - Viladomat,H10,41.3835399,2.1512612
3371220506,Besòs - Verneda,H12,41.4222721,2.2103536
3459957415,Gran Via - Agricultura,H12,41.4159947,2.2033766
3460290362,Gran Via - Bac de Roda,H12,41.4111266,2.1975181
3459957414,Gran Via - Balmes,H12,41.3882735,2.166348
3460290363,Gran Via - Balmes,H12,41.3879117,2.1664349
3459957424,Gran Via - Bilbao,H12,41.4096279,2.1948727
5084113428,Gran Via - Ca n'Oliva,H12,41.4203141,2.2091728
5084227285,Gran Via - Calàbria,H12,41.3801448,2.1555505
3459957416,Gran Via - Casanova,H12,41.3842526,2.1609966
3460264080,Gran Via - Entença,H12,41.3784161,2.1537889
3459957418,Gran Via - Espronceda,H12,41.4117106,2.197654
3459957419,Gran Via - Farell,H12,41.3721557,2.1451664
3459957420,Gran Via - Ildefons Cerdà,H12,41.3658538,2.1366085
3459957421,Gran Via - Llúria,H12,41.3919509,2.1712488
3460290366,Gran Via - Llúria,H12,41.3918531,2.1716712
3460264081,Gran Via - Mandoni,H12,41.3695033,2.1419537
3459957422,Gran Via - Maresme,H12,41.418643,2.206916
3460290367,Gran Via - Maresme,H12,41.4176049,2.2061894
5587042745,Gran Via - Marina,H12,41.3985954,2.1806564
3459957423,Gran Via - Moianès,H12,41.3702462,2.1426091
2501096696,Gran Via - Muntaner,H12,41.3843601,2.1616769
3459957425,Gran Via - Padilla,H12,41.4004741,2.1826304
3460290370,Gran Via - Padilla,H12,41.400393,2.1832728
3459957427,Gran Via - Pau Claris,H12,41.3902938,2.1690605
3460290371,Gran Via - Pau Claris,H12,41.3901087,2.1693431
1719727399,Gran Via - Pl Espanya,H12,41.3756919,2.1496088
3459957428,Gran Via - Plaça dels Porxos,H12,41.4139271,2.2006176
3460264083,Gran Via - Química,H12,41.3652082,2.1363803
5568523469,Gran Via - Radi,H12,41.3636821,2.1344773
3092785221,Gran Via - Roger de Flor,H12,41.3961813,2.176881
3460290372,Gran Via - Roger de Flor,H12,41.396059,2.1772624
3460264085,Gran Via - Santa Dorotea,H12,41.3716481,2.1448371
5587042874,Gran Via - Sardenya,H12,41.3987974,2.180379
3460290373,Gran Via - Selva de Mar,H12,41.4136967,2.2009473
3460290374,Gran Via - St Martí Provençals,H12,41.4157816,2.2037336
5568566248,Gran Via - Urgell,H12,41.3824274,2.1591255
3460264086,Gran Via - Viladomat,H12,41.3801188,2.1560433
3459957432,Gran Via - Vilamarí,H12,41.3774122,2.151919
3459957433,Gran Via - Villarroel,H12,41.3827369,2.1589808
5568566009,Gran Via Corts Catalanes,H12,41.3742875,2.1485066
5568523468,Ildefons Cerdà - Ciutat de la Justícia,H12,41.3638735,2.1338562
5568523466,La Campana,H12,41.3683333,2.1400638
5568523467,La Campana,H12,41.3679026,2.1398343
3460290376,Metro Besòs,H12,41.4204785,2.2077223
12341692129,Metro Glòries,H12,41.4030841,2.1883406
12479061911,Metro Glòries,H12,41.4024015,2.1872824
2573607003,Metro Tetuan,H12,41.3937613,2.1736649
3460290377,Metro Tetuan,H12,41.3937783,2.1742182
5568565865,Pl Espanya - FGC,H12,41.373834,2.1471912
3459957439,Pl Universitat,H12,41.3859308,2.1633348
5569990401,Pl Universitat,H12,41.3860627,2.1639593
4379740391,Buenaventura Muñoz - Sardenya,H14,41.3935797,2.1875383
5243371230,Cristóbal de Moura - Perpinyà,H14,41.4179885,2.215862
5243384956,Cristóbal de Moura - Perpinyà,H14,41.4180269,2.2155765
5243384955,Cristóbal de Moura - Rambla Prim,H14,41.4156318,2.2124366
5243064483,Estació de França,H14,41.384889,2.1854431
2548703465,Les Drassanes,H14,41.3748162,2.1771653
2563549372,Les Drassanes,H14,41.3747931,2.1767888
5243392951,Marroc - Bac de Roda,H14,41.4090279,2.2013313
4685543343,Marroc - Bilbao,H14,41.4069723,2.1986049
11887014569,Marroc - Puigcerdà,H14,41.4148383,2.2090414
7162243562,Marroc - Treball,H14,41.4128978,2.2064892
13004532124,Marroc 33-30,H14,41.4078491,2.1998085
5243416407,Meridiana - Almogàvers,H14,41.3941296,2.1867646
192327539,Metro Paral·lel,H14,41.375051,2.1704306
2491599551,Moll de la Fusta,H14,41.3791186,2.1804039
5024702034,Moll de la Fusta,H14,41.3788238,2.1802722
12301796181,Pallars - Bac de Roda,H14,41.4070558,2.2056859
12229825329,Pallars - Bilbao,H14,41.4038226,2.201433
12301796177,Pallars - Josep Pla,H14,41.412278,2.212646
5160527629,Pallars - Pere IV,H14,41.3987006,2.1946092
12229825331,Pallars - Rambla del Ponlenou,H14,41.4019779,2.1989761
12301796179,Pallars - Selva de Mar,H14,41.4096769,2.2091988
5209857608,Pallars - Zamora,H14,41.39597,2.1908349
5609791817,Paral·lel - Cabanes,H14,41.3747983,2.1706364
5024694587,Paral·lel - Drassanes,H14,41.3745435,2.1747399
5026646853,Paral·lel - Drassanes,H14,41.3747712,2.1746463
5024684029,Paral·lel - Margarit,H14,41.3748658,2.1645692
5024685799,Paral·lel - Vila i Vilà,H14,41.37489,2.1672715
5243064482,Parc de la Ciutadella - Princesa,H14,41.3877869,2.1831005
2469174888,Passeig Pujades - Parc de la Ciutadella,H14,41.389978,2.1850499
4921836241,Pere IV - Provençals,H14,41.4112825,2.2041099
5243392952,Pere IV - Selva de Mar,H14,41.4112557,2.2039389
13004509757,Pere IV 315,H14,41.4101718,2.2031717
2491599579,Pg Colom - Via Laietana,H14,41.380877,2.1819258
2563616373,Pg Colom - Via Laietana,H14,41.3808369,2.1817734
4097886216,Pg Isabel II - Pla de Palau,H14,41.382628,2.1836615
2469153956,Pg Pujades - Parc de la Ciutadella,H14,41.3904356,2.185309
5243416406,Pg. Picasso - Princesa,H14,41.3871759,2.183463
5243420457,Pla de Palau - Av. Marquès de l'Argentera,H14,41.3834812,2.1839008
2563549370,Portal de la Pau,H14,41.3767122,2.1784411
2574786589,Portal de la Pau,H14,41.3766861,2.1785342
5120642097,Pujades - Bilbao,H14,41.4030057,2.2023927
5120642096,Pujades - Llacuna,H14,41.4005045,2.1990387
5287682359,Rambla Prim - Cristóbal de Moura,H14,41.4161072,2.2125411
5243064484,Ronda Sant Pau - Carrer de les Flors,H14,41.3755987,2.1673134
5243361440,Selva de Mar - Pere IV,H14,41.4111462,2.2059193
6325850183,Selva de Mar - Veneçuela,H14,41.4097366,2.2077759
5243408526,Tànger - Av. Meridiana,H14,41.3985122,2.1873156
5243408527,Tànger - Badajoz,H14,41.4013681,2.1911692
5160527633,Tánger - Llacuna,H14,41.4038496,2.1945033
4040253755,Arc de Triomf,H16,41.3912901,2.1787386
2508735736,Av Icària - Av Bogatell,H16,41.3930089,2.1993073
2465943678,Av Icària - Joan Miró,H16,41.39052,2.1959827
2509756978,Av Icària - Joan Miró,H16,41.3904005,2.1963491
2465943681,Av. Icària - Àlaba,H16,41.3931234,2.1990106
6092912088,Carmen Amaya - Taulat,H16,41.3943513,2.202775
2508735728,Cementiri de l'Est,H16,41.3943111,2.2024559
2482920855,Diagonal Mar,H16,41.4103077,2.2183172
4040253756,Floridablanca - Av Mistral,H16,41.3766122,2.1561681
4508560142,Floridablanca - Comte d'Urgell,H16,41.3806107,2.1614247
4040253757,Floridablanca - Viladomat,H16,41.3781496,2.158171
3459957419,Gran Via - Farell,H16,41.3721557,2.1451664
3459957420,Gran Via - Ildefons Cerdà,H16,41.3658538,2.1366085
3460264081,Gran Via - Mandoni,H16,41.3695033,2.1419537
3459957423,Gran Via - Moianès,H16,41.3702462,2.1426091
3460264083,Gran Via - Química,H16,41.3652082,2.1363803
3460264085,Gran Via - Santa Dorotea,H16,41.3716481,2.1448371
5568566009,Gran Via Corts Catalanes,H16,41.3742875,2.1485066
2578599216,Icària - Parc Carles I,H16,41.3883742,2.193852
5568523466,La Campana,H16,41.3683333,2.1400638
5568523467,La Campana,H16,41.3679026,2.1398343
5312277340,Manso - Comte Borrell,H16,41.3775377,2.1616801
5331101446,Manso - Rocafort,H16,41.3757446,2.159254
2509781506,Marina - Doctor Trueta,H16,41.3909293,2.1922088
5099162122,Marina - Llull,H16,41.3927056,2.1898573
5243416407,Meridiana - Almogàvers,H16,41.3941296,2.1867646
2469206088,Metro Urquinaona,H16,41.3890252,2.1728072
2510578356,Paral·lel - Av Mistral,H16,41.3751276,2.1528414
3475672212,Paral·lel - Floridablanca,H16,41.3751188,2.1548293
4629759173,Passeig Calvell - Rambla del Poblenou,H16,41.3974292,2.2065301
4040253760,Passeig Lluís Companys - Arc de Triomf,H16,41.3907013,2.1802367
4040253761,Passeig Lluís Companys - Jutjats,H16,41.3888311,2.1826852
2469174888,Passeig Pujades - Parc de la Ciutadella,H16,41.389978,2.1850499
4040253769,Passeig Zona Franca - Foc,H16,41.3568533,2.1412237
4629761211,Pg Calvell - Rambla del Poblenou,H16,41.397074,2.205985
8206342480,Pg Garcia Fària - Jonquera,H16,41.3997169,2.2087218
2469153956,Pg Pujades - Parc de la Ciutadella,H16,41.3904356,2.185309
4040253762,Pg Taulat - Bac de Roda,H16,41.4026704,2.2095356
4040253763,Pg Taulat - Bac de Roda,H16,41.4030329,2.2107914
2482911957,Pg Taulat - Diagonal Mar,H16,41.4070921,2.2153643
2482911961,Pg Taulat - Diagonal Mar,H16,41.4070144,2.2155037
4040253759,Pg Taulat - Jonquera,H16,41.4005041,2.2074426
5230146909,Pg Taulat - Pl de Llevant,H16,41.4097299,2.2180984
2474421364,Pg Taulat - Provençals,H16,41.4048456,2.2131995
4040253764,Pg Taulat - Provençals,H16,41.4050192,2.2124465
4040253767,Pg Zona Franca - Cisell,H16,41.3547572,2.1431905
8252087575,Pg Zona Franca - Cisell,H16,41.3548019,2.1427102
4040253768,Pg Zona Franca - Ctra del Prat,H16,41.3621044,2.1374337
8180054878,Pg Zona Franca - Foc,H16,41.3568669,2.1416277
4040253770,Pg Zona Franca - Foneria,H16,41.3595695,2.1396382
4040253771,Pg Zona Franca - Foneria,H16,41.3600405,2.1389428
4040253772,Pg Zona Franca - Mineria,H16,41.3622983,2.1376453
2469174898,Pg. Lluís Companys - Almogàvers,H16,41.3912486,2.1812427
2469174881,Pg. Lluís Companys - Parc de la Ciutadella,H16,41.3894933,2.1835534
2484218128,Pl Catalunya - Pg de Gràcia,H16,41.387777,2.169336
5568565865,Pl Espanya - FGC,H16,41.373834,2.1471912
4040253775,Pl Urquinaona,H16,41.3887999,2.1732973
1072838408,Pl. Catalunya - Portal de l'Àngel,H16,41.3865508,2.1710465
5568566247,Plaça Universitat - Pelai,H16,41.3856127,2.1644744
4040253774,Plaça del Nou,H16,41.3532526,2.1411427
4040253776,Ramon Trias Fargas - Doctor Trueta,H16,41.3901804,2.1906951
12351408135,Ronda Sant Antoni - Comte d'Urgell,H16,41.3793791,2.1630678
4040253777,Ronda Sant Antoni - Pl Goya,H16,41.3830438,2.1637929
4040253778,Ronda Sant Pere - Girona,H16,41.3902581,2.175985
2501068121,Ronda Universitat - Pl Universitat,H16,41.3862638,2.1653236
4040253779,Sardenya - Passeig Pujades,H16,41.391811,2.1885393
2487149448,Sepúlveda - Muntaner,H16,41.3834222,2.1626865
4040253781,Sepúlveda - Rocafort,H16,41.3773351,2.1546496
4040253783,Trafalgar - Bruc,H16,41.3897067,2.1770089
5230146907,UPC-Campus Diagonal Besós,H16,41.4125017,2.2202268
12301193264,UPC-Campus Diagonal Besós,H16,41.4122073,2.2200171
5247509966,Villarroel - Sepúlveda,H16,41.3815019,2.161613
11300300893,Adrià Margarit - Av. Tibidabo,H2,41.4147641,2.1322357
2484274473,Adrià Margarit - Teodor Roviralta,H2,41.4142108,2.1312786
5100410787,Aiguablava - La Fosca,H2,41.4483983,2.1817532
5101040217,Aiguablava - Nou Barris,H2,41.4474147,2.1805013
5101040218,Aiguablava - Pedrosa,H2,41.448935,2.1821535
5101040219,Aiguablava - Tamariu,H2,41.4501291,2.1840817
5100410788,Aiguablava - Via Favència,H2,41.4474412,2.1807662
2467767450,Ardena - Ronda de Dalt,H2,41.3906583,2.1073848
5292406556,Arenys - Fastenrath,H2,41.4220466,2.1429571
1374539017,Arenys - Rossell,H2,41.4227688,2.1455136
2467767474,Av d'Esplugues - Eduard Toldrà,H2,41.3879311,2.1065757
5241258739,Av. d'Esplugues - González Tablas,H2,41.3874487,2.1066381
5317105621,Benedetti - Ronda de Dalt,H2,41.4088813,2.1243376
2610196531,Camí de Can Caralleu - Ronda de Dalt,H2,41.4017887,2.11433
12752606138,Cartellà 167,H2,41.4298033,2.1657779
6096836411,Dante Alighieri - Estoril,H2,41.4290335,2.1621542
5292406559,Dante Alighieri - Pantà de Tremp,H2,41.4256334,2.1538305
6096810253,Dante Alighieri - Rambla del Carmel,H2,41.4275815,2.157573
5317126617,Dante Alighieri - Sacedón,H2,41.4260949,2.1544987
6096836412,Dante Alighieri - Santa Joana d'Arc,H2,41.4284312,2.1600687
2447034093,Fabra i Puig - Pg Urrutia,H2,41.4367269,2.1646309
5282814501,Fabra i Puig - Pg Urrutia,H2,41.4369619,2.1646002
5293063248,General Mendoza - Santa Rosalia,H2,41.4214825,2.1417429
5317105320,Isaac Newton - Lleó XIII,H2,41.414886,2.1358178
2408261954,Josep Garí - Collserola,H2,41.415754,2.1356068
5292406558,Josep Sangenís - Dante Alighieri,H2,41.4251988,2.1520788
5292406557,Josep Sangenís - Santa Gemma,H2,41.4238941,2.1486888
5309188803,La Fosca - Chafarinas,H2,41.4481779,2.183261
6096939848,Llobregós - Ciències,H2,41.4254105,2.1580142
5292406560,Llobregós - Lluís Marià Vidal,H2,41.4246158,2.1566587
5292384561,Llobregós - Pg Maragall,H2,41.4278143,2.1633709
5292384560,Llobregós - Torrent del Carmel,H2,41.4265265,2.1603204
5113279476,Mercat de la Guineueta,H2,41.4387874,2.1699828
5309194007,Palamós - La Fosca,H2,41.4480184,2.185343
5309198195,Palamós - Sa Tuna,H2,41.4515549,2.1876195
5309194006,Palamós - Tamariu,H2,41.4495013,2.1861674
5282814500,Parc Turó de la Peira,H2,41.433643,2.1632386
5317105624,Parc de Cervantes - Av d'Esplugues,H2,41.3854768,2.1048833
2447034092,Parc del Turó de la Peira,H2,41.4333466,2.1633084
6096840170,Petrarca - Fabra i Puig,H2,41.4301796,2.167258
4100272293,Pg Maragall - Dante Alighieri,H2,41.4287883,2.1627892
5293374260,Pg Mare de Déu del Coll - Ramon Rocafull,H2,41.4248094,2.1520565
1336877961,Pg Vall d'Hebron - L'Arrabassada,H2,41.418639,2.1390633
983299163,Pg Vall d'Hebron - Natzaret,H2,41.421543,2.1404661
5241303236,Pg. Vall d'Hebron - Av. de Vallcarca,H2,41.4193199,2.139827
5122285253,Pg. Valldaura - Mercat de la Guineueta,H2,41.4390642,2.169042
5113279475,Pg. Valldaura - Pr. de Verdum,H2,41.4384045,2.1737127
5122285254,Pg. Valldaura - Rambla Caçador,H2,41.438623,2.1735217
1368508902,Pl Alfonso Comín - Av República Argentina,H2,41.4144875,2.138261
5241303237,Pl Alfonso Comín - Pg Vall d'Hebron,H2,41.4162903,2.1383193
8388017846,Pl Borràs,H2,41.40403,2.1168919
2195906267,Pl. Borràs,H2,41.403936,2.1171735
5317105627,Plaça de l'Abat Oliba,H2,41.4102628,2.1249961
625904198,Ronda de Dalt - Bellesguard,H2,41.4104745,2.126498
2484274519,Ronda de Dalt - Cister,H2,41.4131925,2.1304521
5317105623,Ronda de Dalt - Moneders,H2,41.390024,2.1081373
2484304423,Ronda de Dalt - Pl de la Central,H2,41.4143324,2.133176
5309227701,S'Agaró - Llosa,H2,41.4491979,2.187513
5309227702,S'Agaró - Sa Tuna,H2,41.4514436,2.1878541
5293063246,Santa Rosalia - Besòs,H2,41.4216642,2.1465886
5293063247,Santa Rosalia - Castellbisbal,H2,41.4207258,2.1436168
5293063245,Santa Rosalia - Sant Dalmir,H2,41.4231797,2.1488004
5357190575,Tajo - Pl Santes Creus,H2,41.4300303,2.1625098
5309227700,Tamariu - Palamós,H2,41.4495018,2.185491
5720087080,Terré - Iradier,H2,41.4069515,2.1214196
5317105622,Terré - Pl de Benet XV,H2,41.4059784,2.1205471
5100410790,Via Júlia - Mas Duran,H2,41.4435268,2.178721
8155291603,Via Júlia - Pl Francesc Layret,H2,41.4425393,2.1779054
5101040216,Via Júlia - Ptge Quintana,H2,41.4450101,2.1789659
5361259508,Via Júlia - Turó Blau,H2,41.4392077,2.1754888
5100410789,Via Júlia - Via Favència,H2,41.4455383,2.1796187
7820646267,Via Júlia- Font d'en Canyelles,H2,41.440536,2.1763357
5100410791,Via Júlia-Sant Francesc Xavier,H2,41.4415807,2.1775731
5241792495,Arbeca - Lima,H4,41.4392825,2.2080415
5241258738,Av d'Esplugues,H4,41.3898818,2.1091719
2732794588,Av d'Esplugues - Av Pearson,H4,41.3922324,2.111591
2732811280,Av d'Esplugues - Av Pearson,H4,41.3932575,2.1120061
5241875232,Av d'Esplugues - Dr Joaquim Albarrán,H4,41.3900238,2.1091119
2467767474,Av d'Esplugues - Eduard Toldrà,H4,41.3879311,2.1065757
5107269812,Av. República Argentina - Pl. Alfonso Comín,H4,41.4133907,2.1386019
5241258739,Av. d'Esplugues - González Tablas,H4,41.3874487,2.1066381
588010946,Av. de l'Exèrcit - Trias i Giró,H4,41.3856226,2.1111376
5241258737,Bisbe Català - Pl Pedralbes,H4,41.3960673,2.1144971
364217663,Bisbe Català - Pl. de Pedralbes,H4,41.3959245,2.1141524
5241792492,Ciutat d'Asunción - Sant Adrià,H4,41.4365026,2.201021
1368508880,Craywinckel - Hurtado,H4,41.4118048,2.1389927
5215084448,González Tablas - Sor Eulàlia d'Anzizu,H4,41.3855688,2.1092116
5241258741,Gran Capità - Av de l'Exèrcit,H4,41.3870091,2.1115687
5241803900,Gran de Sant Andreu - Palomar,H4,41.4422648,2.1882297
5241837962,Hospital Vall d'Hebron,H4,41.4278045,2.1434095
5241807787,IES Narcís Monturiol,H4,41.4320167,2.1453598
5159158210,Lima - Ciutat d'Asunción,H4,41.4392287,2.2007822
5241792496,Lima - Sas,H4,41.4392052,2.2048207
1933498386,Mercat Vall d'Hebron,H4,41.4252248,2.1429105
5113279476,Mercat de la Guineueta,H4,41.4387874,2.1699828
5241837963,Metro Montbau,H4,41.4307523,2.1448208
5241303234,Palau d'Esports de la Vall d'Hebron,H4,41.4279398,2.1441859
5262619108,Parc de La Maquinista,H4,41.4357511,2.1946104
5241792490,Parc de la Maquinista,H4,41.4367408,2.1961179
5241303233,Parc de la Vall d'Hebron,H4,41.4314121,2.1457761
4677235195,Pg Bonanova - Carrasco i Formiguera,H4,41.4012555,2.1237198
4677235197,Pg Bonanova - Escoles Pies,H4,41.4033588,2.1277526
4677307347,Pg Bonanova - Escoles Pies,H4,41.403402,2.1276205
5160634298,Pg Bonanova - Ganduxer,H4,41.4052958,2.1310048
4860084434,Pg Bonanova - Horaci,H4,41.4051947,2.1310003
8676719057,Pg Reina Elisenda - Av JV Foix,H4,41.3983819,2.1185318
5241792501,Pg Torras i Bages - Joan Torras,H4,41.4369294,2.1911221
5241837961,Pg Vall d'Hebron - Av Jordà,H4,41.4242317,2.141667
1336877961,Pg Vall d'Hebron - L'Arrabassada,H4,41.418639,2.1390633
983299163,Pg Vall d'Hebron - Natzaret,H4,41.421543,2.1404661
5241745240,Pg Valldaura - Escultor Ordóñez,H4,41.4388887,2.1792533
2408256845,Pg. Bonanova - Anglí,H4,41.4009709,2.1234313
5127179246,Pg. Reina Elisenda - Av. JV Foix,H4,41.398496,2.1184531
5127179247,Pg. Reina Elisenda - Major de Sarrià,H4,41.3999043,2.121075
2484343628,Pg. Sant Gervasi - Mas Yebra,H4,41.4120938,2.138207
5241858271,Pg. Sant Gervasi - Pl. Bonanova,H4,41.4072085,2.1339798
2700343387,Pg. Sant Gervasi - Pl. John F. Kennedy,H4,41.4103313,2.137533
4474980174,Pg. Sant Gervasi - Pl. Kennedy,H4,41.410059,2.1358085
5241792502,Pg. Torras i Bages - Almirall Pròixida,H4,41.4413864,2.1908223
5173170426,Pg. Torras i Bages - Els Segadors,H4,41.4369669,2.1912515
5173170424,Pg. Torras i Bages - Palomar,H4,41.4418254,2.1909134
5173170425,Pg. Torras i Bages - Residència,H4,41.4394833,2.1911007
5241303232,Pg. Vall d'Hebron - Av. Can Marcet,H4,41.4356103,2.1483455
5241303236,Pg. Vall d'Hebron - Av. de Vallcarca,H4,41.4193199,2.139827
5241807789,Pg. Vall d'Hebron - Cementiri d'Horta,H4,41.4397386,2.1583446
5241303231,Pg. Vall d'Hebron - Ctra. d'Horta,H4,41.4380723,2.1534347
2293347501,Pg. Vall d'Hebron - Mundet,H4,41.4351549,2.1471577
5241303235,Pg. Vall d'Hebron - Patronat Ribes,H4,41.4223323,2.1412891
5241303230,Pg. Vall d'Hebron - Scala Dei,H4,41.4390684,2.1577401
5241807788,Pg. Vall d'Hebron - Velòdrom,H4,41.4372052,2.1497484
5241745239,Pg. Valldaura - Andreu Nin,H4,41.4392884,2.1825001
5286594888,Pg. Valldaura - Av. Rio de Janeiro,H4,41.43945,2.1826288
1634950895,Pg. Valldaura - Fabra i Puig,H4,41.4392069,2.1657339
5286594887,Pg. Valldaura - Font d'En Canyelles,H4,41.4390358,2.1792419
1634948396,Pg. Valldaura - Guineueta,H4,41.4394196,2.1656769
5287228367,Pg. Valldaura - Lluc,H4,41.4389081,2.1793833
5122285253,Pg. Valldaura - Mercat de la Guineueta,H4,41.4390642,2.169042
5113279475,Pg. Valldaura - Pr. de Verdum,H4,41.4384045,2.1737127
5122285254,Pg. Valldaura - Rambla Caçador,H4,41.438623,2.1735217
5286594891,Pg. de Sta. Coloma - Ctra. de Ribes,H4,41.4450743,2.189803
5204750982,Pg. de Torras i Bages - Residència,H4,41.4393797,2.190943
5241792491,Pg. de l'Havana - Ciutat d'Asución,H4,41.4387032,2.1993666
1368508902,Pl Alfonso Comín - Av República Argentina,H4,41.4144875,2.138261
5241303237,Pl Alfonso Comín - Pg Vall d'Hebron,H4,41.4162903,2.1383193
2408256843,Pl de Sarrià,H4,41.3998709,2.1213536
2408261963,Pl. Alfonso Comín - Isaac Newton,H4,41.4147158,2.1366121
2408257621,Pl. Bonanova,H4,41.4065889,2.1337455
5113279477,Pl. Karl Marx,H4,41.4393883,2.1624644
5241809436,Pl. Karl Marx - Pg. Vall d'Hebron,H4,41.4406986,2.1617321
5241803899,Pl. Miquel Casablancas,H4,41.4397168,2.1864425
5104154878,Pl. de Mossèn Clapés,H4,41.4417066,2.1875305
10039722019,Sant Adrià - Biosca,H4,41.4365041,2.2071209
5241792500,Sant Adrià - Josep Soldevila,H4,41.4342139,2.1927828
5241792493,Sant Adrià - Sas,H4,41.4361125,2.2037319
5241792497,Sao Paulo - Ciutat d'Asunción,H4,41.4389034,2.1976222
5173170427,Segre - Pl. de Can Fabra,H4,41.4351852,2.1918361
5241258740,Sor Eulàlia d'Anzizu - González Tablas,H4,41.3870652,2.1086849
4721516006,Av dels Quinze - Passeig Maragall,H6,41.4264216,2.1758543
5249180703,Av dels Quinze - Serrano,H6,41.4291686,2.1742798
823781729,CAP Larrard,H6,41.4105943,2.1563818
5244627350,Capità Arenas - Maria Cristina,H6,41.3889682,2.126608
5122315539,Carles III - Numància,H6,41.3916742,2.1292386
5288764596,Dublín - Meridiana,H6,41.4285851,2.1852093
4335514189,ETS d'Arquitectura,H6,41.3848373,2.1140047
5254788635,Escòcia,H6,41.4286178,2.1794363
5254788633,Fabra i Puig - Arnau d'Oms,H6,41.4303351,2.1767252
5287944520,Fabra i Puig - Gran de Sant Andreu,H6,41.4301951,2.1892074
5287944519,Fabra i Puig - Llenguadoc,H6,41.4302591,2.185454
5254788573,Fabra i Puig - Meridiana,H6,41.4302622,2.1819818
5254759065,Guinardó - Lepant,H6,41.4122095,2.1674926
3884281758,Guinardó - Parc de les Aigües,H6,41.4122519,2.1663717
5127170050,Manuel Girona - Carles III,H6,41.3921646,2.1282273
5122315540,Maria Cristina - Carles III,H6,41.3893358,2.1280473
5100179129,Metro Maragall,H6,41.424755,2.1774184
5113296492,Metro Maragall,H6,41.4245418,2.1761305
8176627112,Metro Onze de Setembre,H6,41.4281539,2.1948175
5253058039,Mitre - Avinguda Sarrià,H6,41.3930201,2.1311458
5098323907,Mitre - Balmes,H6,41.4042125,2.1405884
5099304731,Mitre - Balmes,H6,41.4046575,2.1410715
5098357539,Mitre - Berna,H6,41.405646,2.1466191
5099337387,Mitre - Doctor Fleming,H6,41.3947949,2.1334264
5126734073,Mitre - Doctor Fleming,H6,41.3948812,2.1337432
5098323910,Mitre - Ganduxer,H6,41.3988653,2.1338846
5099304728,Mitre - Ganduxer,H6,41.398761,2.1334617
5098323909,Mitre - Mandri,H6,41.4010785,2.1362666
5099304729,Mitre - Mandri,H6,41.4004544,2.1351194
5098323908,Mitre - Muntaner,H6,41.4030437,2.1384301
5099304730,Mitre - Muntaner,H6,41.4026466,2.137576
5099337386,Mitre - Prat de la Riba,H6,41.3932721,2.1313014
5099275295,Mitre - Pàdua,H6,41.4058091,2.1462328
5098357540,Mitre - Saragossa,H6,41.4053039,2.1440297
5099304732,Mitre - Saragossa,H6,41.4053974,2.1434696
5262705001,Onze de Setembre - Virgili,H6,41.4301614,2.1931057
1564503283,Palau Reial,H6,41.3856111,2.1161582
5572252924,Palau Reial,H6,41.3858437,2.1179654
5288764594,Pare Manyanet - Sant Sebastià,H6,41.4277163,2.1913707
5321951692,Pl Lesseps,H6,41.4061888,2.1490842
5249411004,Pl Lesseps - Riera de Vallcarca,H6,41.4067414,2.1495006
1375749536,Pl Pius XII,H6,41.3869772,2.1215605
5253057925,Pl Reina Maria Cristina,H6,41.3878192,2.1257736
5253055692,Pl. Pius XII,H6,41.3865811,2.1208792
5100179128,Ramon Albó - Alexandre Galí,H6,41.4266354,2.1773447
5254863669,Rda Guinardó - Cartagena,H6,41.4142073,2.1709831
5254788639,Rda Guinardó - Castillejos,H6,41.4134971,2.1703437
5254824941,Rda Guinardó - Telègraf,H6,41.4165729,2.1741882
5254788636,Rda Guinardó - Vinyals,H6,41.4184037,2.1762901
8176743884,Ronda Guinardó - Art,H6,41.4208193,2.1768984
6106777206,Ronda Guinardó - Pi i Margall,H6,41.4117898,2.1638755
5254788637,Ronda Guinardó - Sant Quintí,H6,41.4158484,2.1738659
5247963822,Ronda Guinardó - Torre dels Pardals,H6,41.4221732,2.1773267
5254824869,Ronda Guinardó - Vinyals,H6,41.4184736,2.1761384
5288764595,Rovira i Virgili - Parc de la Pegaso,H6,41.4278805,2.1893424
8176627115,Rovira i Virgili - Parc de la Pegaso,H6,41.4279079,2.1893047
5098357538,Trav de Dalt - La Granja,H6,41.4088797,2.153531
5098357537,Trav de Dalt - Torrent de les Flors,H6,41.4104867,2.1566384
5249411006,Trav de Dalt - Verdi,H6,41.4089129,2.1530419
5256357713,Zona Universitària,H6,41.3846719,2.110908
4412201290,Av Gaudí,H8,41.4100161,2.1751798
2490182951,Av Gaudí - Castillejos,H8,41.4108459,2.1737752
12811217901,"Av. Meridiana, 277",H8,41.4223638,2.1867572
5173170431,Berenguer de Palou - Pare Manyanet,H8,41.4269838,2.1916761
8610529228,Berenguer de Palou - Pont del Treball,H8,41.4236945,2.1918059
8190463691,Berlín - Nicaragua,H8,41.3841344,2.1407454
1347922794,Cardenal Reig - Av St Ramon Nonat,H8,41.3784865,2.1173486
4362317798,Cardenal Reig - Pisuerga,H8,41.3771391,2.1146488
5241792492,Ciutat d'Asunción - Sant Adrià,H8,41.4365026,2.201021
5026708856,Collblanc - Cardenal Reig,H8,41.3758983,2.1146227
5264363333,Còrsega - Bailèn,H8,41.4004988,2.1645033
5264394427,Còrsega - Llúria,H8,41.3988771,2.1623454
3350092763,Diagonal - Balmes,H8,41.3953936,2.1553672
5264394015,Diagonal - Balmes,H8,41.395483,2.1549863
1588786479,Diagonal - Francesc Macià,H8,41.3931045,2.1462922
5264394012,Diagonal - Francesc Macià,H8,41.3931699,2.1459073
3350102767,Diagonal - Muntaner,H8,41.3941687,2.1504987
5264394014,Diagonal - Muntaner,H8,41.3943154,2.1504216
3350102971,Diagonal - Passeig de Gràcia,H8,41.396849,2.160416
5261112721,Diagonal - Pau Claris,H8,41.3967473,2.1606802
5262635831,Garcilaso - La Sagrera,H8,41.4226563,2.1891706
5204783226,Gran de Sant Andreu - Fabra i Puig,H8,41.4292583,2.1901104
5261714904,Indústria - Freser,H8,41.4151826,2.1817832
5100163744,Indústria - Independència,H8,41.4126068,2.1784729
5261707829,Indústria - Lepant,H8,41.4074672,2.1717768
5261112122,Indústria - Sardenya,H8,41.4056158,2.1692725
5262704815,Josep Soldevila - Onze de Setembre,H8,41.4317578,2.1953298
5262704816,Josep Soldevila - Torrent Estadella,H8,41.4341015,2.1935418
5214067409,Josep Tarradellas - Comte Borrell,H8,41.3915851,2.1442618
5249410996,Josep Tarradellas - Francesc Macià,H8,41.3916245,2.1437535
1645362853,Josep Tarradellas - París,H8,41.3863936,2.1429785
1588786497,Josep Tarradellas - Viladomat,H8,41.3891716,2.1435598
5264614127,Les Corts - Arizala,H8,41.3793517,2.1233788
1347954577,Les Corts - Aurora Bertrana,H8,41.3770646,2.1198459
8190463695,Les Corts - Benavent,H8,41.3798933,2.1245611
5245955760,Les Corts - Carles III,H8,41.3827026,2.1287049
1711862324,Les Corts - Maternitat,H8,41.3812157,2.1266453
1474608389,Les Corts - Mejía Lequerica,H8,41.3818975,2.1272727
1474608391,Les Corts - Numància,H8,41.3872705,2.1358128
5264616333,Les Corts - Pl Dr Ignasi Barraquer,H8,41.3901116,2.1406322
5259831075,Les Corts - Vallespir,H8,41.385272,2.132653
5264616331,Les Corts - Vallespir,H8,41.3855121,2.1327207
5159158210,Lima - Ciutat d'Asunción,H8,41.4392287,2.2007822
5245930157,Mercat de Les Corts,H8,41.3836917,2.1299102
2578587258,Meridiana - Josep Estivill,H8,41.4181804,2.187143
12800433858,"Meridiana, 298",H8,41.4224996,2.1871121
8950988973,Metro Ernest Lluch,H8,41.3766402,2.1118413
5262616712,Navas de Tolosa - Indústria,H8,41.4166524,2.1849632
2509846206,Numància - Marquès de Sentmenat,H8,41.3846113,2.1374286
5260292360,Numància - Parc Les Corts,H8,41.3861501,2.1358521
5262705001,Onze de Setembre - Virgili,H8,41.4301614,2.1931057
5262619108,Parc de La Maquinista,H8,41.4357511,2.1946104
5241792490,Parc de la Maquinista,H8,41.4367408,2.1961179
5262619109,Pare Manyanet - Virgili,H8,41.4281497,2.194609
5167311923,Pg de Sant Joan - Còrsega,H8,41.4024069,2.1659705
5241792491,Pg. de l'Havana - Ciutat d'Asución,H8,41.4387032,2.1993666
5122178706,Rosselló - Bailèn,H8,41.3996491,2.1658369
5122178707,Rosselló - Bruc,H8,41.3980624,2.1637424
5204783224,Sagrera - Martí Molins,H8,41.4229883,2.1910864
5204783225,Sagrera - Parc de la Pegaso,H8,41.4263076,2.190914
5241792500,Sant Adrià - Josep Soldevila,H8,41.4342139,2.1927828
5241792493,Sant Adrià - Sas,H8,41.4361125,2.2037319
5264259285,Sant Antoni Maria Claret - Felip II,H8,41.4201688,2.1863157
4776361635,Sant Antoni Maria Claret - Independència,H8,41.4132535,2.1769777
2490182953,Sant Antoni Maria Claret - Lepant,H8,41.4082742,2.1703566
4156261299,Sant Antoni Maria Claret - Nàpols,H8,41.4048948,2.1658725
2490182945,Sant Antoni Maria Claret - Sardenya,H8,41.4066275,2.1681676
4721515996,Sant Antoni Maria Claret - Trinxant,H8,41.4168148,2.1817202
5241792497,Sao Paulo - Ciutat d'Asunción,H8,41.4389034,2.1976222
5159158208,Sas - Claramunt,H8,41.4377442,2.2041713
6113383272,Sas - Pl Celestí Boada,H8,41.4389074,2.2039773
5173170429,Segre - Borriana,H8,41.4309351,2.1948194
6113453104,Travessera de les Corts - Comte de Güell,H8,41.3782186,2.1219373
2490154028,Sant Antoni Maria Claret - Rambla Volart,H819,41.4152978,2.1796922
5572252925,Diagonal - Complex Esportiu Universitari,Hillsa,41.3832594,2.1078594
5214112976,Av d'Esplugues - González Tablas,JM,41.3870491,2.1058091
588010946,Av. de l'Exèrcit - Trias i Giró,JM,41.3856226,2.1111376
5215084448,González Tablas - Sor Eulàlia d'Anzizu,JM,41.3855688,2.1092116
5241258741,Gran Capità - Av de l'Exèrcit,JM,41.3870091,2.1115687
4898259324,Parc de Cervantes,JM,41.3852455,2.1046731
5241258740,Sor Eulàlia d'Anzizu - González Tablas,JM,41.3870652,2.1086849
8399487639,Estació d'Autobusos Barcelona Nord,L0092,41.3943076,2.1826679
8399487639,Estació d'Autobusos Barcelona Nord,L0393,41.3943076,2.1826679
8399487639,Estació d'Autobusos Barcelona Nord,L1561,41.3943076,2.1826679
12013170558,"Rda. Sant Pere, 19-21",L1561,41.3895883,2.1741952
5568523469,Gran Via - Radi,L16,41.3636821,2.1344773
5387303728,Mineria - Química,L16,41.3651111,2.1382818
8476194347,Química - Gran Via de les C. C.,L16,41.3657765,2.1383603
5387303727,del Radi - Ctra del Prat,L16,41.3628697,2.1347581
12815640389,Diagonal - Francesc Macià,L1731,41.3918089,2.1405796
5223476136,Ctra de Collblanc - Metro Ernest Lluch,L50,41.3759803,2.1108261
1347954577,Les Corts - Aurora Bertrana,L50,41.3770646,2.1198459
12919800900,Trav. de les Corts - Riera Blanca,L50,41.37744,2.1204793
12815640390,Av. Diagonal - Dr. Fleming,L51,41.3905939,2.1358274
1426089992,Av. Diagonal - Gran Via Carles III,L51,41.3878413,2.1266003
5572252925,Diagonal - Complex Esportiu Universitari,L51,41.3832594,2.1078594
5215106704,Diagonal - Entença,L51,41.3903272,2.1364097
12815640387,Diagonal - Francesc Macià,L51,41.3921937,2.1421164
5391091029,Diagonal - Metro Zona Universitària,L51,41.384854,2.1131804
1546525890,Diagonal - Parc de Cervantes,L51,41.3836366,2.1083722
1787081052,Diagonal - Pl Reina Maria Cristina,L51,41.3884779,2.1274569
1564503283,Palau Reial,L51,41.3856111,2.1161582
1460386413,Zona Universitària - Escola T S d'Enginyeria,L51,41.3850647,2.1156641
12815640390,Av. Diagonal - Dr. Fleming,L57,41.3905939,2.1358274
1426089992,Av. Diagonal - Gran Via Carles III,L57,41.3878413,2.1266003
5572252925,Diagonal - Complex Esportiu Universitari,L57,41.3832594,2.1078594
5215106704,Diagonal - Entença,L57,41.3903272,2.1364097
12815640387,Diagonal - Francesc Macià,L57,41.3921937,2.1421164
5391091029,Diagonal - Metro Zona Universitària,L57,41.384854,2.1131804
1546525890,Diagonal - Parc de Cervantes,L57,41.3836366,2.1083722
1787081052,Diagonal - Pl Reina Maria Cristina,L57,41.3884779,2.1274569
1564503283,Palau Reial,L57,41.3856111,2.1161582
1460386413,Zona Universitària - Escola T S d'Enginyeria,L57,41.3850647,2.1156641
12815640390,Av. Diagonal - Dr. Fleming,L61,41.3905939,2.1358274
1426089992,Av. Diagonal - Gran Via Carles III,L61,41.3878413,2.1266003
5572252925,Diagonal - Complex Esportiu Universitari,L61,41.3832594,2.1078594
5215106704,Diagonal - Entença,L61,41.3903272,2.1364097
12815640387,Diagonal - Francesc Macià,L61,41.3921937,2.1421164
5391091029,Diagonal - Metro Zona Universitària,L61,41.384854,2.1131804
1546525890,Diagonal - Parc de Cervantes,L61,41.3836366,2.1083722
1787081052,Diagonal - Pl Reina Maria Cristina,L61,41.3884779,2.1274569
1564503283,Palau Reial,L61,41.3856111,2.1161582
1460386413,Zona Universitària - Escola T S d'Enginyeria,L61,41.3850647,2.1156641
5223476136,Ctra de Collblanc - Metro Ernest Lluch,L62,41.3759803,2.1108261
1347954577,Les Corts - Aurora Bertrana,L62,41.3770646,2.1198459
12919800900,Trav. de les Corts - Riera Blanca,L62,41.37744,2.1204793
12815640390,Av. Diagonal - Dr. Fleming,L63,41.3905939,2.1358274
1426089992,Av. Diagonal - Gran Via Carles III,L63,41.3878413,2.1266003
5572252925,Diagonal - Complex Esportiu Universitari,L63,41.3832594,2.1078594
5215106704,Diagonal - Entença,L63,41.3903272,2.1364097
12815640386,Diagonal - Francesc Macià,L63,41.3923738,2.1428363
5391091029,Diagonal - Metro Zona Universitària,L63,41.384854,2.1131804
1546525890,Diagonal - Parc de Cervantes,L63,41.3836366,2.1083722
1787081052,Diagonal - Pl Reina Maria Cristina,L63,41.3884779,2.1274569
1564503283,Palau Reial,L63,41.3856111,2.1161582
1460386413,Zona Universitària - Escola T S d'Enginyeria,L63,41.3850647,2.1156641
12815640390,Av. Diagonal - Dr. Fleming,L64,41.3905939,2.1358274
1426089992,Av. Diagonal - Gran Via Carles III,L64,41.3878413,2.1266003
5572252925,Diagonal - Complex Esportiu Universitari,L64,41.3832594,2.1078594
5215106704,Diagonal - Entença,L64,41.3903272,2.1364097
12815640386,Diagonal - Francesc Macià,L64,41.3923738,2.1428363
5391091029,Diagonal - Metro Zona Universitària,L64,41.384854,2.1131804
1546525890,Diagonal - Parc de Cervantes,L64,41.3836366,2.1083722
1787081052,Diagonal - Pl Reina Maria Cristina,L64,41.3884779,2.1274569
1564503283,Palau Reial,L64,41.3856111,2.1161582
1460386413,Zona Universitària - Escola T S d'Enginyeria,L64,41.3850647,2.1156641
364731358,Av. Diagonal - Dr. Ferran,L67,41.3882064,2.1264077
1426089992,Av. Diagonal - Gran Via Carles III,L67,41.3878413,2.1266003
5215084447,Diagonal - Av Doctor Marañón,L67,41.3842047,2.1115904
5572252925,Diagonal - Complex Esportiu Universitari,L67,41.3832594,2.1078594
5215106704,Diagonal - Entença,L67,41.3903272,2.1364097
12815640388,Diagonal - Francesc Macià,L67,41.3919573,2.1411717
5215106708,Diagonal - Metro Palau Reial,L67,41.3858505,2.1187625
5391091029,Diagonal - Metro Zona Universitària,L67,41.384854,2.1131804
1460386413,Zona Universitària - Escola T S d'Enginyeria,L67,41.3850647,2.1156641
12815640390,Av. Diagonal - Dr. Fleming,L68,41.3905939,2.1358274
1426089992,Av. Diagonal - Gran Via Carles III,L68,41.3878413,2.1266003
5572252925,Diagonal - Complex Esportiu Universitari,L68,41.3832594,2.1078594
5215106704,Diagonal - Entença,L68,41.3903272,2.1364097
12815640386,Diagonal - Francesc Macià,L68,41.3923738,2.1428363
5391091029,Diagonal - Metro Zona Universitària,L68,41.384854,2.1131804
1546525890,Diagonal - Parc de Cervantes,L68,41.3836366,2.1083722
1787081052,Diagonal - Pl Reina Maria Cristina,L68,41.3884779,2.1274569
1564503283,Palau Reial,L68,41.3856111,2.1161582
1460386413,Zona Universitària - Escola T S d'Enginyeria,L68,41.3850647,2.1156641
12815640390,Av. Diagonal - Dr. Fleming,L69,41.3905939,2.1358274
1426089992,Av. Diagonal - Gran Via Carles III,L69,41.3878413,2.1266003
5572252925,Diagonal - Complex Esportiu Universitari,L69,41.3832594,2.1078594
5215106704,Diagonal - Entença,L69,41.3903272,2.1364097
12815640386,Diagonal - Francesc Macià,L69,41.3923738,2.1428363
5391091029,Diagonal - Metro Zona Universitària,L69,41.384854,2.1131804
1546525890,Diagonal - Parc de Cervantes,L69,41.3836366,2.1083722
1787081052,Diagonal - Pl Reina Maria Cristina,L69,41.3884779,2.1274569
1564503283,Palau Reial,L69,41.3856111,2.1161582
5390226674,Av. Paral·lel - Pl. Espanya,L70,41.37483,2.1518454
3459957419,Gran Via - Farell,L70,41.3721557,2.1451664
3459957420,Gran Via - Ildefons Cerdà,L70,41.3658538,2.1366085
3460264081,Gran Via - Mandoni,L70,41.3695033,2.1419537
3459957423,Gran Via - Moianès,L70,41.3702462,2.1426091
3460264083,Gran Via - Química,L70,41.3652082,2.1363803
5568523469,Gran Via - Radi,L70,41.3636821,2.1344773
3460264085,Gran Via - Santa Dorotea,L70,41.3716481,2.1448371
5568523468,Ildefons Cerdà - Ciutat de la Justícia,L70,41.3638735,2.1338562
5568523466,La Campana,L70,41.3683333,2.1400638
5568523467,La Campana,L70,41.3679026,2.1398343
2510578416,Paral·lel - Pl Espanya,L70,41.374903,2.1505342
5568565865,Pl Espanya - FGC,L70,41.373834,2.1471912
8066147074,Av. Paral·lel - Pl. Espanya,L72,41.3748314,2.1516381
3459957419,Gran Via - Farell,L72,41.3721557,2.1451664
3459957420,Gran Via - Ildefons Cerdà,L72,41.3658538,2.1366085
3460264081,Gran Via - Mandoni,L72,41.3695033,2.1419537
3459957423,Gran Via - Moianès,L72,41.3702462,2.1426091
3460264083,Gran Via - Química,L72,41.3652082,2.1363803
5568523469,Gran Via - Radi,L72,41.3636821,2.1344773
3460264085,Gran Via - Santa Dorotea,L72,41.3716481,2.1448371
5568523468,Ildefons Cerdà - Ciutat de la Justícia,L72,41.3638735,2.1338562
5568523466,La Campana,L72,41.3683333,2.1400638
5568523467,La Campana,L72,41.3679026,2.1398343
2510578416,Paral·lel - Pl Espanya,L72,41.374903,2.1505342
5568565865,Pl Espanya - FGC,L72,41.373834,2.1471912
3459957419,Gran Via - Farell,L80,41.3721557,2.1451664
3459957420,Gran Via - Ildefons Cerdà,L80,41.3658538,2.1366085
3460264081,Gran Via - Mandoni,L80,41.3695033,2.1419537
3459957423,Gran Via - Moianès,L80,41.3702462,2.1426091
3460264083,Gran Via - Química,L80,41.3652082,2.1363803
5568523469,Gran Via - Radi,L80,41.3636821,2.1344773
3460264085,Gran Via - Santa Dorotea,L80,41.3716481,2.1448371
5568523468,Ildefons Cerdà - Ciutat de la Justícia,L80,41.3638735,2.1338562
5568523466,La Campana,L80,41.3683333,2.1400638
5568523467,La Campana,L80,41.3679026,2.1398343
2510578416,Paral·lel - Pl Espanya,L80,41.374903,2.1505342
5568565865,Pl Espanya - FGC,L80,41.373834,2.1471912
5390266019,Av. Paral·lel - Pl. Espanya,L86,41.3748485,2.1513532
3459957419,Gran Via - Farell,L86,41.3721557,2.1451664
3459957420,Gran Via - Ildefons Cerdà,L86,41.3658538,2.1366085
3460264081,Gran Via - Mandoni,L86,41.3695033,2.1419537
3459957423,Gran Via - Moianès,L86,41.3702462,2.1426091
3460264083,Gran Via - Química,L86,41.3652082,2.1363803
5568523469,Gran Via - Radi,L86,41.3636821,2.1344773
3460264085,Gran Via - Santa Dorotea,L86,41.3716481,2.1448371
5568523468,Ildefons Cerdà - Ciutat de la Justícia,L86,41.3638735,2.1338562
5568523466,La Campana,L86,41.3683333,2.1400638
5568523467,La Campana,L86,41.3679026,2.1398343
2510578416,Paral·lel - Pl Espanya,L86,41.374903,2.1505342
5568565865,Pl Espanya - FGC,L86,41.373834,2.1471912
2203423147,Av Roma - Tarragona,L94,41.3805169,2.1437368
8560788705,Estació de Sants,L94,41.3791104,2.1383356
3459957419,Gran Via - Farell,L94,41.3721557,2.1451664
3459957420,Gran Via - Ildefons Cerdà,L94,41.3658538,2.1366085
3460264081,Gran Via - Mandoni,L94,41.3695033,2.1419537
3459957423,Gran Via - Moianès,L94,41.3702462,2.1426091
3460264083,Gran Via - Química,L94,41.3652082,2.1363803
5568523469,Gran Via - Radi,L94,41.3636821,2.1344773
3460264085,Gran Via - Santa Dorotea,L94,41.3716481,2.1448371
5568523468,Ildefons Cerdà - Ciutat de la Justícia,L94,41.3638735,2.1338562
5568523466,La Campana,L94,41.3683333,2.1400638
5568523467,La Campana,L94,41.3679026,2.1398343
12106325522,Pg Sant Antoni - Parc de l'Espanya Industrial,L94,41.378295,2.1407621
12106307037,"Pg Sant Antoni, 53-55",L94,41.3788948,2.1414556
5568565865,Pl Espanya - FGC,L94,41.373834,2.1471912
2509846211,Pl de Joan Peiró,L94,41.3785219,2.138897
13578273939,Tarragona - Consell de Cent,L94,41.3764405,2.1477459
12106306192,Tarragona - Mallorca,L94,41.3797714,2.1433364
10836696131,Tarragona - Pl. Espanya,L94,41.3759834,2.1487333
4893836322,Gran Via - Comte Borrell,L95,41.3817987,2.1582757
3460264080,Gran Via - Entença,L95,41.3784161,2.1537889
3459957419,Gran Via - Farell,L95,41.3721557,2.1451664
3459957420,Gran Via - Ildefons Cerdà,L95,41.3658538,2.1366085
3460264081,Gran Via - Mandoni,L95,41.3695033,2.1419537
3459957423,Gran Via - Moianès,L95,41.3702462,2.1426091
2501096696,Gran Via - Muntaner,L95,41.3843601,2.1616769
3460264083,Gran Via - Química,L95,41.3652082,2.1363803
5568523469,Gran Via - Radi,L95,41.3636821,2.1344773
3460264085,Gran Via - Santa Dorotea,L95,41.3716481,2.1448371
3460264086,Gran Via - Viladomat,L95,41.3801188,2.1560433
5568523468,Ildefons Cerdà - Ciutat de la Justícia,L95,41.3638735,2.1338562
5568523466,La Campana,L95,41.3683333,2.1400638
5568523467,La Campana,L95,41.3679026,2.1398343
5568565865,Pl Espanya - FGC,L95,41.373834,2.1471912
5569990401,Pl Universitat,L95,41.3860627,2.1639593
8634928231,Rda. Universitat - Plaça Catalunya,L95,41.3871714,2.1677418
5319921703,Sepúlveda - Av. Mistral,L95,41.3757519,2.1525094
2487149448,Sepúlveda - Muntaner,L95,41.3834222,2.1626865
4040253781,Sepúlveda - Rocafort,L95,41.3773351,2.1546496
5568563076,Sepúlveda-Comte d'Urgell,L95,41.3817016,2.1604236
4040253782,Sepúlveda-Viladomat,L95,41.3790146,2.1568682
5214067404,Av. Diagonal - Palau Reial de Pedralbes,L97,41.386002,2.1176741
5215084447,Diagonal - Av Doctor Marañón,L97,41.3842047,2.1115904
5572252925,Diagonal - Complex Esportiu Universitari,L97,41.3832594,2.1078594
5391091029,Diagonal - Metro Zona Universitària,L97,41.384854,2.1131804
5214067406,Diagonal - Numància,L97,41.3895327,2.1316374
1546525890,Diagonal - Parc de Cervantes,L97,41.3836366,2.1083722
1787081052,Diagonal - Pl Reina Maria Cristina,L97,41.3884779,2.1274569
4335514189,ETS d'Arquitectura,L97,41.3848373,2.1140047
8387810282,Gran Via Carles III - Av. Diagonal,L97,41.3897483,2.128198
5122315540,Maria Cristina - Carles III,L97,41.3893358,2.1280473
5572252924,Palau Reial,L97,41.3858437,2.1179654
1375749536,Pl Pius XII,L97,41.3869772,2.1215605
5253057925,Pl Reina Maria Cristina,L97,41.3878192,2.1257736
5253055692,Pl. Pius XII,L97,41.3865811,2.1208792
12291991686,Collblanc - Sant Ramon Nonat,LH2,41.3758441,2.1174991
6100240049,Riera Blanca - Pavia,LH2,41.3712166,2.1282016
6100240050,Riera Blanca - Santiago Ramon y Cajal,LH2,41.3691781,2.1309583
6100294362,Arístides Maillol - Trav. de les Corts,M12,41.3783482,2.1212501
5403752122,Av Diagonal - Pl Reina Maria Cristina,M12,41.3889742,2.127614
1553616948,Carles III - Maria Cristina,M12,41.3876677,2.1269878
5244627349,Carles III - Mejía Lequerica,M12,41.3842989,2.1272403
1546529757,Estadi del Futbol Club Barcelona,M12,41.380445,2.1250636
1474608389,Les Corts - Mejía Lequerica,M12,41.3818975,2.1272727
1460386411,Mini Estadi - Palau Blaugrana,M12,41.380786,2.1191947
5253057925,Pl Reina Maria Cristina,M12,41.3878192,2.1257736
6100240047,Riera Blanca - Regent Mendieta,M12,41.3762077,2.1217842
5383765203,Albert Bastardas - Torre Melina,M14,41.3810424,2.1078159
1426089992,Av. Diagonal - Gran Via Carles III,M14,41.3878413,2.1266003
5383765202,Av. Diagonal - Torre Melina,M14,41.3838478,2.1107735
5383765205,Av. Manuel Azaña - Av. de Xile,M14,41.3774473,2.1105239
5572252922,Diagonal - Av Joan XXIII,M14,41.3869211,2.1229748
5577284921,Diagonal - Manuel Ballbé,M14,41.3840667,2.1100683
5215106708,Diagonal - Metro Palau Reial,M14,41.3858505,2.1187625
5214067406,Diagonal - Numància,M14,41.3895327,2.1316374
5214067405,Diagonal - Pl Pius XII,M14,41.3872554,2.1226538
1787081052,Diagonal - Pl Reina Maria Cristina,M14,41.3884779,2.1274569
5391091030,Flos i Calcat - l'Illa,M14,41.3905311,2.131083
5383765204,General Batet - Av. Manuel Azaña,M14,41.3789268,2.10881
1564503283,Palau Reial,M14,41.3856111,2.1161582
5383765199,Torre Melina - Albert Bastardas,M14,41.3815568,2.1081
1460386413,Zona Universitària - Escola T S d'Enginyeria,M14,41.3850647,2.1156641
13537546891,Av. Diagonal - Numància,M15,41.3899768,2.1334134
5577284921,Diagonal - Manuel Ballbé,M15,41.3840667,2.1100683
5391091029,Diagonal - Metro Zona Universitària,M15,41.384854,2.1131804
5214067406,Diagonal - Numància,M15,41.3895327,2.1316374
5214067405,Diagonal - Pl Pius XII,M15,41.3872554,2.1226538
1564503283,Palau Reial,M15,41.3856111,2.1161582
5383765199,Torre Melina - Albert Bastardas,M15,41.3815568,2.1081
6121899151,Coll i Alentorn - Basses d'Horta,M19,41.4243927,2.1432359
5173170423,Comissaria Mossos d'Esquadra,M19,41.4442331,2.1907589
5241807787,IES Narcís Monturiol,M19,41.4320167,2.1453598
1933498386,Mercat Vall d'Hebron,M19,41.4252248,2.1429105
5113279476,Mercat de la Guineueta,M19,41.4387874,2.1699828
5241837963,Metro Montbau,M19,41.4307523,2.1448208
5104171163,Metro Torras i Bages,M19,41.4427405,2.1908739
8954588016,Metro Vall d'Hebron,M19,41.4246102,2.1433521
5241303234,Palau d'Esports de la Vall d'Hebron,M19,41.4279398,2.1441859
5241303233,Parc de la Vall d'Hebron,M19,41.4314121,2.1457761
5173170422,Pg. Santa Coloma - Pl. de la Modernitat,M19,41.4462146,2.1935497
5204711493,Pg. Sta. Coloma - Baró de Viver,M19,41.4485791,2.1997601
5204750985,Pg. Sta. Coloma - Nus de la Trinitat,M19,41.4464317,2.1935383
5241303232,Pg. Vall d'Hebron - Av. Can Marcet,M19,41.4356103,2.1483455
5241807789,Pg. Vall d'Hebron - Cementiri d'Horta,M19,41.4397386,2.1583446
5241303231,Pg. Vall d'Hebron - Ctra. d'Horta,M19,41.4380723,2.1534347
2293347501,Pg. Vall d'Hebron - Mundet,M19,41.4351549,2.1471577
5241303230,Pg. Vall d'Hebron - Scala Dei,M19,41.4390684,2.1577401
5241807788,Pg. Vall d'Hebron - Velòdrom,M19,41.4372052,2.1497484
1634950895,Pg. Valldaura - Fabra i Puig,M19,41.4392069,2.1657339
5286594887,Pg. Valldaura - Font d'En Canyelles,M19,41.4390358,2.1792419
1634948396,Pg. Valldaura - Guineueta,M19,41.4394196,2.1656769
5122285253,Pg. Valldaura - Mercat de la Guineueta,M19,41.4390642,2.169042
5113279475,Pg. Valldaura - Pr. de Verdum,M19,41.4384045,2.1737127
5122285254,Pg. Valldaura - Rambla Caçador,M19,41.438623,2.1735217
5286594891,Pg. de Sta. Coloma - Ctra. de Ribes,M19,41.4450743,2.189803
5113279477,Pl. Karl Marx,M19,41.4393883,2.1624644
5241809436,Pl. Karl Marx - Pg. Vall d'Hebron,M19,41.4406986,2.1617321
5241803899,Pl. Miquel Casablancas,M19,41.4397168,2.1864425
5104154878,Pl. de Mossèn Clapés,M19,41.4417066,2.1875305
5159158211,Ciutat d'Asunción - Potosí,M28,41.4417073,2.199812
5159158212,Ciutat d'Asunción - Tucumán,M28,41.4445969,2.1992535
11837585032,Ferran Junoy - Ciutat d'Asunción,M28,41.445928,2.1979499
11837585034,Ferran Junoy - Palomar,M28,41.4429524,2.1969656
5204711493,Pg. Sta. Coloma - Baró de Viver,M28,41.4485791,2.1997601
12884682175,Av. Diagonal (Maria Cristina),Monbus,41.3880888,2.1259438
364731358,Av. Diagonal - Dr. Ferran,Monbus,41.3882064,2.1264077
1426089992,Av. Diagonal - Gran Via Carles III,Monbus,41.3878413,2.1266003
5214067404,Av. Diagonal - Palau Reial de Pedralbes,Monbus,41.386002,2.1176741
5215084447,Diagonal - Av Doctor Marañón,Monbus,41.3842047,2.1115904
5572252925,Diagonal - Complex Esportiu Universitari,Monbus,41.3832594,2.1078594
5215106706,Diagonal - Gandesa,Monbus,41.3884167,2.1289186
5215106708,Diagonal - Metro Palau Reial,Monbus,41.3858505,2.1187625
5391091029,Diagonal - Metro Zona Universitària,Monbus,41.384854,2.1131804
1546525890,Diagonal - Parc de Cervantes,Monbus,41.3836366,2.1083722
5214067405,Diagonal - Pl Pius XII,Monbus,41.3872554,2.1226538
4335514189,ETS d'Arquitectura,Monbus,41.3848373,2.1140047
5572252924,Palau Reial,Monbus,41.3858437,2.1179654
5098392251,Av Gaudí,N0,41.4057854,2.1748071
847721552,Av Mare de Déu de Montserrat - Francesc Alegre,N0,41.4156504,2.1675737
5099275299,Av Mare de Déu de Montserrat - França,N0,41.4148156,2.1649218
3005520749,Av Mare de Déu de Montserrat - Praga,N0,41.4141769,2.1623285
1864620012,Av. Litoral-Trelawny,N0,41.386207,2.1947852
823781729,CAP Larrard,N0,41.4105943,2.1563818
8173979201,Camèlies - Pau Alsina,N0,41.4114015,2.1598417
5099196281,Cartagena - Av. Gaudí,N0,41.4115124,2.1739924
5099193129,Cartagena-Rda. Guinardó,N0,41.4134105,2.1714712
5098323912,Doctor Fleming - Av. Sarrià,N0,41.3920814,2.1360703
5720052470,Doctor Fleming - Santa Fe de Nou Mèxic,N0,41.3943195,2.1350337
5098445392,Dr. Aiguader-Estació de França,N0,41.3833375,2.1879476
5099122415,Dr. Aiguader-La Barceloneta,N0,41.3826172,2.187756
5720040203,Entença - Av Josep Tarradellas,N0,41.3862075,2.1420595
5720016796,Entença - Av Mistral,N0,41.3765579,2.1547012
5098285334,Entença - Consell de Cent,N0,41.3801439,2.1500431
5720052471,Entença - Déu i Mata,N0,41.3903391,2.137677
5098285332,Entença - Montnegre,N0,41.388528,2.1394804
5720040204,Entença - Roselló,N0,41.3841949,2.1446492
5720040205,Entença - València,N0,41.3818061,2.1478358
5098285335,Entença-Gran Via,N0,41.3783203,2.1523896
5357743222,Fundació Puigvert,N0,41.4128994,2.1721795
5098392250,Lepant - Diagonal,N0,41.4024107,2.1793107
3884091340,Lepant - Guinardó,N0,41.4117177,2.1670049
1343391143,Lepant - Mallorca,N0,41.4041048,2.1770222
5098392252,Lepant - Sant Antoni Maria Claret,N0,41.4082901,2.17149
5098392253,Lepant - Trav de Gràcia,N0,41.4095188,2.1698767
2548703465,Les Drassanes,N0,41.3748162,2.1771653
2563549372,Les Drassanes,N0,41.3747931,2.1767888
5331313097,Marina - Almogàvers,N0,41.395199,2.1861987
3166867580,Marina - Ausiàs Marc,N0,41.3968721,2.1843449
5099184737,Marina - Diagonal,N0,41.4017437,2.1781558
2509781506,Marina - Doctor Trueta,N0,41.3909293,2.1922088
5099162122,Marina - Llull,N0,41.3927056,2.1898573
3316542525,Marina - Meridiana,N0,41.3953406,2.186368
3677304559,Marina - Monumental,N0,41.3994441,2.180663
3677611483,Marina - Monumental,N0,41.3985904,2.1820903
5098445395,Marina - Pujades,N0,41.3926627,2.1895115
5098445394,Marina - Ramon Turró,N0,41.3908805,2.1918731
3475667388,Marina - Ribes,N0,41.3977182,2.1829161
2577580283,Marina-Pl. dels Voluntaris,N0,41.3883866,2.1955987
4327804489,Metro Marina,N0,41.394409,2.1876037
4379758991,Metro Marina,N0,41.3942551,2.187426
192327539,Metro Paral·lel,N0,41.375051,2.1704306
2491599575,Metro el Poble-sec,N0,41.3748789,2.1600159
5098323907,Mitre - Balmes,N0,41.4042125,2.1405884
5099304731,Mitre - Balmes,N0,41.4046575,2.1410715
5098357539,Mitre - Berna,N0,41.405646,2.1466191
5099337387,Mitre - Doctor Fleming,N0,41.3947949,2.1334264
5098323910,Mitre - Ganduxer,N0,41.3988653,2.1338846
5099304728,Mitre - Ganduxer,N0,41.398761,2.1334617
5098323909,Mitre - Mandri,N0,41.4010785,2.1362666
5099304729,Mitre - Mandri,N0,41.4004544,2.1351194
5098323908,Mitre - Muntaner,N0,41.4030437,2.1384301
5099304730,Mitre - Muntaner,N0,41.4026466,2.137576
5099337386,Mitre - Prat de la Riba,N0,41.3932721,2.1313014
5099275295,Mitre - Pàdua,N0,41.4058091,2.1462328
5098357540,Mitre - Saragossa,N0,41.4053039,2.1440297
5099304732,Mitre - Saragossa,N0,41.4053974,2.1434696
2491599551,Moll de la Fusta,N0,41.3791186,2.1804039
5024702034,Moll de la Fusta,N0,41.3788238,2.1802722
2198032016,Numància - Av Roma,N0,41.3812068,2.1413469
3477235379,Numància - Berlín,N0,41.3827806,2.1394393
2198012844,Numància - Diagonal,N0,41.3891177,2.1328882
2509846206,Numància - Marquès de Sentmenat,N0,41.3846113,2.1374286
5260292360,Numància - Parc Les Corts,N0,41.3861501,2.1358521
5099337385,Numància - Rda. Gral. Mitre,N0,41.3915478,2.1306934
5100163745,Padilla - Roselló,N0,41.4073352,2.175144
5100121300,Padilla-Mallorca,N0,41.4049214,2.1782805
5609791817,Paral·lel - Cabanes,N0,41.3747983,2.1706364
5024694587,Paral·lel - Drassanes,N0,41.3745435,2.1747399
5026646853,Paral·lel - Drassanes,N0,41.3747712,2.1746463
5024684029,Paral·lel - Margarit,N0,41.3748658,2.1645692
5026655024,Paral·lel - Marquès de Campo Sagrado,N0,41.3751017,2.1638463
2510578416,Paral·lel - Pl Espanya,N0,41.374903,2.1505342
13588349834,Paral·lel - Rocafort,N0,41.3750988,2.1592586
5026652663,Paral·lel - Ronda Sant Pau,N0,41.375075,2.167195
2510578383,Paral·lel - Tamarit,N0,41.3748881,2.1554362
5024685799,Paral·lel - Vila i Vilà,N0,41.37489,2.1672715
2491599579,Pg Colom - Via Laietana,N0,41.380877,2.1819258
2563616373,Pg Colom - Via Laietana,N0,41.3808369,2.1817734
5024706199,Pla de Palau,N0,41.3820931,2.1840999
7803511490,Pla de Palau - Parc de la Ciutadella,N0,41.3828832,2.1832222
3076793405,Pla de Palau - Pl Pau Vila,N0,41.3825594,2.1849395
2563549370,Portal de la Pau,N0,41.3767122,2.1784411
2574786589,Portal de la Pau,N0,41.3766861,2.1785342
5098357535,Ronda Guinardó - Sardenya,N0,41.4121481,2.1627795
12106306192,Tarragona - Mallorca,N0,41.3797714,2.1433364
5099400282,Tarragona - Parc de Joan Miró,N0,41.3767135,2.1474041
5098357538,Trav de Dalt - La Granja,N0,41.4088797,2.153531
5099275298,Trav de Dalt - Riera de Can Toda,N0,41.4124394,2.1592703
5098357537,Trav de Dalt - Torrent de les Flors,N0,41.4104867,2.1566384
5249411006,Trav de Dalt - Verdi,N0,41.4089129,2.1530419
3477235389,València - Lepant,N0,41.4032793,2.1775169
5098445393,Zoo,N0,41.3875671,2.1952636
5100410787,Aiguablava - La Fosca,N1,41.4483983,2.1817532
5101040217,Aiguablava - Nou Barris,N1,41.4474147,2.1805013
5101040218,Aiguablava - Pedrosa,N1,41.448935,2.1821535
5101040219,Aiguablava - Tamariu,N1,41.4501291,2.1840817
5100410788,Aiguablava - Via Favència,N1,41.4474412,2.1807662
5101040220,Aiguablava - Vila-real,N1,41.4516741,2.1862945
2447034087,Arnau d'Oms - La Jota,N1,41.4293174,2.1774137
5204811546,Ausiàs Marc - Bailén,N1,41.3919305,2.1763129
4412201290,Av Gaudí,N1,41.4100161,2.1751798
5098392251,Av Gaudí,N1,41.4057854,2.1748071
2490182951,Av Gaudí - Castillejos,N1,41.4108459,2.1737752
1704312211,Av dels Quinze - Costa i Cuxart,N1,41.4282923,2.17458
4721516006,Av dels Quinze - Passeig Maragall,N1,41.4264216,2.1758543
5100031257,Carrer A - Carrer 1,N1,41.3444679,2.1461415
5103431072,Carrer A - Carrer número 2,N1,41.3425363,2.1444315
8234311088,Carrer A - Carrer número 27,N1,41.3356574,2.1401695
5099446675,Carrer A - Carrer número 3,N1,41.334909,2.1402464
5103431070,Carrer A - Carrer número 3,N1,41.3310239,2.1373284
5103431069,Carrer A - Carrer número 4,N1,41.3291944,2.1361883
5100031259,Carrer A - Comissaria Portuària,N1,41.3380091,2.1421613
5103431071,Carrer A - Comissaria Portuària,N1,41.3375717,2.1412924
5100031258,Carrer A - Guardia Urbana,N1,41.3423956,2.1448725
5103431067,Carrer D - Carrer número 4,N1,41.3301304,2.1287697
5103431066,Carrer D - Carrer número 5,N1,41.3271205,2.126927
5103431065,Carrer D - Carrer número 6,N1,41.3249347,2.1255575
5099446677,Carrer número 4 - Carrer C,N1,41.3296753,2.13235
5099446678,Carrer número 4 - Carrer D,N1,41.3310723,2.1283231
5099446679,Carrer número 4 - Carrer E,N1,41.3321319,2.1253354
5099446680,Carrer número 4 - Carrer F,N1,41.332998,2.122875
5099446681,Carrer número 4 - Mercabarna,N1,41.3343542,2.1190148
5103431068,Carrer número 4-Carrer B,N1,41.3295819,2.1333525
5103433204,Carrer número 6 - Carrer F,N1,41.3249816,2.1181701
5099446676,Cotxeres TB Zona Franca,N1,41.3298451,2.1371322
4394781727,Doctor Pi i Molist - Fabra i Puig,N1,41.4307857,2.174534
4394781710,Doctor Pi i Molist - Maladeta,N1,41.4334728,2.1731864
5249180704,Doctor Pi i Molist - Orduña,N1,41.4334215,2.1730539
4394781726,Doctor Pi i Molist - Plaça Virrei Amat,N1,41.4308416,2.1746077
3459957414,Gran Via - Balmes,N1,41.3882735,2.166348
3460290363,Gran Via - Balmes,N1,41.3879117,2.1664349
5084227285,Gran Via - Calàbria,N1,41.3801448,2.1555505
3459957416,Gran Via - Casanova,N1,41.3842526,2.1609966
4893836322,Gran Via - Comte Borrell,N1,41.3817987,2.1582757
3460264080,Gran Via - Entença,N1,41.3784161,2.1537889
3459957419,Gran Via - Farell,N1,41.3721557,2.1451664
3459957420,Gran Via - Ildefons Cerdà,N1,41.3658538,2.1366085
3459957421,Gran Via - Llúria,N1,41.3919509,2.1712488
3460290366,Gran Via - Llúria,N1,41.3918531,2.1716712
3460264081,Gran Via - Mandoni,N1,41.3695033,2.1419537
3459957423,Gran Via - Moianès,N1,41.3702462,2.1426091
2501096696,Gran Via - Muntaner,N1,41.3843601,2.1616769
3459957427,Gran Via - Pau Claris,N1,41.3902938,2.1690605
3460290371,Gran Via - Pau Claris,N1,41.3901087,2.1693431
1719727399,Gran Via - Pl Espanya,N1,41.3756919,2.1496088
3460264083,Gran Via - Química,N1,41.3652082,2.1363803
3460264085,Gran Via - Santa Dorotea,N1,41.3716481,2.1448371
3460264086,Gran Via - Viladomat,N1,41.3801188,2.1560433
3459957432,Gran Via - Vilamarí,N1,41.3774122,2.151919
3459957433,Gran Via - Villarroel,N1,41.3827369,2.1589808
5568566009,Gran Via Corts Catalanes,N1,41.3742875,2.1485066
5100163744,Indústria - Independència,N1,41.4126068,2.1784729
5568523466,La Campana,N1,41.3683333,2.1400638
5568523467,La Campana,N1,41.3679026,2.1398343
5309188803,La Fosca - Chafarinas,N1,41.4481779,2.183261
5098392252,Lepant - Sant Antoni Maria Claret,N1,41.4082901,2.17149
3477235369,Mallorca - Marina,N1,41.4039181,2.1758785
2573351864,Mallorca - Nàpols,N1,41.4012615,2.172438
3477235372,Mallorca - Nàpols,N1,41.4013076,2.172384
3477235375,Mallorca - Pg Sant Joan,N1,41.3998564,2.1704339
4362330990,Mercabarna,N1,41.3311389,2.1155557
5099446682,Mercabarna - Mercat del Peix,N1,41.3339686,2.1172479
5100179129,Metro Maragall,N1,41.424755,2.1774184
2573607003,Metro Tetuan,N1,41.3937613,2.1736649
3460290377,Metro Tetuan,N1,41.3937783,2.1742182
5100163745,Padilla - Roselló,N1,41.4073352,2.175144
5100121300,Padilla-Mallorca,N1,41.4049214,2.1782805
5309194007,Palamós - La Fosca,N1,41.4480184,2.185343
5309198195,Palamós - Sa Tuna,N1,41.4515549,2.1876195
5309194006,Palamós - Tamariu,N1,41.4495013,2.1861674
4040253769,Passeig Zona Franca - Foc,N1,41.3568533,2.1412237
4728093795,Pg Maragall - Indústria,N1,41.4151637,2.1807946
5101082757,Pg Maragall - Ronda Guinardó,N1,41.4242781,2.1770621
5102984153,Pg Sant Joan - Consell de Cent,N1,41.397073,2.172502
8173979193,Pg Verdum - Pl de la República,N1,41.437785,2.1739735
5100410793,Pg Verdum - Plaça Jardins de l'Alfàbia,N1,41.4369558,2.1734658
4040253767,Pg Zona Franca - Cisell,N1,41.3547572,2.1431905
8252087575,Pg Zona Franca - Cisell,N1,41.3548019,2.1427102
4040253768,Pg Zona Franca - Ctra del Prat,N1,41.3621044,2.1374337
8180054878,Pg Zona Franca - Foc,N1,41.3568669,2.1416277
4040253770,Pg Zona Franca - Foneria,N1,41.3595695,2.1396382
4040253771,Pg Zona Franca - Foneria,N1,41.3600405,2.1389428
4040253772,Pg Zona Franca - Mineria,N1,41.3622983,2.1376453
5103073165,Pg Zona Franca - Motors,N1,41.351625,2.1449957
1962314859,Pg de Sant Joan - Aragó,N1,41.3973645,2.1724403
2573583899,Pg de Sant Joan - Diputació,N1,41.3954322,2.174653
1962309515,Pg de Sant Joan - Pl Mossèn Jacint Verdaguer,N1,41.3986506,2.1703944
5100163742,Pg. Maragall - Manigua,N1,41.4220009,2.1793798
4721548091,Pg. Maragall - Segle XX,N1,41.4222079,2.1789692
4721552689,Pg. Maragall - Trinxant,N1,41.4189673,2.1807351
2490116384,Pg. Maragall - Xiprer,N1,41.4188984,2.1804966
5100031256,Pg. Zona Franca - Motors,N1,41.3517702,2.1453053
4394781711,Pg. de Verdum - Doctor Pi i Molist,N1,41.4359855,2.1723991
5568565865,Pl Espanya - FGC,N1,41.373834,2.1471912
5100098598,Pl Tetuan - Pg de Sant Joan,N1,41.3954611,2.1753195
3459957439,Pl Universitat,N1,41.3859308,2.1633348
5569990401,Pl Universitat,N1,41.3860627,2.1639593
5308277761,Pla de las Madres de la Plaza de Mayo,N1,41.4351701,2.172206
5100179128,Ramon Albó - Alexandre Galí,N1,41.4266354,2.1773447
4776361635,Sant Antoni Maria Claret - Independència,N1,41.4132535,2.1769777
2490154028,Sant Antoni Maria Claret - Rambla Volart,N1,41.4152978,2.1796922
3477235386,València - Diagonal,N1,41.4006982,2.17403
3477235389,València - Lepant,N1,41.4032793,2.1775169
3477282395,València - Pg. Sant Joan,N1,41.3989787,2.1717641
5100410790,Via Júlia - Mas Duran,N1,41.4435268,2.178721
8155291603,Via Júlia - Pl Francesc Layret,N1,41.4425393,2.1779054
5101040216,Via Júlia - Ptge Quintana,N1,41.4450101,2.1789659
5361259508,Via Júlia - Turó Blau,N1,41.4392077,2.1754888
5100410789,Via Júlia - Via Favència,N1,41.4455383,2.1796187
7820646267,Via Júlia- Font d'en Canyelles,N1,41.440536,2.1763357
5100410791,Via Júlia-Sant Francesc Xavier,N1,41.4415807,2.1775731
5206888193,Camí del Pantá,N10,41.4184803,2.0978754
5206888196,Ctra de l'Església - Camí del Faig,N10,41.4176695,2.1071236
5206888195,FGC Baixador Vallvidrera,N10,41.4198398,2.0969068
8321791096,FGC Les Planes,N10,41.427187,2.0915643
2742734958,Major de Sarrià - Nou de Santa Eulàlia,N10,41.4023703,2.1191024
5206888191,Pl de Vallvidrera,N10,41.4130463,2.1044122
5206888197,Pl. de Vallvidrera - Alberes,N10,41.4129773,2.1046323
5206888194,Torrent del Rovelló - Camí del Pantá,N10,41.4194467,2.0969499
2195909110,Via Augusta - Margenat,N10,41.4020606,2.1203696
5210870531,Almogàvers - Roger de Flor,N11,41.3917344,2.182713
4379759690,Almogàvers . Marina,N11,41.3942909,2.1861533
4040253755,Arc de Triomf,N11,41.3912901,2.1787386
5098445396,Av. Meridiana-Marina,N11,41.395984,2.1866992
2447034081,Bac de Roda - Cristóbal de Moura,N11,41.4081021,2.2034025
5089045644,Balmes - Pelai,N11,41.3860876,2.1667892
5209874214,Bernat Metge - Argentina,N11,41.4202201,2.2117656
5210847812,Bernat Metge - Rbla. Prim,N11,41.4204815,2.2119025
5243384955,Cristóbal de Moura - Rambla Prim,N11,41.4156318,2.2124366
3460290366,Gran Via - Llúria,N11,41.3918531,2.1716712
3460290371,Gran Via - Pau Claris,N11,41.3901087,2.1693431
5243392951,Marroc - Bac de Roda,N11,41.4090279,2.2013313
4685543343,Marroc - Bilbao,N11,41.4069723,2.1986049
11887014569,Marroc - Puigcerdà,N11,41.4148383,2.2090414
7162243562,Marroc - Treball,N11,41.4128978,2.2064892
3460290377,Metro Tetuan,N11,41.3937783,2.1742182
2469206088,Metro Urquinaona,N11,41.3890252,2.1728072
12229825329,Pallars - Bilbao,N11,41.4038226,2.201433
5160527628,Pallars - Ciutat de Granada,N11,41.4003391,2.1968037
5160527629,Pallars - Pere IV,N11,41.3987006,2.1946092
12229825331,Pallars - Rambla del Ponlenou,N11,41.4019779,2.1989761
5209857608,Pallars - Zamora,N11,41.39597,2.1908349
4040253760,Passeig Lluís Companys - Arc de Triomf,N11,41.3907013,2.1802367
4040253761,Passeig Lluís Companys - Jutjats,N11,41.3888311,2.1826852
2469174888,Passeig Pujades - Parc de la Ciutadella,N11,41.389978,2.1850499
5209874215,Pere IV - Josep Pla,N11,41.4159441,2.2079119
5209874216,Pere IV - Josep Pla,N11,41.4149028,2.207088
4921836241,Pere IV - Provençals,N11,41.4112825,2.2041099
5243392952,Pere IV - Selva de Mar,N11,41.4112557,2.2039389
9029777386,Pere IV - Treball,N11,41.4125536,2.2051628
535635462,Pg. Sant Joan - Ausiàs Marc,N11,41.3924203,2.1786555
2484218128,Pl Catalunya - Pg de Gràcia,N11,41.387777,2.169336
8396701920,Rambla Prim - Pere IV,N11,41.4171205,2.211204
4040253778,Ronda Sant Pere - Girona,N11,41.3902581,2.175985
5243408527,Tànger - Badajoz,N11,41.4013681,2.1911692
5160527633,Tánger - Llacuna,N11,41.4038496,2.1945033
8399487639,Estació d'Autobusos Barcelona Nord,"N1131,",41.3943076,2.1826679
8399487639,Estació d'Autobusos Barcelona Nord,"N1135,",41.3943076,2.1826679
4040253755,Arc de Triomf,N12,41.3912901,2.1787386
5347333204,Av Marquès de l'Argentera - Pg Picasso,N12,41.3851526,2.1852936
5214112976,Av d'Esplugues - González Tablas,N12,41.3870491,2.1058091
4898273022,Av d'Esplugues - Hospital Sant Joan de Déu,N12,41.3849551,2.1039812
5214067404,Av. Diagonal - Palau Reial de Pedralbes,N12,41.386002,2.1176741
5214067408,Av. Diagonal - Pl. Francesc Macià,N12,41.392499,2.1433243
5214067410,Av. Sarrià - Josep Tarradellas,N12,41.3903821,2.1450176
2510905925,Casanova - Hospital Clínic,N12,41.3904327,2.1525912
2409340513,Comte d'Urgell - Aragó,N12,41.3844984,2.1555642
1349449406,Còrsega - Hospital Clínc,N12,41.3894615,2.1498412
5215084447,Diagonal - Av Doctor Marañón,N12,41.3842047,2.1115904
5572252922,Diagonal - Av Joan XXIII,N12,41.3869211,2.1229748
5215106703,Diagonal - Av de Sarrià,N12,41.3913233,2.140289
1787081057,Diagonal - Doctor Fleming,N12,41.3907255,2.1363311
5215106704,Diagonal - Entença,N12,41.3903272,2.1364097
5215106706,Diagonal - Gandesa,N12,41.3884167,2.1289186
5214067407,Diagonal - Ganduxer,N12,41.3916584,2.1400053
5215106707,Diagonal - Gran Via Carles III,N12,41.3876059,2.1256713
5215106705,Diagonal - L'Illa Diagonal,N12,41.3896046,2.133569
5215106708,Diagonal - Metro Palau Reial,N12,41.3858505,2.1187625
5214067406,Diagonal - Numància,N12,41.3895327,2.1316374
5214067405,Diagonal - Pl Pius XII,N12,41.3872554,2.1226538
1787081052,Diagonal - Pl Reina Maria Cristina,N12,41.3884779,2.1274569
11014118198,El Born - Ciutadella - Zoo,N12,41.3867434,2.1840472
5243064483,Estació de França,N12,41.384889,2.1854431
8170883309,González Tablas - Cavallers,N12,41.3864291,2.1077972
5215084448,González Tablas - Sor Eulàlia d'Anzizu,N12,41.3855688,2.1092116
3459957416,Gran Via - Casanova,N12,41.3842526,2.1609966
2501096696,Gran Via - Muntaner,N12,41.3843601,2.1616769
3459957433,Gran Via - Villarroel,N12,41.3827369,2.1589808
2482827804,Hospal del Mar,N12,41.3833609,2.1948756
5351187779,Hospital del Mar,N12,41.3831894,2.1946183
5214067409,Josep Tarradellas - Comte Borrell,N12,41.3915851,2.1442618
2469206088,Metro Urquinaona,N12,41.3890252,2.1728072
4898259324,Parc de Cervantes,N12,41.3852455,2.1046731
5243064482,Parc de la Ciutadella - Princesa,N12,41.3877869,2.1831005
4040253760,Passeig Lluís Companys - Arc de Triomf,N12,41.3907013,2.1802367
4040253761,Passeig Lluís Companys - Jutjats,N12,41.3888311,2.1826852
5024713749,Pepe Rubianes,N12,41.3784202,2.1900717
5026623657,Pepe Rubianes,N12,41.3784392,2.1897456
5024710190,Pg Joan de Borbó,N12,41.3799373,2.1872686
2577483952,Pg Marítim - Pepe Rubianes,N12,41.3791659,2.1923018
5026625400,Pg Marítim - Pepe Rubianes,N12,41.3791582,2.1921359
5026636007,Pg. Joan de Borbó,N12,41.3800394,2.1874362
2469174898,Pg. Lluís Companys - Almogàvers,N12,41.3912486,2.1812427
2469174881,Pg. Lluís Companys - Parc de la Ciutadella,N12,41.3894933,2.1835534
913181397,Pl Catalunya - Rambla Catalunya,N12,41.3875958,2.1688503
3459957439,Pl Universitat,N12,41.3859308,2.1633348
5569990401,Pl Universitat,N12,41.3860627,2.1639593
4040253775,Pl Urquinaona,N12,41.3887999,2.1732973
1072838408,Pl. Catalunya - Portal de l'Àngel,N12,41.3865508,2.1710465
5024706199,Pla de Palau,N12,41.3820931,2.1840999
5243420457,Pla de Palau - Av. Marquès de l'Argentera,N12,41.3834812,2.1839008
3076793405,Pla de Palau - Pl Pau Vila,N12,41.3825594,2.1849395
2482861033,Platja de la Barceloneta,N12,41.3803265,2.1928471
5024716999,Platja de la Barceloneta,N12,41.3810595,2.1934643
5351187780,Ramon Trias Fargas - Pg Marítim,N12,41.3858338,2.1964569
4040253778,Ronda Sant Pere - Girona,N12,41.3902581,2.175985
2501068121,Ronda Universitat - Pl Universitat,N12,41.3862638,2.1653236
4040253783,Trafalgar - Bruc,N12,41.3897067,2.1770089
3477235385,València - Comte d'Urgell,N12,41.3860311,2.1545546
2412575679,Villarroel - Aragó,N12,41.3854342,2.1564229
1588786481,Villarroel - Buenos Aires,N12,41.3920609,2.1476062
5216323989,Villarroel - Gran Via,N12,41.3833606,2.1591448
5126759461,Villarroel - Hospital Clínic,N12,41.3894749,2.1510673
8097436673,Villarroel - Mercat del Ninot,N12,41.3868123,2.1545812
1460386413,Zona Universitària - Escola T S d'Enginyeria,N12,41.3850647,2.1156641
588011465,Zona Universitària - Facultat d'Economia i Empresa,N12,41.3848616,2.1113129
3460290363,Gran Via - Balmes,N13,41.3879117,2.1664349
5084227285,Gran Via - Calàbria,N13,41.3801448,2.1555505
3459957416,Gran Via - Casanova,N13,41.3842526,2.1609966
4893836322,Gran Via - Comte Borrell,N13,41.3817987,2.1582757
3460264080,Gran Via - Entença,N13,41.3784161,2.1537889
3459957419,Gran Via - Farell,N13,41.3721557,2.1451664
3460264081,Gran Via - Mandoni,N13,41.3695033,2.1419537
3459957423,Gran Via - Moianès,N13,41.3702462,2.1426091
2501096696,Gran Via - Muntaner,N13,41.3843601,2.1616769
1719727399,Gran Via - Pl Espanya,N13,41.3756919,2.1496088
3460264085,Gran Via - Santa Dorotea,N13,41.3716481,2.1448371
3460264086,Gran Via - Viladomat,N13,41.3801188,2.1560433
3459957432,Gran Via - Vilamarí,N13,41.3774122,2.151919
3459957433,Gran Via - Villarroel,N13,41.3827369,2.1589808
5568566009,Gran Via Corts Catalanes,N13,41.3742875,2.1485066
5568523466,La Campana,N13,41.3683333,2.1400638
5568523467,La Campana,N13,41.3679026,2.1398343
2469206088,Metro Urquinaona,N13,41.3890252,2.1728072
913181397,Pl Catalunya - Rambla Catalunya,N13,41.3875958,2.1688503
5568565865,Pl Espanya - FGC,N13,41.373834,2.1471912
3459957439,Pl Universitat,N13,41.3859308,2.1633348
5569990401,Pl Universitat,N13,41.3860627,2.1639593
5597374295,Rda. Sant Pere - Pl. Urquinaona,N13,41.3896857,2.1744539
2501068121,Ronda Universitat - Pl Universitat,N13,41.3862638,2.1653236
5319921703,Sepúlveda - Av. Mistral,N13,41.3757519,2.1525094
4040253782,Sepúlveda-Viladomat,N13,41.3790146,2.1568682
5026684365,Arizala - Avinguda Madrid,N14,41.3764376,2.1250762
2533348165,Arizala - Les Corts,N14,41.3785429,2.1237072
5026708856,Collblanc - Cardenal Reig,N14,41.3758983,2.1146227
2509846207,Creu Coberta - Pl Espanya,N14,41.3752002,2.1475062
2509846208,Creu Coberta - Pl Espanya,N14,41.3750844,2.1468805
5223476136,Ctra de Collblanc - Metro Ernest Lluch,N14,41.3759803,2.1108261
5084227285,Gran Via - Calàbria,N14,41.3801448,2.1555505
3459957416,Gran Via - Casanova,N14,41.3842526,2.1609966
4893836322,Gran Via - Comte Borrell,N14,41.3817987,2.1582757
3460264080,Gran Via - Entença,N14,41.3784161,2.1537889
2501096696,Gran Via - Muntaner,N14,41.3843601,2.1616769
1719727399,Gran Via - Pl Espanya,N14,41.3756919,2.1496088
3460264086,Gran Via - Viladomat,N14,41.3801188,2.1560433
3459957432,Gran Via - Vilamarí,N14,41.3774122,2.151919
3459957433,Gran Via - Villarroel,N14,41.3827369,2.1589808
1347954577,Les Corts - Aurora Bertrana,N14,41.3770646,2.1198459
5024622840,Metro Badal,N14,41.3755222,2.1280277
5026682207,Metro Badal,N14,41.3755933,2.1287455
2509846202,Metro Hostafrancs,N14,41.3751556,2.1448183
2509846203,Metro Hostafrancs,N14,41.3752817,2.1445792
709125030,Metro Pl de Sants,N14,41.3753365,2.1368005
2509846204,Metro Pl de Sants,N14,41.375406,2.1365697
5218237378,Pl Catalunya - Rda Universitat,N14,41.3869202,2.1692172
3459957439,Pl Universitat,N14,41.3859308,2.1633348
5569990401,Pl Universitat,N14,41.3860627,2.1639593
5026677551,Pl de Sants,N14,41.375499,2.1341502
5024646737,Plaça de Sants,N14,41.3753903,2.1343027
2501068121,Ronda Universitat - Pl Universitat,N14,41.3862638,2.1653236
2509846218,Sants - Badal,N14,41.3754172,2.13192
709125041,Sants - Gayarre,N14,41.3752462,2.1395872
5024620393,Sants - Munné,N14,41.3756248,2.1228443
2509846219,Sants - Premià,N14,41.37537,2.139409
2509846220,Sants - Rambla del Brasil,N14,41.3755334,2.1310786
5319921703,Sepúlveda - Av. Mistral,N14,41.3757519,2.1525094
2487149448,Sepúlveda - Muntaner,N14,41.3834222,2.1626865
4040253782,Sepúlveda-Viladomat,N14,41.3790146,2.1568682
5210870531,Almogàvers - Roger de Flor,N15,41.3917344,2.182713
4379759690,Almogàvers . Marina,N15,41.3942909,2.1861533
4040253755,Arc de Triomf,N15,41.3912901,2.1787386
5084227285,Gran Via - Calàbria,N15,41.3801448,2.1555505
3459957416,Gran Via - Casanova,N15,41.3842526,2.1609966
4893836322,Gran Via - Comte Borrell,N15,41.3817987,2.1582757
3460264080,Gran Via - Entença,N15,41.3784161,2.1537889
3459957419,Gran Via - Farell,N15,41.3721557,2.1451664
3459957420,Gran Via - Ildefons Cerdà,N15,41.3658538,2.1366085
3460264081,Gran Via - Mandoni,N15,41.3695033,2.1419537
3459957423,Gran Via - Moianès,N15,41.3702462,2.1426091
2501096696,Gran Via - Muntaner,N15,41.3843601,2.1616769
1719727399,Gran Via - Pl Espanya,N15,41.3756919,2.1496088
3460264083,Gran Via - Química,N15,41.3652082,2.1363803
5568523469,Gran Via - Radi,N15,41.3636821,2.1344773
3460264085,Gran Via - Santa Dorotea,N15,41.3716481,2.1448371
3460264086,Gran Via - Viladomat,N15,41.3801188,2.1560433
3459957432,Gran Via - Vilamarí,N15,41.3774122,2.151919
3459957433,Gran Via - Villarroel,N15,41.3827369,2.1589808
5568566009,Gran Via Corts Catalanes,N15,41.3742875,2.1485066
5568523468,Ildefons Cerdà - Ciutat de la Justícia,N15,41.3638735,2.1338562
5568523466,La Campana,N15,41.3683333,2.1400638
5568523467,La Campana,N15,41.3679026,2.1398343
5277894508,Llúria - Urquinaona,N15,41.390188,2.1728831
2509781506,Marina - Doctor Trueta,N15,41.3909293,2.1922088
5099162122,Marina - Llull,N15,41.3927056,2.1898573
5098445395,Marina - Pujades,N15,41.3926627,2.1895115
5098445394,Marina - Ramon Turró,N15,41.3908805,2.1918731
2577580283,Marina-Pl. dels Voluntaris,N15,41.3883866,2.1955987
4327804489,Metro Marina,N15,41.394409,2.1876037
2469206088,Metro Urquinaona,N15,41.3890252,2.1728072
4040253760,Passeig Lluís Companys - Arc de Triomf,N15,41.3907013,2.1802367
4040253761,Passeig Lluís Companys - Jutjats,N15,41.3888311,2.1826852
2469174888,Passeig Pujades - Parc de la Ciutadella,N15,41.389978,2.1850499
9180614817,Pg Marítim,N15,41.385278,2.1963382
913181397,Pl Catalunya - Rambla Catalunya,N15,41.3875958,2.1688503
5568565865,Pl Espanya - FGC,N15,41.373834,2.1471912
3459957439,Pl Universitat,N15,41.3859308,2.1633348
5569990401,Pl Universitat,N15,41.3860627,2.1639593
4040253775,Pl Urquinaona,N15,41.3887999,2.1732973
1072838408,Pl. Catalunya - Portal de l'Àngel,N15,41.3865508,2.1710465
5351187780,Ramon Trias Fargas - Pg Marítim,N15,41.3858338,2.1964569
4040253778,Ronda Sant Pere - Girona,N15,41.3902581,2.175985
2501068121,Ronda Universitat - Pl Universitat,N15,41.3862638,2.1653236
4040253783,Trafalgar - Bruc,N15,41.3897067,2.1770089
5282305092,Vila Olímpica,N15,41.3884439,2.1936457
5084227285,Gran Via - Calàbria,N16,41.3801448,2.1555505
3459957416,Gran Via - Casanova,N16,41.3842526,2.1609966
4893836322,Gran Via - Comte Borrell,N16,41.3817987,2.1582757
3460264080,Gran Via - Entença,N16,41.3784161,2.1537889
3459957419,Gran Via - Farell,N16,41.3721557,2.1451664
3459957420,Gran Via - Ildefons Cerdà,N16,41.3658538,2.1366085
3460264081,Gran Via - Mandoni,N16,41.3695033,2.1419537
3459957423,Gran Via - Moianès,N16,41.3702462,2.1426091
2501096696,Gran Via - Muntaner,N16,41.3843601,2.1616769
1719727399,Gran Via - Pl Espanya,N16,41.3756919,2.1496088
3460264083,Gran Via - Química,N16,41.3652082,2.1363803
5568523469,Gran Via - Radi,N16,41.3636821,2.1344773
3460264085,Gran Via - Santa Dorotea,N16,41.3716481,2.1448371
3460264086,Gran Via - Viladomat,N16,41.3801188,2.1560433
3459957432,Gran Via - Vilamarí,N16,41.3774122,2.151919
3459957433,Gran Via - Villarroel,N16,41.3827369,2.1589808
5568566009,Gran Via Corts Catalanes,N16,41.3742875,2.1485066
5568523468,Ildefons Cerdà - Ciutat de la Justícia,N16,41.3638735,2.1338562
5568523466,La Campana,N16,41.3683333,2.1400638
5568523467,La Campana,N16,41.3679026,2.1398343
5218237378,Pl Catalunya - Rda Universitat,N16,41.3869202,2.1692172
5568565865,Pl Espanya - FGC,N16,41.373834,2.1471912
3459957439,Pl Universitat,N16,41.3859308,2.1633348
5569990401,Pl Universitat,N16,41.3860627,2.1639593
2501068121,Ronda Universitat - Pl Universitat,N16,41.3862638,2.1653236
5319921703,Sepúlveda - Av. Mistral,N16,41.3757519,2.1525094
2487149448,Sepúlveda - Muntaner,N16,41.3834222,2.1626865
4040253782,Sepúlveda-Viladomat,N16,41.3790146,2.1568682
5084227285,Gran Via - Calàbria,N17,41.3801448,2.1555505
3459957416,Gran Via - Casanova,N17,41.3842526,2.1609966
4893836322,Gran Via - Comte Borrell,N17,41.3817987,2.1582757
3460264080,Gran Via - Entença,N17,41.3784161,2.1537889
3459957419,Gran Via - Farell,N17,41.3721557,2.1451664
3459957420,Gran Via - Ildefons Cerdà,N17,41.3658538,2.1366085
3460264081,Gran Via - Mandoni,N17,41.3695033,2.1419537
3459957423,Gran Via - Moianès,N17,41.3702462,2.1426091
2501096696,Gran Via - Muntaner,N17,41.3843601,2.1616769
1719727399,Gran Via - Pl Espanya,N17,41.3756919,2.1496088
3460264083,Gran Via - Química,N17,41.3652082,2.1363803
5568523469,Gran Via - Radi,N17,41.3636821,2.1344773
3460264085,Gran Via - Santa Dorotea,N17,41.3716481,2.1448371
3460264086,Gran Via - Viladomat,N17,41.3801188,2.1560433
3459957432,Gran Via - Vilamarí,N17,41.3774122,2.151919
3459957433,Gran Via - Villarroel,N17,41.3827369,2.1589808
5568566009,Gran Via Corts Catalanes,N17,41.3742875,2.1485066
5568523468,Ildefons Cerdà - Ciutat de la Justícia,N17,41.3638735,2.1338562
5568523466,La Campana,N17,41.3683333,2.1400638
5568523467,La Campana,N17,41.3679026,2.1398343
5568565865,Pl Espanya - FGC,N17,41.373834,2.1471912
3459957439,Pl Universitat,N17,41.3859308,2.1633348
5569990401,Pl Universitat,N17,41.3860627,2.1639593
5173125167,Pl. Catalunya - Bergara,N17,41.3865469,2.1695503
2501068121,Ronda Universitat - Pl Universitat,N17,41.3862638,2.1653236
8399487639,Estació d'Autobusos Barcelona Nord,N1720;,41.3943076,2.1826679
5084227285,Gran Via - Calàbria,N18,41.3801448,2.1555505
3459957416,Gran Via - Casanova,N18,41.3842526,2.1609966
4893836322,Gran Via - Comte Borrell,N18,41.3817987,2.1582757
3460264080,Gran Via - Entença,N18,41.3784161,2.1537889
3459957419,Gran Via - Farell,N18,41.3721557,2.1451664
3459957420,Gran Via - Ildefons Cerdà,N18,41.3658538,2.1366085
3460264081,Gran Via - Mandoni,N18,41.3695033,2.1419537
3459957423,Gran Via - Moianès,N18,41.3702462,2.1426091
2501096696,Gran Via - Muntaner,N18,41.3843601,2.1616769
1719727399,Gran Via - Pl Espanya,N18,41.3756919,2.1496088
3460264083,Gran Via - Química,N18,41.3652082,2.1363803
5568523469,Gran Via - Radi,N18,41.3636821,2.1344773
3460264085,Gran Via - Santa Dorotea,N18,41.3716481,2.1448371
3460264086,Gran Via - Viladomat,N18,41.3801188,2.1560433
3459957432,Gran Via - Vilamarí,N18,41.3774122,2.151919
3459957433,Gran Via - Villarroel,N18,41.3827369,2.1589808
5568566009,Gran Via Corts Catalanes,N18,41.3742875,2.1485066
5568523468,Ildefons Cerdà - Ciutat de la Justícia,N18,41.3638735,2.1338562
5568523466,La Campana,N18,41.3683333,2.1400638
5568523467,La Campana,N18,41.3679026,2.1398343
8425080823,Pl Catalunya - Pelai,N18,41.3861928,2.169853
5568565865,Pl Espanya - FGC,N18,41.373834,2.1471912
3459957439,Pl Universitat,N18,41.3859308,2.1633348
5569990401,Pl Universitat,N18,41.3860627,2.1639593
2501068121,Ronda Universitat - Pl Universitat,N18,41.3862638,2.1653236
5026684365,Arizala - Avinguda Madrid,N2,41.3764376,2.1250762
2533348165,Arizala - Les Corts,N2,41.3785429,2.1237072
5204811546,Ausiàs Marc - Bailén,N2,41.3919305,2.1763129
2509846207,Creu Coberta - Pl Espanya,N2,41.3752002,2.1475062
2509846208,Creu Coberta - Pl Espanya,N2,41.3750844,2.1468805
3459957415,Gran Via - Agricultura,N2,41.4159947,2.2033766
3460290362,Gran Via - Bac de Roda,N2,41.4111266,2.1975181
3459957414,Gran Via - Balmes,N2,41.3882735,2.166348
3460290363,Gran Via - Balmes,N2,41.3879117,2.1664349
3459957424,Gran Via - Bilbao,N2,41.4096279,2.1948727
5084113428,Gran Via - Ca n'Oliva,N2,41.4203141,2.2091728
5084227285,Gran Via - Calàbria,N2,41.3801448,2.1555505
3459957416,Gran Via - Casanova,N2,41.3842526,2.1609966
4893836322,Gran Via - Comte Borrell,N2,41.3817987,2.1582757
3460264080,Gran Via - Entença,N2,41.3784161,2.1537889
3459957418,Gran Via - Espronceda,N2,41.4117106,2.197654
3459957421,Gran Via - Llúria,N2,41.3919509,2.1712488
3460290366,Gran Via - Llúria,N2,41.3918531,2.1716712
3459957422,Gran Via - Maresme,N2,41.418643,2.206916
3460290367,Gran Via - Maresme,N2,41.4176049,2.2061894
5587042745,Gran Via - Marina,N2,41.3985954,2.1806564
2501096696,Gran Via - Muntaner,N2,41.3843601,2.1616769
3459957425,Gran Via - Padilla,N2,41.4004741,2.1826304
3460290370,Gran Via - Padilla,N2,41.400393,2.1832728
3459957427,Gran Via - Pau Claris,N2,41.3902938,2.1690605
3460290371,Gran Via - Pau Claris,N2,41.3901087,2.1693431
1719727399,Gran Via - Pl Espanya,N2,41.3756919,2.1496088
3459957428,Gran Via - Plaça dels Porxos,N2,41.4139271,2.2006176
3092785221,Gran Via - Roger de Flor,N2,41.3961813,2.176881
3460290372,Gran Via - Roger de Flor,N2,41.396059,2.1772624
5587042874,Gran Via - Sardenya,N2,41.3987974,2.180379
3460290373,Gran Via - Selva de Mar,N2,41.4136967,2.2009473
3460290374,Gran Via - St Martí Provençals,N2,41.4157816,2.2037336
5568566248,Gran Via - Urgell,N2,41.3824274,2.1591255
3460264086,Gran Via - Viladomat,N2,41.3801188,2.1560433
3459957432,Gran Via - Vilamarí,N2,41.3774122,2.151919
3459957433,Gran Via - Villarroel,N2,41.3827369,2.1589808
5079333920,Gran Via-Metro Besòs,N2,41.4203065,2.2097889
5024622840,Metro Badal,N2,41.3755222,2.1280277
5026682207,Metro Badal,N2,41.3755933,2.1287455
12341692129,Metro Glòries,N2,41.4030841,2.1883406
12479061911,Metro Glòries,N2,41.4024015,2.1872824
2509846202,Metro Hostafrancs,N2,41.3751556,2.1448183
2509846203,Metro Hostafrancs,N2,41.3752817,2.1445792
709125030,Metro Pl de Sants,N2,41.3753365,2.1368005
2509846204,Metro Pl de Sants,N2,41.375406,2.1365697
2573607003,Metro Tetuan,N2,41.3937613,2.1736649
3460290377,Metro Tetuan,N2,41.3937783,2.1742182
2573583899,Pg de Sant Joan - Diputació,N2,41.3954322,2.174653
1386880776,Pl Catalunya - Andana Central,N2,41.3875895,2.1704925
3459957439,Pl Universitat,N2,41.3859308,2.1633348
5569990401,Pl Universitat,N2,41.3860627,2.1639593
5026677551,Pl de Sants,N2,41.375499,2.1341502
5077787374,Plaça Tetuan - Gran Via,N2,41.3951534,2.1763486
5024646737,Plaça de Sants,N2,41.3753903,2.1343027
2509846218,Sants - Badal,N2,41.3754172,2.13192
709125041,Sants - Gayarre,N2,41.3752462,2.1395872
5024620393,Sants - Munné,N2,41.3756248,2.1228443
2509846219,Sants - Premià,N2,41.37537,2.139409
2509846220,Sants - Rambla del Brasil,N2,41.3755334,2.1310786
3460290363,Gran Via - Balmes,N20,41.3879117,2.1664349
4893836322,Gran Via - Comte Borrell,N20,41.3817987,2.1582757
5568566009,Gran Via Corts Catalanes,N20,41.3742875,2.1485066
5568523466,La Campana,N20,41.3683333,2.1400638
5568523467,La Campana,N20,41.3679026,2.1398343
2469206088,Metro Urquinaona,N20,41.3890252,2.1728072
913181397,Pl Catalunya - Rambla Catalunya,N20,41.3875958,2.1688503
5568565865,Pl Espanya - FGC,N20,41.373834,2.1471912
5569990401,Pl Universitat,N20,41.3860627,2.1639593
5597374295,Rda. Sant Pere - Pl. Urquinaona,N20,41.3896857,2.1744539
2501068121,Ronda Universitat - Pl Universitat,N20,41.3862638,2.1653236
5319921703,Sepúlveda - Av. Mistral,N20,41.3757519,2.1525094
2487149448,Sepúlveda - Muntaner,N20,41.3834222,2.1626865
4040253782,Sepúlveda-Viladomat,N20,41.3790146,2.1568682
5105718726,Aragó - Enamorats,N23,41.4058825,2.1830175
5105706731,Aragó - Independència,N23,41.407276,2.1848815
5107161274,Aribau - Aragó,N23,41.3879075,2.1600974
5107158418,Aribau - Gran Via,N23,41.3860049,2.162598
814996957,Aribau - Mallorca,N23,41.3896887,2.157727
2203423147,Av Roma - Tarragona,N23,41.3805169,2.1437368
12811217901,"Av. Meridiana, 277",N23,41.4223638,2.1867572
5105574810,Bifurcació - Ctra Nacional 152,N23,41.4670286,2.1788941
5104126890,Consell de Cent - Castillejos,N23,41.4032267,2.1819944
5104126889,Consell de Cent - Meridiana,N23,41.4065966,2.1864942
5105670655,Ctra C-17 - Estació de Torre Baró,N23,41.4607249,2.1814248
8299800763,Ctra Nacional 152 - Av l'Alzinar,N23,41.4609407,2.1831807
5104238774,Ctra Nacional 152 - Bifurcació,N23,41.4670693,2.1789878
12800433862,Fabra i Puig,N23,41.4283059,2.1846013
3459957414,Gran Via - Balmes,N23,41.3882735,2.166348
3460290363,Gran Via - Balmes,N23,41.3879117,2.1664349
3459957421,Gran Via - Llúria,N23,41.3919509,2.1712488
3460290366,Gran Via - Llúria,N23,41.3918531,2.1716712
3459957427,Gran Via - Pau Claris,N23,41.3902938,2.1690605
3460290371,Gran Via - Pau Claris,N23,41.3901087,2.1693431
3092785221,Gran Via - Roger de Flor,N23,41.3961813,2.176881
3460290372,Gran Via - Roger de Flor,N23,41.396059,2.1772624
5587042874,Gran Via - Sardenya,N23,41.3987974,2.180379
5098392250,Lepant - Diagonal,N23,41.4024107,2.1793107
5098392249,Lepant - Plaça de Toros Monumental,N23,41.4005627,2.1817061
3477235366,Mallorca - Comte d'Urgell,N23,41.3868574,2.1531882
3477235377,Mallorca - Viladomat,N23,41.3845163,2.1500815
3677611483,Marina - Monumental,N23,41.3985904,2.1820903
6092966966,Meridiana - Aragó,N23,41.4081118,2.1871287
8274346677,Meridiana - Av Rio de Janeiro,N23,41.4431441,2.1862195
5105706734,Meridiana - Biscaia,N23,41.4167799,2.1867291
8299800764,Meridiana - Ctra de Ribes,N23,41.4498805,2.1889242
3979343896,Meridiana - Estació d'Autobusos Fabra i Puig,N23,41.4306936,2.1830157
4469937246,Meridiana - Garbí,N23,41.4521059,2.1885678
2578587258,Meridiana - Josep Estivill,N23,41.4181804,2.187143
5105706733,Meridiana - Navas de Tolosa,N23,41.4142897,2.1867297
4394859911,Meridiana - Pare Pérez del Pulgar,N23,41.4534353,2.1891799
8300318413,Meridiana - Pl de Mossèn Clapés,N23,41.4422947,2.1864383
5105706732,Meridiana - Pl del Doctor Serrat,N23,41.4108597,2.1867057
6092966965,Meridiana - València,N23,41.4110564,2.1870332
13503292356,Meridiana 367,N23,41.429149,2.1836384
12800433858,"Meridiana, 298",N23,41.4224996,2.1871121
12811233601,"Meridiana, 323",N23,41.4258072,2.1859057
12800433860,Meridiana. 320,N23,41.4247481,2.186811
2573607003,Metro Tetuan,N23,41.3937613,2.1736649
3460290377,Metro Tetuan,N23,41.3937783,2.1742182
5103535421,Muntaner - Diputació,N23,41.3861569,2.1599471
12106325522,Pg Sant Antoni - Parc de l'Espanya Industrial,N23,41.378295,2.1407621
12106307037,"Pg Sant Antoni, 53-55",N23,41.3788948,2.1414556
5569990401,Pl Universitat,N23,41.3860627,2.1639593
12106307038,Pl de Joan Peiró - Estació de Sants,N23,41.3782181,2.1392324
5077787374,Plaça Tetuan - Gran Via,N23,41.3951534,2.1763486
3477235388,València - Entença,N23,41.381042,2.1479454
3477282398,València - Viladomat,N23,41.3835399,2.1512612
3477282399,València - Villarroel,N23,41.3868171,2.1556033
5101040217,Aiguablava - Nou Barris,N24,41.4474147,2.1805013
5101040218,Aiguablava - Pedrosa,N24,41.448935,2.1821535
5122285252,Alcàntara - Garigliano,N24,41.4454946,2.1723953
2517667260,Antonio Machado - Artesania,N24,41.4443662,2.1707865
1368508961,Av República Argentina - Baixada Gomis,N24,41.4116078,2.1425449
5279964319,Av República Argentina - Escipió,N24,41.408647,2.1470649
6106798849,Av República Argentina - Mare de Déu del Carmel,N24,41.4115942,2.1416597
2493101520,Av República Argentina - Vallcarca,N24,41.4113554,2.1439506
3116783919,Av República Argentina - Vallcarca,N24,41.41144,2.1446103
5107269812,Av. República Argentina - Pl. Alfonso Comín,N24,41.4133907,2.1386019
1368508891,Bolívar - Ballester,N24,41.4092507,2.1477437
1368508880,Craywinckel - Hurtado,N24,41.4118048,2.1389927
2604969079,Gal·la Placídia,N24,41.398893,2.1526935
12811758775,"Gra de Gràcia, 160",N24,41.4021983,2.1529276
5279964922,Gran de Gràcia - Jesús,N24,41.3982556,2.1574084
1357211268,Gran de Gràcia - Lesseps,N24,41.4061662,2.1500472
1357211251,Gran de Gràcia - Pl Trilla,N24,41.4035051,2.1521794
5279964921,Gran de Gràcia - Trav de Gràcia,N24,41.400304,2.1549632
5339810353,Hospital Vall d'Hebron,N24,41.4269357,2.1430121
5241807787,IES Narcís Monturiol,N24,41.4320167,2.1453598
3350102719,Lesseps - Riera de Cassoles,N24,41.406151,2.1498346
1933498386,Mercat Vall d'Hebron,N24,41.4252248,2.1429105
5113279478,Metro Canyelles,N24,41.441972,2.1668176
5241837963,Metro Montbau,N24,41.4307523,2.1448208
5113345820,Metro Pg. de Gràcia,N24,41.3899326,2.167494
5122285251,Mina de la Ciutat - Les Torres,N24,41.4473975,2.1743707
5241303234,Palau d'Esports de la Vall d'Hebron,N24,41.4279398,2.1441859
5241303233,Parc de la Vall d'Hebron,N24,41.4314121,2.1457761
5157327022,Pas Sota Muralla - Pl Pau Vila,N24,41.3811522,2.184438
5024710190,Pg Joan de Borbó,N24,41.3799373,2.1872686
5342989261,Pg Joan de Borbó - Judici,N24,41.3761653,2.1889233
3508850898,Pg Joan de Borbó - Moll Oriental,N24,41.3691576,2.1879252
2458498575,Pg Joan de Borbó - Moll de Catalunya,N24,41.3705662,2.1876583
5278556835,Pg Joan de Borbó - Moll de Catalunya,N24,41.3705507,2.1875567
5278556836,Pg Joan de Borbó - Pepe Rubianes,N24,41.3776213,2.1881874
5278454059,Pg Joan de Borbó - Pere Rubianes,N24,41.3776253,2.1883946
3398745961,Pg Joan de Borbó - Pl del Mar,N24,41.3740636,2.1884501
5241837961,Pg Vall d'Hebron - Av Jordà,N24,41.4242317,2.141667
1336877961,Pg Vall d'Hebron - L'Arrabassada,N24,41.418639,2.1390633
983299163,Pg Vall d'Hebron - Natzaret,N24,41.421543,2.1404661
2528513677,Pg de Gràcia - Aragó,N24,41.3918876,2.1654106
5107212910,Pg de Gràcia - Casp,N24,41.3888592,2.1692752
4239796690,Pg de Gràcia - Diagonal,N24,41.3961672,2.1601149
5107212909,Pg de Gràcia - Gran Via,N24,41.390059,2.1676785
5107212908,Pg de Gràcia - Mallorca,N24,41.3935051,2.1634095
5294584996,Pg de Gràcia - Rosselló,N24,41.3960228,2.1599489
5026636007,Pg. Joan de Borbó,N24,41.3800394,2.1874362
2484343628,Pg. Sant Gervasi - Mas Yebra,N24,41.4120938,2.138207
5241303232,Pg. Vall d'Hebron - Av. Can Marcet,N24,41.4356103,2.1483455
5241303236,Pg. Vall d'Hebron - Av. de Vallcarca,N24,41.4193199,2.139827
5241807789,Pg. Vall d'Hebron - Cementiri d'Horta,N24,41.4397386,2.1583446
5241303231,Pg. Vall d'Hebron - Ctra. d'Horta,N24,41.4380723,2.1534347
2293347501,Pg. Vall d'Hebron - Mundet,N24,41.4351549,2.1471577
5241303235,Pg. Vall d'Hebron - Patronat Ribes,N24,41.4223323,2.1412891
5241303230,Pg. Vall d'Hebron - Scala Dei,N24,41.4390684,2.1577401
5241807788,Pg. Vall d'Hebron - Velòdrom,N24,41.4372052,2.1497484
2528513653,Pg. de Gràcia - Consell de Cent,N24,41.3916226,2.1654007
5113345819,Pg. de Gràcia - Gran Via Corts Catalanes,N24,41.3885497,2.1690961
5113346721,Pg. de Gràcia - València,N24,41.3933626,2.1632439
1368508902,Pl Alfonso Comín - Av República Argentina,N24,41.4144875,2.138261
5241303237,Pl Alfonso Comín - Pg Vall d'Hebron,N24,41.4162903,2.1383193
2408261963,Pl. Alfonso Comín - Isaac Newton,N24,41.4147158,2.1366121
1072838408,Pl. Catalunya - Portal de l'Àngel,N24,41.3865508,2.1710465
5113279477,Pl. Karl Marx,N24,41.4393883,2.1624644
5241809436,Pl. Karl Marx - Pg. Vall d'Hebron,N24,41.4406986,2.1617321
5113208015,Pl. de les Roquetes,N24,41.448394,2.1761412
3076793405,Pla de Palau - Pl Pau Vila,N24,41.3825594,2.1849395
5279964318,Riera de Cassoles - Guillem Tell,N24,41.4028963,2.1499868
2578788825,Riera de Cassoles - Via Augusta,N24,41.4014006,2.1510906
13195512137,Ronda Sant Pere - Pau Claris,N24,41.3886836,2.1716933
2573562112,Via Augusta - Diagonal,N24,41.3964593,2.1550525
8227763931,Via Favència - Almagro,N24,41.443853,2.1719074
5113239566,Via Favència - Almansa,N24,41.444899,2.1746389
3648043116,Via Favència - Barri Canyelles,N24,41.4429835,2.1696068
5113239567,Via Favència - Biblioteca Les Roquetes,N24,41.4458634,2.1774788
2512832397,Via Favència - Castor,N24,41.442691,2.1702017
8364608160,Via Favència - Pl Karl Marx,N24,41.4407372,2.1634488
5317105317,Via Favència - Rambla Caçador,N24,41.44149,2.1671035
5157298363,Via Laietana - Comtal,N24,41.3870929,2.1744813
12961526022,Via Laietana - Comtal,N24,41.3873304,2.1744062
5160551775,Via Laietana - Manresa,N24,41.3828563,2.1803179
2503270831,Via Laietana - Pl. Ramon Berenguer,N24,41.3848724,2.1774308
12961526019,Via Laietana - Pl. Ramon Berenguer,N24,41.3850624,2.1773978
4508560142,Floridablanca - Comte d'Urgell,N26,41.3806107,2.1614247
5024702034,Moll de la Fusta,N26,41.3788238,2.1802722
4040253758,Pg Garcia Fària - Jonquera,N26,41.3998665,2.2075129
5568566247,Plaça Universitat - Pelai,N26,41.3856127,2.1644744
4040253777,Ronda Sant Antoni - Pl Goya,N26,41.3830438,2.1637929
5122142535,Ronda Sant Pau - Parlament,N26,41.3778307,2.1643166
2509790284,Viladomat - Manso,N26,41.3764941,2.1614533
5026684365,Arizala - Avinguda Madrid,N28,41.3764376,2.1250762
2533348165,Arizala - Les Corts,N28,41.3785429,2.1237072
6109596823,Av Litoral - Arquitecte Sert,N28,41.3911143,2.2015531
4700028402,Av. Diagonal - Rambla Prim,N28,41.4107657,2.2173692
1864620012,Av. Litoral-Trelawny,N28,41.386207,2.1947852
6092912087,Carmen Amaya - Ptge. de la Llacuna,N28,41.396014,2.2048041
6092912088,Carmen Amaya - Taulat,N28,41.3943513,2.202775
2508735728,Cementiri de l'Est,N28,41.3943111,2.2024559
5026708856,Collblanc - Cardenal Reig,N28,41.3758983,2.1146227
2509846207,Creu Coberta - Pl Espanya,N28,41.3752002,2.1475062
2509846208,Creu Coberta - Pl Espanya,N28,41.3750844,2.1468805
2482920855,Diagonal Mar,N28,41.4103077,2.2183172
5084227285,Gran Via - Calàbria,N28,41.3801448,2.1555505
3459957416,Gran Via - Casanova,N28,41.3842526,2.1609966
4893836322,Gran Via - Comte Borrell,N28,41.3817987,2.1582757
3460264080,Gran Via - Entença,N28,41.3784161,2.1537889
2501096696,Gran Via - Muntaner,N28,41.3843601,2.1616769
1719727399,Gran Via - Pl Espanya,N28,41.3756919,2.1496088
3460264086,Gran Via - Viladomat,N28,41.3801188,2.1560433
3459957432,Gran Via - Vilamarí,N28,41.3774122,2.151919
3459957433,Gran Via - Villarroel,N28,41.3827369,2.1589808
2482827804,Hospal del Mar,N28,41.3833609,2.1948756
5351187779,Hospital del Mar,N28,41.3831894,2.1946183
5285707184,Josep Pla - Av Diagonal,N28,41.4094485,2.215097
1347954577,Les Corts - Aurora Bertrana,N28,41.3770646,2.1198459
5024622840,Metro Badal,N28,41.3755222,2.1280277
5026682207,Metro Badal,N28,41.3755933,2.1287455
8950988973,Metro Ernest Lluch,N28,41.3766402,2.1118413
2509846202,Metro Hostafrancs,N28,41.3751556,2.1448183
2509846203,Metro Hostafrancs,N28,41.3752817,2.1445792
709125030,Metro Pl de Sants,N28,41.3753365,2.1368005
2509846204,Metro Pl de Sants,N28,41.375406,2.1365697
5157327022,Pas Sota Muralla - Pl Pau Vila,N28,41.3811522,2.184438
4629759173,Passeig Calvell - Rambla del Poblenou,N28,41.3974292,2.2065301
5024713749,Pepe Rubianes,N28,41.3784202,2.1900717
5026623657,Pepe Rubianes,N28,41.3784392,2.1897456
4629761211,Pg Calvell - Rambla del Poblenou,N28,41.397074,2.205985
8206342480,Pg Garcia Fària - Jonquera,N28,41.3997169,2.2087218
5024710190,Pg Joan de Borbó,N28,41.3799373,2.1872686
2577483952,Pg Marítim - Pepe Rubianes,N28,41.3791659,2.1923018
5026625400,Pg Marítim - Pepe Rubianes,N28,41.3791582,2.1921359
4040253762,Pg Taulat - Bac de Roda,N28,41.4026704,2.2095356
4040253763,Pg Taulat - Bac de Roda,N28,41.4030329,2.2107914
2482911957,Pg Taulat - Diagonal Mar,N28,41.4070921,2.2153643
2482911961,Pg Taulat - Diagonal Mar,N28,41.4070144,2.2155037
4040253759,Pg Taulat - Jonquera,N28,41.4005041,2.2074426
2474421364,Pg Taulat - Provençals,N28,41.4048456,2.2131995
4040253764,Pg Taulat - Provençals,N28,41.4050192,2.2124465
5026636007,Pg. Joan de Borbó,N28,41.3800394,2.1874362
913181397,Pl Catalunya - Rambla Catalunya,N28,41.3875958,2.1688503
3459957439,Pl Universitat,N28,41.3859308,2.1633348
5569990401,Pl Universitat,N28,41.3860627,2.1639593
5026677551,Pl de Sants,N28,41.375499,2.1341502
1072838408,Pl. Catalunya - Portal de l'Àngel,N28,41.3865508,2.1710465
7803511490,Pla de Palau - Parc de la Ciutadella,N28,41.3828832,2.1832222
3076793405,Pla de Palau - Pl Pau Vila,N28,41.3825594,2.1849395
2482861033,Platja de la Barceloneta,N28,41.3803265,2.1928471
5024716999,Platja de la Barceloneta,N28,41.3810595,2.1934643
5024646737,Plaça de Sants,N28,41.3753903,2.1343027
5119904556,Port Olímpic,N28,41.3880717,2.1972716
5160535529,Port Olímpic,N28,41.388404,2.1964354
13195512137,Ronda Sant Pere - Pau Claris,N28,41.3886836,2.1716933
2501068121,Ronda Universitat - Pl Universitat,N28,41.3862638,2.1653236
2508824062,Salvador Espriu - Arquitecte Sert,N28,41.3903508,2.1990047
5120642094,Salvador Espriu - Jaume Vicens Vives,N28,41.3927744,2.2022675
2509846218,Sants - Badal,N28,41.3754172,2.13192
709125041,Sants - Gayarre,N28,41.3752462,2.1395872
5024620393,Sants - Munné,N28,41.3756248,2.1228443
2509846219,Sants - Premià,N28,41.37537,2.139409
2509846220,Sants - Rambla del Brasil,N28,41.3755334,2.1310786
5157298363,Via Laietana - Comtal,N28,41.3870929,2.1744813
12961526022,Via Laietana - Comtal,N28,41.3873304,2.1744062
5157327023,Via Laietana - Correus,N28,41.3831381,2.1797222
5160551775,Via Laietana - Manresa,N28,41.3828563,2.1803179
2503270831,Via Laietana - Pl. Ramon Berenguer,N28,41.3848724,2.1774308
12961526019,Via Laietana - Pl. Ramon Berenguer,N28,41.3850624,2.1773978
5105718726,Aragó - Enamorats,N3,41.4058825,2.1830175
5105706731,Aragó - Independència,N3,41.407276,2.1848815
5107161274,Aribau - Aragó,N3,41.3879075,2.1600974
5107158418,Aribau - Gran Via,N3,41.3860049,2.162598
814996957,Aribau - Mallorca,N3,41.3896887,2.157727
2533348165,Arizala - Les Corts,N3,41.3785429,2.1237072
5204811546,Ausiàs Marc - Bailén,N3,41.3919305,2.1763129
5103486642,Av Madrid - Arizala,N3,41.3770296,2.1251531
2570688946,Av Madrid - Benavent,N3,41.3774572,2.1254543
2509846192,Av Madrid - Carles III,N3,41.3787119,2.1276999
3477235342,Av Madrid - Carles III,N3,41.3789035,2.1284386
2509846194,Av Madrid - Joan Güell,N3,41.380833,2.1327249
2509846195,Av Madrid - Joan Güell,N3,41.3805977,2.1313464
5104238784,Av Rasos de Peguera - Complex Esportiu Can Cuiàs,N3,41.4598715,2.1684501
5105670656,Av Rasos de Peguera - Meridiana,N3,41.4621369,2.1796701
5104238788,Av Rasos de Peguera - Pedraforca,N3,41.4605243,2.1738064
5104196753,Av Rasos de Peguera - Pl. Roja,N3,41.4615543,2.1784781
1347922814,Av Sant Ramon Nonat - Cardenal Reig,N3,41.3776493,2.1163439
5363736897,Av l'Alzinar - Tapioles,N3,41.4629492,2.1836212
5329274830,Av l'Alzinar - Transversal,N3,41.4616472,2.1828174
12811217901,"Av. Meridiana, 277",N3,41.4223638,2.1867572
7820470129,Av. Vallbona - Pl. Eucalíptus,N3,41.4604966,2.1812723
5104154879,Bartrina - Pont del Dragó,N3,41.4396074,2.1861709
8190463691,Berlín - Nicaragua,N3,41.3841344,2.1407454
5104154881,CAP Sant Andreu,N3,41.4332556,2.1836022
4362317798,Cardenal Reig - Pisuerga,N3,41.3771391,2.1146488
5344688440,Castelldefels - Llerona,N3,41.4597518,2.1816349
5105670658,Centre Esportiu Ciutat Meridiana,N3,41.459386,2.1762373
5104126890,Consell de Cent - Castillejos,N3,41.4032267,2.1819944
5104126889,Consell de Cent - Meridiana,N3,41.4065966,2.1864942
5105670655,Ctra C-17 - Estació de Torre Baró,N3,41.4607249,2.1814248
2510905933,Còrsega - Aribau,N3,41.3921997,2.153483
1349449406,Còrsega - Hospital Clínc,N3,41.3894615,2.1498412
2375857249,Ernest Lluch,N3,41.3763836,2.112031
5344802484,Escolapi Càncer - Metro Torre Baró/Vallbona,N3,41.4588327,2.1804627
5344802483,Estació RENFE,N3,41.4614025,2.1801518
12800433862,Fabra i Puig,N3,41.4283059,2.1846013
3459957414,Gran Via - Balmes,N3,41.3882735,2.166348
3460290363,Gran Via - Balmes,N3,41.3879117,2.1664349
3459957421,Gran Via - Llúria,N3,41.3919509,2.1712488
3460290366,Gran Via - Llúria,N3,41.3918531,2.1716712
5587042745,Gran Via - Marina,N3,41.3985954,2.1806564
3459957427,Gran Via - Pau Claris,N3,41.3902938,2.1690605
3460290371,Gran Via - Pau Claris,N3,41.3901087,2.1693431
3092785221,Gran Via - Roger de Flor,N3,41.3961813,2.176881
3460290372,Gran Via - Roger de Flor,N3,41.396059,2.1772624
5587042874,Gran Via - Sardenya,N3,41.3987974,2.180379
5098392250,Lepant - Diagonal,N3,41.4024107,2.1793107
5098392249,Lepant - Plaça de Toros Monumental,N3,41.4005627,2.1817061
5105610937,Les Agudes ( a Torre Baró-Vallbona ),N3,41.4616411,2.1759289
5104196750,Les Agudes - Av Rasos de Peguera ( a Can Cuiàs ),N3,41.4615986,2.175922
5105610940,Les Agudes - Can Cuiàs,N3,41.4636628,2.1759499
7832867912,Les Agudes - Costabona ( a Can Cuiàs ),N3,41.4627022,2.177356
5105610938,Les Agudes - Costabona ( a Torre Barò-Vallbona ),N3,41.4627134,2.1773895
5104238782,Les Agudes 118-124,N3,41.4612134,2.1740545
5104238783,Les Agudes 140,N3,41.4604677,2.1719408
5105610939,Les Agudes 31,N3,41.4635661,2.1782341
1580338861,Londres - Calàbria,N3,41.3884914,2.1440582
1474608399,Londres - Hospital del Sagrat Cor,N3,41.3898116,2.1458167
3677611483,Marina - Monumental,N3,41.3985904,2.1820903
1474608410,Marquès de Sentmenat - Equador,N3,41.3854241,2.1416072
6484252067,Marquès de Sentmenat - Numància,N3,41.3849794,2.136735
5104196752,Mercat Ciutat Meridiana,N3,41.4624292,2.1782492
5104238787,Mercat Mare de Dèu de Núria,N3,41.4599405,2.1725397
6092966966,Meridiana - Aragó,N3,41.4081118,2.1871287
8274346677,Meridiana - Av Rio de Janeiro,N3,41.4431441,2.1862195
5105706734,Meridiana - Biscaia,N3,41.4167799,2.1867291
8299800764,Meridiana - Ctra de Ribes,N3,41.4498805,2.1889242
3979343896,Meridiana - Estació d'Autobusos Fabra i Puig,N3,41.4306936,2.1830157
4469937246,Meridiana - Garbí,N3,41.4521059,2.1885678
2578587258,Meridiana - Josep Estivill,N3,41.4181804,2.187143
5105706733,Meridiana - Navas de Tolosa,N3,41.4142897,2.1867297
4394859911,Meridiana - Pare Pérez del Pulgar,N3,41.4534353,2.1891799
5105706732,Meridiana - Pl del Doctor Serrat,N3,41.4108597,2.1867057
5104154880,Meridiana - Riera de Sant Andreu,N3,41.4355203,2.1844422
6092966965,Meridiana - València,N3,41.4110564,2.1870332
13503292356,Meridiana 367,N3,41.429149,2.1836384
12800433858,"Meridiana, 298",N3,41.4224996,2.1871121
12811233601,"Meridiana, 323",N3,41.4258072,2.1859057
12800433860,Meridiana. 320,N3,41.4247481,2.186811
2573607003,Metro Tetuan,N3,41.3937613,2.1736649
3460290377,Metro Tetuan,N3,41.3937783,2.1742182
5104171163,Metro Torras i Bages,N3,41.4427405,2.1908739
5103535421,Muntaner - Diputació,N3,41.3861569,2.1599471
2510905941,Muntaner - Roselló,N3,41.3910753,2.1534435
2510905944,Muntaner - València,N3,41.3885943,2.1567146
4639517089,París - Casanova,N3,41.391195,2.1501158
5103516772,París - Comte d'Urgell,N3,41.3894153,2.1477721
1474043726,París - Josep Tarradellas,N3,41.3859176,2.1430899
8097436665,París - Viladomat,N3,41.3875409,2.1452557
5104238785,Perafita,N3,41.4594967,2.1688899
5104238786,Perafita - Av Rasos de Peguera,N3,41.4596675,2.1704136
2573583899,Pg de Sant Joan - Diputació,N3,41.3954322,2.174653
5286594891,Pg. de Sta. Coloma - Ctra. de Ribes,N3,41.4450743,2.189803
1386880776,Pl Catalunya - Andana Central,N3,41.3875895,2.1704925
5569990401,Pl Universitat,N3,41.3860627,2.1639593
2509846196,Pl del Centre,N3,41.3819051,2.1360621
5104154878,Pl. de Mossèn Clapés,N3,41.4417066,2.1875305
5077787374,Plaça Tetuan - Gran Via,N3,41.3951534,2.1763486
5104238776,Torrent del Bosc,N3,41.4622314,2.1740313
7832867898,Vallcivera - Av Rasos de Peguera,N3,41.4595007,2.1760603
5105670657,Vallcivera - Pl Roja,N3,41.4611831,2.1794
8264714833,Vallespir - Jardí de Margalí,N3,41.3839313,2.134004
3801890820,Vallespir - Pl del Centre,N3,41.3820571,2.1352482
4040253755,Arc de Triomf,N4,41.3912901,2.1787386
4412201290,Av Gaudí,N4,41.4100161,2.1751798
2490182951,Av Gaudí - Castillejos,N4,41.4108459,2.1737752
1933498389,Av Jordà - Judea,N4,41.4252427,2.1404117
5330012439,Av de l'Estatut de Catalunya - Campoamor,N4,41.4351441,2.1535899
5317126614,CAP d'Horta,N4,41.4291311,2.157585
5330012422,Ctra d'Horta - Av Estatut de Catalunya,N4,41.4375357,2.1535197
6096810253,Dante Alighieri - Rambla del Carmel,N4,41.4275815,2.157573
5317126617,Dante Alighieri - Sacedón,N4,41.4260949,2.1544987
5088955955,Gran Vista,N4,41.4200872,2.160191
4579765567,Gran Vista - Doctor Bové,N4,41.4189802,2.157977
5088955954,Gran Vista - Doctor Bové,N4,41.4191622,2.1582297
5317127328,Gran Vista - IES Ferran Tallada,N4,41.4208169,2.1616808
5088955957,Gran Vista - Pl de la Mitja Lluna,N4,41.4201341,2.164982
5107294195,Gran Vista - Turó de la Rovira,N4,41.4202038,2.1641004
1368519188,Gran de Gràcia - Metro Fontana,N4,41.4018041,2.1532808
5107294196,IES Ferran Tallada,N4,41.4206837,2.1617953
5100163744,Indústria - Independència,N4,41.4126068,2.1784729
5261707829,Indústria - Lepant,N4,41.4074672,2.1717768
5261112122,Indústria - Sardenya,N4,41.4056158,2.1692725
5347011340,Llobregós - Fastenrath,N4,41.4217324,2.1512975
5292406560,Llobregós - Lluís Marià Vidal,N4,41.4246158,2.1566587
5347011342,Llobregós - Pantà de Tremp,N4,41.4239348,2.155339
3477235375,Mallorca - Pg Sant Joan,N4,41.3998564,2.1704339
3311823784,Metro Maragall,N4,41.4245848,2.1769868
2469206088,Metro Urquinaona,N4,41.3890252,2.1728072
2490089922,Pg Maragall - Amílcar,N4,41.4262747,2.1729857
8231463886,Pg Maragall - Amílcar,N4,41.4264235,2.1729268
5293429171,Pg Maragall - Av Frederic Rahola,N4,41.4278015,2.1647226
4100272293,Pg Maragall - Dante Alighieri,N4,41.4287883,2.1627892
4728093795,Pg Maragall - Indústria,N4,41.4151637,2.1807946
2488209616,Pg Maragall - Mossèn Josep Bundó,N4,41.4273865,2.1681395
4100273289,Pg Maragall - Petrarca,N4,41.428409,2.1634156
5101082757,Pg Maragall - Ronda Guinardó,N4,41.4242781,2.1770621
2430066977,Pg Maragall - Sabastida,N4,41.4274877,2.1683456
5101082756,Pg Maragall - Santa Joaquima Vedruna,N4,41.4212098,2.179928
2578733282,Pg Mare de Déu del Coll - Baixada Solanell,N4,41.4177536,2.1475664
2578733281,Pg Mare de Déu del Coll - Pl Flandes,N4,41.4153189,2.1459583
5293374260,Pg Mare de Déu del Coll - Ramon Rocafull,N4,41.4248094,2.1520565
5088955951,Pg Mare de Déu del Coll - Santuari,N4,41.4201038,2.148948
5102984153,Pg Sant Joan - Consell de Cent,N4,41.397073,2.172502
4401882589,Pg de Sant Joan - Alí-Bei,N4,41.3925472,2.1788149
1962314859,Pg de Sant Joan - Aragó,N4,41.3973645,2.1724403
5167311923,Pg de Sant Joan - Còrsega,N4,41.4024069,2.1659705
2573583899,Pg de Sant Joan - Diputació,N4,41.3954322,2.174653
1962309515,Pg de Sant Joan - Pl Mossèn Jacint Verdaguer,N4,41.3986506,2.1703944
5312170319,Pg de Sant Joan - Rosselló,N4,41.4013091,2.1666758
5312230023,Pg de Sant Joan - València,N4,41.3987567,2.1705987
5100163742,Pg. Maragall - Manigua,N4,41.4220009,2.1793798
4721548091,Pg. Maragall - Segle XX,N4,41.4222079,2.1789692
4721552689,Pg. Maragall - Trinxant,N4,41.4189673,2.1807351
2490116384,Pg. Maragall - Xiprer,N4,41.4188984,2.1804966
5347011339,Pg. Mare de Déu del Coll - Lorda,N4,41.4205313,2.1493342
535635462,Pg. Sant Joan - Ausiàs Marc,N4,41.3924203,2.1786555
5282237877,Pl Botticelli,N4,41.4331107,2.153159
5347011343,Pl Botticelli,N4,41.4328853,2.1529991
913181397,Pl Catalunya - Rambla Catalunya,N4,41.3875958,2.1688503
5100098598,Pl Tetuan - Pg de Sant Joan,N4,41.3954611,2.1753195
4040253775,Pl Urquinaona,N4,41.3887999,2.1732973
5282237878,Pl de l'Estatut,N4,41.4307803,2.1552113
5282305095,Pl de l'Estatut,N4,41.430639,2.1550208
1072838408,Pl. Catalunya - Portal de l'Àngel,N4,41.3865508,2.1710465
5122142536,Pl. Josep Maria Folch,N4,41.3765825,2.1659918
5113279477,Pl. Karl Marx,N4,41.4393883,2.1624644
5347011344,Porto - Pl. de l'Estatut,N4,41.4297265,2.1571391
5282305093,Rambla del Carmel,N4,41.4257629,2.1575414
5282305094,Rambla del Carmel - Dante Alighieri,N4,41.4272638,2.1572282
4040253778,Ronda Sant Pere - Girona,N4,41.3902581,2.175985
2501068121,Ronda Universitat - Pl Universitat,N4,41.3862638,2.1653236
4776361635,Sant Antoni Maria Claret - Independència,N4,41.4132535,2.1769777
2490182953,Sant Antoni Maria Claret - Lepant,N4,41.4082742,2.1703566
4156261299,Sant Antoni Maria Claret - Nàpols,N4,41.4048948,2.1658725
2490154028,Sant Antoni Maria Claret - Rambla Volart,N4,41.4152978,2.1796922
2490182945,Sant Antoni Maria Claret - Sardenya,N4,41.4066275,2.1681676
5293063246,Santa Rosalia - Besòs,N4,41.4216642,2.1465886
5293063247,Santa Rosalia - Castellbisbal,N4,41.4207258,2.1436168
5293063245,Santa Rosalia - Sant Dalmir,N4,41.4231797,2.1488004
5107294199,Santuari - Ceuta,N4,41.4201417,2.1513534
5088955953,Santuari - La Murtra,N4,41.4199186,2.1551063
5107294198,Santuari - La Murtra,N4,41.4198254,2.1550645
5088955952,Santuari - l'Hortal,N4,41.4202289,2.1510922
5347011345,Tajo - Baixada Mercat,N4,41.4297448,2.1601629
5317126613,Tajo - Ptge Vila i Rosell,N4,41.4295937,2.1603291
4040253783,Trafalgar - Bruc,N4,41.3897067,2.1770089
5107294197,Turó de la Rovira,N4,41.4196892,2.1595815
5568566245,"Rda. Universitat, 25",N41,41.3868534,2.1668932
2510905922,Aribau - Còrsega,N42,41.3922433,2.1543426
1368508961,Av República Argentina - Baixada Gomis,N5,41.4116078,2.1425449
6106798849,Av República Argentina - Mare de Déu del Carmel,N5,41.4115942,2.1416597
5107269812,Av. República Argentina - Pl. Alfonso Comín,N5,41.4133907,2.1386019
5089045646,Balmes - Aragó,N5,41.3894218,2.1623993
5088995397,Balmes - Copèrnic,N5,41.4024524,2.1451447
5088995395,Balmes - Diagonal,N5,41.395796,2.1539966
5089045645,Balmes - Gran Via,N5,41.3876925,2.1646755
3310944409,Balmes - Joaquim Folguera,N5,41.4068606,2.1387132
5088972645,Balmes - Mitre,N5,41.4040586,2.1414872
5107254022,Balmes - Mitre,N5,41.4047499,2.1402789
5089045644,Balmes - Pelai,N5,41.3860876,2.1667892
5088972646,Balmes - Pl Joaquim Folguera,N5,41.4054556,2.1391895
5107269813,Balmes - Pl John F. Kennedy,N5,41.4093289,2.1374096
3072946636,Balmes - Pl Kennedy,N5,41.4092768,2.1372557
3310944408,Balmes - Pàdua,N5,41.4029797,2.1442416
5089045647,Balmes - Rosselló,N5,41.3935813,2.1568814
5088995396,Balmes - Trav de Gràcia,N5,41.3982716,2.1511451
364731447,Balmes - València,N5,41.3911218,2.1601502
2409339119,Balmes - Via Augusta,N5,41.400866,2.1479015
1368508880,Craywinckel - Hurtado,N5,41.4118048,2.1389927
5088955955,Gran Vista,N5,41.4200872,2.160191
4579765567,Gran Vista - Doctor Bové,N5,41.4189802,2.157977
5088955954,Gran Vista - Doctor Bové,N5,41.4191622,2.1582297
5317127328,Gran Vista - IES Ferran Tallada,N5,41.4208169,2.1616808
5088955957,Gran Vista - Pl de la Mitja Lluna,N5,41.4201341,2.164982
5107294195,Gran Vista - Turó de la Rovira,N5,41.4202038,2.1641004
5107294196,IES Ferran Tallada,N5,41.4206837,2.1617953
2578733282,Pg Mare de Déu del Coll - Baixada Solanell,N5,41.4177536,2.1475664
5107294201,Pg Mare de Déu del Coll - Baixada de Sant Marià,N5,41.4178878,2.1477429
2578733281,Pg Mare de Déu del Coll - Pl Flandes,N5,41.4153189,2.1459583
5088955951,Pg Mare de Déu del Coll - Santuari,N5,41.4201038,2.148948
5107294200,Pg Mare de Déu del Coll - Santuari,N5,41.4201301,2.1490928
2528513677,Pg de Gràcia - Aragó,N5,41.3918876,2.1654106
5107212910,Pg de Gràcia - Casp,N5,41.3888592,2.1692752
4239796690,Pg de Gràcia - Diagonal,N5,41.3961672,2.1601149
5107212909,Pg de Gràcia - Gran Via,N5,41.390059,2.1676785
5107212908,Pg de Gràcia - Mallorca,N5,41.3935051,2.1634095
2484343628,Pg. Sant Gervasi - Mas Yebra,N5,41.4120938,2.138207
2700343387,Pg. Sant Gervasi - Pl. John F. Kennedy,N5,41.4103313,2.137533
8378794345,Pl Catalunya,N5,41.387387,2.1709859
5107254024,Pl Gal·la Placídia,N5,41.3995837,2.1522967
2409339120,Pl Molina,N5,41.4014065,2.1473967
4412208989,Pl. de Catalunya - Ronda Sant Pere,N5,41.3876802,2.1706316
5107294199,Santuari - Ceuta,N5,41.4201417,2.1513534
5088955953,Santuari - La Murtra,N5,41.4199186,2.1551063
5107294198,Santuari - La Murtra,N5,41.4198254,2.1550645
5088955952,Santuari - l'Hortal,N5,41.4202289,2.1510922
5107294197,Turó de la Rovira,N5,41.4196892,2.1595815
5088955950,Vallcarca,N5,41.4129611,2.1441466
5107269811,Vallcarca,N5,41.4131405,2.1444741
5107254025,Via Augusta - Diagonal,N5,41.3959902,2.1555786
2510905922,Aribau - Còrsega,N50,41.3922433,2.1543426
1426089992,Av. Diagonal - Gran Via Carles III,N50,41.3878413,2.1266003
5089045647,Balmes - Rosselló,N50,41.3935813,2.1568814
1588786479,Diagonal - Francesc Macià,N50,41.3931045,2.1462922
5264394012,Diagonal - Francesc Macià,N50,41.3931699,2.1459073
5391091029,Diagonal - Metro Zona Universitària,N50,41.384854,2.1131804
1787081052,Diagonal - Pl Reina Maria Cristina,N50,41.3884779,2.1274569
5568566245,"Rda. Universitat, 25",N50,41.3868534,2.1668932
1460386413,Zona Universitària - Escola T S d'Enginyeria,N50,41.3850647,2.1156641
2447034087,Arnau d'Oms - La Jota,N6,41.4293174,2.1774137
6109596823,Av Litoral - Arquitecte Sert,N6,41.3911143,2.2015531
847721549,Av Mare de Déu de Montserrat - Cartagena,N6,41.416031,2.1698913
847721552,Av Mare de Déu de Montserrat - Francesc Alegre,N6,41.4156504,2.1675737
5099275299,Av Mare de Déu de Montserrat - França,N6,41.4148156,2.1649218
846875629,Av Mare de Déu de Montserrat - Gènova,N6,41.4165253,2.1701542
4729303994,Av Mare de Déu de Montserrat - La Bisbal,N6,41.417988,2.1716907
4721516003,Av Mare de Déu de Montserrat - Periodistes,N6,41.4216998,2.1741255
5122242676,Av Mare de Déu de Montserrat - Periodistes,N6,41.4216772,2.1742821
3005520749,Av Mare de Déu de Montserrat - Praga,N6,41.4141769,2.1623285
1704312211,Av dels Quinze - Costa i Cuxart,N6,41.4282923,2.17458
4721516006,Av dels Quinze - Passeig Maragall,N6,41.4264216,2.1758543
4700028402,Av. Diagonal - Rambla Prim,N6,41.4107657,2.2173692
1864620012,Av. Litoral-Trelawny,N6,41.386207,2.1947852
2577580287,Badajoz - Doctor Trueta,N6,41.396116,2.1988332
2490901578,Bruc-Còrsega,N6,41.3989035,2.1633545
2503270795,Bruc-Provença,N6,41.3972392,2.1655662
8173979201,Camèlies - Pau Alsina,N6,41.4114015,2.1598417
3005520747,Camèlies - Praga,N6,41.4130797,2.1629534
2508735733,Cementiri de l'Est,N6,41.3944311,2.2015739
5243371230,Cristóbal de Moura - Perpinyà,N6,41.4179885,2.215862
5243384956,Cristóbal de Moura - Perpinyà,N6,41.4180269,2.2155765
2490182949,Còrsega-Bailén,N6,41.4013659,2.1657038
1819068915,Diagonal - Josep Pla,N6,41.4100551,2.2130969
4001180108,Diagonal - Selva de Mar,N6,41.4091743,2.2095524
4394781727,Doctor Pi i Molist - Fabra i Puig,N6,41.4307857,2.174534
4394781710,Doctor Pi i Molist - Maladeta,N6,41.4334728,2.1731864
5249180704,Doctor Pi i Molist - Orduña,N6,41.4334215,2.1730539
4394781726,Doctor Pi i Molist - Plaça Virrei Amat,N6,41.4308416,2.1746077
5098445392,Dr. Aiguader-Estació de França,N6,41.3833375,2.1879476
5099122415,Dr. Aiguader-La Barceloneta,N6,41.3826172,2.187756
5122202123,Escorial - Clínica Notra Senyora del Remei,N6,41.4098072,2.158995
5122202124,Escorial - Legalitat,N6,41.4079443,2.1608097
4781966893,Escorial - Pl. Joanic,N6,41.4061094,2.1625348
4508560142,Floridablanca - Comte d'Urgell,N6,41.3806107,2.1614247
2548703465,Les Drassanes,N6,41.3748162,2.1771653
2563549372,Les Drassanes,N6,41.3747931,2.1767888
6092912086,Llacuna - Doctor Trueta,N6,41.398537,2.2024233
5277894502,Llull - Llacuna,N6,41.4001174,2.2010614
5277894499,Llull - Selva de Mar,N6,41.4069178,2.210061
5122167154,Llúria - Mallorca,N6,41.395499,2.1657923
3477235373,Mallorca - Pau Claris,N6,41.3953582,2.164475
5113279476,Mercat de la Guineueta,N6,41.4387874,2.1699828
5113279478,Metro Canyelles,N6,41.441972,2.1668176
5100179129,Metro Maragall,N6,41.424755,2.1774184
5113296492,Metro Maragall,N6,41.4245418,2.1761305
192327539,Metro Paral·lel,N6,41.375051,2.1704306
5113345820,Metro Pg. de Gràcia,N6,41.3899326,2.167494
2491599551,Moll de la Fusta,N6,41.3791186,2.1804039
5024702034,Moll de la Fusta,N6,41.3788238,2.1802722
5609791817,Paral·lel - Cabanes,N6,41.3747983,2.1706364
5024694587,Paral·lel - Drassanes,N6,41.3745435,2.1747399
5026646853,Paral·lel - Drassanes,N6,41.3747712,2.1746463
5024684029,Paral·lel - Margarit,N6,41.3748658,2.1645692
5024685799,Paral·lel - Vila i Vilà,N6,41.37489,2.1672715
2491599579,Pg Colom - Via Laietana,N6,41.380877,2.1819258
2563616373,Pg Colom - Via Laietana,N6,41.3808369,2.1817734
8173979193,Pg Verdum - Pl de la República,N6,41.437785,2.1739735
5100410793,Pg Verdum - Plaça Jardins de l'Alfàbia,N6,41.4369558,2.1734658
2528513677,Pg de Gràcia - Aragó,N6,41.3918876,2.1654106
5107212910,Pg de Gràcia - Casp,N6,41.3888592,2.1692752
5107212909,Pg de Gràcia - Gran Via,N6,41.390059,2.1676785
5167311923,Pg de Sant Joan - Còrsega,N6,41.4024069,2.1659705
4130615067,Pg de Sant Joan - Trav de Gràcia,N6,41.4039632,2.1631728
1634950895,Pg. Valldaura - Fabra i Puig,N6,41.4392069,2.1657339
1634948396,Pg. Valldaura - Guineueta,N6,41.4394196,2.1656769
5122285253,Pg. Valldaura - Mercat de la Guineueta,N6,41.4390642,2.169042
5113279475,Pg. Valldaura - Pr. de Verdum,N6,41.4384045,2.1737127
5122285254,Pg. Valldaura - Rambla Caçador,N6,41.438623,2.1735217
2528513653,Pg. de Gràcia - Consell de Cent,N6,41.3916226,2.1654007
5113345819,Pg. de Gràcia - Gran Via Corts Catalanes,N6,41.3885497,2.1690961
5113346721,Pg. de Gràcia - València,N6,41.3933626,2.1632439
588362915,Pg. de Sant Joan - Travessera de Gràcia,N6,41.4039837,2.1638959
4394781711,Pg. de Verdum - Doctor Pi i Molist,N6,41.4359855,2.1723991
2578675579,Pi i Margall - Pau Alsina,N6,41.4095975,2.1640027
4391626990,Pi i Margall-Escorial,N6,41.4063334,2.1630623
913181397,Pl Catalunya - Rambla Catalunya,N6,41.3875958,2.1688503
5122142536,Pl. Josep Maria Folch,N6,41.3765825,2.1659918
5113279477,Pl. Karl Marx,N6,41.4393883,2.1624644
4412208989,Pl. de Catalunya - Ronda Sant Pere,N6,41.3876802,2.1706316
5024706199,Pla de Palau,N6,41.3820931,2.1840999
7803511490,Pla de Palau - Parc de la Ciutadella,N6,41.3828832,2.1832222
3076793405,Pla de Palau - Pl Pau Vila,N6,41.3825594,2.1849395
5308277761,Pla de las Madres de la Plaza de Mayo,N6,41.4351701,2.172206
5119920397,Platja Nova Icària,N6,41.3916684,2.2031473
5568566247,Plaça Universitat - Pelai,N6,41.3856127,2.1644744
5122242677,Plaça de la Font Castellana,N6,41.4151572,2.1668746
4861472021,Plaça del Nen de la Rutlla,N6,41.4185843,2.1719412
5119904556,Port Olímpic,N6,41.3880717,2.1972716
2563549370,Portal de la Pau,N6,41.3767122,2.1784411
2574786589,Portal de la Pau,N6,41.3766861,2.1785342
5120642097,Pujades - Bilbao,N6,41.4030057,2.2023927
5120618944,Pujades - Espronceda,N6,41.4056505,2.2058709
5120642096,Pujades - Llacuna,N6,41.4005045,2.1990387
5120609031,Rambla Prim - Pallars,N6,41.4143359,2.2148713
5119970552,Rambla Prim-Ferrer Bassa,N6,41.4151353,2.2146371
5100179128,Ramon Albó - Alexandre Galí,N6,41.4266354,2.1773447
5120609030,Rbla. Prim - Llull,N6,41.4122265,2.2177254
5120642095,Roc Boronat - Doctor Trueta,N6,41.397717,2.2010861
5247963822,Ronda Guinardó - Torre dels Pardals,N6,41.4221732,2.1773267
2447034095,Ronda Guineueta Vella - Antonio Machado,N6,41.4414717,2.1622038
2447034104,Ronda Guineueta Vella - Barri Canyelles,N6,41.4443365,2.1652094
2447034116,Ronda Guineueta Vella - Escola Deià,N6,41.4448095,2.1678241
2447034102,Ronda Guineueta Vella - Juan Ramón Jiménez,N6,41.4426131,2.1622166
12351408135,Ronda Sant Antoni - Comte d'Urgell,N6,41.3793791,2.1630678
4040253777,Ronda Sant Antoni - Pl Goya,N6,41.3830438,2.1637929
5122142535,Ronda Sant Pau - Parlament,N6,41.3778307,2.1643166
2501068121,Ronda Universitat - Pl Universitat,N6,41.3862638,2.1653236
5122178706,Rosselló - Bailèn,N6,41.3996491,2.1658369
5122178707,Rosselló - Bruc,N6,41.3980624,2.1637424
2508824062,Salvador Espriu - Arquitecte Sert,N6,41.3903508,2.1990047
5120642094,Salvador Espriu - Jaume Vicens Vives,N6,41.3927744,2.2022675
5113329960,Sardenya - Camèlies,N6,41.4131348,2.1615565
2487149448,Sepúlveda - Muntaner,N6,41.3834222,2.1626865
3648043116,Via Favència - Barri Canyelles,N6,41.4429835,2.1696068
8364608160,Via Favència - Pl Karl Marx,N6,41.4407372,2.1634488
2509790284,Viladomat - Manso,N6,41.3764941,2.1614533
5247509966,Villarroel - Sepúlveda,N6,41.3815019,2.161613
5098445393,Zoo,N6,41.3875671,2.1952636
12811208601,Av. Meridiana - Felip II (Sagrera),N61,41.4196949,2.1867789
12811302503,Av. Meridiana - Felip II (Sagrera),N61,41.4198408,2.1870669
12739499100,Av. Meridiana / Av. de Rio de Janeiro,N61,41.4426949,2.1861015
5127098733,Rda. Sant Pere - Pl. de Catalunya,N61,41.3882923,2.1706537
12811208601,Av. Meridiana - Felip II (Sagrera),N62,41.4196949,2.1867789
12811302503,Av. Meridiana - Felip II (Sagrera),N62,41.4198408,2.1870669
12739499100,Av. Meridiana / Av. de Rio de Janeiro,N62,41.4426949,2.1861015
5127098733,Rda. Sant Pere - Pl. de Catalunya,N62,41.3882923,2.1706537
12811302503,Av. Meridiana - Felip II (Sagrera),N64,41.4198408,2.1870669
5127098733,Rda. Sant Pere - Pl. de Catalunya,N64,41.3882923,2.1706537
12811208601,Av. Meridiana - Felip II (Sagrera),N65,41.4196949,2.1867789
12811302503,Av. Meridiana - Felip II (Sagrera),N65,41.4198408,2.1870669
12739499100,Av. Meridiana / Av. de Rio de Janeiro,N65,41.4426949,2.1861015
5127098733,Rda. Sant Pere - Pl. de Catalunya,N65,41.3882923,2.1706537
5107161274,Aribau - Aragó,N7,41.3879075,2.1600974
5107158418,Aribau - Gran Via,N7,41.3860049,2.162598
5204811546,Ausiàs Marc - Bailén,N7,41.3919305,2.1763129
5089045646,Balmes - Aragó,N7,41.3894218,2.1623993
5089045645,Balmes - Gran Via,N7,41.3876925,2.1646755
5089045644,Balmes - Pelai,N7,41.3860876,2.1667892
2745572508,Benet Mateu - Manuel de Falla,N7,41.3936613,2.1263198
5126759462,Calvet - Diagonal,N7,41.3935408,2.1449269
5126759463,Calvet - Tenor Viñas,N7,41.3960336,2.1418048
8387140714,Capità Arenas - Manuel de Falla,N7,41.3930144,2.1248621
364829715,Capità Arenas - Pg Manuel Girona,N7,41.3908488,2.1257901
5122315539,Carles III - Numància,N7,41.3916742,2.1292386
4730852328,Casanova - Diagonal,N7,41.3931802,2.1485558
2510905925,Casanova - Hospital Clínic,N7,41.3904327,2.1525912
2510905930,Casanova - París,N7,41.3912723,2.1511208
4685556552,Diagonal - Agricultura,N7,41.4096413,2.2130498
4685552193,Diagonal - Bac de Roda,N7,41.4076337,2.2050112
4685550614,Diagonal - Ciutat de Granada,N7,41.4041799,2.1912532
4685552190,Diagonal - Fluvià,N7,41.4079656,2.2047752
1819068915,Diagonal - Josep Pla,N7,41.4100551,2.2130969
4685555738,Diagonal - Metro Selva de Mar,N7,41.4088809,2.2099545
4685551798,Diagonal - Parc del Poblenou,N7,41.4063602,2.1982626
4685551891,Diagonal - Pere IV,N7,41.4062782,2.1995863
4344584662,Diagonal - Rambla del Poblenou,N7,41.4052054,2.1952055
5127061355,Diagonal - Rambla del Poblenou,N7,41.4054422,2.1948225
3350102763,Diagonal - Roc Boronat,N7,41.404585,2.1912554
4001180108,Diagonal - Selva de Mar,N7,41.4091743,2.2095524
2482920855,Diagonal Mar,N7,41.4103077,2.2183172
2197932372,Els Vergós,N7,41.3970894,2.1270236
5127161914,Ganduxer - Via Augusta,N7,41.3984989,2.1349
3460290366,Gran Via - Llúria,N7,41.3918531,2.1716712
5587042745,Gran Via - Marina,N7,41.3985954,2.1806564
3459957425,Gran Via - Padilla,N7,41.4004741,2.1826304
3460290370,Gran Via - Padilla,N7,41.400393,2.1832728
3460290371,Gran Via - Pau Claris,N7,41.3901087,2.1693431
3092785221,Gran Via - Roger de Flor,N7,41.3961813,2.176881
3460290372,Gran Via - Roger de Flor,N7,41.396059,2.1772624
5587042874,Gran Via - Sardenya,N7,41.3987974,2.180379
5127153270,Mallorca - Muntaner,N7,41.389505,2.1567268
5127170050,Manuel Girona - Carles III,N7,41.3921646,2.1282273
5122315540,Maria Cristina - Carles III,N7,41.3893358,2.1280473
5099184737,Marina - Diagonal,N7,41.4017437,2.1781558
12341692129,Metro Glòries,N7,41.4030841,2.1883406
12479061911,Metro Glòries,N7,41.4024015,2.1872824
3460290377,Metro Tetuan,N7,41.3937783,2.1742182
5253058039,Mitre - Avinguda Sarrià,N7,41.3930201,2.1311458
5099337387,Mitre - Doctor Fleming,N7,41.3947949,2.1334264
5126734073,Mitre - Doctor Fleming,N7,41.3948812,2.1337432
5099304728,Mitre - Ganduxer,N7,41.398761,2.1334617
5099337386,Mitre - Prat de la Riba,N7,41.3932721,2.1313014
2503270803,Pau Claris - Aragó,N7,41.3927785,2.1669328
5127098734,Pau Claris - Gran Via,N7,41.3909537,2.1693426
2528513687,Pau Claris - Mallorca,N7,41.3945562,2.1646484
2195921306,Pg Bonanova,N7,41.4001391,2.1238556
8676719057,Pg Reina Elisenda - Av JV Foix,N7,41.3983819,2.1185318
5107212910,Pg de Gràcia - Casp,N7,41.3888592,2.1692752
2573583899,Pg de Sant Joan - Diputació,N7,41.3954322,2.174653
2195921307,Pg. Bonanova,N7,41.399984,2.1233197
5127179246,Pg. Reina Elisenda - Av. JV Foix,N7,41.398496,2.1184531
5127179247,Pg. Reina Elisenda - Major de Sarrià,N7,41.3999043,2.121075
913181397,Pl Catalunya - Rambla Catalunya,N7,41.3875958,2.1688503
5204811545,Pl Urquinaona - Pau Claris,N7,41.3890983,2.1725244
2408256843,Pl de Sarrià,N7,41.3998709,2.1213536
4412208989,Pl. de Catalunya - Ronda Sant Pere,N7,41.3876802,2.1706316
5077787374,Plaça Tetuan - Gran Via,N7,41.3951534,2.1763486
2501068121,Ronda Universitat - Pl Universitat,N7,41.3862638,2.1653236
5127153268,Santaló - Mercat Galvany,N7,41.3970051,2.144145
5127153269,Santaló - Trav de Gràcia,N7,41.394858,2.1468817
3477235384,València - Balmes,N7,41.390261,2.1601701
3477235390,València - Muntaner,N7,41.3885244,2.1578866
3477282399,València - Villarroel,N7,41.3868171,2.1556033
5126759466,Via Augusta - Alt Gironella,N7,41.3976907,2.133655
5127161915,Via Augusta - Amigó,N7,41.3980835,2.1407967
5126759464,Via Augusta - Calvet,N7,41.3977421,2.1392257
2195924839,Via Augusta - Els Vergós,N7,41.3985344,2.1253579
5126759465,Via Augusta - Ganduxer,N7,41.3977234,2.1359038
2195921305,Via Augusta - Pau Alcover,N7,41.398463,2.1258971
1588786481,Villarroel - Buenos Aires,N7,41.3920609,2.1476062
5126759461,Villarroel - Hospital Clínic,N7,41.3894749,2.1510673
12811208601,Av. Meridiana - Felip II (Sagrera),N70,41.4196949,2.1867789
12811302503,Av. Meridiana - Felip II (Sagrera),N70,41.4198408,2.1870669
8264420316,Ronda Sant Pere - Pl Urquinaona,N70,41.3885976,2.1714684
8399487639,Estació d'Autobusos Barcelona Nord,"N707,",41.3943076,2.1826679
8399487639,Estació d'Autobusos Barcelona Nord,"N708,",41.3943076,2.1826679
12811208601,Av. Meridiana - Felip II (Sagrera),N71,41.4196949,2.1867789
12811302503,Av. Meridiana - Felip II (Sagrera),N71,41.4198408,2.1870669
8264420316,Ronda Sant Pere - Pl Urquinaona,N71,41.3885976,2.1714684
8399487639,Estació d'Autobusos Barcelona Nord,"N710,",41.3943076,2.1826679
8399487639,Estació d'Autobusos Barcelona Nord,"N717,",41.3943076,2.1826679
12811208601,Av. Meridiana - Felip II (Sagrera),N72,41.4196949,2.1867789
12811302503,Av. Meridiana - Felip II (Sagrera),N72,41.4198408,2.1870669
8264420316,Ronda Sant Pere - Pl Urquinaona,N72,41.3885976,2.1714684
8399487639,Estació d'Autobusos Barcelona Nord,"N721,",41.3943076,2.1826679
8399487639,Estació d'Autobusos Barcelona Nord,"N727,",41.3943076,2.1826679
8399487639,Estació d'Autobusos Barcelona Nord,"N728,",41.3943076,2.1826679
12811208601,Av. Meridiana - Felip II (Sagrera),N73,41.4196949,2.1867789
12811302503,Av. Meridiana - Felip II (Sagrera),N73,41.4198408,2.1870669
8264420316,Ronda Sant Pere - Pl Urquinaona,N73,41.3885976,2.1714684
8399487639,Estació d'Autobusos Barcelona Nord,"N740,",41.3943076,2.1826679
8399487639,Estació d'Autobusos Barcelona Nord,"N758,",41.3943076,2.1826679
8399487639,Estació d'Autobusos Barcelona Nord,"N781,",41.3943076,2.1826679
8399487639,Estació d'Autobusos Barcelona Nord,"N788,",41.3943076,2.1826679
8399487639,Estació d'Autobusos Barcelona Nord,"N797,",41.3943076,2.1826679
5107161274,Aribau - Aragó,N8,41.3879075,2.1600974
2510905922,Aribau - Còrsega,N8,41.3922433,2.1543426
5160618594,Aribau - Diagonal,N8,41.3951971,2.1504118
5107158418,Aribau - Gran Via,N8,41.3860049,2.162598
5160618593,Aribau - Laforja,N8,41.3978342,2.1473675
814996957,Aribau - Mallorca,N8,41.3896887,2.157727
2508735736,Av Icària - Av Bogatell,N8,41.3930089,2.1993073
2465943678,Av Icària - Joan Miró,N8,41.39052,2.1959827
2509756978,Av Icària - Joan Miró,N8,41.3904005,2.1963491
6109596823,Av Litoral - Arquitecte Sert,N8,41.3911143,2.2015531
2465943681,Av. Icària - Àlaba,N8,41.3931234,2.1990106
1864620012,Av. Litoral-Trelawny,N8,41.386207,2.1947852
5282814509,Bac de Roda - Bolívia,N8,41.4096752,2.2012745
2447034081,Bac de Roda - Cristóbal de Moura,N8,41.4081021,2.2034025
2447034083,Bac de Roda - Gran Via,N8,41.4126239,2.1973549
2577580287,Badajoz - Doctor Trueta,N8,41.396116,2.1988332
2610196531,Camí de Can Caralleu - Ronda de Dalt,N8,41.4017887,2.11433
2742734949,Can Caralleu,N8,41.4018885,2.1117577
5159158209,Caracas - Pl Celestí Boada,N8,41.4393989,2.2036254
5159158213,Caracas - Potosí,N8,41.4440424,2.2026699
5159158211,Ciutat d'Asunción - Potosí,N8,41.4417073,2.199812
5159158212,Ciutat d'Asunción - Tucumán,N8,41.4445969,2.1992535
5098445392,Dr. Aiguader-Estació de França,N8,41.3833375,2.1879476
5099122415,Dr. Aiguader-La Barceloneta,N8,41.3826172,2.187756
5160500588,Espronceda - Gran Via,N8,41.4115391,2.1963272
5330150034,Ganduxer - Alacant,N8,41.4001684,2.1335835
5330150033,Ganduxer - Emancipació,N8,41.4031609,2.1312866
3477235353,Guipúscoa - Bac de Roda,N8,41.4149757,2.1955447
3477235354,Guipúscoa - Bac de Roda,N8,41.4149162,2.1948849
3477235356,Guipúscoa - Cantàbria,N8,41.4198363,2.2019925
3477235357,Guipúscoa - Cantàbria,N8,41.4200687,2.2017599
3477235363,Guipúscoa - Selva de Mar,N8,41.4174412,2.1982847
3477235364,Guipúscoa - Treball,N8,41.418153,2.1997679
5158675019,Lima - Caracas,N8,41.4392244,2.2044437
5159158210,Lima - Ciutat d'Asunción,N8,41.4392287,2.2007822
6092912086,Llacuna - Doctor Trueta,N8,41.398537,2.2024233
8279041078,Llacuna - Llull,N8,41.4001651,2.2002861
6092926894,Llacuna - Pallars,N8,41.4020664,2.1978142
4356688502,Llinars - Santander,N8,41.4347584,2.2073046
5157246589,Major de Can Caralleu - Ronda de Dalt,N8,41.4012829,2.1134639
2742734958,Major de Sarrià - Nou de Santa Eulàlia,N8,41.4023703,2.1191024
5160634301,Mandri - Mitre,N8,41.4017607,2.1355977
4685543343,Marroc - Bilbao,N8,41.4069723,2.1986049
5099304729,Mitre - Mandri,N8,41.4004544,2.1351194
5157284864,Muntaner - Bisbe Sivilla,N8,41.4045162,2.1359169
5157284858,Muntaner - Diagonal,N8,41.3945156,2.1489227
5103535421,Muntaner - Diputació,N8,41.3861569,2.1599471
5157284863,Muntaner - Mitre,N8,41.4029786,2.1376295
5157284862,Muntaner - Parc de Monterols,N8,41.4012453,2.1399012
2408257622,Muntaner - Pl. Bonanova,N8,41.4062114,2.1334274
5157284861,Muntaner - Plató,N8,41.3998711,2.141746
2510905941,Muntaner - Roselló,N8,41.3910753,2.1534435
2510905944,Muntaner - València,N8,41.3885943,2.1567146
5157284860,Muntaner - Via Augusta,N8,41.3985945,2.1434828
6093126103,Museu Can Framis,N8,41.4027616,2.1944335
12229825329,Pallars - Bilbao,N8,41.4038226,2.201433
12229825331,Pallars - Rambla del Ponlenou,N8,41.4019779,2.1989761
5157327022,Pas Sota Muralla - Pl Pau Vila,N8,41.3811522,2.184438
4677235195,Pg Bonanova - Carrasco i Formiguera,N8,41.4012555,2.1237198
4677235197,Pg Bonanova - Escoles Pies,N8,41.4033588,2.1277526
4677307347,Pg Bonanova - Escoles Pies,N8,41.403402,2.1276205
5160634298,Pg Bonanova - Ganduxer,N8,41.4052958,2.1310048
4860084434,Pg Bonanova - Horaci,N8,41.4051947,2.1310003
5255283950,Pg Enric Sanchís - Sant Adrià,N8,41.4355294,2.2048315
4356688508,Pg Guayaquil-Arbeca,N8,41.439483,2.2081198
2408256845,Pg. Bonanova - Anglí,N8,41.4009709,2.1234313
4364792168,Pg. Enric Sanchís - Santander,N8,41.4336176,2.2059701
8388017846,Pl Borràs,N8,41.40403,2.1168919
913181397,Pl Catalunya - Rambla Catalunya,N8,41.3875958,2.1688503
5569990401,Pl Universitat,N8,41.3860627,2.1639593
5160634302,Pl d'Adrià,N8,41.401018,2.1391817
2195906267,Pl. Borràs,N8,41.403936,2.1171735
1072838408,Pl. Catalunya - Portal de l'Àngel,N8,41.3865508,2.1710465
3076793405,Pla de Palau - Pl Pau Vila,N8,41.3825594,2.1849395
5160535529,Port Olímpic,N8,41.388404,2.1964354
5159178084,Rambla Prim - Cantàbria,N8,41.4248607,2.2009021
5159178083,Rambla Prim - Guipúzcoa,N8,41.422318,2.2043894
5286239004,Rambla Prim - Santander,N8,41.4251609,2.2014015
5158641376,Rambla de Prim - Metro La Pau,N8,41.4226323,2.2047439
5120642095,Roc Boronat - Doctor Trueta,N8,41.397717,2.2010861
6093146570,Roc Boronat - Llull,N8,41.3992886,2.1989946
6093146571,Roc Boronat - Pere IV,N8,41.4009561,2.1967979
13195512137,Ronda Sant Pere - Pau Claris,N8,41.3886836,2.1716933
2501068121,Ronda Universitat - Pl Universitat,N8,41.3862638,2.1653236
5157246588,Ronda de Dalt - Ràfols,N8,41.4014746,2.1147122
4356688503,Sant Adrià - Bon Pastor,N8,41.4365406,2.208413
5160634303,Santaló - Plató,N8,41.3997211,2.1407793
10765646177,Santander - Cànem,N8,41.4308569,2.2047107
5723437267,Santander - Ferrocarril,N8,41.4312922,2.205339
5158641375,Santander - Via Trajana,N8,41.4275902,2.2021421
5159178085,Santander - Via Trajana,N8,41.4282915,2.2025995
5159158208,Sas - Claramunt,N8,41.4377442,2.2041713
5160527633,Tánger - Llacuna,N8,41.4038496,2.1945033
2195909110,Via Augusta - Margenat,N8,41.4020606,2.1203696
2409339118,Via Augusta - Muntaner,N8,41.3991964,2.1435732
5157246587,Via Augusta - Tres Reis,N8,41.4041347,2.1179956
5157298363,Via Laietana - Comtal,N8,41.3870929,2.1744813
12961526022,Via Laietana - Comtal,N8,41.3873304,2.1744062
5157327023,Via Laietana - Correus,N8,41.3831381,2.1797222
5160551775,Via Laietana - Manresa,N8,41.3828563,2.1803179
2503270831,Via Laietana - Pl. Ramon Berenguer,N8,41.3848724,2.1774308
12961526019,Via Laietana - Pl. Ramon Berenguer,N8,41.3850624,2.1773978
5098445393,Zoo,N8,41.3875671,2.1952636
2573607003,Metro Tetuan,N82,41.3937613,2.1736649
5107212910,Pg de Gràcia - Casp,N82,41.3888592,2.1692752
5077787374,Plaça Tetuan - Gran Via,N82,41.3951534,2.1763486
5597374295,Rda. Sant Pere - Pl. Urquinaona,N82,41.3896857,2.1744539
13195512137,Ronda Sant Pere - Pau Claris,N82,41.3886836,2.1716933
13195512137,Ronda Sant Pere - Pau Claris,N83,41.3886836,2.1716933
5089045646,Balmes - Aragó,N9,41.3894218,2.1623993
5089045645,Balmes - Gran Via,N9,41.3876925,2.1646755
5089045644,Balmes - Pelai,N9,41.3860876,2.1667892
364731447,Balmes - València,N9,41.3911218,2.1601502
8610047617,Berenguer de Palou - Baixada de La Sagrera,N9,41.4211845,2.1912708
5173170431,Berenguer de Palou - Pare Manyanet,N9,41.4269838,2.1916761
8610529228,Berenguer de Palou - Pont del Treball,N9,41.4236945,2.1918059
5173170435,Clot - Biscaia,N9,41.4139258,2.1905654
3477235350,Clot - Pont de Bac de Roda,N9,41.414942,2.1905564
5173170423,Comissaria Mossos d'Esquadra,N9,41.4442331,2.1907589
5204783226,Gran de Sant Andreu - Fabra i Puig,N9,41.4292583,2.1901104
1343391143,Lepant - Mallorca,N9,41.4041048,2.1770222
3477235367,Mallorca - Dos de Maig,N9,41.4073328,2.1804351
1962300294,Mallorca - Girona,N9,41.3980375,2.1680469
3477235369,Mallorca - Marina,N9,41.4039181,2.1758785
3477235371,Mallorca - Meridiana,N9,41.4125105,2.1874075
2573351864,Mallorca - Nàpols,N9,41.4012615,2.172438
3477235372,Mallorca - Nàpols,N9,41.4013076,2.172384
3477282393,Mallorca - Padilla,N9,41.4056791,2.178252
3477235373,Mallorca - Pau Claris,N9,41.3953582,2.164475
3477235375,Mallorca - Pg Sant Joan,N9,41.3998564,2.1704339
3477235374,Mallorca - Pg de Gràcia,N9,41.3933479,2.1618163
3477235376,Mallorca - Rogent,N9,41.4103329,2.1844571
5099184737,Marina - Diagonal,N9,41.4017437,2.1781558
3477235378,Mercat de la Concepció,N9,41.3970851,2.1692375
5104171163,Metro Torras i Bages,N9,41.4427405,2.1908739
5262705001,Onze de Setembre - Virgili,N9,41.4301614,2.1931057
5262619109,Pare Manyanet - Virgili,N9,41.4281497,2.194609
5241792501,Pg Torras i Bages - Joan Torras,N9,41.4369294,2.1911221
2528513677,Pg de Gràcia - Aragó,N9,41.3918876,2.1654106
5107212909,Pg de Gràcia - Gran Via,N9,41.390059,2.1676785
5204750983,Pg de Torras i Bages - Palomar,N9,41.4423179,2.1907076
5204750984,Pg de Torras i Bages - Pg de Santa Coloma,N9,41.4445758,2.1905555
5173170422,Pg. Santa Coloma - Pl. de la Modernitat,N9,41.4462146,2.1935497
5173170421,Pg. Santa Coloma - Tiana,N9,41.4483393,2.1995242
5204711493,Pg. Sta. Coloma - Baró de Viver,N9,41.4485791,2.1997601
5204750985,Pg. Sta. Coloma - Nus de la Trinitat,N9,41.4464317,2.1935383
5173170426,Pg. Torras i Bages - Els Segadors,N9,41.4369669,2.1912515
5173170424,Pg. Torras i Bages - Palomar,N9,41.4418254,2.1909134
5173170425,Pg. Torras i Bages - Residència,N9,41.4394833,2.1911007
5204750982,Pg. de Torras i Bages - Residència,N9,41.4393797,2.190943
913181394,Pl. Catalunya - Bergara,N9,41.3868594,2.1692738
5204783224,Sagrera - Martí Molins,N9,41.4229883,2.1910864
2430077717,Sagrera - Múrcia,N9,41.4177875,2.1915075
5204783225,Sagrera - Parc de la Pegaso,N9,41.4263076,2.190914
2430077716,Sagrera - Pl. del General Moragues,N9,41.4180957,2.1913122
5173170429,Segre - Borriana,N9,41.4309351,2.1948194
5173170428,Segre - Parellada,N9,41.433413,2.1927191
5173170427,Segre - Pl. de Can Fabra,N9,41.4351852,2.1918361
5204750980,Segre - Sant Adrià,N9,41.4335075,2.1924549
3477235386,València - Diagonal,N9,41.4006982,2.17403
3477235389,València - Lepant,N9,41.4032793,2.1775169
3477282395,València - Pg. Sant Joan,N9,41.3989787,2.1717641
3477282397,València - Roger de Llúria,N9,41.3946512,2.166026
4406238932,Virgili - Plaça de Montserrat Roca i Baltà,N9,41.4312931,2.1934621
5368504923,Service Center,PR4,41.3223615,2.1364352
6100294362,Arístides Maillol - Trav. de les Corts,V1,41.3783482,2.1212501
772095989,Av Doctor Marañón - Av de Xile,V1,41.381445,2.1143313
5310519614,Av Doctor Marañón - Baldiri i Reixac,V1,41.3820384,2.1139508
5214112976,Av d'Esplugues - González Tablas,V1,41.3870491,2.1058091
5310519613,Diagonal - Complex Esportiu Universitari,V1,41.3840878,2.1117323
8170883309,González Tablas - Cavallers,V1,41.3864291,2.1077972
5215084448,González Tablas - Sor Eulàlia d'Anzizu,V1,41.3855688,2.1092116
1491004894,Mini Estadi del F C Barcelona,V1,41.3806959,2.1178825
6100294360,Parc de Cervantes,V1,41.3861642,2.1055016
6100240049,Riera Blanca - Pavia,V1,41.3712166,2.1282016
6100240047,Riera Blanca - Regent Mendieta,V1,41.3762077,2.1217842
6100240048,Riera Blanca - Sant Frederic,V1,41.3726088,2.1259682
6100240051,Riera Blanca - Santa Eulàlia,V1,41.3679068,2.131728
6100240050,Riera Blanca - Santiago Ramon y Cajal,V1,41.3691781,2.1309583
588011465,Zona Universitària - Facultat d'Economia i Empresa,V1,41.3848616,2.1113129
5126759462,Calvet - Diagonal,V11,41.3935408,2.1449269
5126759463,Calvet - Tenor Viñas,V11,41.3960336,2.1418048
4730852328,Casanova - Diagonal,V11,41.3931802,2.1485558
2510905925,Casanova - Hospital Clínic,V11,41.3904327,2.1525912
2409340513,Comte d'Urgell - Aragó,V11,41.3844984,2.1555642
5247464767,Comte d'Urgell - Floridablanca,V11,41.3808712,2.1603869
5247464766,Comte d'Urgell - Gran Via,V11,41.3826676,2.1579948
10278243427,Freixa - Vallmajor,V11,41.3992371,2.1384194
5330150034,Ganduxer - Alacant,V11,41.4001684,2.1335835
5330150033,Ganduxer - Emancipació,V11,41.4031609,2.1312866
5333540534,Mandri - Artesa de Segre,V11,41.4029612,2.1340317
4680760653,Mandri - Jardins Ca n'Altimira,V11,41.4042223,2.1326387
192327539,Metro Paral·lel,V11,41.375051,2.1704306
5247440190,Moll de Barcelona,V11,41.372414,2.1796761
5609791817,Paral·lel - Cabanes,V11,41.3747983,2.1706364
5024694587,Paral·lel - Drassanes,V11,41.3745435,2.1747399
5026646853,Paral·lel - Drassanes,V11,41.3747712,2.1746463
5024684029,Paral·lel - Margarit,V11,41.3748658,2.1645692
5024685799,Paral·lel - Vila i Vilà,V11,41.37489,2.1672715
4860084434,Pg Bonanova - Horaci,V11,41.4051947,2.1310003
5122142536,Pl. Josep Maria Folch,V11,41.3765825,2.1659918
12351408135,Ronda Sant Antoni - Comte d'Urgell,V11,41.3793791,2.1630678
5122142535,Ronda Sant Pau - Parlament,V11,41.3778307,2.1643166
5247464768,Ronda Sant Pau - Parlament,V11,41.3783625,2.163679
5127153268,Santaló - Mercat Galvany,V11,41.3970051,2.144145
5127153269,Santaló - Trav de Gràcia,V11,41.394858,2.1468817
3477235385,València - Comte d'Urgell,V11,41.3860311,2.1545546
5127161915,Via Augusta - Amigó,V11,41.3980835,2.1407967
5126759464,Via Augusta - Calvet,V11,41.3977421,2.1392257
5247475596,Via Augusta - Modolell,V11,41.3978715,2.1366285
10278228680,Vico - Ronda General Mitre,V11,41.4004577,2.1360073
2509790284,Viladomat - Manso,V11,41.3764941,2.1614533
2412575679,Villarroel - Aragó,V11,41.3854342,2.1564229
1588786481,Villarroel - Buenos Aires,V11,41.3920609,2.1476062
5216323989,Villarroel - Gran Via,V11,41.3833606,2.1591448
5126759461,Villarroel - Hospital Clínic,V11,41.3894749,2.1510673
8097436673,Villarroel - Mercat del Ninot,V11,41.3868123,2.1545812
5247509966,Villarroel - Sepúlveda,V11,41.3815019,2.161613
11300300893,Adrià Margarit - Av. Tibidabo,V13,41.4147641,2.1322357
5107161274,Aribau - Aragó,V13,41.3879075,2.1600974
2510905922,Aribau - Còrsega,V13,41.3922433,2.1543426
5160618594,Aribau - Diagonal,V13,41.3951971,2.1504118
5107158418,Aribau - Gran Via,V13,41.3860049,2.162598
5160618593,Aribau - Laforja,V13,41.3978342,2.1473675
814996957,Aribau - Mallorca,V13,41.3896887,2.157727
6121023983,Av Tibidabo - Bosch i Alsina,V13,41.4137461,2.1343299
6121023984,Av Tibidabo - Garcia Mariño,V13,41.4121609,2.1357131
2484316171,Av Tibidabo - Pg Sant Gervasi,V13,41.4104998,2.1366122
2484304272,Av Tibidabo - Ronda de Dalt,V13,41.4142625,2.1341644
5089045644,Balmes - Pelai,V13,41.3860876,2.1667892
5330150034,Ganduxer - Alacant,V13,41.4001684,2.1335835
5330150033,Ganduxer - Emancipació,V13,41.4031609,2.1312866
13069136933,Madrazo 104,V13,41.3968833,2.1445382
5160634301,Mandri - Mitre,V13,41.4017607,2.1355977
5099304729,Mitre - Mandri,V13,41.4004544,2.1351194
5157284864,Muntaner - Bisbe Sivilla,V13,41.4045162,2.1359169
5157284858,Muntaner - Diagonal,V13,41.3945156,2.1489227
5103535421,Muntaner - Diputació,V13,41.3861569,2.1599471
5157284863,Muntaner - Mitre,V13,41.4029786,2.1376295
5157284862,Muntaner - Parc de Monterols,V13,41.4012453,2.1399012
2408257622,Muntaner - Pl. Bonanova,V13,41.4062114,2.1334274
12296180063,Muntaner - Pl. Bonanova,V13,41.4057358,2.1342927
5157284861,Muntaner - Plató,V13,41.3998711,2.141746
2510905941,Muntaner - Roselló,V13,41.3910753,2.1534435
2510905944,Muntaner - València,V13,41.3885943,2.1567146
5157284860,Muntaner - Via Augusta,V13,41.3985945,2.1434828
11379237249,Pg Bonanova - Mandri,V13,41.4058332,2.1321449
5241858271,Pg. Sant Gervasi - Pl. Bonanova,V13,41.4072085,2.1339798
4474980174,Pg. Sant Gervasi - Pl. Kennedy,V13,41.410059,2.1358085
5275785930,Pl Kennedy,V13,41.4101048,2.1370004
5569990401,Pl Universitat,V13,41.3860627,2.1639593
5160634302,Pl d'Adrià,V13,41.401018,2.1391817
2408257621,Pl. Bonanova,V13,41.4065889,2.1337455
5173125167,Pl. Catalunya - Bergara,V13,41.3865469,2.1695503
2501068121,Ronda Universitat - Pl Universitat,V13,41.3862638,2.1653236
2484304423,Ronda de Dalt - Pl de la Central,V13,41.4143324,2.133176
5160634303,Santaló - Plató,V13,41.3997211,2.1407793
2409339118,Via Augusta - Muntaner,V13,41.3991964,2.1435732
13540726356,Mandri - Maó,V13;N8,41.4039701,2.1331097
5294584997,Av Tibidabo - Josep Maria Florensa,V15,41.4131333,2.1348124
2484316171,Av Tibidabo - Pg Sant Gervasi,V15,41.4104998,2.1366122
5089045646,Balmes - Aragó,V15,41.3894218,2.1623993
5088995397,Balmes - Copèrnic,V15,41.4024524,2.1451447
5088995395,Balmes - Diagonal,V15,41.395796,2.1539966
5089045645,Balmes - Gran Via,V15,41.3876925,2.1646755
3310944409,Balmes - Joaquim Folguera,V15,41.4068606,2.1387132
5088972645,Balmes - Mitre,V15,41.4040586,2.1414872
5107254022,Balmes - Mitre,V15,41.4047499,2.1402789
5088972646,Balmes - Pl Joaquim Folguera,V15,41.4054556,2.1391895
5107269813,Balmes - Pl John F. Kennedy,V15,41.4093289,2.1374096
3072946636,Balmes - Pl Kennedy,V15,41.4092768,2.1372557
3310944408,Balmes - Pàdua,V15,41.4029797,2.1442416
5089045647,Balmes - Rosselló,V15,41.3935813,2.1568814
5088995396,Balmes - Trav de Gràcia,V15,41.3982716,2.1511451
364731447,Balmes - València,V15,41.3911218,2.1601502
2409339119,Balmes - Via Augusta,V15,41.400866,2.1479015
6121090667,Josep Garí - Av Tibidabo,V15,41.4152294,2.1344384
5157327022,Pas Sota Muralla - Pl Pau Vila,V15,41.3811522,2.184438
5024710190,Pg Joan de Borbó,V15,41.3799373,2.1872686
5342989261,Pg Joan de Borbó - Judici,V15,41.3761653,2.1889233
3508850898,Pg Joan de Borbó - Moll Oriental,V15,41.3691576,2.1879252
2458498575,Pg Joan de Borbó - Moll de Catalunya,V15,41.3705662,2.1876583
5278556835,Pg Joan de Borbó - Moll de Catalunya,V15,41.3705507,2.1875567
5278556836,Pg Joan de Borbó - Pepe Rubianes,V15,41.3776213,2.1881874
5278454059,Pg Joan de Borbó - Pere Rubianes,V15,41.3776253,2.1883946
2458474492,Pg Joan de Borbó - Pl del Mar,V15,41.3740625,2.1882666
3398745961,Pg Joan de Borbó - Pl del Mar,V15,41.3740636,2.1884501
2528513677,Pg de Gràcia - Aragó,V15,41.3918876,2.1654106
5107212910,Pg de Gràcia - Casp,V15,41.3888592,2.1692752
4239796690,Pg de Gràcia - Diagonal,V15,41.3961672,2.1601149
5107212909,Pg de Gràcia - Gran Via,V15,41.390059,2.1676785
5107212908,Pg de Gràcia - Mallorca,V15,41.3935051,2.1634095
5026636007,Pg. Joan de Borbó,V15,41.3800394,2.1874362
2484343628,Pg. Sant Gervasi - Mas Yebra,V15,41.4120938,2.138207
1368508902,Pl Alfonso Comín - Av República Argentina,V15,41.4144875,2.138261
5107254024,Pl Gal·la Placídia,V15,41.3995837,2.1522967
2409339120,Pl Molina,V15,41.4014065,2.1473967
1072838408,Pl. Catalunya - Portal de l'Àngel,V15,41.3865508,2.1710465
3076793405,Pla de Palau - Pl Pau Vila,V15,41.3825594,2.1849395
13195512137,Ronda Sant Pere - Pau Claris,V15,41.3886836,2.1716933
5107254025,Via Augusta - Diagonal,V15,41.3959902,2.1555786
5157298363,Via Laietana - Comtal,V15,41.3870929,2.1744813
12961526022,Via Laietana - Comtal,V15,41.3873304,2.1744062
5157327023,Via Laietana - Correus,V15,41.3831381,2.1797222
5160551775,Via Laietana - Manresa,V15,41.3828563,2.1803179
2503270831,Via Laietana - Pl. Ramon Berenguer,V15,41.3848724,2.1774308
12961526019,Via Laietana - Pl. Ramon Berenguer,V15,41.3850624,2.1773978
5024706199,Pla de Palau,V16,41.3820931,2.1840999
4040253755,Arc de Triomf,V17,41.3912901,2.1787386
6121899150,Av Martí Codolar - Coll i Alentorn,V17,41.424694,2.1478132
1368508961,Av República Argentina - Baixada Gomis,V17,41.4116078,2.1425449
5279964319,Av República Argentina - Escipió,V17,41.408647,2.1470649
6106798849,Av República Argentina - Mare de Déu del Carmel,V17,41.4115942,2.1416597
2493101520,Av República Argentina - Vallcarca,V17,41.4113554,2.1439506
3116783919,Av República Argentina - Vallcarca,V17,41.41144,2.1446103
5107269812,Av. República Argentina - Pl. Alfonso Comín,V17,41.4133907,2.1386019
1368508891,Bolívar - Ballester,V17,41.4092507,2.1477437
6121899151,Coll i Alentorn - Basses d'Horta,V17,41.4243927,2.1432359
1368508880,Craywinckel - Hurtado,V17,41.4118048,2.1389927
5279964923,Còrsega - Pg de Gràcia,V17,41.3971703,2.1600875
5261112721,Diagonal - Pau Claris,V17,41.3967473,2.1606802
5243064483,Estació de França,V17,41.384889,2.1854431
2604969079,Gal·la Placídia,V17,41.398893,2.1526935
12811758775,"Gra de Gràcia, 160",V17,41.4021983,2.1529276
5279964922,Gran de Gràcia - Jesús,V17,41.3982556,2.1574084
1357211268,Gran de Gràcia - Lesseps,V17,41.4061662,2.1500472
1368519188,Gran de Gràcia - Metro Fontana,V17,41.4018041,2.1532808
1357211251,Gran de Gràcia - Pl Trilla,V17,41.4035051,2.1521794
5279964921,Gran de Gràcia - Trav de Gràcia,V17,41.400304,2.1549632
5278524183,Granja Vella - Av Martí i Codolar,V17,41.426891,2.1481885
5342989258,Granja Vella - Basses d'Horta,V17,41.4271228,2.1449549
5339810353,Hospital Vall d'Hebron,V17,41.4269357,2.1430121
3350102719,Lesseps - Riera de Cassoles,V17,41.406151,2.1498346
5279964924,Llúria - Aragó,V17,41.3939218,2.1679363
5279964925,Llúria - Gran Via,V17,41.3918905,2.170626
5122167154,Llúria - Mallorca,V17,41.395499,2.1657923
5277894508,Llúria - Urquinaona,V17,41.390188,2.1728831
5279964928,Maremagnum,V17,41.3757235,2.1823813
5243064482,Parc de la Ciutadella - Princesa,V17,41.3877869,2.1831005
5279964926,Pas Sota Muralla - Pg Colom,V17,41.3811267,2.1826168
5279964317,Pas Sota Muralla - Via Laietana,V17,41.3809182,2.1826814
2503270803,Pau Claris - Aragó,V17,41.3927785,2.1669328
5127098734,Pau Claris - Gran Via,V17,41.3909537,2.1693426
2528513687,Pau Claris - Mallorca,V17,41.3945562,2.1646484
5241837961,Pg Vall d'Hebron - Av Jordà,V17,41.4242317,2.141667
1336877961,Pg Vall d'Hebron - L'Arrabassada,V17,41.418639,2.1390633
983299163,Pg Vall d'Hebron - Natzaret,V17,41.421543,2.1404661
8220384284,"Pg Vall d'Hebron, 115",V17,41.422625,2.1414341
2469174898,Pg. Lluís Companys - Almogàvers,V17,41.3912486,2.1812427
2469174881,Pg. Lluís Companys - Parc de la Ciutadella,V17,41.3894933,2.1835534
2484343628,Pg. Sant Gervasi - Mas Yebra,V17,41.4120938,2.138207
5241303236,Pg. Vall d'Hebron - Av. de Vallcarca,V17,41.4193199,2.139827
1368508902,Pl Alfonso Comín - Av República Argentina,V17,41.4144875,2.138261
5241303237,Pl Alfonso Comín - Pg Vall d'Hebron,V17,41.4162903,2.1383193
2408261963,Pl. Alfonso Comín - Isaac Newton,V17,41.4147158,2.1366121
2572094317,Port Vell,V17,41.3766593,2.1829824
5279964927,Port Vell,V17,41.3771767,2.1835518
5279964318,Riera de Cassoles - Guillem Tell,V17,41.4028963,2.1499868
2578788825,Riera de Cassoles - Via Augusta,V17,41.4014006,2.1510906
4040253778,Ronda Sant Pere - Girona,V17,41.3902581,2.175985
2490901574,Urquinaona,V17,41.3885675,2.1725267
2573562112,Via Augusta - Diagonal,V17,41.3964593,2.1550525
5157298363,Via Laietana - Comtal,V17,41.3870929,2.1744813
5157327023,Via Laietana - Correus,V17,41.3831381,2.1797222
2503270831,Via Laietana - Pl. Ramon Berenguer,V17,41.3848724,2.1774308
5298009063,Ana María Matute - Av Pompeu Fabra,V19,41.414869,2.1586213
5297968497,Ana María Matute - Miquel Sants Oliver,V19,41.415145,2.158478
3005856817,Ana María Matute - Pl Sanllehy,V19,41.4140172,2.1606787
3005520749,Av Mare de Déu de Montserrat - Praga,V19,41.4141769,2.1623285
5347333204,Av Marquès de l'Argentera - Pg Picasso,V19,41.3851526,2.1852936
1368508961,Av República Argentina - Baixada Gomis,V19,41.4116078,2.1425449
6106798849,Av República Argentina - Mare de Déu del Carmel,V19,41.4115942,2.1416597
5107269812,Av. República Argentina - Pl. Alfonso Comín,V19,41.4133907,2.1386019
3268669359,C N Catalunya - Park Güell,V19,41.4158566,2.1569035
1368508880,Craywinckel - Hurtado,V19,41.4118048,2.1389927
5297968496,Ctra del Carmel - Albert Llanas,V19,41.4164386,2.156452
5298009065,Ctra del Carmel - Can Xirot,V19,41.4169739,2.1564546
5298009067,Ctra del Carmel - Gran Vista,V19,41.418324,2.157272
5298009073,Ctra del Carmel - Mühlberg,V19,41.4179709,2.1576437
5298009074,Ctra del Carmel - Pasteur,V19,41.4174844,2.1581556
5298009064,Ctra del Carmel - Pg Josefina Torrens Illas,V19,41.4156401,2.1567869
5298009066,Ctra del Carmel - Pl Raimon Casellas,V19,41.4168472,2.1588151
5243064483,Estació de França,V19,41.384889,2.1854431
6106798850,Josep Garí - Comte de Sert,V19,41.415568,2.1352091
5243064482,Parc de la Ciutadella - Princesa,V19,41.3877869,2.1831005
4040253760,Passeig Lluís Companys - Arc de Triomf,V19,41.3907013,2.1802367
4040253761,Passeig Lluís Companys - Jutjats,V19,41.3888311,2.1826852
5024710190,Pg Joan de Borbó,V19,41.3799373,2.1872686
5342989261,Pg Joan de Borbó - Judici,V19,41.3761653,2.1889233
2458498575,Pg Joan de Borbó - Moll de Catalunya,V19,41.3705662,2.1876583
5278556835,Pg Joan de Borbó - Moll de Catalunya,V19,41.3705507,2.1875567
5278556836,Pg Joan de Borbó - Pepe Rubianes,V19,41.3776213,2.1881874
5278454059,Pg Joan de Borbó - Pere Rubianes,V19,41.3776253,2.1883946
2458474492,Pg Joan de Borbó - Pl del Mar,V19,41.3740625,2.1882666
3398745961,Pg Joan de Borbó - Pl del Mar,V19,41.3740636,2.1884501
2578733282,Pg Mare de Déu del Coll - Baixada Solanell,V19,41.4177536,2.1475664
5107294201,Pg Mare de Déu del Coll - Baixada de Sant Marià,V19,41.4178878,2.1477429
2578733281,Pg Mare de Déu del Coll - Pl Flandes,V19,41.4153189,2.1459583
5088955951,Pg Mare de Déu del Coll - Santuari,V19,41.4201038,2.148948
5107294200,Pg Mare de Déu del Coll - Santuari,V19,41.4201301,2.1490928
5102984153,Pg Sant Joan - Consell de Cent,V19,41.397073,2.172502
4401882589,Pg de Sant Joan - Alí-Bei,V19,41.3925472,2.1788149
1962314859,Pg de Sant Joan - Aragó,V19,41.3973645,2.1724403
5167311923,Pg de Sant Joan - Còrsega,V19,41.4024069,2.1659705
2573583899,Pg de Sant Joan - Diputació,V19,41.3954322,2.174653
1962309515,Pg de Sant Joan - Pl Mossèn Jacint Verdaguer,V19,41.3986506,2.1703944
5312170319,Pg de Sant Joan - Rosselló,V19,41.4013091,2.1666758
4130615067,Pg de Sant Joan - Trav de Gràcia,V19,41.4039632,2.1631728
5312230023,Pg de Sant Joan - València,V19,41.3987567,2.1705987
5026636007,Pg. Joan de Borbó,V19,41.3800394,2.1874362
2469174898,Pg. Lluís Companys - Almogàvers,V19,41.3912486,2.1812427
2469174881,Pg. Lluís Companys - Parc de la Ciutadella,V19,41.3894933,2.1835534
5107294202,Pg. Mare de Déu del Coll - Cartago,V19,41.4154627,2.1463996
5243416406,Pg. Picasso - Princesa,V19,41.3871759,2.183463
2484343628,Pg. Sant Gervasi - Mas Yebra,V19,41.4120938,2.138207
535635462,Pg. Sant Joan - Ausiàs Marc,V19,41.3924203,2.1786555
588362915,Pg. de Sant Joan - Travessera de Gràcia,V19,41.4039837,2.1638959
2578675579,Pi i Margall - Pau Alsina,V19,41.4095975,2.1640027
4391621690,Pi i Margall - Pl Joanic,V19,41.4064343,2.1632991
5312230022,Pi i Margall - Sardenya,V19,41.4092305,2.1640275
4391626990,Pi i Margall-Escorial,V19,41.4063334,2.1630623
1368508902,Pl Alfonso Comín - Av República Argentina,V19,41.4144875,2.138261
5250167928,Pl Sanllehy,V19,41.4139553,2.1607805
5100098598,Pl Tetuan - Pg de Sant Joan,V19,41.3954611,2.1753195
2408261963,Pl. Alfonso Comín - Isaac Newton,V19,41.4147158,2.1366121
12802978200,Pl. Rosa dels Vents,V19,41.3680389,2.187293
3076793405,Pla de Palau - Pl Pau Vila,V19,41.3825594,2.1849395
5312230021,Praga - Rda Guinardó,V19,41.4123153,2.1642928
6106777206,Ronda Guinardó - Pi i Margall,V19,41.4117898,2.1638755
5107294199,Santuari - Ceuta,V19,41.4201417,2.1513534
5088955953,Santuari - La Murtra,V19,41.4199186,2.1551063
5107294198,Santuari - La Murtra,V19,41.4198254,2.1550645
5088955952,Santuari - l'Hortal,V19,41.4202289,2.1510922
5113329960,Sardenya - Camèlies,V19,41.4131348,2.1615565
5088955950,Vallcarca,V19,41.4129611,2.1441466
5107269811,Vallcarca,V19,41.4131405,2.1444741
5282237874,Arquitecte Moragas - Jorge Manrique,V21,41.4325646,2.1474796
5282237872,Arquitectura - Àngel Marquès,V21,41.4292915,2.1413015
5282237876,Av Cardenal Vidal i Barraquer - Berruguete,V21,41.4327835,2.151566
5282305096,Av Cardenal Vidal i Barraquer - Pl Botticelli,V21,41.4327498,2.1518134
5098392251,Av Gaudí,V21,41.4057854,2.1748071
6096810253,Dante Alighieri - Rambla del Carmel,V21,41.4275815,2.157573
6096836412,Dante Alighieri - Santa Joana d'Arc,V21,41.4284312,2.1600687
5241807787,IES Narcís Monturiol,V21,41.4320167,2.1453598
5282305097,Jorge Manrique - Av Cardenal Vidal i Barraquer,V21,41.4314481,2.1492671
5282237875,Jorge Manrique - Can Travi,V21,41.43153,2.1494993
5098392250,Lepant - Diagonal,V21,41.4024107,2.1793107
3884091340,Lepant - Guinardó,V21,41.4117177,2.1670049
1343391143,Lepant - Mallorca,V21,41.4041048,2.1770222
5098392252,Lepant - Sant Antoni Maria Claret,V21,41.4082901,2.17149
5098392253,Lepant - Trav de Gràcia,V21,41.4095188,2.1698767
5282237879,Lletres - Dante Alighieri,V21,41.4278373,2.157939
3166867580,Marina - Ausiàs Marc,V21,41.3968721,2.1843449
5099184737,Marina - Diagonal,V21,41.4017437,2.1781558
2509781506,Marina - Doctor Trueta,V21,41.3909293,2.1922088
5282237884,Marina - Indústria,V21,41.4091318,2.1727425
5099162122,Marina - Llull,V21,41.3927056,2.1898573
3677304559,Marina - Monumental,V21,41.3994441,2.180663
3677611483,Marina - Monumental,V21,41.3985904,2.1820903
5098445395,Marina - Pujades,V21,41.3926627,2.1895115
5098445394,Marina - Ramon Turró,V21,41.3908805,2.1918731
3475667388,Marina - Ribes,V21,41.3977182,2.1829161
2577580283,Marina-Pl. dels Voluntaris,V21,41.3883866,2.1955987
4327804489,Metro Marina,V21,41.394409,2.1876037
4379758991,Metro Marina,V21,41.3942551,2.187426
5241837963,Metro Montbau,V21,41.4307523,2.1448208
5282237873,Metro Montbau - Hospital Vall d'Hebron,V21,41.4301028,2.1444408
1933578157,Montbau,V21,41.4330339,2.1415199
5282237882,Padilla - Llorens i Barba,V21,41.4113287,2.1698877
5100163745,Padilla - Roselló,V21,41.4073352,2.175144
5282237883,Padilla - Trav de Gràcia,V21,41.4104157,2.1710522
5282237881,Padilla - Túnel de la Rovira,V21,41.4128757,2.1676069
5100121300,Padilla-Mallorca,V21,41.4049214,2.1782805
5241303234,Palau d'Esports de la Vall d'Hebron,V21,41.4279398,2.1441859
5241303233,Parc de la Vall d'Hebron,V21,41.4314121,2.1457761
5101082757,Pg Maragall - Ronda Guinardó,V21,41.4242781,2.1770621
1864620009,Pg Marítim,V21,41.384986,2.1959179
5241303230,Pg. Vall d'Hebron - Scala Dei,V21,41.4390684,2.1577401
5282237877,Pl Botticelli,V21,41.4331107,2.153159
5282237878,Pl de l'Estatut,V21,41.4307803,2.1552113
5282305095,Pl de l'Estatut,V21,41.430639,2.1550208
1933645621,Poesia - Jardins de Montbau,V21,41.4319774,2.1440568
5282237880,Rambla del Carmel,V21,41.4259528,2.1583305
5282305093,Rambla del Carmel,V21,41.4257629,2.1575414
5254824941,Rda Guinardó - Telègraf,V21,41.4165729,2.1741882
1933578147,Vayreda - Arquitectura,V21,41.4303221,2.1401143
5282305092,Vila Olímpica,V21,41.3884439,2.1936457
5337405554,Alt de Pedrell - Aguilar,V23,41.4256629,2.1688245
5360699789,Alt de Pedrell - Palautordera,V23,41.4259749,2.1696105
5105718726,Aragó - Enamorats,V23,41.4058825,2.1830175
5360699788,Arc de Sant Martí - Camil Oliveras,V23,41.4236795,2.1717843
6109596824,Arquitecte Sert - Av Icària,V23,41.391309,2.1984076
6109695051,Av Estatut - Botticelli,V23,41.434979,2.1530081
6109596823,Av Litoral - Arquitecte Sert,V23,41.3911143,2.2015531
847721549,Av Mare de Déu de Montserrat - Cartagena,V23,41.416031,2.1698913
846875629,Av Mare de Déu de Montserrat - Gènova,V23,41.4165253,2.1701542
4729303994,Av Mare de Déu de Montserrat - La Bisbal,V23,41.417988,2.1716907
2790765458,Badajoz - Diagonal,V23,41.4031756,2.1895505
2577580287,Badajoz - Doctor Trueta,V23,41.396116,2.1988332
2577580290,Badajoz - Pujades,V23,41.3986969,2.1954495
2577580279,Badajoz - Sancho de Ávila,V23,41.4013551,2.1919879
5317126614,CAP d'Horta,V23,41.4291311,2.157585
6109695053,Can Marcet,V23,41.4344104,2.1511143
6109695052,Can Marcet - Vall d'Hebron,V23,41.4351504,2.1481882
5099196281,Cartagena - Av. Gaudí,V23,41.4115124,2.1739924
6109649061,Cartagena - Niça,V23,41.4145945,2.1697604
6109596829,Castillejos - Enamorats,V23,41.403836,2.1817013
8184500455,Dos de Maig - Còrsega,V23,41.4098574,2.1782699
990002874,Dos de Maig - St Antoni M Claret,V23,41.4115859,2.1759617
5357743222,Fundació Puigvert,V23,41.4128994,2.1721795
5337405570,Garriga i Roca - Camil Oliveras,V23,41.4212462,2.1697524
6092966967,Glòries - Meridiana,V23,41.4049101,2.187301
4721520695,Grècia - Pl del Nen de la Rutlla,V23,41.4191661,2.1714979
5325252747,Independència - Consell de Cent,V23,41.4065884,2.1850415
5309188804,Independència - Freser,V23,41.4107971,2.1795093
5309188805,Independència - Mallorca,V23,41.4089612,2.1819171
6109649063,Indepèndencia - Sant Antoni Maria Claret,V23,41.4126814,2.1770666
6109596830,Jaume Vicenç i Vives - Icària,V23,41.3943112,2.2012283
5282237879,Lletres - Dante Alighieri,V23,41.4278373,2.157939
5292384561,Llobregós - Pg Maragall,V23,41.4278143,2.1633709
5292384560,Llobregós - Torrent del Carmel,V23,41.4265265,2.1603204
3477235367,Mallorca - Dos de Maig,V23,41.4073328,2.1804351
6109649062,Mas Casanovas - Cartagena,V23,41.4141993,2.1722528
5353166593,Montserrat de Casanovas - Marí,V23,41.4224248,2.1620274
5337405569,Montserrat de Casanovas - Parc del Guinardó,V23,41.4232512,2.1694774
5353166592,Montserrat de Casanovas - Passerell,V23,41.4215179,2.1592245
5337405567,Montserrat de Casanovas - Ptge Font d'en Fargas,V23,41.423713,2.1649537
5337405568,Montserrat de Casanovas - Ptge Pedrell,V23,41.4240451,2.16787
6109596825,Pamplona - Doctor Trueta,V23,41.3935494,2.1954793
6109596826,Pamplona - Pere IV,V23,41.3958472,2.1923816
6109596827,Pamplona - Tánger,V23,41.3984962,2.1888191
5337405555,Pedrell - Av Frederic Rahola,V23,41.4241776,2.1685479
5360699790,Pedrell - Canonge Almera,V23,41.4238675,2.1621566
5337405556,Pedrell - Font d'en Fargas,V23,41.4244192,2.1659353
5353166591,Pedrell - Ptge Gabarnet,V23,41.4231162,2.1586941
5360699791,Pedrell - Rambla del Carmel,V23,41.4231013,2.158593
4100272293,Pg Maragall - Dante Alighieri,V23,41.4287883,2.1627892
5282237877,Pl Botticelli,V23,41.4331107,2.153159
5347011343,Pl Botticelli,V23,41.4328853,2.1529991
5312172021,Pl Catalana - Amílcar,V23,41.4212118,2.1728879
5282237878,Pl de l'Estatut,V23,41.4307803,2.1552113
5282305095,Pl de l'Estatut,V23,41.430639,2.1550208
4861472021,Plaça del Nen de la Rutlla,V23,41.4185843,2.1719412
5282237880,Rambla del Carmel,V23,41.4259528,2.1583305
5360699792,Rambla del Carmel - Llobregós,V23,41.4246886,2.1577659
5254863669,Rda Guinardó - Cartagena,V23,41.4142073,2.1709831
5254788637,Ronda Guinardó - Sant Quintí,V23,41.4158484,2.1738659
4776361635,Sant Antoni Maria Claret - Independència,V23,41.4132535,2.1769777
5357743221,Sant Quintí - Hospital de St Pau,V23,41.4151468,2.1757704
5317126613,Tajo - Ptge Vila i Rosell,V23,41.4295937,2.1603291
6109596828,Teatre Nacional de Catalunya,V23,41.4011534,2.1852482
5330012439,Av de l'Estatut de Catalunya - Campoamor,V25,41.4351441,2.1535899
5317126614,CAP d'Horta,V25,41.4291311,2.157585
6093046149,Camí de l'Església - Rembrant,V25,41.4341693,2.1533751
6092912087,Carmen Amaya - Ptge. de la Llacuna,V25,41.396014,2.2048041
6092912088,Carmen Amaya - Taulat,V25,41.3943513,2.202775
5330012437,Ctra d'Horta,V25,41.4391922,2.1543088
5330012422,Ctra d'Horta - Av Estatut de Catalunya,V25,41.4375357,2.1535197
5343208546,Ctra d'Horta - Cotxeres,V25,41.4400975,2.1545059
5330012438,Ctra d'Horta - Pg de Valldaura,V25,41.4372974,2.1535742
4685550614,Diagonal - Ciutat de Granada,V25,41.4041799,2.1912532
3350102763,Diagonal - Roc Boronat,V25,41.404585,2.1912554
6092966967,Glòries - Meridiana,V25,41.4049101,2.187301
13105558182,Independència - Parc de les Glòries,V25,41.4040964,2.1880374
6092926893,Jardins de Miquel Martí i Pol,V25,41.4037498,2.1955538
5330011920,Jerez - Pl de la Ciutadella,V25,41.4313085,2.1553879
6092912086,Llacuna - Doctor Trueta,V25,41.398537,2.2024233
8279041078,Llacuna - Llull,V25,41.4001651,2.2002861
6092926894,Llacuna - Pallars,V25,41.4020664,2.1978142
6092966966,Meridiana - Aragó,V25,41.4081118,2.1871287
6093126105,Meridiana - Aragó,V25,41.4079989,2.1866655
5105706733,Meridiana - Navas de Tolosa,V25,41.4142897,2.1867297
5105706732,Meridiana - Pl del Doctor Serrat,V25,41.4108597,2.1867057
6092966965,Meridiana - València,V25,41.4110564,2.1870332
3311823784,Metro Maragall,V25,41.4245848,2.1769868
6093126103,Museu Can Framis,V25,41.4027616,2.1944335
5262616712,Navas de Tolosa - Indústria,V25,41.4166524,2.1849632
6093068651,Navas de Tolosa - Juan de Garay,V25,41.4193728,2.181324
2490089922,Pg Maragall - Amílcar,V25,41.4262747,2.1729857
8231463886,Pg Maragall - Amílcar,V25,41.4264235,2.1729268
5293429171,Pg Maragall - Av Frederic Rahola,V25,41.4278015,2.1647226
4100272293,Pg Maragall - Dante Alighieri,V25,41.4287883,2.1627892
2488209616,Pg Maragall - Mossèn Josep Bundó,V25,41.4273865,2.1681395
4100273289,Pg Maragall - Petrarca,V25,41.428409,2.1634156
5101082757,Pg Maragall - Ronda Guinardó,V25,41.4242781,2.1770621
2430066977,Pg Maragall - Sabastida,V25,41.4274877,2.1683456
5100163742,Pg. Maragall - Manigua,V25,41.4220009,2.1793798
4721548091,Pg. Maragall - Segle XX,V25,41.4222079,2.1789692
4721552689,Pg. Maragall - Trinxant,V25,41.4189673,2.1807351
5282237877,Pl Botticelli,V25,41.4331107,2.153159
5282237878,Pl de l'Estatut,V25,41.4307803,2.1552113
5347011344,Porto - Pl. de l'Estatut,V25,41.4297265,2.1571391
5120642095,Roc Boronat - Doctor Trueta,V25,41.397717,2.2010861
6093146570,Roc Boronat - Llull,V25,41.3992886,2.1989946
6093146571,Roc Boronat - Pere IV,V25,41.4009561,2.1967979
5347011345,Tajo - Baixada Mercat,V25,41.4297448,2.1601629
5317126613,Tajo - Ptge Vila i Rosell,V25,41.4295937,2.1603291
5330012436,Tanatori de la Vall d'Hebron,V25,41.4404901,2.1548239
6092966964,Trinxant - Ripollès,V25,41.414808,2.1853092
6092985607,Trinxant - Sant Antoni Maria Claret,V25,41.4168932,2.1826041
2517667258,Antonio Machado - Barri de Canyelles,V27,41.4442061,2.1702597
2447034087,Arnau d'Oms - La Jota,V27,41.4293174,2.1774137
2508735736,Av Icària - Av Bogatell,V27,41.3930089,2.1993073
2465943678,Av Icària - Joan Miró,V27,41.39052,2.1959827
2509756978,Av Icària - Joan Miró,V27,41.3904005,2.1963491
5249180703,Av dels Quinze - Serrano,V27,41.4291686,2.1742798
2465943681,Av. Icària - Àlaba,V27,41.3931234,2.1990106
12811217901,"Av. Meridiana, 277",V27,41.4223638,2.1867572
5282814509,Bac de Roda - Bolívia,V27,41.4096752,2.2012745
2447034081,Bac de Roda - Cristóbal de Moura,V27,41.4081021,2.2034025
2447034083,Bac de Roda - Gran Via,V27,41.4126239,2.1973549
5282814510,Bac de Roda - Llull,V27,41.4055768,2.2067369
4722395502,Bac de Roda - Pg.Taulat,V27,41.4033602,2.2096303
2447034084,Bac de Roda - Rambla de Guipúscoa,V27,41.4149376,2.1943087
6092912088,Carmen Amaya - Taulat,V27,41.3943513,2.202775
2508735728,Cementiri de l'Est,V27,41.3943111,2.2024559
5160500588,Espronceda - Gran Via,V27,41.4115391,2.1963272
3477235352,Espronceda - Guipúscoa,V27,41.4141608,2.1928279
5282858740,Espronceda - Jardins Josep Trueta,V27,41.4043909,2.205749
5282858742,Espronceda - Marroc,V27,41.4086322,2.2001917
5282858741,Espronceda - Pere IV,V27,41.4066016,2.2028341
5282814492,Espronceda - Pl Islàndia,V27,41.4176694,2.1881876
5254788633,Fabra i Puig - Arnau d'Oms,V27,41.4303351,2.1767252
5282814497,Fabra i Puig - Petrarca,V27,41.4303902,2.1680439
5282814503,Fabra i Puig - Petrarca,V27,41.4304812,2.1680626
2447034093,Fabra i Puig - Pg Urrutia,V27,41.4367269,2.1646309
5282814501,Fabra i Puig - Pg Urrutia,V27,41.4369619,2.1646002
5282814505,Felip II - Arnau d'Oms,V27,41.4272322,2.1780888
5282814507,Felip II - Meridiana,V27,41.4210594,2.186132
5282814508,Felip II - Palència,V27,41.4184166,2.1895812
5282814495,Felip II - Pl Congrés,V27,41.4257333,2.1797727
5282814506,Felip II - Pl del Congrés,V27,41.4259293,2.1798139
5282814496,Felip II - Ramon Albó,V27,41.4272695,2.1777613
2577580283,Marina-Pl. dels Voluntaris,V27,41.3883866,2.1955987
2447034089,Mercat Mare de Déu de la Mercè,V27,41.4303022,2.1730623
5282814504,Mercat Mare de Déu de la Mercè,V27,41.4303896,2.1727928
5113279478,Metro Canyelles,V27,41.441972,2.1668176
5282814500,Parc Turó de la Peira,V27,41.433643,2.1632386
2447034092,Parc del Turó de la Peira,V27,41.4333466,2.1633084
4629759173,Passeig Calvell - Rambla del Poblenou,V27,41.3974292,2.2065301
4629761211,Pg Calvell - Rambla del Poblenou,V27,41.397074,2.205985
8206342480,Pg Garcia Fària - Jonquera,V27,41.3997169,2.2087218
9180614817,Pg Marítim,V27,41.385278,2.1963382
4040253759,Pg Taulat - Jonquera,V27,41.4005041,2.2074426
1634950895,Pg. Valldaura - Fabra i Puig,V27,41.4392069,2.1657339
1634948396,Pg. Valldaura - Guineueta,V27,41.4394196,2.1656769
1674675240,Pl dels Indians,V27,41.4235776,2.1825932
3416767594,Pl dels Indians,V27,41.4235887,2.182859
5113279477,Pl. Karl Marx,V27,41.4393883,2.1624644
2447034095,Ronda Guineueta Vella - Antonio Machado,V27,41.4414717,2.1622038
2447034104,Ronda Guineueta Vella - Barri Canyelles,V27,41.4443365,2.1652094
2447034116,Ronda Guineueta Vella - Escola Deià,V27,41.4448095,2.1678241
2447034102,Ronda Guineueta Vella - Juan Ramón Jiménez,V27,41.4426131,2.1622166
3648043116,Via Favència - Barri Canyelles,V27,41.4429835,2.1696068
8364608160,Via Favència - Pl Karl Marx,V27,41.4407372,2.1634488
5282305092,Vila Olímpica,V27,41.3884439,2.1936457
5282858739,Espronceda - Ramon Turró,V27;V31,41.4023639,2.2084814
5101040217,Aiguablava - Nou Barris,V29,41.4474147,2.1805013
5101040218,Aiguablava - Pedrosa,V29,41.448935,2.1821535
5122285252,Alcàntara - Garigliano,V29,41.4454946,2.1723953
5248867262,Almansa - Joan Riera,V29,41.4427648,2.1752744
50102453,Almansa - Via Favència,V29,41.4440607,2.174338
5248667580,Artesania - Góngora,V29,41.4418625,2.1728214
4793186615,Artesania - Pl. de la República,V29,41.4396,2.1746199
5248670906,Artesania - Via Favència,V29,41.443095,2.1719975
5285707171,Av Litoral - Platja de Llevant,V29,41.4039685,2.216333
5249180703,Av dels Quinze - Serrano,V29,41.4291686,2.1742798
8610529228,Berenguer de Palou - Pont del Treball,V29,41.4236945,2.1918059
5285707181,Cantàbria - Andrade,V29,41.4182861,2.2034436
5285707176,Cantàbria - Menorca,V29,41.4215867,2.1986376
5285707180,Cantàbria - Pl del Ram de l'Aigua,V29,41.4199023,2.2012574
5285707175,Cantàbria - Rambla Guipúscoa,V29,41.419889,2.2009805
12853266370,Concepción Arenal 103-105,V29,41.423852,2.184006
4394781727,Doctor Pi i Molist - Fabra i Puig,V29,41.4307857,2.174534
4394781710,Doctor Pi i Molist - Maladeta,V29,41.4334728,2.1731864
5249180704,Doctor Pi i Molist - Orduña,V29,41.4334215,2.1730539
4394781726,Doctor Pi i Molist - Plaça Virrei Amat,V29,41.4308416,2.1746077
5254788635,Escòcia,V29,41.4286178,2.1794363
5254788633,Fabra i Puig - Arnau d'Oms,V29,41.4303351,2.1767252
5254788573,Fabra i Puig - Meridiana,V29,41.4302622,2.1819818
5262635831,Garcilaso - La Sagrera,V29,41.4226563,2.1891706
5285707184,Josep Pla - Av Diagonal,V29,41.4094485,2.215097
5285707183,Josep Pla - Cristóbal de Moura,V29,41.4137898,2.2093901
5285707182,Josep Pla - Perú,V29,41.4163312,2.2060076
5285707170,Josep Pla - Pg Garcia Fària,V29,41.4073934,2.2178987
1744470953,Josep Pla-Pallars,V29,41.4112083,2.2127943
12800433860,Meridiana. 320,V29,41.4247481,2.186811
5122285251,Mina de la Ciutat - Les Torres,V29,41.4473975,2.1743707
8173979193,Pg Verdum - Pl de la República,V29,41.437785,2.1739735
5100410793,Pg Verdum - Plaça Jardins de l'Alfàbia,V29,41.4369558,2.1734658
4394781711,Pg. de Verdum - Doctor Pi i Molist,V29,41.4359855,2.1723991
5113208015,Pl. de les Roquetes,V29,41.448394,2.1761412
5308277761,Pla de las Madres de la Plaza de Mayo,V29,41.4351701,2.172206
5285707177,Pont del Treball - Santander,V29,41.4220798,2.1964738
5204783224,Sagrera - Martí Molins,V29,41.4229883,2.1910864
1934456607,Selva de Mar - Llull,V29,41.4082404,2.2097385
5243361440,Selva de Mar - Pere IV,V29,41.4111462,2.2059193
5285707173,Selva de Mar - Perú,V29,41.4141927,2.2018519
5285707172,Selva de Mar - Pg Taulat,V29,41.4054218,2.2134473
5285707174,Selva de Mar - Rambla Guipúscoa,V29,41.4168548,2.1985946
6325850183,Selva de Mar - Veneçuela,V29,41.4097366,2.2077759
5113239566,Via Favència - Almansa,V29,41.444899,2.1746389
5113239567,Via Favència - Biblioteca Les Roquetes,V29,41.4458634,2.1774788
7820646267,Via Júlia- Font d'en Canyelles,V29,41.440536,2.1763357
5285707179,Pont del Treball - Santander,V29;V31,41.4220816,2.1975123
2742734940,Av J V Foix - Monestir,V3,41.3990759,2.1173771
2742734942,Av J V Foix - Monestir,V3,41.3995733,2.116727
5244590160,Av J V Foix - Pedró de la Creu,V3,41.3955701,2.1200647
2742734944,Av J V Foix - Pg Reina Elisenda,V3,41.3981324,2.1191674
2745572505,Av. J. V. Foix - Pedró de la Creu,V3,41.3955251,2.1199832
5244627351,Av. J. V. Foix - Pg. Reina Elisenda,V3,41.3980611,2.1190559
4370077001,Badal - Av Carrilet,V3,41.3665952,2.1346402
4370111994,Badal - Av Carrilet,V3,41.3665876,2.1340844
4370061598,Badal - Constitució,V3,41.3693503,2.1330286
2745572508,Benet Mateu - Manuel de Falla,V3,41.3936613,2.1263198
2742734949,Can Caralleu,V3,41.4018885,2.1117577
8387140714,Capità Arenas - Manuel de Falla,V3,41.3930144,2.1248621
5244627350,Capità Arenas - Maria Cristina,V3,41.3889682,2.126608
5244627348,Carles III - Av. Madrid,V3,41.379803,2.1287195
4504442957,Carles III - Les Corts,V3,41.3821521,2.1284865
4736344136,Carles III - Les Corts,V3,41.3818561,2.1280075
1553616948,Carles III - Maria Cristina,V3,41.3876677,2.1269878
4504438801,Carles III - Mejía Lequerica,V3,41.3852423,2.1275351
5244627349,Carles III - Mejía Lequerica,V3,41.3842989,2.1272403
5122315539,Carles III - Numància,V3,41.3916742,2.1292386
1588825783,Diagonal - Joan Güell,V3,41.3880112,2.1280983
2745572507,Eduardo Conde - Santa Amèlia,V3,41.3933747,2.1210556
2742734953,Esports - Ronda de Dalt,V3,41.4008797,2.1121605
5568523469,Gran Via - Radi,V3,41.3636821,2.1344773
5568523468,Ildefons Cerdà - Ciutat de la Justícia,V3,41.3638735,2.1338562
4370111993,Ildefons Cerdà - Rambla Badal,V3,41.3650634,2.1357568
5127170050,Manuel Girona - Carles III,V3,41.3921646,2.1282273
5122315540,Maria Cristina - Carles III,V3,41.3893358,2.1280473
4040253769,Passeig Zona Franca - Foc,V3,41.3568533,2.1412237
4040253767,Pg Zona Franca - Cisell,V3,41.3547572,2.1431905
8252087575,Pg Zona Franca - Cisell,V3,41.3548019,2.1427102
4040253768,Pg Zona Franca - Ctra del Prat,V3,41.3621044,2.1374337
8180054878,Pg Zona Franca - Foc,V3,41.3568669,2.1416277
4040253770,Pg Zona Franca - Foneria,V3,41.3595695,2.1396382
4040253771,Pg Zona Franca - Foneria,V3,41.3600405,2.1389428
4040253772,Pg Zona Franca - Mineria,V3,41.3622983,2.1376453
5103073165,Pg Zona Franca - Motors,V3,41.351625,2.1449957
5100031256,Pg. Zona Franca - Motors,V3,41.3517702,2.1453053
5244590163,Pol. Ind. Zona Franca,V3,41.3455191,2.1427235
4370109494,Rambla de Badal - Constitució,V3,41.3682434,2.1329737
2742734995,Ronda de Dalt - Av J V Foix,V3,41.4014739,2.1142487
2742734990,Ronda de Dalt - Av. J. V. Foix,V3,41.4009334,2.1139338
5157246588,Ronda de Dalt - Ràfols,V3,41.4014746,2.1147122
2745572517,Santa Amèlia,V3,41.3930482,2.1218466
1375321412,Santa Amèlia - Capità Arenas,V3,41.3942099,2.1241108
5297458159,Transports Metropolitans de Barcelona,V3,41.3467506,2.1423295
4722395502,Bac de Roda - Pg.Taulat,V31,41.4033602,2.2096303
5173170431,Berenguer de Palou - Pare Manyanet,V31,41.4269838,2.1916761
8610529228,Berenguer de Palou - Pont del Treball,V31,41.4236945,2.1918059
12301522779,Cantàbria - Ptge. Ferradura,V31,41.4235285,2.1985781
12301529826,Cantàbria - Puigcerdà,V31,41.4240298,2.1992598
5287682364,Cantàbria - Rbla Prim,V31,41.4249711,2.2001105
6324223827,Cantàbria - Rbla Prim,V31,41.4250123,2.1999103
2905567865,Ctra de Ribes - Meridiana,V31,41.4495028,2.1897533
5286238990,Ctra de Ribes - Tossal,V31,41.4484118,2.1896181
1819068915,Diagonal - Josep Pla,V31,41.4100551,2.2130969
4001180108,Diagonal - Selva de Mar,V31,41.4091743,2.2095524
5282858740,Espronceda - Jardins Josep Trueta,V31,41.4043909,2.205749
5204783226,Gran de Sant Andreu - Fabra i Puig,V31,41.4292583,2.1901104
5262704815,Josep Soldevila - Onze de Setembre,V31,41.4317578,2.1953298
5262704816,Josep Soldevila - Torrent Estadella,V31,41.4341015,2.1935418
5277894499,Llull - Selva de Mar,V31,41.4069178,2.210061
5286238997,Meridiana - Almassora,V31,41.4522664,2.1892847
3460290376,Metro Besòs,V31,41.4204785,2.2077223
5262705001,Onze de Setembre - Virgili,V31,41.4301614,2.1931057
5262619109,Pare Manyanet - Virgili,V31,41.4281497,2.194609
5286238995,Pare Pérez del Pulgar - Pare Manjón,V31,41.4545538,2.1917497
5286238996,Pare Pérez del Pulgar - Peñíscola,V31,41.4534759,2.1895235
5286238989,Pg Santa Coloma - Pg Torras i Bages,V31,41.4447025,2.1892183
5241792501,Pg Torras i Bages - Joan Torras,V31,41.4369294,2.1911221
5286238999,Pg Torras i Bages - Via Favència,V31,41.4458602,2.1906897
5204750983,Pg de Torras i Bages - Palomar,V31,41.4423179,2.1907076
5173170426,Pg. Torras i Bages - Els Segadors,V31,41.4369669,2.1912515
5173170424,Pg. Torras i Bages - Palomar,V31,41.4418254,2.1909134
5173170425,Pg. Torras i Bages - Residència,V31,41.4394833,2.1911007
5204750982,Pg. de Torras i Bages - Residència,V31,41.4393797,2.190943
5289999706,Pl de Josep Andreu i Abelló,V31,41.4479533,2.1905275
4064846925,Pujades - Provençals,V31,41.4078123,2.2087075
5287682361,Rambla Prim - Andrade,V31,41.4200692,2.2072133
12301427874,Rambla Prim - Av. Diagonal,V31,41.4121521,2.2186001
5159178084,Rambla Prim - Cantàbria,V31,41.4248607,2.2009021
5287682359,Rambla Prim - Cristóbal de Moura,V31,41.4161072,2.2125411
5159178083,Rambla Prim - Guipúzcoa,V31,41.422318,2.2043894
5120609031,Rambla Prim - Pallars,V31,41.4143359,2.2148713
8396701920,Rambla Prim - Pere IV,V31,41.4171205,2.211204
5286239004,Rambla Prim - Santander,V31,41.4251609,2.2014015
5158641376,Rambla de Prim - Metro La Pau,V31,41.4226323,2.2047439
5120609030,Rbla. Prim - Llull,V31,41.4122265,2.2177254
5204783225,Sagrera - Parc de la Pegaso,V31,41.4263076,2.190914
11414511459,Santander - Ca N'Oliva,V31,41.4275437,2.2021368
4701869243,Santander - Pont del Treball Digne,V31,41.4227488,2.19664
5159178085,Santander - Via Trajana,V31,41.4282915,2.2025995
5173170429,Segre - Borriana,V31,41.4309351,2.1948194
5173170428,Segre - Parellada,V31,41.433413,2.1927191
5173170427,Segre - Pl. de Can Fabra,V31,41.4351852,2.1918361
5286238991,Tossal - Pl Josep Andreu i Abelló,V31,41.4487277,2.1906717
5286238992,Via Barcino - Ausona,V31,41.4498945,2.1923948
5286238993,Via Barcino - Foradada,V31,41.4528152,2.193792
5286238994,Via Barcino - Vicenç Montal,V31,41.4539902,2.1936086
5286239002,Via Trajana - Rbla Prim,V31,41.4285843,2.1990634
5286239005,Rambla Prim - Bernat Metge,V31;136;143,41.4184709,2.2101785
5286239006,Rambla Prim - Cristóbal de Moura,V31;136;143,41.4165842,2.2127328
2528526774,Llull-Diagonal Mar,V31;136;N6,41.4091423,2.2130392
5732473105,Alfons el Magnànim - Jaume Huguet,V33,41.4179084,2.2124047
8405392360,Alfons el Magnànim - Jaume Huguet,V33,41.4180536,2.2126358
5209874214,Bernat Metge - Argentina,V33,41.4202201,2.2117656
5210847812,Bernat Metge - Rbla. Prim,V33,41.4204815,2.2119025
8227938099,Caracas - Cuzco,V33,41.4405894,2.2035117
5159158209,Caracas - Pl Celestí Boada,V33,41.4393989,2.2036254
5159158213,Caracas - Potosí,V33,41.4440424,2.2026699
8405480299,Ciutat d'Asunción - Ferran Junoy,V33,41.4458884,2.198506
5159158211,Ciutat d'Asunción - Potosí,V33,41.4417073,2.199812
5159158212,Ciutat d'Asunción - Tucumán,V33,41.4445969,2.1992535
5243371230,Cristóbal de Moura - Perpinyà,V33,41.4179885,2.215862
5243384956,Cristóbal de Moura - Perpinyà,V33,41.4180269,2.2155765
10598651752,Extremadura - Guipúscoa,V33,41.4248112,2.2092769
5158675019,Lima - Caracas,V33,41.4392244,2.2044437
5159158210,Lima - Ciutat d'Asunción,V33,41.4392287,2.2007822
4356688502,Llinars - Santander,V33,41.4347584,2.2073046
5255283950,Pg Enric Sanchís - Sant Adrià,V33,41.4355294,2.2048315
4356688508,Pg Guayaquil-Arbeca,V33,41.439483,2.2081198
4364792168,Pg. Enric Sanchís - Santander,V33,41.4336176,2.2059701
5204711493,Pg. Sta. Coloma - Baró de Viver,V33,41.4485791,2.1997601
4356688503,Sant Adrià - Bon Pastor,V33,41.4365406,2.208413
5159158208,Sas - Claramunt,V33,41.4377442,2.2041713
5255377041,Tiana - Campins,V33,41.4476432,2.2009709
5723303678,Av Pearson - Av d'Esplugues,V5,41.3941865,2.1121605
5723303677,Av Pearson - Pl Joan d'Alòs,V5,41.3937805,2.1104101
5245955761,Av Pedralbes - Pg Manuel Girona,V5,41.3899365,2.1189886
359940831,Av Pedralbes - Tòquio,V5,41.3900281,2.1191479
2732811280,Av d'Esplugues - Av Pearson,V5,41.3932575,2.1120061
5245955762,Av. Pedralbes - Cavallers,V5,41.3929515,2.1151466
5245955764,Av. Pedralbes - Cavallers,V5,41.3930397,2.1152598
13766393527,Cal Cisó - Pg Zona Franca,V5,41.3517971,2.1446358
13766393528,Cal Cisó - Ulldecona,V5,41.3508046,2.1417599
5245930158,Can Bruixa - Comtes de Bell-lloc,V5,41.3846361,2.1342944
1553616948,Carles III - Maria Cristina,V5,41.3876677,2.1269878
4504438801,Carles III - Mejía Lequerica,V5,41.3852423,2.1275351
5244627349,Carles III - Mejía Lequerica,V5,41.3842989,2.1272403
5245906506,Cisell - Mare de Déu de Port,V5,41.3549385,2.1454373
5245930159,Comtes de Bell-lloc - Berlín,V5,41.382265,2.1362373
3477235351,Comtes de Bell-lloc - Viriat,V5,41.3804317,2.1374543
5572252922,Diagonal - Av Joan XXIII,V5,41.3869211,2.1229748
1787081052,Diagonal - Pl Reina Maria Cristina,V5,41.3884779,2.1274569
2568899840,Ferrocarrils Catalans - Aviador Duran,V5,41.3613257,2.1413212
5245906505,Foc - Mare de Déu de Port,V5,41.3583529,2.1439912
5245955758,Joan Güell - Av. Madrid,V5,41.3803594,2.132532
5245955757,Joan Güell - Cerdanyola,V5,41.3773216,2.1338765
5245955759,Joan Güell - Travessera de les Corts,V5,41.3837463,2.1310075
5568523466,La Campana,V5,41.3683333,2.1400638
5245955760,Les Corts - Carles III,V5,41.3827026,2.1287049
5245975781,Mare de Déu de Port - Foc,V5,41.3583154,2.1433548
5245975782,Mare de Déu de Port - Foneria,V5,41.3606316,2.1403129
5245906504,Mare de Déu de Port - L'Anoia,V5,41.3640404,2.1394647
5245975783,Mare de Déu de Port - Mineria,V5,41.364016,2.1391825
5245930157,Mercat de Les Corts,V5,41.3836917,2.1299102
709125030,Metro Pl de Sants,V5,41.3753365,2.1368005
5245906503,Mineria - Font Florida,V5,41.3664503,2.1399188
5245975785,Moianès - Cuyàs,V5,41.3709715,2.1422996
5245975786,Moianès - Vilardell,V5,41.3743757,2.1425074
5245930164,Mossèn Amadeu Oller - Gran Via,V5,41.368203,2.1390133
13766393530,Motors - Acer,V5,41.3493009,2.1400405
13766393532,Motors - Institut La Mercè,V5,41.3503434,2.1430927
5245930163,Olzinelles - Constitució,V5,41.3702039,2.1377597
5245930162,Olzinelles - Noguera Pallaresa,V5,41.3718768,2.137067
5245930161,"Olzinelles, 13",V5,41.3741793,2.1364052
4040253767,Pg Zona Franca - Cisell,V5,41.3547572,2.1431905
8252087575,Pg Zona Franca - Cisell,V5,41.3548019,2.1427102
13766393534,Pg Zona Franca - Metro Foc,V5,41.3556732,2.1420732
5103073165,Pg Zona Franca - Motors,V5,41.351625,2.1449957
2509846211,Pl de Joan Peiró,V5,41.3785219,2.138897
1374308501,Pl. Pius XII,V5,41.3879858,2.1218521
5245930160,Pl. Sants,V5,41.375689,2.1361485
5245975784,Química - Gran Via,V5,41.3658033,2.1382765
709125041,Sants - Gayarre,V5,41.3752462,2.1395872
5245955763,Av Pedralbes - Bisbe Català,V7,41.3957722,2.1143843
2203423147,Av Roma - Tarragona,V7,41.3805169,2.1437368
5321739625,Av Sarrià,V7,41.3914151,2.1327646
2197986214,Av Sarrià - Prat de la Riba,V7,41.392521,2.1308227
5321739626,CAP Sarrià,V7,41.4020209,2.1212263
2198026588,Constança,V7,41.3891633,2.134947
2197932372,Els Vergós,V7,41.3970894,2.1270236
2197936279,Els Vergós,V7,41.3964815,2.1262884
2198032017,Nicaragua - Josep Tarradellas,V7,41.3828875,2.141864
2198032014,Nicaragua - Parc Les Corts,V7,41.3862384,2.137805
2198032016,Numància - Av Roma,V7,41.3812068,2.1413469
3477235379,Numància - Berlín,V7,41.3827806,2.1394393
2198012844,Numància - Diagonal,V7,41.3891177,2.1328882
5260292360,Numància - Parc Les Corts,V7,41.3861501,2.1358521
2195921306,Pg Bonanova,V7,41.4001391,2.1238556
2197939044,Pg Sant Joan Bosco,V7,41.3948189,2.1269205
2197986210,Pg Sant Joan Bosco - Prat de la Riba,V7,41.3929304,2.1293624
2195921307,Pg. Bonanova,V7,41.399984,2.1233197
2197961301,Pg. Sant Joan Bosco,V7,41.3945334,2.1274521
8388017846,Pl Borràs,V7,41.40403,2.1168919
2195906267,Pl. Borràs,V7,41.403936,2.1171735
2195906272,Sarrià,V7,41.4039322,2.1146674
7959265887,València - Tarragona,V7,41.3792903,2.1455915
2195924839,Via Augusta - Els Vergós,V7,41.3985344,2.1253579
2195909110,Via Augusta - Margenat,V7,41.4020606,2.1203696
2195921305,Via Augusta - Pau Alcover,V7,41.398463,2.1258971
13451279332,"Vilamarí, 61",V7,41.3781962,2.1501705
5720591842,Anglí - Margenat,V9,41.4033076,2.1227573
5720591841,Anglí - Pg Bonanova,V9,41.4013936,2.1246341
5720087079,Anglí - Pl Benet XV,V9,41.4056127,2.1205324
5720591840,Anglí - Via Augusta,V9,41.398149,2.1278103
5720068550,Calatrava - Vergós,V9,41.3995134,2.1303289
5215106703,Diagonal - Av de Sarrià,V9,41.3913233,2.140289
5720052470,Doctor Fleming - Santa Fe de Nou Mèxic,V9,41.3943195,2.1350337
5720603366,Dr Fleming - Bori i Fontestà,V9,41.3919218,2.1359648
5720603367,Dr Fleming - Ronda General Mitre,V9,41.3948721,2.1345463
5720040203,Entença - Av Josep Tarradellas,V9,41.3862075,2.1420595
5720016796,Entença - Av Mistral,V9,41.3765579,2.1547012
5098285334,Entença - Consell de Cent,V9,41.3801439,2.1500431
5720052471,Entença - Déu i Mata,V9,41.3903391,2.137677
5098285332,Entença - Montnegre,V9,41.388528,2.1394804
5720040204,Entença - Roselló,V9,41.3841949,2.1446492
5720040205,Entença - València,V9,41.3818061,2.1478358
5098285335,Entença-Gran Via,V9,41.3783203,2.1523896
5720076184,Iradier - Pg Bonanova,V9,41.4032417,2.1266681
5373682894,Iradier - Planella,V9,41.4054146,2.1245257
8199176450,Iradier - Terré,V9,41.4071174,2.1228742
5249410996,Josep Tarradellas - Francesc Macià,V9,41.3916245,2.1437535
1588786497,Josep Tarradellas - Viladomat,V9,41.3891716,2.1435598
1474608399,Londres - Hospital del Sagrat Cor,V9,41.3898116,2.1458167
13588349834,Paral·lel - Rocafort,V9,41.3750988,2.1592586
5720087080,Terré - Iradier,V9,41.4069515,2.1214196
5247475595,Via Augusta - Ronda General Mitre,V9,41.3978558,2.1338364
5720591839,Via Augusta - Ronda General Mitre,V9,41.3976952,2.1319443
5720636454,Viladomat - Aragó,V9,41.3827372,2.1532305
5720636455,Viladomat - Av Roma,V9,41.3843476,2.1510253
5720621903,Viladomat - Còrsega,V9,41.3870254,2.1475008
5720636453,Viladomat - Diputació,V9,41.3807316,2.1558559
2509790284,Viladomat - Manso,V9,41.3764941,2.1614533
5720016797,Viladomat - Marquès de Campo Sagrado,V9,41.3753806,2.1629052
5720636452,Viladomat - Sepúlveda,V9,41.3790412,2.1580835
5105718726,Aragó - Enamorats,X1,41.4058825,2.1830175
9326759373,Aragó - Lepant,X1,41.4025622,2.1784703
9103861284,Aragó - Passeig de Sant Joan,X1,41.397288,2.1715204
2790765458,Badajoz - Diagonal,X1,41.4031756,2.1895505
1349449406,Còrsega - Hospital Clínc,X1,41.3894615,2.1498412
4685550614,Diagonal - Ciutat de Granada,X1,41.4041799,2.1912532
9103861287,Diagonal - Pl Francesc Macià,X1,41.3923527,2.1436396
3460290370,Gran Via - Padilla,X1,41.400393,2.1832728
12341692129,Metro Glòries,X1,41.4030841,2.1883406
5569990401,Pl Universitat,X1,41.3860627,2.1639593
11021795479,Roc Boronat - Tànger,X1,41.4039152,2.1929272
12856588670,Av Paral·lel,X2,41.3748232,2.1527825
5568523466,La Campana,X2,41.3683333,2.1400638
5568523467,La Campana,X2,41.3679026,2.1398343
2510578416,Paral·lel - Pl Espanya,X2,41.374903,2.1505342
5568565865,Pl Espanya - FGC,X2,41.373834,2.1471912
5291786116,Av Reina Maria Cristina - Pl Espanya,X3,41.3738398,2.1500974
12864343597,Foc - Estany,X3,41.3560039,2.1411758
5294081077,Foc - Ferrocarrils Catalans,X3,41.3583611,2.1437908
12864379638,Foc - Fira de Barcelona,X3,41.3536023,2.1347763
5245906505,Foc - Mare de Déu de Port,X3,41.3583529,2.1439912
5343332474,Foc - Metal·lúrgia,X3,41.353281,2.1344205
12864379636,Foc - Pg. Zona Franca,X3,41.3562113,2.1413084
12864343598,Jocs del 92 - INEFC,X3,41.3650126,2.1460531
2510578407,Lleida - Av Paral·lel,X3,41.3742176,2.1543169
2491599575,Metro el Poble-sec,X3,41.3748789,2.1600159
13588349834,Paral·lel - Rocafort,X3,41.3750988,2.1592586
5024685799,Paral·lel - Vila i Vilà,X3,41.37489,2.1672715
5294081078,Pl de Sant Jordi,X3,41.3662584,2.1447867
2267226719,Poble Espanyol,X3,41.3694152,2.1462903
5291786118,Poble Espanyol,X3,41.3694408,2.1469967
12864216347,Ronda Sant Pau - Aldana,X3,41.3761603,2.1666325
5215084447,Diagonal - Av Doctor Marañón,X30,41.3842047,2.1115904
5572252925,Diagonal - Complex Esportiu Universitari,X30,41.3832594,2.1078594
1787081057,Diagonal - Doctor Fleming,X30,41.3907255,2.1363311
5215106704,Diagonal - Entença,X30,41.3903272,2.1364097
5215106705,Diagonal - L'Illa Diagonal,X30,41.3896046,2.133569
5391091029,Diagonal - Metro Zona Universitària,X30,41.384854,2.1131804
5214067406,Diagonal - Numància,X30,41.3895327,2.1316374
1546525890,Diagonal - Parc de Cervantes,X30,41.3836366,2.1083722
5214067405,Diagonal - Pl Pius XII,X30,41.3872554,2.1226538
1787081052,Diagonal - Pl Reina Maria Cristina,X30,41.3884779,2.1274569
4335514189,ETS d'Arquitectura,X30,41.3848373,2.1140047
1564503283,Palau Reial,X30,41.3856111,2.1161582
5572252924,Palau Reial,X30,41.3858437,2.1179654
5253057925,Pl Reina Maria Cristina,X30,41.3878192,2.1257736
5253055692,Pl. Pius XII,X30,41.3865811,2.1208792
5215084447,Diagonal - Av Doctor Marañón,X43,41.3842047,2.1115904
5572252925,Diagonal - Complex Esportiu Universitari,X43,41.3832594,2.1078594
5391091029,Diagonal - Metro Zona Universitària,X43,41.384854,2.1131804
5214067406,Diagonal - Numància,X43,41.3895327,2.1316374
1546525890,Diagonal - Parc de Cervantes,X43,41.3836366,2.1083722
5214067405,Diagonal - Pl Pius XII,X43,41.3872554,2.1226538
1787081052,Diagonal - Pl Reina Maria Cristina,X43,41.3884779,2.1274569
4335514189,ETS d'Arquitectura,X43,41.3848373,2.1140047
1564503283,Palau Reial,X43,41.3856111,2.1161582
5572252924,Palau Reial,X43,41.3858437,2.1179654
5253057925,Pl Reina Maria Cristina,X43,41.3878192,2.1257736
5253055692,Pl. Pius XII,X43,41.3865811,2.1208792
3459957419,Gran Via - Farell,X70,41.3721557,2.1451664
3460264081,Gran Via - Mandoni,X70,41.3695033,2.1419537
3459957423,Gran Via - Moianès,X70,41.3702462,2.1426091
3460264085,Gran Via - Santa Dorotea,X70,41.3716481,2.1448371
5568523466,La Campana,X70,41.3683333,2.1400638
5568523467,La Campana,X70,41.3679026,2.1398343
2510578416,Paral·lel - Pl Espanya,X70,41.374903,2.1505342
5568565865,Pl Espanya - FGC,X70,41.373834,2.1471912
5215084447,Diagonal - Av Doctor Marañón,X79,41.3842047,2.1115904
5572252925,Diagonal - Complex Esportiu Universitari,X79,41.3832594,2.1078594
1787081057,Diagonal - Doctor Fleming,X79,41.3907255,2.1363311
5215106704,Diagonal - Entença,X79,41.3903272,2.1364097
5215106705,Diagonal - L'Illa Diagonal,X79,41.3896046,2.133569
5391091029,Diagonal - Metro Zona Universitària,X79,41.384854,2.1131804
5214067406,Diagonal - Numància,X79,41.3895327,2.1316374
1546525890,Diagonal - Parc de Cervantes,X79,41.3836366,2.1083722
5214067405,Diagonal - Pl Pius XII,X79,41.3872554,2.1226538
1787081052,Diagonal - Pl Reina Maria Cristina,X79,41.3884779,2.1274569
4335514189,ETS d'Arquitectura,X79,41.3848373,2.1140047
1564503283,Palau Reial,X79,41.3856111,2.1161582
5572252924,Palau Reial,X79,41.3858437,2.1179654
5253057925,Pl Reina Maria Cristina,X79,41.3878192,2.1257736
5253055692,Pl. Pius XII,X79,41.3865811,2.1208792
3459957419,Gran Via - Farell,X80,41.3721557,2.1451664
3460264081,Gran Via - Mandoni,X80,41.3695033,2.1419537
3459957423,Gran Via - Moianès,X80,41.3702462,2.1426091
3460264085,Gran Via - Santa Dorotea,X80,41.3716481,2.1448371
5568523466,La Campana,X80,41.3683333,2.1400638
5568523467,La Campana,X80,41.3679026,2.1398343
2510578416,Paral·lel - Pl Espanya,X80,41.374903,2.1505342
5568565865,Pl Espanya - FGC,X80,41.373834,2.1471912
5214067404,Av. Diagonal - Palau Reial de Pedralbes,X83,41.386002,2.1176741
5215084447,Diagonal - Av Doctor Marañón,X83,41.3842047,2.1115904
5572252925,Diagonal - Complex Esportiu Universitari,X83,41.3832594,2.1078594
5391091029,Diagonal - Metro Zona Universitària,X83,41.384854,2.1131804
5214067406,Diagonal - Numància,X83,41.3895327,2.1316374
1546525890,Diagonal - Parc de Cervantes,X83,41.3836366,2.1083722
1787081052,Diagonal - Pl Reina Maria Cristina,X83,41.3884779,2.1274569
4335514189,ETS d'Arquitectura,X83,41.3848373,2.1140047
8047001099,Gran Via Carles III - Av. Diagonal,X83,41.3898308,2.1283489
5572252924,Palau Reial,X83,41.3858437,2.1179654
1375749536,Pl Pius XII,X83,41.3869772,2.1215605
5253057925,Pl Reina Maria Cristina,X83,41.3878192,2.1257736
5253055692,Pl. Pius XII,X83,41.3865811,2.1208792
5214067404,Av. Diagonal - Palau Reial de Pedralbes,X84,41.386002,2.1176741
5215084447,Diagonal - Av Doctor Marañón,X84,41.3842047,2.1115904
5572252925,Diagonal - Complex Esportiu Universitari,X84,41.3832594,2.1078594
5391091029,Diagonal - Metro Zona Universitària,X84,41.384854,2.1131804
5214067406,Diagonal - Numància,X84,41.3895327,2.1316374
1546525890,Diagonal - Parc de Cervantes,X84,41.3836366,2.1083722
1787081052,Diagonal - Pl Reina Maria Cristina,X84,41.3884779,2.1274569
4335514189,ETS d'Arquitectura,X84,41.3848373,2.1140047
8047001099,Gran Via Carles III - Av. Diagonal,X84,41.3898308,2.1283489
5572252924,Palau Reial,X84,41.3858437,2.1179654
1375749536,Pl Pius XII,X84,41.3869772,2.1215605
5253057925,Pl Reina Maria Cristina,X84,41.3878192,2.1257736
5253055692,Pl. Pius XII,X84,41.3865811,2.1208792
5568523466,La Campana,X86,41.3683333,2.1400638
5568523467,La Campana,X86,41.3679026,2.1398343
2510578416,Paral·lel - Pl Espanya,X86,41.374903,2.1505342
5568565865,Pl Espanya - FGC,X86,41.373834,2.1471912
5568523466,La Campana,X95,41.3683333,2.1400638
5568523467,La Campana,X95,41.3679026,2.1398343
5568565865,Pl Espanya - FGC,X95,41.373834,2.1471912
5569990401,Pl Universitat,X95,41.3860627,2.1639593
8634928231,Rda. Universitat - Plaça Catalunya,X95,41.3871714,2.1677418
5319921703,Sepúlveda - Av. Mistral,X95,41.3757519,2.1525094
2487149448,Sepúlveda - Muntaner,X95,41.3834222,2.1626865
4040253782,Sepúlveda-Viladomat,X95,41.3790146,2.1568682
5214067404,Av. Diagonal - Palau Reial de Pedralbes,X97,41.386002,2.1176741
5215084447,Diagonal - Av Doctor Marañón,X97,41.3842047,2.1115904
5572252925,Diagonal - Complex Esportiu Universitari,X97,41.3832594,2.1078594
5391091029,Diagonal - Metro Zona Universitària,X97,41.384854,2.1131804
5214067406,Diagonal - Numància,X97,41.3895327,2.1316374
1546525890,Diagonal - Parc de Cervantes,X97,41.3836366,2.1083722
1787081052,Diagonal - Pl Reina Maria Cristina,X97,41.3884779,2.1274569
4335514189,ETS d'Arquitectura,X97,41.3848373,2.1140047
8047001099,Gran Via Carles III - Av. Diagonal,X97,41.3898308,2.1283489
5572252924,Palau Reial,X97,41.3858437,2.1179654
1375749536,Pl Pius XII,X97,41.3869772,2.1215605
5253057925,Pl Reina Maria Cristina,X97,41.3878192,2.1257736
5253055692,Pl. Pius XII,X97,41.3865811,2.1208792
12750836703,Estació d'Autobusos de Fabra i Puig,e10,41.4315482,2.1829581
5568566245,"Rda. Universitat, 25",e11.1,41.3868534,2.1668932
5568566245,"Rda. Universitat, 25",e11.2,41.3868534,2.1668932
12811208601,Av. Meridiana - Felip II (Sagrera),e12,41.4196949,2.1867789
12811302503,Av. Meridiana - Felip II (Sagrera),e12,41.4198408,2.1870669
12811303401,Av. Meridiana - St. Antoni Maria Claret (Sagrera),e12,41.4209923,2.1870946
8399487639,Estació d'Autobusos Barcelona Nord,e12,41.3943076,2.1826679
12884682175,Av. Diagonal (Maria Cristina),e15.2,41.3880888,2.1259438
5214067408,Av. Diagonal - Pl. Francesc Macià,e15.2,41.392499,2.1433243
5391091029,Diagonal - Metro Zona Universitària,e15.2,41.384854,2.1131804
1546525890,Diagonal - Parc de Cervantes,e15.2,41.3836366,2.1083722
12815640390,Av. Diagonal - Dr. Fleming,e17,41.3905939,2.1358274
1426089992,Av. Diagonal - Gran Via Carles III,e17,41.3878413,2.1266003
5572252925,Diagonal - Complex Esportiu Universitari,e17,41.3832594,2.1078594
5215106704,Diagonal - Entença,e17,41.3903272,2.1364097
12815640387,Diagonal - Francesc Macià,e17,41.3921937,2.1421164
5391091029,Diagonal - Metro Zona Universitària,e17,41.384854,2.1131804
1546525890,Diagonal - Parc de Cervantes,e17,41.3836366,2.1083722
1787081052,Diagonal - Pl Reina Maria Cristina,e17,41.3884779,2.1274569
1564503283,Palau Reial,e17,41.3856111,2.1161582
1460386413,Zona Universitària - Escola T S d'Enginyeria,e17,41.3850647,2.1156641
12815640389,Diagonal - Francesc Macià,e18,41.3918089,2.1405796
12013170558,"Rda. Sant Pere, 19-21",e19,41.3895883,2.1741952
364731358,Av. Diagonal - Dr. Ferran,e2.2,41.3882064,2.1264077
5214067404,Av. Diagonal - Palau Reial de Pedralbes,e2.2,41.386002,2.1176741
4335514189,ETS d'Arquitectura,e2.2,41.3848373,2.1140047
5572252924,Palau Reial,e2.2,41.3858437,2.1179654
5253057925,Pl Reina Maria Cristina,e2.2,41.3878192,2.1257736
12815640390,Av. Diagonal - Dr. Fleming,e20,41.3905939,2.1358274
1426089992,Av. Diagonal - Gran Via Carles III,e20,41.3878413,2.1266003
5572252925,Diagonal - Complex Esportiu Universitari,e20,41.3832594,2.1078594
5215106704,Diagonal - Entença,e20,41.3903272,2.1364097
12815640387,Diagonal - Francesc Macià,e20,41.3921937,2.1421164
5391091029,Diagonal - Metro Zona Universitària,e20,41.384854,2.1131804
1546525890,Diagonal - Parc de Cervantes,e20,41.3836366,2.1083722
1787081052,Diagonal - Pl Reina Maria Cristina,e20,41.3884779,2.1274569
1564503283,Palau Reial,e20,41.3856111,2.1161582
1460386413,Zona Universitària - Escola T S d'Enginyeria,e20,41.3850647,2.1156641
12750836705,Estació d'Autobusos de Fabra i Puig,e21,41.4317155,2.1829985
8852708521,Meridiana - Metro Clot,e21,41.4100816,2.1870727
364731358,Av. Diagonal - Dr. Ferran,e22,41.3882064,2.1264077
1426089992,Av. Diagonal - Gran Via Carles III,e22,41.3878413,2.1266003
5214067404,Av. Diagonal - Palau Reial de Pedralbes,e22,41.386002,2.1176741
5215084447,Diagonal - Av Doctor Marañón,e22,41.3842047,2.1115904
5215106706,Diagonal - Gandesa,e22,41.3884167,2.1289186
5215106708,Diagonal - Metro Palau Reial,e22,41.3858505,2.1187625
5391091029,Diagonal - Metro Zona Universitària,e22,41.384854,2.1131804
10686612175,"Gran Via de les Corts, 612",e22,41.387713,2.1661783
364731358,Av. Diagonal - Dr. Ferran,e23,41.3882064,2.1264077
1426089992,Av. Diagonal - Gran Via Carles III,e23,41.3878413,2.1266003
5214067404,Av. Diagonal - Palau Reial de Pedralbes,e23,41.386002,2.1176741
5215084447,Diagonal - Av Doctor Marañón,e23,41.3842047,2.1115904
5215106706,Diagonal - Gandesa,e23,41.3884167,2.1289186
5215106708,Diagonal - Metro Palau Reial,e23,41.3858505,2.1187625
5391091029,Diagonal - Metro Zona Universitària,e23,41.384854,2.1131804
12884682175,Av. Diagonal (Maria Cristina),e24,41.3880888,2.1259438
1426089992,Av. Diagonal - Gran Via Carles III,e24,41.3878413,2.1266003
5214067404,Av. Diagonal - Palau Reial de Pedralbes,e24,41.386002,2.1176741
5215084447,Diagonal - Av Doctor Marañón,e24,41.3842047,2.1115904
5215106708,Diagonal - Metro Palau Reial,e24,41.3858505,2.1187625
5391091029,Diagonal - Metro Zona Universitària,e24,41.384854,2.1131804
12811208601,Av. Meridiana - Felip II (Sagrera),e3,41.4196949,2.1867789
12811302503,Av. Meridiana - Felip II (Sagrera),e3,41.4198408,2.1870669
12739499100,Av. Meridiana / Av. de Rio de Janeiro,e3,41.4426949,2.1861015
12811208601,Av. Meridiana - Felip II (Sagrera),e4,41.4196949,2.1867789
12811302503,Av. Meridiana - Felip II (Sagrera),e4,41.4198408,2.1870669
12884682175,Av. Diagonal (Maria Cristina),e5,41.3880888,2.1259438
1426089992,Av. Diagonal - Gran Via Carles III,e5,41.3878413,2.1266003
5214067404,Av. Diagonal - Palau Reial de Pedralbes,e5,41.386002,2.1176741
5215084447,Diagonal - Av Doctor Marañón,e5,41.3842047,2.1115904
5215106708,Diagonal - Metro Palau Reial,e5,41.3858505,2.1187625
5391091029,Diagonal - Metro Zona Universitària,e5,41.384854,2.1131804
12884682175,Av. Diagonal (Maria Cristina),e6,41.3880888,2.1259438
1426089992,Av. Diagonal - Gran Via Carles III,e6,41.3878413,2.1266003
5214067404,Av. Diagonal - Palau Reial de Pedralbes,e6,41.386002,2.1176741
5215084447,Diagonal - Av Doctor Marañón,e6,41.3842047,2.1115904
5215106708,Diagonal - Metro Palau Reial,e6,41.3858505,2.1187625
5391091029,Diagonal - Metro Zona Universitària,e6,41.384854,2.1131804
12739499100,Av. Meridiana / Av. de Rio de Janeiro,e7,41.4426949,2.1861015
364731358,Av. Diagonal - Dr. Ferran,e8,41.3882064,2.1264077
12815640390,Av. Diagonal - Dr. Fleming,e8,41.3905939,2.1358274
5215084447,Diagonal - Av Doctor Marañón,e8,41.3842047,2.1115904
12815640388,Diagonal - Francesc Macià,e8,41.3919573,2.1411717
5215106705,Diagonal - L'Illa Diagonal,e8,41.3896046,2.133569
5391091029,Diagonal - Metro Zona Universitària,e8,41.384854,2.1131804
5253057925,Pl Reina Maria Cristina,e8,41.3878192,2.1257736
12811208601,Av. Meridiana - Felip II (Sagrera),e9,41.4196949,2.1867789
12811302503,Av. Meridiana - Felip II (Sagrera),e9,41.4198408,2.1870669
12811303401,Av. Meridiana - St. Antoni Maria Claret (Sagrera),e9,41.4209923,2.1870946
6092966965,Meridiana - València,e9,41.4110564,2.1870332
8399487639,Estació d'Autobusos Barcelona Nord,exprés.cat,41.3943076,2.1826679
6376850710,Alfons X (metro),,41.4121602,2.166182
9103861279,Aragó - Muntaner,,41.3877967,2.1589151
9103861282,Aragó - Passeig de Gràcia,,41.3918612,2.1643146
5270177785,Av del Coll del Portell - Baixada de la Glòria,,41.4120978,2.1503405
13679234793,"Av.Meridiana, 82-86",,41.4063982,2.1870973
5351312754,Badal - Canalejas,,41.3734876,2.1310043
11581804356,Barcelona - av. Gran Via,,41.3910695,2.1706459
11158507105,Barcelona - c. Aragó,,41.392642,2.1653496
11573383353,Barcelona - c. Tarragona,,41.3775896,2.1462407
13679234795,"Bilbao, 217",,41.4102754,2.1934213
11936638883,Camí de la Torre Melina - Av. de Xile,,41.3763532,2.1122275
5553052818,"Carrer de Casp , 34 / Carrer de Pau Claris",,41.3900426,2.1717253
5277894507,Casp - Girona,,41.3924427,2.1749356
2465943677,Cementiri de l'Est - Carmen Amaya,,41.3941298,2.2019621
5343770278,Costa i Cuxart - Felip II,,41.4281268,2.1761236
5330220050,Escorial - Sant Lluís,,41.4061914,2.1624471
5597011703,Estació Sant Andreu Comtal,,41.435539,2.1951567
5597011702,Ferran Junoy - Sao Paulo,,41.4403136,2.1960922
5286594890,Gran de Sant Andreu - Palomar,,41.4424851,2.188244
13478785993,Guipúscoa (La Pau),,41.4233569,2.2067272
13011218352,Indústria - Grassot,,41.4037733,2.1668239
4721548089,La Bisbal - Av Mare de Déu de Montserrat,,41.4182512,2.1723828
2493147021,Larrard - Rambla Mercedes,,41.4123903,2.1538507
5351138237,Les Torres - Mina de la Ciutat,,41.446649,2.1715607
5277894501,Llull - Bilbao,,41.4018876,2.2034353
5277894500,Llull - Jardins Gandhi,,41.4043819,2.2067292
5725986452,Metro Maresme / Fòrum,,41.4113258,2.2159398
5414946523,Moll 18C,,41.3727365,2.178249
10686594569,Parada d'autocars Passeig de Gràcia ALSA i PLANA,,41.3908768,2.1666655
8412249736,Pere IV,,41.4169565,2.208714
13061353132,Pg de Sant Joan - Còrsega,,41.4020638,2.1656823
4781960047,Pl Joanic,,41.4049683,2.1625487
5334645396,Pl Àngel Pestaña,,41.4410792,2.179139
7832788526,Pl. Roja - Vallcivera,,41.4611317,2.1793122
823781717,Plaça de Catalunya,,41.3874247,2.1709365
2499985874,Princesa - Montcada,,41.38528,2.1803363
5287682360,"Rbla. Prim, 101",,41.4174925,2.2106958
5345276566,Rodrigo Caro - Artesania,,41.4471038,2.1714575
11155772679,Sa Tuna - Palamós,,41.4520333,2.1874646
12296180061,Sant Salvador - Massens,,41.4084516,2.1560917
2493147001,Sant Salvador - Verdi,,41.4070334,2.153489
13336537790,Tram VI - Metro Zona Franca,,41.3432646,2.146754
13336580278,Tram VI - Metro Zona Franca,,41.3432853,2.1469628
5337133563,Via Augusta - Doctor Roux,,41.3978503,2.1313429
5334645395,Via Favència - Pablo Iglesias,,41.4463665,2.1827984
5248797794,Vivers,,41.3665216,2.1579575
11582050900,,,41.3796971,2.1387976
