element,id,geometry
way,31823240,"LINESTRING (426587.3958180954 4582128.831772753, 426581.8964744852 4582127.444108521, 426532.91222193476 4582110.819827961, 426432.8050908629 4582078.659850093, 426429.6826566041 4582077.492431204)"
way,34038369,"LINESTRING (426139.41910002555 4581982.2395279715, 426131.8515338894 4581979.77408648, 426045.86482340837 4581951.794505063, 425936.29358384793 4581916.15162152, 425893.4967606872 4581902.233008485, 425851.1946659645 4581888.46502407)"
way,36007263,"LINESTRING (431779.498667908 4586854.224572384, 431777.3103070451 4586854.32293019, 431774.56224452355 4586854.437670133)"
way,36007264,"LINESTRING (431716.04831880925 4586843.309491663, 431718.9927650208 4586837.441567245, 431721.66274709266 4586831.709469606)"
way,36726314,"LINESTRING (431036.15589769866 4582967.452090689, 431038.3365604641 4582965.543840729, 431040.93649354985 4582962.887707638, 431043.4629869155 4582960.421023431, 431045.26672162674 4582958.438644115, 431046.6411362889 4582957.026598522)"
way,36726315,"LINESTRING (430873.8353207085 4583131.267925961, 430867.1464402391 4583138.215552426, 430865.9128312325 4583139.4819525555, 430863.61323080206 4583142.057564938, 430833.23716945574 4583173.280205675, 430803.7481860293 4583202.817971007, 430800.65988094936 4583205.967386864, 430797.1070509152 4583209.498740579, 430791.1483333361 4583215.85101187)"
way,36726590,"LINESTRING (430777.1806654781 4583230.096260319, 430773.0831346556 4583234.365622796, 430771.64152592 4583235.733953986, 430768.1473474577 4583239.275864942, 430704.21642969426 4583304.816937704, 430699.56963244744 4583310.212990944)"
way,36726599,"LINESTRING (431626.5527527956 4584592.798437983, 431624.3338544233 4584590.621025907, 431582.317181169 4584552.846307874, 431576.029557707 4584547.343192249)"
way,37017540,"LINESTRING (428410.66899304726 4582705.193338287, 428407.53417404904 4582704.402702195, 428215.0060839859 4582641.144855471, 428059.88442121184 4582593.264470348, 428057.4363796676 4582592.600398992, 428048.32600395556 4582589.559848998)"
way,41381598,"LINESTRING (431646.94964238635 4581419.656446329, 431647.2364814478 4581421.696659377, 431665.46507215314 4581449.048628899, 431669.0277002135 4581454.399901152, 431712.5723696381 4581522.071904534)"
way,41381599,"LINESTRING (431907.58274216537 4581874.816306136, 431906.16599422 4581872.653468309, 431874.6072894281 4581824.497426156, 431843.5503652444 4581776.3923102515, 431840.8891340213 4581772.609076588, 431835.3133268935 4581763.890302284, 431818.4758729151 4581738.490031163)"
way,41381600,"LINESTRING (431695.13248260296 4581545.529988911, 431697.9591557038 4581543.782407674, 431704.65778333205 4581539.400274185, 431713.3345201954 4581533.73378447, 431715.8854831068 4581532.011014288)"
way,41381601,"LINESTRING (431721.75852074154 4581614.838216999, 431720.8443890632 4581611.893480633, 431709.3700885755 4581592.216385333, 431698.3546733896 4581573.323282285, 431693.685401525 4581569.436897383, 431692.4689030319 4581568.127129216)"
way,41389688,"LINESTRING (431868.06235100434 4583639.872446283, 431866.8052637185 4583637.763629276, 431860.78282191633 4583623.186737877, 431859.28561909037 4583619.547988094, 431822.6753186398 4583528.682651185, 431821.90710731724 4583527.002250303)"
way,43106871,"LINESTRING (431494.5524934611 4581162.921623936, 431468.94049732573 4581121.650329967, 431426.35681541276 4581053.504321394, 431419.7441557596 4581043.14134458, 431416.30437272857 4581037.55586832, 431415.37973519147 4581035.288540361, 431410.6811817979 4581028.360434883)"
way,43811852,"LINESTRING (429177.5713435725 4580856.603710782, 429187.98424405325 4580846.420543677, 429193.80239471595 4580841.878134737, 429197.60381622904 4580838.066016105, 429207.91611151793 4580826.995630723, 429210.8649038463 4580824.080078505, 429220.2057710132 4580814.584706907, 429226.17905763467 4580809.652209108, 429229.43881956884 4580805.179223902, 429252.68968811777 4580780.470368122, 429255.2689478652 4580777.391898658, 429266.51308647223 4580776.949072207, 429279.7890657233 4580776.46423224)"
way,48718733,"LINESTRING (433324.0614091574 4584450.403868122, 433322.03888041934 4584447.713408101, 433320.5133625284 4584445.440278038, 433319.34389361076 4584443.707906956, 433318.0816671712 4584441.887567873, 433309.1515591624 4584425.237879052, 433264.52682208456 4584342.1336926175, 433259.3436828249 4584332.999441157, 433258.6728428133 4584331.862035075)"
way,72046124,"LINESTRING (431219.5942056604 4580767.833867765, 431216.3497426751 4580762.590816655, 431212.80254413985 4580757.172994871, 431211.1632149602 4580754.512772993, 431208.0028524088 4580750.201564298, 431206.2353827745 4580746.376763435, 431160.65238824976 4580675.518325698, 431157.92744311097 4580671.269619616)"
way,72046130,"LINESTRING (431283.87169751927 4580857.667763422, 431305.7551898416 4580892.700673154, 431308.54028676107 4580895.372261998, 431311.47080539004 4580900.152009595, 431312.6844904944 4580903.793335317, 431338.15059720824 4580946.264585435, 431362.2282122048 4580985.207271261, 431385.5593658074 4581022.180798852, 431400.44135406776 4581045.633413576, 431404.56219161535 4581052.489260793, 431409.0455301195 4581059.652558424, 431436.7039823101 4581104.1463113725, 431454.0779013691 4581132.038790918, 431455.85060186725 4581133.787372892, 431457.34456096165 4581136.127041017, 431457.69457772654 4581137.766947991, 431464.17446458223 4581148.253344592, 431484.85143186024 4581181.455115539, 431500.1757845355 4581205.769764735, 431501.95863468223 4581208.595235143, 431534.97000630887 4581262.154170131, 431564.7237145293 4581309.071218044, 431567.0885603663 4581310.658794834, 431569.1549241735 4581313.403884122, 431569.9159951928 4581315.184251369, 431571.822404934 4581320.4733974505, 431584.3046433177 4581339.652243813)"
way,72047691,"LINESTRING (432548.02373004134 4581928.114773505, 432583.9046387446 4581965.041812001, 432616.253870499 4581996.28392726, 432621.1897115419 4582001.045534664, 432628.8404699019 4582009.123841473, 432635.6499622633 4582023.849450602, 432645.3628075347 4582046.875172015, 432649.4918242312 4582052.09951337, 432657.1914203077 4582061.842814515)"
way,72047694,"LINESTRING (432951.73782970104 4582349.382345514, 432954.38871444314 4582352.133509776, 432988.07611104805 4582383.775652628, 433007.6832354119 4582402.779932321, 433042.3713668371 4582436.000765, 433043.89295546943 4582434.176946307)"
way,72065623,"LINESTRING (430625.53981525317 4581059.082835285, 430595.8408985614 4581092.86447494, 430560.29227192746 4581133.164149496, 430531.6532239896 4581165.78121764, 430501.81463448657 4581199.7311490495, 430473.74381697 4581231.377063362, 430467.7118475864 4581238.08554528, 430464.95100888953 4581240.57686885, 430461.71115111123 4581241.951401573, 430460.1166006897 4581242.233170755, 430455.81708317646 4581242.985011673, 430450.2393254681 4581242.994128247, 430446.86312042415 4581242.3603593875, 430443.76290528325 4581240.857920406, 430440.4930516965 4581238.235722564, 430438.09575264726 4581235.0389050525, 430437.0750132313 4581232.3729147045, 430436.4701196639 4581227.726624511, 430437.3294565958 4581224.03222782, 430444.21026461245 4581215.150516609)"
way,72065625,"LINESTRING (430609.75387811963 4581027.080117188, 430616.68008370494 4581021.15150353, 430623.3717982843 4581019.5552512305, 430625.9868551045 4581021.040206047, 430629.7456341522 4581023.191487978, 430633.6292592787 4581029.64948092, 430633.9515447415 4581031.866965386, 430634.18295187043 4581032.453201383, 430635.1237003042 4581037.251729592, 430634.32236979576 4581044.398528862, 430631.0043874188 4581051.602724698, 430627.4816188563 4581056.632724657)"
way,74073251,"LINESTRING (432211.02709161286 4580543.066122276, 432203.46382725064 4580541.871140774, 432193.7377025754 4580458.768952685, 432188.2695253943 4580423.169067011, 432187.36511699075 4580417.681649952, 432175.3037970667 4580329.0610527545, 432155.80983442045 4580179.089456508, 432144.78036628367 4580181.1245689485, 432118.09659727424 4580185.227046372, 432110.9604974842 4580184.139181681)"
way,76701684,"LINESTRING (432110.9604974842 4580184.139181681, 432106.8944405459 4580181.323845706, 432105.0518904126 4580176.589111505, 432098.9472006371 4580134.711082547, 432097.918689474 4580127.592730538, 432094.1450946771 4580101.536541555, 432083.5663596764 4580028.490521988, 432080.45419406635 4580006.980285334, 432079.9320579978 4580003.920809856)"
way,87504600,"LINESTRING (431181.1057241652 4586767.493821091, 431170.01139460504 4586768.654146496, 431086.10904847935 4586771.50695425)"
way,98667272,"LINESTRING (433028.3090415823 4582256.132322705, 433038.2134149085 4582245.770691348)"
way,98667277,"LINESTRING (432953.518148027 4582306.853277383, 432949.6669672873 4582310.830411415, 432945.4374083818 4582314.577891203)"
way,114563665,"LINESTRING (434528.5568807413 4584358.660302402, 434531.1173664332 4584356.183433839, 434532.1523992701 4584355.097104784, 434644.6911933706 4584238.822431896, 434645.5854718592 4584237.881726561, 434655.97389874514 4584227.495691018, 434656.7830940241 4584226.389213471, 434656.92552800436 4584225.499706267, 434656.2465424534 4584224.362248793, 434650.5857042146 4584218.606591936)"
way,114570864,"LINESTRING (434687.9461092055 4584718.44947424, 434687.12371275615 4584720.866197261, 434685.6545216733 4584723.854997883, 434689.98163885303 4584725.425860283, 434691.8416749783 4584727.773971217, 434690.3823106271 4584733.704918766, 434687.9330194708 4584737.379831084, 434689.77798473905 4584738.984191232, 434690.8479291173 4584739.918274439)"
way,114576784,"LINESTRING (428976.0877610552 4586500.816247144, 428973.3274864585 4586486.93128721, 428971.922624212 4586484.280359371, 428969.96976661356 4586481.990107714, 428967.5537793068 4586480.1929354565, 428964.3063534885 4586478.825841246, 428960.8252199834 4586478.338180115, 428957.3278486654 4586478.750023015, 428954.05655882275 4586480.05899048, 428949.4443880077 4586482.680178261, 428936.29774514673 4586488.460722646, 428919.8392241735 4586494.817875396, 428911.06328194373 4586497.213524548, 428902.20908861543 4586499.299069419, 428891.52465950476 4586501.369304438, 428880.7523132415 4586502.99629951)"
way,114576785,"LINESTRING (428768.2957431964 4586249.832729315, 428788.02044885594 4586276.4079074515, 428789.4054540388 4586287.21970256, 428810.63194560463 4586346.689455828, 428816.63009197277 4586363.473695093, 428821.88082384225 4586378.189030609, 428827.0714058286 4586392.73841647, 428845.28099249257 4586443.75525234)"
way,114576790,"LINESTRING (429061.5537395706 4586753.414785949, 429062.2376194699 4586730.269427695, 429061.8062698271 4586716.106229552, 429061.46073232515 4586704.729043154, 429059.21609338705 4586682.900350751, 429055.1806541617 4586661.666576454, 429052.56037146493 4586651.810603267, 429049.22773104184 4586640.040798373, 429040.44866195275 4586616.544131383, 429030.7248939102 4586595.566019324, 429017.7332055177 4586573.687329569, 429007.15882147854 4586559.712482673, 428993.1034942954 4586539.309868364, 428986.97411493165 4586529.532770941, 428985.4296892241 4586526.28364852, 428981.16234892263 4586517.2099739835, 428977.9186153128 4586507.704339534, 428976.0877610552 4586500.816247144)"
way,114576793,"LINESTRING (428527.5343632262 4586712.571231841, 428525.7755417741 4586707.092614303, 428524.3861874158 4586703.486756929, 428474.33494669496 4586564.360971575, 428464.1663866888 4586564.494817543)"
way,114576795,"LINESTRING (428835.911048221 4586486.016614293, 428833.0638559467 4586485.41174897, 428827.3334792402 4586484.790834908, 428809.9385738805 4586476.656927557, 428799.1376335551 4586474.5315094795, 428791.0913185928 4586472.945248339, 428790.9252632925 4586478.998020289, 428766.8703598711 4586473.439047216, 428723.26352337346 4586467.295534789, 428701.4073624975 4586465.234769958, 428690.021383266 4586464.802936254, 428684.12768930243 4586464.57234994, 428683.85429392254 4586473.29090633, 428680.7292231944 4586473.321711112, 428641.3131583463 4586478.617893645, 428616.4797578211 4586483.9480467485, 428618.63124954735 4586490.266638723)"
way,114600307,"LINESTRING (430505.68498771364 4587819.161072675, 430509.28889156674 4587818.593499669, 430567.28574123944 4587808.654438576, 430587.0514122992 4587806.677120696, 430600.79922703985 4587805.334957387, 430682.1199730703 4587793.28553591, 430726.1710754521 4587786.667990731, 430743.47526623565 4587784.148429988, 430749.356133827 4587784.036599971, 430755.54547133454 4587783.855203448)"
way,114602257,"LINESTRING (429417.85569822986 4581950.914719987, 429427.2937788566 4581955.819089349, 429431.6475967475 4581958.119395104)"
way,114604115,"LINESTRING (430978.07414198376 4579823.358944001, 430963.61970207735 4579836.42023867, 430962.1247258951 4579839.28789701, 430959.81715960486 4579847.292793426, 430958.93963610334 4579855.272969964, 430957.66037721897 4579861.469419388, 430958.7897191542 4579864.123340204)"
way,114606695,"LINESTRING (434480.60317788343 4585492.711120405, 434476.5221172358 4585485.964257446, 434466.2325364602 4585476.5756323775, 434455.43024329183 4585466.869683711, 434443.9794223504 4585455.692952719, 434425.87541446777 4585438.003660076, 434384.4304549582 4585398.409208199, 434366.0366858961 4585380.134239409, 434343.357984868 4585357.545888246, 434330.57291111536 4585344.893660061)"
way,114606698,"LINESTRING (433592.1865547738 4585320.543122632, 433594.961521748 4585317.83077824, 433598.2040844127 4585314.159302086, 433599.69260164053 4585306.962118499, 433625.8125041188 4585279.820393298, 433649.47036626266 4585255.776818976, 433651.1821788807 4585253.784824267)"
way,114606699,"LINESTRING (434344.67883980327 4585330.864977716, 434397.97617287864 4585381.5878018355, 434440.33838224603 4585422.79503042, 434492.3463084793 4585473.408078547, 434498.9314073295 4585479.799202781, 434505.5926105705 4585486.289569301, 434557.4823315269 4585536.870833041)"
way,114606701,"LINESTRING (433956.1553027381 4584947.355926971, 433960.20646299806 4584943.410777442, 433967.3860762678 4584936.072940297, 433994.5027052455 4584907.9464787105, 434021.71218766796 4584879.896997606, 434027.20990903734 4584874.173356954)"
way,123527840,"LINESTRING (429700.1183692706 4583107.313627559, 429701.96927784255 4583105.063976671, 429704.37619164033 4583102.387019133, 429706.9157847073 4583099.597745615)"
way,126388960,"LINESTRING (431741.9432912829 4581538.349481402, 431757.1823395357 4581564.430804544, 431768.85168500594 4581584.405912315)"
way,126442812,"LINESTRING (431129.12900890084 4580516.825382443, 431134.3666006662 4580518.807436842, 431139.03753383795 4580521.005831696)"
way,129648717,"LINESTRING (426336.1681926675 4582046.599188461, 426398.5427537074 4582066.727904155, 426408.030084133 4582069.695961516)"
way,129648720,"LINESTRING (426166.36859814316 4581989.537105628, 426185.33281474066 4581996.050096373)"
way,133484227,"LINESTRING (428524.1892220497 4582740.267908814, 428525.328567619 4582738.802180299, 428526.9467757248 4582736.721064866)"
way,133484229,"LINESTRING (428283.4781360278 4581559.395135696, 428283.14100636326 4581553.214137607, 428274.63016209216 4581421.617579313, 428277.0092958362 4581419.5066801505, 428278.5930637623 4581418.991373047, 428284.96002273983 4581418.462037236, 428286.2306632507 4581418.416153808, 428293.67990068084 4581418.242512069, 428296.0290577689 4581419.862501048, 428297.05355921166 4581421.140303923, 428297.97407872975 4581437.263755917, 428303.872644729 4581526.317532335, 428305.29936547927 4581547.96523996)"
way,133489356,"LINESTRING (427743.84396591014 4582685.633493349, 427743.23677450715 4582687.626982418, 427703.360800702 4582820.5943966545, 427702.05808794417 4582822.428287531)"
way,135260110,"LINESTRING (429437.2606753192 4583008.155905243, 429439.63482485263 4583008.987700914, 429441.6308364733 4583009.623328465, 429459.4022172694 4583015.301466144, 429528.48979545303 4583038.067195148, 429532.70879536524 4583039.469525824, 429538.03462935204 4583041.205281501, 429672.0091765321 4583084.792234646, 429699.7886427399 4583094.015537373, 429703.2936611082 4583095.080705893, 429709.4305161681 4583096.8309201505)"
way,137321146,"LINESTRING (433172.0300490813 4582366.521366563, 433162.3115187165 4582352.621514266)"
way,145565062,"LINESTRING (428415.4058902347 4582726.808381889, 428406.1934353904 4582723.5574412225, 428404.8739808169 4582722.870996544)"
way,145565064,"LINESTRING (428438.5734970194 4582650.579776073, 428435.0076066097 4582651.858534795, 428430.16378670756 4582654.115877978, 428426.63616685686 4582655.882792549)"
way,145565068,"LINESTRING (428404.8739808169 4582722.870996544, 428405.9175242941 4582720.173768123, 428406.6082966021 4582717.3134822715)"
way,145565070,"LINESTRING (428528.7860329107 4582733.316518041, 428530.3654316403 4582728.149167069, 428532.30106806906 4582721.801389396, 428533.3051938601 4582718.493907229)"
way,145565071,"LINESTRING (428438.4906290325 4582742.057797217, 428434.5556575861 4582738.132919811, 428431.79844854353 4582734.9403055, 428429.87009634887 4582731.861635097, 428427.65446643543 4582731.017496792)"
way,145565072,"LINESTRING (428451.05883530714 4582753.236445905, 428449.3459430431 4582751.654540582, 428447.1100078005 4582749.6003754735)"
way,145565073,"LINESTRING (428519.11114129284 4582745.047874274, 428524.1892220497 4582740.267908814)"
way,145565074,"LINESTRING (428522.4155894177 4582677.453833182, 428515.94857926277 4582671.12235233)"
way,145565077,"LINESTRING (428406.6082966021 4582717.3134822715, 428410.11287942465 4582707.297292122, 428410.66899304726 4582705.193338287)"
way,145565078,"LINESTRING (428533.49969595677 4582710.24249882, 428533.09566275676 4582702.341187091)"
way,145565079,"LINESTRING (428533.09566275676 4582702.341187091, 428531.54248758033 4582693.218786141, 428528.54548168764 4582685.209822991, 428525.6367516388 4582681.063815347, 428522.4155894177 4582677.453833182)"
way,145565081,"LINESTRING (428519.11114129284 4582745.047874274, 428513.6276187518 4582749.40993274, 428505.00414684205 4582755.845929256, 428497.81875133514 4582758.892444325, 428489.0626812042 4582761.210575259, 428479.16463094694 4582762.185432651, 428464.8553060665 4582760.106143936, 428455.88922386494 4582756.3974872995, 428451.05883530714 4582753.236445905)"
way,167298613,"LINESTRING (426009.56081116194 4581424.749637807, 426003.40993080125 4581408.757487209, 425992.0560283214 4581380.338690731, 425981.9837239396 4581360.322904156, 425975.24676547863 4581348.367156011, 425967.4610475771 4581336.077934394, 425950.37514007156 4581311.426165999, 425940.1066303612 4581300.8722064365, 425917.95580438734 4581277.338163552, 425904.5408716877 4581266.59435744, 425892.6343317809 4581258.610903878, 425881.509774929 4581251.8630091585, 425868.2704659084 4581243.582341204, 425851.48407583265 4581232.728779732, 425842.9677174593 4581226.709262206, 425837.00547673146 4581221.030015848, 425830.13025464065 4581214.394155722, 425824.1239519937 4581205.229023805, 425813.81169650203 4581190.434333068, 425769.4485547604 4581124.459251726, 425755.2494559123 4581103.342424835, 425744.9738388547 4581088.070022745, 425731.2596577943 4581067.769895602, 425730.02997579856 4581066.105941599, 425729.18620089587 4581062.928022887, 425729.66261276545 4581061.268791318, 425730.53397752857 4581059.794263698)"
way,167360129,"LINESTRING (424523.8706978519 4581561.683298447, 424654.04968488414 4581603.5860842215, 424693.4189640526 4581616.378371562, 424696.62516023783 4581617.510873162, 424702.5660771725 4581619.469894045, 424738.8798490359 4581631.161663867, 424757.9260578967 4581637.2926125815, 424766.9411143223 4581641.362655735, 424773.94825219945 4581646.952468194, 424780.974573667 4581653.5857757805, 424782.48959263903 4581655.335435701, 424785.9005018418 4581659.274925427, 424788.0079622594 4581661.7068267, 424794.85020968097 4581672.361365767, 424802.3644595451 4581683.308719698, 424810.086588136 4581692.532949617, 424827.5113222153 4581707.629968616, 424839.7057058775 4581715.097962179, 424857.94520252245 4581722.49218084, 424871.0950042515 4581725.331445759, 424876.74949997326 4581726.294301019, 424887.24287313863 4581728.594880424, 424891.42388783436 4581728.584849459, 424894.1415531158 4581728.578885718, 424922.2503827069 4581727.288309394, 424931.9713551686 4581728.486650725, 424941.3408705285 4581731.276382705, 424950.50045800646 4581734.789999603, 424957.7049806596 4581738.468215046, 424965.9541795745 4581744.511673255, 424974.3446175472 4581751.275376756, 424997.66964843846 4581779.824121409, 425012.6489728875 4581798.666410091, 425041.0144650175 4581834.335699155, 425042.2001953761 4581835.789035633, 425066.6697561224 4581865.902786749)"
way,168369003,"LINESTRING (431251.1761713237 4586022.1214292245, 431250.3234898193 4586015.056974637, 431244.3582145545 4585959.821145842, 431239.91276930796 4585937.890722334, 431238.0852362233 4585934.654934842)"
way,171945123,"LINESTRING (431861.1090590077 4581765.579564828, 431850.64204321906 4581772.028815785, 431845.6787143081 4581775.084363487)"
way,175855329,"LINESTRING (431535.7438747873 4583393.09244855, 431537.38453676796 4583391.544744053, 431541.42474105384 4583387.365185408)"
way,175855332,"LINESTRING (432031.1602980932 4582945.82236689, 432026.5890344775 4582946.031807543, 432023.228800093 4582946.107754199, 432017.5945881512 4582946.193942479)"
way,175855333,"LINESTRING (431681.25984141574 4583242.507024435, 431684.9851699297 4583238.608091956, 431727.90197370574 4583193.769802128, 431731.3769969691 4583190.805893594, 431740.561834526 4583181.6038847435)"
way,175855334,"LINESTRING (431586.14014082315 4583372.042600087, 431580.16904209834 4583365.637147838, 431573.8078752034 4583359.535162948)"
way,217617441,"LINESTRING (430967.7948620863 4583035.353387081, 430959.76951508113 4583043.324022378, 430896.42991387617 4583108.1137738, 430895.33787909185 4583109.323303488, 430893.8627835505 4583110.691928546, 430882.8925044484 4583121.932792566)"
way,217617445,"LINESTRING (431180.38313510315 4583034.218543839, 431182.67747517687 4583031.953965771, 431185.89004429535 4583028.659201021, 431191.0981203244 4583023.324758838)"
way,220144994,"LINESTRING (432429.2526349437 4583477.664573852, 432434.7895887259 4583482.431540813, 432497.3384427174 4583543.402317563, 432505.61790820933 4583551.818809776)"
way,220238939,"LINESTRING (429278.84993468435 4582850.3295341935, 429286.98390564905 4582841.656458844, 429299.67885145143 4582828.286748758, 429325.9380030823 4582801.505609101, 429344.8176221866 4582781.8802116485, 429363.23415984155 4582762.770116397, 429381.047651401 4582744.398742509, 429401.43558715313 4582723.37093169, 429410.3423649041 4582714.179736876, 429438.3749808843 4582685.694102572, 429456.67810536973 4582666.90734797)"
way,220239098,"LINESTRING (429456.67810536973 4582666.90734797, 429463.5012799216 4582660.101434596, 429473.29793030664 4582649.547101012, 429504.92298103945 4582617.285081445, 429536.69923195214 4582585.066148701, 429539.34434827254 4582582.797631663, 429551.0110527702 4582571.0705171665, 429553.2145943445 4582568.961740612, 429562.1954880492 4582559.614581726)"
way,220239216,"LINESTRING (429654.87189109105 4582463.384481341, 429661.09748310177 4582456.995374936, 429666.42106853036 4582451.569881332, 429679.6106726961 4582438.196073391, 429691.1692612542 4582426.481349848, 429718.5071024736 4582398.547646757, 429726.46335144644 4582390.409757348)"
way,223000852,"LINESTRING (427654.94431612926 4579645.778194615, 427646.6476338268 4579640.842460145, 427640.82979063474 4579619.438567948, 427638.7254418394 4579611.4099498335, 427638.2242178371 4579605.608123491, 427638.1751356976 4579600.690018673, 427638.1372438725 4579596.893197373, 427636.8769134022 4579592.975340909, 427634.61475957296 4579590.088951982)"
way,223928341,"LINESTRING (429837.7832053496 4581314.216020771, 429851.67055115127 4581300.103057883, 429879.85952088016 4581271.462401574, 429911.5723189162 4581239.667872465, 429920.1445756089 4581231.080171137)"
way,228937142,"LINESTRING (429006.77826132445 4583160.453554735, 429006.6943685682 4583157.012466173, 429006.92535178433 4583154.989467264, 429007.4620504695 4583152.597074762, 429008.56015099527 4583150.332414744, 429032.53683010605 4583124.627299604, 429065.8586319714 4583091.880300613, 429068.3849652697 4583089.4684275845, 429071.4162412934 4583086.540875541, 429100.96004873986 4583058.127881628, 429135.24926994037 4583025.071970084, 429138.11557682767 4583022.368120146, 429178.02772018313 4582984.616386222)"
way,232589229,"LINESTRING (429300.44486661605 4581864.091127475, 429298.07273206714 4581862.648690776, 429283.46148693515 4581853.775721924, 429260.09280917747 4581840.369467622, 429187.91789107193 4581799.849381477)"
way,237522636,"LINESTRING (425851.1946659645 4581888.46502407, 425841.9657102957 4581885.461732107, 425784.7293778578 4581866.850635142)"
way,241901938,"LINESTRING (429647.12430711434 4581508.7217187015, 429648.901771258 4581506.617119274, 429652.2533766049 4581502.998348673, 429653.66875613737 4581501.496821502, 429656.7668704919 4581498.468966954)"
way,245966534,"LINESTRING (430305.3557224313 4583328.762778713, 430303.5698551 4583330.834001085, 430297.3433088942 4583337.100445746, 430294.37452112435 4583337.872913736, 430237.68624958437 4583393.633480613)"
way,247469531,"LINESTRING (431085.7197190104 4582976.484394536, 431099.32297558547 4582979.186208122, 431104.72073396156 4582980.611543639, 431111.64377499995 4582982.422079053, 431114.8783653809 4582983.201824515, 431125.44876649324 4582986.998406539, 431131.0517727354 4582989.7874619495, 431132.93354942335 4582990.735518665, 431138.9083912734 4582993.942953401, 431143.57762416947 4582997.007364772, 431147.2436796436 4583000.081315399, 431149.99142312974 4583003.297231436, 431153.3449722334 4583006.918195988, 431158.23928196105 4583013.433467565, 431159.00094629807 4583014.403280168)"
way,250365185,"LINESTRING (430376.52388506837 4580760.794441701, 430323.5550749932 4580815.951677302, 430303.03617632436 4580835.512335198)"
way,255470585,"LINESTRING (427605.5186632428 4580685.217427742, 427619.44732330897 4580697.313766847, 427624.3512681016 4580701.805901508, 427627.84608509584 4580704.213652987)"
way,271366569,"LINESTRING (433835.5057938055 4584290.827530129, 433834.46013784606 4584289.826731554, 433761.81477852585 4584218.811317792, 433759.9260568406 4584217.029943933)"
way,271478263,"LINESTRING (433364.2514809869 4583824.72351747, 433362.38712504983 4583822.886505955, 433358.8222923145 4583822.486303741, 433355.60806056013 4583819.307175022, 433266.73292368616 4583730.759200593, 433258.0769755306 4583722.1898896955, 433225.6883721495 4583690.090490719, 433197.5876356885 4583662.481620779, 433196.05366370233 4583660.219696283, 433195.0951533816 4583655.998369023, 433195.4861277318 4583652.164293431, 433195.67675451114 4583647.454944337, 433195.2222494143 4583638.965489402, 433194.217962476 4583637.031763, 433191.62156965764 4583634.690818317, 433185.31360814226 4583628.742398032, 433180.9658499172 4583627.7610562695, 433176.5407494258 4583627.457702086, 433170.8406530315 4583628.498453956, 433166.73960766086 4583627.981161817, 433162.0596092732 4583624.515868573, 433102.11113780516 4583567.423643461, 433092.64576253516 4583558.151421962)"
way,271483592,"LINESTRING (433906.0080078602 4584444.046139666, 433907.8036692168 4584442.053448187, 433908.3084442973 4584441.493700044, 433912.78238279396 4584437.133869364, 433916.86921995186 4584432.488902263)"
way,271483593,"LINESTRING (434051.38283614145 4584308.143444191, 434051.2755661349 4584291.778906045, 434054.5136076771 4584288.451882368, 434119.6473526071 4584221.486430349, 434122.7364215682 4584218.316233444, 434129.5480592841 4584210.85980144, 434134.3936534631 4584205.974902697, 434135.9094954297 4584204.451133739, 434136.88659003994 4584203.431891467, 434143.7548694938 4584196.685536709, 434147.1696554913 4584194.400611053, 434216.16786457744 4584123.848034434, 434239.52913301333 4584100.56423566, 434244.7399263617 4584095.376322672)"
way,271491259,"LINESTRING (434736.7331183199 4584129.529223688, 434733.6991664471 4584126.791982884, 434731.30799983244 4584129.522613121, 434730.7098961523 4584129.938807206)"
way,271495703,"LINESTRING (433550.59577889286 4584214.862302817, 433543.17273711273 4584222.125053419, 433509.72081757226 4584254.996720865, 433485.8495628027 4584280.696933747, 433478.3301291225 4584288.371443879)"
way,271586071,"LINESTRING (434170.60076125356 4583600.4885251, 434152.1115390503 4583618.23232049)"
way,271613468,"LINESTRING (434073.4921013638 4583674.650289002, 434075.1734053112 4583672.925154239, 434077.7325738165 4583670.292702979)"
way,271632645,"LINESTRING (432226.6805953559 4582694.7540398445, 432229.4061452949 4582692.063862077, 432232.94969019 4582688.333470248, 432280.932929337 4582639.176656735, 432288.3036481496 4582631.63555719)"
way,271792291,"LINESTRING (433440.2744177651 4584326.848258967, 433438.0134469614 4584329.134019158, 433388.9186681423 4584378.793224985, 433382.7322302499 4584385.056620771, 433381.46579447534 4584386.411714711, 433378.1796889113 4584389.928237367)"
way,271792293,"LINESTRING (433853.261086458 4584308.3076364305, 433858.01630676875 4584312.771928561, 433929.945495595 4584383.372908176, 433932.8470378407 4584386.23315652)"
way,271792295,"LINESTRING (432786.7528467067 4582066.246614114, 432772.87188902474 4582067.063775638, 432764.9813636079 4582070.967460086, 432758.19743375067 4582076.981516518, 432751.6865087482 4582084.480820007, 432746.5899760835 4582094.820418419, 432747.22076503024 4582107.827038546)"
way,271797386,"LINESTRING (431072.38919258246 4586583.920406102, 431110.39716146246 4586529.831324949, 431120.3018619458 4586510.762118412, 431122.7529675699 4586507.530037404, 431133.1542835841 4586480.05120799, 431136.4131326724 4586468.6174846785, 431158.8603513905 4586389.739648969, 431172.24363089615 4586342.757990484, 431174.10740651767 4586329.605504698)"
way,272587166,"LINESTRING (431562.21642421786 4583405.077580754, 431557.3361602969 4583410.597409897, 431552.6754139804 4583415.460099195)"
way,272587173,"LINESTRING (431360.3958053207 4583583.190087687, 431361.6442450556 4583581.723778934, 431366.5919579867 4583576.291994408, 431432.7751088084 4583507.226987084, 431435.3322408319 4583504.471471647, 431439.8932762306 4583499.687367251)"
way,272594770,"LINESTRING (431501.86523871013 4587838.535743541, 431500.53739049967 4587837.71560035, 431499.4317400159 4587836.538058727, 431498.6067665461 4587835.002564644, 431447.60946669197 4587827.203006207, 431372.06564009236 4587815.051185399, 431362.68807073485 4587815.584298449)"
way,272633476,"LINESTRING (434620.31030408316 4584839.747263402, 434699.57838918606 4584758.925191738)"
way,272633477,"LINESTRING (434235.36950152833 4585236.284464706, 434229.45939916046 4585231.563962747, 434227.9433748561 4585228.44674876, 434228.0881215035 4585225.980611201, 434230.2888167186 4585222.585361266, 434236.15233137924 4585216.6586997975, 434302.23837880144 4585148.564617582, 434318.95703486877 4585131.370089816, 434364.25393299415 4585086.77005878, 434399.1945289866 4585051.257441752, 434409.19857833214 4585041.052135693, 434420.4697693525 4585029.558542437, 434490.13250844186 4584958.247362483, 434510.70373593667 4584937.1990760565, 434575.7635918473 4584870.593581589)"
way,272814266,"LINESTRING (430977.92183805065 4582841.711680816, 430993.9091163488 4582849.775474966, 431000.1469913347 4582854.246019199, 431003.4246981882 4582858.667045419, 431011.69786561414 4582873.177408345, 431012.8373335757 4582876.064403467)"
way,273038806,"LINESTRING (433965.0867287494 4585491.12343088, 433975.31518782745 4585480.915445234, 434029.472720993 4585426.872706125, 434051.5883750869 4585405.009564096, 434120.2948268946 4585335.946113707, 434139.72961248946 4585316.9943882525, 434202.3880225018 4585254.515246998, 434207.24230081844 4585258.9344461)"
way,273038808,"LINESTRING (433728.7786175435 4585761.483306794, 433738.2953254644 4585769.456814111, 433736.8454337971 4585770.835738029)"
way,273038809,"LINESTRING (433575.53802598355 4585920.604037575, 433572.863679362 4585917.863980887, 433565.6816679619 4585910.224545554, 433567.20231806615 4585903.815351534, 433569.55464044155 4585901.517675035)"
way,273038811,"LINESTRING (433541.9310879696 4585952.111580499, 433547.130893931 4585957.759582095, 433551.1656931825 4585962.1303562345, 433546.52468991966 4585966.369848244)"
way,273038812,"LINESTRING (433528.4788653115 4585945.1182212895, 433530.80272750725 4585942.454399298, 433532.0074750844 4585943.5092054, 433541.9310879696 4585952.111580499)"
way,273038813,"LINESTRING (433383.3685000732 4586119.568203812, 433379.39036152774 4586123.168843342, 433378.198116693 4586124.378927924)"
way,273038814,"LINESTRING (433367.3907835874 4586135.059454678, 433372.4620412876 4586142.174092029, 433372.2900160559 4586145.273370189, 433371.3622071588 4586146.159038532)"
way,273040785,"LINESTRING (433557.5671864931 4585939.37737597, 433561.7904979694 4585935.152829528, 433566.55218749336 4585930.401509669)"
way,273043517,"LINESTRING (431895.4332247365 4581419.315396687, 431928.90512972604 4581397.683504883, 431941.04343798663 4581385.7005914105, 431961.34162769077 4581372.63072646, 431978.4889530483 4581361.522383643, 431983.3928425751 4581358.3342603855, 431986.7674633446 4581356.148642959, 431989.9469546699 4581353.665082666)"
way,273062564,"LINESTRING (434220.21047549846 4584669.957459752, 434203.36760214675 4584687.375370569, 434146.14954840334 4584746.629450888, 434134.59830958076 4584758.581228678)"
way,273062566,"LINESTRING (433933.3406712498 4584970.602449308, 433931.2122585976 4584972.753615216, 433929.0591801804 4584974.949418161, 433898.5189163576 4585006.116263986, 433867.25016116427 4585038.02268704, 433858.35690395243 4585047.141634641)"
way,273376412,"LINESTRING (433846.80188327027 4584505.230405596, 433844.3321985417 4584507.551253666, 433803.4547395715 4584546.484952995)"
way,273832046,"LINESTRING (432402.3695182116 4584806.614798649, 432400.315188819 4584806.811628436, 432398.5454986314 4584806.161983702, 432383.48549515556 4584791.147244863, 432315.0084264831 4584723.582355237, 432278.7719689574 4584687.592713402, 432260.8036645317 4584670.895589661, 432248.98046146333 4584658.83750295, 432229.96601962997 4584640.229450113, 432152.0466784601 4584563.483569199, 432078.09907686966 4584491.508774514, 432072.6881329595 4584485.863775795, 432061.0685574677 4584474.192675799)"
way,276486779,"LINESTRING (432690.7499877449 4583002.560248078, 432684.4838715808 4583009.313478639, 432669.96680560475 4583024.248465125, 432656.9432952714 4583037.060060543, 432625.57081505854 4583068.972644808, 432622.1740204543 4583072.301779974, 432616.11626484257 4583074.478774367)"
way,276490474,"LINESTRING (434445.24016920594 4584658.212335644, 434437.1299071277 4584669.932606332, 434439.63983661815 4584679.424962679, 434497.9275046327 4584738.9855896775, 434508.08522257314 4584749.396918756, 434542.04345262155 4584784.3078040555, 434590.44912519143 4584832.678089654)"
way,276728293,"LINESTRING (429813.64938878006 4580768.499235647, 429812.01651466684 4580770.013934936, 429785.02265725605 4580797.888222005, 429757.88738733646 4580825.8195002405, 429755.2624662854 4580828.520731684, 429752.97792678804 4580830.963299097)"
way,280316237,"LINESTRING (431589.27009319724 4590051.182246087, 431589.8510355158 4590052.55351552, 431596.47238462814 4590063.80476994, 431609.2601923763 4590077.962164875, 431626.33110246516 4590092.8340591015, 431643.45173673134 4590107.6722132275, 431650.8288165449 4590114.064367963, 431674.4460715237 4590134.05954899)"
way,280350182,"LINESTRING (431674.4460715237 4590134.05954899, 431806.0813364744 4590247.709698999)"
way,280405213,"LINESTRING (434234.84777674626 4583529.879581766, 434231.96884742007 4583533.2143533975, 434224.78795151145 4583541.517830271, 434204.6319494345 4583565.383149155, 434185.782438383 4583584.895468745)"
way,280405214,"LINESTRING (433050.68596635555 4582233.731025558, 433044.73320220405 4582239.215301604)"
way,280405219,"LINESTRING (432739.1552631836 4581739.788845582, 432696.76086189796 4581650.7273314325, 432695.35360908863 4581647.76485524, 432693.6137669649 4581644.105992953, 432680.05429359083 4581615.70889167, 432654.63373463793 4581561.741291355, 432636.68318759714 4581524.280793015, 432602.1973445574 4581452.333411542, 432600.08227480005 4581447.900865606, 432564.73012437864 4581373.696744453, 432557.3185931146 4581358.15519789, 432549.1821321916 4581341.099324118, 432532.0223229606 4581305.152797055, 432493.58387421723 4581221.162879499, 432471.9913239492 4581179.828518644, 432453.0868644372 4581139.812602247, 432451.8985031286 4581137.925101732)"
way,280405227,"LINESTRING (431839.039487674 4581471.073993797, 431840.69275859155 4581472.5906313425, 431853.08469296707 4581478.71386547, 431864.96578031813 4581488.317104046, 431879.9156242053 4581497.014390689, 431884.4905019236 4581505.098644344)"
way,280405229,"LINESTRING (431288.7864589746 4580842.388099101, 431285.0037307347 4580844.75555329, 431281.5201517047 4580846.920322446)"
way,285774885,"LINESTRING (432031.0354144657 4582935.187024702, 432030.78743452625 4582939.053137641, 432031.1602980932 4582945.82236689, 432032.4643072308 4583085.6725347815)"
way,285774886,"LINESTRING (432024.80673929973 4583482.992889769, 432023.90130984446 4583434.626303765, 432023.0756325852 4583397.42843117, 432022.4366306164 4583341.820298683, 432022.16541603435 4583307.581685253, 432022.0260474282 4583294.5149509935, 432021.0018128768 4583261.993245365, 432020.770059707 4583237.302706953, 432020.56765949324 4583229.099609002, 432020.18684835697 4583206.3423647825, 432020.3119065844 4583175.13111368, 432020.1505771221 4583150.817414065, 432019.9474871837 4583121.163642889, 432019.8879301032 4583113.036925518, 432019.40645966685 4583087.571538161, 432019.37296373845 4583085.784295949, 432018.73633215093 4583051.804491151, 432018.5728942423 4583016.576729237, 432017.5945881512 4582946.193942479, 432017.52232961496 4582940.276810393, 432020.68359035236 4582936.816364413)"
way,286359021,"LINESTRING (433355.9135470386 4583438.289498288, 433349.222647555 4583431.611675646, 433289.7283706885 4583370.283566062, 433282.59440581285 4583363.620987181)"
way,286925713,"LINESTRING (430215.0308224336 4583219.2919617575, 430213.4441456282 4583217.741741754, 430147.6979015668 4583153.523516137, 430143.7153274941 4583149.742530283)"
way,288786004,"LINESTRING (432032.4643072308 4583085.6725347815, 432032.38243153336 4583087.6385050295, 432032.3622030351 4583093.500992111)"
way,288786009,"LINESTRING (432035.04574946605 4583301.953789552, 432035.5639946008 4583341.1419502245, 432036.8244206232 4583434.4717046665, 432037.5606991818 4583467.495749717)"
way,289065057,"LINESTRING (431630.00968450453 4583863.018612565, 431628.8614648661 4583861.819242244, 431626.0923202103 4583858.936439745, 431568.99746545363 4583803.284195951, 431564.57213847083 4583799.41781021, 431557.80804223486 4583796.63940742)"
way,289065059,"LINESTRING (431447.4478983878 4583684.844927533, 431452.4593751775 4583689.68274744, 431457.78275437927 4583694.795190059, 431460.32318357594 4583697.347009089, 431461.3961211343 4583698.535963213, 431467.1493670038 4583704.021841284)"
way,289065060,"LINESTRING (431824.30740778917 4584051.856017326, 431816.2068765025 4584043.827207557, 431757.8473221894 4583986.7198532885, 431754.4303711088 4583983.387891478)"
way,289066420,"LINESTRING (431926.60249540064 4584157.025756915, 431916.81599478464 4584147.469392614, 431916.68417987996 4584142.341111624, 431913.94221048517 4584139.657798451, 431853.1460105896 4584080.17439661)"
way,290673911,"LINESTRING (431346.51122358453 4583216.44977741, 431341.16738179524 4583222.451568765, 431304.1532045351 4583260.0082525825, 431279.23856371816 4583285.437016261, 431274.35379238223 4583290.468554648, 431268.5255345978 4583296.508308258)"
way,294085191,"LINESTRING (429663.27462251537 4582672.603762119, 429665.854887128 4582681.738606636, 429712.4649411868 4582724.587520313, 429755.65740133444 4582766.837000524, 429764.2900928124 4582775.902083693)"
way,294123480,"LINESTRING (430303.03617632436 4580835.512335198, 430284.67407302605 4580855.840610886, 430209.1896764429 4580932.310761116, 430188.8532906463 4580954.257117026, 430143.1695903375 4581000.552114101, 430138.1780757985 4581005.874086808, 430116.21923024405 4581027.769680976, 430112.64503481984 4581031.76786812, 430041.63506581803 4581108.762964254, 430038.9536495637 4581111.6755939545, 430037.53017991123 4581113.221531085)"
way,294393946,"LINESTRING (433666.56667977816 4586025.812185806, 433670.345593101 4586029.6302285725, 433747.6153410422 4586106.453419775, 433757.2762607032 4586115.624732129, 433766.75636966736 4586125.1307970695, 433827.8186383621 4586184.405276842, 433839.1238076545 4586195.204877426, 433896.15817873256 4586250.952738913, 433898.08454161824 4586253.25563154)"
way,294393950,"LINESTRING (433382.06085011567 4585748.76751554, 433387.30442140927 4585753.6933187395, 433459.3418081171 4585824.332997686, 433462.3356158545 4585827.269927339)"
way,294393951,"LINESTRING (433451.6438780883 4585837.860425733, 433448.58117635886 4585834.702077284, 433376.45114491513 4585763.985637274, 433372.7983094585 4585760.277611014)"
way,294719473,"LINESTRING (431778.49789627525 4589023.335744497, 431777.72825611394 4589022.33263924, 431774.83233202645 4589019.084598879, 431772.86912187655 4589016.416213167, 431769.07092364144 4589011.389115675, 431766.6529889225 4589008.336420187, 431700.63240408374 4588935.591562939, 431697.1927371324 4588932.270969007, 431690.953434653 4588927.944254994, 431678.1535845217 4588913.586961973, 431672.65397541586 4588906.211064302, 431667.1104287119 4588899.490660061, 431660.02883376216 4588891.785533336, 431648.52376507444 4588879.203626625, 431648.07559885574 4588878.630510391, 431636.6098391482 4588865.792882472, 431622.31984393287 4588850.239554442, 431577.1095288298 4588800.83724806, 431574.5726096245 4588797.585887521, 431572.3978128466 4588794.641983064, 431570.1337039979 4588791.08826222, 431566.87042357796 4588785.234585669, 431554.8679118578 4588764.263699659, 431553.26200571517 4588762.291474763, 431546.78337662085 4588756.534866254, 431537.72088720504 4588740.810073608, 431537.7575788836 4588734.980676228, 431537.6708842309 4588732.883039217)"
way,294798018,"LINESTRING (430776.9187620288 4583767.678225961, 430719.09851869167 4583712.12829016, 430702.63372248405 4583696.808405383, 430698.74198334187 4583692.848608486, 430679.5780580229 4583674.157121657, 430623.699567307 4583619.000142693, 430620.6957639687 4583616.108860211)"
way,294798029,"LINESTRING (431075.11362040706 4584058.105256307, 431073.1392227897 4584056.181046719, 431058.7721429511 4584042.405914994, 431025.1528191435 4584009.262003539, 431023.03703181085 4584009.171130157, 431020.0612683843 4584006.556992264, 431017.4039765925 4584004.028644513, 430999.729845221 4583986.23258055)"
way,294849097,"LINESTRING (427077.14795362984 4583238.326826972, 427074.93016127474 4583236.439440718, 427074.21769783564 4583236.25786353, 427073.4680198626 4583236.531884416, 427070.41956133535 4583240.159955294)"
way,295009023,"LINESTRING (431895.7842394354 4590324.9065052485, 431913.8627230275 4590340.46905019, 431922.34554172936 4590351.691949856, 431929.1481616894 4590362.76414213, 431932.98451336066 4590374.585974114, 431934.20011864556 4590385.710800853, 431933.0081777987 4590397.491175143, 431928.65864735557 4590409.212471127, 431922.06098612666 4590420.777302725, 431909.8916603484 4590433.12743683, 431895.66064456385 4590443.831578158, 431879.928952442 4590453.92812927, 431878.65876082866 4590454.739517726)"
way,295009026,"LINESTRING (432218.40811429993 4585565.994644415, 432206.2297616906 4585578.332980286, 432091.8163550745 4585694.231640651, 432089.0391644271 4585701.085972991, 432080.3135730816 4585709.939136405, 432076.69944367674 4585713.992300244, 432072.69178318686 4585715.295645379)"
way,295009035,"LINESTRING (432597.12613498454 4585179.742012264, 432587.02604938997 4585190.117319254)"
way,295281244,"LINESTRING (430020.70808717876 4583028.531603523, 430012.04804624 4583020.032737165, 429934.51319570385 4582944.072407373, 429933.0834107823 4582942.331979772)"
way,295281484,"LINESTRING (429933.0834107823 4582942.331979772, 429927.9414527209 4582937.130049813, 429915.5320257704 4582924.803758542, 429902.4567528199 4582911.928786535, 429898.13565476274 4582907.7515030205)"
way,296836384,"LINESTRING (426054.30357284995 4582224.765009011, 426075.1211004931 4582243.327773311, 426093.1280708224 4582256.878493949, 426114.88671460387 4582272.633806182, 426136.0258324685 4582285.042385417, 426151.36454524845 4582293.60188564, 426170.4366117776 4582303.38911457, 426175.70679956523 4582306.088957461, 426196.7234271205 4582314.701724571, 426218.93929898815 4582322.847114081, 426239.155227305 4582329.203140698)"
way,298698885,"LINESTRING (431635.0465817257 4582698.870315722, 431629.57646673446 4582699.532600723, 431566.53725524613 4582637.763210945, 431557.1192744994 4582628.536905298)"
way,300071294,"LINESTRING (431847.309922751 4583813.594217525, 431764.36012529983 4583787.217824294, 431753.5755774132 4583783.600001571, 431748.5270069919 4583781.89333371, 431741.84175685304 4583779.491514293)"
way,301173930,"LINESTRING (428285.8305783658 4581873.118662897, 428286.05229242344 4581879.467350341)"
way,301173933,"LINESTRING (428337.15072919225 4581982.4744805945, 428333.40348545444 4581987.430148059, 428338.10523497063 4582028.253567851, 428342.56231042603 4582061.251838148, 428345.30169468554 4582079.522392994, 428354.4682522956 4582141.463878346, 428356.1018245778 4582151.073975417, 428356.5710583122 4582154.555659306, 428366.17024292727 4582205.301117248, 428374.9023414216 4582250.392660024, 428377.3340241654 4582262.926049073, 428380.7635924102 4582279.979575242, 428397.0672761122 4582363.612339562, 428408.0042398143 4582416.098900174, 428414.1246367255 4582445.7054890115)"
way,301173935,"LINESTRING (428393.1175162846 4582452.108551341, 428392.706138929 4582450.247322608, 428375.376157853 4582368.512207379, 428358.603706433 4582284.850812566, 428356.0589338451 4582271.030605551)"
way,301174230,"LINESTRING (427385.69033473334 4582547.118946296, 427383.1279911115 4582550.908543298, 427301.21224231727 4582671.598019522)"
way,308033675,"LINESTRING (432403.06959485554 4585985.799087137, 432399.44233230926 4585985.766355346, 432360.4948870313 4585991.63733907, 432316.71392380033 4585997.165142214, 432312.29821710923 4585997.717178701, 432221.91659927036 4586010.176805612, 432212.61057010456 4586011.4630899355, 432179.8014421173 4586015.978513664, 432111.1325074531 4586025.848941719)"
way,308159958,"LINESTRING (432004.55560508557 4582923.411190154, 431985.9663082874 4582942.604878285, 431971.3496753257 4582957.486711655)"
way,308159959,"LINESTRING (431971.3496753257 4582957.486711655, 431944.9401401027 4582985.225428788, 431939.90631760913 4582990.47995892, 431937.4335553068 4582993.356624337, 431933.5092069648 4582997.457141233, 431871.0937123839 4583062.7735246485)"
way,308159960,"LINESTRING (431871.0937123839 4583062.7735246485, 431845.1350153424 4583089.475821629, 431830.2416397154 4583105.093347541, 431768.3590527619 4583169.9837431, 431767.067614873 4583171.339354125)"
way,308159961,"LINESTRING (431761.2657069403 4583166.031342333, 431763.9957572783 4583168.292806811, 431767.067614873 4583171.339354125)"
way,308378767,"LINESTRING (427066.73725833563 4583244.771475154, 427065.627785229 4583245.015811112, 427064.0829444983 4583245.197913623, 427062.49250466726 4583245.002973439, 427060.6799085255 4583244.33284164, 427059.4424443335 4583243.490372827, 427011.9970509199 4583202.831717221, 427001.0848787832 4583191.871995516)"
way,308589089,"LINESTRING (431663.56941281876 4583297.422081493, 431655.4455035315 4583305.62602911, 431590.7533145247 4583370.988662444, 431587.8715297832 4583373.902626929)"
way,309051292,"LINESTRING (431687.7045299456 4581389.16130131, 431690.84567736974 4581388.83191508, 431698.2740490765 4581389.106083913, 431705.5539071689 4581390.480838791, 431732.0127459255 4581395.838452708, 431772.00743223086 4581403.566840706, 431777.3927282601 4581405.337000723, 431780.6690150991 4581406.927167921, 431782.55915580207 4581407.842010781, 431786.14659378683 4581411.394449397, 431789.2690182135 4581415.295454045, 431793.94009106373 4581427.36465752, 431798.68108506454 4581435.314061827, 431805.017456385 4581443.070810232, 431818.6895904505 4581455.488337619)"
way,309618894,"LINESTRING (432021.2917848936 4582886.703571432, 432023.81660283636 4582885.802752242, 432026.0558053495 4582885.648504066, 432027.6265286062 4582885.533838263, 432029.3328855338 4582885.617750983, 432030.8720444472 4582885.703233062)"
way,310008530,"LINESTRING (428824.8255657461 4580805.588299546, 428833.3320635791 4580806.559546611, 428839.56277241604 4580806.576091446)"
way,312564231,"LINESTRING (431545.1214967184 4583429.98741929, 431540.7650268639 4583434.314303478, 431481.57886102865 4583493.808024815, 431478.2731937727 4583493.43959916, 431476.50740569364 4583493.245352831, 431472.1274828488 4583495.085461415, 431467.12884941464 4583500.451034963)"
way,313996125,"LINESTRING (432045.22515888896 4584065.933910932, 432045.10702420305 4584088.9734392315, 432045.53139459755 4584155.56437211, 432045.6591917165 4584175.415076226, 432046.2354428426 4584218.999476051, 432046.2920518325 4584232.155828373, 432046.48880257946 4584252.227944794)"
way,314809154,"LINESTRING (431613.4171358951 4583726.821052194, 431616.3795445095 4583723.606554812, 431624.58033155696 4583714.746752192, 431625.40857387206 4583713.928422834)"
way,316789514,"LINESTRING (430499.9890228594 4582332.784724144, 430499.3928140368 4582333.389999055, 430497.1655521641 4582335.676352988, 430495.55047529156 4582337.279558957, 430494.5267614686 4582338.643931232, 430486.66530073667 4582345.425496315, 430479.0652181271 4582353.303746549, 430478.22128639143 4582354.233383917, 430475.3158256869 4582357.292351687, 430474.8523239824 4582357.785326397)"
way,322220672,"LINESTRING (432386.33596814243 4582878.01292592, 432328.9128208731 4582822.280084363)"
way,322220673,"LINESTRING (432425.1389204383 4582899.65660139, 432413.4118883547 4582888.319010691, 432409.29755665845 4582884.637958291)"
way,322220674,"LINESTRING (432409.29755665845 4582884.637958291, 432408.32169654546 4582883.991998339, 432405.84281627624 4582883.548812607, 432399.8973763389 4582883.437756093, 432393.253782677 4582881.978676799, 432389.8936577223 4582880.278000407, 432386.33596814243 4582878.01292592)"
way,323227884,"LINESTRING (431733.3467363217 4586855.847961986, 431740.4113801295 4586856.247620293, 431748.8387776728 4586856.723251564)"
way,323227885,"LINESTRING (431754.1275615627 4586823.886458359, 431760.1841467397 4586823.718295128, 431770.3395467344 4586823.122875706)"
way,335842329,"LINESTRING (430042.7826943081 4580724.270833114, 430044.897100993 4580724.117191468, 430063.34642260644 4580724.1279014945, 430166.2453846126 4580722.203133388, 430191.0978594137 4580721.897113508, 430196.5584136781 4580721.833420806, 430199.67748995207 4580721.792280401, 430204.3519766153 4580721.736163489, 430205.8318044998 4580721.688605205, 430214.3676990095 4580721.384359264, 430227.2214891754 4580721.33833399, 430231.46198493213 4580721.375235113, 430234.97420193464 4580721.341428524, 430253.6806181177 4580721.128091397, 430341.4709572438 4580719.584371967, 430368.8578889109 4580719.321221944, 430370.68004367745 4580719.214894473, 430374.6363223948 4580719.265712519, 430395.63436349836 4580719.064037616, 430414.2574766714 4580718.885223527, 430416.49045642 4580718.885991967)"
way,340353922,"LINESTRING (431731.8574486214 4583197.42976473, 431738.49029667117 4583203.085212481, 431744.75834927184 4583209.066086642)"
way,354234358,"LINESTRING (432973.53390078695 4582286.849581599, 433014.49817169074 4582245.5014055595)"
way,359544125,"LINESTRING (434152.1115390503 4583618.23232049, 434128.09595478856 4583642.332811616, 434109.0013104407 4583661.503385572)"
way,359555539,"LINESTRING (434416.96953780577 4583928.982432486, 434441.40273303096 4583903.924268869)"
way,359555542,"LINESTRING (434688.0296570357 4584186.614722077, 434708.2803333681 4584165.858643436)"
way,359555545,"LINESTRING (434708.2803333681 4584165.858643436, 434720.8028555959 4584139.043570302)"
way,359657314,"LINESTRING (431443.6639668295 4588547.821576088, 431442.8897414965 4588545.4639884755, 431430.92560366844 4588506.594977653, 431414.8933720569 4588458.093902847, 431413.62041013356 4588454.242150694, 431406.2583882046 4588433.782631735, 431403.9817266231 4588427.164665317, 431400.7690382243 4588417.868665862, 431397.5028822237 4588407.340747521, 431363.0378250184 4588304.865603332, 431358.6192677157 4588291.761653755, 431336.35543221876 4588224.0895972615, 431332.01130774565 4588211.795472057, 431327.5591217171 4588198.680757359, 431322.5738018234 4588183.972284035)"
way,359659298,"LINESTRING (431287.3893392342 4588122.940529994, 431286.3751594449 4588117.3209715765, 431285.21360885596 4588114.65619828, 431273.42529109126 4588097.081227377, 431255.69597063935 4588070.63597884, 431222.34274723957 4588020.423599179, 431186.1202852707 4587966.374843068, 431179.6798224279 4587956.832079769, 431159.6713960748 4587928.010509923, 431095.48329867696 4587837.921807625, 431091.2900032159 4587831.877344986)"
way,359659299,"LINESTRING (431096.14970390627 4587827.190007714, 431100.6460759235 4587833.475850544, 431126.96364082646 4587870.264608069, 431154.12723919336 4587908.189007285, 431173.1601230325 4587935.454331207, 431174.45594242914 4587937.29619108, 431218.4769007357 4588002.229324143, 431219.51044961385 4588003.729494897, 431237.5953611014 4588030.637600945, 431264.8018336649 4588071.4376561, 431270.0807166969 4588079.21506052, 431294.96742799995 4588115.074254853, 431313.10819369665 4588144.40245462, 431312.6264130509 4588144.69570762, 431309.99322239996 4588146.297339048, 431308.38101559924 4588147.200889802)"
way,361839279,"LINESTRING (431942.6435554188 4581867.669764395, 431962.74166834715 4581846.796464117, 431978.2472904993 4581831.950752802, 431991.1117765719 4581821.68201999, 432008.03905620676 4581812.185690717, 432020.1894178617 4581806.897773073, 432024.70501409855 4581805.1344725415, 432036.7189870501 4581800.458517407, 432055.404930881 4581793.9102565, 432077.13475258823 4581788.266146102, 432092.97552534787 4581785.053292918, 432111.9164978905 4581782.510904038, 432119.30153211596 4581781.775545912, 432127.49697738956 4581780.9659871245, 432150.45950283884 4581780.151376328, 432171.8630749084 4581781.627507384, 432196.52308283735 4581785.282686532, 432210.2596480915 4581788.640437822, 432235.11107444344 4581795.780237605, 432258.7702662293 4581805.984539472, 432292.20342924877 4581822.348455727, 432319.37631974206 4581838.127034864, 432345.52275061526 4581854.137354184, 432363.0948641686 4581867.996138445, 432379.9591848282 4581883.971102322, 432399.6469697462 4581905.92637691, 432408.0096004751 4581917.672842611, 432427.01378345647 4581943.453930348, 432439.64944474096 4581960.6120564975, 432451.0644761061 4581978.692013696, 432460.31088516524 4581992.8729144465, 432471.57345719065 4582010.75447349, 432480.31227509683 4582026.105923999, 432486.15611870406 4582035.877445801, 432495.6361141586 4582051.81045596)"
way,362064417,"LINESTRING (430962.02632196073 4583023.972413601, 430954.51523341006 4583016.605088929, 430921.97600394697 4582985.039011189, 430892.8021493575 4582956.594179977, 430886.97909721197 4582950.909556717, 430876.712255563 4582941.270311668, 430858.8236138694 4582923.199033188, 430852.06153943145 4582916.368702212, 430797.8700403746 4582864.092092859, 430792.7141707244 4582859.122855455, 430779.6623798805 4582845.924125664, 430776.8348435558 4582843.131017751, 430760.69830347784 4582827.352627019, 430758.3940597845 4582825.076358963, 430702.9868154258 4582770.835747347, 430701.83023023227 4582769.669907631, 430698.9263317623 4582766.766530974)"
way,363562941,"LINESTRING (431520.83499684994 4583414.006855848, 431527.08843693597 4583420.209738966, 431533.6138765686 4583426.887478687)"
way,365713071,"LINESTRING (432476.9763223122 4583984.741017988, 432477.59488214465 4583982.048363076, 432478.23771731055 4583980.165988956, 432480.1309268972 4583974.31934509)"
way,366034227,"LINESTRING (430410.2809463614 4584934.788708169, 430402.4531820736 4584933.464998788, 430394.96650401945 4584931.105446127, 430383.22735586844 4584924.600996115)"
way,370605632,"LINESTRING (430623.3717982843 4581019.5552512305, 430623.4754770004 4581018.155300219, 430623.60803437536 4581016.277650414)"
way,370606291,"LINESTRING (430450.42798123695 4581246.967139947, 430450.2393254681 4581242.994128247)"
way,370606293,"LINESTRING (430433.8862531195 4581238.199214583, 430438.09575264726 4581235.0389050525)"
way,372600757,"LINESTRING (431544.6022269917 4582616.075661664, 431541.6646485175 4582613.116758024, 431518.9065634529 4582590.17133834, 431494.0041813805 4582565.94723344, 431491.68389702204 4582563.726402249, 431489.4718748991 4582561.460136495, 431486.9834370633 4582559.1409714995, 431484.2708450035 4582556.990470117, 431480.9526757648 4582555.345325716, 431476.84605341154 4582554.318297461, 431464.1708055586 4582554.327179669, 431460.24835955567 4582554.208851543, 431456.34273900447 4582554.101469176)"
way,372600758,"LINESTRING (431434.9032543083 4582557.446470481, 431419.43633041554 4582573.447748602, 431417.0849281644 4582575.890431088, 431414.1285891746 4582578.905087139, 431382.1135286338 4582611.484259115, 431380.0094875816 4582613.55821716, 431374.8334656869 4582618.792281364)"
way,372655088,"LINESTRING (431287.1945966729 4585570.557116911, 431289.2445446206 4585570.804123505, 431351.88705660816 4585578.126017168, 431357.3218866219 4585579.262476754, 431366.0235515281 4585581.178469735, 431369.1943172412 4585582.40302767, 431464.5096425373 4585605.970541814)"
way,373250505,"LINESTRING (431121.655575843 4582880.880004477, 431116.5059635399 4582886.213938258, 431111.6126650457 4582891.24566087)"
way,377438520,"LINESTRING (432747.22076503024 4582107.827038546, 432746.957790836 4582112.825737406, 432746.77654334775 4582119.422480173)"
way,377438580,"LINESTRING (432746.77654334775 4582119.422480173, 432741.4324813341 4582132.817650004, 432736.95980466617 4582139.198870097)"
way,379472939,"LINESTRING (431108.3204269119 4586713.660087966, 431113.39371529425 4586708.504430187, 431164.06893244316 4586656.993019366, 431175.3799517637 4586646.970491391, 431177.22550039564 4586645.087642677, 431179.52733256394 4586642.856263231, 431180.9619690587 4586641.69901466, 431182.7603439579 4586640.127498125)"
way,382341180,"LINESTRING (428977.11936772196 4582754.143725365, 428971.6843020683 4582748.978640119, 428912.31482199306 4582690.326893933, 428906.5729215094 4582684.576411685)"
way,384895547,"LINESTRING (432660.4224058662 4587339.360818036, 432678.3250692653 4587350.696759562, 432682.1054828189 4587353.792588933, 432685.07465809485 4587356.807147009, 432685.99637862295 4587357.986578131, 432686.7706067799 4587359.47826292, 432687.2951228461 4587361.072197719, 432687.48606981523 4587362.735854206, 432687.308789214 4587364.336320228, 432686.58700568153 4587365.786413204, 432685.1035113301 4587367.987488903, 432684.01806218375 4587370.76221066, 432683.25834415545 4587373.522798132, 432682.9484375161 4587376.134861701, 432682.9053649363 4587378.688927402, 432683.34851812944 4587381.416114039, 432684.15710778127 4587383.906738913, 432685.2150977945 4587386.261808073, 432686.44739909045 4587388.493123339, 432687.7362193871 4587390.512957894, 432688.75076675677 4587391.79145146, 432689.83730313164 4587392.725085612, 432691.2088283048 4587393.755993839, 432692.6291381259 4587394.642110767, 432693.62294558965 4587395.487785263, 432694.290093797 4587396.247676503, 432695.13475630793 4587397.227973764, 432695.73806267977 4587398.310443032, 432696.1434392905 4587399.672326402, 432696.4320831949 4587402.856170068)"
way,399552241,"LINESTRING (429787.90883044724 4582328.126269953, 429785.4968855947 4582330.314711341)"
way,401600419,"LINESTRING (427594.55616311677 4582991.5901444135, 427593.9048362869 4582992.50710022, 427590.3419984549 4582997.405824957)"
way,403598905,"LINESTRING (429784.60169124085 4582331.122796327, 429784.6203378313 4582325.282491724, 429784.8311216045 4582263.348492116, 429784.83399469 4582262.782216576, 429788.03598402574 4582261.874054803)"
way,409292356,"LINESTRING (427575.9715570002 4576281.534337186, 427573.50589006045 4576281.836511612, 427571.02376873826 4576281.328341873, 427569.49671806686 4576280.088956116, 427568.4581474646 4576278.322861419, 427567.86843484896 4576276.252510287, 427568.1309974099 4576274.051522746, 427569.09809964243 4576272.010047651, 427570.87985015527 4576270.260220944)"
way,409292373,"LINESTRING (427730.5895108973 4576207.8912403425, 427723.9345896269 4576211.055200441, 427718.3458697483 4576213.7200235, 427575.9715570002 4576281.534337186, 427566.4352135665 4576286.092848966, 427537.7860786389 4576299.935404685, 427536.62841862824 4576300.491002534, 427535.94782048947 4576301.052940654, 427535.6950762854 4576301.721635981, 427535.6604428006 4576302.443668125, 427536.0230745417 4576303.5614373665, 427539.297228188 4576310.47914536)"
way,409292379,"LINESTRING (427530.17040729464 4576278.938196026, 427530.0434569111 4576282.148192142, 427530.94405604585 4576285.181385946, 427532.56476377253 4576287.419086707, 427535.15267297305 4576289.302942693, 427538.4012308121 4576290.303077674, 427540.71866006806 4576291.079349152, 427543.76633967937 4576291.2376739625, 427546.3955859827 4576290.556358995, 427548.58174033405 4576289.080061426, 427550.1585598303 4576286.921468893, 427554.89645154687 4576279.512978563, 427556.7927945605 4576277.506638606, 427558.79508964485 4576276.05438504, 427561.2020212811 4576274.89787115, 427570.87985015527 4576270.260220944, 427710.16220933676 4576203.709022853, 427714.94291844324 4576201.418634593, 427719.20726687077 4576199.37765435, 427725.2706344441 4576196.474946087)"
way,412534661,"LINESTRING (431772.1787308435 4581617.150103301, 431767.6471895008 4581619.890757593, 431757.3481030882 4581626.427380299, 431749.2540177367 4581630.9114329675)"
way,417382207,"LINESTRING (431139.03753383795 4580521.005831696, 431145.6962829915 4580524.684227687)"
way,417382212,"LINESTRING (431151.63520636875 4580528.30284973, 431157.26224848983 4580532.54619645)"
way,424057013,"LINESTRING (431164.36656135955 4580587.548711925, 431162.4101434549 4580587.611702723, 431161.7653052093 4580583.998307368, 431159.83904409106 4580573.146940473, 431155.11507276434 4580563.598969892, 431149.2979500042 4580556.070995926, 431143.324741925 4580549.721408077, 431137.58052239625 4580545.468082549, 431128.9547038814 4580540.731410126, 431120.4427002376 4580538.291950073, 431109.64173152123 4580537.0067415, 431101.0874027357 4580537.154663522, 431091.10417677223 4580539.192556177, 431084.8191328078 4580541.3951524515, 431077.3118375406 4580545.230387889, 431070.6202402265 4580550.41241879, 431066.86033571424 4580555.189079384, 431065.96032027085 4580556.4078461835)"
way,424082249,"LINESTRING (429841.4569068443 4580765.9095169045, 429839.25287359336 4580765.442325249, 429832.2532629477 4580766.342799322, 429828.42804540286 4580767.734381686, 429823.1554300928 4580770.794307221, 429819.8131284993 4580773.691208665)"
way,424088414,"LINESTRING (429713.3489271077 4583098.280683486, 429718.0444638793 4583099.689599057)"
way,435706873,"LINESTRING (433157.3119227362 4588203.385800163, 433157.83529448113 4588199.450539219, 433160.9086887833 4588174.029821974, 433167.7993749423 4588120.505724559, 433169.47560923203 4588107.522059686, 433179.4052997752 4588024.824820314, 433186.91504228 4587968.641450143, 433193.06294796464 4587923.295987411, 433197.25744883885 4587887.161765934, 433203.9600632761 4587843.965156283, 433204.38586009224 4587841.218811646, 433203.844878561 4587837.8263265, 433203.49686276284 4587834.52088214)"
way,439868947,"LINESTRING (432059.91902342165 4585032.122394957, 432055.2888043189 4585032.143650943, 432051.8695773528 4585032.064718852)"
way,439869573,"LINESTRING (432686.39948650426 4588648.872774962, 432666.4511276104 4588639.998550628, 432577.6185300285 4588601.855163792, 432570.2939074122 4588598.470464419, 432548.50490979146 4588588.436817428, 432413.77319137723 4588527.896159552)"
way,439869655,"LINESTRING (432396.27415262786 4588491.564457982, 432401.80459782045 4588497.819208834, 432419.3425598715 4588508.824800225, 432554.13716501696 4588574.283571689, 432557.7071401734 4588574.58335792, 432561.4417653188 4588573.726906914, 432564.3551429063 4588571.701208515, 432565.64424904634 4588569.290955423)"
way,440740414,"LINESTRING (432516.82039818855 4583759.070859139, 432508.62333063944 4583767.5409961315, 432446.56496532855 4583831.516863596, 432431.8332691046 4583846.509908875)"
way,440740417,"LINESTRING (432904.1564797448 4583357.801956318, 432909.83750772633 4583351.975863494, 432973.7883874092 4583285.643979994, 432980.47351995314 4583278.998147859)"
way,442035797,"LINESTRING (431471.08247154247 4582476.2421064, 431482.14004195784 4582465.190108212, 431484.87209086947 4582462.321940347, 431502.11704981985 4582444.205563407, 431523.46857463336 4582421.786920502, 431528.668983721 4582416.452813409, 431534.034930786 4582410.939500312, 431564.2601811368 4582379.910143253, 431569.7670526386 4582374.262292772, 431612.78952869994 4582330.388426476, 431654.4281441865 4582287.782505386, 431656.57112532144 4582285.386282304, 431676.11974284786 4582265.860757185, 431691.58109545155 4582249.138429632, 431693.71617177024 4582247.674930604, 431694.844439403 4582247.619881497, 431695.81135580724 4582248.188112398, 431697.1690368515 4582249.407726354)"
way,443607820,"LINESTRING (432892.45403519983 4583928.09557642, 432885.91750476626 4583921.8386536315, 432817.3099878445 4583855.86904897, 432812.31596309406 4583850.996834985)"
way,443607821,"LINESTRING (432801.0332201294 4583460.304452644, 432795.0928599875 4583463.390646152)"
way,446194011,"LINESTRING (432431.8332691046 4583846.509908875, 432421.49354778323 4583857.36504826, 432415.70043540804 4583863.636705152, 432363.0762697946 4583918.998301041, 432361.20545564813 4583920.969876428)"
way,446410880,"LINESTRING (432033.2036540434 4585759.833674944, 432029.58676085016 4585763.587111835, 432027.21126075636 4585766.040955754, 431990.743917012 4585803.811407344, 431967.7709035236 4585827.931859734, 431960.94432498864 4585835.179609455)"
way,446410882,"LINESTRING (432036.9905442443 4585753.713729383, 432036.9419305568 4585744.08798661, 432037.0187970657 4585738.92442431)"
way,446520271,"LINESTRING (429911.4183049304 4581806.460206989, 429905.90615547216 4581801.106424536, 429897.85997094866 4581793.12357321, 429836.50420289434 4581733.129003203, 429830.18184297247 4581727.017022962)"
way,446523612,"LINESTRING (428469.1749259336 4581153.102325176, 428460.48112699785 4581161.92613862, 428398.7388562234 4581224.556817235, 428396.03183865827 4581227.348191605, 428392.23202723707 4581231.26065737, 428387.35417453316 4581236.094217911)"
way,450186815,"LINESTRING (427496.5916523781 4582354.8148335, 427504.56715056376 4582342.988069513, 427522.27687422483 4582318.772929214, 427544.6938047083 4582287.826766059, 427547.71239030286 4582283.655167923, 427550.9697748872 4582279.114784956, 427560.87350420904 4582265.270270523, 427562.56424344546 4582262.932843828, 427571.785178795 4582250.205469938, 427587.07326038135 4582229.61207485, 427592.2412009527 4582222.132534463, 427617.61211377673 4582186.338403969, 427625.1091753304 4582175.127227854, 427627.011194604 4582173.00976621, 427629.9640994731 4582168.949891077, 427633.98767678725 4582164.0910119545, 427651.5032120894 4582139.600579694, 427655.918495715 4582133.77184397, 427660.31755535223 4582127.154962515, 427692.60731558705 4582083.286798381, 427703.2631337921 4582070.1788877975, 427712.3912692816 4582057.319398414, 427716.0277045481 4582052.197959933, 427733.32081719383 4582029.664082706, 427752.2867926072 4582005.492536123, 427760.61797085864 4581994.872754807, 427783.4505617006 4581965.155676422, 427811.3129508535 4581929.137594904, 427839.9092548552 4581892.05753873, 427848.0327726665 4581881.550963409, 427863.42697195243 4581861.379054565, 427867.26100553625 4581856.766466873, 427870.2192230376 4581852.37355616, 427894.1586537346 4581818.670978198, 427911.96226305375 4581796.065863002, 427923.1599285827 4581781.864820326, 427936.251907304 4581764.747085856, 427945.51377819915 4581752.641585036, 427952.6056963347 4581743.477748784, 427966.9628566086 4581724.915213745, 427986.2772145977 4581701.1405698825, 427998.433066824 4581685.719908252, 428000.3654620578 4581683.269161403, 428005.4601251774 4581677.589346227, 428009.33496007096 4581677.906142113, 428022.18281913473 4581663.11151561, 428032.77008867834 4581648.872306382, 428033.070968837 4581642.962551311, 428035.61485350603 4581639.772947004, 428065.8954609451 4581603.65418333, 428085.9438825984 4581581.315919711, 428095.50551598414 4581570.717650205, 428110.0376898118 4581554.5519183, 428111.0466676507 4581553.420511345, 428125.336214695 4581538.078836728, 428152.20193346957 4581509.155726454, 428195.9218589995 4581461.2018076265, 428247.17736635596 4581407.377819933, 428249.2137789322 4581405.281408032)"
way,450280067,"LINESTRING (428515.94857926277 4582671.12235233, 428509.05949364183 4582664.384233631)"
way,452884309,"LINESTRING (431184.42125568265 4582427.853138418, 431188.1075891042 4582424.231900531, 431214.0632132144 4582397.1942208605)"
way,452884310,"LINESTRING (431231.14414783975 4582379.467346817, 431310.04665423254 4582298.0677012205)"
way,456638730,"LINESTRING (430996.92081371974 4583983.572451456, 430995.43826463446 4583985.018852432, 430988.5631255499 4583991.646182248, 430983.2428086269 4583997.392673313, 430979.25998225424 4584001.383265691, 430974.8468512251 4584005.833180832, 430966.3842563007 4584014.296539734, 430947.2108940231 4584033.898319412, 430921.3106511841 4584060.747897345, 430917.41803749965 4584064.548915824, 430903.984314245 4584077.656380049, 430900.01998841786 4584081.824488125, 430882.1880436378 4584100.925120735, 430826.7299422153 4584159.267511177, 430823.0307365047 4584163.177764363, 430817.5871236701 4584165.616899603, 430811.8153982472 4584171.33452857)"
way,457644776,"LINESTRING (431006.7023689027 4580687.829539115, 431006.13751999196 4580682.0836513825, 431005.63659700373 4580676.903399398, 431005.4995357775 4580675.683393101)"
way,457712191,"LINESTRING (430045.41457368986 4580711.010822727, 430045.2608107331 4580715.009336198, 430044.897100993 4580724.117191468, 430044.71588949504 4580728.737730119, 430045.200563849 4580733.029859112)"
way,457712192,"LINESTRING (430042.7174636379 4580733.109339233, 430042.750614669 4580728.745595287, 430042.7826943081 4580724.270833114, 430042.8440680389 4580715.0326614, 430042.8738932357 4580711.190784087)"
way,457712193,"LINESTRING (430007.0157678294 4580711.536963051, 430006.9793145042 4580715.556550713, 430006.9239903691 4580724.550402381, 430006.88496413676 4580729.169569479, 430006.8486182216 4580734.066282261)"
way,457712198,"LINESTRING (429893.2437987295 4580736.74082659, 429893.10852433025 4580731.401656897, 429892.773196044 4580726.131039438, 429892.39696830895 4580717.496649569, 429892.22655220854 4580713.712221009)"
way,457712200,"LINESTRING (429844.9934391554 4580726.915325361, 429845.0688331793 4580718.287668327, 429845.1145262158 4580714.367914219)"
way,457712204,"LINESTRING (429775.095023095 4580715.823168304, 429775.0440974267 4580719.198933823, 429774.8844096204 4580727.749690051, 429774.78745206783 4580733.27985823, 429774.69864208065 4580738.787741785)"
way,457712206,"LINESTRING (429650.99226873333 4580738.133176068, 429652.2884002595 4580737.254572071, 429655.47564683924 4580734.758800725, 429656.7269752681 4580731.848806597, 429656.87338773586 4580728.838507072)"
way,457712208,"LINESTRING (429627.8209526008 4580716.918459595, 429627.8524713283 4580721.026216899, 429628.1255395083 4580729.339618274)"
way,457712211,"LINESTRING (429470.29379558156 4580740.388881526, 429470.1727492495 4580737.4033848, 429469.9575801629 4580731.620878356, 429469.6227686537 4580722.997199073, 429469.4427331234 4580718.246918645)"
way,457712213,"LINESTRING (429405.38050951785 4580744.018604293, 429405.20991215046 4580738.524339377, 429405.0152370701 4580732.275313063, 429404.74072345777 4580723.839796755, 429404.6137394784 4580719.388778077)"
way,457712215,"LINESTRING (429293.09226962575 4580733.332966485, 429292.8639864591 4580725.363321702, 429292.7746305209 4580720.490026739)"
way,457712219,"LINESTRING (429103.9010641808 4580733.493386626, 429103.737296545 4580728.7207449665, 429103.65910776163 4580724.147118323)"
way,457714519,"LINESTRING (431065.52580584586 4580662.85474825, 431065.2556725764 4580662.5908495495, 431061.71386720793 4580659.515743739, 431057.2717820248 4580655.871855725, 431056.3527737567 4580655.092296419)"
way,457714524,"LINESTRING (430744.8866763969 4580717.028712862, 430744.1281539408 4580707.665166761, 430743.66746004106 4580701.463083334, 430742.7778410583 4580695.009733145, 430742.37283579423 4580684.132823937)"
way,457714527,"LINESTRING (430569.4307444952 4580726.146192049, 430569.36577787704 4580721.9832485495, 430569.28443414095 4580716.110624279, 430569.1898361313 4580709.727396296, 430569.1115764278 4580704.176725007)"
way,457714529,"LINESTRING (430610.24313647486 4580726.155064906, 430606.55199068924 4580719.728549356, 430603.7471839497 4580714.159571075, 430600.3488179763 4580707.741358242, 430597.3979074704 4580701.762976113)"
way,457714538,"LINESTRING (430421.37177182874 4580733.406067815, 430421.43443019094 4580725.122742291, 430421.48196957394 4580718.749251705, 430421.72823258257 4580711.296877405, 430421.5713509581 4580706.279896591)"
way,457714541,"LINESTRING (430227.3147858848 4580731.030227171, 430227.27225196955 4580726.611700823, 430227.2214891754 4580721.33833399, 430227.14668093494 4580713.567056629, 430227.1076738225 4580709.514890613)"
way,457714544,"LINESTRING (430204.4082590416 4580710.210858772, 430204.3915452796 4580713.686213082, 430204.3519766153 4580721.736163489, 430204.32973930496 4580727.243393423, 430204.3121467777 4580731.4959561145)"
way,459464518,"LINESTRING (430758.5384645776 4584612.307025879, 430766.8445376956 4584618.167639343, 430789.3769608939 4584635.383742917, 430839.00277517235 4584679.176737994, 430844.09429097635 4584683.6691838335)"
way,460175472,"LINESTRING (431521.6916437744 4589928.723592804, 431528.14369263145 4589925.609143233, 431529.2436653158 4589926.220488331, 431531.75090016884 4589928.1397551345, 431535.60804609966 4589932.366755989, 431540.7459256954 4589939.535017752, 431543.5135026023 4589944.249771699, 431546.61453128734 4589950.660123193, 431547.5845227436 4589954.303813917, 431549.2434408885 4589956.60862274, 431551.5087149017 4589957.675258932, 431557.1969839749 4589957.699107262, 431558.011230203 4589961.655157519)"
way,460742814,"LINESTRING (434310.1263383474 4584577.309804547, 434307.6356986857 4584581.940062502)"
way,460743029,"LINESTRING (433903.5288968572 4584454.494301624, 433898.054154414 4584452.690119834, 433888.49686533643 4584449.59088654, 433877.48936283175 4584446.038593392)"
way,460743034,"LINESTRING (433880.2614496121 4584438.385651725, 433894.64760680625 4584443.039583327, 433904.2039894278 4584446.038907914, 433905.70423973596 4584446.480425931)"
way,473385647,"LINESTRING (430555.4650997745 4584439.8810109, 430537.77375295263 4584422.918943645, 430522.0310652548 4584407.81460882, 430460.73937388405 4584360.4051871365, 430445.3868316104 4584348.528213595)"
way,473385971,"LINESTRING (430066.47507481294 4584038.931699701, 430055.79540039384 4584029.7861269945, 430036.4722835955 4584013.740347191, 430034.8121178103 4584012.357421209, 430023.01862698444 4584003.011702721, 430010.14190368704 4583993.165739297, 430007.4376360049 4583991.0046047345, 429987.9581774201 4583975.238034988, 429976.87505338097 4583965.885520894)"
way,473387595,"LINESTRING (430557.1523787478 4584441.496953857, 430552.28796247387 4584446.773085136, 430544.5674843929 4584454.941170371, 430532.2463675337 4584467.994277126, 430519.7982667596 4584480.0049512, 430481.57604349556 4584516.856051567, 430463.93519010465 4584533.868592078, 430441.2920573959 4584555.703493028, 430432.5048805273 4584564.181732489, 430412.95982095023 4584583.944019874, 430405.6749349998 4584591.308664571)"
way,474202255,"LINESTRING (431634.1314525554 4584066.706152991, 431630.76954399 4584070.0909630405, 431629.00480369705 4584075.303768519, 431624.5090013753 4584079.887295726, 431569.8768390913 4584135.151668805, 431560.81457152776 4584144.785792139)"
way,474208540,"LINESTRING (427462.32375582424 4581387.31206872, 427463.77596525254 4581382.012523474, 427467.9730672665 4581369.390859871, 427474.691577837 4581345.496666884, 427477.12129937904 4581338.433074735, 427489.65903629235 4581304.388075639, 427497.3464189081 4581283.7040725835, 427499.4067574126 4581278.165290244, 427508.38913642743 4581249.829511697, 427516.302908607 4581225.012969053, 427519.21970277134 4581218.144375831, 427529.02403608395 4581187.524302796, 427541.0928824627 4581151.696525758, 427542.8677670091 4581146.038480096, 427544.82073538244 4581139.790198052, 427546.3846896059 4581133.945512094, 427551.79392944643 4581113.717371081, 427558.3315992212 4581091.756998488, 427564.74269936845 4581068.843044691, 427566.19605330826 4581063.643440952, 427568.30454660574 4581056.216699864, 427575.7366103058 4581030.017184777, 427577.69168003224 4581023.136024969, 427579.05528885406 4581018.1593804, 427584.9462136512 4580996.738443171, 427589.2691295423 4580979.085974653, 427590.53866428474 4580973.899316835, 427592.9292838857 4580964.571162332, 427596.37443243206 4580951.135486363, 427601.9929536479 4580930.061480337, 427611.75502379524 4580903.505650756, 427616.8409068319 4580890.220144657, 427618.6420693253 4580885.505610695, 427635.6537752041 4580852.115729299, 427641.92582203954 4580841.194431066, 427656.1054914823 4580816.470968041, 427662.630962157 4580804.958704296, 427669.13164610043 4580794.312723983)"
way,474353837,"LINESTRING (429692.4388312383 4583115.448887168, 429687.74971891235 4583113.840073446, 429646.7302614428 4583100.615130003, 429611.40258666215 4583089.811048419, 429543.86065992026 4583067.717888685, 429516.8079221099 4583059.32082437, 429514.15792706376 4583058.491688379, 429510.0908141526 4583057.232228359, 429434.9049317175 4583032.383224328, 429432.21257721016 4583031.499016007, 429429.647132928 4583030.769013039)"
way,477373216,"LINESTRING (433592.1865547738 4585320.543122632, 433588.12470041536 4585324.1888109045, 433578.67732184386 4585333.868346792)"
way,477373220,"LINESTRING (433451.9144256158 4585457.397091517, 433451.31605096493 4585461.39961309, 433448.95108986675 4585464.152656513, 433447.34363317245 4585465.666320504, 433368.8035348129 4585545.152499313, 433365.5687072465 4585547.8247577185)"
way,477469578,"LINESTRING (428342.395208191 4578023.159952073, 428330.29395982623 4578017.728061172, 428282.69528124185 4577996.336913514, 428271.5695105453 4577991.41731026, 428237.96524624893 4577976.560920204, 428182.3818249841 4577952.3737648865, 428167.8819432602 4577945.53361528, 428163.97509482683 4577943.873560739, 428142.81679501885 4577934.634557997, 428127.80124711466 4577928.110475257, 428113.73748421983 4577922.2320614)"
way,477577917,"LINESTRING (431061.7943022304 4580844.710120544, 431063.7082670375 4580841.949517668, 431101.1246620703 4580830.535323577, 431115.53997373517 4580826.745475929, 431126.4996691458 4580822.77753978, 431129.1916171346 4580821.797117076, 431147.6992297763 4580813.893713164, 431170.10508439917 4580803.455201726, 431172.7895639749 4580804.329037964)"
way,477582835,"LINESTRING (428711.1471470778 4580627.215947313, 428708.6456896871 4580623.732032328, 428706.15285634424 4580621.125162728, 428697.0322870725 4580612.166009781, 428696.0673778353 4580610.99859387, 428679.48872027214 4580595.451090005, 428660.9493841133 4580576.991752599, 428632.11862263246 4580548.752195636, 428605.76714953675 4580522.608984727, 428599.9389464406 4580516.78185104)"
way,478123067,"LINESTRING (432047.7867740355 4584439.498762359, 432051.1276345877 4584442.776057364, 432056.4669692825 4584447.910981169)"
way,478291215,"LINESTRING (430010.14190368704 4583993.165739297, 430014.18325953686 4583989.229551329, 430019.47989937465 4583983.704619011, 430027.25014697504 4583975.502188485)"
way,478415670,"LINESTRING (431026.5212424102 4582934.623833658, 431034.87025055836 4582950.088346199, 431041.13284426834 4582958.044988598)"
way,478415671,"LINESTRING (431041.13284426834 4582958.044988598, 431043.4629869155 4582960.421023431, 431051.2947991331 4582966.35311617, 431059.61361671536 4582969.871259861, 431066.9124362905 4582972.510891155, 431074.0750772327 4582974.019333338, 431085.7197190104 4582976.484394536)"
way,478415672,"LINESTRING (431038.6191501132 4582960.977872126, 431031.11340619053 4582949.779929291, 431028.22635106393 4582944.233781694, 431026.5212424102 4582934.623833658)"
way,478415673,"LINESTRING (431085.7197190104 4582976.484394536, 431065.92953296483 4582975.529122266, 431056.71166954824 4582972.41923227, 431049.35063892376 4582968.514476666, 431042.6445299763 4582964.026144134, 431040.93649354985 4582962.887707638, 431038.6191501132 4582960.977872126)"
way,478415674,"LINESTRING (431026.5212424102 4582934.623833658, 431024.6054728164 4582921.329740649, 431022.7177215263 4582910.1005145, 431022.41625235096 4582908.293618294, 431020.3443433542 4582899.675320055)"
way,478525277,"LINESTRING (430965.91222270165 4583049.22771277, 430963.5484311742 4583046.829817596, 430959.76951508113 4583043.324022378, 430956.3090061052 4583039.892913888, 430953.9787531693 4583037.505804897)"
way,478525279,"LINESTRING (430993.91572633054 4583020.715156435, 430991.1219911196 4583017.943851095, 430987.7292099398 4583014.600905453, 430984.00108283514 4583011.161230951, 430981.49559245486 4583008.809091618)"
way,478725548,"LINESTRING (430119.76234976476 4582199.810314694, 430112.08588470105 4582191.945800963, 430103.2689218398 4582182.8709811075)"
way,478725550,"LINESTRING (430094.4181726659 4582173.763188977, 430066.1131443897 4582143.31467812, 430035.91051316645 4582114.672163223, 430017.65416241164 4582096.184535908, 430015.84499650076 4582094.136874892, 429998.4429661484 4582076.67361035, 429969.13269988965 4582048.711121853, 429938.1028762791 4582021.94228224, 429934.95408285584 4582018.852821009)"
way,485889477,"LINESTRING (433004.86023867526 4585380.126675407, 433007.6498311116 4585377.214113951, 433011.5670395893 4585373.325169147, 433013.97396142606 4585370.604900533, 433015.64646064036 4585368.9017887525, 433068.2358908856 4585314.955071599, 433069.88250307407 4585311.353626569, 433075.8647190031 4585309.333105539, 433086.7514198393 4585307.145113815, 433092.1189137045 4585305.529991893, 433099.589042821 4585300.819951489, 433103.3898104513 4585297.886979302, 433107.6830805202 4585293.983510285, 433144.2862408989 4585255.540366687, 433146.17782600096 4585252.214248551, 433149.2733562403 4585243.503237388, 433154.3961692056 4585211.7684260085, 433160.0106898857 4585198.881695986, 433166.83024838223 4585190.6803435115, 433168.65161554073 4585188.798249215, 433171.06460409134 4585186.721944627)"
way,485890065,"LINESTRING (433537.3801650729 4584813.95811582, 433534.9441161923 4584816.278765999, 433526.893272448 4584824.280103889, 433475.52050351445 4584879.500046238, 433407.13801424927 4584949.998886982, 433399.4628338058 4584957.919198522, 433398.61853370146 4584963.356248119, 433396.0916053476 4584967.598572416)"
way,487652088,"LINESTRING (433571.1131628725 4583646.754666339, 433576.3611367258 4583652.013662573, 433595.0470227436 4583671.372102909, 433637.51797105366 4583714.661153388, 433655.42434369324 4583732.916609078, 433674.1606163122 4583750.520544093, 433703.6727254268 4583778.218224777, 433731.42692202854 4583805.676745751, 433748.8148227057 4583823.048946861, 433768.3348061212 4583841.389835051, 433826.24121033755 4583895.397321944, 433834.5004303596 4583904.559368997, 433840.93538746116 4583911.6840766575, 433847.30177990405 4583917.710239891, 433855.86007755867 4583925.759298994, 433858.97221701825 4583935.1793460725, 433862.6395688636 4583938.576610079, 433880.05707481987 4583954.683128121, 433900.18974791735 4583974.284484497, 433921.8860278628 4583994.859773903, 433940.4033532734 4584012.433067153, 433958.37211901083 4584029.445167503, 433993.5406414552 4584066.252205944, 434016.23138483195 4584087.773543806, 434035.3888493667 4584105.929686892, 434056.8106146086 4584125.81949677, 434118.2327326855 4584188.202041114, 434121.86559404933 4584191.51092411, 434125.68928020675 4584194.662633642)"
way,487958036,"LINESTRING (433834.5004303596 4583904.559368997, 433847.69319321634 4583904.738603439)"
way,489429968,"LINESTRING (428874.5630398945 4580968.545876991, 428869.0368795521 4580966.168574769, 428856.5067988903 4580954.000645392, 428845.9793322149 4580943.933730809, 428839.91726393835 4580937.231578729, 428824.57074390724 4580921.860410691, 428800.3668960684 4580897.89380815, 428796.97917369107 4580894.418570633, 428794.7235504398 4580892.109120325, 428787.89875397534 4580884.393036337, 428786.8506343091 4580881.560990728)"
way,489441160,"LINESTRING (431749.3882820937 4584700.580712807, 431724.7387171566 4584676.631094028, 431701.84175598994 4584657.727932027)"
way,490159843,"LINESTRING (430210.31714833155 4583242.009501389, 430207.2134637708 4583245.27035363, 430204.43387691554 4583248.328231721, 430202.9858353275 4583249.885489796)"
way,490432355,"LINESTRING (433873.6544905248 4586251.047340945, 433869.210094605 4586246.62462189, 433828.6431941594 4586206.947589117, 433826.8386550612 4586205.17653626, 433818.62574318424 4586197.146584161, 433773.91835834953 4586153.455187623, 433756.9779855485 4586136.900492148, 433746.66533539776 4586126.824715532, 433737.2711014296 4586117.57325515, 433696.81811918877 4586077.718250715, 433659.57355014276 4586041.486882489, 433654.2164465528 4586035.984581553)"
way,490432366,"LINESTRING (433189.2313750149 4585560.275776875, 433192.90142530535 4585564.016863023, 433265.13314760744 4585634.475227854, 433270.707808073 4585639.941935162)"
way,490432367,"LINESTRING (433261.7530610765 4585651.293893661, 433255.0147343436 4585644.705435679, 433182.93353498174 4585574.256883852, 433178.3191192174 4585569.614089157)"
way,490434716,"LINESTRING (434307.6356986857 4584581.940062502, 434305.50474223547 4584583.835771316, 434303.41547567595 4584585.719999659, 434297.794661426 4584590.822779863, 434289.7365933473 4584599.067570882)"
way,490434718,"LINESTRING (434310.1263383474 4584577.309804547, 434311.3495996127 4584573.024131125, 434313.0435312926 4584570.865922631, 434316.601583243 4584568.724109265, 434326.6267523945 4584561.705016827)"
way,490468086,"LINESTRING (434227.935195648 4585244.101775161, 434232.504053866 4585239.186127445, 434235.36950152833 4585236.284464706)"
way,490476262,"LINESTRING (433551.3208528281 4585361.010502333, 433543.2196598881 4585369.833912798)"
way,490476268,"LINESTRING (434720.8028555959 4584139.043570302, 434725.9281207084 4584134.534049706)"
way,490484076,"LINESTRING (434441.40273303096 4583903.924268869, 434467.99276002805 4583892.714033383, 434469.94620410976 4583891.497255096)"
way,490489613,"LINESTRING (433273.18828448484 4585085.8764605755, 433270.5874151229 4585088.431883294, 433263.1198278081 4585096.172788206)"
way,490489614,"LINESTRING (433287.60914788523 4585070.810225773, 433273.18828448484 4585085.8764605755)"
way,490516006,"LINESTRING (432401.59524917824 4585355.547375269, 432404.6305348503 4585353.909111183, 432419.3373455078 4585348.231442439)"
way,490516009,"LINESTRING (432447.2999730309 4585333.636600507, 432442.715162711 4585336.7104760725, 432440.6270739557 4585337.751430411)"
way,490602018,"LINESTRING (432037.60866244015 4582889.048590147, 432042.4261029658 4582883.884984579, 432048.07800652337 4582877.658784889)"
way,490602020,"LINESTRING (432037.60866244015 4582889.048590147, 432040.6367386697 4582891.884709162, 432042.02002485894 4582894.070091287)"
way,490602021,"LINESTRING (432030.8720444472 4582885.703233062, 432032.7756793534 4582886.318231306)"
way,490602022,"LINESTRING (432011.80596317805 4582896.8739760285, 432013.7059630434 4582892.648168241, 432016.55196409754 4582889.446045388, 432018.8943457433 4582887.814149817, 432019.67517459043 4582887.273885418)"
way,490602023,"LINESTRING (432022.10530008515 4582917.262034894, 432019.88839789084 4582916.228072077, 432017.07734331675 4582914.24484288, 432016.2764871931 4582913.541778318, 432014.9616150796 4582912.410527953)"
way,490602024,"LINESTRING (432014.9616150796 4582912.410527953, 432013.2795803375 4582909.57288783, 432011.68325042375 4582906.068273622, 432011.0181423719 4582901.122653174, 432011.80596317805 4582896.8739760285)"
way,490602025,"LINESTRING (432031.8141210067 4582917.492904715, 432028.3817601122 4582917.9026105, 432026.7114548473 4582918.0959306555, 432025.1454519556 4582917.821953366, 432023.07702370983 4582917.463869004, 432022.10530008515 4582917.262034894)"
way,490602026,"LINESTRING (432042.02002485894 4582894.070091287, 432043.0737332418 4582895.88106954, 432044.17970606976 4582900.589396724, 432043.77160265634 4582905.2120036995, 432042.7033324331 4582908.086557113)"
way,490602027,"LINESTRING (432042.7033324331 4582908.086557113, 432042.0253998005 4582909.791651025, 432038.74538557365 4582913.963782589, 432036.43603100383 4582915.550950665, 432034.86601736676 4582916.631554473, 432031.8141210067 4582917.492904715)"
way,490655487,"LINESTRING (431753.2112340182 4583371.487718416, 431750.87265822105 4583367.290673715, 431724.8459318014 4583326.311111538, 431720.4840995193 4583319.4462609105, 431693.9054181491 4583273.164847065, 431691.4745094092 4583268.9353830675, 431686.5181114548 4583260.199778302)"
way,490731920,"LINESTRING (430398.24645222095 4584599.385284282, 430391.8424892989 4584607.085664617, 430355.03573123115 4584649.30877485, 430352.20027189987 4584652.589209472)"
way,490742435,"LINESTRING (432790.7136992179 4582191.260637741, 432830.9454404244 4582230.580011547, 432839.14732176624 4582238.631217949)"
way,490742436,"LINESTRING (432853.7966384903 4582254.894254779, 432857.4703937847 4582257.036353499, 432866.9923406209 4582265.885860309)"
way,490742437,"LINESTRING (432666.9330020805 4582070.87877235, 432669.236659123 4582073.133436686, 432678.81398605806 4582082.492917601, 432730.8664425574 4582133.12670119, 432734.9595473339 4582137.196732285, 432736.95980466617 4582139.198870097)"
way,490742438,"LINESTRING (432758.7864276206 4582157.560134258, 432762.0001995062 4582160.583575951, 432763.8328163733 4582162.542865616, 432765.43742617173 4582164.260010213)"
way,490742439,"LINESTRING (432490.86950181465 4581875.86437488, 432527.91947040166 4581908.072665603, 432548.02373004134 4581928.114773505)"
way,490742441,"LINESTRING (432436.8267331229 4581834.554966283, 432466.42595321883 4581855.907275819, 432490.86950181465 4581875.86437488)"
way,490742442,"LINESTRING (432378.9912063578 4581796.37902706, 432401.01306793944 4581810.362919167, 432436.8267331229 4581834.554966283)"
way,490742443,"LINESTRING (431917.358182414 4581515.326332178, 431930.30085895996 4581523.121045811, 432005.9968678053 4581568.709090653, 432019.16646411724 4581576.646166792, 432133.401960832 4581643.635558825, 432172.11062018684 4581666.933195012, 432236.38546290447 4581705.835596566, 432378.9912063578 4581796.37902706)"
way,490742444,"LINESTRING (431898.55821875663 4581516.035925696, 431899.13860397955 4581516.396864031, 431917.358182414 4581515.326332178)"
way,490742445,"LINESTRING (431641.36043216375 4581402.477593886, 431643.94537963887 4581399.921767405, 431646.9406924385 4581398.316913525, 431657.64880507 4581392.564583722)"
way,490751787,"LINESTRING (431131.605986032 4582867.817246942, 431126.3484817349 4582874.995274144)"
way,490751792,"LINESTRING (431462.58090198244 4582528.561416628, 431455.68377729435 4582535.710290231, 431451.9047778778 4582539.265650779, 431448.81817204197 4582541.770793672, 431446.95580474875 4582543.764724281)"
way,490751793,"LINESTRING (431737.72422266525 4582287.82987821, 431738.38754178456 4582289.011631019, 431739.0423954968 4582290.18236082, 431738.7428945608 4582292.117075455, 431736.94246359565 4582294.487840314, 431721.44671436347 4582310.222244255, 431702.6465725721 4582329.318684474, 431656.38214923453 4582376.142634946, 431622.0885029348 4582411.129300104, 431615.54109461186 4582418.152582265, 431572.9373404371 4582461.156472575, 431564.9871884736 4582469.25892583, 431534.2108851614 4582501.215036238)"
way,490751794,"LINESTRING (431697.1690368515 4582249.407726354, 431714.0185316644 4582265.5145364655)"
way,490751795,"LINESTRING (431451.6719330173 4582503.172505934, 431451.2280552442 4582502.210758752, 431449.2045247476 4582497.777666535, 431452.1542326526 4582494.940734469, 431458.67501044716 4582488.6614414165, 431471.08247154247 4582476.2421064)"
way,490751796,"LINESTRING (431489.2063643444 4582538.690714564, 431483.3165176441 4582533.88337509, 431471.4091073206 4582522.260303526, 431470.2948317648 4582521.13835456)"
way,490751797,"LINESTRING (431534.2108851614 4582501.215036238, 431510.3987008248 4582525.9996187, 431496.4007808098 4582539.988326025, 431494.05423759273 4582542.064542817, 431492.32882645604 4582540.859547312, 431489.2063643444 4582538.690714564)"
way,491325115,"LINESTRING (430631.65749404277 4580711.782863864, 430656.16441765823 4580709.4499268895, 430737.8257234469 4580701.896399607, 430743.66746004106 4580701.463083334, 430752.28170817153 4580700.603581265, 430840.988912569 4580691.707083447, 430844.49806853244 4580691.351619571, 430850.41656295356 4580691.073096945, 430851.9793874452 4580690.958261983, 430864.46155378193 4580689.651190192, 430873.0023650583 4580688.981280782, 430875.24096055207 4580688.693463539, 430880.8888951042 4580688.106666858, 430889.9655412919 4580687.498284799, 430997.7588278571 4580677.822204925, 430999.42994610255 4580677.6619596165, 431005.63659700373 4580676.903399398, 431007.692177497 4580676.717290764, 431014.5444301309 4580676.130238335, 431024.58723570313 4580675.102025466, 431030.1652272178 4580674.194029211, 431033.7834454291 4580672.99380482, 431037.10897845554 4580671.7963669775, 431043.8059110263 4580668.068720552, 431050.52170707565 4580663.685834366, 431051.71449840546 4580662.475382934, 431054.6468315929 4580659.5052416045, 431056.4071318764 4580657.290138678)"
way,491838000,"LINESTRING (431595.7449319912 4581328.186062674, 431592.74966115615 4581328.025588548, 431591.530777048 4581325.583371554, 431587.2727053901 4581318.329016288, 431579.28565569397 4581304.947805051, 431575.29199103836 4581297.357875588, 431573.110269708 4581292.137945192, 431571.96406406234 4581287.652126433)"
way,491838001,"LINESTRING (431571.96406406234 4581287.652126433, 431589.80324284226 4581317.094920166, 431595.7449319912 4581328.186062674)"
way,492850026,"LINESTRING (431906.16599422 4581872.653468309, 431913.8366871695 4581870.2942022495, 431924.2295102647 4581863.967867781, 431933.86868871737 4581858.414722891)"
way,492850030,"LINESTRING (431749.2540177367 4581630.9114329675, 431747.0847549155 4581627.878590298, 431741.91196030856 4581620.244165258, 431738.87300995016 4581618.096640159)"
way,492850035,"LINESTRING (431687.60817919887 4581542.159044384, 431682.7062359529 4581531.335597399, 431641.14370142185 4581466.376362719, 431625.50992610666 4581441.953318798)"
way,493079381,"LINESTRING (429209.86485387804 4582930.7113201795, 429211.51210904156 4582925.598977418, 429211.73316599795 4582924.264465726, 429211.68411851267 4582920.101347393, 429211.7222343932 4582918.868549973, 429212.2227543272 4582917.042778303, 429213.2776321657 4582915.478059209, 429262.9630434486 4582866.450670942)"
way,493079383,"LINESTRING (429784.60169124085 4582331.122796327, 429754.4892546711 4582361.836657984, 429747.3604899444 4582369.089361247)"
way,493086071,"LINESTRING (429157.5085637364 4581991.749565619, 429178.5283855753 4581989.012605555, 429181.74173403374 4581985.83907231, 429183.6791048744 4581983.866023529, 429194.6325128593 4581972.689369667, 429250.6387187276 4581915.206546977)"
way,493133634,"LINESTRING (432032.3622030351 4583093.500992111, 432032.332027312 4583100.085256926, 432032.77914734115 4583119.222350349)"
way,493185652,"LINESTRING (431697.7955991319 4586874.847535381, 431700.97127036296 4586869.576976919, 431706.6060905009 4586860.141817305)"
way,493189679,"LINESTRING (431178.42145115195 4587784.215407943, 431177.00757487107 4587784.017906914, 431173.72836053267 4587785.34815904, 431098.534966856 4587817.096905694, 431096.8044824485 4587817.868393583)"
way,493189680,"LINESTRING (431054.6423389852 4587792.144977618, 431049.8501845543 4587793.400886515, 431045.0824511 4587793.71281487, 431040.8389181802 4587793.797688895, 431036.5524402803 4587792.883709241, 431031.4145592981 4587791.178439001, 431023.65976212197 4587787.532908631, 431011.2338884387 4587777.69208469, 431009.81787501695 4587776.395444281, 431006.6096415063 4587770.275014304)"
way,493190984,"LINESTRING (431429.8836122372 4587269.703953421, 431421.1189447414 4587258.284412028, 431409.00377393665 4587245.997314838, 431404.4228214977 4587242.254657263, 431401.1489108871 4587238.888209167, 431397.58819351776 4587235.235806483, 431392.5239804955 4587229.876711818, 431384.8628965346 4587221.178066248, 431349.16607999394 4587168.200500642, 431341.19955452334 4587156.384874985, 431329.5734601231 4587136.6765062, 431310.43134408875 4587104.215638535, 431305.818728098 4587097.153565553, 431301.35398925864 4587088.946489104, 431273.1107818589 4587036.997689452, 431268.2816585432 4587027.384022375, 431262.3877700401 4587015.637610445, 431262.10348404746 4587011.221345395)"
way,493190987,"LINESTRING (431532.554267539 4587610.102034506, 431530.54918750655 4587601.294185206, 431522.7240862284 4587570.801897376, 431520.4816948783 4587561.641003974, 431513.4067459985 4587532.72934297, 431511.202011695 4587524.900447702, 431506.1958781572 4587507.116546797, 431502.81505120435 4587504.794742951, 431495.8606474281 4587479.801292127, 431490.7053739865 4587461.274917917, 431471.3839386002 4587385.91361557, 431468.5290732378 4587377.380305382, 431465.6109402027 4587369.225095403)"
way,493200561,"LINESTRING (431245.74045543943 4586571.378943129, 431245.0546546326 4586562.52532767, 431244.3538085941 4586554.726633052, 431244.0339488162 4586550.965781874, 431243.89369348314 4586546.759106929, 431246.10690879327 4586492.988826012, 431245.6523220737 4586470.654067178, 431245.4660687746 4586461.606956049, 431245.0092240459 4586431.999806446, 431245.85367634834 4586402.14713079, 431245.8899910564 4586400.692303122, 431245.95837914816 4586398.215701997, 431245.9551104156 4586393.474786077, 431248.9950511897 4586317.646267372, 431249.2439246848 4586309.5387718575, 431250.09452053305 4586281.207144639, 431250.3840369547 4586247.473729277, 431250.6538714691 4586226.619886599, 431251.4387217832 4586197.522787061, 431251.62262434314 4586194.889648495, 431252.08221854176 4586190.488526792, 431254.3840785375 4586169.770820665, 431260.6146520567 4586135.9587639775, 431265.36568862014 4586117.938011667)"
way,493200562,"LINESTRING (431262.10348404746 4587011.221345395, 431262.0783973795 4587007.701954746, 431261.63308381906 4586988.098411028, 431261.30672551016 4586982.772105673, 431260.9590989214 4586973.448947624, 431260.89018962707 4586971.473280878, 431258.94137337874 4586920.2739850655, 431257.73310399504 4586864.348911718, 431257.6734140971 4586861.584849793, 431257.4691095603 4586851.516435393, 431257.13137263624 4586839.717232351, 431254.9517158029 4586763.349805586, 431254.86704349413 4586757.077456717, 431254.3321502443 4586719.254870287, 431252.3625755937 4586684.343782797, 431251.9198171365 4586676.442707498, 431251.7294122185 4586673.113639349, 431251.30425000016 4586663.546958247, 431248.80200257374 4586606.879204664, 431248.3198656177 4586600.111002825, 431247.92160074983 4586593.375312797)"
way,493336910,"LINESTRING (428564.77557740745 4586449.905792989, 428564.8825499646 4586446.351772946, 428565.32828352106 4586434.789136659, 428565.42012188 4586415.313547549, 428564.35460776224 4586397.958958047, 428562.34690423775 4586382.512286674, 428558.7556969626 4586364.960576407, 428554.50432914693 4586348.259215605, 428548.851880867 4586331.849268531, 428542.8292632069 4586317.730201697, 428538.5886182658 4586308.889675518, 428536.0657023063 4586303.052204381, 428533.95880719373 4586293.646558595, 428532.7331716429 4586282.93315665, 428533.7569300058 4586273.207910844, 428536.94846212724 4586262.128893373, 428535.13585945393 4586257.9831675505)"
way,493515322,"LINESTRING (432302.18486072205 4582791.097751658, 432295.05252603523 4582784.769189514, 432240.0155510731 4582733.122771455, 432236.5909317133 4582729.901680941)"
way,493957280,"LINESTRING (432236.5909317133 4582729.901680941, 432236.30159909406 4582727.572794905, 432235.116322929 4582706.333081154)"
way,493964239,"LINESTRING (430407.59418837714 4581597.817915401, 430406.120829961 4581598.520443252, 430405.37657558103 4581600.259637952, 430398.4351775573 4581620.20043481, 430395.51327294426 4581629.410569894, 430393.66167527146 4581633.392078716, 430390.55154535454 4581640.416760059, 430373.6041899393 4581662.452229387, 430364.0137898377 4581675.601359372, 430356.1154044196 4581686.43594688, 430345.616318887 4581700.737432248, 430339.65919515985 4581709.088541809, 430338.9578787065 4581710.072336453, 430322.13110738015 4581732.439862371, 430312.12066551705 4581746.237072221, 430304.6179023641 4581756.457257682, 430296.5801497378 4581766.69370092, 430295.71386339044 4581767.9122473495, 430293.9978003978 4581770.326975979, 430292.34318117285 4581772.1748675555, 430288.94711214735 4581772.929226692, 430285.42298490397 4581772.541223893)"
way,493964241,"LINESTRING (430285.42298490397 4581772.541223893, 430279.85669277725 4581771.961918074, 430274.96396864846 4581772.730685047, 430271.0983918804 4581773.356336172, 430266.2309668048 4581774.1470713625, 430229.74292998307 4581780.604906733, 430229.39748657646 4581782.939836261)"
way,494021564,"LINESTRING (431308.38101559924 4588147.200889802, 431313.4858581225 4588158.655054153, 431317.1808364898 4588168.568200147, 431320.2407056988 4588178.4651742065, 431322.5738018234 4588183.972284035)"
way,494027487,"LINESTRING (425620.21212280355 4581883.726575544, 425627.9174023522 4581893.062853501, 425630.0870254257 4581895.882960399, 425632.66550173576 4581899.431671736, 425647.05152825883 4581920.946048308, 425663.26779337693 4581945.628244759, 425672.70755818 4581959.399089617, 425692.64201632654 4581987.895959198, 425693.8906709248 4581989.792874989)"
way,496650005,"LINESTRING (433899.49352746963 4583095.70540146, 433905.11185070104 4583100.306190857, 433909.9218689323 4583104.281502115, 433928.20313003403 4583117.726709015, 433935.1352370008 4583123.381402478, 433937.53554474475 4583125.313596438, 433949.95511471725 4583132.2283802545, 433960.0534047446 4583136.710637514, 433976.08141506003 4583145.113643553, 433984.9306713497 4583151.98331483, 433989.7227790654 4583155.836710518, 433993.9626451584 4583159.639628339, 434013.69094092725 4583181.454452104, 434018.5150405658 4583187.905623752, 434025.01359735493 4583195.540644418, 434038.51405167434 4583219.266431489, 434075.20038303436 4583283.761486719, 434100.37450865004 4583328.065597305, 434124.3447493841 4583370.559888063, 434140.62962149625 4583399.012518012, 434173.6454754131 4583457.212853099, 434185.3109395717 4583477.824601276, 434201.7032249805 4583500.669486873, 434219.73791103414 4583522.111642704, 434224.7322874979 4583526.185406608, 434230.5211593152 4583528.453309026, 434234.84777674626 4583529.879581766)"
way,497784576,"LINESTRING (433147.9553907931 4582539.269714903, 433049.0558076208 4582639.0645786505, 433046.1404261729 4582642.055971054)"
way,497952258,"LINESTRING (427716.836512458 4580791.072183538, 427722.3697618067 4580799.977076874, 427724.4271008256 4580805.008399322, 427725.17289245897 4580806.832947719, 427744.9522376996 4580830.362724707, 427746.91808523715 4580832.930112508, 427749.3980173386 4580835.8920820365)"
way,497952261,"LINESTRING (427808.4959763725 4580912.690694168, 427885.67839839624 4580989.987083051, 427893.7843046292 4580996.090769416)"
way,498269276,"LINESTRING (429202.50012234726 4582952.200850377, 429204.9638217088 4582945.08199843, 429205.232861234 4582944.37988435, 429206.6647013751 4582940.324423848, 429207.4270920896 4582937.918739994)"
way,498919127,"LINESTRING (430886.46813758183 4580702.242883586, 430892.9959150445 4580707.099196677, 430924.7267746711 4580730.012750532, 430931.82642375457 4580735.2078354815, 430972.58250133565 4580764.441929884, 430998.49189056345 4580782.936801533, 431006.10682082886 4580788.682193336, 431012.5737756247 4580794.194257189, 431016.4291558557 4580798.58759079, 431031.45083008043 4580821.605135698, 431042.37646779866 4580840.43150208, 431039.7316130238 4580842.843774271)"
way,498919128,"LINESTRING (431002.8012677044 4580795.486385311, 430995.05604476377 4580789.23150733, 430970.0428054451 4580771.749573478, 430958.65970681404 4580763.752928388, 430924.2276432319 4580737.312066937, 430920.4035009064 4580734.450673782, 430901.50852768053 4580721.0187091)"
way,499395226,"LINESTRING (432060.7165618185 4579876.807496583, 432061.01318805607 4579873.65152809)"
way,499522253,"LINESTRING (432224.57300769386 4585925.29260882, 432219.4419413051 4585926.2066934435, 432216.85126057256 4585923.5329605425, 432202.277588435 4585908.491852084, 432191.9867525031 4585898.340317177, 432173.52452168206 4585880.371234679, 432162.6998641493 4585869.447542029, 432156.82684000407 4585863.429325245, 432153.29123853514 4585859.809625597, 432140.640255416 4585847.526331119, 432125.41235822334 4585833.157680466, 432123.45855219406 4585831.566088745, 432121.1088657878 4585829.645124495, 432102.49084461306 4585812.032971188, 432090.3658195726 4585800.599748951, 432081.860932731 4585792.885343059, 432074.94840583607 4585792.772577387, 432071.2033205081 4585792.663393754, 432062.9537463226 4585792.563190403)"
way,499525340,"LINESTRING (429437.05029640364 4586889.540234243, 429434.0661007925 4586892.000898368, 429415.60755629104 4586907.425385964, 429368.49406067096 4586946.601376376, 429342.436293562 4586968.473379697, 429335.644333157 4586974.613062253, 429322.82130667835 4586988.650389482, 429309.5659125083 4587008.8874380365, 429298.8939636699 4587030.975669141, 429289.6730509063 4587051.906125186, 429272.49647100316 4587091.5452101035, 429261.3500696485 4587118.068240813, 429249.2197126468 4587145.64459776, 429240.20819108014 4587166.595285067, 429232.1470841088 4587183.051074098, 429224.6668667857 4587191.407100624)"
way,499559189,"LINESTRING (426067.08660115686 4583953.577717639, 426056.81772377377 4583955.7144354945, 426022.24306893314 4583963.151345606, 425993.8885132694 4583965.728324542, 425988.6957681263 4583964.771021823, 425987.49113239406 4583970.412585672)"
way,499561285,"LINESTRING (430783.3057547555 4579444.899899948, 430773.84317230916 4579428.902257641, 430745.5333056253 4579380.331311719, 430719.0695773382 4579335.917490678, 430707.52918738313 4579316.098210333)"
way,499563625,"LINESTRING (431874.7026369093 4583645.483530389, 431897.050335699 4583622.590202845, 431905.40329321934 4583613.862532535, 431909.6248350722 4583612.956814938)"
way,499563629,"LINESTRING (431578.4667792094 4582823.47882421, 431572.35959673516 4582795.635064355)"
way,499563631,"LINESTRING (431557.1192744994 4582628.536905298, 431544.64047332865 4582641.356475015, 431541.1211782676 4582644.964849832, 431538.73631909187 4582647.407808929)"
way,499564888,"LINESTRING (427887.1066453123 4580192.860120195, 427864.5284405687 4580184.046969292, 427859.89435774565 4580179.796250255)"
way,499564890,"LINESTRING (428053.9061159751 4580303.941859286, 428055.87710279535 4580301.968183993)"
way,499564891,"LINESTRING (427980.2358959358 4580241.420043734, 427982.915736059 4580243.447461288, 428044.3998729781 4580295.8533601435, 428045.1000581452 4580296.457070741)"
way,499564894,"LINESTRING (428243.9319286338 4580462.917425891, 428245.41289369535 4580463.824307979, 428246.89396827633 4580464.742292197, 428257.13318185584 4580470.880784065, 428265.2093127789 4580475.641728506, 428272.362896405 4580480.145340464, 428278.6918713497 4580484.146384078, 428281.40829895576 4580485.662812679, 428287.0924561385 4580489.581419946, 428301.3367890226 4580495.624836014, 428303.4261314999 4580496.31475672)"
way,501287209,"LINESTRING (427969.87736198725 4581928.925161228, 427971.01471385243 4581929.779884651, 428055.95002357184 4581995.83128749, 428058.57838222734 4581997.7926170295)"
way,501287210,"LINESTRING (427977.5155077102 4581899.85942389, 427976.6189362979 4581901.356131655, 427975.9047904055 4581903.539409132, 427962.5064080561 4581918.417329364, 427959.992127271 4581921.206963068)"
way,501287211,"LINESTRING (428009.1110220868 4581888.497987817, 428010.9723721716 4581889.001332484, 428013.80041157425 4581889.173087683, 428060.8164711665 4581889.705388078, 428069.4721986617 4581889.81930542, 428120.3787981107 4581890.579840059, 428134.8552810528 4581890.780430852, 428141.2417320957 4581890.572750882, 428147.3539184113 4581890.534340564)"
way,501287212,"LINESTRING (427447.8035891032 4581747.8374344995, 427450.2008059561 4581748.401888973, 427471.3087888408 4581755.285369335, 427531.90132720955 4581777.095994093, 427558.22936724767 4581785.881639657, 427562.09721392783 4581787.17532633)"
way,501455456,"LINESTRING (432308.0267639801 4585275.670761626, 432299.7851015138 4585267.542830099, 432241.1429097662 4585209.157575802, 432233.25760957086 4585201.614833443)"
way,505292398,"LINESTRING (432985.40745014185 4583862.727305679, 432986.2664800278 4583864.3181612985, 433024.0595247123 4583924.8563439185, 433033.30859066313 4583939.70408821, 433048.3330099635 4583963.491722245)"
way,506457180,"LINESTRING (430591.094218028 4583443.476096739, 430589.08270592074 4583445.560513479, 430534.61732791556 4583502.2411754085, 430530.8130399841 4583505.675153429, 430518.6589992223 4583516.272886499)"
way,506457575,"LINESTRING (430125.6968854377 4583873.892471885, 430139.6392982276 4583859.890405049, 430198.7580288162 4583799.164708864, 430208.9075619118 4583788.852202799)"
way,508645238,"LINESTRING (433272.81520473835 4587426.782912623, 433276.96545770334 4587421.093263127, 433278.85541225015 4587414.025504747, 433280.2151190798 4587408.350497274, 433281.7290868412 4587404.905744385)"
way,508645256,"LINESTRING (433270.9501519626 4587442.888181446, 433275.0494459321 4587443.449917825, 433282.5511167398 4587444.2023284305, 433285.79314280796 4587446.937038742)"
way,508722402,"LINESTRING (432824.8791549641 4587415.407450336, 432830.1805473328 4587414.947408573, 432842.649412029 4587414.331993491, 432909.1194313945 4587410.151093614, 432949.2174187788 4587407.503169702, 432988.1041069994 4587404.877794064, 432996.0633275979 4587404.504278908, 433000.45654558664 4587404.319244704, 433003.9893358322 4587404.153285925, 433029.596522433 4587403.027907959, 433047.4885946665 4587403.372996175, 433056.9273852059 4587403.974008467, 433065.6752023861 4587404.8478965135, 433219.0232296844 4587426.757543511, 433229.9937354417 4587429.465287253, 433230.8898336204 4587429.690175258)"
way,511299257,"LINESTRING (430990.2383385777 4583977.08543517, 430988.4137195925 4583978.601715092, 430988.2621010682 4583980.235284419, 430988.5631255499 4583991.646182248)"
way,511558515,"LINESTRING (430940.20820203156 4584765.856846633, 430937.263349741 4584769.082577089)"
way,511964806,"LINESTRING (434742.832948504 4584701.4335456295, 434744.25286786567 4584701.320820706, 434746.8117450288 4584701.453193171, 434749.3317352715 4584701.907897586, 434751.77104944974 4584702.685310567, 434754.0878984572 4584703.785808677, 434756.2484507684 4584705.165285603, 434758.20255967893 4584706.824193155, 434759.9246515772 4584708.707247758, 434761.3812954769 4584710.814750534, 434761.9002230675 4584711.820426599, 434762.54681793234 4584713.080316032, 434763.4127613508 4584715.492917562, 434763.78755190014 4584717.199367635)"
way,511986295,"LINESTRING (434636.6708260926 4584677.199129544, 434691.86420430476 4584695.064981306, 434694.2533807034 4584695.842827404, 434696.2822710562 4584696.523999425, 434715.39816267346 4584703.024348603, 434718.33259069675 4584704.019340808)"
way,511986296,"LINESTRING (434711.69411761535 4584717.71342156, 434692.236294028 4584711.293886976, 434690.2578543804 4584710.645569323, 434637.3397715775 4584693.891670877, 434595.80522577 4584680.788036794, 434501.7325398525 4584650.517481058, 434405.9979435162 4584620.496349518, 434400.774596819 4584618.733925635)"
way,511995759,"LINESTRING (434405.44325122685 4584604.480055081, 434410.1129751215 4584606.025442745, 434506.0216504693 4584635.867412134, 434600.45339005505 4584666.079268758, 434636.6708260926 4584677.199129544)"
way,512173625,"LINESTRING (428571.95930417906 4577429.902027752, 428577.921445037 4577442.289633215, 428587.7069763633 4577461.445659506, 428596.6636589725 4577480.554340895, 428628.37010001414 4577556.65220524)"
way,512759846,"LINESTRING (425848.36049305124 4583358.758512943, 425869.2875098512 4583394.806842253, 425878.9278875848 4583424.308906336, 425882.3187862688 4583440.31811279, 425881.5554405634 4583449.052924819, 425880.5006253434 4583461.166048377, 425879.1631701436 4583469.351584302, 425876.87816237565 4583477.2581397, 425872.66533050186 4583487.1274632905, 425862.163079747 4583506.543183058, 425860.94659307314 4583508.5763928415, 425857.4544856119 4583514.530072845, 425855.28165920207 4583521.958056611, 425854.4072392707 4583531.271369721, 425854.0407075043 4583537.115329674, 425855.0595874673 4583543.544669981, 425860.1463683344 4583562.700876663, 425862.52664215135 4583570.637398988, 425866.02397371735 4583578.262703997, 425873.5131331668 4583591.187718418, 425875.62370871403 4583594.830122939, 425888.24180079915 4583610.622758233, 425899.9327225945 4583625.680997229, 425904.1673905182 4583635.108572961, 425911.3871916379 4583655.220057774, 425912.7876646311 4583663.000074504, 425914.6130828817 4583666.556582853, 425916.2952814209 4583668.371377113, 425920.1528847745 4583670.363772094)"
way,512820172,"LINESTRING (434727.3864300057 4584734.792318479, 434724.9328648191 4584737.068306376, 434721.6504368326 4584740.117861229)"
way,512820195,"LINESTRING (434706.6963286088 4584766.88829532, 434627.4988618651 4584847.198924457)"
way,512820446,"LINESTRING (434699.57838918606 4584758.925191738, 434703.17964795604 4584756.938617291, 434706.1237543475 4584755.302158231)"
way,512821644,"LINESTRING (434706.1237543475 4584755.302158231, 434707.2883007373 4584761.165024492, 434706.6963286088 4584766.88829532)"
way,514738325,"LINESTRING (431200.3176715793 4583568.732126304, 431202.11472556164 4583566.938594044, 431246.0402673926 4583522.320896603, 431247.69629232044 4583520.639743917, 431251.18897923554 4583516.931535944, 431255.44053516525 4583516.546986591, 431267.21552859806 4583503.777948564, 431271.5981374992 4583499.583881292, 431278.7800033117 4583490.844385533, 431278.8693249563 4583487.923483727, 431282.7875211615 4583484.122431087, 431343.9620861863 4583422.887258042, 431357.7277583291 4583411.953682076, 431363.18970358884 4583405.19578435, 431378.2134583322 4583386.744790431, 431400.7560750857 4583364.2033693, 431440.4928993888 4583323.712448037, 431449.72389037407 4583314.14322564, 431451.4546149081 4583312.394797932, 431454.34420522914 4583309.4251906425, 431456.3480609609 4583307.385504744, 431464.50392456265 4583299.047792238, 431470.6229245098 4583292.794494333)"
way,516619425,"LINESTRING (431667.93649234425 4587877.468168082, 431743.22403829184 4587961.739011134, 431745.6728014328 4587964.480528356)"
way,516619427,"LINESTRING (431763.15943494474 4587983.967692292, 431773.5275163876 4587995.46132644, 431856.3309622189 4588087.6232030615, 431925.70734032505 4588164.779094784, 431956.4462419009 4588198.786727864, 431959.2922671885 4588199.370608598, 431962.49143918697 4588197.530729191, 431963.81696918164 4588196.341346845, 431964.4301340195 4588195.80263709)"
way,521209877,"LINESTRING (431086.29513976513 4583686.21885989, 431097.1663334717 4583675.1679737605, 431125.8730837607 4583646.094022501, 431153.3646235223 4583616.676452531, 431157.90180392517 4583612.047831189, 431159.8250669648 4583610.341911032, 431171.8000160351 4583598.414626564, 431174.24919344287 4583595.748864763, 431178.12104903406 4583591.481872178, 431180.521975645 4583589.016422898)"
way,525667366,"LINESTRING (431734.8991226605 4582259.544279378, 431734.16078069096 4582260.161892391, 431732.534861291 4582261.531758893, 431731.1108528205 4582263.032957063, 431730.0690272117 4582264.275188895)"
way,532631876,"LINESTRING (429955.09981358005 4581782.96601276, 430032.50936807995 4581704.44244222, 430037.38871798076 4581699.6877082465)"
way,539019519,"LINESTRING (433402.9429366413 4583187.877428415, 433399.8956422003 4583184.696742726, 433243.18299903604 4583016.000271718, 433239.91831225436 4583012.832757678, 433229.1449536147 4583001.396262819, 433221.07623261015 4582992.233125238, 433217.998477268 4582988.486551931, 433213.1322046538 4582981.181371344, 433208.88201907504 4582971.783187114, 433206.6332977237 4582965.464227855, 433205.1855104747 4582959.870667541, 433204.1952578674 4582954.028626591, 433203.91347316274 4582948.857322701, 433203.8893067027 4582943.51710115, 433204.33110091847 4582934.30880992, 433205.4418246208 4582928.736066747, 433207.05519930774 4582924.180145669, 433209.9886106652 4582916.803045641, 433211.7459856186 4582913.356077381, 433212.7976202568 4582911.347877474)"
way,539022170,"LINESTRING (432650.67581274593 4582083.220750928, 432664.003613034 4582071.472240309, 432665.86973558774 4582069.833888348)"
way,539022171,"LINESTRING (432636.61220255936 4582096.76367918, 432650.67581274593 4582083.220750928)"
way,540673613,"LINESTRING (434786.3657977323 4584742.487906605, 434827.90383680194 4584802.4796115365)"
way,540673995,"LINESTRING (434915.45326742076 4584950.768874715, 434908.6557313951 4584940.2823605975, 434906.14906902023 4584936.6520886235)"
way,540676269,"LINESTRING (434773.8993905571 4584751.31590397, 434779.0321452797 4584747.683460212, 434784.1814205271 4584744.028665828, 434786.3657977323 4584742.487906605)"
way,542569348,"LINESTRING (432012.70132377 4583085.780302267, 432015.6275200606 4583085.786143284, 432019.37296373845 4583085.784295949, 432024.12031713116 4583085.6398131475, 432026.4019854332 4583085.562885001, 432027.7482044983 4583085.583559279, 432032.4643072308 4583085.6725347815)"
way,542569880,"LINESTRING (432032.8266505576 4583120.720787454, 432028.02101111657 4583120.888017732, 432024.61937234167 4583120.997662587, 432019.9474871837 4583121.163642889)"
way,543783781,"LINESTRING (425659.0670630367 4581806.783505954, 425654.34146077925 4581805.055506945, 425650.42172504397 4581803.630126699)"
way,544617970,"LINESTRING (429772.37650113157 4583108.899828996, 429771.4092212352 4583110.885526356, 429768.76007520256 4583116.173994287, 429766.7303715726 4583120.679252642, 429765.9142146555 4583122.730102855, 429764.2329286085 4583126.9544105455, 429763.75958853285 4583128.147012364, 429762.421120137 4583131.513071836, 429761.8743741616 4583132.895135181, 429759.6747568507 4583136.258443664, 429757.0871527924 4583139.270222572)"
way,546133657,"LINESTRING (431747.60499762633 4585463.443130486, 431741.9738626613 4585457.445164347, 431682.2960971366 4585400.362057561, 431671.59372129675 4585391.03673805)"
way,546136145,"LINESTRING (431747.00621599733 4585304.233395199, 431759.41852359136 4585315.852103061, 431820.0336998019 4585373.959577105, 431830.7527228523 4585383.296058321)"
way,546209921,"LINESTRING (432040.24422501284 4582560.424535625, 432041.1735412138 4582561.448380034, 432049.1884894115 4582569.122964896, 432050.9685420878 4582570.816102712)"
way,546209923,"LINESTRING (431830.88165967935 4582355.768029473, 431833.89435869217 4582358.715239172, 431835.8437078578 4582360.617686524, 431862.76496442815 4582386.189607829, 431914.6296773122 4582436.9082165)"
way,547289590,"LINESTRING (432018.7088051064 4582704.1306564165, 432018.6250405047 4582698.76877602, 432018.28587354475 4582682.228743799, 432018.03839175845 4582653.186066618, 432017.78911130293 4582621.278878037, 432017.1513066072 4582592.517437424, 432017.1187881825 4582578.361637874)"
way,547289591,"LINESTRING (432036.66118143935 4582561.723873362, 432032.8318642964 4582561.72649291, 432030.5828469044 4582561.736492117)"
way,547289592,"LINESTRING (432030.54910307506 4582551.011478542, 432030.59357940446 4582559.315975267, 432030.5828469044 4582561.736492117, 432030.3611167521 4582578.204064345, 432030.4896399433 4582585.663957979, 432030.8679949975 4582608.165838189, 432031.5522368355 4582633.862463384, 432031.9407170336 4582663.681013958, 432032.0438935186 4582680.023409082, 432032.18408761057 4582681.598695268, 432032.12962516246 4582689.160232516, 432032.24910801643 4582701.894055913)"
way,547289593,"LINESTRING (432016.7001209855 4582549.786890637, 432018.87670791894 4582542.949328636, 432019.8608775953 4582540.908275542)"
way,547289594,"LINESTRING (432019.8608775953 4582540.908275542, 432022.4520750127 4582543.504226303, 432025.523036562 4582546.439863652, 432030.54910307506 4582551.011478542)"
way,547289595,"LINESTRING (432008.91694006114 4582529.397428927, 432010.4948811835 4582531.825240642, 432011.2923158569 4582533.050170009, 432013.37070262583 4582536.239380432, 432014.79596741486 4582538.435466595)"
way,547289596,"LINESTRING (432014.79596741486 4582538.435466595, 432015.92205701815 4582539.934882681)"
way,547289597,"LINESTRING (432017.1187881825 4582578.361637874, 432016.8173299448 4582558.7124633165, 432016.7829727914 4582554.160626792, 432016.7001209855 4582549.786890637)"
way,547296974,"LINESTRING (432651.2276097457 4582248.713944785, 432633.906432929 4582229.311853786, 432587.5695719166 4582177.393162769, 432576.0857632037 4582164.432030252, 432571.8619016951 4582159.7970612245)"
way,547474632,"LINESTRING (433706.2824272521 4583513.57040373, 433717.15236138174 4583503.75596438, 433721.8007310047 4583508.354385555, 433789.7419460042 4583574.260789494, 433800.390258331 4583585.010862474, 433812.3577092388 4583596.49278035, 433882.46403973346 4583665.322477964, 433893.61382211617 4583676.090310801, 433905.4069579759 4583687.740510985, 433975.86163132585 4583757.378409578, 433984.760495175 4583766.101784524, 433989.64743358694 4583771.2311311755, 434002.4264411821 4583783.771823017, 434073.9900601454 4583853.300615588, 434084.26955739694 4583864.032245747, 434095.36204400146 4583875.000751643, 434168.1078335591 4583946.951196399, 434179.1746886423 4583957.886751535, 434191.2351932449 4583969.623795058, 434258.59332262224 4584035.784027566, 434262.1273014577 4584039.249317116, 434264.8178643733 4584041.889556937, 434270.9235622312 4584047.796320311)"
way,549717855,"LINESTRING (430999.8751959391 4584559.318007896, 431005.11385570694 4584564.34210229, 431013.37512993685 4584572.535029985, 431067.7784088255 4584625.699297699, 431075.87808519567 4584635.37051819)"
way,550094290,"LINESTRING (431459.2364264593 4581160.202268012, 431455.7655511719 4581153.973104318, 431429.0216651461 4581111.535752994, 431402.4661198828 4581068.7081150515, 431395.70750125876 4581057.946839452, 431391.7652033823 4581051.400185911, 431379.8553251506 4581032.715865919, 431355.56669549143 4580993.541963417, 431331.7825342585 4580955.562464084, 431303.68568638084 4580909.940763325, 431300.86482921557 4580907.025253262, 431297.038652385 4580901.276951631, 431295.00513871614 4580895.844742849, 431274.3264246357 4580864.397754454)"
way,550268797,"LINESTRING (432182.5457478531 4582691.403254128, 432184.9425761049 4582693.79012733, 432189.41532183427 4582698.222692681, 432189.32141081215 4582723.915506158, 432190.28651596664 4582725.194398976, 432193.03773353936 4582728.821473418, 432193.9654480209 4582729.678809409, 432195.8799164468 4582731.4484432135, 432199.2534579506 4582734.570067546, 432202.7285076402 4582736.924648472, 432229.65555823717 4582736.594949917, 432232.4264247761 4582734.281844791, 432236.5909317133 4582729.901680941)"
way,550268798,"LINESTRING (432131.50240371714 4582644.072554949, 432114.17438565684 4582633.8093734775, 432110.60001243127 4582630.678566861, 432103.73345789994 4582623.30403126, 432095.00492155895 4582614.414766429, 432052.3104239884 4582572.146957714, 432050.9685420878 4582570.816102712)"
way,550269282,"LINESTRING (432182.5457478531 4582691.403254128, 432185.64722218225 4582687.788005719, 432188.0915295654 4582685.42242702, 432190.8546444486 4582687.639330801, 432194.645902271 4582690.723734472, 432219.9063443595 4582690.076519452)"
way,552352872,"LINESTRING (432821.08118668763 4585967.905544199, 432826.04097192525 4585962.940932823, 432832.13114626415 4585957.310763605)"
way,553732370,"LINESTRING (429979.8355423466 4584891.6412186865, 429987.65447335393 4584879.07478669, 429989.1771189804 4584876.628516924, 429996.22109359864 4584865.168780996, 430001.15612774977 4584856.893782316, 430076.84478021396 4584740.391999643, 430108.69185766974 4584691.1427409295, 430116.8309853455 4584682.259542739, 430123.95283232897 4584674.496466287, 430131.3075363794 4584666.609017648, 430142.88309856073 4584655.227834724, 430153.6938471332 4584642.543905234)"
way,559178763,"LINESTRING (434534.784861397 4584392.933773136, 434535.6561884555 4584394.080583148, 434536.2653014994 4584394.885578147, 434555.5373735544 4584422.2573317485, 434561.8456333376 4584431.215765318, 434567.13786517753 4584438.740026004, 434605.7659881932 4584493.594010428, 434658.99666304 4584568.889825615, 434695.5131656936 4584620.532423204, 434726.1311441986 4584665.100399427, 434737.6043014309 4584681.451272004, 434743.1975532998 4584689.028456944, 434743.1496059248 4584691.127314005)"
way,559178765,"LINESTRING (434290.1209846251 4584048.310444833, 434284.59134120715 4584043.242248557, 434281.1091387119 4584039.954122816)"
way,563116577,"LINESTRING (426236.30634901766 4582340.9347309815, 426231.91148384806 4582339.613809428, 426222.9301327234 4582337.040543782, 426194.0448860867 4582327.553002561, 426183.02800564514 4582322.979773603, 426163.55991398735 4582314.528911816, 426138.6054134224 4582301.8593714675, 426121.19862190646 4582290.56743778, 426105.31910122954 4582280.636741648, 426092.41755002073 4582271.652764745, 426078.0936967874 4582260.951250814, 426061.50485759624 4582247.075208938, 426047.91152974125 4582235.045037288, 426045.7598228685 4582233.135075144)"
way,563117114,"LINESTRING (426031.77192759747 4582221.775142097, 426017.59993715584 4582207.130619473, 426015.79486034735 4582205.594629114, 426012.9272552286 4582203.181248011, 426003.2879181749 4582195.973904031, 425993.105771465 4582191.292504377, 425978.89257459115 4582186.54127286, 425915.8058254318 4582165.479687036, 425800.9595194728 4582128.893567427, 425793.92838765576 4582125.734597238, 425790.75285601424 4582124.29041964, 425788.07300251094 4582123.07432975, 425781.82983217656 4582118.475008635, 425777.383050403 4582112.924634406)"
way,564074320,"LINESTRING (429180.59159134206 4582779.9532603705, 429183.7605867146 4582783.397493485, 429187.5082799874 4582783.605119187, 429191.6808023701 4582787.072853968, 429251.6445667286 4582845.25470263, 429268.1627953359 4582861.2481357055, 429288.9353325344 4582881.396977094, 429357.5119036405 4582951.875356841)"
way,564074323,"LINESTRING (428608.9165274642 4582216.550504939, 428610.0309728533 4582217.638713683, 428617.21595193364 4582224.673794787, 428676.4177972878 4582282.658692918, 428684.68330065545 4582290.749082646)"
way,564074326,"LINESTRING (428763.2491750529 4582372.559719142, 428764.6086943251 4582374.766937179, 428773.50468096964 4582384.072547786, 428780.33485632815 4582391.6220085565)"
way,564074329,"LINESTRING (428489.8978661824 4582100.4328716975, 428490.5232748559 4582106.1891232785, 428490.4110764926 4582114.306477992, 428490.9229610901 4582117.032748244)"
way,564379339,"LINESTRING (430496.10412088514 4583494.527800698, 430510.825552806 4583479.664089166, 430561.46815107105 4583427.982895147, 430563.5378561744 4583425.864604101, 430566.84192166966 4583422.568675556, 430568.9779721373 4583420.394235609, 430575.990720278 4583413.276670734, 430578.39538651507 4583412.087815867)"
way,565546748,"LINESTRING (431546.90268478874 4585654.176713713, 431551.38961609505 4585658.486609106, 431560.73321446544 4585666.436737533, 431563.60810692963 4585668.197116426, 431567.6982660468 4585672.088863708, 431577.7085550595 4585681.60932048, 431597.14730329905 4585700.11173188, 431612.49483310926 4585715.499632564, 431618.0804286186 4585721.109327403, 431645.54384030757 4585748.651519102, 431650.7681640091 4585754.064798685, 431660.51616761566 4585764.15409136, 431670.5840752575 4585773.6075111, 431702.08617793885 4585803.188018958, 431737.35710129974 4585836.308238783, 431749.0042249132 4585847.523330504, 431793.44211129914 4585890.350114247, 431795.27481545217 4585892.386875404, 431806.29608812305 4585904.607215737, 431815.9871546894 4585914.019971293, 431844.7987512346 4585942.005410835, 431850.8159187458 4585948.221873933)"
way,569395873,"LINESTRING (431850.8159187458 4585948.221873933, 431855.58411036344 4585954.039296597, 431860.60215556086 4585960.653777781, 431866.79226865165 4585966.602155763, 431868.3187738237 4585968.075570388, 431925.3820901909 4586021.498566338, 431928.392640592 4586027.932127141)"
way,576384343,"LINESTRING (434317.55351112783 4584121.761789557, 434308.3266884173 4584116.4162389515, 434299.6879658464 4584111.398446744, 434279.9229875896 4584101.751862971, 434276.3583459253 4584100.429680307, 434271.48272730433 4584098.342205639, 434259.0321826605 4584092.4042266235, 434257.26671341405 4584090.377344985, 434256.72339567926 4584088.539216556, 434256.4984980372 4584085.865488267, 434256.95255286456 4584083.396547934)"
way,577795298,"LINESTRING (431567.6982660468 4585672.088863708, 431569.7407425226 4585669.782353346, 431578.46650734835 4585661.00628133, 431603.5182213002 4585635.832367894, 431646.3656973471 4585592.337211711, 431663.65698614536 4585575.47516608, 431680.6661878169 4585557.938550528, 431737.61259786715 4585499.244259459, 431742.84451838327 4585493.932144287, 431756.96249414375 4585480.841936341, 431761.2120076635 4585476.815930758, 431770.19133824145 4585467.404847203, 431774.8014551821 4585462.620454152, 431784.7616318583 4585454.410357959, 431794.2433795708 4585445.094496301, 431828.6863871396 4585408.818844247, 431836.7303328162 4585400.349300812, 431847.393646626 4585399.338443627, 431851.9133888671 4585393.82216301, 431859.43036871665 4585386.190324033, 431860.0351852831 4585382.076563363, 431861.61023048696 4585373.601338669, 431895.21152843867 4585340.176283457, 431920.47909758537 4585313.724665097, 431928.57057711785 4585305.843235002, 431943.7191791575 4585291.178211411, 431945.3082970877 4585289.520043161, 431961.034043627 4585273.117582126, 431981.3949051368 4585251.886256687, 432010.02848684037 4585222.46107447, 432024.7178872292 4585207.811646046, 432027.22185315774 4585205.667481402, 432030.1880574733 4585204.6847785385, 432035.8276180342 4585204.465277442)"
way,595155440,"LINESTRING (429930.09300869965 4581024.903588857, 429860.97715847084 4580960.420496634, 429858.09944903554 4580957.739245922, 429848.05701973324 4580947.521875799)"
way,600804537,"LINESTRING (433717.15236138174 4583503.75596438, 433719.6799579627 4583501.3346278155, 433727.67891596473 4583492.9565363685, 433774.6151874747 4583445.851045012, 433781.58317204216 4583438.99242327, 433813.4802037155 4583407.402086482, 433827.3938939108 4583393.973804667, 433833.7249656173 4583388.764267256, 433844.9069743178 4583377.381685562, 433896.33637069765 4583325.028777443, 433909.1931883128 4583313.93078854, 433913.0981446515 4583306.689450369, 433918.45324398956 4583296.203974112)"
way,603975419,"LINESTRING (429827.4197337497 4582293.957335961, 429833.447658213 4582287.847872963, 429838.48199430655 4582282.747298264, 429840.22909888683 4582280.9761210345)"
way,608469123,"LINESTRING (432838.86272047687 4583624.441763218, 432838.5705745753 4583628.996628484, 432896.6920895182 4583723.309185292, 432898.9527260577 4583726.397026054, 432900.9295691685 4583729.531908455)"
way,609481903,"LINESTRING (431914.65305417293 4582837.908962999, 431938.3652896479 4582814.914199816, 431954.5354061936 4582796.276059455, 432011.8940620784 4582735.238128059, 432017.134595539 4582730.603473426, 432019.1576797047 4582728.796930888, 432024.0323582355 4582724.376668807, 432027.437516305 4582721.058277028, 432032.1963096886 4582716.761239282, 432035.2525385069 4582713.679284848, 432041.40891523706 4582706.8487983, 432104.31535560475 4582643.461307765, 432114.17438565684 4582633.8093734775, 432120.76133276627 4582627.407933312, 432130.88724416064 4582616.787576405, 432136.54332563095 4582610.083993898, 432194.1758709062 4582551.187866526, 432211.69149674335 4582535.924100465, 432229.6624408698 4582514.804933371, 432296.42754404433 4582446.142574692, 432316.5743933102 4582428.767155034)"
way,611833499,"LINESTRING (429359.91925854096 4582954.394447313, 429364.15943046723 4582958.816469911, 429368.35552452225 4582963.005763364)"
way,613018049,"LINESTRING (430472.5359845215 4582291.545605678, 430473.65582944534 4582292.356471031, 430479.03054178215 4582297.412213393, 430488.27535495174 4582305.828303937, 430494.23278567963 4582311.489124052, 430494.8791608012 4582312.626518505)"
way,615468610,"LINESTRING (432557.19280651177 4587154.104918192, 432556.46432776155 4587155.732732447, 432523.54348243016 4587229.241127382)"
way,625792941,"LINESTRING (431065.96032027085 4580556.4078461835, 431062.71531300683 4580560.802116443, 431058.77349117084 4580568.4339372, 431056.5919579022 4580575.604904416, 431055.2365930679 4580584.3446151605, 431055.294143033 4580590.395106596, 431055.729084423 4580595.675913656, 431057.44079339993 4580603.298375497, 431059.1217720186 4580607.69020831, 431061.4636001711 4580612.097961886, 431065.03425215115 4580618.203864386, 431067.908657379 4580621.451861307, 431072.8697393 4580626.023457849, 431076.6036824671 4580629.074536548, 431079.1323882856 4580631.148925672)"
way,627617012,"LINESTRING (428583.3882470998 4580587.304015062, 428667.10515353095 4580614.414576352, 428704.2210517947 4580626.240396585, 428707.0342547436 4580626.556916302, 428711.1471470778 4580627.215947313)"
way,627617013,"LINESTRING (428438.9205429355 4580541.752419185, 428491.1440186273 4580562.299256226, 428500.33694801235 4580564.9954017615, 428505.9433432592 4580564.440471536, 428539.3485510318 4580573.937139448, 428562.4609128022 4580580.304446949)"
way,629678540,"LINESTRING (430163.51353614585 4584810.447554986, 430165.5633376534 4584805.45366791, 430170.35470816895 4584796.125398292)"
way,629678542,"LINESTRING (430166.8412534845 4584844.346001297, 430161.40170900733 4584841.933629256, 430157.3891773678 4584840.151462511)"
way,636875415,"LINESTRING (428298.6904425242 4581373.592458175, 428299.26451858174 4581381.747432414, 428300.1576571015 4581396.7941702455, 428300.32662092964 4581398.657790953, 428300.5057866038 4581402.3977061445, 428300.7556628484 4581408.213169929, 428300.7648761606 4581409.989547823, 428300.60619736015 4581411.700969285)"
way,636875417,"LINESTRING (428298.6904425242 4581373.592458175, 428295.2934933202 4581374.258936632, 428291.1270364445 4581375.7546481555, 428285.49001004896 4581378.219767096, 428281.6627494674 4581380.189553485, 428278.643937585 4581381.884870212, 428275.8435198585 4581383.677953053, 428274.0945878659 4581385.2496738555)"
way,636875419,"LINESTRING (428274.11085545283 4581413.08456414, 428274.14259611414 4581408.687488699, 428274.13350708614 4581405.234566671, 428273.8829187824 4581401.883961374, 428273.1207448937 4581388.246001543, 428274.0945878659 4581385.2496738555)"
way,641995330,"LINESTRING (431881.3012068683 4590312.441147619, 431895.7842394354 4590324.9065052485)"
way,641995333,"LINESTRING (431813.7524188787 4590254.310197255, 431881.3012068683 4590312.441147619)"
way,648433595,"LINESTRING (433571.04899503826 4584779.496802204, 433541.9199995971 4584808.631493825, 433537.3801650729 4584813.95811582)"
way,650072283,"LINESTRING (427970.91431454173 4582738.786920049, 427968.7088669734 4582738.131570092, 427769.440412871 4582672.554279533, 427767.1589089207 4582671.822027708)"
way,650072285,"LINESTRING (427987.01547457057 4582735.218219571, 427987.8866102126 4582732.855730327, 428028.35737009987 4582607.844944573, 428029.4732550081 4582604.025541706)"
way,650072287,"LINESTRING (427692.76553925517 4582853.054234443, 427692.24834243534 4582854.846976963, 427671.3305436113 4582921.929070284, 427670.6089049578 4582924.179078497)"
way,650079361,"LINESTRING (425747.4088487732 4582070.762667692, 425742.8884937502 4582073.540342796, 425560.3701215222 4582195.92573003, 425558.34275107674 4582197.178998945)"
way,650079362,"LINESTRING (425370.93622071133 4582238.933689791, 425439.9834102951 4582189.880088159, 425441.01295133104 4582189.17000084)"
way,653758969,"LINESTRING (430293.8040295888 4585135.773239346, 430286.7683157759 4585131.621886889, 430268.1745175809 4585120.653654187, 430261.27587265964 4585119.454384969, 430192.42739392724 4585076.716701146, 430181.7449714876 4585068.847828402, 430141.4900300651 4585039.202795924, 430095.02277960477 4585006.775623494, 430086.0356578408 4585000.5115444)"
way,656311701,"LINESTRING (425542.14528451953 4581041.475347904, 425538.5429427324 4581049.006898041, 425527.7364199384 4581071.645967721, 425516.1791233743 4581099.344647857, 425508.02317099023 4581121.923202415, 425499.4596092375 4581147.148478414, 425493.038702969 4581163.591450645, 425487.5999762395 4581176.327023368, 425478.95935610874 4581194.857995773, 425472.98451574304 4581206.688645768, 425463.7607460386 4581223.804448285, 425455.4383805839 4581237.491259022)"
way,656315652,"LINESTRING (425657.92887023475 4581011.096922657, 425657.61187394086 4581007.913608233, 425658.9916668931 4580999.749840263, 425659.73861762404 4580998.376507431, 425660.09147235693 4580997.717810102, 425662.75254930067 4580994.614979639, 425663.8599857884 4580993.32677398, 425666.6680690312 4580991.510387216, 425668.0887786028 4580990.596471802, 425669.980047754 4580989.899791023, 425673.7375005764 4580988.506688234, 425675.9273673092 4580988.384303695, 425680.03114897205 4580988.142366326, 425682.647259443 4580987.99340692, 425690.01532117015 4580990.460448784, 425698.0299497473 4580995.630005288, 425703.08202966006 4581001.418399583, 425704.3871173392 4581007.989109232, 425703.6376176514 4581014.825147283, 425703.56082463043 4581015.492115467, 425701.6168943452 4581019.209347835, 425699.6446327728 4581021.79436358)"
way,656588083,"LINESTRING (425707.2251361232 4581029.488764789, 425710.27795489324 4581035.231039938, 425712.5067808451 4581038.094978094, 425720.35393308394 4581047.32997855, 425724.7360231553 4581050.582663316)"
way,659514231,"LINESTRING (433240.55803234596 4587432.520985896, 433243.2872989072 4587427.677147919, 433247.95504297107 4587424.647394525, 433253.49801629724 4587424.107713698, 433258.6640419498 4587426.180690536, 433262.44107732445 4587430.753530691, 433263.48905813054 4587436.572869127, 433261.5186635599 4587442.1646923525, 433257.0843886113 4587446.047204001, 433253.101276737 4587448.1157865925, 433247.22855110833 4587447.326166671)"
way,660219458,"LINESTRING (426301.157338019 4581400.393816017, 426302.10946924356 4581396.986614404, 426305.12842415617 4581392.0594889615, 426309.4998202754 4581388.550899126, 426312.8971738763 4581387.117374577, 426316.77057356737 4581386.445118322, 426318.4529708429 4581386.594557155, 426321.5164049289 4581386.86319097)"
way,660219996,"LINESTRING (426290.5296277914 4581399.68028607, 426289.1672358061 4581399.749658804, 426271.84089939855 4581399.015471736, 426263.3836054699 4581399.567848111, 426247.5116335819 4581401.228272473, 426179.5756471035 4581411.224325744, 426175.9006901998 4581411.6725742, 426174.56474333064 4581411.87493522, 426172.42731896695 4581412.20759485, 426149.75951386825 4581415.791674798, 426139.5687987338 4581417.749737756, 426128.38298831426 4581422.993346441, 426106.3187237278 4581437.374638909, 426095.13401973294 4581444.3614615565, 426090.2982085394 4581446.598074731, 426082.4437154159 4581448.032756551, 426057.7370454861 4581450.93843593, 426052.8451454097 4581450.955044547, 426045.6494659473 4581449.751629971, 426039.97449330887 4581449.243294361, 426036.419208382 4581449.124139199, 426022.67951631185 4581451.573816282)"
way,660219997,"LINESTRING (426337.67683120037 4581425.093077799, 426338.2413512066 4581425.509253445, 426352.4639958883 4581431.893258073, 426355.69981969276 4581433.492513894, 426361.98853528954 4581435.971193692, 426360.6120679963 4581440.415278209, 426358.8579616813 4581445.551586724)"
way,660221291,"LINESTRING (426615.57790112443 4582106.850993366, 426618.48549122346 4582096.717810656, 426621.86127722857 4582082.449570693, 426622.9231616215 4582079.141224358, 426626.1058055752 4582073.046752668, 426628.3875292697 4582068.815607458)"
way,660221293,"LINESTRING (426635.5273320999 4582063.746955191, 426639.547293511 4582062.718082887, 426640.4063331488 4582062.498427722, 426643.2690727701 4582061.969806948, 426649.7475987362 4582060.960459893, 426656.5585642147 4582061.402246425, 426662.90783459565 4582062.492686746, 426672.36677912716 4582065.972113079, 426678.2266995439 4582069.110471403, 426683.40569089557 4582073.543672961, 426688.1344225886 4582078.1035671905)"
way,660221295,"LINESTRING (426692.8595034494 4582088.914490248, 426692.99226494995 4582094.597882909, 426692.32060010685 4582101.766114035, 426691.05236203247 4582105.343009662, 426685.0051166468 4582118.394711997, 426680.9673809143 4582128.406067374)"
way,660221297,"LINESTRING (426692.62680213177 4582159.298765111, 426690.8202418678 4582164.213468515, 426689.11626058345 4582169.349194499)"
way,660221299,"LINESTRING (426685.47279536177 4582168.742089493, 426670.8665139249 4582172.198606916, 426654.30849634967 4582176.962861186)"
way,660221300,"LINESTRING (426564.0488877106 4582461.980978093, 426514.5269296259 4582437.468073184, 426495.7970121661 4582427.532144752, 426487.88212045544 4582422.915882931, 426430.7110792068 4582393.6735579325, 426418.53733259183 4582387.957011183, 426414.7554457049 4582386.885123411)"
way,660221744,"LINESTRING (426016.96560965653 4582791.80051486, 426016.35856967483 4582788.03168267, 426011.3326821527 4582782.209511696, 426005.00620598334 4582775.934302408, 426001.8294596115 4582772.7024619505, 425852.17142947105 4582620.322534374, 425849.26219068334 4582617.09912328, 425845.31701766455 4582613.142414334, 425754.6759827994 4582521.205021265, 425747.095611349 4582512.555726807, 425746.60501712305 4582512.005603414, 425739.9813662285 4582505.333953983, 425705.7473768614 4582469.189270445, 425655.8871189551 4582418.526866976, 425651.3693431055 4582414.198632723, 425647.17245289555 4582410.177992949, 425646.09926958306 4582409.078703435, 425575.7218331693 4582337.520557948, 425516.5336677109 4582275.18568542, 425508.0761124928 4582267.47830602, 425502.0735410625 4582261.888578639, 425491.8824309299 4582253.921467947, 425453.6437032247 4582193.681098085, 425450.11628331494 4582188.110356365, 425447.82987092773 4582184.5031879665, 425446.7419802097 4582182.793410693, 425445.73998197436 4582181.304810606, 425440.1410714584 4582173.51257546, 425371.9635728535 4582070.7896480225, 425370.60283738835 4582068.571951948, 425368.64665722154 4582065.372218546, 425367.8933080688 4582062.049064736, 425365.26711772394 4582057.93468112)"
way,660565560,"LINESTRING (432061.3947706104 4584452.838816409, 432089.2714986466 4584480.467646621, 432163.12119312666 4584552.698837322, 432175.28478598665 4584564.476028037, 432223.13817158074 4584611.781236669, 432232.67104315734 4584621.140522799, 432240.14419984317 4584628.342940182, 432256.25819134025 4584644.2690643445, 432283.52726575756 4584670.538654446, 432322.64913252956 4584709.388086536, 432326.1077920728 4584712.775431756, 432362.0431712523 4584747.8909918945, 432394.3496977309 4584780.2204900095, 432407.2058874556 4584793.7458409555)"
way,662435083,"LINESTRING (426239.155227305 4582329.203140698, 426237.8002696682 4582334.912785913)"
way,662662166,"LINESTRING (432652.19415781536 4587018.286392666, 432657.3641570532 4587009.067277615, 432683.2143550937 4586962.971762122, 432687.39803099586 4586955.505002196, 432700.8182606245 4586933.118857857, 432705.3849703986 4586925.504208526, 432709.16506851243 4586918.662978276, 432730.42852404126 4586879.760573795, 432735.2970193253 4586872.243064985, 432741.96447732754 4586862.288406152, 432757.21167198196 4586839.5412021065, 432761.1457702822 4586833.0760683445, 432767.2141906258 4586822.494138722, 432768.8131486308 4586819.215032456)"
way,662664546,"LINESTRING (432139.5485009672 4586655.116251367, 432165.07125496573 4586641.142611652, 432169.83851387666 4586638.022411506, 432209.9453900207 4586610.910723463, 432231.8428578163 4586598.836582529, 432239.9132763814 4586595.074830683, 432249.2763942443 4586591.933846985)"
way,662919196,"LINESTRING (428095.9084582822 4585202.540801269, 428105.46525616467 4585187.745487484, 428108.29576780245 4585180.722479225, 428109.08939863555 4585177.317076867, 428108.47717349743 4585175.4245438995)"
way,662919198,"LINESTRING (428109.28090358607 4585171.352860989, 428110.4614031914 4585172.395921364, 428112.9814984238 4585173.669943175, 428114.7732937637 4585174.829065981, 428116.45075465634 4585177.09962522)"
way,662919199,"LINESTRING (428184.7146525191 4585022.4011559775, 428190.18641494977 4585017.050739041, 428211.46853305405 4584997.853508152, 428256.52808816615 4584964.097769351, 428278.58913012 4584950.933054134, 428303.47159494983 4584939.072821212, 428339.53397794324 4584924.304033718, 428359.0700460285 4584915.261571822)"
way,663186760,"LINESTRING (425701.10653673066 4583098.435470103, 425700.0871713632 4583099.311965345, 425698.6284982438 4583100.559368215, 425697.9847977234 4583104.640792365, 425699.8050097228 4583109.296504852, 425703.6033323523 4583112.810517525, 425710.1640913995 4583119.1052692775, 425735.3685266607 4583143.295708429, 425750.8618694777 4583158.0926712, 425754.4252227639 4583162.341919911, 425754.9161154446 4583162.925349463, 425758.381082674 4583167.364360503, 425764.7299252574 4583176.648053303, 425781.94810725097 4583206.394315281, 425795.8371618298 4583238.439747528, 425803.4517748074 4583260.301365353, 425807.0992092731 4583272.766036167, 425810.3648230103 4583285.501093352, 425811.1399817313 4583288.535389167, 425813.3431898256 4583297.128789141, 425820.6921818289 4583318.371374426, 425831.7587724047 4583336.900057891, 425848.36049305124 4583358.758512943)"
way,664007248,"LINESTRING (425304.5874442436 4581690.705011795, 425242.6120088212 4581671.80279313, 425229.86098344723 4581667.892848436, 425143.21283650363 4581647.036596764, 425057.2828274108 4581622.8985427115, 425002.09896924125 4581607.481092482, 424949.1829058866 4581586.5889695585)"
way,664806258,"LINESTRING (427574.4745342518 4577316.303899066, 427558.6629878059 4577309.011702962, 427508.23856894154 4577286.887614064, 427464.17176508665 4577267.154050652, 427339.2950625706 4577210.834965561, 427296.9708733372 4577192.250752789, 427221.4761436788 4577158.455344101, 427210.6416264236 4577153.578818647, 427138.3199131198 4577121.706540427, 427109.73657952016 4577108.370345904, 427082.29156146693 4577095.911055059, 427030.7913173846 4577072.779567156, 427025.6153391943 4577070.633242576, 427022.5568051584 4577069.364961591, 427015.5476173932 4577066.315539757, 427005.98188475345 4577061.992801137, 427001.43518001505 4577060.017810065, 426979.5327149698 4577050.412106514, 426965.7572158037 4577043.511497834, 426952.56962507963 4577038.49248985, 426930.17560937937 4577028.281221075, 426857.4646827724 4576995.405245351, 426846.1574361516 4576990.167622915, 426803.2881690951 4576969.237915632, 426800.02359741076 4576967.461071333, 426790.6027747716 4576958.451723562, 426787.91038653126 4576956.9910964575, 426766.4287243571 4576946.027223982, 426745.9095191546 4576935.08700699, 426743.51163352537 4576933.789966773)"
way,666426518,"LINESTRING (432016.7001209855 4582549.786890637, 432016.1591955865 4582542.930420317, 432015.92205701815 4582539.934882681)"
way,666641690,"LINESTRING (433414.9913022936 4588968.41786339, 433412.1476180637 4588967.13391403, 433291.7636685311 4588912.740368067)"
way,666970006,"LINESTRING (428215.0616232556 4582823.077375736, 428254.59569665056 4582836.986294457, 428257.7167258366 4582838.076780089, 428266.07946173963 4582842.490653542, 428267.4726178323 4582841.3332519345, 428270.95365446515 4582845.850992012, 428272.92330150097 4582848.029872992, 428279.1237138129 4582857.827902629, 428279.79722265725 4582860.83013542, 428280.11707803083 4582864.424326774)"
way,667396919,"LINESTRING (426417.4375886944 4582364.474202158, 426415.581909701 4582362.883113611, 426410.75702773454 4582358.73518371, 426408.35305804916 4582356.672236889)"
way,667408942,"LINESTRING (428758.7834343846 4580634.730582206, 428757.7401200752 4580635.795612256, 428754.25997436757 4580639.948995156)"
way,667418578,"LINESTRING (428508.71034329804 4578112.296049078, 428503.62473273656 4578109.859128553, 428501.4228063055 4578108.8482642835, 428500.1619690043 4578108.250033807)"
way,669810006,"LINESTRING (432067.7380599146 4589271.172064012, 432061.5675152888 4589237.665855607, 432056.1367907813 4589216.22159896, 432051.15913948306 4589200.32455937, 432036.7924333884 4589167.5615958, 432033.4026355578 4589159.743685444, 432012.00395854143 4589131.610197989, 432004.15460902243 4589120.370125901, 431978.311329143 4589093.977292709, 431941.7695435202 4589067.851806834, 431932.5976205953 4589061.664998255, 431919.8759502951 4589054.645600329)"
way,674277985,"LINESTRING (426554.01502455375 4580870.5235541845, 426552.0092748619 4580876.439563764, 426550.40476916824 4580883.162025604, 426550.6939366915 4580898.49231554, 426551.0871249153 4580912.533605547, 426551.23363625095 4580916.262723426, 426551.6778581732 4580928.73797586, 426551.7662467542 4580933.333715626, 426551.965068647 4580937.273260216, 426552.5755681639 4580961.205108207, 426552.66061808006 4580964.64617161, 426552.71296997333 4580968.986908168, 426553.994779377 4581008.82253247, 426553.74835131894 4581020.816254312, 426552.8321256131 4581028.60873251, 426552.4335959938 4581030.544690839, 426547.1550312099 4581046.8973707585, 426543.69386346254 4581058.557277551, 426542.45654841966 4581062.722335562, 426540.9619585103 4581066.257131288, 426539.29052872956 4581069.671586986, 426538.3383080944 4581071.435510873, 426537.61594965804 4581072.775191406)"
way,674279639,"LINESTRING (425770.8481110493 4581773.771809371, 425768.5748131797 4581773.073401621, 425764.6155527371 4581771.870425281, 425761.2936816813 4581770.84967198)"
way,674279640,"LINESTRING (425774.79064680595 4581774.974960397, 425779.60559629835 4581776.446752816, 425784.2611111144 4581777.864666282)"
way,674433001,"LINESTRING (431447.4478983878 4583684.844927533, 431442.06597984815 4583683.263757773, 431437.1426469523 4583681.5561184455, 431335.00484249694 4583649.09316212, 431332.53855083976 4583648.195010335)"
way,674486779,"LINESTRING (431184.1219971502 4583585.1739262175, 431186.0587213688 4583583.123696424, 431188.56789991783 4583580.612809802, 431194.9168900917 4583573.979582841, 431200.3176715793 4583568.732126304)"
way,676239375,"LINESTRING (425504.4394044728 4581743.796370093, 425507.205724887 4581734.69674943, 425510.5870847608 4581723.603363998)"
way,676239376,"LINESTRING (425699.6446327728 4581021.79436358, 425702.38816381816 4581024.286622574, 425705.8660271236 4581027.437535872, 425707.2251361232 4581029.488764789)"
way,676254813,"LINESTRING (425640.84737606056 4581886.767960904, 425642.8619304424 4581885.07072824)"
way,679201672,"LINESTRING (427975.54320073756 4579669.688646804, 427977.2158643998 4579666.296746272, 427979.9420219547 4579662.8610730665, 427986.61089328583 4579659.730431039, 427990.09040426125 4579659.718079126, 427993.4506341943 4579660.328676496, 428000.10633661156 4579665.136759151, 428002.5928016389 4579667.043975039, 428008.3942956855 4579671.749518182, 428038.80618708185 4579703.634956865, 428048.3783467305 4579712.388979209, 428050.29749839415 4579715.289999796, 428050.94293791126 4579716.271753865, 428051.8909353273 4579720.77012815, 428049.29148873617 4579729.389576063, 428046.5689510683 4579732.34776231, 428043.6986054926 4579733.897346888, 428040.5217728642 4579734.905931826, 428039.067058876 4579734.975884301)"
way,681110369,"LINESTRING (432055.70375392877 4584469.013576462, 432050.2867102737 4584463.612914104, 432046.7398460117 4584459.760204499)"
way,681110371,"LINESTRING (432033.2989601342 4584429.49785067, 432029.24338051537 4584401.73436627, 432028.9140005026 4584390.690113995, 432028.55249979673 4584362.869744199, 432027.638212996 4584301.990255383, 432028.2683603657 4584263.157648363, 432028.37204839784 4584251.942789799)"
way,681110372,"LINESTRING (432039.85019566375 4584032.9866814315, 432042.72891947173 4584044.007000163, 432044.2648362565 4584050.898558863)"
way,684828566,"LINESTRING (432039.23821353423 4584484.290221817, 432038.11474533885 4584463.4495972)"
way,684828569,"LINESTRING (432044.22143279086 4584469.298994376, 432039.23821353423 4584484.290221817)"
way,685132000,"LINESTRING (428272.8002730103 4582837.29453088, 428275.190476092 4582835.505491987, 428308.3920658098 4582811.927209587, 428319.5954879223 4582804.310734157, 428329.26242947776 4582797.730951226, 428415.8708984144 4582738.328649731, 428427.65446643543 4582731.017496792)"
way,685132001,"LINESTRING (428447.1100078005 4582749.6003754735, 428442.212969351 4582753.235003915, 428344.9194730185 4582819.415560529, 428342.8676157257 4582820.757110466)"
way,685329001,"LINESTRING (431974.1382015121 4585055.133805351, 431976.821144608 4585054.242567138, 431979.5306433358 4585051.73006103, 431984.8736070263 4585045.728713737, 432025.3622013291 4585029.004945499, 432030.0858313249 4585028.250003824)"
way,685329930,"LINESTRING (432041.5932099802 4584641.662279867, 432041.7855365655 4584660.368798689, 432042.5623163159 4584719.073450125, 432042.63756394235 4584727.089011777, 432043.2755103566 4584799.495908693)"
way,692634525,"LINESTRING (425730.53397752857 4581059.794263698, 425734.5318589058 4581056.566730272, 425748.5398835329 4581046.774681774, 425805.6435582427 4581008.495142834, 425825.7836237261 4580994.787731957, 425857.3267969042 4580973.313743287, 425887.8886360071 4580952.360670024)"
way,698102961,"LINESTRING (433534.9441161923 4584816.278765999, 433543.01424248284 4584828.5843134355, 433558.85088729556 4584854.730409805, 433596.53295877896 4584915.172559983, 433671.219011097 4585036.1413601935, 433745.7270328857 4585156.190997919, 433746.66932156484 4585157.781178183)"
way,698105409,"LINESTRING (427978.7713113926 4577200.951229467, 427980.6954919747 4577200.077210687, 427988.86320792045 4577201.883637319, 427996.3782110116 4577218.019248897, 428124.08183218545 4577157.363957436, 428196.0851592436 4577123.742231444, 428290.3657055002 4577078.509527664, 428348.0710901373 4577050.881857435, 428352.23612602905 4577048.986556669, 428361.86440707825 4577029.217245518, 428357.55595808075 4577019.977796024, 428359.63854073436 4577019.03569912)"
way,699194385,"LINESTRING (428039.067058876 4579734.975884301, 428037.25326142367 4579735.104915616, 428033.6474404761 4579734.1858549155, 428030.0315904212 4579732.256530629, 428024.91652417154 4579727.59967153, 428022.6533678479 4579725.434864599, 428005.9169756408 4579709.512911294, 428002.91075377935 4579706.644902298, 427992.52062680625 4579696.389066073, 427986.0758797203 4579690.080002315, 427976.4873857313 4579678.850273005, 427975.672767199 4579676.837635051)"
way,699194386,"LINESTRING (427950.89170345786 4579655.2444128385, 427948.98255622614 4579654.197504548, 427946.48475092 4579652.834462068, 427945.3914035923 4579652.234667129, 427933.6104919876 4579640.083032827, 427891.8286832979 4579597.929861801, 427881.7726850498 4579587.659753142, 427878.5615478186 4579584.383024319, 427877.06581140833 4579582.854597071, 427876.26308152836 4579582.040966154, 427868.65760641836 4579574.266861553, 427863.439199226 4579569.33356782, 427861.0494948345 4579567.070142415, 427811.04387370986 4579519.8252868075, 427796.9738470968 4579506.319895753, 427793.9673485017 4579503.440870347, 427791.6113880023 4579501.210439796, 427787.0009347447 4579496.859599542)"
way,701690337,"LINESTRING (431654.50565619336 4587863.7275234675, 431656.09522765083 4587865.722131944, 431667.93649234425 4587877.468168082)"
way,701726996,"LINESTRING (431066.6224062282 4580511.701587501, 431063.1884805356 4580513.82157487, 431056.3113221515 4580517.961717761, 431053.373247481 4580519.455235717)"
way,701737450,"LINESTRING (429691.00597271527 4583116.839557984, 429692.4388312383 4583115.448887168)"
way,701737451,"LINESTRING (429752.51523415314 4583142.845291118, 429748.45031011855 4583145.249639084, 429746.9789473355 4583146.118835364, 429740.2982582252 4583149.492308889, 429735.30391578446 4583151.750239883)"
way,701737454,"LINESTRING (431721.8820913218 4582273.023654607, 431737.72422266525 4582287.82987821)"
way,701737455,"LINESTRING (431470.2948317648 4582521.13835456, 431451.6719330173 4582503.172505934)"
way,701737457,"LINESTRING (431767.067614873 4583171.339354125, 431771.2145148124 4583174.908711719, 431774.3862630372 4583177.909909635)"
way,701739497,"LINESTRING (429737.55133495235 4583135.218404822, 429726.2710332176 4583132.418882913, 429718.0572056151 4583129.434180227, 429714.50318942225 4583127.6255851975)"
way,702153880,"LINESTRING (431595.7449319912 4581328.186062674, 431608.3912650298 4581350.583217592)"
way,702326803,"LINESTRING (431776.769944172 4581599.431188935, 431773.2209692324 4581612.388283765, 431774.1546244629 4581615.632618541, 431772.1787308435 4581617.150103301)"
way,702326807,"LINESTRING (426054.30357284995 4582224.765009011, 426050.181055559 4582228.837485946, 426045.7598228685 4582233.135075144)"
way,702326808,"LINESTRING (425699.6446327728 4581021.79436358, 425695.2702303283 4581026.635713619, 425694.33879305335 4581027.144898932, 425691.0452581592 4581028.921840509, 425689.1905193766 4581029.917922925, 425686.28368453553 4581030.258612612, 425682.43283973885 4581030.697807639, 425678.2868674 4581030.085244561, 425671.7803689116 4581027.631585367, 425665.905225327 4581023.95012448, 425661.105603904 4581019.946751886, 425658.310778484 4581014.901340257, 425657.92887023475 4581011.096922657)"
way,702326811,"LINESTRING (428427.65446643543 4582731.017496792, 428425.3134340497 4582730.17459827, 428415.4058902347 4582726.808381889)"
way,702326812,"LINESTRING (428447.1100078005 4582749.6003754735, 428445.9464429482 4582748.6126039205, 428438.4906290325 4582742.057797217)"
way,702326816,"LINESTRING (432036.095374526 4584447.791316361, 432033.2989601342 4584429.49785067)"
way,702326817,"LINESTRING (432033.2036540434 4585759.833674944, 432037.0045001284 4585756.089615243)"
way,702326818,"LINESTRING (432032.7756793534 4582886.318231306, 432036.3725702502 4582888.294093018, 432037.60866244015 4582889.048590147)"
way,702326819,"LINESTRING (428527.56600726134 4582735.92664561, 428528.00825232494 4582734.989634411, 428528.7860329107 4582733.316518041)"
way,702326820,"LINESTRING (431191.0981203244 4583023.324758838, 431194.84287393396 4583019.725165158)"
way,702326823,"LINESTRING (426328.69990279217 4581415.6579599185, 426326.6507084559 4581417.26652207, 426323.41302854347 4581418.776138104, 426317.5443663696 4581419.779562532, 426312.82059321675 4581419.061487618, 426308.0302790102 4581416.734157199, 426304.161679612 4581412.942963056, 426301.643385517 4581407.89450197, 426301.06227129104 4581405.024734507, 426300.8813823049 4581402.8614888545, 426301.157338019 4581400.393816017)"
way,702326824,"LINESTRING (432131.50240371714 4582644.072554949, 432182.5457478531 4582691.403254128)"
way,702888404,"LINESTRING (428659.1205297917 4580959.627058208, 428655.3796404359 4580956.810433747, 428588.1865759974 4580918.123457786, 428582.59342939017 4580914.903209747, 428563.96052691323 4580903.017970437, 428544.56232950784 4580890.707309163, 428511.0759512663 4580869.4423563415, 428505.5223533882 4580865.999718012, 428500.21278968663 4580862.71011726, 428452.8116789408 4580833.999417437, 428447.7047359652 4580830.907706588, 428401.32097271556 4580802.78684985, 428395.0616520448 4580799.029281008, 428368.393883752 4580783.193556223, 428366.5431886683 4580782.101554844, 428363.98610302596 4580780.616830435, 428357.7165802168 4580778.36939083)"
way,703250157,"LINESTRING (428860.4937535963 4586479.8236484025, 428854.6010125819 4586478.8379101055, 428849.85388739017 4586477.92973433)"
way,703250158,"LINESTRING (428847.0534946241 4586477.835141362, 428844.9123238863 4586481.0427609775, 428841.35684289236 4586484.04223133, 428835.911048221 4586486.016614293)"
way,703255600,"LINESTRING (428120.68696130696 4580004.944043921, 428121.1488108158 4580004.284393023, 428120.2228936376 4579998.631087609)"
way,703255601,"LINESTRING (428082.3195478349 4579873.277599239, 428076.8523480794 4579853.346591836, 428057.19859151286 4579792.886380149, 428049.85999067355 4579768.976914199, 428047.28381929186 4579761.39698554, 428046.1894757601 4579758.165795828, 428045.12946698733 4579755.023088818, 428040.31783470634 4579742.169259595)"
way,704892973,"LINESTRING (433068.81149656366 4582216.332022425, 433066.96440424246 4582218.225458153, 433065.1078239545 4582219.996851384, 433064.0053964988 4582221.039596103, 433050.68596635555 4582233.731025558)"
way,708999773,"LINESTRING (431868.62426796055 4586826.704345212, 431857.5483153803 4586827.152857037, 431791.1484915898 4586829.566184891, 431786.69540515874 4586829.641481837)"
way,709075295,"LINESTRING (433247.22855110833 4587447.326166671, 433244.4547238881 4587445.530896273, 433242.35449737957 4587442.485887772, 433240.31347499107 4587437.7082851175, 433240.55803234596 4587432.520985896)"
way,709075303,"LINESTRING (426159.17508223373 4583928.05586818, 426150.8487649297 4583934.602759302, 426146.8370888741 4583937.974591024)"
way,709075304,"LINESTRING (428360.20372466196 4584926.775257428, 428360.64480219356 4584927.425968638, 428361.69961700635 4584927.593177169, 428362.42078725534 4584927.830305771, 428366.08546276775 4584929.89250406, 428368.50990914914 4584932.477714806)"
way,709107018,"LINESTRING (429563.1601814878 4582578.857645481, 429568.25303124724 4582584.115317026, 429630.40251782874 4582644.532890106, 429635.16146051476 4582648.994441508, 429641.2810675545 4582651.510873703, 429642.967772962 4582653.004486341)"
way,709112459,"LINESTRING (428301.94941836275 4581981.82347556, 428306.5025354812 4581981.412023185)"
way,709127808,"LINESTRING (428291.5647439767 4581936.270951564, 428293.01523187925 4581948.492037423, 428293.59043121536 4581953.382741917, 428293.9680417926 4581958.586284339)"
way,709510542,"LINESTRING (430852.2298082735 4580705.811462558, 430852.0755730533 4580704.547211068, 430851.8942381649 4580703.072264298)"
way,709510543,"LINESTRING (430873.4130722243 4580686.445918298, 430870.63069593476 4580683.208221928, 430866.2051398103 4580677.798941218)"
way,709510544,"LINESTRING (430850.0415095055 4580688.578537793, 430849.7473313669 4580686.671657194, 430849.56769030466 4580685.374339662, 430848.58501708874 4580679.676859009)"
way,709510546,"LINESTRING (432415.9368592533 4582491.347571158, 432388.766900219 4582492.622563983, 432385.2231207712 4582489.180459329, 432335.19739660004 4582440.6952505, 432329.2317917718 4582433.98936089, 432322.67468284967 4582425.723505128)"
way,709510551,"LINESTRING (431268.01858773397 4580855.353256081, 431265.47064147424 4580851.23606655, 431265.02059841104 4580850.518651128)"
way,709510552,"LINESTRING (431015.04368199635 4579897.17387348, 431019.30014903273 4579890.049779746, 431024.36424232915 4579884.294753863, 431030.69359846326 4579876.1405908195, 431036.1625942531 4579863.708932301)"
way,709510553,"LINESTRING (431007.17426748155 4579930.701532055, 431007.2506137982 4579935.208547811, 431005.9104165111 4579971.038979337, 431012.8899497919 4580018.037391821)"
way,709510556,"LINESTRING (434724.81328213663 4584721.025870211, 434725.06556243676 4584718.414442524, 434725.55456278333 4584716.100655341, 434726.33508369746 4584713.673211791, 434727.26028966915 4584711.5331359655, 434727.99441979546 4584710.449547037)"
way,709510557,"LINESTRING (434750.16417764674 4584739.549911806, 434749.9392196699 4584739.629658967, 434747.43650680117 4584740.162946054, 434744.88074571715 4584740.374731662, 434742.3218822384 4584740.24236003, 434739.7935470543 4584739.787733523, 434737.3542438877 4584739.010324662, 434735.03740333795 4584737.909831948, 434732.8852141647 4584736.530285993, 434732.7925785217 4584736.453401761, 434730.93120722583 4584734.8824871, 434729.2090135665 4584732.9883374255, 434727.7523644376 4584730.8808409935, 434726.57847594516 4584728.615356304, 434726.51847022795 4584728.449355701, 434725.71252160176 4584726.202759005, 434725.17181779165 4584723.709509524, 434724.72129817837 4584721.9482302265)"
way,709510558,"LINESTRING (434764.1042845001 4584719.883385287, 434764.1430642239 4584721.404116235, 434764.04116302857 4584723.081553846, 434763.80233654974 4584724.404936545, 434763.57902505767 4584725.594946117, 434762.7902354601 4584728.033562764, 434761.6993674739 4584730.341668551, 434761.4602949728 4584730.710214749, 434760.3061211613 4584732.485957993, 434759.72708340746 4584733.157343118)"
way,709705931,"LINESTRING (428401.4378747095 4582189.930208927, 428372.8323750191 4582163.654726578, 428368.6959653308 4582159.687460452)"
way,709707291,"LINESTRING (428320.9372822065 4582137.998338644, 428315.64304419653 4582136.174322479, 428279.78185101197 4582125.3818791, 428224.2498217711 4582103.204088672, 428189.9993120161 4582085.379063903, 428188.3601378027 4582084.50707509)"
way,718177939,"LINESTRING (431004.09670929186 4584713.707969177, 430999.8250256432 4584713.6598611465, 430998.36325675936 4584713.76261763)"
way,718177940,"LINESTRING (431068.5521382138 4584648.141983933, 431064.92013708653 4584652.073685072, 431026.9358643678 4584693.027682445, 431010.5964325778 4584710.737063155, 431007.45982595586 4584714.020105565)"
way,724057964,"LINESTRING (433075.96175943816 4584680.700764075, 433076.11269655696 4584685.27373464, 433076.2330178872 4584689.24743545, 433075.5507712771 4584691.396588941, 433074.8520147707 4584693.568100807, 433050.8349487701 4584717.639060328, 433034.2959665467 4584734.168715817, 433033.80195655464 4584743.11106582, 433030.5125889024 4584746.239186247, 433027.94644386356 4584748.938709553, 433003.29967159254 4584773.570803629)"
way,724057965,"LINESTRING (432994.21502106456 4584782.703698991, 432980.5827275825 4584796.2754311925)"
way,724057966,"LINESTRING (432774.42895252386 4585003.034473904, 432766.1211991946 4585011.161199505, 432716.2769335663 4585061.920255552, 432699.9160346188 4585075.86209744, 432696.6857747569 4585079.023136401)"
way,729397999,"LINESTRING (430416.49045642 4580718.885991967, 430420.28646298393 4580718.794036547, 430421.48196957394 4580718.749251705, 430426.48237808107 4580718.66794373, 430431.6750157698 4580718.573691335, 430482.2300648272 4580717.655627299, 430533.9159611509 4580716.926929185, 430560.6308156738 4580716.348962675, 430564.36839312874 4580716.268745367, 430569.28443414095 4580716.110624279, 430571.29935263714 4580716.046912187, 430575.0534424185 4580715.944336542, 430586.3131604924 4580715.370177521)"
way,730337229,"LINESTRING (428961.3955296476 4582186.594119503, 428956.8695333799 4582182.086301909, 428954.66549391777 4582179.876227659, 428901.0863433771 4582126.375012097, 428898.4532533386 4582123.902694737)"
way,732992789,"LINESTRING (431363.502211402 4584150.772745672, 431352.0043011649 4584141.533130133, 431291.64383695717 4584082.6608695695, 431282.348342574 4584073.855679864)"
way,733086766,"LINESTRING (427200.60195259325 4576717.458076222, 427172.26057113276 4576730.044425386, 427146.1372245743 4576742.675238608)"
way,733086777,"LINESTRING (427270.2471989145 4576501.919025727, 427268.0138183875 4576497.0006246185, 427264.6508016841 4576489.584293844)"
way,733086778,"LINESTRING (427238.46848825866 4576498.93998741, 427248.59364773874 4576493.897706157, 427259.2431822894 4576488.572611933)"
way,734141599,"LINESTRING (427907.6888472128 4582896.722784195, 427909.19076176826 4582893.898783848, 427915.18491661 4582885.445280974, 427920.58173240756 4582880.817149719, 427924.72069040017 4582878.333309479, 427938.62741604703 4582873.5650028335, 427939.987330176 4582873.273899265)"
way,734145807,"LINESTRING (427517.6640454484 4583625.7183231795, 427502.3334981119 4583651.763980237, 427490.27202641865 4583672.825000699, 427480.49772697914 4583691.031872921, 427479.326734039 4583693.475157184)"
way,736823374,"LINESTRING (429010.64122155344 4587336.044874499, 429009.8364364265 4587335.775197881, 429007.95035918476 4587334.305905756, 429006.5142777732 4587333.564996142, 429005.2256762459 4587333.377789869, 428990.84251509083 4587333.907585339, 428980.05119736673 4587335.179351802, 428972.6869875642 4587336.5840251455, 428955.34465597954 4587340.385030829, 428941.2056091218 4587344.498801462, 428923.0326604758 4587351.350271982, 428918.27041550743 4587353.09583245, 428901.18296269 4587361.568834793, 428888.32017288054 4587368.856731201, 428875.86815319536 4587377.128780466, 428860.8158077056 4587389.467925623, 428856.0104607932 4587393.623307085, 428827.7175094567 4587418.139549163, 428817.30048895173 4587416.676535801)"
way,736844977,"LINESTRING (428311.6060936004 4585275.968212173, 428307.7783930223 4585283.589474837, 428300.43927055475 4585299.53946592, 428291.7563354432 4585317.3569807075, 428284.9350899021 4585331.5808936935, 428274.0402633993 4585353.905962726, 428267.7637193545 4585366.581178745, 428258.7382062478 4585385.234859315, 428246.53492642054 4585410.448623654, 428239.49173646996 4585424.186253755, 428238.1314403856 4585426.919977771, 428234.7391168456 4585433.759757125, 428229.61130697833 4585451.009161689, 428226.8689398998 4585463.549445219, 428226.295103337 4585467.208025086, 428223.9332053783 4585479.344828901, 428222.29338523664 4585505.297716148, 428218.99456788914 4585535.042082115, 428218.13861863804 4585556.6015103, 428216.9587566218 4585564.041125492)"
way,736846923,"LINESTRING (428381.56014918163 4584934.447048755, 428380.26776157797 4584938.146029008, 428376.54567479074 4584948.020107908, 428376.36729092716 4584970.538740905, 428379.35900995985 4584996.667788915, 428382.0454102518 4585025.731049827, 428383.15076419024 4585038.610688269, 428384.1048678448 4585045.496207103, 428385.27908141946 4585056.043536189, 428384.9950502852 4585074.643860758, 428385.0564124046 4585094.362170983, 428384.31317922036 4585122.304658656, 428374.9263517779 4585141.672340109, 428370.15719206363 4585151.3014206765, 428363.62198001967 4585164.90065027, 428356.69652739045 4585178.759118224, 428352.4471187405 4585186.850853922, 428338.81008876336 4585216.741891672, 428326.59919194214 4585242.088812946, 428316.32450640376 4585265.451350139, 428315.8264821485 4585266.644303598)"
way,746506724,"LINESTRING (430954.0608439611 4583017.175666938, 430954.51523341006 4583016.605088929, 430957.12188985094 4583013.782317339, 430960.96346585284 4583009.826385625)"
way,746506725,"LINESTRING (430986.1032874526 4583048.402428918, 430986.8405328364 4583047.684820409, 430989.6308925397 4583044.838104257, 430993.24908312404 4583041.128581052)"
way,749298520,"LINESTRING (432667.971815873 4582267.222111385, 432662.0195931769 4582262.836314092, 432656.4546346453 4582258.735594499, 432653.7190699554 4582253.18741796, 432651.2276097457 4582248.713944785)"
way,751103111,"LINESTRING (427473.5578485605 4580087.1109884195, 427475.49876563036 4580084.648925418, 427477.8524021874 4580081.638690427)"
way,751103115,"LINESTRING (427497.77656390774 4580065.850884366, 427495.5163886136 4580068.171795783, 427492.92501729017 4580070.829108438)"
way,751411343,"LINESTRING (429116.4185410952 4587996.247527125, 429120.9064502433 4587998.091051378, 429135.1766674156 4587998.106639419, 429142.20600161 4587998.404158938, 429149.2139711963 4587999.0793972565, 429159.38966093026 4588000.73398509, 429169.3893863483 4588003.189728019, 429178.74042621575 4588005.951618968, 429233.4494703453 4588024.901830781, 429300.100198481 4588047.577332754, 429306.36894282914 4588049.559002037, 429314.8645044705 4588051.141407229, 429323.4465305661 4588052.167826529, 429332.08149866987 4588052.627484861, 429343.16591550864 4588052.385936015, 429354.1994523364 4588051.212248105, 429365.0903281431 4588049.118420506, 429378.5450354612 4588043.491018818)"
way,753132672,"LINESTRING (427905.20473471907 4580198.609074758, 427905.42327830795 4580198.717930595, 427927.47138847 4580209.745958704)"
way,753496511,"LINESTRING (428650.51166802325 4577684.550244184, 428646.76065769774 4577650.2460090695)"
way,753496518,"LINESTRING (428545.62775804725 4578049.145619293, 428575.8971283022 4577989.658175731, 428576.9313005889 4577987.62727307, 428578.62379168347 4577984.479603182, 428594.26669323596 4577955.347147874, 428607.27778397565 4577929.97119037, 428609.7898263328 4577925.0834174575, 428615.45060483424 4577913.691695081, 428639.9320083251 4577864.465036475, 428647.26048473595 4577843.985904755, 428650.9974638742 4577830.081684438, 428654.28880669264 4577807.44390192, 428655.76655259327 4577773.94315898, 428655.5290933967 4577763.408885096, 428655.1266903065 4577754.819232933, 428653.3160464723 4577715.3330839705, 428650.51166802325 4577684.550244184)"
way,753676803,"LINESTRING (430027.5347227049 4581117.34837117, 430028.4317055388 4581116.706847406, 430032.1542892866 4581113.362252819)"
way,753676804,"LINESTRING (430021.84858126985 4581122.599415209, 430025.37883374 4581119.256674093)"
way,760995423,"LINESTRING (426699.23118723556 4582069.908305866, 426707.9101972226 4582059.93883412, 426709.2917604 4582058.470365461, 426775.3795185868 4581988.597160487, 426835.4942779322 4581926.623620401, 426856.4917855541 4581904.327768703)"
way,764430988,"LINESTRING (433668.2838527496 4584869.981311842, 433665.5932645593 4584867.330189463, 433660.89576252433 4584862.7544677565, 433658.0446449131 4584859.916071437, 433587.7468798667 4584790.191040043, 433582.4907453003 4584784.865501403, 433579.7510828514 4584779.605698586, 433575.11523395614 4584775.384755248)"
way,766551683,"LINESTRING (432945.4374083818 4582314.577891203, 432934.0194917399 4582324.898152841)"
way,766551684,"LINESTRING (432973.53390078695 4582286.849581599, 432953.518148027 4582306.853277383)"
way,766710431,"LINESTRING (428708.12468285253 4581361.436710227, 428708.03823981923 4581338.199156483, 428708.2419447847 4581335.954363407)"
way,766710432,"LINESTRING (428697.9520392142 4581370.396921778, 428700.0974013222 4581368.310670774, 428704.7164200989 4581364.356999251, 428708.12468285253 4581361.436710227)"
way,766710433,"LINESTRING (428672.9039455747 4581373.552383922, 428676.0011696841 4581370.468597065, 428697.9520392142 4581370.396921778)"
way,766710434,"LINESTRING (428507.2591300842 4581542.1948738545, 428521.123044797 4581527.702020882, 428556.48891577043 4581491.390880972, 428561.952273279 4581485.730042419, 428562.5567573948 4581485.124525327, 428563.8403233645 4581483.846138367, 428575.21388992254 4581472.042647253, 428581.44768286566 4581465.641437574, 428586.6824252637 4581460.538018042, 428592.62708308175 4581454.494961452, 428597.09011930856 4581449.998712128, 428652.9044738159 4581393.456941687, 428672.9039455747 4581373.552383922)"
way,766735967,"LINESTRING (434326.6267523945 4584561.705016827, 434337.5668819648 4584566.169024804, 434352.23463071533 4584570.599245224)"
way,766735975,"LINESTRING (433905.70423973596 4584446.480425931, 433928.1551392472 4584453.725472122, 434083.2744990723 4584503.950538468, 434244.03971267684 4584554.838181452, 434290.8035998484 4584570.201736306, 434310.1263383474 4584577.309804547)"
way,766735976,"LINESTRING (433764.43416482443 4584400.962116819, 433781.5761858068 4584406.23457646, 433867.75265673024 4584434.28084167, 433880.2614496121 4584438.385651725)"
way,766735977,"LINESTRING (434307.6356986857 4584581.940062502, 434299.1539228309 4584580.34051349, 434288.32436951064 4584577.929575708, 434080.91207147884 4584511.632977492, 433921.21760564833 4584460.161797111, 433903.5288968572 4584454.494301624)"
way,766735978,"LINESTRING (433877.48936283175 4584446.038593392, 433860.2398690217 4584440.877919645, 433825.117472667 4584429.119028147, 433777.96817508934 4584413.872998046, 433777.0375814328 4584413.570631854)"
way,766735982,"LINESTRING (433754.41852415923 4584406.249867964, 433720.784722423 4584395.52151873, 433584.75187385536 4584351.657459276, 433487.87686491833 4584320.304237751, 433472.03809359064 4584314.998283961)"
way,766735983,"LINESTRING (433777.0375814328 4584413.570631854, 433765.4849623575 4584409.834745547, 433754.41852415923 4584406.249867964)"
way,766735986,"LINESTRING (433740.74981254287 4584393.24033731, 433753.1909728792 4584397.245624336, 433764.43416482443 4584400.962116819)"
way,766735987,"LINESTRING (433474.8096054628 4584307.322980451, 433490.128957077 4584312.500478484, 433587.2786573077 4584343.717978223, 433694.84952629695 4584378.427521866, 433740.74981254287 4584393.24033731)"
way,766735993,"LINESTRING (433328.79761893075 4584260.34665638, 433347.887607489 4584266.488388979, 433444.4591996518 4584297.420645354, 433456.2734210862 4584301.386780661)"
way,766735995,"LINESTRING (433454.4237811788 4584309.320085604, 433436.95316359843 4584303.818253436, 433338.19896282663 4584271.873632094, 433326.1354100352 4584268.076525556)"
way,766735996,"LINESTRING (433456.2734210862 4584301.386780661, 433463.3563392387 4584303.520040178, 433467.4236554998 4584304.959335597, 433474.8096054628 4584307.322980451)"
way,766735997,"LINESTRING (433472.03809359064 4584314.998283961, 433461.0147808886 4584311.591097915, 433456.780404317 4584310.164444415, 433454.4237811788 4584309.320085604)"
way,766736003,"LINESTRING (433217.55365534755 4584223.844397759, 433233.79668391426 4584229.434747574, 433304.9771522271 4584252.472098483, 433313.5291056984 4584255.268952399)"
way,766736004,"LINESTRING (433313.5291056984 4584255.268952399, 433324.8646970906 4584258.983919849, 433328.79761893075 4584260.34665638)"
way,766736005,"LINESTRING (433326.1354100352 4584268.076525556, 433318.8572084575 4584265.623215735, 433311.16934332566 4584263.162583772)"
way,766736006,"LINESTRING (433311.16934332566 4584263.162583772, 433295.1745715912 4584258.1915333485, 433231.5990829541 4584237.682200937, 433214.2865121743 4584232.135030605)"
way,766736010,"LINESTRING (433190.0965176344 4584224.097712767, 433169.65089180844 4584217.824567852, 433058.0248424455 4584181.750165641, 433044.28591768764 4584177.602620179)"
way,766736011,"LINESTRING (433214.2865121743 4584232.135030605, 433208.95443400205 4584230.429972669, 433198.40615982877 4584226.896668236, 433190.0965176344 4584224.097712767)"
way,766736013,"LINESTRING (433191.8229355063 4584215.521509355, 433201.94198362995 4584218.736782901, 433217.55365534755 4584223.844397759)"
way,766736014,"LINESTRING (433048.1603456993 4584169.916947288, 433065.9169127905 4584175.537340852, 433180.62980838923 4584211.860946828, 433191.8229355063 4584215.521509355)"
way,766736019,"LINESTRING (433030.14797069115 4584172.792621943, 433022.03383031965 4584170.358441701, 432929.80756791285 4584140.568396458)"
way,766736020,"LINESTRING (433044.28591768764 4584177.602620179, 433040.1683938628 4584176.175126584, 433034.42461610364 4584174.251946652, 433030.14797069115 4584172.792621943)"
way,766736021,"LINESTRING (433031.74119830097 4584164.295329061, 433041.1837730252 4584167.561049045, 433046.8944285078 4584169.517849149, 433047.63222646253 4584169.755288591, 433048.1603456993 4584169.916947288)"
way,766736022,"LINESTRING (432913.52259007434 4584125.086491323, 432926.2441225194 4584129.476376323, 433024.4537102205 4584161.764677365, 433031.74119830097 4584164.295329061)"
way,766736025,"LINESTRING (433137.64260675816 4584078.268990369, 433139.79593002243 4584076.095159188, 433185.2228312986 4584030.209789983, 433210.897402609 4584004.281003553, 433213.0756410505 4584002.084759894, 433264.40346524934 4583950.571874804, 433267.06967861915 4583947.804907416, 433271.7026650399 4583946.196713635, 433274.9322587027 4583942.880519652)"
way,766736027,"LINESTRING (432901.22136721737 4584130.874024431, 432895.5589384082 4584128.717040001, 432813.70648329565 4584102.651688438, 432758.5642731135 4584085.0215587905)"
way,766736028,"LINESTRING (432929.80756791285 4584140.568396458, 432915.9313576217 4584136.055970062, 432901.22136721737 4584130.874024431)"
way,766736031,"LINESTRING (432891.39835888066 4584118.141300306, 432903.2033929345 4584121.95119036, 432913.52259007434 4584125.086491323)"
way,766736032,"LINESTRING (432620.2020690947 4584032.892106884, 432643.4738172659 4584040.02565543, 432759.914396505 4584076.482047346)"
way,766736044,"LINESTRING (432606.49179379246 4584028.289898854, 432614.40749557334 4584030.925317105, 432620.2020690947 4584032.892106884)"
way,766736045,"LINESTRING (432359.8796024958 4583947.273786771, 432362.3448288678 4583948.083471107, 432472.7155428679 4583983.215253156, 432476.9763223122 4583984.741017988, 432563.7853100967 4584014.053989976, 432605.84570376994 4584028.029444524, 432606.49179379246 4584028.289898854)"
way,766736046,"LINESTRING (432602.1053846109 4584034.814782739, 432580.350701515 4584027.223126478, 432462.5260650193 4583989.550083079, 432353.3838057516 4583954.3736715, 432351.50648720807 4583953.858274229)"
way,766736047,"LINESTRING (432619.6990939573 4584040.824210509, 432608.3519409121 4584036.843972841, 432602.1053846109 4584034.814782739)"
way,767720901,"LINESTRING (431139.8278049463 4580646.449094976, 431137.6894474758 4580643.205180352, 431136.10986911156 4580640.677640978, 431131.1712122046 4580634.939992774)"
way,767720902,"LINESTRING (431131.1712122046 4580634.939992774, 431129.2931872907 4580633.569983939, 431126.4115736075 4580634.840880359, 431123.82117176376 4580635.953571248, 431119.4579194249 4580637.08311011, 431114.27218871296 4580637.909589083, 431109.02496713743 4580638.425777188, 431104.86233923095 4580638.66519229, 431099.5580842424 4580638.460245879, 431093.9881533558 4580637.580556754, 431089.7084990681 4580636.066846981, 431086.3187521066 4580634.911072045, 431082.6047897292 4580633.081109069, 431079.1323882856 4580631.148925672)"
way,770046201,"LINESTRING (428882.5180467137 4580668.711691914, 428884.06806075806 4580665.587672444, 428886.18387044413 4580661.314503759, 428911.53338909347 4580610.181266236, 428913.1735662086 4580606.867620341, 428915.0350705687 4580603.0965855885, 428965.79405328503 4580499.997136465, 428967.4914060948 4580496.538606656, 428969.2226465322 4580493.124156798, 429007.30851114274 4580417.817643322, 429009.08073428716 4580414.313979769, 429010.60631540924 4580411.245744785, 429024.94436722517 4580382.493200491, 429027.72501942416 4580376.914531354)"
way,770887436,"LINESTRING (429848.25649070955 4580771.128667588, 429905.63417618896 4580827.14265553, 429907.48559754656 4580829.200986774, 429909.45516364544 4580831.369204627, 429917.2424938093 4580839.287965581, 429921.55788541696 4580841.022698277, 429930.5715491482 4580848.629838685)"
way,775425775,"LINESTRING (425854.8787160729 4583231.906035207, 425848.5159941273 4583231.0496236095, 425821.25422934897 4583210.810354524, 425815.8389760653 4583203.693249374, 425793.1408634479 4583176.012707111, 425772.51232690597 4583152.0527508175, 425768.66617606673 4583148.761254294, 425745.5554173987 4583128.979354598, 425705.9705836846 4583101.516635539, 425701.10653673066 4583098.435470103)"
way,775504324,"LINESTRING (425547.91002295323 4582204.758551942, 425546.0428129898 4582202.068598316, 425514.3334783267 4582156.339115413, 425512.7055978326 4582154.157449427)"
way,782672805,"LINESTRING (433190.46672347555 4582871.483834463, 433188.72080782737 4582873.454030315, 433182.7408154057 4582880.470644257)"
way,782672806,"LINESTRING (433213.3097195858 4582892.535022577, 433199.15775201924 4582876.488755578, 433198.37239807966 4582875.641083448, 433193.0098001636 4582869.828267527)"
way,783142054,"LINESTRING (434730.7098961523 4584129.938807206, 434725.9281207084 4584134.534049706)"
way,784307494,"LINESTRING (434280.791410599 4584057.443885442, 434281.5667422289 4584058.136323254, 434283.218412539 4584059.598001813, 434285.6111683384 4584060.742076788, 434288.0169252396 4584064.239823949, 434291.3175589441 4584071.471087569, 434293.1952169301 4584075.728618063, 434296.85697125643 4584084.066885001, 434307.775613875 4584106.351017025, 434313.07518981514 4584114.630020922, 434317.55351112783 4584121.761789557)"
way,785188736,"LINESTRING (433566.7600320047 4583637.890158628, 433570.8519427316 4583641.0613284735, 433573.97869487706 4583643.819447706)"
way,785188737,"LINESTRING (433573.97869487706 4583643.819447706, 433576.3114932307 4583641.133378353, 433578.24244109273 4583639.2948081745, 433598.55230858974 4583620.60018747, 433687.1892609609 4583531.909379085, 433704.00215831085 4583515.611986154, 433706.2824272521 4583513.57040373)"
way,790614645,"LINESTRING (431252.8640445977 4586033.530291141, 431251.84579867637 4586027.511083167, 431251.1761713237 4586022.1214292245)"
way,790614646,"LINESTRING (431265.36568862014 4586117.938011667, 431265.0946494958 4586115.7977237925, 431258.5875347038 4586065.085911619, 431253.5737056285 4586036.976555042, 431252.8640445977 4586033.530291141)"
way,790614649,"LINESTRING (431238.0852362233 4585934.654934842, 431236.8490673483 4585928.5711826915, 431235.4186552164 4585919.635828172)"
way,790614650,"LINESTRING (431235.4186552164 4585919.635828172, 431231.5250296452 4585888.0628388245, 431229.5674950899 4585875.546254622, 431228.8285408394 4585870.7790252855)"
way,790614652,"LINESTRING (431228.8285408394 4585870.7790252855, 431228.1345333095 4585866.344456229, 431227.0505987851 4585858.693748697)"
way,790614653,"LINESTRING (431227.0505987851 4585858.693748697, 431226.52779149887 4585856.444826331, 431223.1484959738 4585838.545741513)"
way,790614655,"LINESTRING (431221.3341782588 4585825.272800814, 431217.51756572723 4585798.29569438, 431211.3973076863 4585764.601021234, 431208.56494555343 4585750.616072474)"
way,790614656,"LINESTRING (431223.1484959738 4585838.545741513, 431222.45332180423 4585833.989052153, 431221.660758996 4585827.978807146)"
way,790614658,"LINESTRING (431208.56494555343 4585750.616072474, 431207.0511821588 4585743.469085431, 431206.1499246964 4585739.214135547, 431205.02972449106 4585733.906490694)"
way,790614659,"LINESTRING (431205.02972449106 4585733.906490694, 431204.1533425358 4585728.751968893, 431188.9741065784 4585664.355071972, 431183.8996894766 4585647.50469563)"
way,790614661,"LINESTRING (431163.5409574577 4585574.585660524, 431162.59806904884 4585571.230447765, 431159.70868343604 4585560.932226727, 431153.0689090551 4585541.198902706, 431144.74059023627 4585521.4372377945, 431143.8041301058 4585518.759243666, 431142.301209791 4585515.39825888)"
way,790614662,"LINESTRING (431164.2321790576 4585584.871482111, 431164.3510719035 4585578.919192244, 431163.5409574577 4585574.585660524)"
way,797153959,"LINESTRING (428418.7065662122 4582471.085959557, 428419.4373639272 4582473.965504479, 428435.9761402842 4582540.852795061, 428442.13077296823 4582562.942375004, 428470.59865899774 4582646.5883934805, 428473.44915479014 4582653.299735759)"
way,802197045,"LINESTRING (428781.5831353317 4582371.457914689, 428792.7408529713 4582370.981837041, 428801.1422124195 4582370.799336244, 428803.1116306647 4582371.257406887)"
way,803424573,"LINESTRING (429941.23203657806 4583135.632444048, 429942.77757031075 4583133.785514617, 430009.08838265005 4583066.749040714, 430013.18075107114 4583062.845685149, 430019.4322720687 4583056.567654573)"
way,803424575,"LINESTRING (430135.3208334626 4582937.325137521, 430142.02423312824 4582929.333014103, 430147.06678852544 4582924.243667152, 430169.41133277374 4582901.333893793, 430182.3842838459 4582888.029699928, 430200.4487899567 4582869.502515995, 430209.11436307465 4582860.359055305)"
way,803424577,"LINESTRING (430222.40096905513 4582846.618902275, 430228.3301359548 4582840.68835721, 430234.7606102759 4582833.853654666, 430239.3455300795 4582828.979738324, 430263.4390213414 4582804.432405674, 430291.4846532458 4582775.26162984, 430303.0021744388 4582763.58158979)"
way,803424579,"LINESTRING (430435.1791000898 4582628.687806306, 430450.5882373024 4582612.995811427, 430476.2096315431 4582587.202137304, 430482.4006764913 4582580.636434383, 430494.3352310974 4582567.0430185925)"
way,803424581,"LINESTRING (430515.2846416868 4582545.7687795, 430581.5348390759 4582478.27210293)"
way,803424582,"LINESTRING (430626.8529488938 4582432.93796448, 430689.33478759427 4582369.864050691, 430691.5804121832 4582367.744124122, 430699.3794756225 4582360.541472722, 430702.1389502402 4582359.693463754)"
way,803424583,"LINESTRING (430708.9961597107 4582352.799610134, 430726.84895935375 4582334.586718256, 430794.202845693 4582265.8047114685, 430797.4088226696 4582262.676387959)"
way,803424585,"LINESTRING (430797.85943078646 4582437.64210821, 430778.4529295233 4582459.500313117, 430723.64434847696 4582516.215858551, 430716.4112039508 4582524.001528233, 430707.5308304565 4582533.523906707)"
way,803424586,"LINESTRING (430678.82766232383 4582560.656367754, 430672.5746765217 4582568.632555847, 430606.0394043381 4582636.042317276, 430602.3401495315 4582640.01927698, 430598.7451988973 4582640.919742915, 430592.9682841669 4582647.081674306)"
way,803424587,"LINESTRING (430580.859139999 4582659.910502911, 430569.8703010662 4582672.728614851)"
way,803424588,"LINESTRING (430569.8703010662 4582672.728614851, 430544.10921883053 4582698.77866624, 430512.4316590134 4582731.22531293, 430507.324602408 4582736.603689138, 430495.2271551632 4582748.877413028)"
way,803424589,"LINESTRING (430495.2271551632 4582748.877413028, 430482.8205332991 4582761.165228336, 430476.7855049199 4582767.418558025, 430424.87571085873 4582821.654933801)"
way,803424590,"LINESTRING (430402.3122576028 4582846.253635247, 430384.55411983246 4582865.3991196975)"
way,803424591,"LINESTRING (430384.55411983246 4582865.3991196975, 430328.2188793282 4582921.821619975)"
way,803424592,"LINESTRING (430290.05232816574 4582960.027497511, 430230.59054812725 4583019.800655426, 430223.618468091 4583026.807128525)"
way,803424593,"LINESTRING (430204.64351020975 4583046.253477582, 430195.7868616403 4583055.49871894, 430138.55621718743 4583114.995805873)"
way,803424594,"LINESTRING (430019.2672703911 4583236.769376004, 430011.59578433656 4583245.759140037, 429948.99949405954 4583305.975838517, 429940.2427145876 4583314.243388282)"
way,803424595,"LINESTRING (430707.5308304565 4582533.523906707, 430705.93204940954 4582535.082498881, 430703.877274666 4582537.045156761, 430698.3918116278 4582542.227158721, 430689.00211194484 4582550.943924263, 430683.9727684111 4582555.73297305, 430680.293092094 4582559.143456848, 430678.82766232383 4582560.656367754)"
way,803424600,"LINESTRING (430882.84126531606 4582353.370590222, 430874.78242417314 4582361.408233286, 430837.3695528618 4582400.347766375, 430814.73071420786 4582421.714893986, 430797.85943078646 4582437.64210821)"
way,804657856,"LINESTRING (431281.5182781362 4583899.193106738, 431290.2594705963 4583907.703780015, 431345.8785293081 4583961.846763438, 431354.5778831141 4583970.369011498)"
way,804657857,"LINESTRING (428890.1739674157 4581555.470091543, 428895.11619753204 4581560.595551465, 428904.2108215298 4581569.610704107, 428920.353773079 4581585.340605906, 428939.02121729334 4581603.54394054, 428962.3237095218 4581626.265177378, 428968.77406538336 4581632.552809742, 428973.00456408574 4581635.886626092)"
way,807541519,"LINESTRING (430129.1812097449 4583703.051660443, 430146.76582994236 4583719.070051884, 430149.14715881215 4583720.6792084845, 430195.89037790825 4583767.915457505, 430209.5063884012 4583782.462258786, 430212.41834500065 4583785.354258788, 430224.4717748092 4583796.507554112, 430235.34892156126 4583807.916465705, 430237.3231845206 4583809.79604215, 430252.7439018651 4583824.25891779, 430273.38331482484 4583845.044639462, 430302.9704472527 4583874.837568174, 430320.2149823454 4583894.69014383, 430335.238621451 4583909.62333269, 430365.4375593446 4583939.632680163, 430394.51120465796 4583968.2651037015, 430411.1211175193 4583984.7598087555, 430415.1396322208 4583988.862572393, 430430.62612682953 4584004.157900487, 430461.76157238474 4584035.146797183, 430492.6450825045 4584065.172289294, 430507.3610346944 4584079.47591195, 430527.03179480357 4584097.9067115635, 430587.2327683299 4584154.309418143, 430606.3716472937 4584172.234792256, 430608.1934548346 4584173.927178466, 430624.24986175215 4584189.461709238, 430698.42248273024 4584261.242202123, 430711.9811759783 4584274.369294485, 430714.7067282683 4584277.0412158985, 430734.65947362315 4584296.224860684, 430775.78795183974 4584335.768626558, 430786.6510112332 4584345.879434715, 430806.42021585495 4584364.265616981, 430823.7644693337 4584381.697966545, 430879.49282786116 4584440.277520703, 430889.83400712354 4584450.915297634)"
way,813642848,"LINESTRING (430912.12974362954 4584637.753026688, 430920.6736209339 4584629.133362503, 430952.9781232587 4584596.526841242)"
way,816756931,"LINESTRING (431167.98288447934 4585506.47148438, 431169.404141769 4585509.155973567, 431170.48330959905 4585511.022101337)"
way,816756932,"LINESTRING (430914.27396131365 4585258.240652189, 430891.03880000726 4585237.222602718, 430874.39460576745 4585221.104676824, 430849.4330750622 4585196.128402315, 430827.12897948816 4585174.624231137, 430796.2858862739 4585145.574062746, 430787.3097390978 4585136.87748592, 430778.9926616973 4585128.929614966, 430735.93114652287 4585086.939529928, 430701.8361935975 4585053.546321883)"
way,816756933,"LINESTRING (430532.1616414767 4584935.616522015, 430529.157404874 4584930.016174655)"
way,816897228,"LINESTRING (427982.22395094787 4582749.44434471, 427980.3879898517 4582754.8364345, 427980.8939061427 4582758.628618972, 427955.3431957667 4582833.472443711, 427954.56636288564 4582836.067162134)"
way,817468476,"LINESTRING (430960.9885672418 4584758.963580618, 430945.8838960561 4584759.751620979)"
way,817468477,"LINESTRING (430945.8838960561 4584759.751620979, 430940.20820203156 4584765.856846633)"
way,819205633,"LINESTRING (432014.3903132406 4582529.956714304, 432017.30647014565 4582527.087023028, 432021.77183990245 4582522.692810615)"
way,822172574,"LINESTRING (433263.6184311747 4588900.775837638, 433253.3657456417 4588905.00076822, 433251.20049168455 4588904.8209074, 433244.2342955801 4588902.187224763)"
way,822172575,"LINESTRING (432776.7117214555 4588689.945990068, 432770.7063743189 4588687.370440088, 432750.26218861586 4588678.156408795)"
way,822172576,"LINESTRING (432953.4087592881 4588772.309814241, 432905.5782445736 4588750.170226314, 432859.5547004724 4588728.336152843)"
way,822172577,"LINESTRING (433011.56893870444 4588780.530876825, 433016.8792714112 4588782.946519469, 433056.26040652196 4588800.235376844, 433111.2238069595 4588825.041262918, 433176.28898157337 4588854.639456784, 433182.175969527 4588857.094300291, 433191.9606927199 4588861.88914911)"
way,822172578,"LINESTRING (432584.4195055169 4588585.814651217, 432598.3329403445 4588592.513225025, 432671.83348754735 4588625.903241275, 432689.39882438397 4588634.544299167, 432701.82341420196 4588640.168844264, 432807.96953797253 4588687.878958475, 432866.92685700976 4588714.377955892)"
way,822172579,"LINESTRING (432866.92685700976 4588714.377955892, 432925.86631978524 4588739.90053581, 432955.83557918936 4588752.946046237)"
way,822172580,"LINESTRING (433201.33346793737 4588882.675993634, 433176.6267755811 4588871.30178873, 433165.7911188913 4588866.683219601, 433061.4721474818 4588819.073159157, 433009.0667827658 4588796.286877924, 433005.678155605 4588794.808283053)"
way,822172581,"LINESTRING (433244.2342955801 4588902.187224763, 433242.2883161461 4588901.328064966, 433221.8055398429 4588892.3240343295, 433213.7593742702 4588888.534551843, 433211.1500171141 4588887.304030051, 433201.33346793737 4588882.675993634)"
way,822172582,"LINESTRING (433254.2432017243 4588890.558898331, 433258.25446141866 4588892.531490198, 433263.6184311747 4588900.775837638)"
way,822172583,"LINESTRING (433211.5838071706 4588871.866991452, 433216.66683283454 4588874.107231889, 433238.8524932817 4588883.8727262225, 433254.2432017243 4588890.558898331)"
way,822510353,"LINESTRING (431058.6829492871 4583709.053840787, 431064.7330505323 4583707.930366699, 431071.17534823035 4583701.462679965)"
way,831157596,"LINESTRING (428713.19489176257 4581744.204407259, 428774.40623681166 4581804.701828225, 428776.07063415454 4581806.4397290265, 428780.3390292356 4581807.674608763, 428789.3239309882 4581816.601872183, 428792.11919378175 4581819.3945429735, 428804.2537618087 4581831.444100967, 428806.3017125104 4581836.475807443, 428808.6914808416 4581838.850557668, 428867.83576911583 4581897.6369958045, 428873.12190190784 4581902.892297471)"
way,831157597,"LINESTRING (428335.61600796983 4581374.10432941, 428342.56278230564 4581380.619671563, 428355.04538601375 4581393.042560507, 428367.1374945082 4581404.8808750175, 428390.41924331273 4581426.945452956, 428399.12707517314 4581435.664030998)"
way,831182081,"LINESTRING (430153.6938471332 4584642.543905234, 430157.93710530736 4584637.906354807, 430168.2036734479 4584625.993800423, 430221.38688811084 4584569.300185555, 430226.0944283264 4584564.258497225, 430233.2052506722 4584557.061890071, 430280.8990366214 4584508.315819638, 430285.6262610419 4584503.573761522, 430291.6207299322 4584497.620389217, 430429.1829025198 4584361.141372296, 430443.42464434553 4584347.014863256, 430448.2036174351 4584342.416757797, 430465.09951370885 4584323.51275085, 430500.2229793157 4584284.204289679, 430517.3419583292 4584266.741648762, 430532.12633644894 4584251.6330607515, 430534.02196922456 4584249.694069849, 430592.1172970708 4584190.3470254615, 430608.1934548346 4584173.927178466, 430611.91032211424 4584170.12767259, 430628.71498731663 4584152.956997588, 430665.2965531339 4584115.589525354, 430679.21917517146 4584101.21119543, 430683.9290427414 4584096.347446215, 430703.2456510571 4584076.954532547, 430720.51784144534 4584058.802553159, 430779.148544474 4583999.174399117, 430797.6124740344 4583980.600414129, 430814.79647645215 4583962.793705019, 430845.4857186195 4583931.467956597, 430865.90822185355 4583910.48832879, 430870.9002054911 4583905.377750961, 430877.61364611215 4583898.452075418, 430885.0801801897 4583895.105450879, 430893.10615721496 4583886.435211737, 430894.27160397894 4583885.047330826, 430896.93684941746 4583882.268378738)"
way,831182087,"LINESTRING (429924.72603646084 4584879.283999551, 429914.11333067104 4584871.770130433, 429842.08780838014 4584820.783665874, 429835.8940391487 4584816.458037069, 429828.4647920914 4584811.4338016575, 429733.9458417175 4584747.598306791, 429730.0670400278 4584744.971251986, 429726.3158655758 4584742.576122021, 429647.3172208538 4584690.79321337, 429638.450965951 4584685.005927712)"
way,836359652,"LINESTRING (429354.010929881 4583132.953788824, 429355.4622169068 4583130.030666285, 429370.29160714673 4583101.529165457, 429374.751565378 4583093.347230346, 429376.7953495097 4583089.452380685, 429383.90013982006 4583073.8501154, 429392.79407651705 4583053.955790818, 429396.43810860894 4583045.259987643, 429397.29418491386 4583044.7409081785, 429398.6670509685 4583044.061350356, 429399.3845017592 4583043.0439909, 429403.02876401925 4583034.37039509, 429406.01943011966 4583026.402655881)"
way,836359653,"LINESTRING (429223.62274886307 4583348.679929188, 429220.6541887446 4583347.75408866, 429217.9421518333 4583349.124049614, 429216.3323591217 4583351.216032053, 429172.9802435159 4583410.596471997, 429152.48295603174 4583440.686074113, 429137.27665795054 4583462.119186534, 429131.0509076696 4583470.918122247, 429126.89704563195 4583476.154948923, 429092.36999541265 4583523.114184177, 429088.26971720567 4583528.694701272, 429081.38945935975 4583537.23362162, 429069.92890541436 4583550.991381462, 429058.9998711013 4583562.678806264)"
way,838240117,"LINESTRING (427116.2571355025 4582270.184844973, 427119.50824791053 4582260.059522286, 427123.6435340498 4582246.394557198, 427124.5322778551 4582243.310089628, 427127.131977883 4582234.923389985, 427128.73915988347 4582230.110733517)"
way,839289734,"LINESTRING (430408.97881020955 4583583.521523501, 430417.8018349893 4583574.299055651, 430475.28857291804 4583515.512228398, 430492.70076917147 4583497.92464231, 430496.10412088514 4583494.527800698)"
way,842429812,"LINESTRING (430137.9843887945 4584830.124019409, 430018.3772707961 4584882.252918922)"
way,850239188,"LINESTRING (431425.0607486983 4582544.915701862, 431417.42570971325 4582541.235220701, 431316.376203642 4582492.085454651, 431225.7386032159 4582447.723471641, 431193.01574146294 4582432.16823091)"
way,850239189,"LINESTRING (431435.7397413916 4582538.052984428, 431434.1380634445 4582541.088118453, 431431.7846488841 4582543.319860685, 431430.38621321763 4582543.97706282, 431427.31929083954 4582545.027555952, 431425.0607486983 4582544.915701862)"
way,853260380,"LINESTRING (427396.60814348096 4579889.105316663, 427393.7229873863 4579881.639727695, 427398.7733792476 4579856.418797465, 427401.8608218641 4579838.978479176, 427401.02466296445 4579836.4997944515, 427398.7281687957 4579832.692277826)"
way,853274284,"LINESTRING (429923.9978904495 4581818.895894727, 429927.4338441159 4581815.354153822, 429936.7382891491 4581805.593566012, 429945.0990299476 4581796.819168593, 429948.4700469904 4581793.477917956, 429949.9592833703 4581791.831396536, 429951.6143490172 4581790.038934811, 429951.7781177223 4581787.950009781, 429952.4641445063 4581786.255739603, 429955.09981358005 4581782.96601276)"
way,854157547,"LINESTRING (426898.44899480103 4583293.47830263, 426949.4199162663 4583243.533389057, 426959.1994758677 4583233.375426347, 426968.5273097786 4583223.1887236945, 426980.9817065124 4583208.829088427, 426992.8038102318 4583193.942905307, 426995.72078990185 4583194.690712374)"
way,854158182,"LINESTRING (426226.52812603 4582673.092434965, 426225.77037774445 4582670.935062023, 426232.89516284456 4582663.65663859, 426249.2889457247 4582647.0017171595, 426255.2718223309 4582642.532905559, 426265.81534038286 4582635.9747187095, 426275.3325989839 4582631.270094515, 426320.82454012055 4582618.01655739, 426332.9383864048 4582616.227901141)"
way,859639511,"LINESTRING (426518.5522971302 4581114.393702393, 426517.99734870536 4581111.623581935, 426518.17098973884 4581109.7787252385, 426512.3369607534 4581105.152418567)"
way,865534330,"LINESTRING (431876.5680188375 4586827.284606934, 431876.7738873135 4586828.737149133, 431876.38867548626 4586836.634943685)"
way,867922053,"LINESTRING (428094.54263699957 4578916.152751324, 428088.547158407 4578927.370606941, 428045.8419483752 4579005.769828572, 427993.5175372717 4579101.840729839, 427991.7347784921 4579105.111581703, 427982.88803393627 4579121.476285442, 427975.18345650466 4579135.76451741)"
way,867922054,"LINESTRING (427772.10253553523 4579466.541587994, 427773.27118973114 4579464.6202457, 427774.6447804655 4579463.118773092, 427776.79371217324 4579462.198032568, 427780.31612638326 4579459.7647193745, 427846.7730074752 4579335.25014599, 427860.8722280102 4579308.784869563, 427864.8055154707 4579301.3956153495, 427942.06312796165 4579156.522885358, 427944.59243831923 4579151.779018983, 427953.14070151676 4579135.69480293, 427973.74517715804 4579097.074085641, 428027.70037732914 4578995.923931175, 428067.1287809496 4578921.99825956, 428069.47820313904 4578917.655930687, 428080.0225173916 4578897.810410252, 428087.0854779707 4578884.572339594, 428090.09957643074 4578878.92438891, 428091.7747991316 4578875.765659832, 428101.85192089854 4578856.879656245, 428125.37344868464 4578812.778985451, 428162.8248272876 4578742.592961047, 428189.7558465907 4578692.130108955, 428192.04741622566 4578687.843911949)"
way,871562924,"LINESTRING (429345.79811838816 4581803.026877361, 429336.6703534414 4581793.955994757, 429280.7282492684 4581739.94211004, 429273.36690187047 4581732.808175652, 429261.2589224987 4581720.846411566, 429250.31646933954 4581710.072400331, 429243.3401155106 4581702.979147967, 429184.9647920624 4581645.70327954, 429174.82416660094 4581633.145077523)"
way,871965389,"LINESTRING (428646.76065769774 4577650.2460090695, 428646.57361692196 4577649.093151875, 428644.95437798096 4577639.283052157, 428643.85810095596 4577632.454476821, 428643.6800804815 4577631.368148112)"
way,878570260,"LINESTRING (429748.1935827581 4583092.924103185, 429758.45470031776 4583095.8001618795, 429767.72445190104 4583099.041141247)"
way,881322890,"LINESTRING (431872.18188500684 4581423.331116012, 431870.3438083957 4581422.615611204, 431869.0826811171 4581421.894682453, 431867.363451734 4581420.478583884, 431865.84856430034 4581418.560937914, 431863.5043337266 4581414.708098157, 431861.8299473561 4581412.725335829, 431859.1586502699 4581410.55209732, 431856.01481154654 4581408.8163129985, 431845.06732866407 4581403.35675822, 431837.9858128351 4581399.05995884, 431833.8060702544 4581396.545628144, 431832.18162547174 4581395.428422029, 431830.78283955186 4581394.29799067, 431827.44856219925 4581390.987410608, 431824.9330887892 4581388.490736931, 431821.6584864875 4581385.301728971, 431819.1061102329 4581383.327236628, 431816.2619109326 4581381.444313418, 431812.71596383944 4581378.7463862235, 431810.2346589646 4581376.3271156745, 431807.65970281174 4581373.731082223, 431803.38325894566 4581369.82982702, 431801.2464441286 4581368.473187575, 431798.8423690251 4581367.152372462, 431795.4115857009 4581366.029969085, 431780.3491111225 4581363.173990647, 431769.8013996436 4581361.108244806, 431767.3774577617 4581360.342767708, 431765.6552678639 4581359.504066852, 431764.1667860185 4581358.618754514, 431761.2966411618 4581356.647274227, 431756.7106798266 4581354.514307906, 431749.7952597428 4581352.769675977, 431742.4325854456 4581349.708028388, 431732.3671950128 4581345.583772695, 431724.4926649336 4581342.338217134, 431712.33630091546 4581337.289950067)"
way,882290021,"LINESTRING (430583.72051781265 4582463.795218269, 430577.0300726249 4582457.530694106, 430574.5399181381 4582455.067514831, 430573.84798022895 4582454.407973752, 430553.0216829971 4582433.623165974, 430533.3537945364 4582415.0700883055, 430503.4643952639 4582385.645472943, 430489.059232613 4582371.838468747, 430481.4364993938 4582364.283939308, 430479.266324444 4582362.061984394, 430474.8523239824 4582357.785326397)"
way,882497534,"LINESTRING (430899.35700550966 4583136.253837282, 430898.3802086874 4583137.273518325, 430895.2183986919 4583140.612342208, 430892.69318468566 4583143.201200696)"
way,882497535,"LINESTRING (430867.4164214995 4583141.099722916, 430869.56804632506 4583143.166525973, 430872.00622802856 4583145.474857818)"
way,882497536,"LINESTRING (430888.01477331715 4583105.007543904, 430890.75676936883 4583107.612760581, 430893.8627835505 4583110.691928546, 430897.54434820946 4583114.509498986, 430899.85692359856 4583116.7968327785)"
way,883369765,"LINESTRING (431736.64751822205 4583555.706909, 431733.8500756974 4583558.697741518, 431727.04680292204 4583565.967630577, 431723.3472267741 4583569.92181807)"
way,884054560,"LINESTRING (427696.3409913811 4579669.325372987, 427693.4189795508 4579667.36708913)"
way,884054561,"LINESTRING (427685.4704122128 4579662.105854948, 427668.13833826996 4579653.6406644555)"
way,884054562,"LINESTRING (427693.4189795508 4579667.36708913, 427687.962780552 4579663.757538792, 427685.4704122128 4579662.105854948)"
way,884054563,"LINESTRING (427668.13833826996 4579653.6406644555, 427660.1194483037 4579648.879790457, 427654.94431612926 4579645.778194615)"
way,884054564,"LINESTRING (427737.2048246722 4579587.400356103, 427738.4538367887 4579588.509303112, 427739.6636850442 4579589.885110679, 427740.1025178364 4579591.113161323, 427741.02974638855 4579594.345973067, 427741.6600385785 4579597.159833161, 427743.12723689876 4579601.697408478, 427743.3962715567 4579605.192146863, 427742.9621985523 4579608.638377435, 427741.1959471453 4579613.541263522, 427736.0503140361 4579622.630321601, 427734.61589274555 4579623.89924774)"
way,884054566,"LINESTRING (427788.77756872156 4579493.833016156, 427793.29657297005 4579498.240282777, 427861.52923176956 4579564.844786703, 427862.5176252974 4579565.823112617, 427870.605645354 4579572.493222305, 427877.1003372835 4579578.757278473, 427878.51078038814 4579580.120010417, 427925.62007046404 4579628.071383893, 427944.94680875033 4579647.897846549, 427948.08206332574 4579651.119843284, 427949.9364371126 4579653.388616013, 427950.89170345786 4579655.2444128385)"
way,884054567,"LINESTRING (427969.1435427723 4579668.764061943, 427966.3194341664 4579666.549330214, 427963.9597378363 4579664.774102018, 427950.89170345786 4579655.2444128385)"
way,884071506,"LINESTRING (431456.34273900447 4582554.101469176, 431455.99594968546 4582551.02926246, 431455.4496249314 4582547.192847521)"
way,884071507,"LINESTRING (431455.4496249314 4582547.192847521, 431454.4447175944 4582540.8404260995, 431451.9047778778 4582539.265650779, 431446.20705700957 4582537.976124827)"
way,884229098,"LINESTRING (432580.6431206019 4585196.671942051, 432447.2999730309 4585333.636600507)"
way,884229124,"LINESTRING (431860.60215556086 4585960.653777781, 431853.95181311195 4585955.531353126, 431848.06523615186 4585950.757033631)"
way,886969621,"LINESTRING (428599.67595258367 4581094.546596252, 428595.6934235862 4581090.9662824655, 428592.95384174486 4581089.616513107, 428590.4955656323 4581088.8080158755, 428588.0582792988 4581088.432326365, 428585.7250564211 4581088.433111387, 428583.1804379453 4581089.046640681, 428580.01271631627 4581090.077119208, 428578.2613495671 4581091.415625558, 428574.3497079646 4581095.0293145245, 428571.18174209585 4581098.580161502, 428570.5114221073 4581099.297354803)"
way,886969622,"LINESTRING (428609.63980967744 4581082.190821352, 428604.7256479451 4581088.4568627)"
way,886969623,"LINESTRING (428609.63980967744 4581082.190821352, 428605.05214161327 4581076.606835767, 428603.34681469324 4581073.281657925, 428602.9027329357 4581069.7997174, 428603.363829887 4581066.519815013, 428604.4601742077 4581064.055270417, 428606.11557381594 4581061.4630867, 428666.3539276783 4581001.202881544, 428677.3011477858 4580990.169877652, 428687.285055826 4580979.823647223, 428686.5007127789 4580979.15408726)"
way,887642290,"LINESTRING (432033.2989601342 4584429.49785067, 432026.6845088622 4584422.098829212, 432022.86619084125 4584417.826770864)"
way,887689222,"LINESTRING (431891.68499761226 4581421.782139752, 431888.6437513954 4581423.84253858, 431885.87332595803 4581425.356355398, 431884.30583508953 4581425.848510116, 431882.3257047752 4581426.033665276, 431880.28380828013 4581425.875214452, 431878.0219013641 4581425.441262152, 431875.8173772253 4581424.884640176)"
way,888010059,"LINESTRING (431863.2074649807 4582890.997964669, 431914.65305417293 4582837.908962999)"
way,888010064,"LINESTRING (431647.9412868322 4583109.309631519, 431661.54715124756 4583096.390759464, 431664.38759479165 4583093.510527196, 431675.0042471463 4583082.762735461, 431677.1739557626 4583080.566109629, 431736.0875251875 4583020.887953751, 431754.6629081433 4583002.082334179, 431771.75306457287 4582983.579429334, 431833.29749274347 4582921.6678603375, 431836.69097568584 4582918.016398712, 431857.874348061 4582896.433011758, 431861.78251337714 4582892.388121239, 431863.2074649807 4582890.997964669)"
way,888296987,"LINESTRING (431963.755025331 4583021.2217093, 431968.81266896357 4583026.514666378, 431984.58883336995 4583055.888942522, 431999.4571086324 4583085.63816919, 432001.916414453 4583085.781622261)"
way,888296988,"LINESTRING (431931.69736723986 4582987.925728402, 431933.90745279344 4582990.01449774, 431937.4335553068 4582993.356624337, 431941.44033430866 4582997.138349368, 431945.3966376028 4583000.88724231)"
way,888717283,"LINESTRING (433568.32282171346 4585343.967026424, 433556.2852255509 4585355.535643258)"
way,888717284,"LINESTRING (433556.2852255509 4585355.535643258, 433551.3208528281 4585361.010502333)"
way,889215509,"LINESTRING (428480.3945155215 4581159.55342125, 428483.48942207696 4581162.165374659, 428494.54926717735 4581170.227992012)"
way,889299422,"LINESTRING (433790.24013728066 4585727.934220718, 433776.66887394217 4585737.1738198185, 433774.92465940217 4585738.355578263, 433770.5888132052 4585738.528492298, 433766.2355146625 4585735.881450741, 433760.5437839757 4585731.2703595795)"
way,889556448,"LINESTRING (432838.9461346046 4585936.129868478, 432839.8706414527 4585941.19529493, 432840.4960906552 4585944.65358238)"
way,890489866,"LINESTRING (433700.3901106275 4583507.329065223, 433702.2135767579 4583509.26646216, 433706.2824272521 4583513.57040373)"
way,890489867,"LINESTRING (433551.29542827694 4583350.081095674, 433571.4209492026 4583370.447731135, 433576.518445686 4583375.685904035, 433612.30692971556 4583412.996201728, 433616.42533025565 4583417.221920646)"
way,890505078,"LINESTRING (431865.939248042 4581762.591896873, 431861.1090590077 4581765.579564828)"
way,897165865,"LINESTRING (431966.49298783345 4585052.7297195345, 431968.94795620465 4585054.2610474145, 431971.6901109323 4585055.223430489, 431974.1382015121 4585055.133805351)"
way,897744177,"LINESTRING (433254.61211383785 4584324.793666871, 433254.3300492326 4584324.118995374, 433252.76306856686 4584320.980241495, 433231.67712007003 4584284.213389299, 433221.3030889267 4584265.123398154)"
way,897744178,"LINESTRING (433258.6728428133 4584331.862035075, 433256.8301468566 4584328.736924875, 433254.61211383785 4584324.793666871)"
way,902149863,"LINESTRING (427038.5077039971 4581838.850294412, 427039.7524866996 4581833.752593632, 427040.72928897745 4581829.445903329)"
way,902208618,"LINESTRING (429791.4392333786 4582324.87221482, 429787.90883044724 4582328.126269953)"
way,904587409,"LINESTRING (432408.45168068854 4584824.222645212, 432414.1888061811 4584818.306770459, 432417.0699089603 4584815.348717805, 432422.5091780078 4584809.757613638, 432425.862736932 4584806.373245662, 432432.8173823496 4584799.258015754)"
way,904587410,"LINESTRING (432401.4740839944 4584831.5601712465, 432408.45168068854 4584824.222645212)"
way,908402011,"LINESTRING (431470.6229245098 4583292.794494333, 431472.4358880051 4583290.900956588, 431476.01460237557 4583287.42520926, 431477.37888966856 4583285.824592357, 431484.1683057094 4583278.854380576, 431546.8033641536 4583214.33185626, 431568.0739103211 4583192.424767857, 431584.81269290275 4583174.8795617465, 431639.011741453 4583118.098542258, 431641.7519565646 4583115.230349509, 431645.9031497692 4583111.271865029, 431647.9412868322 4583109.309631519)"
way,914202748,"LINESTRING (427716.50298506196 4579566.477848673, 427719.106035991 4579569.161011632, 427726.3766220313 4579577.72660841, 427728.91430430504 4579580.565867199)"
way,914202749,"LINESTRING (427680.0206179138 4579556.82679818, 427681.63051340485 4579556.377727416, 427688.5667630615 4579556.575020378, 427695.28909592266 4579557.129746541, 427699.1346121899 4579557.746472822, 427702.50726547075 4579558.756518152, 427704.44738370995 4579559.547686838, 427706.98781326215 4579560.144121117)"
way,914224271,"LINESTRING (431786.69540515874 4586829.641481837, 431786.93361150764 4586838.0663445685, 431786.9961929347 4586843.817062024)"
way,914224272,"LINESTRING (431786.9961929347 4586843.817062024, 431787.15865829657 4586851.298891729, 431786.90091889433 4586852.322789812, 431786.3737156128 4586853.127170581, 431785.3097829312 4586853.725657208, 431783.84207317914 4586854.039275841, 431779.498667908 4586854.224572384)"
way,914256936,"LINESTRING (431869.4075840261 4582922.627141757, 431915.4431367142 4582970.880206077)"
way,914437792,"LINESTRING (428643.6800804815 4577631.368148112, 428642.1565992159 4577620.2358679, 428638.2189431075 4577594.182893854, 428633.60571297945 4577577.707225828, 428627.29430227727 4577557.861895903, 428628.37010001414 4577556.65220524)"
way,914437793,"LINESTRING (427775.92079571576 4575739.299344506, 427761.6790866121 4575708.419684694, 427728.8601244502 4575641.618499041, 427723.6816055533 4575630.889186188, 427718.6111970373 4575620.092183397, 427713.6175260824 4575609.438756958, 427707.06785484904 4575595.492178965, 427703.63058374124 4575588.176321337, 427687.70082363475 4575554.24922406, 427669.1376901043 4575514.752559556, 427540.4788082386 4575244.948287885, 427536.47105795564 4575243.400577363, 427529.0095402342 4575227.88664873, 427491.18012065097 4575149.2342472905, 427493.23049400595 4575145.860712211, 427476.07308787794 4575109.881187799)"
way,916435796,"LINESTRING (425390.2428612811 4581460.933425926, 425393.54880266875 4581466.07340326, 425403.16759784 4581473.568855169, 425487.72043851705 4581539.394860797, 425510.4644322138 4581557.114629173, 425514.1054528862 4581560.696790197, 425515.8167019468 4581563.654812872, 425517.1732284464 4581566.27228803, 425518.3486221372 4581569.979722406, 425519.0100515188 4581574.1254580235, 425518.11677999794 4581579.153210366, 425515.2315573102 4581595.4043983575, 425499.4761640808 4581683.990933586, 425498.8836466993 4581687.361245325, 425498.2825402539 4581690.709439385, 425498.4040507351 4581694.394397801, 425499.2180992607 4581697.117374701)"
way,916435812,"LINESTRING (425649.85683687916 4581011.745980316, 425638.943608897 4581012.612948886, 425554.63823890954 4581015.28821919, 425550.4874672113 4581023.980110119, 425546.107584264 4581033.162890411)"
way,919732294,"LINESTRING (427986.0758797203 4579690.080002315, 427982.72648621065 4579691.401207691)"
way,922592244,"LINESTRING (432120.17697756283 4588376.693361031, 432103.2346289062 4588368.702884109)"
way,925346949,"LINESTRING (428982.8930855743 4582010.868393997, 428996.75896292954 4582024.733275266, 429034.6070722427 4582062.589806288, 429053.6070425279 4582081.600671953, 429063.669713442 4582090.506607477, 429069.4787200608 4582096.245456571, 429072.9409048947 4582099.708980748)"
way,925545936,"LINESTRING (429078.8524890404 4582090.302454057, 429065.4608849752 4582089.833998192, 429063.669713442 4582090.506607477)"
way,928120311,"LINESTRING (428697.258600872 4580762.6969703315, 428697.0689472016 4580756.170327112)"
way,928877948,"LINESTRING (432440.97549609904 4585774.368387004, 432442.03838410124 4585778.111234252, 432443.3546890424 4585780.3528284365, 432468.80969475454 4585804.397214394, 432469.56606469734 4585805.744706068, 432469.9125505087 4585807.051611313)"
way,935969119,"LINESTRING (427728.97797774844 4579628.074624314, 427727.7373628466 4579629.485958079, 427722.5568148124 4579643.460659511, 427719.81173325324 4579650.8603632, 427718.78608211526 4579652.858010542)"
way,935969120,"LINESTRING (427716.5728203391 4579657.387860524, 427713.9496784555 4579662.754516681)"
way,935969121,"LINESTRING (427713.9496784555 4579662.754516681, 427712.652678043 4579665.221192943, 427709.2298883033 4579671.761630132, 427708.2378704564 4579672.937327656, 427706.71528908925 4579673.751918974, 427704.25371428643 4579673.50999281, 427700.8765753461 4579672.044772651)"
way,935969122,"LINESTRING (427700.8765753461 4579672.044772651, 427698.7327692797 4579670.955857693, 427696.3409913811 4579669.325372987)"
way,941364914,"LINESTRING (433037.6676157842 4582650.750059062, 433031.22397091665 4582657.36027745, 433029.4017766692 4582659.2201880915)"
way,941364915,"LINESTRING (433046.1404261729 4582642.055971054, 433037.6676157842 4582650.750059062)"
way,952615822,"LINESTRING (433504.9378296302 4583300.788286323, 433510.24124623707 4583306.590765735, 433514.0292656291 4583310.330938595)"
way,955273580,"LINESTRING (432473.5275085509 4585981.28854154, 432473.89918913075 4585978.131857271, 432473.72967485385 4585972.504282813, 432472.919658968 4585968.092898572, 432472.15753645776 4585964.336136958)"
way,955273582,"LINESTRING (432455.0136290003 4586360.535745498, 432454.3446544714 4586363.1733733285, 432453.5247752231 4586375.605150335, 432452.4077230315 4586437.658476973, 432449.8886790884 4586506.175674948)"
way,968673326,"LINESTRING (426609.58206118527 4581786.501344422, 426609.9181897453 4581777.582232988, 426609.95268697845 4581776.860188754, 426612.0510950587 4581727.275157488, 426614.6843502426 4581657.010937671, 426613.8219223024 4581649.469635506, 426613.40041840804 4581645.832122076, 426612.2941473517 4581640.63602164, 426610.7819882251 4581635.821534056, 426608.5353398208 4581629.493375655, 426607.3044602981 4581626.030605225, 426605.2317415146 4581621.188487443, 426601.9992608067 4581614.126415705, 426598.8427351373 4581608.7845401205, 426585.884825299 4581590.162852265, 426561.7825590314 4581558.608102717, 426506.08203014475 4581489.468207685, 426496.0814312399 4581477.189800677, 426490.77831385896 4581472.114010081, 426486.279201061 4581468.806546169, 426482.16004691593 4581466.683250772, 426477.3751146686 4581464.877596485, 426471.53321060137 4581463.571201908, 426465.20540400967 4581463.002540518, 426436.6651618279 4581463.092358311, 426425.1404597125 4581463.797820075)"
way,971724707,"LINESTRING (434271.22541616746 4584068.156079774, 434268.8389494304 4584059.417650382)"
way,978357820,"LINESTRING (431161.6466861182 4580444.692367531, 431163.0109737069 4580447.44401323, 431172.22251517035 4580467.175072167, 431171.6045950606 4580494.582693715, 431174.7647347755 4580499.73770395)"
way,978362138,"LINESTRING (431157.92744311097 4580671.269619616, 431155.6820758423 4580668.204361384, 431142.149608014 4580649.635753395, 431139.8278049463 4580646.449094976)"
way,978362139,"LINESTRING (431571.96406406234 4581287.652126433, 431573.66805451683 4581286.559063397, 431576.04392061284 4581285.77053591)"
way,978362140,"LINESTRING (431609.242769774 4581330.934295443, 431617.8005208594 4581339.225062336, 431642.42821555247 4581345.465653421)"
way,978362142,"LINESTRING (431657.64880507 4581392.564583722, 431662.858203202 4581392.526558982, 431676.91929503024 4581390.284438394, 431682.37410102255 4581389.66676747, 431687.7045299456 4581389.16130131)"
way,978362144,"LINESTRING (432866.9923406209 4582265.885860309, 432930.6660926853 4582327.549456939, 432931.97461664065 4582328.902986261, 432940.15509893605 4582337.376407765)"
way,978362146,"LINESTRING (432940.15509893605 4582337.376407765, 432946.1996992385 4582343.637946101, 432951.73782970104 4582349.382345514)"
way,987217105,"LINESTRING (429844.86017973034 4580741.661222222, 429847.9018403999 4580761.272754062, 429847.15728505165 4580762.11267547)"
way,987217106,"LINESTRING (429847.15728505165 4580762.11267547, 429845.5928060195 4580763.782145152, 429843.12682237854 4580766.492907806, 429841.4569068443 4580765.9095169045)"
way,993296597,"LINESTRING (429286.57866897446 4580767.759942792, 429286.49206886324 4580752.882920201, 429288.6404070387 4580750.208371313, 429293.2200871797 4580745.578202396)"
way,993296598,"LINESTRING (429279.7890657233 4580776.46423224, 429283.30602943205 4580772.632730436, 429286.57866897446 4580767.759942792)"
way,993389123,"LINESTRING (431771.25760055904 4583581.461341912, 431840.6623965086 4583649.112499822, 431844.80512710114 4583653.15935749, 431846.8298891839 4583655.116608681, 431848.2124694535 4583656.347115986)"
way,1000766443,"LINESTRING (432154.9507630932 4583928.73960113, 432160.9876888737 4583936.921350803)"
way,1003283307,"LINESTRING (428511.6522568657 4578113.688223364, 428515.7862870713 4578105.309232569, 428521.3673294802 4578095.195042242, 428524.57418789715 4578089.512086295)"
way,1005245491,"LINESTRING (431769.388070731 4581585.422320869, 431771.99578874727 4581589.727865717, 431776.18349533086 4581596.649903208)"
way,1007087519,"LINESTRING (428386.022704936 4580520.701880717, 428424.2960131016 4580536.145504783, 428433.5630280075 4580539.5625245515, 428438.9205429355 4580541.752419185)"
way,1008899334,"LINESTRING (427106.7031803072 4581565.6857134765, 427110.7943806858 4581550.922013692, 427110.9346854757 4581540.761379825, 427120.09516806825 4581507.038331871, 427160.7177174471 4581345.436946956, 427177.48519194947 4581265.59352723)"
way,1012226155,"LINESTRING (428204.14123803994 4582578.332079688, 428205.05448399566 4582575.1475831, 428215.933970271 4582539.876706101, 428218.3130375908 4582532.736137507, 428220.04704156134 4582527.15637525, 428220.42215782864 4582524.510155204, 428220.1839970099 4582521.570232232, 428218.9241089395 4582514.243663624)"
way,1014347531,"LINESTRING (428517.43432819296 4577378.411026716, 428517.06856304145 4577379.502709676, 428515.16547874233 4577382.519228831, 428503.8792251224 4577379.221854209, 428497.9044248241 4577378.303678709, 428489.3365649805 4577378.310394832, 428481.18221498874 4577379.523256269, 428464.279809521 4577384.530722367, 428399.44727376936 4577415.480998165, 428393.37522169243 4577418.272223089, 428392.66781491594 4577418.65670162)"
way,1014347532,"LINESTRING (428299.47341248457 4577459.10322282, 428300.4604016823 4577462.457636469, 428295.8438162893 4577465.201253771, 428291.9780803703 4577468.5703165, 428265.6336668121 4577480.755202206, 428259.46137225226 4577481.859897717, 428245.15534607327 4577488.785213452, 428231.0157916872 4577495.620088503, 428222.09592883935 4577499.783076503)"
way,1016586286,"LINESTRING (431194.85541126295 4582988.481592929, 431197.4247345211 4582991.399444192, 431201.06745373225 4582995.53951797)"
way,1017879299,"LINESTRING (432435.1815129403 4585750.839984852, 432440.97549609904 4585774.368387004)"
way,1020397255,"LINESTRING (428270.8599945102 4586100.537140426, 428281.5941508061 4586130.419986677, 428292.53194435517 4586158.091329943, 428298.84743283386 4586173.872749173, 428310.7653776363 4586195.050244691, 428338.4615715663 4586235.679399766, 428343.87697132013 4586246.662165128)"
way,1020960255,"LINESTRING (428856.45374483353 4586856.732703323, 428871.94685128087 4586850.862304579, 428886.26613111974 4586845.436495878, 428915.5673580979 4586833.135062654, 428929.0092129194 4586828.550687452, 428944.1446535605 4586824.5381619865, 428959.36617184395 4586820.780192405, 428980.16395649157 4586818.144428165, 429002.23573304736 4586816.750860185, 429022.8067344733 4586816.549002431, 429038.64449948777 4586817.681578792)"
way,1021936151,"LINESTRING (430987.59094968735 4579900.510619999, 430990.8487493149 4579900.068806013, 430996.6710361693 4579899.280603621, 431000.6963640611 4579898.631638439)"
way,1023582280,"LINESTRING (431746.1726195653 4583959.583474433, 431740.18189377664 4583961.6717711715, 431731.37672626943 4583964.93020282)"
way,1023588722,"LINESTRING (432026.0577240532 4584068.645280469, 432027.62454162433 4584059.237557554, 432029.69888179476 4584043.341004821)"
way,1023925071,"LINESTRING (428533.7495201755 4577328.220864181, 428532.9672402977 4577326.951741266, 428532.27863034507 4577325.848238593, 428519.3759452052 4577298.617909602, 428492.00045613863 4577242.7849341035)"
way,1023951720,"LINESTRING (428437.96256665234 4577129.735493436, 428411.0662967288 4577073.409558485, 428396.9972182228 4577044.236842905, 428395.19043814245 4577040.057793533, 428391.9746673719 4577033.005907095, 428380.5431332163 4577009.114358023, 428275.1269104533 4576787.110320691, 428188.4735783658 4576604.814612882, 428126.44364579825 4576474.059706662)"
way,1024159588,"LINESTRING (428077.5214279224 4576371.687527493, 427964.50485896034 4576134.463393101, 427958.3326766094 4576122.20048541)"
way,1024296978,"LINESTRING (427990.9673181631 4576340.391861904, 427918.1975504997 4576374.222888604, 427871.0631814648 4576397.385378876, 427846.3875440361 4576409.410772308)"
way,1024296980,"LINESTRING (427332.8731569371 4576654.722423786, 427336.9136647581 4576652.927713606)"
way,1024374594,"LINESTRING (431560.9156146175 4589979.936455769, 431564.62729024177 4589979.390570516, 431570.4825182663 4589978.52461007, 431573.3756322362 4589979.740749797, 431575.0633376074 4589985.087506409, 431578.1970829337 4590009.073567896, 431578.6781827728 4590011.367328534, 431581.1093633385 4590022.902506939, 431583.8461844219 4590034.079497558, 431585.07773196924 4590038.886529263, 431587.25701384066 4590045.871875224, 431589.27009319724 4590051.182246087)"
way,1024819320,"LINESTRING (431475.20579330996 4583286.766690528, 431476.01460237557 4583287.42520926, 431485.8943578574 4583296.935708696, 431550.43878327654 4583360.144600448, 431556.426177851 4583365.617234864, 431559.3963674641 4583368.520318873, 431560.08113348077 4583369.324356103)"
way,1024823719,"LINESTRING (431532.5538756589 4583396.120378169, 431531.86154438363 4583391.863426318, 431460.4416544095 4583321.214232649, 431453.6740511235 4583314.583259925)"
way,1024929154,"LINESTRING (434256.95255286456 4584083.396547934, 434267.3753994616 4584072.232443402, 434271.22541616746 4584068.156079774)"
way,1024929155,"LINESTRING (434290.70265970635 4584048.849202192, 434294.8330637761 4584044.3484016, 434298.4607549114 4584040.640462506, 434371.5370240358 4583965.933311555, 434374.1070655036 4583963.578434712, 434376.7279647145 4583961.300817325)"
way,1024929156,"LINESTRING (434730.48157589487 4584707.262829847, 434732.3801879543 4584705.546986548, 434734.49014719104 4584704.0957049625, 434736.769864853 4584702.931565764, 434738.81111140235 4584702.202585477, 434739.1860097709 4584702.065972376, 434741.6970931074 4584701.532607268, 434742.832948504 4584701.4335456295)"
way,1025002694,"LINESTRING (434326.6267523945 4584561.705016827, 434330.3677817815 4584560.383156799, 434352.51202620787 4584537.588144455, 434391.36526695837 4584497.254795412, 434398.2284534069 4584490.875116016, 434499.36002421996 4584388.291246548, 434502.57415294606 4584385.075670211, 434504.6936477941 4584382.824837027, 434509.6289005792 4584377.6729130745)"
way,1025002695,"LINESTRING (434317.55351112783 4584121.761789557, 434357.8580210448 4584161.976928909, 434386.4637131845 4584191.595216888, 434401.1341600206 4584209.160111954, 434433.78898883174 4584255.806866517, 434443.4600056353 4584269.619970763, 434451.6702489128 4584280.892673532, 434490.28318922233 4584333.880934168, 434508.3202826172 4584357.755263258, 434509.83467165363 4584359.76226984, 434510.8842394037 4584361.207239652, 434511.65447267354 4584362.266139113)"
way,1025343897,"LINESTRING (431743.724217479 4582251.078490304, 431739.557103124 4582255.181388354, 431734.8991226605 4582259.544279378)"
way,1025343898,"LINESTRING (431656.63703358395 4582184.238853077, 431658.50861128763 4582185.864417056, 431662.97572361055 4582190.518777265, 431687.00769858924 4582214.5851287525, 431695.71494361036 4582222.885668184, 431697.4698719622 4582224.556753036, 431718.1353712523 4582244.546896527, 431723.44746161415 4582249.259945851, 431726.5845068674 4582252.083809298)"
way,1025343899,"LINESTRING (432125.81123815465 4582797.822300577, 432133.072224187 4582790.204342774, 432137.3361271472 4582785.734365615, 432160.6238454146 4582761.956027126, 432190.2954909115 4582731.511821873, 432193.03773353936 4582728.821473418, 432195.96945421956 4582725.82957618)"
way,1025343900,"LINESTRING (432736.95980466617 4582139.198870097, 432737.59417893155 4582139.981278977, 432750.2789347138 4582149.933759048)"
way,1025343901,"LINESTRING (432779.9461780079 4582179.758114129, 432790.7136992179 4582191.260637741)"
way,1025549389,"LINESTRING (430688.0873079029 4583322.047519328, 430681.0527539895 4583328.654446332, 430642.25600111973 4583368.230186603)"
way,1025549390,"LINESTRING (430602.81772586476 4583236.117246242, 430612.76581024216 4583245.648131588, 430673.67924130044 4583303.343831486, 430680.3048367522 4583309.908833078, 430680.9037391673 4583314.832781335)"
way,1025549391,"LINESTRING (429977.6048041823 4582620.694576032, 429985.9252527807 4582628.608236018, 430000.70058195584 4582643.465453511, 430019.15853386873 4582661.318212201, 430071.5753642214 4582713.4841369325, 430078.01490235375 4582719.717314664)"
way,1025549398,"LINESTRING (430791.1483333361 4583215.85101187, 430787.4853900302 4583212.23316865, 430778.4047903503 4583203.348826553, 430775.9642625613 4583200.796284852, 430775.0613013802 4583199.916685114, 430715.2183848744 4583141.388286924, 430697.7648625927 4583124.223676097, 430677.81342098437 4583104.640380139, 430619.5505002361 4583048.00732027, 430617.5671395661 4583046.061109429, 430600.0631060985 4583028.908313273, 430597.7253275146 4583026.621314323, 430587.8755461456 4583016.911857761, 430582.1543160938 4583011.404145102, 430524.10449102824 4582954.48111123, 430505.0559955355 4582935.866668603, 430486.48205538903 4582917.924995994, 430427.3542644271 4582860.346885184, 430425.28645520215 4582858.323816257, 430409.31849780784 4582842.766630128, 430407.41186468943 4582840.986281104, 430397.4636052323 4582831.522284823, 430365.53361095337 4582800.18595077, 430329.1386924053 4582764.507056926, 430327.61946527957 4582763.022779957, 430315.5245737161 4582751.19241997, 430312.3257708811 4582748.06997411, 430295.42831772816 4582731.544919416, 430207.25773781515 4582645.103003251, 430198.41419387877 4582636.672299442)"
way,1025549399,"LINESTRING (431843.6812115234 4584240.677619126, 431830.0788071895 4584230.679870538, 431765.06086327834 4584167.606315348, 431755.4084825133 4584155.450830627)"
way,1025549400,"LINESTRING (430791.1483333361 4583215.85101187, 430786.140256113 4583221.072812496)"
way,1025876540,"LINESTRING (428651.1156943943 4582750.374885372, 428654.45139568165 4582753.7395300865)"
way,1025876542,"LINESTRING (428533.60016787326 4582714.4939361345, 428537.90272306424 4582715.8504591705, 428573.37337588903 4582727.225319756)"
way,1033562162,"LINESTRING (430809.1552988081 4582635.46500914, 430816.49664256535 4582642.511828464, 430886.31326740875 4582711.1383511005, 430895.7168856822 4582720.530482249, 430896.96445453895 4582721.595558538)"
way,1033562428,"LINESTRING (430977.92183805065 4582841.711680816, 430975.00347223546 4582840.784644255, 430965.6194679831 4582837.809683886, 430957.68173146696 4582830.43531743, 430956.3404312439 4582829.182375818, 430887.26329259505 4582761.6362299565, 430875.2170568282 4582749.54912543, 430872.1005114398 4582746.259109707, 430861.58901821903 4582736.422365678, 430791.6701587945 4582667.597203834, 430783.81354017096 4582660.000189541)"
way,1038705311,"LINESTRING (430878.8912950429 4583515.590205098, 430884.4470137992 4583509.952429839, 430888.85627020814 4583505.0694931345, 430891.4562676421 4583502.446606736, 430897.48868342757 4583495.949371135)"
way,1039877869,"LINESTRING (431061.26755048416 4585411.19168882, 431056.6685721954 4585405.69514537, 431021.9288529585 4585367.476854057, 431015.8753702215 4585361.08375952)"
way,1039877870,"LINESTRING (430702.75068060495 4585042.556784295, 430714.5107520828 4585030.342029902, 430716.18220275186 4585029.448900663)"
way,1039877871,"LINESTRING (431127.15719641047 4585460.94936202, 431128.99019663665 4585462.985956666, 431139.92152029293 4585476.1055038925, 431159.1156193685 4585498.58393765)"
way,1039984798,"LINESTRING (431187.3963122037 4585555.550470023, 431180.8616834613 4585561.808028811, 431174.25891276635 4585569.687266419)"
way,1041987251,"LINESTRING (426429.6826566041 4582077.492431204, 426423.44648413896 4582075.190818114, 426416.0688253121 4582072.4677862)"
way,1041987252,"LINESTRING (426414.37247776706 4582071.75221649, 426408.030084133 4582069.695961516)"
way,1041987254,"LINESTRING (426163.5179322639 4581988.788944867, 426155.3499964988 4581988.1282862965)"
way,1041987767,"LINESTRING (425784.7293778578 4581866.850635142, 425775.42477373243 4581863.814892493, 425769.30718872405 4581861.70137059)"
way,1043695917,"LINESTRING (432043.56764708005 4584830.614499403, 432043.716280572 4584855.3502904605, 432045.17826592474 4584943.415612552, 432046.24963643437 4585017.4727923)"
way,1043703403,"LINESTRING (431167.5442983735 4583581.64532678, 431163.6637563403 4583577.962750402, 431160.4992230488 4583574.850718966, 431154.23562815104 4583569.358827308, 431138.7551596196 4583555.505292018, 431124.4813066551 4583541.951193128, 431087.8329949867 4583506.093372338, 431086.289422493 4583504.653584464)"
way,1046491181,"LINESTRING (431194.84287393396 4583019.725165158, 431197.50887749414 4583016.979638306, 431198.387207968 4583016.1496830555)"
way,1046890313,"LINESTRING (431656.9300244394 4583514.312361326, 431648.3946718809 4583506.354449921, 431646.2611451844 4583504.398279223, 431642.85760037915 4583500.744257261)"
way,1052698030,"LINESTRING (432140.9119392755 4583563.532081359, 432129.87527187617 4583564.246167034, 432127.73984719993 4583566.531160539, 432119.0000750479 4583575.051238796, 432087.30735540716 4583607.080311956)"
way,1053635081,"LINESTRING (430636.7624606892 4583375.988203955, 430633.2821102466 4583382.705476974)"
way,1053640716,"LINESTRING (429990.65148746356 4583181.575818963, 429993.65248208574 4583182.401734434, 430045.98218109366 4583199.93832295, 430051.90408362757 4583201.957369694, 430056.74920470285 4583203.287337074, 430061.58521392604 4583204.539675325, 430074.0297076743 4583208.449867171, 430182.0583442963 4583242.770393562, 430196.0102905839 4583247.8320647925, 430202.9858353275 4583249.885489796)"
way,1058271293,"LINESTRING (430175.9872878343 4583278.16945425, 430180.0982777817 4583273.599837438)"
way,1058271297,"LINESTRING (430183.68218575977 4583269.856918797, 430185.48539613653 4583267.852116869, 430191.22212352604 4583261.9455900695, 430193.79816949996 4583259.455916341, 430195.60309735994 4583257.628746925)"
way,1058272709,"LINESTRING (432048.39630186686 4585187.370975574, 432048.42486937216 4585194.865146283, 432048.5024621858 4585205.800747347, 432049.1772919523 4585245.631520352, 432049.8427028337 4585286.239585414, 432050.25644188176 4585317.845584408, 432050.26735890633 4585325.239996471)"
way,1058272710,"LINESTRING (432042.1571085453 4585032.033767945, 432036.8138346336 4585029.9965966, 432030.0858313249 4585028.250003824)"
way,1058274111,"LINESTRING (431069.5967253659 4580642.420145103, 431067.84182365757 4580644.324314191, 431066.6033916068 4580646.012618305, 431059.5901532639 4580653.418286211)"
way,1058278828,"LINESTRING (432019.67517459043 4582887.273885418, 432021.2917848936 4582886.703571432)"
way,1058278829,"LINESTRING (432030.54910307506 4582551.011478542, 432032.895032484 4582553.309957948)"
way,1058278831,"LINESTRING (431591.92819956806 4582109.905442191, 431600.20519001584 4582117.776922601, 431628.8752148908 4582145.95176068, 431634.647401258 4582151.559734391, 431635.709760455 4582152.493450391, 431641.9211137971 4582159.451831165)"
way,1058579460,"LINESTRING (432072.73169643665 4585043.660156144, 432068.46010799473 4585040.03629723, 432059.91902342165 4585032.122394957)"
way,1058613433,"LINESTRING (434400.774596819 4584618.733925635, 434399.4800020374 4584622.531707133)"
way,1058643783,"LINESTRING (427711.29549368983 4580783.066709943, 427712.40713193925 4580784.676652436, 427716.836512458 4580791.072183538)"
way,1059348758,"LINESTRING (431622.74090587965 4587308.792518926, 431614.46485067636 4587311.013625068, 431485.7509937722 4587345.762549841, 431474.65826539067 4587348.765498481)"
way,1059348759,"LINESTRING (431557.61382282677 4587614.761237277, 431628.1531912225 4587595.8297250755, 431685.6919006172 4587580.408088106, 431688.100473807 4587579.763574367)"
way,1065179619,"LINESTRING (431601.1767840286 4583734.5976346675, 431586.45466966124 4583730.095714265, 431484.5728689319 4583697.150833803)"
way,1065181749,"LINESTRING (431310.2490385716 4583646.185832133, 431285.5371974716 4583676.986483845, 431281.688471658 4583681.930474851, 431271.15730360366 4583682.152551411)"
way,1065204714,"LINESTRING (431834.19132209587 4583686.345760999, 431854.4381451841 4583665.87028754, 431855.6721442321 4583664.637361368)"
way,1065204715,"LINESTRING (431828.4750118243 4583676.762296815, 431826.6774065216 4583674.958352101, 431748.28878603235 4583597.854643348)"
way,1065882730,"LINESTRING (430440.24385308975 4582322.84371411, 430442.4441936186 4582318.625700694, 430443.90551504365 4582315.813745671)"
way,1070013971,"LINESTRING (432316.5743933102 4582428.767155034, 432320.793713064 4582423.964627478, 432334.54788321105 4582407.859193541, 432391.36889189837 4582349.460825982, 432410.66722295835 4582333.39262875, 432417.07305418956 4582327.237424008, 432421.20288037637 4582318.2056229, 432426.96013167873 4582312.433973193, 432482.3214555783 4582256.947806987, 432500.6726379267 4582237.890931064, 432518.1166382492 4582219.275563622, 432555.64379115804 4582181.687308766, 432557.7054535611 4582179.503069882, 432570.0196601092 4582171.183476232, 432572.93256470317 4582167.925450182, 432576.0857632037 4582164.432030252, 432577.9396662335 4582163.28229146, 432582.82247067755 4582155.165116255, 432589.91066941246 4582147.7269006865, 432618.87218949577 4582116.880375956, 432627.8579441917 4582106.682160452, 432631.2255830973 4582102.864790715, 432636.61220255936 4582096.76367918)"
way,1074168217,"LINESTRING (430165.5073318903 4583275.095070626, 430061.7187598401 4583241.744215789, 430050.1644993028 4583238.247358104)"
way,1076371592,"LINESTRING (432628.47594699834 4586611.364559368, 432656.4045751871 4586612.459083873, 432755.971813521 4586613.553673684, 432759.96124487655 4586613.927400525)"
way,1079434312,"LINESTRING (431521.17966051 4583408.019156189, 431530.6916077792 4583398.103190422)"
way,1079434313,"LINESTRING (431530.6916077792 4583398.103190422, 431532.5538756589 4583396.120378169)"
way,1079434314,"LINESTRING (431541.42474105384 4583387.365185408, 431547.30225276854 4583381.214159692, 431552.88146145694 4583375.343529779)"
way,1079434315,"LINESTRING (431552.88146145694 4583375.343529779, 431555.81912417256 4583372.151451549, 431558.24396574614 4583369.541569526)"
way,1079434316,"LINESTRING (431559.3963674641 4583368.520318873, 431561.12637009966 4583366.694204338, 431563.0891765295 4583364.732655997)"
way,1079434317,"LINESTRING (431563.0891765295 4583364.732655997, 431570.98158034106 4583356.819462034)"
way,1081801842,"LINESTRING (431484.5728689319 4583697.150833803, 431475.7603826487 4583694.358578298, 431472.0865452246 4583693.061000638)"
way,1081804137,"LINESTRING (431271.15730360366 4583682.152551411, 431264.30973762553 4583675.88890901, 431186.3569607251 4583599.553113711, 431178.12104903406 4583591.481872178)"
way,1083149930,"LINESTRING (433498.12920209265 4583293.123260289, 433502.1351902089 4583297.838471303, 433504.9378296302 4583300.788286323)"
way,1083149931,"LINESTRING (433497.0898831306 4583296.474744225, 433498.12920209265 4583293.123260289)"
way,1084242752,"LINESTRING (426581.56893133867 4580838.056845588, 426576.05915379245 4580840.688551083, 426570.74568974576 4580842.8852557, 426564.30030910164 4580848.923961655, 426562.5720784304 4580852.516632609, 426560.34668101894 4580862.343114878, 426560.20257133915 4580862.9774451, 426558.3496631365 4580862.51879183, 426556.7734984978 4580862.135055646)"
way,1087034535,"LINESTRING (432507.2954087608 4583730.902925159, 432441.530707208 4583666.453586745)"
way,1087034536,"LINESTRING (432085.9460992346 4583323.748586137, 432070.15114485886 4583307.420109099)"
way,1087034537,"LINESTRING (432070.15114485886 4583307.420109099, 432064.3432935213 4583302.333973035, 432042.3348618736 4583279.579785027, 432039.76838007936 4583276.916980926, 432034.7739546189 4583272.10080585)"
way,1087035301,"LINESTRING (432153.9318244007 4583364.924646791, 432155.67900543025 4583363.131825064, 432219.58382944576 4583298.858692013, 432226.56236251944 4583293.264172266, 432234.99778751127 4583288.79961919)"
way,1087035302,"LINESTRING (432068.47847109084 4583449.95184797, 432082.59761209483 4583435.59668098)"
way,1087035303,"LINESTRING (432065.02054839325 4583453.848073963, 432068.47847109084 4583449.95184797)"
way,1088101980,"LINESTRING (431917.8111232173 4583607.83915258, 431918.2545985023 4583605.214710941, 431918.66360326594 4583601.591337055, 431922.7613718913 4583597.300422233, 431929.3871682402 4583590.698559355, 432010.3734300727 4583509.275578664, 432018.02235655935 4583502.109053448)"
way,1088102402,"LINESTRING (431550.44806526514 4583417.735031267, 431547.8300350678 4583420.246816833, 431546.39234492625 4583422.92509204, 431547.04423074354 4583424.673181719, 431547.87638330116 4583426.919196138, 431545.1214967184 4583429.98741929)"
way,1089649277,"LINESTRING (431641.9211137971 4582159.451831165, 431644.9693934447 4582167.039612867, 431647.4032979015 4582171.5466048885, 431653.4067071922 4582181.282665015, 431655.15371350606 4582182.998226, 431656.63703358395 4582184.238853077)"
way,1090242467,"LINESTRING (430600.75118859834 4583433.124478058, 430591.094218028 4583443.476096739)"
way,1091011443,"LINESTRING (428270.3671973377 4582940.287465886, 428271.39589491684 4582942.009340334, 428314.50429671415 4583003.736928907, 428318.1681462807 4583008.99677935)"
way,1091011444,"LINESTRING (427629.87128405774 4582988.20608432, 427621.3122464628 4582988.435947786, 427617.0503184154 4582987.801256143, 427614.3860075675 4582987.239424306, 427611.9019896551 4582985.476669327, 427607.7964573407 4582982.086880078, 427604.8476881827 4582978.996414506, 427604.37531962997 4582978.57922254)"
way,1091903756,"LINESTRING (430086.0356578408 4585000.5115444, 430075.16003341804 4584992.566970409, 430033.1553459126 4584961.851340334, 430004.65705505194 4584940.609370071, 429989.37735172914 4584927.577953179, 429980.76204971934 4584920.888493583, 429972.28152715845 4584914.308769432)"
way,1094708025,"LINESTRING (428786.8506343091 4580881.560990728, 428777.01191270683 4580873.519237477, 428775.67976477864 4580872.422037772)"
way,1095330712,"LINESTRING (429517.2373901039 4583055.341799984, 429523.5119563519 4583048.89656416, 429524.0996649018 4583048.291287875, 429527.4771710934 4583044.8387252, 429530.0266983184 4583042.215835987)"
way,1096261919,"LINESTRING (433696.2876132268 4583503.003229345, 433700.3901106275 4583507.329065223)"
way,1096261921,"LINESTRING (431198.92984451697 4585543.249822898, 431195.90925596305 4585546.398456178, 431193.55881841 4585548.830133278, 431187.3963122037 4585555.550470023)"
way,1096289816,"LINESTRING (433573.97869487706 4583643.819447706, 433571.1131628725 4583646.754666339)"
way,1096722230,"LINESTRING (432429.99292754655 4585394.719567653, 432430.0630473192 4585398.649326722, 432429.8325351133 4585405.2909913305, 432425.5343107347 4585531.248714132, 432424.395994522 4585567.765567987, 432422.49488679634 4585604.933513485, 432422.3856617147 4585610.241704128, 432420.6158311545 4585661.464658758, 432420.13388382806 4585687.716341331, 432421.83533939003 4585694.506511435)"
way,1098941272,"LINESTRING (432030.297160821 4584805.080368961, 432023.00635997014 4584798.609242296, 431977.9279760015 4584754.876593063)"
way,1098941273,"LINESTRING (432040.42760413804 4584814.877908447, 432035.0110080564 4584809.499461356, 432030.297160821 4584805.080368961)"
way,1102810450,"LINESTRING (429103.98414244404 4580736.001827598, 429108.8670361637 4580735.876348171, 429111.64325134445 4580735.8380928105, 429155.8207273218 4580735.284031195, 429194.0859723912 4580734.787992026, 429200.47431980015 4580734.670073772)"
way,1102858729,"LINESTRING (429104.0991231381 4580762.292351689, 429104.192743914 4580757.328443055, 429104.1822125671 4580754.541720091, 429104.2395626862 4580747.579645702)"
way,1103330290,"LINESTRING (432431.5676605184 4582905.86972043, 432428.412380595 4582902.823674472, 432425.1389204383 4582899.65660139)"
way,1103331090,"LINESTRING (433386.89483614493 4583847.164899116, 433386.79732663505 4583843.8349546185, 433387.25358431967 4583831.6398774665)"
way,1103415559,"LINESTRING (431639.90980000724 4581408.264743859, 431644.3630173075 4581415.828166963)"
way,1103690787,"LINESTRING (431166.08490031504 4583023.473609723, 431171.1772344121 4583027.955183827)"
way,1104532515,"LINESTRING (431738.87300995016 4581618.096640159, 431735.16202799254 4581618.287039465, 431726.99865665357 4581623.404630491)"
way,1104532516,"LINESTRING (431726.99865665357 4581623.404630491, 431724.53568138543 4581619.375307958, 431721.75852074154 4581614.838216999)"
way,1104543531,"LINESTRING (430822.7780722653 4582243.4926183, 430828.59193490713 4582238.518538668, 430829.03250604385 4582238.247863514, 430834.768680927 4582232.142039082)"
way,1105185625,"LINESTRING (432190.515662601 4588415.415450026, 432194.2272624902 4588406.75367023)"
way,1105185626,"LINESTRING (432186.3123370602 4588425.092210028, 432187.44900494633 4588422.472362076)"
way,1105216871,"LINESTRING (432203.46714045666 4588404.979383097, 432212.5212872276 4588409.235736927, 432218.7976096621 4588412.15248184)"
way,1105216873,"LINESTRING (432194.2272624902 4588406.75367023, 432197.78859403206 4588406.120716185, 432203.46714045666 4588404.979383097)"
way,1105216874,"LINESTRING (432186.3123370602 4588425.092210028, 432149.9922077632 4588408.6120077055, 432141.53508120903 4588404.772039529)"
way,1105216875,"LINESTRING (432141.53508120903 4588404.772039529, 432136.5585180727 4588402.376102192, 432128.09896809584 4588404.509546835)"
way,1105216878,"LINESTRING (432187.44900494633 4588422.472362076, 432190.515662601 4588415.415450026)"
way,1105235351,"LINESTRING (432123.31024226727 4588402.5448694825, 432121.35490754695 4588401.608373655, 432117.1024740021 4588393.587570527, 432113.60383107886 4588391.999390307)"
way,1105250940,"LINESTRING (432070.1051049024 4588284.609596791, 432073.4638414096 4588289.974066337, 432076.64243209374 4588296.617066163, 432084.441230456 4588325.522450106, 432093.5729104911 4588360.255464362, 432094.9958743029 4588364.994153657)"
way,1105250941,"LINESTRING (432023.14828845987 4588206.753038992, 432024.57417126256 4588206.462061618, 432026.73920116416 4588216.367726039, 432029.4155347123 4588215.787421949)"
way,1105255232,"LINESTRING (431656.09522765083 4587865.722131944, 431653.556169052 4587867.578111628)"
way,1105255234,"LINESTRING (431628.8967044555 4587830.905055228, 431636.2037237599 4587840.2512645805)"
way,1105256651,"LINESTRING (431620.29082947265 4587815.853123331, 431627.43214820244 4587816.507294381)"
way,1105256653,"LINESTRING (431636.2037237599 4587840.2512645805, 431640.14357717126 4587845.165929751, 431644.27130956616 4587850.511835528)"
way,1105265197,"LINESTRING (432113.60383107886 4588391.999390307, 432117.44755017874 4588383.180888314, 432120.17697756283 4588376.693361031)"
way,1105265199,"LINESTRING (432109.5624149437 4588390.438513862, 432104.2786263886 4588388.245335693, 432100.5071258341 4588386.959502902)"
way,1106666372,"LINESTRING (434827.90383680194 4584802.4796115365, 434859.2961449612 4584847.818354099, 434867.3579624229 4584859.459239077, 434915.0018887322 4584924.736923834)"
way,1106666373,"LINESTRING (434906.14906902023 4584936.6520886235, 434851.8657341088 4584858.044264372, 434849.5284655227 4584854.667850624, 434786.4386169694 4584763.560320701, 434783.8938461058 4584760.352338399, 434781.2084924434 4584757.312165193, 434777.2991107492 4584753.861115857, 434773.8993905571 4584751.31590397)"
way,1106683271,"LINESTRING (433898.08454161824 4586253.25563154, 433902.6619013147 4586257.59943345)"
way,1106683272,"LINESTRING (433890.99355384323 4586268.309239874, 433884.64277334884 4586261.938728944, 433873.6544905248 4586251.047340945)"
way,1106687617,"LINESTRING (431157.32133572386 4580448.064289869, 431154.72777098924 4580449.732138761, 431150.6530245121 4580452.191254061)"
way,1106701068,"LINESTRING (429757.0871527924 4583139.270222572, 429752.51523415314 4583142.845291118)"
way,1106738716,"LINESTRING (431199.29572528944 4580596.7766159205, 431193.78812664916 4580588.368546813, 431190.20375455514 4580586.093186031, 431184.77550203283 4580586.044793091)"
way,1106738717,"LINESTRING (431180.1174129211 4580586.955037226, 431171.6067483951 4580587.291210675, 431164.36656135955 4580587.548711925)"
way,1106738718,"LINESTRING (431184.77550203283 4580586.044793091, 431181.62003919133 4580586.663200373, 431180.1174129211 4580586.955037226)"
way,1106738721,"LINESTRING (431079.1323882856 4580631.148925672, 431078.01738327753 4580632.625100449)"
way,1106738722,"LINESTRING (431078.01738327753 4580632.625100449, 431074.5928857187 4580636.610268741, 431069.5967253659 4580642.420145103)"
way,1107113384,"LINESTRING (431640.78533274366 4581400.906418694, 431641.36043216375 4581402.477593886)"
way,1107113399,"LINESTRING (431708.928586614 4581335.956416211, 431712.33630091546 4581337.289950067)"
way,1107118993,"LINESTRING (426849.6213769801 4580823.51078146, 426841.7515618807 4580826.821177007, 426831.64484332944 4580827.256286712, 426746.41082816117 4580830.937383355, 426696.92224246426 4580833.069861073, 426684.13212253246 4580833.621140067, 426671.39217808604 4580834.171934038, 426643.997991098 4580835.35958139, 426621.32628590055 4580836.277460575, 426581.56893133867 4580838.056845588, 426558.74708991556 4580840.664094984)"
way,1107270866,"LINESTRING (434398.98099985655 4583946.598946412, 434400.7130595153 4583945.8615738535)"
way,1107270869,"LINESTRING (434662.9837594188 4584206.747965918, 434673.49550746614 4584200.757541656, 434675.3358344575 4584199.053315905, 434688.0296570357 4584186.614722077)"
way,1107731450,"LINESTRING (434400.7130595153 4583945.8615738535, 434416.96953780577 4583928.982432486)"
way,1107775079,"LINESTRING (430851.8942381649 4580703.072264298, 430851.15979413857 4580697.094844319, 430850.41656295356 4580691.073096945)"
way,1107775080,"LINESTRING (430886.46813758183 4580702.242883586, 430885.53747210023 4580701.119268991, 430879.44590381207 4580693.77176843, 430875.24096055207 4580688.693463539)"
way,1107775081,"LINESTRING (430375.0326872011 4580706.549143556, 430374.87012240535 4580711.391547042, 430374.6363223948 4580719.265712519)"
way,1107775082,"LINESTRING (430374.6363223948 4580719.265712519, 430374.6705287696 4580725.4385678, 430374.586941026 4580728.925665251)"
way,1107775083,"LINESTRING (430421.3478141469 4580736.137598241, 430421.37177182874 4580733.406067815)"
way,1107775084,"LINESTRING (430421.5713509581 4580706.279896591, 430423.2307176442 4580701.412023845)"
way,1107775085,"LINESTRING (430375.36107041046 4580702.42683244, 430375.0709801964 4580706.182381723, 430375.0326872011 4580706.549143556)"
way,1107775090,"LINESTRING (430227.37954864476 4580737.757933177, 430227.3147858848 4580731.030227171)"
way,1107775091,"LINESTRING (430227.1076738225 4580709.514890613, 430227.0452358145 4580703.897447854)"
way,1107775094,"LINESTRING (430204.3121467777 4580731.4959561145, 430204.28237875825 4580737.958104156)"
way,1107775095,"LINESTRING (430204.43973852694 4580703.926340206, 430204.4082590416 4580710.210858772)"
way,1107775098,"LINESTRING (430042.3170008242 4580739.27529177, 430042.7174636379 4580733.109339233)"
way,1107775099,"LINESTRING (430006.8486182216 4580734.066282261, 430006.97222969215 4580740.804525409)"
way,1107775103,"LINESTRING (430042.8738932357 4580711.190784087, 430042.72564746556 4580706.229236661)"
way,1107775104,"LINESTRING (430007.0524360731 4580706.673555923, 430007.0157678294 4580711.536963051)"
way,1107775108,"LINESTRING (429844.86017973034 4580741.661222222, 429844.9149485249 4580736.087052965)"
way,1107775111,"LINESTRING (429845.1145262158 4580714.367914219, 429845.14177522936 4580710.2706927955)"
way,1107775112,"LINESTRING (429774.69864208065 4580738.787741785, 429774.63903200795 4580742.130282971)"
way,1107775115,"LINESTRING (429775.1646900749 4580711.792151975, 429775.095023095 4580715.823168304)"
way,1107775117,"LINESTRING (429656.7017952221 4580712.0193199655, 429656.75103355444 4580717.092854966)"
way,1107775120,"LINESTRING (429628.36513985257 4580739.374290189, 429628.4947260583 4580744.968880653)"
way,1107775121,"LINESTRING (429627.7074891649 4580712.123119743, 429627.8209526008 4580716.918459595)"
way,1107775123,"LINESTRING (429469.4427331234 4580718.246918645, 429469.28558002645 4580714.129279699)"
way,1107775124,"LINESTRING (429470.54010118777 4580746.792846331, 429470.29379558156 4580740.388881526)"
way,1107775127,"LINESTRING (429292.7746305209 4580720.490026739, 429292.61527266685 4580717.871300386, 429292.44766058656 4580715.263757453)"
way,1107775130,"LINESTRING (429293.2200871797 4580745.578202396, 429293.1597406328 4580740.24940598, 429293.09226962575 4580733.332966485)"
way,1107775133,"LINESTRING (429103.61262925505 4580721.105380601, 429103.559525747 4580718.241353963, 429103.53911085526 4580716.154210013)"
way,1107775134,"LINESTRING (429103.65910776163 4580724.147118323, 429103.6378231264 4580722.826082393, 429103.61262925505 4580721.105380601)"
way,1107775137,"LINESTRING (429104.2395626862 4580747.579645702, 429104.1341150033 4580742.784227711, 429103.98414244404 4580736.001827598)"
way,1107878522,"LINESTRING (427211.14301609027 4576712.200606605, 427272.2612783608 4576682.864712352, 427306.2287269766 4576667.180218154)"
way,1107878523,"LINESTRING (427317.9334156973 4576661.955663796, 427326.4942656051 4576657.817382682, 427332.8731569371 4576654.722423786)"
way,1107878524,"LINESTRING (427306.2287269766 4576667.180218154, 427311.9661114088 4576664.36923808, 427317.9334156973 4576661.955663796)"
way,1107878529,"LINESTRING (427846.3875440361 4576409.410772308, 427843.33005204855 4576410.784613749)"
way,1107882991,"LINESTRING (428538.89475415536 4577360.44617719, 428537.8947316565 4577360.855728817)"
way,1107882992,"LINESTRING (428537.8947316565 4577360.855728817, 428533.7725376805 4577362.839327781, 428529.50877463527 4577364.890940708)"
way,1107882998,"LINESTRING (428529.50877463527 4577364.890940708, 428519.8171369101 4577373.979720025)"
way,1107882999,"LINESTRING (428519.8171369101 4577373.979720025, 428518.49236346583 4577376.246649987, 428517.43432819296 4577378.411026716)"
way,1107883005,"LINESTRING (428363.1030949626 4577017.380480453, 428368.0666472444 4577014.999884019, 428372.86374484556 4577012.709756854)"
way,1108287142,"LINESTRING (429404.6137394784 4580719.388778077, 429404.4813124698 4580715.237590242)"
way,1108287143,"LINESTRING (429405.50543864106 4580748.258688399, 429405.40631712426 4580744.950995012, 429405.38050951785 4580744.018604293)"
way,1108287145,"LINESTRING (429844.9149485249 4580736.087052965, 429844.9514190049 4580732.078565072, 429844.9934391554 4580726.915325361)"
way,1108287147,"LINESTRING (429819.8131284993 4580773.691208665, 429817.57175416563 4580771.958658184, 429813.64938878006 4580768.499235647)"
way,1108287148,"LINESTRING (429893.4694487687 4580741.912579202, 429893.2437987295 4580736.74082659)"
way,1108287150,"LINESTRING (429892.22655220854 4580713.712221009, 429892.18333071994 4580712.702278371, 429892.0107668358 4580708.69581332)"
way,1108287152,"LINESTRING (430372.524235856 4580732.720448409, 430372.73674611223 4580736.559992728, 430372.5323286574 4580757.068918854)"
way,1108287154,"LINESTRING (431069.16445174906 4580666.439664847, 431066.3110125264 4580663.635581181, 431065.52580584586 4580662.85474825)"
way,1108287155,"LINESTRING (431049.6840820614 4580649.482186383, 431048.84107386775 4580648.779624819, 431042.47595538554 4580643.43310123)"
way,1108287158,"LINESTRING (431059.5901532639 4580653.418286211, 431057.2717820248 4580655.871855725, 431056.4071318764 4580657.290138678)"
way,1108287159,"LINESTRING (431004.66268991167 4580666.842405988, 431004.55208960373 4580665.766484592, 431002.2604451748 4580659.604024336)"
way,1108287160,"LINESTRING (431006.8787972844 4580689.670929037, 431006.7767713437 4580688.617131621, 431006.7023689027 4580687.829539115)"
way,1108299298,"LINESTRING (428741.09732776973 4580874.860410283, 428732.31578809733 4580884.18437235, 428688.56589261536 4580930.658461447, 428672.928938646 4580946.145452176, 428668.8289921343 4580950.182850294, 428660.48706524406 4580958.270154838)"
way,1108299299,"LINESTRING (428660.48706524406 4580958.270154838, 428659.1205297917 4580959.627058208, 428657.13218708616 4580961.534125301, 428652.85102279356 4580965.850889575)"
way,1108299300,"LINESTRING (428652.85102279356 4580965.850889575, 428640.5871176697 4580978.207037477, 428618.07978096436 4581000.8676657565, 428580.7353675256 4581041.206065368, 428567.72131705156 4581053.791794268, 428558.0953243386 4581063.09099436)"
way,1108299301,"LINESTRING (428558.0953243386 4581063.09099436, 428555.4610351593 4581065.637324643, 428554.1693604599 4581066.949099284)"
way,1108299302,"LINESTRING (428554.1693604599 4581066.949099284, 428546.7337959293 4581074.4835641775, 428544.9711801006 4581076.3773353575, 428488.02005306777 4581133.996969456, 428483.76406875276 4581138.302487946, 428477.1483773842 4581145.007321685)"
way,1108299303,"LINESTRING (428474.2752657394 4581147.92243645, 428472.57793897414 4581149.649038101, 428469.1749259336 4581153.102325176)"
way,1108299304,"LINESTRING (428379.7618391323 4581243.808059897, 428341.2143835731 4581284.004215742, 428337.3674251597 4581288.216957219)"
way,1108299305,"LINESTRING (428387.35417453316 4581236.094217911, 428384.1397258231 4581239.15708148, 428379.7618391323 4581243.808059897)"
way,1108299315,"LINESTRING (428265.86385296984 4581402.784954395, 428264.66695427836 4581400.1432016445, 428263.38807731034 4581398.512627481, 428262.393047845 4581397.678654755, 428261.44290379866 4581397.155119929, 428260.51267019403 4581396.9533731695, 428259.55900011613 4581396.918402536, 428257.57408822735 4581397.459890917)"
way,1108299316,"LINESTRING (428257.57408822735 4581397.459890917, 428255.09516210575 4581399.627299003, 428253.255579128 4581401.333157745, 428251.5414219749 4581403.037775145)"
way,1108299317,"LINESTRING (428249.2137789322 4581405.281408032, 428251.5414219749 4581403.037775145)"
way,1108299318,"LINESTRING (428271.76617315935 4581386.57176342, 428264.6049997425 4581391.350292339, 428260.6881821703 4581394.4090640675)"
way,1108299320,"LINESTRING (428273.8829187824 4581401.883961374, 428269.78107767215 4581402.302061676, 428265.86385296984 4581402.784954395)"
way,1108821569,"LINESTRING (431314.9964074836 4583639.91209235, 431310.9012933435 4583645.3247241825, 431310.2490385716 4583646.185832133)"
way,1108821573,"LINESTRING (430896.93684941746 4583882.268378738, 430899.8394157934 4583878.954224349, 430900.59232974803 4583878.136528576, 430902.32688552246 4583874.189554107, 430902.9307311089 4583865.6345689455)"
way,1108825699,"LINESTRING (432405.99904565676 4585216.753773352, 432406.45493728697 4585218.137373467, 432427.77174032724 4585323.315587534, 432427.95602271357 4585326.045171181)"
way,1108825700,"LINESTRING (432394.8352481705 4585379.85917218, 432395.0059299399 4585363.236589968, 432395.025358343 4585361.73752183)"
way,1108868098,"LINESTRING (431580.30154877144 4582831.844141646, 431578.4667792094 4582823.47882421)"
way,1108868099,"LINESTRING (431572.35959673516 4582795.635064355, 431571.15410498664 4582790.16164687)"
way,1109769542,"LINESTRING (426326.32967465883 4581388.979340162, 426330.0720688825 4581391.872485993, 426333.0198522119 4581396.394749431, 426334.3420670785 4581401.422070529, 426334.0761236901 4581406.52105117, 426332.6201234095 4581410.544035535, 426331.1461799169 4581412.801825555, 426328.69990279217 4581415.6579599185)"
way,1109769543,"LINESTRING (426321.5164049289 4581386.86319097, 426323.93394608574 4581387.760160782, 426326.32967465883 4581388.979340162)"
way,1110161331,"LINESTRING (429972.28152715845 4584914.308769432, 429965.0788829384 4584909.359925723, 429955.14615143015 4584903.005227529, 429944.5452849514 4584894.980465305, 429924.72603646084 4584879.283999551)"
way,1110435368,"LINESTRING (430448.89428799076 4582332.053766239, 430448.56577471795 4582331.801554042, 430443.98745096347 4582326.960245236, 430440.24385308975 4582322.84371411, 430434.941071793 4582317.443120291)"
way,1110435372,"LINESTRING (430357.2728315382 4582240.935524232, 430352.0340036945 4582236.111723908, 430338.13146601606 4582223.332745701, 430331.4754187577 4582217.212447792)"
way,1110435375,"LINESTRING (430205.70162786654 4582084.355760759, 430194.69468294934 4582073.625393438, 430116.22327992413 4581996.739434983, 430107.28014273767 4581987.610310574)"
way,1110443644,"LINESTRING (431026.4644717481 4582975.194248576, 431023.72338323283 4582977.951657171)"
way,1110445433,"LINESTRING (431743.724217479 4582251.078490304, 431746.1019642148 4582248.746699824)"
way,1110445435,"LINESTRING (431730.0690272117 4582264.275188895, 431726.5923020742 4582267.9940926805, 431721.8820913218 4582273.023654607)"
way,1110445886,"LINESTRING (433038.2134149085 4582245.770691348, 433041.6265934583 4582242.341691341, 433044.73320220405 4582239.215301604)"
way,1110446404,"LINESTRING (432798.2531515027 4582064.785393071, 432793.1585002016 4582065.421098359, 432786.7528467067 4582066.246614114)"
way,1110446405,"LINESTRING (432811.56897605566 4582064.339913291, 432803.69039195473 4582064.124308361, 432798.2531515027 4582064.785393071)"
way,1110454360,"LINESTRING (428286.05229242344 4581879.467350341, 428286.49199396936 4581890.94343883, 428286.80518963514 4581901.465926726)"
way,1110454361,"LINESTRING (428287.13742461003 4581911.377564594, 428291.5647439767 4581936.270951564)"
way,1110454362,"LINESTRING (428293.9680417926 4581958.586284339, 428295.7204069888 4581961.600044731, 428298.3397756898 4581982.092358542)"
way,1110454363,"LINESTRING (428298.3397756898 4581982.092358542, 428301.94941836275 4581981.82347556)"
way,1110454364,"LINESTRING (428471.75082473893 4582653.194373233, 428450.51885853306 4582652.860014151)"
way,1110454365,"LINESTRING (428509.05949364183 4582664.384233631, 428501.6149860156 4582660.671604999, 428484.0384705366 4582656.270698591)"
way,1110651202,"LINESTRING (427102.56587201176 4581588.3329934385, 427104.80691888893 4581579.183802109, 427106.7031803072 4581565.6857134765)"
way,1110651203,"LINESTRING (427041.43084379885 4581825.2086026445, 427043.9820808405 4581823.628496425, 427101.41697921546 4581592.9966986785, 427102.56587201176 4581588.3329934385)"
way,1110651899,"LINESTRING (427126.9189831548 4582217.904653325, 427121.4597661062 4582206.35694671, 427120.13382255123 4582204.216305613)"
way,1110651900,"LINESTRING (427111.8727172456 4582283.186142627, 427113.88875215687 4582277.458923517, 427116.2571355025 4582270.184844973)"
way,1110651901,"LINESTRING (427128.73915988347 4582230.110733517, 427129.88461979094 4582225.946694874, 427126.9189831548 4582217.904653325)"
way,1110652475,"LINESTRING (426858.3308074315 4581898.469030827, 426855.65832354035 4581895.487098931, 426853.58664994786 4581893.209693946)"
way,1110652476,"LINESTRING (426856.4917855541 4581904.327768703, 426858.0408787978 4581901.225499286, 426858.3308074315 4581898.469030827)"
way,1110653008,"LINESTRING (429531.1922599053 4582006.00329009, 429536.21009776014 4582002.645823061, 429539.55807656085 4582000.403785959, 429544.2126821427 4581997.527281805)"
way,1110653010,"LINESTRING (429431.6475967475 4581958.119395104, 429520.7688281316 4582008.958123652)"
way,1110653011,"LINESTRING (429408.2461980907 4581944.724096052, 429413.2860321526 4581947.917042324, 429417.85569822986 4581950.914719987)"
way,1110653012,"LINESTRING (429402.0584291767 4581937.8561745575, 429405.7690077891 4581940.218247286, 429408.94797205215 4581942.085870681, 429408.2461980907 4581944.724096052)"
way,1110653013,"LINESTRING (429320.2180031122 4581890.3786435295, 429352.3713291159 4581909.439627383, 429402.0584291767 4581937.8561745575)"
way,1110655890,"LINESTRING (427070.41956133535 4583240.159955294, 427066.73725833563 4583244.771475154)"
way,1110655893,"LINESTRING (427001.0848787832 4583191.871995516, 426998.87418096187 4583189.862427304)"
way,1110655894,"LINESTRING (426996.8827344766 4583188.039400887, 426980.14471875876 4583173.907459531)"
way,1110655895,"LINESTRING (426980.14471875876 4583173.907459531, 426968.25597961876 4583163.945799301, 426945.51560168393 4583144.90031537, 426943.2681150989 4583143.39077011, 426941.45066666265 4583142.243286935, 426939.5810833592 4583141.729201679, 426938.8356162439 4583141.592382503, 426937.61286355444 4583141.382657073, 426931.1410174181 4583141.303607464)"
way,1110657520,"LINESTRING (427638.8542339025 4582987.727730254, 427634.71164519707 4582985.648448231, 427633.5694112772 4582986.803467672, 427629.87128405774 4582988.20608432)"
way,1110657521,"LINESTRING (427598.10687372426 4582986.314041692, 427594.55616311677 4582991.5901444135)"
way,1110657522,"LINESTRING (427600.3027388042 4582983.505242943, 427598.10687372426 4582986.314041692)"
way,1110657526,"LINESTRING (427601.5658160633 4582981.893787907, 427600.3027388042 4582983.505242943)"
way,1110657527,"LINESTRING (427590.3419984549 4582997.405824957, 427588.03450705705 4583001.592513058, 427576.28314975573 4583004.4746506885, 427575.52048443304 4583005.126249896, 427570.3716310547 4583010.274006902, 427569.23395179823 4583009.3749389965)"
way,1110658876,"LINESTRING (429027.44624220766 4583588.802328563, 429024.13292925834 4583591.077596944, 429003.86541948054 4583604.411055069, 428986.8826871056 4583614.25934287, 428973.2975003131 4583621.043242186, 428967.6804857219 4583623.685324228, 428963.1203963082 4583625.839615809)"
way,1110659287,"LINESTRING (429178.02772018313 4582984.616386222, 429196.749672095 4582966.912925919)"
way,1110883217,"LINESTRING (431150.6530245121 4580452.191254061, 431148.39112431847 4580453.556179047)"
way,1110883218,"LINESTRING (431148.39112431847 4580453.556179047, 431145.6135838324 4580455.225778774, 431143.88521191006 4580456.407992284)"
way,1110883219,"LINESTRING (431161.6466861182 4580444.692367531, 431158.81766416086 4580447.106339714)"
way,1110887086,"LINESTRING (431000.6963640611 4579898.631638439, 431004.0550537851 4579898.24438431, 431007.41374383454 4579897.857131741)"
way,1110887087,"LINESTRING (430958.7897191542 4579864.123340204, 430960.11596428405 4579867.25280716, 430964.27859396045 4579875.751233263, 430966.52520484774 4579880.670593512)"
way,1110887089,"LINESTRING (431005.24108156306 4579821.601487024, 431001.3067910902 4579820.3954127235, 430983.649631364 4579821.240744585, 430978.07414198376 4579823.358944001)"
way,1110887090,"LINESTRING (431011.6024243439 4579824.71635799, 431005.24108156306 4579821.601487024)"
way,1110887586,"LINESTRING (432061.01318805607 4579873.65152809, 432059.68789814046 4579867.002280586)"
way,1110888025,"LINESTRING (432079.9320579978 4580003.920809856, 432078.5248183794 4579995.662423156, 432077.25688099035 4579986.203631514)"
way,1110888026,"LINESTRING (432077.25688099035 4579986.203631514, 432074.6759566458 4579966.942285049, 432071.0587012719 4579943.305052168, 432064.88340722007 4579908.211518045, 432064.2232212422 4579903.809901308, 432060.7165618185 4579876.807496583)"
way,1110929835,"LINESTRING (434721.6504368326 4584740.117861229, 434706.1237543475 4584755.302158231)"
way,1110929836,"LINESTRING (434727.33577850903 4584774.5962363165, 434728.78511179873 4584775.893295739)"
way,1110929837,"LINESTRING (434719.84422840213 4584767.835582318, 434723.0297641806 4584770.726886691, 434727.33577850903 4584774.5962363165)"
way,1110929838,"LINESTRING (434690.8479291173 4584739.918274439, 434694.54631412687 4584743.138023146, 434698.35049661755 4584746.96747216)"
way,1110929839,"LINESTRING (434698.35049661755 4584746.96747216, 434700.99805218756 4584749.5194340525, 434706.1237543475 4584755.302158231, 434709.8734725282 4584758.654684876, 434719.84422840213 4584767.835582318)"
way,1110929840,"LINESTRING (434690.7033082404 4584709.064955874, 434690.2578543804 4584710.645569323, 434689.0502099017 4584714.831109622, 434687.9461092055 4584718.44947424)"
way,1110929841,"LINESTRING (434693.9330914198 4584697.400105849, 434693.133014637 4584700.438382265, 434691.20536359836 4584707.2728790175, 434690.7033082404 4584709.064955874)"
way,1110935912,"LINESTRING (431945.3966376028 4583000.88724231, 431947.602364256 4583000.7332836)"
way,1110935913,"LINESTRING (431931.51067426126 4582984.963025395, 431931.69736723986 4582987.925728402)"
way,1110935914,"LINESTRING (432001.916414453 4583085.781622261, 432011.0627247004 4583085.784581077, 432012.70132377 4583085.780302267)"
way,1110938683,"LINESTRING (431159.4028552049 4585509.450951769, 431155.28775677853 4585510.877959432)"
way,1110938684,"LINESTRING (431155.28775677853 4585510.877959432, 431150.0314641775 4585512.704427747, 431144.91671292775 4585514.474038764, 431142.301209791 4585515.39825888)"
way,1110940129,"LINESTRING (432227.5992227938 4582695.533745369, 432226.6805953559 4582694.7540398445)"
way,1110940130,"LINESTRING (432229.4220419389 4582697.337553907, 432227.5992227938 4582695.533745369)"
way,1110944418,"LINESTRING (432469.61463490775 4586126.16204822, 432469.46942242444 4586134.779234741, 432469.28096726176 4586137.867592954)"
way,1110944423,"LINESTRING (432473.5275085509 4585981.28854154, 432473.3011767993 4585994.647409501, 432471.02367597085 4586065.815876924, 432469.8814912818 4586115.356460157, 432469.7790834675 4586118.71048419, 432469.61463490775 4586126.16204822)"
way,1110944425,"LINESTRING (432433.20164359285 4585741.976174398, 432434.063463429 4585745.665383447, 432434.95491294365 4585749.8428422315)"
way,1111115538,"LINESTRING (428359.6885766272 4584920.329517493, 428360.0518736895 4584924.944766608, 428360.20372466196 4584926.775257428)"
way,1111115539,"LINESTRING (428359.3233972837 4584917.213190958, 428359.6885766272 4584920.329517493)"
way,1111115540,"LINESTRING (428368.50990914914 4584932.477714806, 428374.6542655766 4584933.416183043, 428381.56014918163 4584934.447048755)"
way,1111115541,"LINESTRING (428359.0700460285 4584915.261571822, 428359.3233972837 4584917.213190958)"
way,1111134361,"LINESTRING (433947.1896794581 4584400.7690799385, 433956.2239274915 4584391.426927596, 434026.3327147083 4584320.240555295, 434030.92923954356 4584315.557703427, 434043.8732258354 4584316.039321899)"
way,1111134362,"LINESTRING (433945.3158421791 4584398.776570204, 433947.1896794581 4584400.7690799385)"
way,1111134363,"LINESTRING (433916.86921995186 4584432.488902263, 433932.7083982097 4584415.923302153, 433947.1896794581 4584400.7690799385)"
way,1111145635,"LINESTRING (434590.44912519143 4584832.678089654, 434595.87151242996 4584832.440347295, 434600.1308548799 4584832.99031158)"
way,1111145636,"LINESTRING (434600.1308548799 4584832.99031158, 434604.0934359547 4584836.773869454, 434608.2115981298 4584840.200734889)"
way,1111145639,"LINESTRING (434575.7635918473 4584870.593581589, 434575.9354050866 4584866.483998126)"
way,1111145642,"LINESTRING (434611.1316394488 4584853.486594725, 434604.1030430115 4584860.966749241, 434596.0623922327 4584868.367232931)"
way,1111145643,"LINESTRING (434405.5051623441 4584638.986954129, 434409.0952767533 4584642.229746818, 434445.24016920594 4584658.212335644)"
way,1111145644,"LINESTRING (434398.41379475535 4584625.705663208, 434397.3523169734 4584629.401407594, 434403.27697114594 4584635.6874110205, 434405.5051623441 4584638.986954129)"
way,1111168296,"LINESTRING (433832.1015596029 4585696.829829551, 433801.23662934866 4585720.439138455, 433790.24013728066 4585727.934220718)"
way,1111168298,"LINESTRING (433760.5437839757 4585731.2703595795, 433759.11630790273 4585732.360400034)"
way,1111168299,"LINESTRING (433760.5437839757 4585731.2703595795, 433757.97287045955 4585728.873476202)"
way,1111168301,"LINESTRING (433757.97287045955 4585728.873476202, 433754.5646928075 4585725.3961810665, 433749.698522193 4585720.5887929145, 433749.64819018485 4585716.003786272, 433751.67718624405 4585713.065168178)"
way,1111168302,"LINESTRING (433787.3529121036 4585660.821853986, 433792.47982764995 4585657.588437025)"
way,1111168303,"LINESTRING (433751.67718624405 4585713.065168178, 433778.260866906 4585674.605932368, 433787.3529121036 4585660.821853986)"
way,1111168307,"LINESTRING (434217.7120437897 4585267.8436551085, 434221.9338701655 4585271.64685504, 434136.9227584741 4585356.634747789, 434052.15509219666 4585441.521548103, 433983.20775834844 4585510.565682813)"
way,1111168309,"LINESTRING (433969.53120570444 4585510.168619624, 433971.0679028239 4585509.133140214)"
way,1111173617,"LINESTRING (434542.4334564273 4585552.906137508, 434535.0208592023 4585545.567619745, 434509.09638779104 4585519.755005855, 434490.9906720463 4585502.765046957, 434482.6120091129 4585494.891288749, 434480.60317788343 4585492.711120405)"
way,1111181211,"LINESTRING (434330.57291111536 4585344.893660061, 434334.0247532094 4585341.220621947)"
way,1111181212,"LINESTRING (434341.87732340035 4585333.444036294, 434344.67883980327 4585330.864977716)"
way,1111203027,"LINESTRING (433546.52468991966 4585966.369848244, 433468.4582387946 4586048.7041807575, 433396.85753576836 4586122.408488458)"
way,1111203031,"LINESTRING (433370.2531147966 4586105.577246173, 433444.13993166643 4586029.6643873835, 433528.4788653115 4585945.1182212895)"
way,1111203037,"LINESTRING (433566.55218749336 4585930.401509669, 433567.13132325665 4585929.763331156, 433569.75430107344 4585926.908027866, 433573.46106071176 4585922.854773241)"
way,1111203038,"LINESTRING (433549.57650348323 4585946.512154908, 433553.29822436743 4585943.180436394, 433556.43989717856 4585940.386982096, 433557.5671864931 4585939.37737597)"
way,1111203043,"LINESTRING (433585.8889923818 4585947.544434142, 433588.43502344977 4585949.96369084, 433591.5232959819 4585953.188479093, 433619.51828898746 4585980.400028972, 433639.7960182422 4585999.9326742375, 433650.28427387704 4586009.984487559, 433653.2685537773 4586012.810552842)"
way,1111203048,"LINESTRING (433642.39899408177 4586024.05747024, 433639.72725567565 4586021.594936691, 433581.3210209125 4585964.296129368, 433577.99907691625 4585961.10679884, 433574.1144023456 4585957.611756057)"
way,1111203053,"LINESTRING (433475.92996112606 4585840.601581958, 433478.172376026 4585842.7127127005, 433538.6819358679 4585901.345942037, 433541.98823101394 4585904.64642724, 433544.0969047095 4585906.758806086)"
way,1111203054,"LINESTRING (433573.46106071176 4585922.854773241, 433575.53802598355 4585920.604037575)"
way,1111203055,"LINESTRING (433541.9310879696 4585952.111580499, 433545.24578870845 4585949.050063924, 433549.57650348323 4585946.512154908)"
way,1111203057,"LINESTRING (433383.3685000732 4586119.568203812, 433379.6238734012 4586117.670784758, 433370.774116903 4586111.334825583, 433368.903204366 4586109.631112592)"
way,1111203058,"LINESTRING (433396.85753576836 4586122.408488458, 433394.8867597939 4586124.380729893)"
way,1111203059,"LINESTRING (433378.198116693 4586124.378927924, 433374.82009183714 4586127.807502013, 433370.9356174617 4586131.596032368)"
way,1111203060,"LINESTRING (433370.9356174617 4586131.596032368, 433367.3907835874 4586135.059454678)"
way,1111203061,"LINESTRING (433371.3622071588 4586146.159038532, 433299.3357986773 4586215.171778005, 433218.09415598505 4586302.379075156, 433212.690812824 4586308.180228209)"
way,1111203062,"LINESTRING (433193.1266967203 4586285.422346969, 433265.341886871 4586212.598487743, 433349.5649544139 4586126.818776265)"
way,1111203064,"LINESTRING (433349.5649544139 4586126.818776265, 433351.1296413201 4586125.216656632, 433354.6629591614 4586125.039774996, 433364.8342370789 4586132.4072119, 433367.3907835874 4586135.059454678)"
way,1111210917,"LINESTRING (432727.13395655 4586878.614305504, 432720.7535182298 4586878.995626588, 432639.70385643636 4586861.430114845, 432637.19240779313 4586860.931665167)"
way,1111216673,"LINESTRING (433736.8454337971 4585770.835738029, 433651.0201122327 4585852.350811575, 433588.2393112048 4585916.801316894)"
way,1111216674,"LINESTRING (433720.4455533043 4585754.087420562, 433728.7786175435 4585761.483306794)"
way,1111216675,"LINESTRING (433588.2393112048 4585916.801316894, 433584.6193655907 4585920.298625102, 433579.856333966 4585922.174310467, 433575.53802598355 4585920.604037575)"
way,1111216676,"LINESTRING (433569.55464044155 4585901.517675035, 433636.79136318236 4585835.416232456, 433713.55423068575 4585759.935114559, 433720.4455533043 4585754.087420562)"
way,1111232468,"LINESTRING (430025.37883374 4581119.256674093, 430027.5347227049 4581117.34837117)"
way,1111232469,"LINESTRING (430018.4177107358 4581125.8412726605, 430021.84858126985 4581122.599415209)"
way,1111546997,"LINESTRING (428848.5154636178 4580806.144009913, 428850.68152859516 4580806.144952395, 428852.92936438863 4580805.956343522)"
way,1111566276,"LINESTRING (429628.1255395083 4580729.339618274, 429628.2692009458 4580735.522524325, 429628.36513985257 4580739.374290189)"
way,1111650004,"LINESTRING (430791.01874288905 4579458.127447295, 430783.3057547555 4579444.899899948)"
way,1111650005,"LINESTRING (430808.1490746282 4579487.008920479, 430791.01874288905 4579458.127447295)"
way,1111650006,"LINESTRING (430814.0590782434 4579497.13380608, 430810.6066903684 4579491.226743636, 430808.1490746282 4579487.008920479)"
way,1111650008,"LINESTRING (430836.32451209193 4579534.726466603, 430829.11034099 4579522.915274458, 430814.0590782434 4579497.13380608)"
way,1111650009,"LINESTRING (430845.8696157354 4579551.5116997445, 430842.180550408 4579544.463290521, 430836.32451209193 4579534.726466603)"
way,1111650010,"LINESTRING (430874.0154492642 4579599.684883989, 430870.12104639015 4579593.027017173, 430845.8696157354 4579551.5116997445)"
way,1111650011,"LINESTRING (430884.85028937133 4579618.41196549, 430880.06396027165 4579610.319230067, 430874.0154492642 4579599.684883989)"
way,1111650012,"LINESTRING (431011.6024243439 4579824.71635799, 431008.5728508499 4579819.260397178, 431001.1198828563 4579812.181110863, 430993.98385736893 4579799.736157372, 430984.98276502755 4579786.431841649, 430973.5465820803 4579766.866527933, 430958.8165523064 4579742.214199838, 430943.2067896964 4579715.660595746, 430934.00786238734 4579700.925962319, 430912.59395602887 4579665.68979915, 430891.45426379796 4579629.407418708, 430884.85028937133 4579618.41196549)"
way,1111650013,"LINESTRING (431023.6147762961 4579833.650857342, 431011.6024243439 4579824.71635799)"
way,1111650014,"LINESTRING (431031.01482636 4579851.877891891, 431026.1169746849 4579840.821674224, 431023.6147762961 4579833.650857342)"
way,1111650015,"LINESTRING (431007.6504590892 4579913.9428552035, 431007.22044727916 4579924.128227049, 431007.17426748155 4579930.701532055)"
way,1111650016,"LINESTRING (431015.04368199635 4579897.17387348, 431012.95826304535 4579901.2795518115, 431012.2928740289 4579902.551603937, 431008.6741487642 4579909.891689714, 431007.6504590892 4579913.9428552035)"
way,1111650017,"LINESTRING (431012.8899497919 4580018.037391821, 431013.9369722945 4580026.987400306, 431014.67098001274 4580034.685769414)"
way,1111650018,"LINESTRING (431014.67098001274 4580034.685769414, 431016.92845626455 4580058.335490663, 431029.4112824388 4580155.444081968, 431031.389603216 4580170.85817608)"
way,1111650019,"LINESTRING (431032.8966683621 4580184.211630212, 431034.8463903454 4580204.533443001, 431036.97212864266 4580225.775116154)"
way,1111650020,"LINESTRING (431031.389603216 4580170.85817608, 431032.27477020404 4580177.744604297, 431032.8966683621 4580184.211630212)"
way,1111650021,"LINESTRING (431036.97212864266 4580225.775116154, 431037.41579639167 4580230.212022633, 431038.11922412575 4580235.579094779)"
way,1111650022,"LINESTRING (431038.11922412575 4580235.579094779, 431038.3395394747 4580239.396368294, 431039.1254139297 4580245.517647897, 431045.10825654975 4580261.637542442, 431060.7835823349 4580286.447589482, 431082.2244304375 4580318.619535849)"
way,1111650025,"LINESTRING (431085.1111852006 4580323.155349908, 431105.9969972366 4580355.90998692, 431116.87590842874 4580374.170662961, 431118.422730462 4580376.765126638)"
way,1111650026,"LINESTRING (431082.2244304375 4580318.619535849, 431083.7102031098 4580320.948105192, 431085.1111852006 4580323.155349908)"
way,1111650027,"LINESTRING (431123.368364677 4580384.978629865, 431125.96448015334 4580389.739277442, 431129.6902165676 4580391.036217277, 431131.0914416794 4580397.673492446, 431135.73802278464 4580405.223675896, 431161.6466861182 4580444.692367531)"
way,1111650028,"LINESTRING (431118.422730462 4580376.765126638, 431120.1817861903 4580379.690658508, 431123.368364677 4580384.978629865)"
way,1111662672,"LINESTRING (430642.25600111973 4583368.230186603, 430641.1383324895 4583369.373385067, 430639.2170367249 4583371.279276666, 430636.7624606892 4583375.988203955)"
way,1111665742,"LINESTRING (431190.84327194106 4582984.17848877, 431194.85541126295 4582988.481592929)"
way,1111665743,"LINESTRING (431201.06745373225 4582995.53951797, 431204.89608745003 4582999.888782023)"
way,1111665746,"LINESTRING (431179.12469147926 4583035.51843341, 431180.38313510315 4583034.218543839)"
way,1111665747,"LINESTRING (431171.1772344121 4583027.955183827, 431179.12469147926 4583035.51843341)"
way,1111830352,"LINESTRING (431016.72391146084 4586831.580054822, 431021.3743146362 4586826.783654816, 431020.00646199594 4586763.954085775)"
way,1111830354,"LINESTRING (431196.1230705533 4586624.41189278, 431189.66915545386 4586632.02326446)"
way,1111830355,"LINESTRING (431182.7603439579 4586640.127498125, 431183.6656233066 4586638.664403555, 431189.66915545386 4586632.02326446)"
way,1111830356,"LINESTRING (432037.0045001284 4585756.089615243, 432036.9905442443 4585753.713729383)"
way,1111830361,"LINESTRING (432037.0187970657 4585738.92442431, 432042.1776295459 4585733.835268491)"
way,1111830362,"LINESTRING (432059.3558325569 4585716.4423004165, 432063.5461707268 4585715.9033317035, 432072.69178318686 4585715.295645379)"
way,1111830363,"LINESTRING (433175.73437573883 4584592.533064743, 433167.01128626626 4584601.040635574, 433104.0823009625 4584664.685934897, 433100.2710433889 4584668.329574739)"
way,1111830364,"LINESTRING (433191.13055104704 4584577.0912700575, 433183.64881671325 4584584.255024975, 433175.73437573883 4584592.533064743)"
way,1111830365,"LINESTRING (433256.86577439413 4584510.312106081, 433228.3185797074 4584539.07629353, 433219.6976048363 4584547.793809306, 433198.63051035255 4584569.183465881, 433191.13055104704 4584577.0912700575)"
way,1111830366,"LINESTRING (433266.82521373505 4584500.793998679, 433258.9946426965 4584508.216252099, 433256.86577439413 4584510.312106081)"
way,1111830367,"LINESTRING (433366.83724105515 4584401.790503782, 433330.3532009649 4584439.254209419, 433322.03888041934 4584447.713408101, 433310.8702945837 4584459.374315069, 433288.23622961727 4584483.120826589, 433284.1950551564 4584487.232801714)"
way,1111830368,"LINESTRING (434077.7325738165 4583670.292702979, 434082.6601908242 4583675.299610678, 434086.5995972294 4583679.19413584)"
way,1111830369,"LINESTRING (434086.5995972294 4583679.19413584, 434088.8603099756 4583681.427422688, 434090.47152153746 4583683.022660613, 434096.87287243037 4583676.358245705)"
way,1111830370,"LINESTRING (434103.2669875031 4583669.816033185, 434104.06106296193 4583668.887276467, 434106.8870230732 4583666.17468855, 434109.0013104407 4583661.503385572)"
way,1111852227,"LINESTRING (428316.7600622721 4581980.322368706, 428323.401013987 4581979.646006073)"
way,1111852228,"LINESTRING (428306.5025354812 4581981.412023185, 428313.8196277065 4581980.61793182, 428316.7600622721 4581980.322368706)"
way,1112040463,"LINESTRING (428323.401013987 4581979.646006073, 428336.709980274 4581978.492884398)"
way,1112040470,"LINESTRING (428269.5214269676 4581886.292750952, 428276.0614212106 4581879.632861256, 428280.0640236828 4581875.129858266)"
way,1112040475,"LINESTRING (428286.92495170626 4581905.117608898, 428287.00831262727 4581907.6260484615, 428287.13742461003 4581911.377564594)"
way,1112040476,"LINESTRING (428286.80518963514 4581901.465926726, 428286.92495170626 4581905.117608898)"
way,1112040485,"LINESTRING (428280.0640236828 4581875.129858266, 428281.0707020369 4581871.233864571)"
way,1112068354,"LINESTRING (431167.98288447934 4585506.47148438, 431162.6682986558 4585508.3207036005, 431159.4028552049 4585509.450951769)"
way,1112072847,"LINESTRING (431142.301209791 4585515.39825888, 431131.00402221613 4585495.442798685, 431115.85349331977 4585475.446310008, 431111.7907079804 4585470.077864223, 431104.0927873568 4585461.246608443, 431072.4465060886 4585423.96458848)"
way,1112072848,"LINESTRING (431164.30861347204 4585587.635379356, 431164.2321790576 4585584.871482111)"
way,1112082012,"LINESTRING (430988.65348743455 4583997.618673807, 430988.5631255499 4583991.646182248)"
way,1112099530,"LINESTRING (431293.0850193583 4580839.7381865615, 431288.7864589746 4580842.388099101)"
way,1112099531,"LINESTRING (431266.2561079409 4580856.458046508, 431268.01858773397 4580855.353256081)"
way,1112111862,"LINESTRING (431274.3264246357 4580864.397754454, 431273.49329915654 4580863.850513328, 431271.6394850572 4580860.614965446)"
way,1112111863,"LINESTRING (431271.6394850572 4580860.614965446, 431268.9933011873 4580856.720762699)"
way,1112111869,"LINESTRING (431270.8287113019 4580853.605670745, 431268.01858773397 4580855.353256081)"
way,1112111870,"LINESTRING (431276.70650821424 4580849.9304162515, 431273.8548863565 4580851.711701199, 431270.8287113019 4580853.605670745)"
way,1112111871,"LINESTRING (431281.5201517047 4580846.920322446, 431278.3360371182 4580848.915711601, 431276.70650821424 4580849.9304162515)"
way,1112111872,"LINESTRING (431279.27793196356 4580850.350147663, 431281.73951132596 4580854.179487396)"
way,1112111873,"LINESTRING (431281.73951132596 4580854.179487396, 431283.28554504743 4580856.707375289, 431283.87169751927 4580857.667763422)"
way,1112111874,"LINESTRING (431268.9933011873 4580856.720762699, 431268.01858773397 4580855.353256081)"
way,1112111875,"LINESTRING (431278.3360371182 4580848.915711601, 431279.27793196356 4580850.350147663)"
way,1112111876,"LINESTRING (431306.11849233054 4580858.678188289, 431305.0668365274 4580855.368412586, 431296.139902634 4580845.282843908, 431293.0850193583 4580839.7381865615)"
way,1112111878,"LINESTRING (431265.02059841104 4580850.518651128, 431259.423215113 4580841.434113945, 431254.9260329598 4580834.60412117)"
way,1112138923,"LINESTRING (425761.2936816813 4581770.84967198, 425757.1245905075 4581769.571128362)"
way,1112138924,"LINESTRING (425784.2611111144 4581777.864666282, 425790.4937724773 4581779.777169014)"
way,1112138926,"LINESTRING (425770.8481110493 4581773.771809371, 425774.79064680595 4581774.974960397)"
way,1112145863,"LINESTRING (428974.2957903261 4582198.369971148, 428980.7437541134 4582202.759032041)"
way,1112145864,"LINESTRING (428961.3955296476 4582186.594119503, 428960.92227554275 4582188.641697749, 428960.8447364101 4582205.463386167, 428960.81945664133 4582210.559875724)"
way,1112145865,"LINESTRING (428974.2957903261 4582198.369971148, 428970.92047561414 4582195.238729534, 428961.3955296476 4582186.594119503)"
way,1112153781,"LINESTRING (426185.33281474066 4581996.050096373, 426247.5105317409 4582017.289837324)"
way,1112155567,"LINESTRING (427851.1188492531 4582523.915366018, 427849.14730523486 4582523.24661837, 427843.76828812744 4582521.290558295, 427839.01003749145 4582519.539274812, 427836.4864846915 4582518.853823418)"
way,1112155568,"LINESTRING (427836.4864846915 4582518.853823418, 427828.728576688 4582516.466250943, 427705.2707105754 4582476.638499448, 427593.06820070057 4582439.564883542, 427584.3019818786 4582436.699116613, 427531.70685122604 4582419.737875357, 427499.22221713833 4582408.793385815, 427478.451122005 4582401.962003395, 427475.2210953905 4582400.872938433, 427474.04206389684 4582400.029812776, 427469.1029556137 4582397.769842318)"
way,1112155569,"LINESTRING (427451.76037458517 4582391.814653799, 427443.5334497151 4582389.376670258, 427335.95688251953 4582356.124487439, 427215.75673858006 4582317.371482474, 427111.8727172456 4582283.186142627, 427107.6955900936 4582281.884708276, 427106.4954349063 4582281.441561286, 427104.75049569143 4582280.87066021)"
way,1112155570,"LINESTRING (427469.1029556137 4582397.769842318, 427460.25916621636 4582394.682940437, 427451.76037458517 4582391.814653799)"
way,1112155571,"LINESTRING (427089.68602215184 4582276.181350924, 427029.0926902866 4582256.517356177, 427015.52579826134 4582251.9241448855)"
way,1112155572,"LINESTRING (427104.75049569143 4582280.87066021, 427098.94614535844 4582279.063763623, 427089.68602215184 4582276.181350924)"
way,1112155573,"LINESTRING (427015.52579826134 4582251.9241448855, 427005.80487140536 4582248.957656239, 426999.4066352541 4582247.134616068)"
way,1112155574,"LINESTRING (426999.4066352541 4582247.134616068, 426993.34226480813 4582245.252702064, 426990.1037305349 4582244.163936061, 426985.4913529835 4582242.822545568, 426877.1007770253 4582206.409831042, 426870.2628904542 4582204.113912061)"
way,1112155575,"LINESTRING (426870.2628904542 4582204.113912061, 426864.5837158358 4582202.294834115, 426861.0600914092 4582201.13128195)"
way,1112155576,"LINESTRING (426861.0600914092 4582201.13128195, 426851.6823810002 4582198.217047359, 426701.3344810979 4582149.695390318, 426696.77080333774 4582148.220452448)"
way,1112155577,"LINESTRING (426696.77080333774 4582148.220452448, 426696.1581040757 4582147.993488662, 426689.6364652117 4582145.5613019485, 426683.34404712834 4582143.4709944)"
way,1112155578,"LINESTRING (426683.34404712834 4582143.4709944, 426680.2745447698 4582142.5694053825, 426678.1778197071 4582141.946650715, 426677.24617165455 4582141.600783388, 426645.0415784126 4582131.323415355, 426608.96093839547 4582121.429644497)"
way,1112158253,"LINESTRING (434405.44325122685 4584604.480055081, 434404.37824560027 4584607.787232623, 434402.324464211 4584614.511925401, 434400.774596819 4584618.733925635)"
way,1112158254,"LINESTRING (434407.8463688735 4584596.641919618, 434406.4746251429 4584601.150976893)"
way,1112164595,"LINESTRING (431691.65611943987 4586886.5857711155, 431697.7955991319 4586874.847535381)"
way,1112164596,"LINESTRING (431706.6060905009 4586860.141817305, 431709.7170283462 4586855.093932459)"
way,1112164598,"LINESTRING (431709.7170283462 4586855.093932459, 431714.4602300189 4586854.771585181)"
way,1112164599,"LINESTRING (431751.31555379904 4586823.4244587505, 431754.1275615627 4586823.886458359)"
way,1112164600,"LINESTRING (431732.7750455032 4586824.4876302155, 431740.54164943163 4586824.003535078, 431747.664263381 4586823.458906655, 431751.31555379904 4586823.4244587505)"
way,1112164601,"LINESTRING (431774.56224452355 4586854.437670133, 431772.08155228745 4586854.549889438)"
way,1112164602,"LINESTRING (431748.8387776728 4586856.723251564, 431756.0854327752 4586856.044225502, 431772.08155228745 4586854.549889438)"
way,1112164605,"LINESTRING (431730.23688152066 4586855.699663056, 431733.3467363217 4586855.847961986)"
way,1112164606,"LINESTRING (431714.4602300189 4586854.771585181, 431723.70697683224 4586855.294967714, 431730.23688152066 4586855.699663056)"
way,1112164609,"LINESTRING (431721.66274709266 4586831.709469606, 431725.2806066828 4586824.591666055, 431726.61919122684 4586822.991316472)"
way,1112164610,"LINESTRING (431709.7170283462 4586855.093932459, 431711.7694928835 4586851.221846583, 431716.04831880925 4586843.309491663)"
way,1112164611,"LINESTRING (431726.61919122684 4586822.991316472, 431732.7750455032 4586824.4876302155)"
way,1112164613,"LINESTRING (431860.4196678226 4586672.45122317, 431857.2219156109 4586673.624941649)"
way,1112164614,"LINESTRING (431867.36661282205 4586656.786214661, 431867.3042213296 4586663.470750741, 431867.2678023856 4586666.702038953)"
way,1112164617,"LINESTRING (431867.2678023856 4586666.702038953, 431865.9439773621 4586667.214137171, 431864.8785558507 4586668.545416925, 431864.71323183936 4586669.623955712, 431864.7361210125 4586671.167043902)"
way,1112169429,"LINESTRING (428960.427226839 4581052.330063776, 428952.51200457016 4581045.101943441, 428949.68121753517 4581042.120807873, 428922.42854271195 4581015.030476531, 428886.7492370107 4580980.617284654, 428884.4750927393 4580978.119239709, 428883.39654208015 4580976.442181461, 428882.89824728935 4580975.092516697, 428882.69232675363 4580974.561597913, 428882.46725924424 4580972.931679539)"
way,1112171502,"LINESTRING (432756.8289123887 4582155.657519047, 432758.7864276206 4582157.560134258)"
way,1112171503,"LINESTRING (432756.2045509691 4582155.052660328, 432756.8289123887 4582155.657519047)"
way,1112171504,"LINESTRING (432765.43742617173 4582164.260010213, 432779.9461780079 4582179.758114129)"
way,1112253165,"LINESTRING (427901.21605118614 4580197.01661327, 427893.33906475763 4580194.674520554)"
way,1112893302,"LINESTRING (429542.03289646975 4581435.3867266225, 429547.2906006392 4581429.9951182725, 429550.8095332459 4581426.385776969)"
way,1113733558,"LINESTRING (434694.2533807034 4584695.842827404, 434693.9330914198 4584697.400105849)"
way,1113740956,"LINESTRING (432008.5442459055 4588210.265632366, 432015.4544741681 4588208.60183892, 432020.9230546731 4588207.32910451, 432023.14828845987 4588206.753038992)"
way,1113740957,"LINESTRING (431999.5981997031 4588219.320921064, 432005.3751338292 4588215.302851777, 432008.5442459055 4588210.265632366)"
way,1113740958,"LINESTRING (431970.0137806996 4588190.775991827, 431971.4836306723 4588192.494220383, 431971.96512229444 4588193.055939946, 431979.36437785585 4588200.747279957)"
way,1113772892,"LINESTRING (432128.09896809584 4588404.509546835, 432125.89344565687 4588403.619809977, 432123.31024226727 4588402.5448694825)"
way,1113772894,"LINESTRING (432206.88034236315 4588434.880865036, 432189.7856787504 4588426.658456253, 432186.3123370602 4588425.092210028)"
way,1113772895,"LINESTRING (432222.679336815 4588446.59067415, 432216.83615005517 4588444.4248647485, 432211.78883009474 4588442.4958627755)"
way,1113772896,"LINESTRING (432233.1611777512 4588446.303676798, 432228.5876362658 4588446.790660292, 432225.0082627061 4588447.279430683, 432222.679336815 4588446.59067415)"
way,1113772897,"LINESTRING (432211.78883009474 4588442.4958627755, 432209.8760139984 4588441.636665279, 432206.88034236315 4588434.880865036)"
way,1113772902,"LINESTRING (432377.1699945929 4588511.406378813, 432354.95422643394 4588501.355090677, 432273.0040356595 4588464.316803805, 432233.1611777512 4588446.303676798)"
way,1113772903,"LINESTRING (432396.2313007099 4588526.294792258, 432392.4388597779 4588524.54268273, 432387.5975722452 4588522.300751707, 432380.2978373249 4588518.916008855)"
way,1113772904,"LINESTRING (432218.7976096621 4588412.15248184, 432219.75367749215 4588415.219029407, 432222.62938601564 4588418.089935775, 432239.0591403958 4588424.897478672, 432308.79539382615 4588455.61003353, 432363.6645476531 4588480.488937032, 432379.50288297544 4588483.938141452)"
way,1113772905,"LINESTRING (432379.50288297544 4588483.938141452, 432388.19471996726 4588487.887218107, 432393.2286777421 4588490.182862944, 432396.27415262786 4588491.564457982)"
way,1113772906,"LINESTRING (432380.2978373249 4588518.916008855, 432377.1699945929 4588511.406378813)"
way,1113772907,"LINESTRING (432413.77319137723 4588527.896159552, 432411.7429564956 4588526.982492534, 432396.2313007099 4588526.294792258)"
way,1113772920,"LINESTRING (433269.9823902892 4588903.326274468, 433269.37016684894 4588903.065455965, 433263.6184311747 4588900.775837638)"
way,1114705525,"LINESTRING (431776.18349533086 4581596.649903208, 431776.769944172 4581599.431188935)"
way,1114705526,"LINESTRING (431768.85168500594 4581584.405912315, 431769.388070731 4581585.422320869)"
way,1114705527,"LINESTRING (431718.028827596 4581530.514142381, 431719.70467767346 4581530.875846858, 431721.16657436435 4581530.717735248, 431722.98393458035 4581530.123264727, 431730.6042283388 4581525.0440970445, 431733.0223560544 4581523.422509906, 431735.05766204215 4581526.434404983)"
way,1114705528,"LINESTRING (431741.2870143845 4581537.034428072, 431741.9432912829 4581538.349481402)"
way,1114705530,"LINESTRING (431735.05766204215 4581526.434404983, 431737.7857234292 4581531.082991649, 431741.2870143845 4581537.034428072)"
way,1114705533,"LINESTRING (431642.62113070616 4581418.220601311, 431644.3630173075 4581415.828166963)"
way,1114705535,"LINESTRING (431687.49583507376 4581559.513810695, 431686.16319260193 4581556.5286126705, 431690.22932965367 4581554.092071341, 431692.0184468492 4581552.276548941, 431691.874281453 4581549.402277672, 431690.9216827591 4581547.701423353)"
way,1114705536,"LINESTRING (431692.4689030319 4581568.127129216, 431689.93565004494 4581563.743190227)"
way,1114736635,"LINESTRING (432384.8328761953 4585153.709575988, 432388.3986462396 4585162.325395058, 432394.7550961183 4585181.58499858, 432396.2128881289 4585186.434435455)"
way,1114739804,"LINESTRING (427796.9738470968 4579506.319895753, 427794.09594396263 4579507.114654745)"
way,1114739805,"LINESTRING (427781.9589426634 4579492.013428917, 427772.0886801363 4579482.785291402, 427765.5159241861 4579477.099455501)"
way,1114739806,"LINESTRING (427779.2377914499 4579507.706745385, 427776.7579075823 4579512.350258841, 427741.2593670174 4579578.777392903, 427737.2048246722 4579587.400356103)"
way,1114739807,"LINESTRING (427785.675423862 4579495.629273942, 427781.9589426634 4579492.013428917)"
way,1114739808,"LINESTRING (427881.7726850498 4579587.659753142, 427878.38525032747 4579587.682343293)"
way,1114739809,"LINESTRING (427974.73940638517 4579669.607808105, 427971.6147953992 4579669.139216646, 427969.1435427723 4579668.764061943)"
way,1114739810,"LINESTRING (427975.54320073756 4579669.688646804, 427974.73940638517 4579669.607808105)"
way,1114739811,"LINESTRING (427975.672767199 4579676.837635051, 427975.0958420315 4579674.334107891, 427975.3308537055 4579671.889132734)"
way,1114739812,"LINESTRING (427975.3308537055 4579671.889132734, 427975.54320073756 4579669.688646804)"
way,1114739815,"LINESTRING (428040.31783470634 4579742.169259595, 428039.78450685414 4579738.999120298, 428039.2697789145 4579736.017545925)"
way,1114739816,"LINESTRING (428039.2697789145 4579736.017545925, 428039.067058876 4579734.975884301)"
way,1115952509,"LINESTRING (432050.26735890633 4585325.239996471, 432053.0075334974 4585330.4548279485, 432054.80903263524 4585362.991545117, 432056.0739527437 4585378.434872822, 432056.74415088387 4585384.834940381, 432059.69986688136 4585415.684291194, 432060.82039011247 4585431.772942952, 432061.3181641674 4585450.076913519, 432060.0466320672 4585484.674311626, 432057.79202130693 4585524.943408956, 432056.7537961543 4585544.32767846, 432056.74663396075 4585547.125671076)"
way,1115952510,"LINESTRING (432049.4392042633 4585553.045495396, 432048.96135517204 4585550.218747933, 432047.3457639737 4585534.812018783, 432045.83894653886 4585506.957942357, 432044.7507994164 4585484.529243271, 432043.897389743 4585450.606862873, 432043.5698750319 4585420.176952414, 432044.6817500093 4585384.603999526, 432045.09951742773 4585378.360260685, 432045.7796469957 4585359.112591201, 432047.1545394374 4585331.076025191, 432050.26735890633 4585325.239996471)"
way,1115952511,"LINESTRING (432053.27217280946 4585567.8429539995, 432053.1286160524 4585584.598546432, 432053.60957094864 4585609.1202916475, 432054.7699929839 4585707.791799023, 432054.69451620925 4585721.115965517)"
way,1117272236,"LINESTRING (428490.9229610901 4582117.032748244, 428490.217998932 4582120.159631831, 428487.7538662766 4582122.959688297, 428486.53874149255 4582124.381755513, 428481.9008430978 4582128.902020667, 428424.23328699294 4582188.4170229295, 428401.4378747095 4582189.930208927)"
way,1117272239,"LINESTRING (428510.1854958631 4582097.268172424, 428501.84729475895 4582105.577730036, 428498.2867521792 4582109.121396617)"
way,1117275920,"LINESTRING (431587.8715297832 4583373.902626929, 431586.14014082315 4583372.042600087)"
way,1117275921,"LINESTRING (431573.8078752034 4583359.535162948, 431570.98158034106 4583356.819462034)"
way,1117275924,"LINESTRING (431570.98158034106 4583356.819462034, 431573.8544816088 4583353.850060566, 431637.8767473633 4583287.483242161, 431645.3162311371 4583279.39676336)"
way,1117275925,"LINESTRING (431645.3162311371 4583279.39676336, 431649.3320064779 4583275.273013158, 431653.80305157957 4583270.667546276)"
way,1117275928,"LINESTRING (431653.80305157957 4583270.667546276, 431658.524572048 4583266.026410168, 431660.6026840508 4583263.875053187, 431674.2225621876 4583249.812470166, 431677.69167148304 4583246.226830753)"
way,1117275929,"LINESTRING (431677.69167148304 4583246.226830753, 431679.49654998304 4583244.355628357, 431681.25984141574 4583242.507024435)"
way,1117275930,"LINESTRING (431752.83229979995 4583170.696281561, 431756.86042729614 4583166.983283203, 431760.13621380157 4583165.053831112, 431761.2657069403 4583166.031342333)"
way,1117275931,"LINESTRING (431740.561834526 4583181.6038847435, 431744.69454355305 4583177.45688261, 431746.9388519689 4583175.1929570595, 431748.9513954508 4583173.175478929)"
way,1117275934,"LINESTRING (431748.9513954508 4583173.175478929, 431752.83229979995 4583170.696281561)"
way,1117275940,"LINESTRING (431774.3862630372 4583177.909909635, 431778.03043166216 4583181.361875525, 431775.20962678624 4583184.552758098, 431772.6617613226 4583187.430190946, 431770.69258944236 4583190.502024265)"
way,1117275942,"LINESTRING (431767.1236002123 4583192.367617082, 431765.8475260333 4583193.578746717, 431764.215234348 4583195.137420953, 431759.7467921226 4583200.03146611)"
way,1117275943,"LINESTRING (431744.75834927184 4583209.066086642, 431747.8712636453 4583212.034518956)"
way,1117275944,"LINESTRING (431727.90197370574 4583193.769802128, 431731.8574486214 4583197.42976473)"
way,1117287736,"LINESTRING (427757.54701159266 4577337.9281579405, 427715.2858137735 4577358.234303296, 427713.727391696 4577358.860487139, 427710.1188148471 4577360.306503871, 427706.3475887309 4577360.543929033, 427703.3525514632 4577360.584873338, 427700.5182036649 4577359.958044908, 427697.73106650275 4577359.0309693655, 427694.9594443649 4577357.981608585, 427692.2945924221 4577356.731332993, 427689.8540818379 4577355.323382317, 427687.4604491447 4577353.5818788335, 427684.95351640414 4577351.386287192, 427683.15333868994 4577349.5833561355, 427681.43095917226 4577347.191197424, 427679.98367233586 4577344.696371324, 427678.6749610255 4577341.8337692255, 427677.9269055005 4577338.976682006, 427677.1124717918 4577336.17577088, 427676.3392053817 4577333.307832228, 427675.20795501606 4577330.621107986, 427673.88803970977 4577328.313762428, 427672.27990429976 4577325.631792126, 427670.87326893606 4577323.858249797, 427668.389428187 4577321.462581594, 427665.91959646303 4577319.633021481, 427663.6048961135 4577318.2571337735, 427660.9312150424 4577316.962545817, 427658.13513634005 4577315.9800597895, 427655.2840341653 4577315.353415622, 427652.5036261248 4577315.103565657, 427649.53311557195 4577315.088772793, 427646.58343371097 4577315.484580062, 427643.8372023774 4577316.14482891, 427641.26677634305 4577316.814428513, 427638.37504386494 4577317.98686299, 427635.61496007117 4577318.935928065, 427632.87005962816 4577319.729402429, 427629.7879577489 4577320.2708747415, 427626.9222749118 4577320.6991609335, 427624.0624118379 4577320.872023919, 427621.09212480247 4577320.879446281, 427618.245118573 4577320.663582427, 427615.2295662537 4577320.327269365, 427612.4545344112 4577319.777603285, 427609.40097476775 4577318.986453603, 427606.6814052638 4577318.125355661, 427604.00145169196 4577317.0418058, 427592.1929480084 4577311.774734952)"
way,1117287738,"LINESTRING (427592.1929480084 4577311.774734952, 427588.9571517743 4577310.330342172)"
way,1117287741,"LINESTRING (427609.27585681283 4577332.444396025, 427594.9449511136 4577325.947861055, 427587.72637950897 4577323.666084972, 427584.06235097576 4577322.070527693, 427581.52384816424 4577320.907854197, 427575.40464344405 4577318.115488263, 427574.4745342518 4577316.303899066)"
way,1117287743,"LINESTRING (427757.54701159266 4577337.9281579405, 427762.5103730835 4577335.569344382, 427768.37299510365 4577332.768570073)"
way,1117287744,"LINESTRING (427580.73397494666 4577318.8950127, 427583.017997986 4577318.872217149, 427583.90965563484 4577318.50802593, 427585.1151392246 4577316.053360708, 427586.4734315842 4577315.495763804)"
way,1117287745,"LINESTRING (427574.4745342518 4577316.303899066, 427576.65899219835 4577317.2036347035, 427580.73397494666 4577318.8950127)"
way,1117291981,"LINESTRING (426731.731811941 4576927.347072681, 426728.8538721139 4576925.744002621, 426710.96739470266 4576916.16516414, 426684.11238717166 4576900.958973257, 426664.81971939054 4576889.695707683, 426641.71141996223 4576875.961804431, 426625.9729803351 4576866.161605046, 426622.36353824625 4576863.3890639115, 426619.450412046 4576858.311181365)"
way,1117291982,"LINESTRING (426743.51163352537 4576933.789966773, 426737.6638398003 4576930.595849462, 426731.731811941 4576927.347072681)"
way,1117291983,"LINESTRING (427015.5476173932 4577066.315539757, 427018.14726734476 4577061.0599283455)"
way,1117291984,"LINESTRING (427033.4253411815 4577068.445156295, 427030.7913173846 4577072.779567156)"
way,1118004408,"LINESTRING (431745.2314093146 4583978.567135677, 431736.11031106324 4583969.593187207, 431731.37672626943 4583964.93020282)"
way,1118004409,"LINESTRING (431731.37672626943 4583964.93020282, 431723.84701798693 4583958.061911671)"
way,1118004410,"LINESTRING (431724.05217550625 4583972.72685702, 431723.84701798693 4583958.061911671)"
way,1118004411,"LINESTRING (431731.37672626943 4583964.93020282, 431726.82479160686 4583969.78066075, 431724.05217550625 4583972.72685702)"
way,1118584054,"LINESTRING (431178.7985150518 4583206.194764482, 431184.6357670828 4583200.2214712445, 431215.0233461274 4583169.18897229, 431250.7347839732 4583132.66566777, 431256.9371339153 4583126.389193186, 431258.61833361315 4583124.70780713)"
way,1118595363,"LINESTRING (432423.5955993874 4587909.949396307, 432422.05727878184 4587918.779480673, 432420.44471127365 4587946.485204726, 432417.3973653421 4588015.551576603, 432416.0148513623 4588021.382422384, 432412.52998268 4588090.108705009, 432412.0838462999 4588099.583658865, 432410.04330223927 4588145.846362548, 432409.9532769868 4588149.622194471)"
way,1118595364,"LINESTRING (432398.0086715327 4588149.878189353, 432398.18072263 4588145.0468135355, 432400.0985815601 4588099.073927577, 432400.4228189001 4588089.966508303, 432403.3750465257 4588020.579021649, 432407.6402630479 4587918.248043479, 432408.24114986014 4587903.875263007)"
way,1120874875,"LINESTRING (430903.19148339937 4583497.837960389, 430910.6738459569 4583500.486777808, 431014.3001897844 4583534.317509285, 431020.4982329112 4583536.423529485, 431024.7575874522 4583537.737510099)"
way,1123295003,"LINESTRING (430652.0217088354 4583417.233632298, 430646.4720080396 4583415.632447113, 430638.3191165259 4583412.823777711, 430634.2424556625 4583411.3972426895)"
way,1123295005,"LINESTRING (430626.133567126 4583397.4741746, 430622.54860768386 4583404.61436528, 430621.2794594301 4583406.525117496)"
way,1123933042,"LINESTRING (432610.3981331305 4584612.285058897, 432612.380621081 4584606.160040278, 432618.04462349194 4584600.433765329, 432671.16026670724 4584547.034529938, 432673.6875595752 4584544.657223465, 432687.2529143528 4584531.085539202)"
way,1124606290,"LINESTRING (433392.21225993737 4586123.439401561, 433383.3685000732 4586119.568203812)"
way,1124606291,"LINESTRING (433394.8867597939 4586124.380729893, 433392.21225993737 4586123.439401561)"
way,1127528846,"LINESTRING (431576.04392061284 4581285.77053591, 431599.57645476126 4581323.0314975185)"
way,1128329534,"LINESTRING (431012.8427447266 4579897.050479363, 431015.04368199635 4579897.17387348)"
way,1128329535,"LINESTRING (431007.41374383454 4579897.857131741, 431009.77751119767 4579897.512656608, 431012.8427447266 4579897.050479363)"
way,1131954387,"LINESTRING (427754.2158962367 4574852.342736424, 427776.4744120104 4574844.182796687, 427791.1491304135 4574841.0168888355, 427806.5078587572 4574839.298681679, 427820.69546875975 4574838.4914770005, 427861.7014141707 4574836.063290038, 427882.2243518223 4574846.129559878)"
way,1131954392,"LINESTRING (427873.27861686365 4574861.484798955, 427860.7570515017 4574868.226467834, 427854.8209115529 4574871.416439926, 427808.57706038526 4574874.840481979, 427798.8067147434 4574867.010197929)"
way,1133294199,"LINESTRING (433204.9497627368 4586331.412242843, 433211.28305088286 4586337.63799364, 433233.25842566334 4586361.817041289, 433234.5429367508 4586366.990221065, 433246.0691106504 4586389.900085999, 433256.29864720436 4586410.85672462)"
way,1136473895,"LINESTRING (426631.3627236778 4582049.66610949, 426634.50297962176 4582044.338178565, 426636.77618849976 4582036.787325442, 426637.9410612185 4582030.4357167985, 426636.42438371095 4582018.559760436, 426632.59303558135 4581982.891307353, 426631.13173452194 4581968.227938835, 426630.76713531284 4581963.601679941, 426626.2524030348 4581923.2102744775, 426624.8178805607 4581910.367528731, 426621.0052121811 4581876.55309692, 426619.27973029704 4581861.40387579, 426617.67912855523 4581847.852222257, 426616.74822519463 4581838.5018228395, 426615.0603679228 4581834.499632177, 426612.75370828446 4581829.670984505, 426608.3883182525 4581823.852817335)"
way,1136737533,"LINESTRING (431958.8123001666 4582476.3189378185, 431962.7156265185 4582472.618343612, 431965.7404721171 4582469.747611095)"
way,1136944828,"LINESTRING (433083.3661842874 4585865.69396527, 433081.5878233774 4585867.686717918, 433063.44712535595 4585889.6604977455, 433052.2896204589 4585905.840644458, 433044.9050782608 4585917.922254397, 433041.06291064166 4585928.083608029, 433038.9080898096 4585936.352967588, 433038.29458038067 4585938.6902440265, 433036.0559961719 4585949.647270431, 433032.0695781455 4585972.211852976, 433030.5942177208 4585991.588885335, 433030.8602570293 4586005.886900121, 433031.7506528944 4586019.923771198, 433037.3654087445 4586036.959103609, 433039.04305992357 4586042.150817709, 433041.1464658055 4586047.294180975, 433047.6265639666 4586063.022479543, 433058.91756584734 4586082.980874425, 433060.4160887193 4586085.975885113, 433084.3258859675 4586128.5229303315, 433103.9422789773 4586161.372539963, 433119.6467026822 4586184.188069122, 433127.5300899198 4586194.451963804, 433130.9792516545 4586195.119566888)"
way,1136946334,"LINESTRING (433145.22380603885 4586320.428001091, 433148.3208128641 4586317.357202516, 433154.31875051354 4586310.795512511, 433159.1365690066 4586305.8435409935, 433164.9789423361 4586299.627485998, 433167.9394001189 4586296.247077664, 433168.9334469681 4586294.394821852, 433168.93872363225 4586292.251921993, 433165.129257444 4586280.618008692, 433163.96936205006 4586278.086169056)"
way,1136946335,"LINESTRING (433184.5594768624 4586296.104682548, 433183.97558436805 4586299.840633882, 433185.3985524917 4586303.7134927325, 433189.27616092394 4586310.061827877, 433195.3829910808 4586320.719695531, 433198.42422863696 4586324.277838249)"
way,1136946793,"LINESTRING (433240.06155564776 4586425.307007327, 433233.66956925124 4586419.048465713, 433228.520971759 4586417.130773933, 433207.0248295794 4586397.777059986, 433201.1979656256 4586390.280912144, 433181.7532651054 4586371.38575413, 433180.1210012479 4586369.280182923)"
way,1136946794,"LINESTRING (433042.1230813917 4586098.646954417, 433040.51332002966 4586096.274736682, 433036.73255984165 4586089.581393436, 433030.51534985774 4586086.907629812, 433028.2563680755 4586084.818994828, 433023.58123433846 4586076.301964839, 433018.99091719056 4586067.018055537, 433016.0672159856 4586059.928189165, 433012.5506192505 4586050.1791271875, 433007.1368671312 4586030.488369077, 433005.21344430617 4586019.5143494215, 433003.4644231165 4585997.591299842, 433007.9464900795 4585991.56536403, 433007.93395199144 4585981.184310399)"
way,1136946795,"LINESTRING (433019.9525315439 4585891.928236957, 433022.40431864053 4585893.171268618, 433025.130566515 4585896.077188812, 433025.9604575957 4585900.865940444, 433018.5244842843 4585915.512813232, 433014.01368666557 4585918.441310296, 433010.2624612731 4585919.464190409)"
way,1139242601,"LINESTRING (431874.47102667234 4586826.438327627, 431871.85737027775 4586826.629484981)"
way,1141598108,"LINESTRING (431842.17980426317 4583266.727219088, 431816.1182923422 4583243.345676181, 431771.1973663917 4583198.824403541, 431769.500992015 4583197.130546344, 431765.8475260333 4583193.578746717)"
way,1141598109,"LINESTRING (431746.9388519689 4583175.1929570595, 431743.29246798146 4583171.507867555, 431680.37334217835 4583107.760111358, 431664.38759479165 4583093.510527196, 431662.26294256304 4583091.620883908)"
way,1141598110,"LINESTRING (431633.466089709 4583064.668464958, 431627.7116415557 4583059.093640737, 431583.2705191028 4583016.045646646, 431570.9333611969 4583003.083037744)"
way,1141598111,"LINESTRING (431548.5740502212 4582979.734068921, 431488.6452711591 4582921.355650228, 431468.874225729 4582902.989823728, 431449.461761459 4582885.420061182)"
way,1141598112,"LINESTRING (431565.4100167679 4582998.9716542, 431560.77366659394 4582998.482525232, 431543.4660567992 4583016.033150674, 431484.1592459274 4583076.405002697, 431471.93873135064 4583089.033534338)"
way,1141598113,"LINESTRING (431447.82070441474 4583113.954520091, 431382.38716068555 4583180.480712015, 431376.047948645 4583186.436392269, 431374.28272069595 4583188.0741357235)"
way,1144648257,"LINESTRING (428769.6562487092 4583635.245614308, 428783.5983682414 4583635.87459137, 428810.2213151324 4583636.390024395, 428834.9992166723 4583635.458097146, 428843.40855884366 4583635.386563224, 428857.98605928017 4583633.466863958, 428864.6910941806 4583632.657097733, 428882.47355034377 4583629.351405579, 428912.5418987822 4583622.31668217, 428934.1302530902 4583614.965593311)"
way,1148803490,"LINESTRING (431926.60249540064 4584157.025756915, 431914.97864298424 4584169.870032881, 431855.8753874144 4584230.725701115, 431843.6812115234 4584240.677619126)"
way,1149432927,"LINESTRING (431487.08892452536 4584760.6824187655, 431488.1045103056 4584762.893383448, 431526.06270957546 4584842.663736147, 431555.8690666624 4584910.76450424, 431573.83644519665 4584951.12016088, 431577.68613943504 4584958.711451407, 431576.79898177716 4584968.312729149)"
way,1150548510,"LINESTRING (431778.2896250587 4583742.219934183, 431790.0789393034 4583730.028967008, 431827.92304619745 4583692.722292835)"
way,1150548511,"LINESTRING (431855.6721442321 4583664.637361368, 431856.6576719738 4583663.651036317, 431859.8477866586 4583660.634350277, 431865.52941847115 4583654.985052612)"
way,1151424844,"LINESTRING (431449.461761459 4582885.420061182, 431447.5582377786 4582883.9391916795, 431446.4050497662 4582883.117392127, 431406.4975973825 4582845.82322959, 431394.3909719634 4582830.782495294, 431374.4246884849 4582811.2751740925, 431356.25707735366 4582793.6605511485)"
way,1151424845,"LINESTRING (431356.25707735366 4582793.6605511485, 431293.97397391516 4582734.206822035)"
way,1153184717,"LINESTRING (432308.3979031324 4585077.636613803, 432306.6746233658 4585075.687523597, 432242.288126646 4585011.860052326, 432234.82225852465 4585004.502128487, 432234.4232885378 4585000.275672837)"
way,1153184718,"LINESTRING (431896.06472095166 4584674.884032883, 431787.99724133697 4584568.492342485, 431730.1856681009 4584511.468909058, 431727.37574768666 4584508.664175672)"
way,1153184719,"LINESTRING (431975.16953919095 4584752.193414276, 431972.73677538475 4584754.814346511, 431967.510618419 4584759.92636842)"
way,1154817057,"LINESTRING (432384.8328761953 4585153.709575988, 432337.70957310125 4585106.229988823)"
way,1154817058,"LINESTRING (432370.71280863346 4585114.881556192, 432375.8232472892 4585131.3770706635, 432382.7208172948 4585148.610887669, 432384.8328761953 4585153.709575988)"
way,1155024348,"LINESTRING (430141.523282135 4583492.787851713, 430125.35431446566 4583511.774373569)"
way,1157420819,"LINESTRING (430469.53265960165 4582352.362664367, 430464.2552162574 4582346.984012354, 430457.51130685105 4582340.398124903)"
way,1158995362,"LINESTRING (428288.7198817611 4583345.68586791, 428247.28399007313 4583326.865940409, 428209.0205407926 4583312.678043971, 428182.43133419706 4583304.73657182, 428153.6642080682 4583297.216508455, 428112.25174337183 4583289.244711233, 428089.5751328324 4583286.372107446, 428077.6893284699 4583284.946820616, 428053.62723982485 4583283.153973294, 428017.1184214157 4583282.384246364, 428014.2592523196 4583282.390458829)"
way,1158995363,"LINESTRING (428679.08577497985 4583618.327923363, 428680.27714083466 4583618.7603081865, 428684.5217147338 4583620.228508187, 428720.86385966546 4583632.28380346, 428726.7198622703 4583633.547416275, 428737.8283712834 4583634.215298215, 428741.4491645116 4583634.312903131)"
way,1158999645,"LINESTRING (426608.70179243933 4581815.999822511, 426604.2971994983 4581814.567739003, 426532.4386857498 4581791.158067053, 426479.46523297124 4581773.897267328, 426473.4580658002 4581771.937476074, 426343.5068058399 4581729.611400888, 426334.15199754183 4581726.564350334, 426329.80593483633 4581725.142939277)"
way,1159698499,"LINESTRING (428895.2697897807 4584429.238258817, 428892.85443320783 4584432.6816948755, 428868.6757712992 4584466.250318837, 428830.4987189494 4584513.679899491, 428811.7712889778 4584536.269820113, 428771.30904629687 4584585.84287422, 428750.7924625132 4584610.904324553, 428730.001959491 4584636.146181519, 428726.48476770206 4584640.577586909, 428693.7966419108 4584679.904245317, 428662.4287521433 4584714.910095815)"
way,1159700436,"LINESTRING (428359.0700460285 4584915.261571822, 428360.9594364453 4584912.766905414)"
way,1163827316,"LINESTRING (430680.9037391673 4583314.832781335, 430684.5345240268 4583318.584113691, 430688.0873079029 4583322.047519328)"
way,1163827317,"LINESTRING (430688.0873079029 4583322.047519328, 430691.5558568258 4583325.44511548, 430694.590317212 4583328.036356761)"
way,1163827323,"LINESTRING (431126.3484817349 4582874.995274144, 431122.20152395533 4582880.264155469, 431121.655575843 4582880.880004477)"
way,1167318963,"LINESTRING (429214.0539735493 4587189.590131505, 429217.77575743914 4587191.652178498, 429222.631868563 4587194.358205203)"
way,1167318964,"LINESTRING (429177.5032179747 4587249.0603077505, 429172.74455910036 4587252.0380960535, 429167.51781260903 4587254.998265389)"
way,1167318965,"LINESTRING (429177.5032179747 4587249.0603077505, 429173.39460902364 4587239.918352041, 429172.91267843236 4587230.807503811, 429175.3652849829 4587221.867775749, 429181.23183774686 4587214.271395806, 429189.2260215567 4587208.9192050295, 429198.1592570335 4587205.600784324, 429207.89614287374 4587205.84967663, 429218.25025860476 4587210.25616826)"
way,1170368263,"LINESTRING (432429.28684982465 4583844.168766732, 432431.8332691046 4583846.509908875)"
way,1170991236,"LINESTRING (428752.4636876407 4583653.468153587, 428745.64783413906 4583652.358303453, 428735.6246136222 4583649.836638815, 428730.4688205373 4583648.366274488)"
way,1170993872,"LINESTRING (427302.3826993557 4583273.013259399, 427304.69973497227 4583273.134340708, 427398.74041997315 4583272.635135035, 427402.49897610286 4583272.275471314)"
way,1171327035,"LINESTRING (427395.1583891616 4583244.7359062545, 427394.1907336444 4583241.614562219, 427475.5240535095 4583130.913335861, 427476.9621854084 4583129.255692634)"
way,1172477720,"LINESTRING (431187.3857850953 4583419.254917551, 431189.19959469326 4583420.980833629, 431244.46827247593 4583474.737822329, 431247.5187660145 4583477.284726489, 431251.3714988875 4583480.678936862)"
way,1173831562,"LINESTRING (427122.12978866 4576478.512122463, 427118.2563217781 4576470.279368119, 427114.19698024914 4576461.870836173, 427111.54790510423 4576456.401511037)"
way,1174149686,"LINESTRING (427586.4734315842 4577315.495763804, 427586.71206528624 4577316.770213905, 427585.5153908541 4577319.2692024745, 427584.6737640756 4577320.454507583, 427583.35630751273 4577320.911771347, 427581.52384816424 4577320.907854197)"
way,1174149705,"LINESTRING (427768.37299510365 4577332.768570073, 427796.2137183515 4577319.623241328, 427846.96528877877 4577295.66912415, 427884.8725282073 4577277.516580684, 427920.3797760776 4577259.488006033, 427927.7653089274 4577255.839520472, 427930.25440446526 4577253.716355238, 427932.18074358633 4577251.376722739, 427933.6054005382 4577247.387745676, 427934.09730174905 4577242.997226512, 427933.3084718526 4577238.552810002, 427929.93908632116 4577231.236174633, 427929.1029208323 4577227.080903346, 427929.62171216134 4577224.555399071, 427931.5187831341 4577222.637966431)"
way,1174149706,"LINESTRING (427931.5187831341 4577222.637966431, 427951.6583470615 4577213.3114107335)"
way,1174149707,"LINESTRING (427951.6583470615 4577213.3114107335, 427973.1987972781 4577203.493583352)"
way,1174149708,"LINESTRING (427973.1987972781 4577203.493583352, 427978.7713113926 4577200.951229467)"
way,1174860960,"LINESTRING (432026.7638649171 4583667.44828071, 432026.779234841 4583662.851558158, 432026.31910612114 4583640.550259944, 432025.97939786303 4583620.390681282)"
way,1176366057,"LINESTRING (428191.3820043305 4577510.057361218, 428188.48006257927 4577509.353293282, 428149.8262582863 4577523.8810233595, 428145.6998410222 4577527.108410761)"
way,1176366058,"LINESTRING (428198.77375773137 4577513.814697173, 428194.1156175861 4577511.5069882125, 428191.3820043305 4577510.057361218)"
way,1177594463,"LINESTRING (427993.59955559595 4576339.166639953, 427990.9673181631 4576340.391861904)"
way,1177594484,"LINESTRING (427767.16960065666 4576190.373210176, 427762.0200025791 4576179.143954371)"
way,1180786186,"LINESTRING (432721.5960331324 4584498.401521413, 432737.5705472958 4584482.309409335)"
way,1180786187,"LINESTRING (432695.49882585614 4584523.447839014, 432714.9851417204 4584504.791578964)"
way,1185518220,"LINESTRING (430904.80277858395 4582711.517103399, 430897.1649707154 4582718.951163367, 430895.7168856822 4582720.530482249, 430893.01501227147 4582723.89822172, 430887.88206380047 4582729.221056039, 430884.4489583755 4582733.062096185, 430877.9274196087 4582740.06361767, 430875.02100003837 4582743.022510089, 430872.1005114398 4582746.259109707, 430871.9490104172 4582749.658033153)"
way,1185563705,"LINESTRING (433291.7636685311 4588912.740368067, 433269.9823902892 4588903.326274468)"
way,1187911543,"LINESTRING (431875.8173772253 4581424.884640176, 431873.0814804051 4581423.844490734)"
way,1187911544,"LINESTRING (431873.0814804051 4581423.844490734, 431872.18188500684 4581423.331116012)"
way,1187911545,"LINESTRING (431895.4332247365 4581419.315396687, 431893.5549822319 4581420.55435818, 431891.68499761226 4581421.782139752)"
way,1187911547,"LINESTRING (431818.6895904505 4581455.488337619, 431828.2137596551 4581463.437168978, 431828.8786035783 4581463.886129776, 431830.0062564882 4581464.641615592)"
way,1187911548,"LINESTRING (431830.0062564882 4581464.641615592, 431835.29960587027 4581468.2002354525, 431839.039487674 4581471.073993797)"
way,1187911549,"LINESTRING (431884.4905019236 4581505.098644344, 431887.12475002225 4581507.782969221, 431889.10043482255 4581509.796213499)"
way,1187911550,"LINESTRING (431889.10043482255 4581509.796213499, 431895.04790020216 4581513.559681119, 431898.55821875663 4581516.035925696)"
way,1189411201,"LINESTRING (430899.9317314695 4582289.377215546, 430896.90232897765 4582288.229208114, 430896.7183956923 4582288.230962581, 430892.41193192016 4582286.440069833, 430836.3518676659 4582258.718274915, 430830.7476565284 4582255.873933094, 430822.06733122293 4582251.371333279, 430820.7818974827 4582250.728538967, 430819.00074689474 4582249.8351127785, 430816.2364169082 4582248.429241466)"
way,1191422487,"LINESTRING (429872.37460916606 4582245.135624231, 429876.74509181705 4582240.552236812)"
way,1194530600,"LINESTRING (425543.0210984497 4581039.623248492, 425539.9613595338 4581039.7324044965, 425537.1774566978 4581039.827624745)"
way,1194530601,"LINESTRING (425537.1774566978 4581039.827624745, 425449.19627712556 4581042.852781652)"
way,1197744550,"LINESTRING (425769.30718872405 4581861.70137059, 425753.4635052733 4581856.223366593, 425662.5833604911 4581826.75509289, 425657.4647948436 4581825.031123751)"
way,1198643978,"LINESTRING (431516.1344560029 4585268.620014487, 431511.4050825055 4585314.675149744, 431511.6056401937 4585343.818344955, 431511.5830990552 4585379.414433752, 431511.5985226612 4585384.577133287, 431513.09715619934 4585431.661427947, 431518.2923475034 4585500.205952008, 431519.0388201186 4585504.018284615)"
way,1198647197,"LINESTRING (431536.6301281102 4585085.05079686, 431537.1627262275 4585081.270777505, 431548.6575873186 4585032.920019575, 431554.22553082206 4585008.318886234, 431560.63258194673 4584983.176886637, 431562.774979678 4584972.853153519, 431563.8754778681 4584966.369767052, 431563.6600050018 4584960.376246691, 431562.29690247425 4584955.881363315, 431559.5760460212 4584947.457793844, 431554.1203225105 4584935.31841326)"
way,1202812842,"LINESTRING (431402.8167752584 4584571.721108552, 431453.1093149093 4584617.432717634, 431458.26823782956 4584622.902002887, 431458.9148705017 4584639.994318727)"
way,1203428553,"LINESTRING (430768.2939291524 4583213.504679341, 430768.93567913433 4583212.421565456, 430773.0995661513 4583208.09605234, 430774.4169549003 4583206.85104063, 430775.6601693105 4583205.7177669285, 430777.21141406 4583204.448314775, 430778.4047903503 4583203.348826553)"
way,1203447779,"LINESTRING (431523.31129287404 4585617.2607093165, 431522.815056861 4585614.27872539, 431514.6963938354 4585562.682666951, 431514.1854337131 4585559.911778092, 431513.8416096602 4585557.139307625, 431511.8470736465 4585544.201102414, 431507.79656605195 4585501.23791858, 431499.7972616497 4585409.292831993)"
way,1203902198,"LINESTRING (431700.5472006779 4586750.313493151, 431705.95643779106 4586747.953021035, 431710.50960209954 4586746.96629206, 431753.2916539783 4586745.907501179)"
way,1205910814,"LINESTRING (430501.40243065293 4583312.256287531, 430488.248453847 4583300.580156023, 430428.795591166 4583241.9171035355, 430422.9418710888 4583235.666894835, 430410.4760302558 4583223.418041878, 430400.0841993437 4583212.9812553935, 430391.971932592 4583204.8652841775, 430332.96427949396 4583147.4533408955, 430324.5469665018 4583138.929569972)"
way,1205958248,"LINESTRING (430809.0193606691 4582253.561069878, 430816.2364169082 4582248.429241466, 430822.7780722653 4582243.4926183)"
way,1205958253,"LINESTRING (430846.8472609317 4582228.25176263, 430849.88697530126 4582230.476628695, 430856.1949972328 4582235.223960045, 430877.4016282481 4582255.595191373, 430892.59915207594 4582271.005309912, 430896.6357966115 4582279.571520488, 430897.6256419208 4582281.660519132, 430899.17882914783 4582284.9543561945, 430899.9317314695 4582289.377215546)"
way,1205958255,"LINESTRING (430899.9317314695 4582289.377215546, 430902.7482451361 4582298.887707485, 430904.27667550906 4582304.8464678945, 430904.11529628537 4582307.212916058, 430903.46099656855 4582316.634381187, 430901.4854900699 4582320.783487094, 430897.83067789243 4582325.070743067, 430895.31363599416 4582327.670615971, 430890.65071119095 4582334.088138435)"
way,1206384064,"LINESTRING (431168.2590057736 4581882.190698118, 431147.32182874123 4581903.396210132, 431137.3451101057 4581913.838875376, 431119.82279489335 4581930.970580934, 431087.67126286036 4581962.564130688, 431086.7195707724 4581963.605747331, 431078.9350228289 4581971.540609478, 431039.51170396595 4582013.062890233, 431036.78716826387 4582015.842329781, 431027.0848786209 4582026.093794904, 431000.50488264795 4582053.493352003, 430994.18221253995 4582059.504697765, 430955.46048482344 4582099.088883633, 430950.93695271784 4582103.4843127765, 430947.9411284158 4582106.7437958745, 430916.69039616076 4582139.69521196, 430874.9661385335 4582181.740008742, 430851.7901627412 4582205.610264144, 430850.15106276935 4582207.335749145, 430842.68380236626 4582216.045051198)"
way,1207501857,"LINESTRING (431764.3643639895 4583756.618311548, 431768.80023794674 4583758.064295318, 431776.9401545893 4583760.474640165, 431869.21450688754 4583789.872241513, 431875.65573247836 4583791.221702129, 431879.7090461817 4583791.105849805, 431883.2411867656 4583790.684022488, 431888.6182426569 4583788.213020984)"
way,1208884640,"LINESTRING (433425.81367323047 4586664.549498102, 433462.93636138336 4586720.443931267)"
way,1208884641,"LINESTRING (433474.860128241 4586739.475593835, 433509.9333804888 4586796.121893784, 433542.9512555052 4586847.391252328, 433544.47713723 4586849.764348255)"
way,1208884642,"LINESTRING (433462.93636138336 4586720.443931267, 433474.860128241 4586739.475593835)"
way,1208884643,"LINESTRING (433580.8070934317 4586933.2794425, 433578.3537034172 4586929.082884652, 433541.29345938977 4586872.498931215, 433533.51372916496 4586857.004205942, 433532.4921211018 4586854.948461687)"
way,1208884644,"LINESTRING (433454.8839433071 4586725.303326389, 433415.26759531617 4586669.032181158)"
way,1208884645,"LINESTRING (433467.0225145527 4586744.066532099, 433454.8839433071 4586725.303326389)"
way,1209703267,"LINESTRING (431528.5250835543 4588718.069488611, 431526.59238171345 4588715.112201639, 431497.50036495586 4588679.458632942, 431459.8822259054 4588637.135403692, 431455.06918597897 4588631.729482506, 431452.3052939538 4588624.816340583)"
way,1209703268,"LINESTRING (431451.30267726287 4588617.753265302, 431450.55205565237 4588612.597508892, 431448.5613482114 4588597.360926125, 431445.15259833337 4588584.114115089)"
way,1209835335,"LINESTRING (430611.183433004 4583411.196234795, 430614.0400839248 4583410.935703885, 430617.8416131499 4583409.822302113, 430619.9072347606 4583408.148182356, 430621.2794594301 4583406.525117496)"
way,1209996820,"LINESTRING (432754.13838380633 4584086.406105434, 432756.33410614263 4584084.309483756, 432759.71963932144 4584080.714034043, 432762.72305549134 4584077.37749953, 432765.33877875516 4584074.599707889)"
way,1210089633,"LINESTRING (430923.4786478243 4583469.531930758, 430954.2075378577 4583436.82958841, 430959.27345957345 4583431.540732841)"
way,1210722887,"LINESTRING (433006.57791145024 4585928.591538807, 433009.0320976936 4585922.8730540015)"
way,1210722891,"LINESTRING (433062.95639430714 4585842.933135556, 433069.47193212225 4585850.733687984, 433079.79701511917 4585862.007516211, 433083.3661842874 4585865.69396527)"
way,1210727785,"LINESTRING (432840.4960906552 4585944.65358238, 432841.7213106054 4585950.604446958)"
way,1210736283,"LINESTRING (433212.690812824 4586308.180228209, 433208.43676287745 4586310.839770972)"
way,1210736284,"LINESTRING (433190.9341004542 4586287.79639747, 433193.1266967203 4586285.422346969)"
way,1210743006,"LINESTRING (432472.15753645776 4585964.336136958, 432470.9700329513 4585959.772835469, 432470.30697730347 4585956.781247736)"
way,1210743007,"LINESTRING (432470.30697730347 4585956.781247736, 432466.2141615008 4585937.311697631)"
way,1210743008,"LINESTRING (432466.2141615008 4585937.311697631, 432466.1556620483 4585934.625348565, 432466.1654641442 4585932.093802279)"
way,1211474718,"LINESTRING (433062.95639430714 4585842.933135556, 433060.7199678586 4585845.096673162, 433058.5596752337 4585847.359432867, 433048.6434366008 4585857.699103324, 433030.90333714604 4585875.994215349, 433021.3172507308 4585882.267225739)"
way,1211492283,"LINESTRING (432797.11324659415 4586752.44585056, 432796.64927270135 4586747.476072318, 432795.846231952 4586742.88694168, 432782.2037760713 4586689.264666611, 432764.4175702591 4586621.38042431, 432762.17093854677 4586615.217002796, 432759.96124487655 4586613.927400525)"
way,1211499125,"LINESTRING (432042.1776295459 4585733.835268491, 432046.69069967617 4585729.396147458, 432050.15907641046 4585725.843966258)"
way,1211501073,"LINESTRING (431170.48330959905 4585511.022101337, 431181.27444293234 4585523.476867683, 431189.0073201563 4585532.485517078, 431191.43286466773 4585535.315902384, 431193.37457286846 4585537.362582119)"
way,1212381739,"LINESTRING (431523.0451440154 4584879.753707607, 431513.94199996407 4584870.8242862355, 431482.7263799125 4584840.220360129, 431448.8985346762 4584806.532493682, 431444.8193992439 4584802.096661192)"
way,1212805467,"LINESTRING (431888.6182426569 4583788.213020984, 431904.27732432855 4583772.377415701)"
way,1213170287,"LINESTRING (430947.8989151978 4582313.73474125, 430945.76844977663 4582314.787614162, 430943.31372044154 4582319.540830389)"
way,1213173160,"LINESTRING (430413.5593257766 4581908.962850698, 430418.64184577495 4581899.232338103, 430509.4803171394 4581887.435328002, 430525.6547911159 4581885.970081062, 430536.1412801078 4581886.047183548, 430543.73958553205 4581891.8810647875)"
way,1213173770,"LINESTRING (429550.8095332459 4581426.385776969, 429557.2795697071 4581417.529392, 429560.2489641499 4581413.303635816, 429561.602142681 4581411.425197263)"
way,1213183371,"LINESTRING (430924.628769206 4582303.153499891, 430912.7112050172 4582296.738660549, 430909.02036404284 4582294.619904378, 430899.9317314695 4582289.377215546)"
way,1213183373,"LINESTRING (430816.2364169082 4582248.429241466, 430811.95170404605 4582246.293999291, 430808.9439580402 4582244.790529633, 430803.32068726723 4582242.5792537425, 430802.15875142196 4582241.735431597, 430798.00928556 4582239.754345759)"
way,1213183374,"LINESTRING (430836.3518676659 4582258.718274915, 430830.975313311 4582263.9546421105)"
way,1213183379,"LINESTRING (430837.4170689246 4582229.285526104, 430840.22782104794 4582227.670984485, 430842.60679812153 4582227.248571648, 430845.135113126 4582227.579728539, 430846.8472609317 4582228.25176263)"
way,1213183382,"LINESTRING (430850.6192496121 4582223.974466447, 430849.88697530126 4582230.476628695)"
way,1213682168,"LINESTRING (432740.2077806203 4582000.894513264, 432739.6943508388 4581994.226500887, 432780.8963570126 4581951.420357881, 432845.95096883294 4581883.833978952)"
way,1213739501,"LINESTRING (432046.5522651819 4583476.004972222, 432050.945774311 4583468.469329052, 432063.68783291633 4583455.259534043)"
way,1213942355,"LINESTRING (432845.95096883294 4581883.833978952, 432850.45376942086 4581879.773037509, 432852.33107442386 4581876.624653271, 432852.4107542472 4581873.492928791, 432851.2645480684 4581870.716751682, 432839.5857189979 4581859.266994145, 432765.0897285299 4581786.190963294, 432763.74835436785 4581784.915486899, 432760.406943528 4581781.671171437)"
way,1214201400,"LINESTRING (430834.768680927 4582232.142039082, 430834.6224159515 4582231.710423932, 430832.07982191147 4582224.628868111, 430831.0145852112 4582221.652369025)"
way,1214201401,"LINESTRING (430834.768680927 4582232.142039082, 430835.01706326497 4582231.884301997, 430837.4170689246 4582229.285526104)"
way,1214201402,"LINESTRING (430820.7818974827 4582250.728538967, 430822.7780722653 4582243.4926183)"
way,1214431942,"LINESTRING (432607.2440301428 4586143.209722629, 432610.89722856524 4586144.241573707, 432618.7287814777 4586144.368491394, 432626.1895460687 4586143.266451427, 432658.4167579039 4586135.527524679, 432755.02884464024 4586111.079843005, 432768.3431056659 4586107.669672866, 432778.832167569 4586104.1969502885)"
way,1214432112,"LINESTRING (432429.1981610319 4585343.609405792, 432429.25014235836 4585345.596332916, 432429.45246761484 4585360.105885743, 432429.87596093066 4585378.610404815)"
way,1214432113,"LINESTRING (432429.1981610319 4585343.609405792, 432432.57734085066 4585342.101177419, 432440.6270739557 4585337.751430411)"
way,1214434045,"LINESTRING (433168.93872363225 4586292.251921993, 433177.31441006693 4586293.406980117, 433178.7405576904 4586283.14587372)"
way,1214936239,"LINESTRING (430529.157404874 4584930.016174655, 430526.02787421877 4584927.037319743, 430510.3239254796 4584918.472268873, 430499.2510600551 4584915.1921858825, 430482.1439041497 4584911.958966385, 430469.0297534307 4584912.839922659, 430460.2256633002 4584913.424128225)"
way,1214936240,"LINESTRING (430424.8150940862 4584936.425461741, 430422.6393556161 4584936.157698874, 430414.4854042358 4584935.680934, 430410.2809463614 4584934.788708169)"
way,1214936242,"LINESTRING (430383.22735586844 4584924.600996115, 430378.0153381025 4584921.497894467, 430371.2817310885 4584917.4878900815)"
way,1214936243,"LINESTRING (430371.2817310885 4584917.4878900815, 430366.313113475 4584915.3595126355)"
way,1214936247,"LINESTRING (430170.35470816895 4584796.125398292, 430171.0111170275 4584794.853332478)"
way,1214936248,"LINESTRING (430153.9504440259 4584832.867811456, 430154.801217836 4584830.949898668)"
way,1214936249,"LINESTRING (430154.801217836 4584830.949898668, 430157.6444543322 4584825.026810206, 430160.6879650854 4584817.336425128, 430162.0516748081 4584814.003492651)"
way,1214936250,"LINESTRING (430162.0516748081 4584814.003492651, 430163.51353614585 4584810.447554986)"
way,1214936252,"LINESTRING (430140.08462857996 4584833.823231487, 430139.14921262395 4584832.166819639, 430137.9843887945 4584830.124019409)"
way,1214936253,"LINESTRING (430140.4878321204 4584834.896324421, 430140.08462857996 4584833.823231487)"
way,1214938077,"LINESTRING (430116.8309853455 4584682.259542739, 430111.66303741187 4584678.5566441445)"
way,1215183279,"LINESTRING (433643.40624513174 4583161.188642983, 433644.50004396675 4583160.123857089, 433645.46946684195 4583159.171238714, 433648.17220599245 4583156.692762011)"
way,1215183280,"LINESTRING (433655.2098596456 4583164.722220662, 433652.47764939343 4583167.633973362, 433650.63025093474 4583169.482856726)"
way,1215183281,"LINESTRING (433643.2398528423 4583176.789580241, 433641.9568847898 4583180.931571107)"
way,1215183282,"LINESTRING (433647.39942122524 4583172.721160106, 433645.3366098149 4583174.782971321, 433643.2398528423 4583176.789580241)"
way,1215183283,"LINESTRING (433650.63025093474 4583169.482856726, 433647.39942122524 4583172.721160106)"
way,1215183284,"LINESTRING (433657.32120698533 4583162.482323267, 433655.2098596456 4583164.722220662)"
way,1215183287,"LINESTRING (433638.07641818625 4583166.189319138, 433640.2898037996 4583164.137229043)"
way,1215183288,"LINESTRING (433640.2898037996 4583164.137229043, 433642.5779180987 4583162.028941059, 433643.40624513174 4583161.188642983)"
way,1215183289,"LINESTRING (433648.17220599245 4583156.692762011, 433650.39324501617 4583154.562885548)"
way,1215469458,"LINESTRING (430562.7121719068 4584428.5420468785, 430558.92599387467 4584432.941804902, 430556.74239400984 4584434.483848242, 430555.4650997745 4584439.8810109)"
way,1215469459,"LINESTRING (430641.04290085513 4584506.133290286, 430637.65743744525 4584503.501028268, 430577.92325191374 4584457.086084215, 430566.7047565954 4584448.278033801)"
way,1215469460,"LINESTRING (430557.1523787478 4584441.496953857, 430555.4650997745 4584439.8810109)"
way,1215470250,"LINESTRING (430679.21917517146 4584101.21119543, 430678.18299023365 4584097.757011751)"
way,1215474965,"LINESTRING (430901.44503131555 4583886.899672254, 430902.05171394604 4583885.650359465, 430901.8531798598 4583882.365799413, 430901.65221964533 4583879.703024211, 430900.59232974803 4583878.136528576)"
way,1215474966,"LINESTRING (430896.93684941746 4583882.268378738, 430891.788521274 4583877.132464709)"
way,1215474967,"LINESTRING (430891.788521274 4583877.132464709, 430882.7157353218 4583868.09248834, 430881.2440469792 4583867.173893676)"
way,1215474968,"LINESTRING (430898.14200581267 4583883.289446063, 430896.93684941746 4583882.268378738)"
way,1215480761,"LINESTRING (430914.0584489589 4583901.679390275, 430912.05031942966 4583899.733339292, 430909.9408245728 4583897.6772271665, 430903.1313179303 4583890.158932294, 430901.44503131555 4583886.899672254, 430900.3771014501 4583885.366562039, 430900.0633776288 4583884.903234628, 430898.9172628408 4583883.937117988, 430898.14200581267 4583883.289446063)"
way,1215480764,"LINESTRING (430913.6939945856 4583906.412697502, 430914.0584489589 4583901.679390275)"
way,1215480773,"LINESTRING (430983.94458267826 4583971.038835142, 430979.7236693387 4583970.224146438)"
way,1215723270,"LINESTRING (425304.5874442436 4581690.705011795, 425334.1703273759 4581700.170793129, 425426.19072916376 4581729.634379211, 425477.35121359845 4581745.94022751, 425487.7293167058 4581749.253233037, 425491.4040120603 4581750.4256765)"
way,1215723272,"LINESTRING (425500.98061461456 4581758.743308953, 425499.3967627248 4581752.719541845)"
way,1216661944,"LINESTRING (433169.52952304826 4583633.173733521, 433170.8406530315 4583628.498453956)"
way,1216661947,"LINESTRING (433195.4861277318 4583652.164293431, 433192.23455714533 4583654.015151436)"
way,1216952459,"LINESTRING (430611.183433004 4583411.196234795, 430606.37934123736 4583421.101631698, 430602.73632397776 4583428.2868010085, 430600.75118859834 4583433.124478058)"
way,1216952460,"LINESTRING (430634.2424556625 4583411.3972426895, 430628.27792892774 4583409.2560030855, 430621.2794594301 4583406.525117496)"
way,1216956126,"LINESTRING (429708.83486782765 4583097.480669902, 429709.4305161681 4583096.8309201505)"
way,1216956127,"LINESTRING (429706.9157847073 4583099.597745615, 429708.83486782765 4583097.480669902)"
way,1216956130,"LINESTRING (429693.19244813384 4583114.708779224, 429695.3928422822 4583112.289190287)"
way,1216956133,"LINESTRING (429692.4388312383 4583115.448887168, 429693.19244813384 4583114.708779224)"
way,1217655899,"LINESTRING (429730.4853073101 4583102.3224086575, 429737.4772726015 4583103.453689918, 429742.210614746 4583104.451446473)"
way,1217655900,"LINESTRING (429769.7079247471 4583148.396556429, 429762.33916545985 4583142.028324491, 429758.96552581835 4583139.85156263, 429757.0871527924 4583139.270222572)"
way,1217655902,"LINESTRING (429713.3489271077 4583098.280683486, 429716.95212379686 4583097.401895978)"
way,1217655907,"LINESTRING (429723.4853031742 4583101.224520841, 429730.4853073101 4583102.3224086575)"
way,1217655914,"LINESTRING (429709.4305161681 4583096.8309201505, 429713.3489271077 4583098.280683486)"
way,1217658671,"LINESTRING (430561.46815107105 4583427.982895147, 430560.78707148193 4583423.215182719)"
way,1217761097,"LINESTRING (431876.59782225057 4583648.774350855, 431875.3355168543 4583646.110438977, 431874.7026369093 4583645.483530389, 431870.9947943361 4583642.342998185, 431868.06235100434 4583639.872446283)"
way,1217762500,"LINESTRING (431913.3238279716 4583612.489024045, 431915.3191558745 4583610.42733958, 431917.8111232173 4583607.83915258)"
way,1217913508,"LINESTRING (431741.84175685304 4583779.491514293, 431738.3799149027 4583778.502685004)"
way,1218400416,"LINESTRING (431861.6190861205 4583816.002108008, 431859.2380741419 4583816.15774795, 431855.4100455433 4583815.338852146, 431847.309922751 4583813.594217525)"
way,1218571002,"LINESTRING (428510.79521678307 4580389.854908357, 428516.25439890265 4580393.864735523, 428568.9675705177 4580445.351114166, 428595.4196944746 4580471.482103024, 428599.00343938154 4580475.299509819, 428603.1334342698 4580478.534186945, 428623.333789868 4580497.465554418, 428672.90922875213 4580543.0101990495, 428706.5248218691 4580573.911960004, 428757.94932616927 4580624.746168585, 428762.3063021994 4580628.966860988, 428763.3526415981 4580629.911427129)"
way,1218571004,"LINESTRING (427996.818649544 4579926.187798487, 427933.1809020082 4579864.46610876, 427932.2466241092 4579864.719659742)"
way,1218571005,"LINESTRING (428170.8034664678 4580055.4763129, 428209.9913838035 4580093.726280684, 428222.61787780246 4580106.080928852, 428224.75726947805 4580109.279591533)"
way,1218571006,"LINESTRING (428264.2712008344 4580148.414847998, 428266.79574748693 4580149.12265948, 428284.6151036783 4580166.455649294, 428305.3355167409 4580187.057554443, 428307.5739068964 4580189.278205492, 428338.067131221 4580219.5874292515, 428401.6307730316 4580281.246673092, 428409.3980402237 4580288.597807409)"
way,1218571007,"LINESTRING (428040.14754841034 4579936.53853904, 428034.78044844733 4579942.709518178, 428029.2105434663 4579948.671559424)"
way,1218657920,"LINESTRING (430328.91103958694 4583331.855900573, 430322.91484311334 4583326.439859398, 430320.45725909586 4583323.865426349, 430316.5836719323 4583322.703583516)"
way,1218657921,"LINESTRING (430323.5192372077 4583308.447352249, 430326.0662804567 4583305.5471978765, 430328.3818246503 4583302.915741016, 430329.70577163395 4583301.4929367695, 430334.18906673696 4583296.509020376, 430337.58774474915 4583292.623623384)"
way,1218949668,"LINESTRING (428023.1311942255 4579943.757805992, 428028.99600743107 4579937.171069292, 428034.71535996156 4579931.096515588)"
way,1219022363,"LINESTRING (428471.21544343606 4580391.244614166, 428435.4632258517 4580355.9016355295, 428404.8323118354 4580325.948670664, 428402.737916774 4580323.904215072, 428399.00014293956 4580320.5991573725)"
way,1219027514,"LINESTRING (428380.53685656196 4580302.361820183, 428366.1573240166 4580288.591954343, 428346.91504405835 4580269.407547491, 428337.0413852954 4580259.656866668, 428324.4156789173 4580247.335327616, 428320.70594391436 4580241.798346818)"
way,1219031702,"LINESTRING (428275.60439919424 4580198.299117745, 428234.0657144994 4580159.061715574, 428143.41204487835 4580069.903969144, 428139.7890167564 4580066.386948095, 428117.47910267225 4580044.990748834, 428110.11436648516 4580037.802469605, 428108.72880643076 4580034.718496241)"
way,1219031703,"LINESTRING (428163.9795415534 4580048.83776764, 428162.4646920375 4580050.429391637, 428153.7976220697 4580059.519740848, 428145.08380636387 4580068.110933269, 428143.41204487835 4580069.903969144)"
way,1219057551,"LINESTRING (432011.2923158569 4582533.050170009, 432014.3903132406 4582529.956714304)"
way,1219057552,"LINESTRING (432021.77183990245 4582522.692810615, 432022.44298322604 4582522.04254871, 432023.53664837166 4582520.977517446)"
way,1219057560,"LINESTRING (431957.2227504095 4582477.999292068, 431958.8123001666 4582476.3189378185)"
way,1219063115,"LINESTRING (432492.63693836145 4582061.964156326, 432495.6361141586 4582051.81045596)"
way,1219063117,"LINESTRING (432495.6361141586 4582051.81045596, 432501.1743759031 4582061.096313294)"
way,1219063118,"LINESTRING (432501.1743759031 4582061.096313294, 432505.04330756835 4582062.6257645115)"
way,1219063125,"LINESTRING (432569.7300959509 4582157.141127139, 432565.8343896379 4582155.423144104, 432559.251784945 4582153.397090257, 432556.33388803597 4582153.424252833)"
way,1219063127,"LINESTRING (432569.7300959509 4582157.141127139, 432571.8619016951 4582159.7970612245)"
way,1219063128,"LINESTRING (432563.05545816396 4582148.8206378985, 432569.7300959509 4582157.141127139)"
way,1219063129,"LINESTRING (432563.2370825034 4582144.977377941, 432563.05545816396 4582148.8206378985)"
way,1219067727,"LINESTRING (432761.49784220074 4581780.2843022905, 432765.36595186417 4581775.40759246)"
way,1219067728,"LINESTRING (432760.3820660889 4581781.693607875, 432752.43255842396 4581781.978335898)"
way,1219067729,"LINESTRING (432760.3820660889 4581781.693607875, 432760.406943528 4581781.671171437, 432761.49784220074 4581780.2843022905)"
way,1219067732,"LINESTRING (432657.1914203077 4582061.842814515, 432660.0332724605 4582064.425557436, 432662.8667617579 4582067.008379168)"
way,1219067733,"LINESTRING (432662.8667617579 4582067.008379168, 432665.86973558774 4582069.833888348, 432666.9330020805 4582070.87877235)"
way,1219120771,"LINESTRING (432765.36595186417 4581775.40759246, 432768.12654580106 4581771.929009715)"
way,1219282145,"LINESTRING (430018.3772707961 4584882.252918922, 430011.61161356175 4584885.327226343)"
way,1219282151,"LINESTRING (429979.6090582424 4584902.790757395, 429979.6650348073 4584899.936761314, 429979.78074683994 4584894.617335598)"
way,1219282152,"LINESTRING (429973.0243659478 4584913.335627572, 429975.0319541167 4584910.906868916, 429978.91693796654 4584905.550980648)"
way,1219282153,"LINESTRING (429978.91693796654 4584905.550980648, 429979.6090582424 4584902.790757395)"
way,1219282154,"LINESTRING (429972.28152715845 4584914.308769432, 429973.0243659478 4584913.335627572)"
way,1219282155,"LINESTRING (429979.78074683994 4584894.617335598, 429979.8355423466 4584891.6412186865)"
way,1219367463,"LINESTRING (431368.21545558074 4583607.342428125, 431382.7502673251 4583621.149889259, 431389.6310045464 4583627.391121964, 431408.58146658604 4583645.7977962755, 431420.54696455115 4583657.553432045, 431425.0038396293 4583662.08560564, 431434.6015899554 4583671.876273426, 431440.70337683434 4583677.969488595, 431447.4478983878 4583684.844927533)"
way,1219658533,"LINESTRING (432753.8440001762 4584083.511000959, 432686.4634652444 4584062.275640053, 432634.9446326952 4584046.022814699, 432619.6990939573 4584040.824210509)"
way,1219658534,"LINESTRING (432758.5642731135 4584085.0215587905, 432756.33410614263 4584084.309483756, 432753.8440001762 4584083.511000959)"
way,1219658535,"LINESTRING (432766.034667718 4584078.423722023, 432846.76290714706 4584103.999342781, 432891.39835888066 4584118.141300306)"
way,1219658536,"LINESTRING (432759.914396505 4584076.482047346, 432762.72305549134 4584077.37749953, 432766.034667718 4584078.423722023)"
way,1219757645,"LINESTRING (432143.162339936 4585112.836579314, 432139.8085543185 4585112.601552855, 432126.4604761684 4585111.683039365, 432122.6048332135 4585111.408315444)"
way,1219757646,"LINESTRING (432234.3131726848 4584993.87035184, 432242.2846087628 4584985.590712132, 432300.8950159332 4584923.3215053985, 432306.4943607817 4584919.6718127085, 432310.32351883384 4584918.89211256, 432318.24139735335 4584911.123793414, 432322.5499092197 4584906.187148777, 432326.3560884123 4584902.054608961, 432332.5016840807 4584892.459801265, 432386.03278419503 4584836.56743591, 432388.9713763264 4584834.397137312, 432391.37729957746 4584833.364306168, 432393.45883060707 4584832.501048331, 432396.8035072858 4584831.748125771, 432401.4740839944 4584831.5601712465)"
way,1219757647,"LINESTRING (432124.69370193896 4585109.55675346, 432126.21132933313 4585108.287897935, 432132.257010056 4585102.346688246)"
way,1219757648,"LINESTRING (432120.817327133 4585091.0291091185, 432110.2798645322 4585080.558006031, 432072.73169643665 4585043.660156144)"
way,1219763770,"LINESTRING (429536.23709367553 4581441.338715833, 429537.42028036347 4581440.039275658, 429538.4892116872 4581439.029621779, 429540.7413311417 4581436.72052845, 429542.03289646975 4581435.3867266225)"
way,1219783309,"LINESTRING (429554.4191832432 4582004.078673407, 429550.9131666658 4581999.527265929, 429549.398959465 4581997.732216884)"
way,1219783310,"LINESTRING (430198.41419387877 4582636.672299442, 430187.5562879587 4582625.707354875, 430177.5368208027 4582615.855736172, 430173.9832377069 4582612.370373799, 430171.5196807098 4582610.073617531, 430168.8765971673 4582607.367785821, 430089.48648683244 4582529.169784632, 430071.8139368338 4582512.141982115, 430064.66712079325 4582505.416005816, 430059.1709295743 4582499.917623375, 430042.72668114846 4582483.688541585, 430011.8711686643 4582453.109439364, 430007.304628565 4582448.645785263, 429951.82206952735 4582394.4225943405, 429933.6879532606 4582376.422526456, 429913.8674625084 4582356.973235195, 429885.0218555314 4582328.562481121, 429883.09716359887 4582326.671411556, 429878.2664516124 4582321.710762772, 429841.38600290974 4582285.605927036, 429838.48199430655 4582282.747298264, 429834.8944286314 4582279.240220164, 429805.87306172424 4582250.875884836, 429796.560560323 4582241.606379604, 429791.20118117373 4582236.4621607205, 429760.5237674557 4582206.359792724, 429741.5442753988 4582188.368386265, 429722.12465316034 4582169.837255436, 429698.5777948729 4582146.494256843, 429664.7755064735 4582113.26938149, 429645.8676559462 4582094.955538089, 429626.50434138346 4582076.246462152, 429564.05838057573 4582015.065650876, 429555.76892594574 4582007.018921133, 429553.1577687238 4582005.922916643)"
way,1219783311,"LINESTRING (429520.7688281316 4582008.958123652, 429526.3048542107 4582009.015302106, 429531.1922599053 4582006.00329009)"
way,1219827772,"LINESTRING (431332.53855083976 4583648.195010335, 431323.28179740557 4583644.407892597)"
way,1220130671,"LINESTRING (428711.51034596865 4580631.831183094, 428711.1471470778 4580627.215947313)"
way,1220130673,"LINESTRING (428739.52877163194 4580655.771105009, 428735.4175702712 4580660.385920693)"
way,1220130674,"LINESTRING (428750.12519472605 4580644.719474363, 428745.28429872665 4580649.974322327, 428739.52877163194 4580655.771105009)"
way,1220130675,"LINESTRING (428763.3526415981 4580629.911427129, 428761.267865431 4580632.230217121, 428758.7834343846 4580634.730582206)"
way,1220157457,"LINESTRING (427872.1669850342 4579805.117086212, 427868.17238596326 4579801.270805316, 427862.4711197372 4579795.709451734, 427842.5353520436 4579776.866325997, 427825.67689884116 4579762.156213945, 427823.25861669 4579759.537792545, 427818.3044425092 4579752.570067602)"
way,1220157458,"LINESTRING (427932.2466241092 4579864.719659742, 427930.98352345463 4579864.710009443, 427929.733397516 4579864.32273121, 427927.63326624304 4579863.410962854, 427925.4438713976 4579861.9338337, 427923.80889131455 4579860.695457735, 427920.7431594089 4579857.728148143, 427918.9287673795 4579855.270236024, 427917.63522638177 4579853.040307209, 427915.47006804805 4579848.95375447, 427915.4474910358 4579848.365524329)"
way,1220157460,"LINESTRING (427885.07001134305 4579785.458703544, 427874.0278831967 4579796.271754132)"
way,1220157461,"LINESTRING (427789.6447879124 4579680.0202961285, 427821.5660285184 4579711.34577041, 427866.8435288114 4579757.660662581, 427876.55793163314 4579767.245765628, 427885.8837210462 4579776.446144406, 427886.50044346007 4579777.061773686, 427890.05660808255 4579780.557131801, 427893.30881128495 4579783.76683874, 427902.1361424499 4579792.472563781, 427941.4690648104 4579830.719686824, 427948.4080582998 4579837.112621976, 427949.9160600727 4579843.248651212)"
way,1220157463,"LINESTRING (427736.2421373781 4579630.966702324, 427739.6045067788 4579631.788116993, 427761.6789599495 4579652.819143397)"
way,1220157466,"LINESTRING (427818.3044425092 4579752.570067602, 427813.88213854225 4579746.096681879, 427784.3506240259 4579717.867360472, 427728.4539586467 4579662.776472681, 427724.40353713627 4579659.2195006795, 427720.76073393296 4579659.633313004)"
way,1220157467,"LINESTRING (427874.0278831967 4579796.271754132, 427870.4987083932 4579799.693253073)"
way,1220157468,"LINESTRING (427896.95256113284 4579766.632110127, 427894.407002494 4579774.762554502, 427890.05660808255 4579780.557131801, 427887.0921634041 4579783.573300595, 427885.07001134305 4579785.458703544)"
way,1220159959,"LINESTRING (428012.21427472704 4579937.692975033, 428006.6661412277 4579935.73843886)"
way,1220159960,"LINESTRING (428006.6661412277 4579935.73843886, 428002.3674065006 4579931.5731220525, 427996.818649544 4579926.187798487)"
way,1220164458,"LINESTRING (428521.8564878221 4578118.51734223, 428516.84683162824 4578116.146281397, 428514.69499232445 4578115.123816747)"
way,1220164459,"LINESTRING (428514.69499232445 4578115.123816747, 428511.6522568657 4578113.688223364, 428508.71034329804 4578112.296049078)"
way,1220164460,"LINESTRING (428500.1619690043 4578108.250033807, 428495.77795730345 4578105.695174838)"
way,1220165554,"LINESTRING (428359.63854073436 4577019.03569912, 428363.1030949626 4577017.380480453)"
way,1220176847,"LINESTRING (427177.48519194947 4581265.59352723, 427178.9375466248 4581258.661783993, 427180.2465304034 4581252.442071759)"
way,1220178382,"LINESTRING (427040.72928897745 4581829.445903329, 427041.43084379885 4581825.2086026445)"
way,1220178383,"LINESTRING (427037.75260824815 4581841.922321438, 427038.5077039971 4581838.850294412)"
way,1220409445,"LINESTRING (428034.71535996156 4579931.096515588, 428036.86911808216 4579928.987789285, 428038.540446638 4579927.150322035)"
way,1220409446,"LINESTRING (428043.8976952954 4579932.626400835, 428042.06812398334 4579934.532054947, 428040.14754841034 4579936.53853904)"
way,1220409447,"LINESTRING (428029.2105434663 4579948.671559424, 428027.34719611023 4579950.544244028, 428026.37893477816 4579951.586427437)"
way,1220409448,"LINESTRING (428019.6145358191 4579945.069555044, 428021.8122229623 4579944.858986381)"
way,1220409449,"LINESTRING (428021.8122229623 4579944.858986381, 428023.1311942255 4579943.757805992)"
way,1220410175,"LINESTRING (427728.91430430504 4579580.565867199, 427733.40477206884 4579584.629190665, 427737.2048246722 4579587.400356103)"
way,1220410176,"LINESTRING (427708.29117517953 4579560.830610283, 427713.82908518414 4579564.239509699, 427716.50298506196 4579566.477848673)"
way,1220410177,"LINESTRING (427706.98781326215 4579560.144121117, 427708.29117517953 4579560.830610283)"
way,1220468785,"LINESTRING (427634.61475957296 4579590.088951982, 427621.10190974677 4579576.278556518, 427614.5345968205 4579570.304125493, 427611.35507865716 4579569.369913191, 427608.18957625807 4579569.0018114)"
way,1220546233,"LINESTRING (427915.4474910358 4579848.365524329, 427915.62243615324 4579847.453345745, 427901.13096563786 4579833.541146627, 427872.1669850342 4579805.117086212)"
way,1221128153,"LINESTRING (431472.0865452246 4583693.061000638, 431468.14542936167 4583691.788160052, 431455.0951466762 4583687.2928870935, 431447.4478983878 4583684.844927533)"
way,1221204470,"LINESTRING (432502.8159064761 4584339.013756595, 432501.1777479384 4584340.827689807, 432500.25930200826 4584341.835508575)"
way,1221210313,"LINESTRING (429091.75459961116 4581933.10322843, 429091.9970449297 4581928.826233961, 429076.3644727615 4581912.158325924, 429056.25917487364 4581893.879909232, 429044.5413535975 4581882.492033479, 428997.1075463524 4581836.746373656, 428992.7347072483 4581833.380631224, 428991.5545052452 4581828.995442853, 428979.60267411824 4581816.788346239, 428969.18647016975 4581805.9873877, 428965.7254824394 4581806.076831755, 428959.95764608047 4581800.304349055, 428903.0561857612 4581743.404861777, 428899.323578207 4581739.67759865)"
way,1221642530,"LINESTRING (428373.38343002624 4580519.649854272, 428374.3829438955 4580517.541527184)"
way,1221642531,"LINESTRING (428372.43593251123 4580522.790238458, 428373.38343002624 4580519.649854272)"
way,1221642534,"LINESTRING (427904.3653359851 4580194.942354817, 427905.20473471907 4580198.609074758)"
way,1221646754,"LINESTRING (428892.4614794171 4580799.93922937, 428893.2663103313 4580799.287365295, 428893.97482297523 4580799.047253544, 428894.802151184 4580798.983622652, 428895.68411886645 4580799.374674738, 428912.6325799628 4580817.761372558)"
way,1221648482,"LINESTRING (429709.4305161681 4583096.8309201505, 429710.8119311974 4583095.307517477, 429711.82939902873 4583094.187351925)"
way,1221986400,"LINESTRING (427612.17125866027 4577337.511733342, 427609.27585681283 4577332.444396025)"
way,1222333495,"LINESTRING (427644.73357997637 4579579.795487441, 427659.1636645031 4579564.8180025285)"
way,1222333496,"LINESTRING (427634.61475957296 4579590.088951982, 427635.7269156671 4579588.379105257)"
way,1222333497,"LINESTRING (427635.7269156671 4579588.379105257, 427640.33877981885 4579583.647646356, 427644.73357997637 4579579.795487441)"
way,1222333498,"LINESTRING (427659.1636645031 4579564.8180025285, 427660.2757735528 4579563.940879401, 427664.43058961746 4579562.023035532, 427669.44676835614 4579560.085498651, 427673.4890360675 4579558.624002546, 427677.06691887556 4579557.566845803, 427680.0206179138 4579556.82679818)"
way,1222382357,"LINESTRING (428113.73748421983 4577922.2320614, 428096.60713098303 4577914.219006908, 428087.3553476588 4577910.158234771, 428054.0863757839 4577895.443694895, 428017.1470121139 4577879.311245233, 428008.7516381571 4577875.564057588)"
way,1222784994,"LINESTRING (428521.8564878221 4578118.51734223, 428522.663508907 4578118.90909353)"
way,1222940018,"LINESTRING (428213.37567059754 4578694.194585674, 428212.8293220898 4578693.9335240275, 428208.9456685389 4578692.040062436, 428196.5858976092 4578685.744945437, 428194.27337762155 4578684.535419339, 428193.9118226851 4578684.350249786)"
way,1222940019,"LINESTRING (428193.9118226851 4578684.350249786, 428204.58902199625 4578664.337074295, 428210.9132385885 4578652.483209964, 428212.744753711 4578649.04539323, 428247.0765238679 4578584.686442211, 428321.6393305415 4578444.907837137, 428322.1485303789 4578443.947957716, 428331.8727762641 4578425.632047634, 428341.484128509 4578407.7391768405, 428342.7984190002 4578405.283559988, 428350.9041180833 4578389.948136491, 428371.54573673673 4578351.261706785, 428397.9783286797 4578301.703979337, 428400.3851820461 4578297.205763823, 428405.9210149442 4578286.781040465, 428411.4490466982 4578276.411913212, 428411.8597501853 4578275.641761777, 428458.91158842004 4578187.520401868, 428460.29993500863 4578184.930844174, 428464.30921354087 4578177.485692105, 428500.0399502236 4578111.149084502, 428501.4228063055 4578108.8482642835)"
way,1222940020,"LINESTRING (428192.04741622566 4578687.843911949, 428193.9118226851 4578684.350249786)"
way,1222940021,"LINESTRING (428521.8564878221 4578118.51734223, 428489.1914220305 4578178.450571105, 428479.6610711376 4578196.142574355, 428434.25245338434 4578280.394887963, 428431.6316912761 4578285.261596778, 428420.2287530984 4578306.45846528, 428363.2897139611 4578412.375745504, 428361.5645087949 4578415.579309608)"
way,1222940022,"LINESTRING (428213.37567059754 4578694.194585674, 428211.1989999059 4578698.257580741)"
way,1223093683,"LINESTRING (428549.11995443 4581080.699878395, 428544.9711801006 4581076.3773353575)"
way,1223093687,"LINESTRING (428560.9176733365 4581088.95517502, 428558.41767259623 4581086.459456498, 428555.0237436878 4581083.206449889)"
way,1223093688,"LINESTRING (428563.409091485 4581091.42877314, 428560.9176733365 4581088.95517502)"
way,1223093691,"LINESTRING (428555.0237436878 4581083.206449889, 428551.47725864203 4581083.141486)"
way,1223093692,"LINESTRING (428550.84353956307 4581082.481558558, 428549.7450928878 4581081.3376844525, 428549.11995443 4581080.699878395)"
way,1223093693,"LINESTRING (428570.5114221073 4581099.297354803, 428567.4546570703 4581095.463667822, 428563.409091485 4581091.42877314)"
way,1223093695,"LINESTRING (428477.1483773842 4581145.007321685, 428474.2752657394 4581147.92243645)"
way,1223097692,"LINESTRING (428767.8291365404 4580865.8485493045, 428761.1419239725 4580863.627075899)"
way,1223098410,"LINESTRING (428697.4602661613 4580764.493657301, 428697.258600872 4580762.6969703315)"
way,1223211075,"LINESTRING (428839.56277241604 4580806.576091446, 428848.5154636178 4580806.144009913)"
way,1223211081,"LINESTRING (428754.25997436757 4580639.948995156, 428750.7529990482 4580643.924997134, 428750.12519472605 4580644.719474363)"
way,1223341666,"LINESTRING (428924.74687744485 4580739.755731194, 428924.89963054506 4580746.804573681, 428925.1679653725 4580759.670201646)"
way,1223341667,"LINESTRING (428924.48029237 4580722.804220026, 428924.3980548732 4580726.357953781)"
way,1223341668,"LINESTRING (428925.1679653725 4580759.670201646, 428926.0194659279 4580762.071180861)"
way,1223341670,"LINESTRING (428924.3980548732 4580726.357953781, 428924.5192575967 4580731.042188221, 428924.6412223133 4580735.804135508)"
way,1223341671,"LINESTRING (428924.6412223133 4580735.804135508, 428924.6811151542 4580737.313738463)"
way,1223341672,"LINESTRING (428924.6811151542 4580737.313738463, 428924.72089912416 4580738.812239593)"
way,1223341673,"LINESTRING (428924.72089912416 4580738.812239593, 428924.74665971595 4580739.733527533, 428924.74687744485 4580739.755731194)"
way,1223342926,"LINESTRING (428824.8255657461 4580805.588299546, 428817.7157952449 4580804.625550878, 428815.60630339914 4580804.424210361, 428813.9772814422 4580804.606753125, 428812.14290824754 4580805.168811867, 428810.3964114104 4580806.163021187, 428808.5869419129 4580807.557553995, 428758.9427197667 4580855.998789864)"
way,1223342927,"LINESTRING (428758.9427197667 4580855.998789864, 428756.3603129307 4580858.733282466)"
way,1223342928,"LINESTRING (428756.3603129307 4580858.733282466, 428754.4566308302 4580860.750518246)"
way,1223345940,"LINESTRING (428696.92792374187 4580751.186509519, 428698.1821444388 4580748.609399966)"
way,1223348969,"LINESTRING (429103.98414244404 4580736.001827598, 429103.9384221049 4580734.747648008)"
way,1223348970,"LINESTRING (429103.9384221049 4580734.747648008, 429103.9010641808 4580733.493386626)"
way,1223353349,"LINESTRING (431735.12658429873 4583788.104017944, 431741.84175685304 4583779.491514293)"
way,1223354083,"LINESTRING (431291.10038266575 4583624.5392522495, 431295.5759827922 4583626.628539192, 431298.7385773489 4583628.663668206, 431301.5332666563 4583630.691185924, 431304.57247306226 4583632.938442498, 431306.8439486633 4583634.44909077, 431308.4608905487 4583635.699479645, 431313.2470919901 4583638.80729494, 431314.9964074836 4583639.91209235)"
way,1223355116,"LINESTRING (430316.5836719323 4583322.703583516, 430312.04068895645 4583321.481566558)"
way,1223356884,"LINESTRING (431743.1528114059 4583548.750717998, 431741.4727542556 4583550.55411306)"
way,1223356885,"LINESTRING (431741.4727542556 4583550.55411306, 431739.61830727145 4583552.481283729, 431736.64751822205 4583555.706909)"
way,1223356886,"LINESTRING (431723.3472267741 4583569.92181807, 431721.63510386174 4583571.869857442, 431719.37452575885 4583574.167257047)"
way,1223356887,"LINESTRING (431719.37452575885 4583574.167257047, 431718.6792695421 4583574.906600994)"
way,1223361855,"LINESTRING (430897.48868342757 4583495.949371135, 430902.08186001575 4583491.064687976, 430904.6323475584 4583488.508896256, 430911.3398718446 4583481.7942768615, 430918.7364594084 4583474.57346133, 430923.4786478243 4583469.531930758)"
way,1223361856,"LINESTRING (430954.2075378577 4583436.82958841, 430952.79279212904 4583431.369358343)"
way,1223757801,"LINESTRING (427731.97548195545 4579625.8574723, 427728.97797774844 4579628.074624314)"
way,1223826168,"LINESTRING (430024.1530611714 4581113.561635536, 430020.4994154381 4581113.652428449, 430017.27608972555 4581113.272747404, 430010.2745396786 4581106.145702304, 429954.42181282304 4581049.261268154, 429952.93528509885 4581047.743439558, 429950.28320491116 4581045.037766934)"
way,1223826169,"LINESTRING (429954.42181282304 4581049.261268154, 429949.9522184109 4581052.324447994)"
way,1223826173,"LINESTRING (430032.1542892866 4581113.362252819, 430030.9335485533 4581113.385141264, 430025.5911059575 4581113.525544949, 430024.1530611714 4581113.561635536)"
way,1223826174,"LINESTRING (430032.1542892866 4581113.362252819, 430037.53017991123 4581113.221531085)"
way,1223827919,"LINESTRING (430144.6289673372 4581001.859288253, 430147.2271780829 4581004.188052451)"
way,1223827920,"LINESTRING (430143.1695903375 4581000.552114101, 430144.6289673372 4581001.859288253)"
way,1223891463,"LINESTRING (429905.63417618896 4580827.14265553, 429909.8306338366 4580825.2256886605)"
way,1223986262,"LINESTRING (427706.98781326215 4579560.144121117, 427710.0784964815 4579558.88088281, 427713.75652833364 4579557.800539976, 427715.7601407616 4579556.570347425, 427719.16977474594 4579553.738421894, 427729.1024371673 4579543.213773984, 427738.7941477619 4579531.17044206, 427750.6728658258 4579513.63159405, 427758.3915125986 4579500.84184935, 427760.48569755565 4579496.946067502, 427762.423846822 4579493.3405166445, 427762.79268572875 4579490.061481866, 427762.6026515974 4579486.099634015, 427761.66154142906 4579484.832174411, 427762.26564835117 4579483.338365281)"
way,1223986263,"LINESTRING (427762.26564835117 4579483.338365281, 427763.6728267349 4579480.171118414, 427765.5159241861 4579477.099455501, 427767.25338917435 4579474.339727019, 427769.75675454875 4579470.373254692, 427772.10253553523 4579466.541587994)"
way,1223986264,"LINESTRING (427767.25338917435 4579474.339727019, 427769.82067491737 4579476.790103161)"
way,1223986265,"LINESTRING (427773.4859912747 4579480.306525597, 427783.3388640811 4579489.4682207145, 427787.25220912014 4579492.693503842, 427788.77756872156 4579493.833016156)"
way,1223986266,"LINESTRING (427765.5159241861 4579477.099455501, 427761.11070828646 4579473.201806163, 427759.41573929775 4579471.83082805)"
way,1223986267,"LINESTRING (427787.0009347447 4579496.859599542, 427785.675423862 4579495.629273942)"
way,1223986268,"LINESTRING (427792.18485374365 4579484.039622215, 427789.050950794 4579489.36692169, 427787.25220912014 4579492.693503842, 427785.675423862 4579495.629273942)"
way,1223986269,"LINESTRING (427785.675423862 4579495.629273942, 427784.07432228304 4579498.643007014, 427779.2377914499 4579507.706745385)"
way,1223986271,"LINESTRING (427769.82067491737 4579476.790103161, 427773.4859912747 4579480.306525597)"
way,1223987081,"LINESTRING (427669.13164610043 4580794.312723983, 427671.5584383763 4580788.592697029)"
way,1223988690,"LINESTRING (428368.393883752 4580783.193556223, 428362.88384523336 4580783.325733801)"
way,1223990600,"LINESTRING (430013.8201962705 4582099.197143855, 430016.6196742545 4582097.293714111, 430017.65416241164 4582096.184535908)"
way,1224431823,"LINESTRING (433256.29864720436 4586410.85672462, 433257.69644684927 4586413.819395184, 433264.1277805761 4586425.251525011, 433265.5900654872 4586427.958236572, 433268.60855293396 4586432.682417316, 433271.2245255508 4586437.254871679, 433276.48834837705 4586446.232946331, 433307.17264542903 4586494.203036662, 433310.16113560414 4586499.3050076645, 433339.6225529969 4586542.478966749, 433386.7877484554 4586607.118372593, 433397.5795016642 4586622.052279667, 433403.57127566217 4586630.257644827, 433413.2763319268 4586645.157166445, 433425.81367323047 4586664.549498102)"
way,1224431824,"LINESTRING (433415.26759531617 4586669.032181158, 433402.92787584686 4586652.047367404, 433393.1716772287 4586637.947735621, 433387.0232618419 4586629.066547013, 433376.6939901863 4586613.539945016, 433266.3215891464 4586454.720472707, 433256.1603913697 4586442.068125693, 433251.2575040442 4586435.984580651, 433244.5415633792 4586429.029538551, 433240.06155564776 4586425.307007327)"
way,1224880114,"LINESTRING (430859.81889449235 4583133.433543033, 430862.3506281035 4583135.907521788, 430864.4018344451 4583137.964179071)"
way,1224880115,"LINESTRING (430864.4018344451 4583137.964179071, 430865.1280742381 4583138.723345065)"
way,1224880116,"LINESTRING (430865.1280742381 4583138.723345065, 430865.9128312325 4583139.4819525555, 430866.6818225609 4583140.340636493)"
way,1224880117,"LINESTRING (430866.6818225609 4583140.340636493, 430867.4164214995 4583141.099722916)"
way,1224880122,"LINESTRING (430872.93642134656 4583116.79835686, 430877.3913719975 4583116.67811825, 430879.6023660693 4583118.833180689, 430882.8925044484 4583121.932792566)"
way,1224912187,"LINESTRING (432235.40576170426 4584054.203341804, 432237.66437137284 4584051.695166133)"
way,1224912192,"LINESTRING (432528.3962136862 4584311.417915654, 432527.01435441035 4584312.929677415)"
way,1225026742,"LINESTRING (426554.01502455375 4580870.5235541845, 426544.542817263 4580867.544020255)"
way,1225026743,"LINESTRING (426556.7734984978 4580862.135055646, 426555.7122346575 4580865.521116387, 426554.01502455375 4580870.5235541845)"
way,1225106480,"LINESTRING (431745.6728014328 4587964.480528356, 431748.67879667616 4587967.8385513825, 431757.8155031221 4587978.10025721)"
way,1225228507,"LINESTRING (428964.9192817048 4581074.636176708, 428971.5874119042 4581074.937217945)"
way,1225228508,"LINESTRING (428708.2419447847 4581335.954363407, 428743.8412527803 4581300.230348803, 428767.69385505887 4581275.813707524, 428771.204341701 4581272.226270512, 428783.70826162153 4581259.645914697, 428789.14245319564 4581254.38524883, 428793.36066227785 4581250.479987359, 428804.7596222478 4581238.632216275, 428859.8894649404 4581181.032976974, 428866.00745829946 4581174.710883326, 428876.5917917553 4581164.192473878, 428888.76073365926 4581151.526773916, 428896.8794123324 4581143.697287412, 428931.03075460845 4581109.365211318, 428950.7776563384 4581089.130853568, 428953.3443055133 4581086.496509616, 428964.9192817048 4581074.636176708, 428966.4511327722 4581073.077858973, 428968.09874728764 4581071.385172145)"
way,1225228509,"LINESTRING (428967.5718138546 4581070.524310259, 428965.33848965564 4581064.506220641, 428963.2400597002 4581059.452762016, 428960.427226839 4581052.330063776)"
way,1225228510,"LINESTRING (428968.09874728764 4581071.385172145, 428969.1667867458 4581070.2866198765)"
way,1225228511,"LINESTRING (428971.3691101294 4581068.022249187, 428981.4700602537 4581057.641973828)"
way,1225228516,"LINESTRING (428968.09874728764 4581071.385172145, 428967.5718138546 4581070.524310259)"
way,1225306801,"LINESTRING (430058.3633625156 4584194.3732059775, 430066.12356860726 4584218.90231815, 430081.85567904334 4584289.031867843, 430085.0658720155 4584303.778856132, 430087.96507410397 4584316.619146347)"
way,1225306802,"LINESTRING (430044.12823454733 4584094.073713905, 430033.28417949704 4584110.299935461, 430015.2513649602 4584136.921373895, 430013.66864269995 4584139.223874392, 430012.64486629877 4584141.409943084, 430010.76007256925 4584144.459259955)"
way,1225326410,"LINESTRING (431352.7772204033 4583592.599815594, 431349.3434548461 4583596.351827586, 431340.4901325281 4583606.905767266, 431336.4409239611 4583611.873833593, 431329.85707145033 4583620.196797955, 431324.59825868206 4583627.197063997, 431322.7175586852 4583629.86848562, 431317.25940659316 4583637.003882339, 431314.9964074836 4583639.91209235)"
way,1225326411,"LINESTRING (431314.9964074836 4583639.91209235, 431323.28179740557 4583644.407892597)"
way,1225326420,"LINESTRING (431352.7772204033 4583592.599815594, 431358.02719271765 4583597.890528905, 431366.45252066717 4583605.682603665)"
way,1225326427,"LINESTRING (431352.7772204033 4583592.599815594, 431355.28087453026 4583589.500588288, 431360.3958053207 4583583.190087687)"
way,1225330351,"LINESTRING (431366.45252066717 4583605.682603665, 431368.21545558074 4583607.342428125)"
way,1225482341,"LINESTRING (428900.0322698547 4582117.802796451, 428898.4532533386 4582123.902694737)"
way,1225553040,"LINESTRING (425404.9426786384 4581234.935305335, 425404.44780773506 4581212.85647157, 425405.2628790162 4581196.171330764, 425406.5240088474 4581183.822883974, 425408.18442054413 4581172.891515881, 425410.98852906947 4581160.138583597, 425415.9450107736 4581142.811259947, 425420.201466282 4581131.409058487, 425425.02426920075 4581119.778971736, 425429.685626619 4581110.337846359, 425435.7217337317 4581099.583525999, 425441.834006863 4581089.727772867, 425451.5249386722 4581075.738196935, 425461.9763758582 4581062.506922265, 425474.48641530424 4581046.145648037, 425482.90100218565 4581033.268441936, 425489.52951394784 4581021.553220097, 425499.04286943487 4581004.101395903, 425504.8600576429 4580989.929658796, 425510.66186565754 4580974.259177287, 425515.6956029296 4580953.833398519, 425519.9860527477 4580927.8082371615, 425521.67178202147 4580914.433980206, 425521.78534007457 4580910.835434576, 425521.84872463945 4580907.237404554, 425521.6732997895 4580897.490755205, 425521.8533801755 4580894.668737524)"
way,1225553045,"LINESTRING (425405.23411172285 4581247.811821223, 425405.34303946845 4581252.707136636, 425406.00153110595 4581254.12154665, 425407.14948802156 4581255.153415617, 425410.0580092303 4581256.611285099)"
way,1225556370,"LINESTRING (425641.6726345354 4581818.886649999, 425511.3905693197 4581776.545482656)"
way,1225559316,"LINESTRING (425679.9778399137 4580987.02150833, 425679.88703538995 4580984.69080605, 425679.74144176417 4580981.094921756)"
way,1225559317,"LINESTRING (425679.74144176417 4580981.094921756, 425679.51587971934 4580979.487297418, 425678.13495789754 4580976.126141225)"
way,1225559318,"LINESTRING (425680.03114897205 4580988.142366326, 425679.9778399137 4580987.02150833)"
way,1225561401,"LINESTRING (425505.6917858786 4582143.7482910585, 425507.8152695457 4582142.083206835)"
way,1225566657,"LINESTRING (426419.60847182747 4582366.639446445, 426417.4375886944 4582364.474202158)"
way,1225566658,"LINESTRING (426408.35305804916 4582356.672236889, 426406.6041455258 4582354.891314749)"
way,1225767651,"LINESTRING (429140.97577132453 4581052.61660461, 429076.79034476075 4580989.325054591, 429070.4908094198 4580983.11356614, 429062.4368334966 4580975.375951992)"
way,1225767658,"LINESTRING (429050.694077522 4580987.21555687, 429048.32115583785 4580983.164023023)"
way,1225795907,"LINESTRING (431254.9260329598 4580834.60412117, 431253.82251018955 4580832.8825478405, 431252.1947091168 4580833.197763835, 431248.797202215 4580832.974625736, 431244.8255837972 4580832.179588619, 431241.30026161467 4580830.825178686, 431237.37380075455 4580828.6196588455, 431232.3746885305 4580825.302933211, 431228.9838703959 4580822.259624066, 431226.49171256454 4580819.618593702, 431225.3153430172 4580818.153080684, 431223.37151239166 4580815.129352432, 431222.10656712373 4580813.142847785, 431219.45093699766 4580806.495252247, 431218.10343229596 4580801.97808832, 431217.402419209 4580798.609482958, 431217.2025003064 4580797.811976991, 431216.9644964343 4580796.526308292, 431216.9656408064 4580792.2406081995, 431216.98318144144 4580790.563915649, 431217.1138572965 4580789.352467976, 431217.6432251894 4580786.971440501, 431218.0872450469 4580785.2907007765, 431218.90908466466 4580782.884692304, 431220.32233323203 4580780.228809716, 431222.86348564783 4580776.574073491, 431223.40019055223 4580775.8472973, 431223.20368287835 4580774.527926226)"
way,1225795908,"LINESTRING (431223.20368287835 4580774.527926226, 431221.04997852584 4580770.540244579, 431219.5942056604 4580767.833867765)"
way,1225801564,"LINESTRING (431840.6623965086 4583649.112499822, 431845.636953706 4583647.389148461)"
way,1225985834,"LINESTRING (428670.9074846891 4581546.233538996, 428661.282699073 4581540.310503735, 428581.5219850748 4581495.241098371, 428566.72641887335 4581487.3484172635, 428565.1039915796 4581486.487279891)"
way,1225985835,"LINESTRING (428776.4331663304 4581623.837533122, 428765.74845733464 4581607.898844924, 428758.3173008916 4581598.834199136, 428749.5973514797 4581591.369950474, 428722.402371053 4581575.971184172, 428692.7263856623 4581558.298627147, 428685.60651932267 4581554.538186337)"
way,1225985836,"LINESTRING (428863.8634054647 4581705.950787551, 428808.94810395513 4581652.196847632, 428796.00735833764 4581638.978291214)"
way,1225985837,"LINESTRING (428796.00735833764 4581638.978291214, 428788.2335728404 4581632.481756952, 428783.1790944809 4581628.700925105, 428776.4331663304 4581623.837533122)"
way,1225993373,"LINESTRING (428899.323578207 4581739.67759865, 428883.9527947686 4581725.0615624795, 428880.8548921697 4581722.105283349, 428863.8634054647 4581705.950787551)"
way,1226053799,"LINESTRING (432038.325375595 4583482.166531085, 432042.12334395316 4583479.765984264, 432044.9692767507 4583478.362525972, 432046.5522651819 4583476.004972222)"
way,1226162600,"LINESTRING (429840.22909888683 4582280.9761210345, 429842.8786970409 4582278.285767074)"
way,1226162601,"LINESTRING (429824.39746851055 4582297.017701325, 429827.4197337497 4582293.957335961)"
way,1226171460,"LINESTRING (429785.4968855947 4582330.314711341, 429784.60169124085 4582331.122796327)"
way,1226174045,"LINESTRING (429196.749672095 4582966.912925919, 429198.7267377617 4582963.040883529, 429200.06889077526 4582959.219459626)"
way,1226174046,"LINESTRING (429208.38697381376 4582935.18914113, 429208.64689464646 4582934.409395836, 429209.42633198283 4582932.036854419, 429209.86485387804 4582930.7113201795)"
way,1226174047,"LINESTRING (429207.4270920896 4582937.918739994, 429208.38697381376 4582935.18914113)"
way,1226174051,"LINESTRING (429201.65467890515 4582954.662861326, 429202.50012234726 4582952.200850377)"
way,1226174052,"LINESTRING (429200.06889077526 4582959.219459626, 429200.5000259778 4582957.993923248, 429201.313114346 4582955.643257676, 429201.65467890515 4582954.662861326)"
way,1226190178,"LINESTRING (431023.72338323283 4582977.951657171, 430987.7292099398 4583014.600905453, 430983.7557702667 4583018.757930888, 430979.9480491669 4583022.757939265)"
way,1226190179,"LINESTRING (430979.9480491669 4583022.757939265, 430973.3484893404 4583029.449244911, 430970.65103923786 4583032.395007609, 430967.7948620863 4583035.353387081)"
way,1226190180,"LINESTRING (431440.95425013447 4583489.895701052, 431439.8474220614 4583488.662659015, 431437.9737040037 4583486.78180876, 431435.8892177304 4583484.71420582, 431431.33203841327 4583480.194077185, 431422.0008484413 4583471.211395879, 431403.1717400882 4583453.303161809, 431373.9403465666 4583425.4454503665, 431371.5743920921 4583422.792080844, 431370.50118965586 4583421.580936133, 431368.2040008267 4583419.126767548, 431357.7277583291 4583411.953682076, 431354.0484817078 4583408.335714354, 431341.3788789917 4583397.319646189, 431339.3901969335 4583391.254130871, 431336.38533106656 4583388.229332531, 431315.3503577552 4583366.966963679, 431282.54317954474 4583335.024360817, 431276.9778377071 4583330.003160499, 431270.83920238086 4583324.476673129, 431259.2574211727 4583313.59475799, 431255.49975504715 4583309.6555997, 431252.123633638 4583306.2790675545, 431240.8596648215 4583295.416369782, 431200.1057077229 4583256.021838017, 431180.37240377505 4583236.335193306, 431171.03742570535 4583227.019775238, 431164.38299396075 4583220.898722468, 431162.08047847345 4583218.777753773, 431154.7900964266 4583211.71901048, 431141.130529309 4583197.770432637, 431094.95955636154 4583150.633766006, 431085.7909943898 4583143.015609817, 431081.1815216729 4583139.195672801, 431066.54539639596 4583125.445272605, 431056.53322136437 4583115.281521967, 431048.4031798283 4583107.864480543, 431030.2038457825 4583089.56258993, 430991.39794188016 4583052.171367405, 430988.0987200629 4583048.994073383, 430986.8405328364 4583047.684820409, 430977.6463324271 4583039.156606019)"
way,1226190181,"LINESTRING (430977.6463324271 4583039.156606019, 430974.490378096 4583036.100084269, 430970.65103923786 4583032.395007609, 430967.0043939323 4583028.732507809, 430962.02632196073 4583023.972413601)"
way,1226363314,"LINESTRING (431726.5845068674 4582252.083809298, 431731.1733007063 4582247.477302672, 431735.86085900565 4582242.703326032)"
way,1226363315,"LINESTRING (431714.0185316644 4582265.5145364655, 431718.7376259158 4582260.540399904, 431722.1073367172 4582257.000146249, 431722.8442132055 4582256.227106172)"
way,1226363316,"LINESTRING (431735.86085900565 4582242.703326032, 431737.8816088076 4582240.641364687)"
way,1226363317,"LINESTRING (431722.8442132055 4582256.227106172, 431724.70610349276 4582254.16663812, 431726.5845068674 4582252.083809298)"
way,1226363318,"LINESTRING (431714.0185316644 4582265.5145364655, 431717.8830623789 4582269.23086843, 431721.8820913218 4582273.023654607)"
way,1226363319,"LINESTRING (431726.5845068674 4582252.083809298, 431730.775625578 4582255.852584475, 431732.33458196203 4582257.136925164, 431734.8991226605 4582259.544279378)"
way,1226365284,"LINESTRING (431111.6126650457 4582891.24566087, 431108.84448062215 4582891.160960355)"
way,1226365286,"LINESTRING (431036.15589769866 4582967.452090689, 431032.0617896725 4582969.478486698, 431029.8583760313 4582971.631218329, 431026.4644717481 4582975.194248576)"
way,1226365291,"LINESTRING (431046.6411362889 4582957.026598522, 431046.36856936885 4582954.742002977)"
way,1226643166,"LINESTRING (432801.0332201294 4583460.304452644, 432811.31590022007 4583453.991467271)"
way,1226684968,"LINESTRING (425500.98061461456 4581758.743308953, 425502.5128124467 4581764.623268006, 425503.5050357274 4581768.410305094, 425504.3681863512 4581771.843372165, 425505.28718402376 4581773.388348943, 425506.4703180198 4581774.597519163, 425508.1687690256 4581775.501609747, 425511.3905693197 4581776.545482656)"
way,1227075183,"LINESTRING (433110.66002570075 4584105.520266922, 433110.0765696859 4584098.4642645065)"
way,1227075184,"LINESTRING (433115.29934757523 4584070.225961062, 433118.7720285571 4584070.615789692)"
way,1227246507,"LINESTRING (430578.39538651507 4583412.087815867, 430591.9143352198 4583408.671781122, 430599.658693632 4583407.231907315, 430603.2985683751 4583406.697397263)"
way,1227259173,"LINESTRING (431864.1555349713 4582917.1251266785, 431869.4075840261 4582922.627141757)"
way,1227259175,"LINESTRING (431947.602364256 4583000.7332836, 431950.3790124712 4583003.505110479, 431939.5061448015 4583013.733060303, 431942.81687640416 4583016.399940079, 431953.36268113076 4583011.404504066, 431960.0193839315 4583020.490705358, 431963.755025331 4583021.2217093)"
way,1227259182,"LINESTRING (431915.4431367142 4582970.880206077, 431924.68904651864 4582980.574899593, 431920.72976277344 4582987.1849929625, 431922.301378039 4582988.94667495, 431922.8812289715 4582989.263207155, 431923.55680598284 4582989.090314827, 431930.17584721517 4582983.487789865, 431931.51067426126 4582984.963025395)"
way,1228130841,"LINESTRING (431560.22092416347 4589976.256847287, 431560.9156146175 4589979.936455769)"
way,1228130842,"LINESTRING (431558.4739077013 4589964.64857863, 431558.9187248855 4589967.520036209, 431559.0697460718 4589968.473461722)"
way,1228130844,"LINESTRING (431559.52375564934 4589971.43365608, 431560.22092416347 4589976.256847287)"
way,1228130845,"LINESTRING (431559.0697460718 4589968.473461722, 431559.29273274716 4589969.9702514075)"
way,1228343651,"LINESTRING (432069.2209717202 4589298.304827298, 432069.70099623234 4589288.052298395, 432070.0870460413 4589279.355065043)"
way,1228343652,"LINESTRING (432069.7539482388 4589300.797981166, 432069.2209717202 4589298.304827298)"
way,1228343655,"LINESTRING (432070.0870460413 4589279.355065043, 432068.8347204822 4589274.98117079, 432067.7380599146 4589271.172064012)"
way,1228345403,"LINESTRING (431713.3193992838 4587572.985797451, 431768.8248815574 4587558.105864734, 431820.95516510686 4587544.124207273, 431824.4550645724 4587543.136364302)"
way,1228345405,"LINESTRING (431751.14753084915 4587274.115578026, 431644.3182813403 4587302.9593890635, 431639.9844859548 4587304.132844724)"
way,1228346657,"LINESTRING (430886.88732770836 4583685.932034877, 430882.82364777685 4583690.223225287, 430865.61076914635 4583707.7191424165, 430806.14942542755 4583768.231567237, 430805.0070367728 4583769.408286808, 430792.1332053304 4583782.532800399)"
way,1228406756,"LINESTRING (431919.8759502951 4589054.645600329, 431917.9293813616 4589050.189445532)"
way,1228540007,"LINESTRING (431964.4301340195 4588195.80263709, 431966.83267166704 4588193.64827018)"
way,1228758505,"LINESTRING (427435.81234976364 4575025.912876383, 427430.70071312296 4575015.2608146835, 427420.05161903106 4574993.228169846)"
way,1228758506,"LINESTRING (427435.81234976364 4575025.912876383, 427436.58185679023 4575025.8607751075, 427443.99925820983 4575026.030917928, 427480.9001167616 4575103.781924718, 427476.403742488 4575109.467079833, 427476.07308787794 4575109.881187799)"
way,1228758507,"LINESTRING (427476.07308787794 4575109.881187799, 427466.41870972887 4575107.801464158, 427430.6385760629 4575032.493056206, 427435.81234976364 4575025.912876383)"
way,1228764847,"LINESTRING (427775.92079571576 4575739.299344506, 427784.75448997866 4575741.420932785, 427818.8702069254 4575811.640246233, 427818.9044520966 4575811.717625674, 427822.6798951119 4575820.240383653, 427818.38781967055 4575828.776738527)"
way,1228764848,"LINESTRING (427818.38781967055 4575828.776738527, 427808.57813212136 4575826.1207777625, 427771.0462373295 4575747.330790354, 427775.92079571576 4575739.299344506)"
way,1228766386,"LINESTRING (428077.5214279224 4576371.687527493, 428078.42885489215 4576372.056032596, 428087.7381783811 4576375.8164808415, 428129.45922937314 4576464.226028473, 428126.44364579825 4576474.059706662)"
way,1228766387,"LINESTRING (428126.44364579825 4576474.059706662, 428116.7234668599 4576471.047171592, 428073.81897628796 4576380.606496596, 428077.5214279224 4576371.687527493)"
way,1228766910,"LINESTRING (428450.25824057497 4577155.594915755, 428437.96256665234 4577129.735493436)"
way,1228766911,"LINESTRING (428492.00045613863 4577242.7849341035, 428484.0272713966 4577242.01969579, 428445.9437879673 4577162.698871902, 428449.71480498195 4577156.488502257, 428450.25824057497 4577155.594915755)"
way,1228766912,"LINESTRING (428450.25824057497 4577155.594915755, 428459.7247251918 4577158.443835292, 428496.06806619396 4577236.105345118, 428492.00045613863 4577242.7849341035)"
way,1229123019,"LINESTRING (426239.79728830897 4582326.565187725, 426239.43598057533 4582328.0344650615)"
way,1229123020,"LINESTRING (426239.43598057533 4582328.0344650615, 426239.155227305 4582329.203140698)"
way,1229123021,"LINESTRING (426237.8002696682 4582334.912785913, 426236.30634901766 4582340.9347309815)"
way,1230409566,"LINESTRING (432113.9778627731 4582979.486661857, 432059.74670236383 4582927.278907066)"
way,1230460117,"LINESTRING (431750.63841144135 4583770.870501541, 431753.8519415364 4583767.68700279, 431761.60501857597 4583759.209073896, 431764.3643639895 4583756.618311548, 431778.2896250587 4583742.219934183)"
way,1230460121,"LINESTRING (431741.84175685304 4583779.491514293, 431745.50100759405 4583775.704255801, 431749.53630711266 4583771.902352009, 431750.63841144135 4583770.870501541)"
way,1230468496,"LINESTRING (431347.3912354363 4583581.781167616, 431346.72858380363 4583585.073898429, 431349.0419371867 4583589.237748161, 431350.4582631669 4583590.490048244, 431352.69247183076 4583592.478487439, 431352.7772204033 4583592.599815594)"
way,1230488605,"LINESTRING (432039.08784740476 4583620.423087725, 432039.3491622199 4583640.250316582, 432039.42423583445 4583650.031218742, 432039.44291879266 4583654.6942384895)"
way,1230489369,"LINESTRING (431180.521975645 4583589.016422898, 431187.9147442856 4583591.055716287, 431193.080508701 4583592.7497822, 431212.71687840484 4583598.814147926, 431282.2026637286 4583621.59259756, 431291.10038266575 4583624.5392522495)"
way,1230576734,"LINESTRING (431259.0314292845 4580860.967692684, 431262.7560261241 4580858.645187109, 431266.2561079409 4580856.458046508)"
way,1231424394,"LINESTRING (430210.501163485 4584822.196510242, 430215.0256202289 4584817.256500355, 430216.5655960145 4584815.73165647, 430226.59347606695 4584804.221184399, 430233.76534162124 4584797.312657556)"
way,1231424395,"LINESTRING (430231.51001659624 4584791.394328903, 430229.71578105685 4584791.689195234, 430222.65974330774 4584789.803092004, 430214.00309457956 4584787.488308996, 430213.59519037267 4584785.926728789)"
way,1231705951,"LINESTRING (428099.44929751614 4580025.9059840385, 428109.6121525138 4580015.834783641, 428118.3266524547 4580007.310160481, 428120.04948304506 4580005.605436158, 428120.68696130696 4580004.944043921)"
way,1231787475,"LINESTRING (426998.87418096187 4583189.862427304, 426996.8827344766 4583188.039400887)"
way,1231787476,"LINESTRING (426899.04346093815 4583298.535276726, 426898.44899480103 4583293.47830263)"
way,1232482955,"LINESTRING (432469.28096726176 4586137.867592954, 432474.42928034574 4586137.919471812, 432484.0159451841 4586138.063173676, 432522.55150605715 4586139.180387227, 432586.21836907754 4586139.641710172, 432599.0663172457 4586140.909879031, 432607.2440301428 4586143.209722629)"
way,1232482957,"LINESTRING (432778.832167569 4586104.1969502885, 432783.7043394676 4586101.509207403, 432790.9326549586 4586096.967610165, 432797.58740609 4586090.055334395, 432802.15807991335 4586081.896692674, 432805.34132464783 4586073.717629525, 432806.07640050526 4586067.3821713235, 432805.9544120721 4586058.745276555, 432804.41487542 4586046.846201042, 432799.7239673228 4586021.364282178, 432798.78758872434 4586014.122809012, 432798.5189107459 4586002.289652837, 432800.2648078079 4585993.213503259, 432806.31569421454 4585977.957494787, 432811.0549124812 4585970.840965742, 432814.8892501092 4585967.9741345085, 432817.0655105172 4585967.443197361, 432821.08118668763 4585967.905544199)"
way,1232950313,"LINESTRING (427697.1346551192 4582838.454616257, 427701.54576389026 4582839.78735527, 427711.7250680289 4582842.716871874, 427814.15923027013 4582875.148567302, 427821.808415591 4582877.570509262, 427902.74522293994 4582903.200610951, 427904.52327587246 4582903.760267331)"
way,1233267771,"LINESTRING (429933.9926894189 4583931.503797044, 429930.04864318465 4583926.490133918, 429923.04514416866 4583919.762923082, 429904.21273090976 4583901.791931669, 429883.4378972529 4583884.383839734)"
way,1237372560,"LINESTRING (427518.70268616645 4576377.524041802, 427520.7884717826 4576381.922155051)"
way,1237372561,"LINESTRING (427270.2471989145 4576501.919025727, 427520.7884717826 4576381.922155051)"
way,1241379531,"LINESTRING (432040.5843357112 4581249.656385718, 432054.0832130719 4581203.464285286, 432073.45682335156 4581137.176597952, 432076.85999203305 4581125.531173312, 432078.65349613945 4581118.808273551, 432098.50985010527 4581050.439924508, 432103.5558887113 4581032.939052642, 432104.4548495022 4581029.810745037, 432105.5320559214 4581026.070113944, 432106.7549963543 4581021.817389202)"
way,1246735315,"LINESTRING (425491.4040120603 4581750.4256765, 425494.87734998984 4581751.533574024, 425499.3967627248 4581752.719541845)"
way,1248750830,"LINESTRING (430078.01490235375 4582719.717314664, 430091.83831571986 4582732.141264145, 430103.00414597127 4582742.9587578615)"
way,1250870058,"LINESTRING (430459.0033338104 4583351.83428952, 430337.17089841416 4583312.734977214)"
way,1254554753,"LINESTRING (428315.6381696521 4581355.526867756, 428323.4512525653 4581347.322240761, 428325.9839177829 4581344.665796693, 428330.3911847164 4581340.4586095, 428336.4957063215 4581334.524789692, 428338.33664327755 4581332.952174838, 428342.53167861106 4581329.268931781, 428352.16327324527 4581321.446061364, 428361.78869615454 4581310.45893092, 428362.2600491823 4581309.921330874, 428361.5847422971 4581309.284036762)"
way,1257190344,"LINESTRING (432597.2706748484 4588158.610262042, 432600.08193989366 4588097.207190868, 432603.1620503769 4588022.511445263, 432607.63964122575 4587926.529525803, 432608.0069078499 4587919.320319409, 432608.3116105777 4587913.466250259)"
way,1264189338,"LINESTRING (430337.58774474915 4583292.623623384, 430342.9588151616 4583292.150051824)"
way,1268816626,"LINESTRING (431605.2182638209 4583735.880701627, 431605.913178155 4583735.108040663, 431609.10879114794 4583731.802514606, 431613.4171358951 4583726.821052194)"
way,1269174880,"LINESTRING (430404.7355947213 4582660.767780849, 430413.0556694316 4582652.160836008, 430416.59842516616 4582648.4406467825, 430420.1410779225 4582644.709357501, 430435.1791000898 4582628.687806306)"
way,1273421136,"LINESTRING (431448.1327445669 4583482.544267608, 431456.3738790845 4583474.405583482, 431518.04161458265 4583411.235349878, 431521.17966051 4583408.019156189)"
way,1273421137,"LINESTRING (431645.2725940124 4583688.393060249, 431633.72829770466 4583676.932862241, 431627.9317926764 4583671.280719907, 431573.9152143193 4583618.630439914, 431556.66896670416 4583601.828251503, 431553.25289923424 4583598.618503864, 431538.4416861666 4583584.724497328, 431537.10062428634 4583583.471449625, 431520.3462414404 4583566.542563421, 431504.74867992435 4583551.72341938, 431486.975023328 4583533.993739915, 431472.59906940523 4583520.184568842, 431465.5544388444 4583513.411871418, 431462.28949042625 4583510.27845524, 431459.9018804815 4583507.980554341)"
way,1275773881,"LINESTRING (427329.97399461956 4581758.777725104, 427326.98247320123 4581756.487207308, 427324.1916006536 4581755.860123957, 427322.01935994683 4581754.3830107115, 427266.6980318759 4581707.139812294)"
way,1278239897,"LINESTRING (431456.8658828022 4583505.189162342, 431450.0771483837 4583498.958097711, 431446.3807178595 4583495.284732604)"
way,1278755660,"LINESTRING (427914.68806043826 4581010.016867266, 427937.3207316824 4581024.569803243)"
way,1286181868,"LINESTRING (431036.1625942531 4579863.708932301, 431033.5364198017 4579857.571852839, 431031.01482636 4579851.877891891)"
way,1288634421,"LINESTRING (430202.9858353275 4583249.885489796, 430209.5232584862 4583251.587850567, 430331.4961412984 4583290.328406275, 430337.58774474915 4583292.623623384)"
way,1289717266,"LINESTRING (431989.9469546699 4581353.665082666, 431991.4150922996 4581352.385584501, 431997.22442824265 4581346.7685618885, 431998.546773879 4581345.101835138, 432001.3986339089 4581341.566587972, 432006.0524068832 4581335.782771107, 432009.6273667781 4581331.774424999, 432011.6909924408 4581329.789867484, 432013.81710891705 4581328.226630919, 432015.5255283316 4581327.599949163, 432017.0804914662 4581327.552053265)"
way,1293512001,"LINESTRING (432167.44909120095 4580773.090558016, 432167.44430571754 4580769.00477604, 432167.4396241987 4580764.930095904, 432165.5618303672 4580761.772271942, 432164.6916695309 4580757.26158027)"
way,1293512002,"LINESTRING (432186.2029979957 4580777.977941339, 432177.22970013565 4580778.006388647, 432170.4402166154 4580778.147643327)"
way,1293512003,"LINESTRING (432167.45813973615 4580779.419063753, 432167.44909120095 4580773.090558016)"
way,1300445874,"LINESTRING (433134.0608105088 4582360.065716403, 433137.85544816963 4582359.91966493, 433141.402037638 4582360.0756799225, 433160.3966436559 4582349.8856904525, 433162.3115187165 4582352.621514266)"
way,1300580624,"LINESTRING (434409.58224984776 4584590.808331948, 434407.8463688735 4584596.641919618)"
way,1300580625,"LINESTRING (434352.23463071533 4584570.599245224, 434359.1536752974 4584572.235231495)"
way,1301185417,"LINESTRING (431945.0328702242 4586665.981191771, 432000.89067068155 4586664.678752907, 432089.4728443956 4586662.61426988)"
way,1301287674,"LINESTRING (431212.01979771093 4580754.00501659, 431211.1632149602 4580754.512772993, 431206.0401295711 4580757.525849378, 431201.54074810736 4580760.166616174)"
way,1301287675,"LINESTRING (431201.54074810736 4580760.166616174, 431200.3513583923 4580760.855178039, 431202.6839155335 4580766.062466543, 431203.17855141766 4580768.833477024, 431203.64243960654 4580772.770575687, 431203.4514301561 4580776.436319937, 431202.63124330685 4580779.897082638, 431201.0598543301 4580782.632189649, 431198.32016365963 4580785.633751936, 431194.2933087815 4580788.714151248, 431182.2136425866 4580794.524582296, 431182.64114008617 4580795.5086745825)"
way,1301287676,"LINESTRING (431185.8641450784 4580802.894759662, 431186.7279219691 4580804.907272588)"
way,1301287677,"LINESTRING (431181.7812638928 4580807.119289053, 431178.2711698629 4580810.894269115, 431137.42799910065 4580829.590761579, 431133.87238819606 4580831.2122483635, 431123.29733890475 4580836.053641542, 431108.3703348028 4580840.558918664, 431067.04530130536 4580852.520979682, 431063.7414055368 4580850.709333657)"
way,1301801668,"LINESTRING (432028.7738727486 4583857.532372662, 432053.8519588297 4583865.502012494, 432092.621901985 4583877.828869772, 432137.0680547826 4583891.968009564, 432152.4115597196 4583896.842710161)"
way,1302920357,"LINESTRING (431207.55906627356 4580817.111381475, 431212.65269574686 4580806.593076676, 431216.1389325348 4580799.420876593)"
way,1302920358,"LINESTRING (431257.2774197458 4580862.08350785, 431255.42454558134 4580858.947880437, 431253.5882890483 4580855.800993036, 431250.89229822817 4580852.828803305, 431246.535016561 4580851.049272509, 431242.20557894546 4580851.323502214, 431238.144324193 4580852.538930092, 431236.5695869251 4580852.276299533, 431233.14782081766 4580850.376872931)"
way,1312003211,"LINESTRING (430312.04068895645 4583321.481566558, 430315.67952322075 4583317.360686894, 430321.11249052314 4583311.157408516, 430323.5192372077 4583308.447352249)"
way,1312003212,"LINESTRING (430323.5192372077 4583308.447352249, 430328.5242378465 4583309.898092642, 430337.17089841416 4583312.734977214)"
way,1312003213,"LINESTRING (430312.04068895645 4583321.481566558, 430303.5918506395 4583319.220158839, 430179.07352714636 4583279.172269868, 430175.9872878343 4583278.16945425)"
way,1312016782,"LINESTRING (432150.2506233543 4583922.266271122, 432154.9507630932 4583928.73960113)"
way,1313485042,"LINESTRING (432152.4115597196 4583896.842710161, 432152.5368978489 4583900.405549334, 432152.4962671092 4583907.667191463)"
way,1314440904,"LINESTRING (430572.8176668534 4583388.381102121, 430556.57633923943 4583383.396182479)"
way,1316743178,"LINESTRING (434718.33259069675 4584704.019340808, 434725.43353870395 4584706.38681601, 434727.48749629426 4584707.067770633)"
way,1316745433,"LINESTRING (434773.8993905571 4584751.31590397, 434769.9957043849 4584748.497665449, 434766.95630713494 4584746.981768149, 434764.6919749487 4584745.214626268, 434762.5744252069 4584743.967992798)"
way,1316746515,"LINESTRING (429072.7513426003 4580940.645068008, 429074.4200792957 4580938.541393052)"
way,1316753792,"LINESTRING (429167.51781260903 4587254.998265389, 429159.70396293333 4587267.665596908, 429152.8033766424 4587278.025670093, 429148.25478107494 4587284.53217394, 429143.02531799016 4587290.623436487, 429136.85176615417 4587296.723952279, 429134.49075735576 4587298.801139952)"
way,1316753793,"LINESTRING (429129.7736045059 4587293.218132274, 429133.49031040806 4587297.323138751, 429134.49075735576 4587298.801139952, 429135.64050338115 4587300.166648494, 429137.78764926887 4587302.699304493)"
way,1316753794,"LINESTRING (429128.7163035559 4587291.90723388, 429129.7736045059 4587293.218132274)"
way,1316753801,"LINESTRING (429137.78764926887 4587302.699304493, 429133.9132407481 4587305.524117754, 429125.8939449721 4587311.709345435, 429112.91831791546 4587318.598232266, 429108.5665911976 4587320.4617757425, 429103.7338541103 4587321.841504195, 429097.3456242988 4587323.935973178, 429092.5017069967 4587325.027140588, 429086.9503530667 4587326.4028222095, 429079.93018719193 4587327.959454844, 429070.26285604644 4587329.675289012, 429058.3071830785 4587331.502403991, 429041.8524917164 4587332.951759676, 429037.6502421892 4587333.015192172, 429032.2450095637 4587333.101533222, 429028.51683842926 4587333.793191242, 429024.38138599583 4587335.554736869)"
way,1316753802,"LINESTRING (429024.38138599583 4587335.554736869, 429016.5214773689 4587335.831722326, 429010.64122155344 4587336.044874499)"
way,1316761788,"LINESTRING (428686.5007127789 4580979.15408726, 428683.6736126131 4580976.561618443, 428677.5348972833 4580970.582042442, 428673.69924699626 4580968.332589745, 428665.43083818525 4580963.495377055, 428663.5532905723 4580962.214816392)"
way,1316761789,"LINESTRING (428663.5532905723 4580962.214816392, 428659.1205297917 4580959.627058208)"
way,1316764808,"LINESTRING (428551.47725864203 4581083.141486, 428550.84353956307 4581082.481558558)"
way,1316778376,"LINESTRING (430699.56963244744 4583310.212990944, 430693.1338536353 4583316.492192351, 430688.0873079029 4583322.047519328)"
way,1316778379,"LINESTRING (430773.0831346556 4583234.365622796, 430769.37014021364 4583230.75936993, 430769.0985544443 4583228.585801558)"
way,1316778380,"LINESTRING (430786.140256113 4583221.072812496, 430777.1806654781 4583230.096260319)"
way,1316781090,"LINESTRING (430769.0985544443 4583228.585801558, 430770.91852316255 4583225.692758669, 430771.4442523573 4583222.967527781, 430771.6264162053 4583221.033885446, 430771.084248346 4583218.540919946, 430769.4629572921 4583215.980549581, 430768.48781464645 4583214.5464966595, 430768.2939291524 4583213.504679341)"
way,1316782813,"LINESTRING (427959.992127271 4581921.206963068, 427964.2900484021 4581924.561734383, 427969.87736198725 4581928.925161228)"
way,1316782814,"LINESTRING (428071.91762111406 4582007.2753329035, 428072.97056741227 4582008.053189179, 428168.39990772214 4582072.613833942, 428170.891902099 4582074.32118732)"
way,1316782815,"LINESTRING (428058.57838222734 4581997.7926170295, 428065.0978391846 4582002.568771724, 428071.91762111406 4582007.2753329035)"
way,1316782816,"LINESTRING (428170.891902099 4582074.32118732, 428177.61770638695 4582078.840027022)"
way,1316782817,"LINESTRING (428188.3601378027 4582084.50707509, 428177.61770638695 4582078.840027022)"
way,1316783084,"LINESTRING (430879.3073196197 4583125.586544108, 430873.8353207085 4583131.267925961)"
way,1316783085,"LINESTRING (430882.8925044484 4583121.932792566, 430879.3073196197 4583125.586544108)"
way,1316783726,"LINESTRING (427987.7698715766 4581885.823295999, 427985.29731476516 4581890.289051216, 427977.5155077102 4581899.85942389)"
way,1316795169,"LINESTRING (429224.21852758096 4587201.948237005, 429221.3745244193 4587205.906528216, 429218.25025860476 4587210.25616826)"
way,1316795172,"LINESTRING (429224.78930514166 4587195.380777556, 429224.21852758096 4587201.948237005)"
way,1316795173,"LINESTRING (429238.0554105426 4587201.068959819, 429243.01097060554 4587199.42165021)"
way,1316795174,"LINESTRING (429230.50597185007 4587198.078389329, 429234.55749170773 4587199.681995621, 429238.0554105426 4587201.068959819)"
way,1316795175,"LINESTRING (429222.631868563 4587194.358205203, 429224.78930514166 4587195.380777556, 429230.50597185007 4587198.078389329)"
way,1316795176,"LINESTRING (429214.4339141445 4587185.722568408, 429214.0539735493 4587189.590131505)"
way,1316814773,"LINESTRING (432459.8777775141 4585982.79268835, 432457.27267925936 4585983.039061677, 432422.0087346927 4585986.021892934, 432419.58727012196 4585986.244359173)"
way,1316814774,"LINESTRING (432419.58727012196 4585986.244359173, 432410.81817922543 4585985.97097011, 432403.06959485554 4585985.799087137)"
way,1316814775,"LINESTRING (432473.5275085509 4585981.28854154, 432466.22391555994 4585982.233828446, 432459.8777775141 4585982.79268835)"
way,1316814776,"LINESTRING (432106.3075823658 4586026.427149718, 432081.27963701246 4586030.1261247285, 432076.7740457885 4586030.00187335)"
way,1316814777,"LINESTRING (432111.1325074531 4586025.848941719, 432108.75430320966 4586026.22654697, 432106.3075823658 4586026.427149718)"
way,1316816653,"LINESTRING (428414.90384103684 4582692.92713772, 428412.4785377657 4582700.478906531, 428411.49471682793 4582703.29767603, 428410.66899304726 4582705.193338287)"
way,1316816654,"LINESTRING (428421.33728607884 4582673.85531199, 428418.3554122342 4582683.466623862, 428414.90384103684 4582692.92713772)"
way,1316816655,"LINESTRING (428424.2429622359 4582663.301003867, 428421.33728607884 4582673.85531199)"
way,1316816656,"LINESTRING (428426.63616685686 4582655.882792549, 428425.5991874477 4582659.246129439, 428424.2429622359 4582663.301003867)"
way,1316816658,"LINESTRING (428450.51885853306 4582652.860014151, 428449.3872682417 4582652.571411791, 428448.1633864626 4582652.250412388, 428443.6408623276 4582651.484570755, 428438.5734970194 4582650.579776073)"
way,1316817851,"LINESTRING (429432.87133073073 4586884.3070779685, 429434.131867757 4586885.893612297, 429434.9270140219 4586886.885125049, 429437.05029640364 4586889.540234243, 429438.2600500225 4586891.06064668)"
way,1316817852,"LINESTRING (429440.01114840363 4586893.253061467, 429441.6776098366 4586895.335272282, 429445.6196910083 4586900.270963086)"
way,1316817853,"LINESTRING (429438.2600500225 4586891.06064668, 429440.01114840363 4586893.253061467)"
way,1316817854,"LINESTRING (429445.6196910083 4586900.270963086, 429447.5315928673 4586902.672768096)"
way,1316817855,"LINESTRING (429428.51473118423 4586878.853597106, 429432.87133073073 4586884.3070779685)"
way,1316818048,"LINESTRING (428484.0384705366 4582656.270698591, 428477.17172422726 4582654.339965128, 428473.44915479014 4582653.299735759, 428471.75082473893 4582653.194373233)"
way,1316959946,"LINESTRING (431165.3637253412 4585585.216012443, 431164.30861347204 4585587.635379356)"
way,1316959947,"LINESTRING (431174.25891276635 4585569.687266419, 431170.5834968905 4585576.039776009, 431169.48809138505 4585577.737836244, 431165.3637253412 4585585.216012443)"
way,1316960853,"LINESTRING (428584.017810461 4582025.037123159, 428582.0476046265 4582027.055071666, 428577.7178439121 4582031.461205326, 428522.41528063075 4582088.453907362, 428520.6853839075 4582090.247443992)"
way,1316960854,"LINESTRING (428609.3420002124 4581999.217495162, 428595.9136607582 4582012.862091062, 428584.017810461 4582025.037123159)"
way,1316960855,"LINESTRING (428679.63384527277 4581928.987580033, 428673.6214823498 4581935.7640367355, 428617.27327581664 4581991.167444723, 428613.51512878994 4581995.034983382, 428609.3420002124 4581999.217495162)"
way,1316960856,"LINESTRING (428704.96615151956 4581902.224476693, 428692.2208725172 4581915.640104144, 428679.63384527277 4581928.987580033)"
way,1316960857,"LINESTRING (428771.6835641325 4581833.962587996, 428766.57690036396 4581839.319988163, 428737.8121207374 4581869.114411625, 428708.94948991213 4581898.288154905, 428704.96615151956 4581902.224476693)"
way,1316960858,"LINESTRING (428796.9698007581 4581808.399393791, 428789.3239309882 4581816.601872183, 428783.13738211733 4581822.691563151, 428771.6835641325 4581833.962587996)"
way,1316960859,"LINESTRING (428865.4097861785 4581738.256199638, 428860.276484127 4581743.46945348, 428802.81814628403 4581802.779361215, 428796.9698007581 4581808.399393791)"
way,1316960860,"LINESTRING (428890.66801162396 4581712.327229871, 428880.8548921697 4581722.105283349, 428876.8334791876 4581726.441584037, 428865.4097861785 4581738.256199638)"
way,1316960864,"LINESTRING (428915.7852564565 4581686.499662528, 428914.07981364644 4581688.248448213, 428897.3980947741 4581705.366274835, 428890.66801162396 4581712.327229871)"
way,1316960865,"LINESTRING (428946.50065668003 4581655.93186086, 428942.9160047796 4581659.619870918, 428934.3787397423 4581668.197324702, 428919.0385861437 4581683.136872995, 428915.7852564565 4581686.499662528)"
way,1316960866,"LINESTRING (428967.5322637344 4581633.8307148805, 428948.703224724 4581653.711886279, 428946.50065668003 4581655.93186086)"
way,1316960867,"LINESTRING (428977.49275278125 4581623.7071507145, 428972.2180150057 4581629.01053028, 428968.77406538336 4581632.552809742, 428967.5322637344 4581633.8307148805)"
way,1316960868,"LINESTRING (429057.56978523603 4581541.771562547, 429047.0184579926 4581553.066600966, 428995.73265529535 4581605.1308720205, 428980.87253991934 4581620.443077286, 428977.49275278125 4581623.7071507145)"
way,1316960869,"LINESTRING (429072.37528117595 4581526.826454229, 429068.54074222536 4581530.627873526, 429065.75757627346 4581533.3420209745, 429057.56978523603 4581541.771562547)"
way,1316960872,"LINESTRING (429148.52091560204 4581448.838634135, 429140.78141790396 4581456.952811893, 429085.40473080665 4581514.108236812, 429083.57508701517 4581515.99143065, 429072.37528117595 4581526.826454229)"
way,1316960873,"LINESTRING (429167.9649122191 4581429.30729434, 429159.3300232794 4581438.218509315, 429148.52091560204 4581448.838634135)"
way,1316960874,"LINESTRING (429240.02311981685 4581355.579547788, 429232.16711411206 4581363.772480183, 429178.59587953234 4581418.42247147, 429176.4926403549 4581420.552578196, 429167.9649122191 4581429.30729434)"
way,1316960875,"LINESTRING (429264.7525673058 4581330.034618842, 429251.47985459643 4581343.598690886, 429248.524962049 4581346.725247971, 429240.02311981685 4581355.579547788)"
way,1316960876,"LINESTRING (429337.2037058837 4581256.093103715, 429334.4701790367 4581258.7733495105, 429271.0287823529 4581323.62250303, 429269.2816838758 4581325.404915556, 429264.7525673058 4581330.034618842)"
way,1316960877,"LINESTRING (429372.6894138122 4581219.518444923, 429369.16253517533 4581223.172360245, 429367.4875068781 4581224.632061474, 429363.6477822713 4581227.93373622, 429362.8116758796 4581228.807911323, 429361.9106227228 4581229.882571634, 429354.58224807284 4581237.326326911, 429347.6967408585 4581244.732463724, 429345.7422903898 4581246.694524559, 429342.78937378904 4581250.031976652, 429341.7226052311 4581251.263695845, 429340.5062984601 4581252.596799271, 429337.2037058837 4581256.093103715)"
way,1316960882,"LINESTRING (429447.5738378721 4581142.7453514375, 429438.8804830183 4581151.7345034685, 429376.93847690255 4581215.313451963, 429372.6894138122 4581219.518444923)"
way,1316960883,"LINESTRING (429476.082701383 4581113.555954838, 429458.3557330301 4581131.815081696, 429447.5738378721 4581142.7453514375)"
way,1316960884,"LINESTRING (429541.59650283534 4581046.4457690995, 429534.3168491 4581053.7778297905, 429479.9846808197 4581109.765209986, 429476.082701383 4581113.555954838)"
way,1316960885,"LINESTRING (429563.10630267096 4581024.130848844, 429553.0381537521 4581034.532180586, 429541.59650283534 4581046.4457690995)"
way,1316960886,"LINESTRING (429630.43665535795 4580955.316219797, 429628.24558342627 4580957.902258735, 429624.86594759393 4580961.243732184, 429604.8195343722 4580981.001685332, 429567.10855999426 4581019.462051309, 429563.10630267096 4581024.130848844)"
way,1316960887,"LINESTRING (429660.9188201752 4580925.075865068, 429647.1521100924 4580938.732788255, 429630.43665535795 4580955.316219797)"
way,1316960888,"LINESTRING (429726.32156638906 4580858.2349912925, 429719.34063857317 4580865.364107564, 429662.2198331916 4580923.841922453, 429660.9188201752 4580925.075865068)"
way,1316960889,"LINESTRING (429752.97792678804 4580830.963299097, 429743.25471516204 4580839.906532102, 429738.5056647705 4580845.204226609, 429731.0375806402 4580852.982020089, 429726.32156638906 4580858.2349912925)"
way,1316962020,"LINESTRING (431193.37457286846 4585537.362582119, 431195.7304095278 4585539.893853074, 431197.18298549054 4585541.47886197, 431198.92984451697 4585543.249822898)"
way,1316969838,"LINESTRING (431072.4465060886 4585423.96458848, 431069.3223846046 4585420.630161294)"
way,1316969839,"LINESTRING (431069.3223846046 4585420.630161294, 431066.61092496826 4585417.624892232, 431061.26755048416 4585411.19168882)"
way,1316969842,"LINESTRING (431005.7810582169 4585349.88832055, 430983.5651605474 4585327.01718384, 430972.6097654574 4585316.684924842)"
way,1316969843,"LINESTRING (431015.8753702215 4585361.08375952, 431012.37237689906 4585357.464291641, 431005.7810582169 4585349.88832055)"
way,1316973435,"LINESTRING (430725.8037071787 4585028.701739685, 430746.55198068544 4585048.255279923, 430750.4855187774 4585052.292415133)"
way,1316973436,"LINESTRING (430750.4855187774 4585052.292415133, 430753.0510260962 4585054.865952569, 430756.86702228663 4585058.848701071)"
way,1316973438,"LINESTRING (430756.86702228663 4585058.848701071, 430760.1504445665 4585062.203679996, 430803.44097632763 4585103.66988129, 430809.7174293835 4585109.7386884745)"
way,1316973439,"LINESTRING (430809.7174293835 4585109.7386884745, 430811.8283090757 4585111.972401676, 430816.51934900286 4585116.568579296)"
way,1316973441,"LINESTRING (430816.51934900286 4585116.568579296, 430820.56124447787 4585120.582509829, 430898.6320857613 4585195.647422519, 430904.78090166434 4585201.495469897)"
way,1316973442,"LINESTRING (430904.78090166434 4585201.495469897, 430907.37031367456 4585203.957802978, 430912.48397010146 4585209.06074044)"
way,1316973444,"LINESTRING (430912.48397010146 4585209.06074044, 430915.1748291862 4585211.644239902, 430916.1871275294 4585212.622736703, 430945.99125271785 4585241.483462378, 430960.8706921963 4585255.741990483, 430969.89832046395 4585264.61593195, 430974.38435497053 4585268.770047513, 430976.9662161212 4585272.198429835, 430985.41043316503 4585287.3844062295)"
way,1316973445,"LINESTRING (430985.41043316503 4585287.3844062295, 430987.9286068993 4585292.023616708, 430997.1222824402 4585308.679147027)"
way,1316973446,"LINESTRING (430997.1222824402 4585308.679147027, 430999.1364704637 4585312.179566539, 431008.60493714054 4585331.363954424, 431020.7581843394 4585345.493147896)"
way,1316973447,"LINESTRING (431020.7581843394 4585345.493147896, 431025.90974579065 4585351.084329457, 431030.8486707225 4585357.166068844)"
way,1316973448,"LINESTRING (431030.8486707225 4585357.166068844, 431036.3923629771 4585363.564033222, 431069.3507226323 4585399.034733984, 431075.3712271149 4585405.483700517)"
way,1316973449,"LINESTRING (431075.3712271149 4585405.483700517, 431080.71406946547 4585410.984274865, 431085.6521740232 4585416.1112080375)"
way,1316973452,"LINESTRING (431085.6521740232 4585416.1112080375, 431087.99306460016 4585418.8202339625, 431117.27423134405 4585449.973819471, 431119.1072370872 4585452.010411649)"
way,1316973453,"LINESTRING (431119.1072370872 4585452.010411649, 431122.8924614925 4585456.315623868, 431127.15719641047 4585460.94936202)"
way,1316973454,"LINESTRING (431159.1156193685 4585498.58393765, 431161.9799689546 4585501.85425579, 431166.5032031177 4585505.55291337)"
way,1316973455,"LINESTRING (431166.5032031177 4585505.55291337, 431167.98288447934 4585506.47148438)"
way,1316973570,"LINESTRING (432750.2789347138 4582149.933759048, 432753.2443785488 4582152.3266427005, 432756.2045509691 4582155.052660328)"
way,1316976323,"LINESTRING (432839.14732176624 4582238.631217949, 432842.8063525431 4582243.6934808325, 432844.53839346964 4582245.631517001)"
way,1316976324,"LINESTRING (432844.53839346964 4582245.631517001, 432848.5070940597 4582249.824894187, 432853.7966384903 4582254.894254779)"
way,1316982435,"LINESTRING (430716.18220275186 4585029.448900663, 430717.3972512479 4585028.027200482, 430719.66367527633 4585027.294920914, 430723.27943694196 4585026.072302355, 430724.7407879172 4585027.679341492)"
way,1316982436,"LINESTRING (430724.7407879172 4585027.679341492, 430725.8037071787 4585028.701739685)"
way,1316982437,"LINESTRING (430697.8370578687 4585052.263363429, 430699.7533257795 4585047.259807816, 430701.5084394122 4585043.756689134, 430702.75068060495 4585042.556784295)"
way,1316982439,"LINESTRING (430701.8361935975 4585053.546321883, 430697.8370578687 4585052.263363429, 430691.9267702198 4585052.153409822, 430687.10699315736 4585048.091483461)"
way,1316983558,"LINESTRING (427909.37886501395 4576018.797137923, 427901.0050050827 4576001.426626098, 427870.25199740037 4575937.624285324, 427823.092927181 4575839.0556060085, 427818.38781967055 4575828.776738527)"
way,1316983559,"LINESTRING (427915.0829434744 4576031.097962867, 427912.1753577973 4576024.831521564, 427909.37886501395 4576018.797137923)"
way,1316983560,"LINESTRING (427951.79767769703 4576108.797590431, 427915.0829434744 4576031.097962867)"
way,1316983561,"LINESTRING (427958.3326766094 4576122.20048541, 427954.7875529912 4576114.929995962, 427951.79767769703 4576108.797590431)"
way,1316988547,"LINESTRING (430233.76534162124 4584797.312657556, 430236.44649358274 4584794.511086297)"
way,1316988548,"LINESTRING (430208.26738656336 4584824.582970044, 430210.501163485 4584822.196510242)"
way,1316988551,"LINESTRING (430328.2188793282 4582921.821619975, 430323.0681601326 4582926.978495841, 430309.7294657121 4582939.653088784)"
way,1316988552,"LINESTRING (430309.7294657121 4582939.653088784, 430304.9986880509 4582945.005789722, 430290.05232816574 4582960.027497511)"
way,1316988553,"LINESTRING (430424.87571085873 4582821.654933801, 430420.86871817376 4582825.779285027, 430407.41186468943 4582840.986281104, 430402.3122576028 4582846.253635247)"
way,1316990421,"LINESTRING (430890.65071119095 4582334.088138435, 430887.39195552934 4582342.2021086225)"
way,1316990422,"LINESTRING (430887.39195552934 4582342.2021086225, 430882.84126531606 4582353.370590222)"
way,1316993044,"LINESTRING (433368.903204366 4586109.631112592, 433370.2531147966 4586105.577246173)"
way,1316993715,"LINESTRING (426146.8370888741 4583937.974591024, 426143.70030644257 4583938.606150249, 426115.9453974585 4583944.2520774575, 426076.87112985586 4583951.490371527)"
way,1316993716,"LINESTRING (426076.87112985586 4583951.490371527, 426072.6328167188 4583952.31085658, 426067.08660115686 4583953.577717639)"
way,1316995303,"LINESTRING (433173.6721732148 4586274.543559464, 433178.7405576904 4586283.14587372, 433179.9211062824 4586285.200102115)"
way,1316995304,"LINESTRING (433179.9211062824 4586285.200102115, 433182.9382711982 4586291.578586093, 433184.5594768624 4586296.104682548)"
way,1316996149,"LINESTRING (433180.1210012479 4586369.280182923, 433177.4406649033 4586366.795691739, 433174.15255417896 4586365.460409243, 433172.2596168732 4586364.989367319)"
way,1316996150,"LINESTRING (433172.2596168732 4586364.989367319, 433166.3619018588 4586359.7810895145, 433164.4638838326 4586357.855622278)"
way,1316996151,"LINESTRING (433164.4638838326 4586357.855622278, 433163.95534792007 4586355.273354258, 433161.32738713914 4586351.2228822345, 433150.6490360695 4586340.518455928, 433150.13409519615 4586339.956967966, 433144.4907606762 4586334.246728538)"
way,1316996152,"LINESTRING (433144.4907606762 4586334.246728538, 433139.8010732506 4586329.549143678, 433140.0951506124 4586326.104540466, 433141.114766764 4586324.307558511, 433145.22380603885 4586320.428001091)"
way,1316996376,"LINESTRING (433198.42422863696 4586324.277838249, 433200.90813097736 4586327.208264971)"
way,1316996377,"LINESTRING (433200.90813097736 4586327.208264971, 433204.9497627368 4586331.412242843)"
way,1317000275,"LINESTRING (433578.67732184386 4585333.868346792, 433572.07575002225 4585340.357470346, 433568.32282171346 4585343.967026424)"
way,1317004039,"LINESTRING (432103.2346289062 4588368.702884109, 432099.6358323692 4588367.126753769)"
way,1317004040,"LINESTRING (432094.9958743029 4588364.994153657, 432099.6358323692 4588367.126753769)"
way,1317005930,"LINESTRING (432043.96443774324 4588212.630682499, 432047.01011242403 4588212.235663714, 432048.9867087805 4588212.761132394, 432052.0976328382 4588213.975426864, 432054.4560847375 4588216.018409684, 432055.90145718283 4588219.579970635, 432059.02397235075 4588230.920027584, 432063.58658974344 4588248.819487911, 432066.509408291 4588262.0267159315, 432067.52607251663 4588269.755904247, 432068.3514542205 4588275.799244953)"
way,1317005931,"LINESTRING (432068.3514542205 4588275.799244953, 432068.9349108263 4588280.101699094, 432070.1051049024 4588284.609596791)"
way,1317005932,"LINESTRING (432029.4155347123 4588215.787421949, 432036.10250654264 4588214.370011177, 432040.2127642054 4588213.46535192, 432043.96443774324 4588212.630682499)"
way,1317007003,"LINESTRING (431989.5501164449 4588208.023816332, 431995.4022269389 4588213.7756085945, 431998.1354626654 4588217.469384955, 431999.5981997031 4588219.320921064)"
way,1317007004,"LINESTRING (431979.36437785585 4588200.747279957, 431983.3194676914 4588203.774484554, 431989.5501164449 4588208.023816332)"
way,1317008205,"LINESTRING (431452.3052939538 4588624.816340583, 431451.5587786899 4588620.093560278, 431451.30267726287 4588617.753265302)"
way,1317008995,"LINESTRING (431757.8155031221 4587978.10025721, 431760.4584929507 4587981.062005032, 431763.15943494474 4587983.967692292)"
way,1317010588,"LINESTRING (431644.27130956616 4587850.511835528, 431652.56265132624 4587860.5815505795, 431654.50565619336 4587863.7275234675)"
way,1317010589,"LINESTRING (431624.1565927669 4587823.533111012, 431628.8967044555 4587830.905055228)"
way,1317021076,"LINESTRING (431734.68825737154 4583584.6483128555, 431724.2764317537 4583575.375661619, 431721.6966080876 4583575.733070907, 431718.6792695421 4583574.906600994)"
way,1317021077,"LINESTRING (431748.28878603235 4583597.854643348, 431741.80926023755 4583591.575985961, 431734.68825737154 4583584.6483128555)"
way,1317021078,"LINESTRING (431834.19132209587 4583686.345760999, 431832.2159820441 4583681.645643473, 431828.4750118243 4583676.762296815)"
way,1317026032,"LINESTRING (428763.2491750529 4582372.559719142, 428774.76431968337 4582371.869143338, 428781.5831353317 4582371.457914689)"
way,1317026743,"LINESTRING (428783.01525967626 4582398.912490362, 428782.79509003856 4582403.733327529, 428782.56533721683 4582410.130875408)"
way,1317026744,"LINESTRING (428780.33485632815 4582391.6220085565, 428782.9367431913 4582394.327751114, 428782.9606014529 4582395.904132981, 428783.01525967626 4582398.912490362)"
way,1317027882,"LINESTRING (428812.2612629072 4582381.704173131, 428806.94230813865 4582376.482550013, 428804.9471833928 4582374.259364909, 428803.42090216826 4582372.098190205)"
way,1317027883,"LINESTRING (428811.3395064376 4582401.920566147, 428811.50485141395 4582399.176517235, 428812.3855898068 4582384.145596292, 428812.4589402544 4582383.10119997, 428812.2612629072 4582381.704173131)"
way,1317027884,"LINESTRING (428804.5163524275 4582408.693790045, 428807.75617590337 4582405.697467735, 428811.3395064376 4582401.920566147)"
way,1317028654,"LINESTRING (428476.288952678 4586539.704059291, 428478.6037750745 4586542.245972211, 428482.61388097797 4586541.295883369, 428489.4749536548 4586539.640332791, 428497.7715864273 4586536.960226546, 428510.1576362342 4586532.052426059, 428522.1249479682 4586526.205027877, 428527.1500132853 4586523.102054903, 428531.92079127836 4586519.635197959, 428536.57812393946 4586515.68093222, 428540.98777159076 4586511.185068303, 428545.0769451203 4586506.3925909735, 428548.4005725729 4586501.92966392, 428551.4382438998 4586497.280811237, 428557.1586231991 4586486.731974721, 428558.2224026411 4586484.445352706, 428559.4546629367 4586480.602645442, 428561.6798043317 4586474.06320562, 428562.7078019424 4586469.845013517, 428563.459291623 4586465.551830679)"
way,1317028655,"LINESTRING (428563.459291623 4586465.551830679, 428564.39380850067 4586458.636529944, 428564.57223105227 4586455.548130888, 428564.77557740745 4586449.905792989)"
way,1317032477,"LINESTRING (432425.4170251938 4585710.228037287, 432428.8052740715 4585724.0305747315, 432433.20164359285 4585741.976174398)"
way,1317032478,"LINESTRING (432421.83533939003 4585694.506511435, 432422.62223049486 4585697.330394987, 432423.99014185066 4585704.201400367, 432425.4170251938 4585710.228037287)"
way,1317032479,"LINESTRING (432435.1815129403 4585750.839984852, 432434.95491294365 4585749.8428422315)"
way,1317033561,"LINESTRING (430438.15890324104 4582326.016950036, 430439.30449926085 4582324.285004461, 430440.24385308975 4582322.84371411)"
way,1317036705,"LINESTRING (429735.30391578446 4583151.750239883, 429729.1418567389 4583155.152001186, 429727.00543356285 4583157.271180714, 429722.42576299526 4583161.767886007)"
way,1317040316,"LINESTRING (426045.7598228685 4582233.135075144, 426043.7706831285 4582230.768230042, 426043.50878019165 4582230.5044310065, 426037.3591428124 4582224.393928622, 426035.7526322129 4582224.288196572, 426032.3600139485 4582222.046713473, 426031.77192759747 4582221.775142097)"
way,1317353673,"LINESTRING (428335.61600796983 4581374.10432941, 428324.3772240544 4581363.156962985, 428318.8097546592 4581357.438508038, 428315.6381696521 4581355.526867756)"
way,1317353675,"LINESTRING (428298.6904425242 4581373.592458175, 428301.3567667303 4581370.92357958)"
way,1317540920,"LINESTRING (428306.28959683684 4581365.745222031, 428309.23374495696 4581362.4185250215, 428315.6381696521 4581355.526867756)"
way,1317608653,"LINESTRING (432469.28096726176 4586137.867592954, 432468.7039008809 4586148.565047905, 432468.48858654493 4586153.252471012, 432468.34533241263 4586156.706802395, 432466.0798516929 4586247.949182026, 432465.9378914224 4586255.122965983)"
way,1317608654,"LINESTRING (432465.9378914224 4586255.122965983, 432465.79857968236 4586258.999170607, 432465.67749701836 4586262.142415178)"
way,1317608658,"LINESTRING (432465.67749701836 4586262.142415178, 432463.49654564407 4586271.1116917, 432462.784778293 4586301.39588468, 432461.8486164992 4586330.9160752725, 432461.81120045535 4586334.069642222)"
way,1317608659,"LINESTRING (432461.81120045535 4586334.069642222, 432458.74896881304 4586349.786596072, 432455.0136290003 4586360.535745498)"
way,1317608662,"LINESTRING (432449.5461653584 4586516.92646342, 432449.25663096627 4586544.986152384, 432448.86365852074 4586553.017206276)"
way,1317608663,"LINESTRING (432449.8886790884 4586506.175674948, 432449.7754482031 4586509.2633335395, 432449.5461653584 4586516.92646342)"
way,1317608665,"LINESTRING (432448.86365852074 4586553.017206276, 432447.97646001406 4586560.919640339, 432447.4361387702 4586565.698925419)"
way,1317611203,"LINESTRING (432386.04040370346 4586558.389402176, 432392.60259981285 4586558.650060662)"
way,1317611204,"LINESTRING (432392.60259981285 4586558.650060662, 432396.54049812804 4586558.868629337)"
way,1317611205,"LINESTRING (432396.54049812804 4586558.868629337, 432398.6362107921 4586558.682503545, 432440.8501292042 4586565.5716743665, 432447.4361387702 4586565.698925419)"
way,1317611207,"LINESTRING (432447.4361387702 4586565.698925419, 432449.18288291333 4586565.727027441, 432463.0002933694 4586567.085814222, 432512.69179688755 4586574.738317967, 432518.4149193162 4586575.528752685)"
way,1317611208,"LINESTRING (432518.4149193162 4586575.528752685, 432523.5260399801 4586577.002175624, 432530.5655790323 4586579.168202306)"
way,1317611210,"LINESTRING (432530.5655790323 4586579.168202306, 432532.04010356334 4586579.576360879, 432571.0792155173 4586592.835638502, 432609.2414637067 4586606.16990915, 432615.7584742772 4586608.762794425)"
way,1317611211,"LINESTRING (432615.7584742772 4586608.762794425, 432620.86955038883 4586610.236285688, 432624.37891715515 4586611.102935679, 432628.47594699834 4586611.364559368)"
way,1317611888,"LINESTRING (432628.7099816663 4586859.023241203, 432561.34352753387 4586845.561379009, 432558.9824631876 4586845.061554333)"
way,1317611889,"LINESTRING (432637.19240779313 4586860.931665167, 432633.19917578774 4586860.136134453, 432628.7099816663 4586859.023241203)"
way,1317613597,"LINESTRING (432562.43232166546 4587145.1959614605, 432557.19280651177 4587154.104918192)"
way,1317615956,"LINESTRING (432574.3882949524 4587306.431722827, 432552.1096188488 4587286.409963969, 432537.6202295007 4587275.564328469, 432533.00916764024 4587272.109925117)"
way,1317615957,"LINESTRING (432585.0564082975 4587316.091726668, 432582.377031547 4587313.696269434, 432576.0742579574 4587308.025926177, 432574.3882949524 4587306.431722827)"
way,1317615958,"LINESTRING (432698.43184587825 4587403.159545848, 432701.46801347804 4587404.397024489)"
way,1317618500,"LINESTRING (433754.20662543736 4585169.481174598, 433755.50397885736 4585171.512218897, 433780.1244684558 4585211.490222617, 433796.8619932928 4585238.539008923, 433818.45255956287 4585273.5152771, 433822.479542978 4585279.751546882, 433827.85549766826 4585288.184945918, 433856.4128404137 4585334.688971469, 433889.0275425406 4585388.0619939575, 433890.6900522028 4585390.733689401)"
way,1317618501,"LINESTRING (433746.66932156484 4585157.781178183, 433748.15348557854 4585160.132492921, 433750.977806932 4585164.62548785, 433754.20662543736 4585169.481174598)"
way,1317618502,"LINESTRING (433899.19874706893 4585404.52339052, 433900.0034065415 4585405.692939974, 433901.1461971663 4585407.281308393, 433921.030940329 4585438.6095211385, 433949.04102611286 4585483.886482559, 433953.48683314235 4585484.756339956)"
way,1317618503,"LINESTRING (433890.6900522028 4585390.733689401, 433895.04299314995 4585397.899657228, 433899.19874706893 4585404.52339052)"
way,1317620157,"LINESTRING (432714.944060835 4587392.591408062, 432715.35051639436 4587389.578743838, 432718.13687215536 4587390.907376528, 432720.6880564691 4587392.104963131, 432733.4898600192 4587397.637264237, 432750.35687224043 4587404.552958719, 432762.9080837305 4587408.300075965, 432773.19206925906 4587410.8358669225, 432782.0321330587 4587412.641197749, 432791.7805804754 4587414.193834899, 432800.4682912045 4587414.890315025, 432810.7185271448 4587415.594496072, 432814.9380413635 4587415.59971167)"
way,1317620158,"LINESTRING (432814.9380413635 4587415.59971167, 432820.4684117014 4587415.503931081, 432824.8791549641 4587415.407450336)"
way,1317620161,"LINESTRING (433230.8898336204 4587429.690175258, 433235.1611503685 4587430.783239158, 433238.26281727484 4587431.887101846)"
way,1317620162,"LINESTRING (433238.26281727484 4587431.887101846, 433240.55803234596 4587432.520985896)"
way,1317624902,"LINESTRING (433264.1727766814 4587425.552510838, 433267.150408437 4587425.8914321065, 433270.6563281888 4587426.436435197, 433272.81520473835 4587426.782912623)"
way,1317624903,"LINESTRING (433258.6640419498 4587426.180690536, 433264.1727766814 4587425.552510838)"
way,1317625334,"LINESTRING (433261.5186635599 4587442.1646923525, 433263.7755377575 4587442.26599955)"
way,1317625335,"LINESTRING (433263.7755377575 4587442.26599955, 433268.22367812286 4587442.602455845, 433268.7754927185 4587442.641776134, 433270.9501519626 4587442.888181446)"
way,1317626916,"LINESTRING (433664.80240168015 4585238.859919571, 433668.53459249076 4585238.448218682, 433673.41286319325 4585236.3272855, 433676.5668292544 4585233.011948661, 433739.064857914 4585168.875887604)"
way,1317626917,"LINESTRING (433651.1821788807 4585253.784824267, 433660.4792427401 4585243.185232032, 433664.80240168015 4585238.859919571)"
way,1317626920,"LINESTRING (433745.56012551615 4585162.609953909, 433743.2515232684 4585165.151426081, 433739.064857914 4585168.875887604)"
way,1317626921,"LINESTRING (433755.17428533704 4585152.840298791, 433750.7204546636 4585157.510937849, 433748.15348557854 4585160.132492921, 433745.56012551615 4585162.609953909)"
way,1317626924,"LINESTRING (433842.14414878766 4585063.81078621, 433834.20738197275 4585072.410293406, 433757.33825656533 4585150.933014847, 433755.17428533704 4585152.840298791)"
way,1317626925,"LINESTRING (433858.35690395243 4585047.141634641, 433855.91369521216 4585049.595476346, 433851.43303988606 4585054.088650143, 433842.14414878766 4585063.81078621)"
way,1317626929,"LINESTRING (433933.3406712498 4584970.602449308, 433944.4064521211 4584959.565192761, 433953.24988277163 4584950.457914071, 433956.1553027381 4584947.355926971)"
way,1317631742,"LINESTRING (433246.1414514044 4587453.564911942, 433246.30024395743 4587452.664113618, 433246.4014764644 4587451.863772404, 433247.22855110833 4587447.326166671)"
way,1317631743,"LINESTRING (433217.1451930448 4587677.611065671, 433244.0996334605 4587470.426816649, 433246.1414514044 4587453.564911942)"
way,1317631744,"LINESTRING (433215.4462522134 4587692.682257587, 433216.0386867035 4587687.169758976, 433217.1451930448 4587677.611065671)"
way,1317631750,"LINESTRING (433202.0075481991 4587799.915853683, 433204.1332068582 4587783.108664237, 433215.0619069233 4587697.2046785, 433215.4462522134 4587692.682257587)"
way,1317631751,"LINESTRING (433203.49686276284 4587834.52088214, 433202.29075479624 4587825.150087306, 433200.7064429614 4587813.728753037, 433202.0075481991 4587799.915853683)"
way,1317631754,"LINESTRING (433124.8129313338 4588463.516196109, 433126.9682010624 4588443.633182476, 433131.114745322 4588407.810203877, 433146.97215209913 4588299.499188545, 433151.0258530756 4588257.226312139, 433151.264803114 4588255.059039337)"
way,1317631755,"LINESTRING (433151.264803114 4588255.059039337, 433153.7471674726 4588232.586045744, 433154.601418454 4588225.58332778, 433157.3119227362 4588203.385800163)"
way,1317633320,"LINESTRING (428356.1018245778 4582151.073975417, 428347.4462663168 4582147.562220593, 428344.4582911436 4582146.425963368, 428332.3883411344 4582141.782187867)"
way,1317633321,"LINESTRING (428368.6959653308 4582159.687460452, 428361.3531036894 4582154.475063354, 428356.1018245778 4582151.073975417)"
way,1317635423,"LINESTRING (433950.3478908063 4585151.778310738, 433949.88636187353 4585145.165247524, 433944.7169559479 4585140.127335462, 433899.87611771567 4585096.158762285, 433873.7107852965 4585070.939010545, 433872.18962547014 4585069.109840991)"
way,1317635424,"LINESTRING (433872.18962547014 4585069.109840991, 433871.0139564038 4585067.588394007, 433870.1745885259 4585064.4539670395, 433859.7095125298 4585053.391260462, 433855.91369521216 4585049.595476346, 433848.642673132 4585042.3340681195, 433843.6568389165 4585040.936270581, 433842.67070423975 4585040.034853194)"
way,1317635429,"LINESTRING (433842.67070423975 4585040.034853194, 433840.54597168043 4585038.011356124, 433769.4983610733 4584969.079766403, 433767.3147803363 4584967.02352021)"
way,1317635430,"LINESTRING (433767.3147803363 4584967.02352021, 433761.7148261342 4584961.545562025, 433755.11117863655 4584955.077540425)"
way,1317635433,"LINESTRING (433755.11117863655 4584955.077540425, 433753.8131525947 4584953.890316029, 433677.9832650767 4584879.518576937, 433673.3951393205 4584875.019564929, 433668.2838527496 4584869.981311842)"
way,1317636514,"LINESTRING (428332.3883411344 4582141.782187867, 428327.7492176323 4582140.251462029, 428320.9372822065 4582137.998338644)"
way,1317636946,"LINESTRING (434051.5528332106 4584849.802942623, 434037.7397190567 4584863.907228985, 434027.20990903734 4584874.173356954)"
way,1317643441,"LINESTRING (433651.74130923 4584696.551537186, 433646.3245698451 4584701.97494646, 433634.78793166066 4584713.616523845, 433586.9238144147 4584763.340881299, 433575.11523395614 4584775.384755248, 433571.04899503826 4584779.496802204)"
way,1317643442,"LINESTRING (433677.72757509165 4584670.976796907, 433664.0008578141 4584684.437045691, 433651.74130923 4584696.551537186)"
way,1317643443,"LINESTRING (433708.12475677877 4584639.643814271, 433682.5351558155 4584665.658918139, 433677.72757509165 4584670.976796907)"
way,1317643444,"LINESTRING (433714.70774717536 4584632.86633504, 433711.9102388617 4584635.889709198, 433708.12475677877 4584639.643814271)"
way,1317643445,"LINESTRING (433749.88454351504 4584601.334334654, 433743.17117214174 4584603.00568229, 433737.82329067145 4584608.661548151, 433714.70774717536 4584632.86633504)"
way,1317643446,"LINESTRING (433770.64937773015 4584580.54862966, 433760.0579331635 4584591.393050589, 433749.88454351504 4584601.334334654)"
way,1317643447,"LINESTRING (433795.7111190564 4584554.327727592, 433775.62404281046 4584575.2070819475, 433770.64937773015 4584580.54862966)"
way,1317643448,"LINESTRING (433803.4547395715 4584546.484952995, 433800.8207663521 4584549.118197409, 433798.34407327394 4584551.583462491)"
way,1317643449,"LINESTRING (433798.34407327394 4584551.583462491, 433795.7111190564 4584554.327727592)"
way,1317643452,"LINESTRING (433854.83140747075 4584497.562721098, 433846.80188327027 4584505.230405596)"
way,1317649027,"LINESTRING (432429.76910615654 4587673.799514758, 432428.1290385015 4587710.19905574, 432427.88149580563 4587715.897158761, 432426.45866481843 4587752.294673246, 432425.51375503396 4587776.352396108, 432425.34514802834 4587780.661899087, 432421.6305738057 4587874.904774681, 432422.2844769094 4587892.130377435, 432422.4211290146 4587899.601357705, 432424.2070337873 4587901.172385214)"
way,1317649028,"LINESTRING (432424.2070337873 4587901.172385214, 432423.99153003655 4587904.0389493015, 432423.5955993874 4587909.949396307)"
way,1317649580,"LINESTRING (432409.30852607 4588162.873996562, 432409.0207085272 4588168.727922243, 432408.475325314 4588180.990636744)"
way,1317649581,"LINESTRING (432409.9532769868 4588149.622194471, 432409.6669104425 4588157.419116235, 432409.30852607 4588162.873996562)"
way,1317649582,"LINESTRING (432396.7079121225 4588180.534392106, 432397.23926643835 4588168.560483219, 432397.4437946256 4588161.841308254)"
way,1317649583,"LINESTRING (432397.4437946256 4588161.841308254, 432397.71204268816 4588156.576019357, 432398.0086715327 4588149.878189353)"
way,1317650142,"LINESTRING (433380.7297774537 4584982.1847155, 433378.3467395408 4584984.804709626, 433322.40705824195 4585038.502337143, 433317.08810226945 4585039.062066533, 433313.08820032526 4585043.084832501, 433310.84636213427 4585045.603623682, 433299.3889288878 4585058.466346115)"
way,1317650143,"LINESTRING (433396.0916053476 4584967.598572416, 433385.7995879885 4584977.252813605, 433380.7297774537 4584982.1847155)"
way,1317650520,"LINESTRING (432565.64424904634 4588569.290955423, 432569.7184616801 4588570.807365417, 432573.49153877416 4588572.282174307)"
way,1317653437,"LINESTRING (433299.3889288878 4585058.466346115, 433292.43626428157 4585065.858286356, 433287.60914788523 4585070.810225773)"
way,1317654012,"LINESTRING (428533.6274032659 4582715.559550315, 428533.60016787326 4582714.4939361345)"
way,1317654013,"LINESTRING (428533.60016787326 4582714.4939361345, 428533.55471442157 4582712.429236496, 428533.49969595677 4582710.24249882)"
way,1317654014,"LINESTRING (428533.3051938601 4582718.493907229, 428533.4123778967 4582717.493584521, 428533.6274032659 4582715.559550315)"
way,1317654015,"LINESTRING (428526.9467757248 4582736.721064866, 428527.56600726134 4582735.92664561)"
way,1317654181,"LINESTRING (432859.5547004724 4588728.336152843, 432818.56485014514 4588708.831613946)"
way,1317654182,"LINESTRING (432818.56485014514 4588708.831613946, 432813.99174271885 4588706.653527724, 432804.0850714153 4588702.27112287)"
way,1317654185,"LINESTRING (432804.0850714153 4588702.27112287, 432786.502927228 4588694.484872231)"
way,1317654186,"LINESTRING (432786.502927228 4588694.484872231, 432780.62267877406 4588691.885945338, 432776.7117214555 4588689.945990068)"
way,1317654189,"LINESTRING (432750.26218861586 4588678.156408795, 432745.656144141 4588676.03418597, 432740.55457258574 4588673.627900152)"
way,1317654190,"LINESTRING (432731.8790372271 4588669.589432703, 432729.96675828064 4588668.774506577)"
way,1317654191,"LINESTRING (432740.55457258574 4588673.627900152, 432731.8790372271 4588669.589432703)"
way,1317658686,"LINESTRING (433252.5141122056 4585107.118049264, 433263.1198278081 4585096.172788206)"
way,1317658687,"LINESTRING (433247.08290562726 4585112.719552202, 433248.3993294576 4585111.363968989, 433250.4608476916 4585109.235419343, 433252.5141122056 4585107.118049264)"
way,1317658689,"LINESTRING (433181.2548087478 4585180.587921407, 433182.9595908548 4585178.751318499, 433247.08290562726 4585112.719552202)"
way,1317658690,"LINESTRING (433171.06460409134 4585186.721944627, 433173.7592797594 4585184.3765720595, 433177.97676305746 4585183.11632223, 433181.2548087478 4585180.587921407)"
way,1317658760,"LINESTRING (432955.83557918936 4588752.946046237, 432968.44104932086 4588758.302894668)"
way,1317658761,"LINESTRING (432968.44104932086 4588758.302894668, 432971.5803434328 4588759.917019004, 432974.9619789392 4588761.540000895)"
way,1317658766,"LINESTRING (433191.9606927199 4588861.88914911, 433196.76910925866 4588864.2429424785, 433203.11370773125 4588867.404159888, 433211.5838071706 4588871.866991452)"
way,1317665840,"LINESTRING (428573.37337588903 4582727.225319756, 428581.58476147434 4582729.864576281, 428594.6888263646 4582731.811638765)"
way,1317667599,"LINESTRING (431537.6708842309 4588732.883039217, 431537.5002467687 4588732.507154688, 431536.8347184496 4588731.036764279, 431535.55425794143 4588729.028152483, 431532.40971219115 4588724.250352834, 431529.7388276865 4588720.089833999, 431528.5250835543 4588718.069488611)"
way,1317667621,"LINESTRING (431801.06811105885 4589043.585519199, 431795.36789135187 4589037.943484084, 431790.6991701381 4589033.612971658)"
way,1317667622,"LINESTRING (431803.1058487126 4589049.728432264, 431801.06811105885 4589043.585519199)"
way,1317669994,"LINESTRING (428178.3359275063 4585029.847940516, 428180.29450878466 4585027.596803886, 428184.7146525191 4585022.4011559775)"
way,1317669995,"LINESTRING (428109.28090358607 4585171.352860989, 428109.9098385613 4585169.037189127, 428112.1524405936 4585164.251726136, 428119.8813165148 4585147.176267335, 428127.8937876381 4585128.354830473, 428138.84897757013 4585104.541145387, 428147.08409434377 4585084.56281056, 428163.7039155409 4585050.40045595, 428168.37483567535 4585043.52575535, 428172.23532576207 4585037.525134165, 428178.3359275063 4585029.847940516)"
way,1317670180,"LINESTRING (431441.07716972404 4588578.0905464515, 431439.28443909204 4588574.043865288, 431436.39717536827 4588568.219988514, 431435.349289504 4588566.075952838)"
way,1317670181,"LINESTRING (431438.7943011345 4588549.666429609, 431440.7181386872 4588549.037524579, 431442.2743231354 4588548.401003222, 431443.6639668295 4588547.821576088)"
way,1317670183,"LINESTRING (431435.349289504 4588566.075952838, 431434.59868538904 4588562.685567439, 431432.9852324954 4588554.640124756, 431436.21307475463 4588550.5680399565, 431438.7943011345 4588549.666429609)"
way,1317670184,"LINESTRING (431445.15259833337 4588584.114115089, 431444.3118289941 4588582.667600348, 431441.07716972404 4588578.0905464515)"
way,1317671522,"LINESTRING (432832.13114626415 4585957.310763605, 432837.46821850655 4585952.47589272, 432841.7213106054 4585950.604446958)"
way,1317671532,"LINESTRING (428216.9587566218 4585564.041125492, 428216.33732626017 4585567.955548298, 428215.82618750434 4585572.0354223475)"
way,1317671533,"LINESTRING (428215.82618750434 4585572.0354223475, 428214.44054287253 4585583.163278298, 428213.97987791075 4585587.275960996)"
way,1317671534,"LINESTRING (428213.97987791075 4585587.275960996, 428213.51910342474 4585591.377541836, 428212.99994188733 4585595.490804921)"
way,1317671535,"LINESTRING (428212.99994188733 4585595.490804921, 428210.7982936491 4585612.822235767, 428208.12440242106 4585644.892046945, 428204.806575107 4585673.548522317, 428201.3974429649 4585698.053380756, 428199.49728246126 4585717.125000879, 428198.5173640506 4585730.391719481, 428194.94694301474 4585758.850857035, 428192.3938402905 4585786.23401424, 428190.3592923564 4585812.812611244, 428189.6576934412 4585825.48811218, 428189.3871086903 4585831.908339392, 428189.92242857773 4585852.166028177, 428187.9932714065 4585857.35917701)"
way,1317671619,"LINESTRING (428108.47717349743 4585175.4245438995, 428108.56400830485 4585174.069114777, 428109.00888444646 4585172.576893362, 428109.28090358607 4585171.352860989)"
way,1317674216,"LINESTRING (432511.15944324044 4584897.731169481, 432515.4180006963 4584901.766212826)"
way,1317674222,"LINESTRING (432515.4180006963 4584901.766212826, 432519.34214754775 4584905.793273243, 432573.73943325103 4584958.90203156, 432598.00992052205 4584982.047492635, 432600.9597413718 4584984.673606603)"
way,1317674223,"LINESTRING (432600.9597413718 4584984.673606603, 432606.627243418 4584991.027181608, 432613.94034110464 4584998.175948995)"
way,1317674227,"LINESTRING (432613.94034110464 4584998.175948995, 432616.48940552375 4585000.850211388, 432636.6975539368 4585020.402984483, 432676.4930132722 4585059.292412235, 432696.6857747569 4585079.023136401)"
way,1317674228,"LINESTRING (432696.6857747569 4585079.023136401, 432691.17118767265 4585084.603634348, 432686.5508394175 4585089.276489571, 432683.4457450531 4585092.4141650405, 432666.84398280125 4585109.200655046, 432663.6313965578 4585112.461470792, 432609.5295132072 4585167.191320907, 432607.49347507046 4585169.342026038)"
way,1317674229,"LINESTRING (432696.6857747569 4585079.023136401, 432702.1176654033 4585084.324203899, 432710.39249798714 4585092.452277513)"
way,1317674234,"LINESTRING (432710.39249798714 4585092.452277513, 432718.9180320231 4585100.578029926, 432744.9235258511 4585126.150468033, 432784.4478177117 4585164.765419592, 432794.8722226259 4585174.883240577)"
way,1317674235,"LINESTRING (432794.8722226259 4585174.883240577, 432795.96082144347 4585176.005623375, 432805.9122420795 4585185.59491474)"
way,1317674241,"LINESTRING (432805.9122420795 4585185.59491474, 432811.61976190633 4585190.893503076, 432885.60508217505 4585263.086167043, 432895.5306792418 4585272.620303111, 432905.29550957825 4585281.944988636, 432981.38855627086 4585357.2167572, 432983.85978223925 4585359.636500267)"
way,1317674242,"LINESTRING (432983.85978223925 4585359.636500267, 432992.1670033914 4585367.720174891, 432996.602879568 4585372.00921651)"
way,1317674244,"LINESTRING (432996.602879568 4585372.00921651, 433004.86023867526 4585380.126675407, 433008.6809007302 4585383.866276849, 433076.6254677243 4585450.354374357, 433081.52590404695 4585455.1832100125)"
way,1317674245,"LINESTRING (433081.52590404695 4585455.1832100125, 433087.31017345295 4585460.692253606, 433093.26465119666 4585466.532813452)"
way,1317674249,"LINESTRING (433093.26465119666 4585466.532813452, 433097.16909923684 4585470.304994137, 433171.3520712169 4585542.798439833, 433174.6416750406 4585546.065607912)"
way,1317674250,"LINESTRING (433174.6416750406 4585546.065607912, 433180.9158262954 4585552.147548438, 433189.2313750149 4585560.275776875)"
way,1317683004,"LINESTRING (432223.08447919326 4585561.121097632, 432221.29750052234 4585563.069733313, 432218.40811429993 4585565.994644415)"
way,1317683005,"LINESTRING (432227.692852308 4585556.126059154, 432223.08447919326 4585561.121097632)"
way,1317683006,"LINESTRING (432232.5747197729 4585550.884199604, 432230.39818839374 4585553.1806697035, 432227.692852308 4585556.126059154)"
way,1317683007,"LINESTRING (432303.5267297117 4585476.341663939, 432300.34068473976 4585479.724533048, 432239.9155992623 4585543.165584893, 432232.5747197729 4585550.884199604)"
way,1317683008,"LINESTRING (432323.9496496745 4585454.555580385, 432313.5400482498 4585465.711385059, 432303.5267297117 4585476.341663939)"
way,1317683009,"LINESTRING (432394.8352481705 4585379.85917218, 432391.98833261034 4585382.872436292, 432326.05144361034 4585452.304250359, 432323.9496496745 4585454.555580385)"
way,1317683424,"LINESTRING (432056.74663396075 4585547.125671076, 432056.3269649269 4585549.605552933, 432054.45114971243 4585560.781556914)"
way,1317683425,"LINESTRING (432054.45114971243 4585560.781556914, 432053.27217280946 4585567.8429539995)"
way,1317683426,"LINESTRING (432053.27217280946 4585567.8429539995, 432051.2074567509 4585560.678776643)"
way,1317683427,"LINESTRING (432051.2074567509 4585560.678776643, 432050.0237975127 4585556.5596191455, 432049.4392042633 4585553.045495396)"
way,1317690428,"LINESTRING (431770.69258944236 4583190.502024265, 431767.1236002123 4583192.367617082)"
way,1317690932,"LINESTRING (432505.1123140383 4584912.532140376, 432501.2571970975 4584908.7376037445)"
way,1317690935,"LINESTRING (432587.265094324 4584992.328868174, 432509.96169139136 4584917.183431232, 432505.1123140383 4584912.532140376)"
way,1317690936,"LINESTRING (432604.859903745 4585009.474369239, 432596.5262526206 4585001.335857658, 432588.446098173 4584993.4947715225, 432587.265094324 4584992.328868174)"
way,1317690950,"LINESTRING (432784.1319602557 4585184.7534794975, 432774.6668790274 4585175.337345936, 432709.1719717944 4585111.305159542, 432691.93217319984 4585094.533608283, 432686.5508394175 4585089.276489571, 432666.53523459495 4585069.721790967, 432606.5901306125 4585011.279127092, 432604.859903745 4585009.474369239)"
way,1317690951,"LINESTRING (432796.9425628358 4585197.125227663, 432790.3131717081 4585190.658309047, 432784.1319602557 4585184.7534794975)"
way,1317690972,"LINESTRING (432974.15558542765 4585370.373991886, 432971.6496978138 4585367.821338963, 432894.66285699257 4585292.602369995, 432885.12377175875 4585283.286708185, 432874.926937109 4585273.344296448, 432801.5225866041 4585201.612666104, 432796.9425628358 4585197.125227663)"
way,1317690973,"LINESTRING (432988.0793521243 4585383.890455174, 432981.98987879907 4585377.929098131, 432974.15558542765 4585370.373991886)"
way,1317690980,"LINESTRING (433068.9483785338 4585463.393490106, 433065.93682919437 4585460.379162517, 433029.2454561572 4585424.101412831, 432997.77003810916 4585393.360284896, 432988.0793521243 4585383.890455174)"
way,1317690981,"LINESTRING (433084.732829309 4585478.425118636, 433077.3427959801 4585470.987927765, 433068.9483785338 4585463.393490106)"
way,1317690988,"LINESTRING (433163.7816069986 4585555.625516805, 433161.1343993158 4585553.140722478, 433123.7884423989 4585516.468851272, 433086.8413490597 4585480.4929583, 433084.732829309 4585478.425118636)"
way,1317690989,"LINESTRING (433178.3191192174 4585569.614089157, 433171.26123774 4585562.828806179, 433163.7816069986 4585555.625516805)"
way,1317704564,"LINESTRING (431759.7467921226 4583200.03146611, 431759.1919332429 4583200.591836466, 431750.83604075573 4583209.042119637, 431747.8712636453 4583212.034518956, 431697.3553861826 4583263.1175388275, 431696.2043094076 4583264.283091133, 431694.9703712978 4583265.527145077)"
way,1317704565,"LINESTRING (431694.9703712978 4583265.527145077, 431693.19819922023 4583267.320315284, 431691.4745094092 4583268.9353830675, 431690.5471503782 4583269.887872101)"
way,1317704566,"LINESTRING (431690.5471503782 4583269.887872101, 431680.6106824284 4583280.040782117, 431672.4296844522 4583288.400688081)"
way,1317704567,"LINESTRING (431672.4296844522 4583288.400688081, 431667.89218257973 4583293.051182015, 431663.56941281876 4583297.422081493)"
way,1317710491,"LINESTRING (431532.5538756589 4583396.120378169, 431535.7438747873 4583393.09244855)"
way,1317710492,"LINESTRING (431558.24396574614 4583369.541569526, 431559.3963674641 4583368.520318873)"
way,1317724995,"LINESTRING (428168.32015008316 4580053.024968284, 428169.6376824585 4580054.310954742, 428170.8034664678 4580055.4763129)"
way,1317724996,"LINESTRING (428129.8305684781 4580015.234617657, 428159.88245187525 4580044.74808261, 428163.9795415534 4580048.83776764, 428168.32015008316 4580053.024968284)"
way,1317724997,"LINESTRING (428121.0706855407 4580006.527955989, 428124.16246311594 4580009.606118597, 428129.8305684781 4580015.234617657)"
way,1317724998,"LINESTRING (428101.7633174268 4579990.198270744, 428104.504831004 4579990.8483608905, 428112.76119122794 4579998.538527968, 428120.04948304506 4580005.605436158, 428121.0706855407 4580006.527955989)"
way,1317725746,"LINESTRING (427893.7843046292 4580996.090769416, 427900.88549509447 4581001.238503884, 427909.9165902264 4581007.033224698)"
way,1317725747,"LINESTRING (427909.9165902264 4581007.033224698, 427914.68806043826 4581010.016867266)"
way,1317903396,"LINESTRING (431143.88521191006 4580456.407992284, 431143.0209734305 4580456.993548288)"
way,1317908490,"LINESTRING (431158.81766416086 4580447.106339714, 431157.32133572386 4580448.064289869)"
way,1317908923,"LINESTRING (431587.8715297832 4583373.902626929, 431584.8391192871 4583381.225849221, 431582.0013402596 4583384.372560478)"
way,1317908924,"LINESTRING (431582.0013402596 4583384.372560478, 431580.09015866887 4583386.489056011, 431578.9158256951 4583387.843596276, 431578.3858635383 4583388.381540331)"
way,1317908925,"LINESTRING (431578.3858635383 4583388.381540331, 431574.93547936843 4583392.166905129, 431571.8783736894 4583395.104738595)"
way,1317908926,"LINESTRING (431571.8783736894 4583395.104738595, 431568.110657006 4583398.926413801, 431564.49267749157 4583402.668956093)"
way,1317908927,"LINESTRING (431564.49267749157 4583402.668956093, 431562.21642421786 4583405.077580754)"
way,1317914207,"LINESTRING (431552.6754139804 4583415.460099195, 431550.44806526514 4583417.735031267)"
way,1317918132,"LINESTRING (431518.04161458265 4583411.235349878, 431520.83499684994 4583414.006855848)"
way,1317918133,"LINESTRING (431533.6138765686 4583426.887478687, 431539.025909947 4583432.520977971, 431540.7650268639 4583434.314303478)"
way,1317921639,"LINESTRING (431467.12884941464 4583500.451034963, 431462.69297462486 4583505.2117315745, 431459.9018804815 4583507.980554341)"
way,1317923318,"LINESTRING (427120.13382255123 4582204.216305613, 427118.3984089628 4582201.269265898)"
way,1317923834,"LINESTRING (432666.2503166995 4582246.631314139, 432670.98926480196 4582241.02476795, 432673.1861584313 4582238.994744506, 432754.20981163497 4582157.247322862, 432756.2045509691 4582155.052660328)"
way,1317923835,"LINESTRING (432641.6187832727 4582271.919309941, 432650.5421283944 4582264.019976679, 432656.4546346453 4582258.735594499, 432660.910851832 4582254.197538282, 432666.2503166995 4582246.631314139)"
way,1317925649,"LINESTRING (432510.10639180697 4582405.955045776, 432517.26228540455 4582398.638249591, 432623.8936446407 4582289.992954951, 432635.12508444756 4582278.541445268, 432641.6187832727 4582271.919309941)"
way,1317925650,"LINESTRING (432485.13431169494 4582431.3689065585, 432497.956341017 4582418.3812638465, 432510.10639180697 4582405.955045776)"
way,1317926409,"LINESTRING (432429.6117989778 4582504.387938527, 432427.13159609376 4582502.023968841, 432424.3307989904 4582499.352111855, 432421.0997904041 4582496.273465216, 432418.32438062 4582493.634682084, 432415.9368592533 4582491.347571158)"
way,1317926410,"LINESTRING (432417.5564679216 4582500.048168999, 432421.0997904041 4582496.273465216, 432424.10652920045 4582493.236554331, 432429.3743136785 4582487.891374828, 432477.82892716397 4582438.787054895, 432485.13431169494 4582431.3689065585)"
way,1317926411,"LINESTRING (432392.6397608116 4582525.9503733795, 432404.40974276344 4582514.049347612, 432417.5564679216 4582500.048168999)"
way,1317926580,"LINESTRING (427478.451122005 4582401.962003395, 427472.4119263528 4582413.425221526)"
way,1317926581,"LINESTRING (427472.4119263528 4582413.425221526, 427471.65704911406 4582416.530510076, 427470.2722208241 4582420.1861517)"
way,1317927777,"LINESTRING (432311.5268292752 4582608.002670604, 432319.1799924914 4582600.259114251, 432384.05053410446 4582534.6463243095, 432392.6397608116 4582525.9503733795)"
way,1317927778,"LINESTRING (432288.3036481496 4582631.63555719, 432299.87315927754 4582619.791740302, 432311.5268292752 4582608.002670604)"
way,1317927784,"LINESTRING (432219.9063443595 4582690.076519452, 432222.7333160135 4582691.970855793, 432226.6805953559 4582694.7540398445)"
way,1317927785,"LINESTRING (432235.116322929 4582706.333081154, 432232.3555103272 4582700.785292651, 432229.4220419389 4582697.337553907)"
way,1317928532,"LINESTRING (432308.79646948713 4582412.440971432, 432306.92644683586 4582410.959565351, 432303.9442340477 4582408.56701917, 432298.7598508943 4582411.202423647)"
way,1317928533,"LINESTRING (432322.67468284967 4582425.723505128, 432320.793713064 4582423.964627478, 432317.4669280829 4582420.487219234, 432308.79646948713 4582412.440971432)"
way,1317929830,"LINESTRING (427470.2722208241 4582420.1861517, 427467.6872140157 4582425.896758198, 427404.84814909345 4582518.1480016215, 427400.8348292102 4582523.995081382)"
way,1317929831,"LINESTRING (427400.8348292102 4582523.995081382, 427398.8739869266 4582526.901508505, 427397.28379980614 4582529.249072204)"
way,1317929833,"LINESTRING (427397.28379980614 4582529.249072204, 427389.0250900587 4582541.978146922)"
way,1317929834,"LINESTRING (427389.0250900587 4582541.978146922, 427387.2886518359 4582544.749092353, 427385.69033473334 4582547.118946296)"
way,1317930163,"LINESTRING (432314.4425844074 4582808.192572891, 432312.5128544832 4582805.679162167, 432308.05943234137 4582798.825927409, 432302.18486072205 4582791.097751658)"
way,1317930164,"LINESTRING (432328.9128208731 4582822.280084363, 432318.36134744313 4582812.408335735, 432316.7065047686 4582810.680655725, 432314.4425844074 4582808.192572891)"
way,1317931736,"LINESTRING (432048.07800652337 4582877.658784889, 432064.4122700792 4582860.462718972, 432093.57300824847 4582830.900010906, 432099.4200868265 4582824.971800228)"
way,1317931737,"LINESTRING (432099.4200868265 4582824.971800228, 432114.36915531335 4582809.820656233, 432125.81123815465 4582797.822300577)"
way,1317931746,"LINESTRING (432195.96945421956 4582725.82957618, 432204.8389365271 4582716.7532709865, 432209.40451433335 4582712.347132104, 432212.40032415884 4582709.05486587, 432222.96975075325 4582698.474897478)"
way,1317931747,"LINESTRING (432222.96975075325 4582698.474897478, 432226.6805953559 4582694.7540398445)"
way,1317933767,"LINESTRING (432032.6193383786 4582868.76612109, 432032.80515907146 4582878.768028921, 432032.7756793534 4582886.318231306)"
way,1317933771,"LINESTRING (432032.5388803866 4582740.795650275, 432032.8965586171 4582759.3118139645, 432032.8690812753 4582762.620715083, 432033.4017198209 4582783.744402802, 432033.9919879312 4582817.247206676, 432034.4581587991 4582849.107957668, 432034.54173126054 4582853.559408873, 432034.4882887493 4582862.120193428, 432032.46219211555 4582864.49300547, 432032.6193383786 4582868.76612109)"
way,1317933772,"LINESTRING (432032.24910801643 4582701.894055913, 432032.2595478889 4582709.244030669, 432032.1963096886 4582716.761239282, 432032.70139714656 4582733.1664815415, 432032.5388803866 4582740.795650275)"
way,1317935194,"LINESTRING (432021.2917848936 4582886.703571432, 432021.08769622794 4582879.211074981, 432020.8693084618 4582871.085851382)"
way,1317935195,"LINESTRING (432020.8693084618 4582871.085851382, 432020.25186821277 4582854.293061302, 432020.30473040015 4582835.872967317, 432020.35267266945 4582817.819313487, 432020.28856688505 4582793.171630216, 432019.7119211457 4582767.3629609095, 432019.7388961807 4582763.110323725, 432019.43699565914 4582744.304962805)"
way,1317935196,"LINESTRING (432019.43699565914 4582744.304962805, 432019.1576797047 4582728.796930888, 432019.1501184674 4582722.646034218)"
way,1317935953,"LINESTRING (432014.9616150796 4582912.410527953, 432010.64999649406 4582917.125291473, 432004.55560508557 4582923.411190154)"
way,1317936331,"LINESTRING (432020.68359035236 4582936.816364413, 432021.53736391146 4582924.45089807, 432022.10530008515 4582917.262034894)"
way,1317936835,"LINESTRING (432059.74670236383 4582927.278907066, 432044.850686573 4582917.748079962, 432038.74538557365 4582913.963782589)"
way,1317937023,"LINESTRING (427825.13008125295 4582540.484513731, 427823.9361913248 4582542.339501721, 427821.4547902077 4582545.883866655, 427813.37042785157 4582559.399015136, 427804.95212604175 4582572.961913609, 427798.7367700939 4582578.530933081, 427797.08982630266 4582581.067722729, 427793.7014836521 4582586.730702188)"
way,1317937024,"LINESTRING (427793.7014836521 4582586.730702188, 427790.9519597079 4582592.731507551, 427784.679676311 4582606.006569016, 427782.9646955489 4582609.265733619)"
way,1317937025,"LINESTRING (427782.9646955489 4582609.265733619, 427781.6488551347 4582611.466137159, 427778.9851227657 4582615.167777406, 427770.42439046537 4582627.01117957, 427762.17329090013 4582639.71753676, 427757.02791141986 4582648.60681625, 427756.13668655383 4582650.625342613)"
way,1317937026,"LINESTRING (427756.13668655383 4582650.625342613, 427751.92368065496 4582660.782169357, 427750.0539811969 4582666.130244737, 427748.54050668096 4582670.308955403, 427743.84396591014 4582685.633493349)"
way,1317937027,"LINESTRING (427702.05808794417 4582822.428287531, 427698.0970275563 4582835.191837422)"
way,1317937031,"LINESTRING (427839.01003749145 4582519.539274812, 427831.79196761904 4582530.214514513)"
way,1317937032,"LINESTRING (427831.79196761904 4582530.214514513, 427830.2631520542 4582532.861148749, 427825.13008125295 4582540.484513731)"
way,1317937392,"LINESTRING (432031.8141210067 4582917.492904715, 432031.55726084695 4582924.867595979, 432031.0354144657 4582935.187024702)"
way,1317940094,"LINESTRING (427737.7479058721 4582662.078279527, 427730.71789699805 4582659.727964735, 427685.23793743 4582645.070701792, 427674.6187368587 4582641.657077966, 427652.0477426668 4582633.677373132, 427647.4404438543 4582631.96912002, 427641.92764795694 4582635.033091491)"
way,1317940095,"LINESTRING (427767.1589089207 4582671.822027708, 427755.75082842883 4582668.10526994, 427750.0539811969 4582666.130244737, 427745.5570711753 4582664.587373716, 427737.7479058721 4582662.078279527)"
way,1317940098,"LINESTRING (427970.91431454173 4582738.786920049, 427984.38339257427 4582742.949845774, 427990.7327531248 4582744.974080696, 427999.49084337807 4582747.918130154)"
way,1317940101,"LINESTRING (427984.38339257427 4582742.949845774, 427985.5442327613 4582739.451973388, 427987.01547457057 4582735.218219571)"
way,1317940102,"LINESTRING (427984.38339257427 4582742.949845774, 427983.0473507771 4582747.326594621, 427982.22395094787 4582749.44434471)"
way,1317941641,"LINESTRING (428428.7097546056 4582215.808166543, 428416.00411764317 4582203.509505259, 428408.9040617377 4582196.629221012)"
way,1317941642,"LINESTRING (428408.9040617377 4582196.629221012, 428401.4378747095 4582189.930208927)"
way,1317941643,"LINESTRING (428499.4129538701 4582285.080757733, 428495.0986979934 4582280.870912379, 428457.6193925341 4582244.13490311)"
way,1317941648,"LINESTRING (428454.96815203095 4582241.529687922, 428433.8769644216 4582220.864474347, 428428.7097546056 4582215.808166543)"
way,1317941649,"LINESTRING (428457.6193925341 4582244.13490311, 428456.2262839974 4582242.771895692, 428454.96815203095 4582241.529687922)"
way,1317941650,"LINESTRING (428523.13185278006 4582308.551479186, 428509.89182020095 4582295.447416616, 428499.4129538701 4582285.080757733)"
way,1317941661,"LINESTRING (428601.78818825114 4582379.856131774, 428593.7865911403 4582378.180732908, 428585.6996067918 4582370.388465216, 428527.0319154922 4582312.31020647, 428523.13185278006 4582308.551479186)"
way,1317941662,"LINESTRING (428617.9425811948 4582396.007153518, 428606.78740371636 4582384.858699854, 428601.78818825114 4582379.856131774)"
way,1317941669,"LINESTRING (428640.5678908189 4582423.9746094225, 428632.66159610415 4582414.992496797, 428624.50998349494 4582405.724133113)"
way,1317941670,"LINESTRING (428624.50998349494 4582405.724133113, 428622.6749715967 4582403.632654744, 428621.1235913724 4582398.929191718, 428617.9425811948 4582396.007153518)"
way,1317941672,"LINESTRING (428685.66001365846 4582468.108863185, 428681.9709852278 4582464.536725653, 428647.83701165766 4582431.0866096765, 428644.7554770946 4582428.074756831, 428642.2053524306 4582425.535097054, 428640.5678908189 4582423.9746094225)"
way,1317941675,"LINESTRING (428691.9667805017 4582470.900234641, 428690.20273127063 4582469.218849912, 428685.66001365846 4582468.108863185)"
way,1317941676,"LINESTRING (428709.19964394515 4582487.929072135, 428701.6344196624 4582480.453529702, 428691.9667805017 4582470.900234641)"
way,1317941692,"LINESTRING (428794.4348430085 4582574.792838944, 428780.49340709904 4582561.684089961, 428753.79607261403 4582536.154494811, 428749.3685004671 4582533.144734643, 428739.745853407 4582523.901817708, 428736.875322046 4582520.232778096, 428733.77779662155 4582517.287663571, 428724.35012840363 4582508.320421642, 428719.89171432215 4582503.878703601, 428714.6222454094 4582494.33761847, 428712.8697931446 4582492.134276265, 428711.60120264476 4582490.670069595, 428710.5844070218 4582489.303311653)"
way,1317941693,"LINESTRING (428809.6062545359 4582589.699304457, 428800.47138406476 4582580.729089173, 428797.4404651942 4582577.74998484, 428794.4348430085 4582574.792838944)"
way,1317942264,"LINESTRING (428032.3875720793 4582595.23635046, 428035.72847068816 4582585.621303642)"
way,1317942265,"LINESTRING (428029.4732550081 4582604.025541706, 428031.1225225581 4582599.19047027, 428032.3875720793 4582595.23635046)"
way,1317942269,"LINESTRING (427938.98946230055 4582553.607192126, 427935.3891812069 4582552.2662399, 427852.96509783575 4582524.596465037, 427851.1188492531 4582523.915366018)"
way,1317942270,"LINESTRING (428048.32600395556 4582589.559848998, 428041.8005184578 4582587.492899098, 428035.72847068816 4582585.621303642)"
way,1317944489,"LINESTRING (427952.0755141864 4582844.541297102, 427944.6429272755 4582869.77456063, 427943.8136570078 4582872.980465524)"
way,1317944490,"LINESTRING (427954.56636288564 4582836.067162134, 427953.64468208567 4582839.229572823, 427952.0755141864 4582844.541297102)"
way,1317944762,"LINESTRING (425630.0870254257 4581895.882960399, 425635.5506378388 4581891.3079476515, 425640.84737606056 4581886.767960904)"
way,1317945403,"LINESTRING (425657.4647948436 4581825.031123751, 425648.9014949083 4581821.721462527, 425643.610684955 4581819.51073707, 425641.6726345354 4581818.886649999)"
way,1317946146,"LINESTRING (425499.3967627248 4581752.719541845, 425499.004551926 4581750.3586277375, 425499.2451463088 4581748.5463590445, 425500.1308171943 4581746.849591251, 425501.9014176842 4581745.0104887225, 425504.4394044728 4581743.796370093)"
way,1317946266,"LINESTRING (425505.5969305479 4581702.658825269, 425503.04951358464 4581701.330444909, 425500.85615538293 4581699.465479474, 425499.2180992607 4581697.117374701)"
way,1317946267,"LINESTRING (425506.0512605049 4581710.248630611, 425505.8992465823 4581707.663186177, 425505.5969305479 4581702.658825269)"
way,1317947592,"LINESTRING (425405.07667222363 4581240.640883885, 425404.9426786384 4581234.935305335)"
way,1317947593,"LINESTRING (425405.07667222363 4581240.640883885, 425405.23411172285 4581247.811821223)"
way,1317948894,"LINESTRING (428886.396356568 4582664.833594203, 428875.4088366067 4582655.348534926, 428815.87428046006 4582596.221747705, 428809.6062545359 4582589.699304457)"
way,1317948895,"LINESTRING (428906.5729215094 4582684.576411685, 428894.25598575827 4582672.528491881, 428886.396356568 4582664.833594203)"
way,1317948904,"LINESTRING (429081.288043107 4582855.791888152, 429079.0919484725 4582853.515083731, 429007.08865528845 4582783.5391766345, 429000.4282562719 4582777.042625345)"
way,1317948905,"LINESTRING (429000.4282562719 4582777.042625345, 428989.8840099751 4582766.687024341, 428977.11936772196 4582754.143725365)"
way,1317948916,"LINESTRING (429088.5573888358 4582863.015343158, 429084.69048168464 4582859.167175455, 429081.288043107 4582855.791888152)"
way,1317948942,"LINESTRING (433279.87791002414 4585669.168885244, 433268.55120318686 4585658.026143098, 433261.7530610765 4585651.293893661)"
way,1317948951,"LINESTRING (433533.691429068 4585917.579715211, 433531.2362686453 4585915.048614204, 433528.7227138141 4585912.529153245, 433478.59455991734 4585864.092897268, 433467.5054022166 4585853.2696517585, 433465.28672969027 4585851.0139690945)"
way,1317948952,"LINESTRING (433465.28672969027 4585851.0139690945, 433458.9203362094 4585844.843815128, 433451.6438780883 4585837.860425733)"
way,1317948953,"LINESTRING (433355.38425280957 4585743.306280683, 433353.70411630586 4585741.456476717, 433282.129303395 4585671.335388417, 433279.87791002414 4585669.168885244)"
way,1317948954,"LINESTRING (433372.7983094585 4585760.277611014, 433365.2093218161 4585752.95299535, 433355.38425280957 4585743.306280683)"
way,1317950107,"LINESTRING (425657.92887023475 4581011.096922657, 425654.05156351614 4581011.403167772, 425649.85683687916 4581011.745980316)"
way,1317950110,"LINESTRING (425546.107584264 4581033.162890411, 425545.01055329357 4581035.461382881, 425543.0210984497 4581039.623248492, 425542.14528451953 4581041.475347904)"
way,1317950512,"LINESTRING (433270.707808073 4585639.941935162, 433272.1493949462 4585641.2942922255)"
way,1317950513,"LINESTRING (433272.1493949462 4585641.2942922255, 433278.7788671196 4585647.8615637785, 433287.51397553115 4585656.196987519)"
way,1317950517,"LINESTRING (433287.51397553115 4585656.196987519, 433292.0843338582 4585660.607096297, 433363.2079972618 4585730.743539137)"
way,1317950521,"LINESTRING (433363.2079972618 4585730.743539137, 433365.99112756405 4585733.482518992)"
way,1317950522,"LINESTRING (433365.99112756405 4585733.482518992, 433375.5000512898 4585742.377165427, 433382.06085011567 4585748.76751554)"
way,1317950529,"LINESTRING (433462.3356158545 4585827.269927339, 433469.3599505754 4585834.100205622, 433475.92996112606 4585840.601581958)"
way,1317950707,"LINESTRING (425724.7360231553 4581050.582663316, 425728.0099316604 4581055.867456115, 425730.53397752857 4581059.794263698)"
way,1317955589,"LINESTRING (425809.83267113264 4581655.369593432, 425808.86637174746 4581657.366928355, 425807.9779399929 4581659.618835688, 425796.1588105481 4581691.150316881, 425789.59121921874 4581711.2474337835, 425770.30486331997 4581770.53529075, 425768.5748131797 4581773.073401621)"
way,1317955590,"LINESTRING (425821.7485413902 4581631.642573708, 425814.8132042695 4581645.237055905, 425809.83267113264 4581655.369593432)"
way,1317955597,"LINESTRING (425993.2925720989 4581459.657089222, 425990.0667405538 4581461.499825707, 425987.08260411816 4581463.262373993, 425973.1530375009 4581472.498027142, 425943.96468727046 4581495.091116513, 425917.3185483411 4581517.669441012, 425895.4630909415 4581538.500112902, 425882.9802681502 4581550.985439155, 425848.4064334593 4581591.487674161, 425824.8209420306 4581626.2594654495, 425823.5623249374 4581628.293099523, 425821.7485413902 4581631.642573708)"
way,1317955598,"LINESTRING (426022.67951631185 4581451.573816282, 426018.35963367496 4581452.739321985, 426012.7269751098 4581453.9182336535, 426007.72506853624 4581455.4460057, 426002.1420440969 4581457.3905268, 425993.2925720989 4581459.657089222)"
way,1317957454,"LINESTRING (433155.250959541 4585750.414890803, 433153.12465040124 4585752.743923901, 433130.8342925543 4585776.099297849, 433117.83287813235 4585789.93146593, 433091.2271969606 4585817.457113135, 433088.6845407044 4585819.945455735, 433073.88514290255 4585832.728458609, 433064.8834272443 4585840.750254782, 433062.95639430714 4585842.933135556)"
way,1317957455,"LINESTRING (433176.49961595965 4585728.268322607, 433169.3779409042 4585735.373291764, 433155.250959541 4585750.414890803)"
way,1317957460,"LINESTRING (433251.8026746602 4585657.99185366, 433249.2466749921 4585660.857756576, 433242.6611223074 4585668.1131447125, 433234.1938521805 4585669.7900668625, 433232.0327354342 4585671.975059627, 433181.6074602681 4585723.002821384, 433176.49961595965 4585728.268322607)"
way,1317957461,"LINESTRING (433262.51593833836 4585650.642893665, 433261.7530610765 4585651.293893661, 433257.8814719679 4585653.783326412, 433251.8026746602 4585657.99185366)"
way,1317957462,"LINESTRING (433271.09955918253 4585642.547490504, 433267.0576281777 4585646.504063815, 433262.51593833836 4585650.642893665)"
way,1317957463,"LINESTRING (433280.58647017786 4585632.711727152, 433274.81537849037 4585638.571720679, 433272.1493949462 4585641.2942922255, 433271.09955918253 4585642.547490504)"
way,1317957470,"LINESTRING (433357.88622482965 4585553.968748564, 433356.51624720695 4585554.9473108025, 433353.68439499824 4585557.8157149665, 433282.00185496814 4585631.222000632, 433280.58647017786 4585632.711727152)"
way,1317957471,"LINESTRING (433365.5687072465 4585547.8247577185, 433362.293324741 4585550.630625088, 433357.88622482965 4585553.968748564)"
way,1317957482,"LINESTRING (433543.2196598881 4585369.833912798, 433531.85519311327 4585381.88491603, 433528.5185247377 4585385.313025727, 433501.6730231897 4585411.629076817, 433494.82748918096 4585416.110903976, 433471.9778224876 4585439.770086026, 433470.01641654794 4585441.875448371, 433465.667878856 4585443.414306269)"
way,1317957483,"LINESTRING (433465.667878856 4585443.414306269, 433454.91084063624 4585454.238541149, 433451.9144256158 4585457.397091517)"
way,1317957546,"LINESTRING (426155.3499964988 4581988.1282862965, 426139.41910002555 4581982.2395279715)"
way,1317957547,"LINESTRING (426166.36859814316 4581989.537105628, 426163.5179322639 4581988.788944867)"
way,1317959573,"LINESTRING (426414.37247776706 4582071.75221649, 426416.0688253121 4582072.4677862)"
way,1317960809,"LINESTRING (426605.6610597708 4582122.551167021, 426598.20951052924 4582124.9027734725, 426587.3958180954 4582128.831772753)"
way,1317960810,"LINESTRING (426608.96093839547 4582121.429644497, 426607.38384637603 4582122.578126802, 426605.6610597708 4582122.551167021)"
way,1317961460,"LINESTRING (426608.96093839547 4582121.429644497, 426612.90375432966 4582114.439225235, 426615.57790112443 4582106.850993366)"
way,1317961461,"LINESTRING (426628.3875292697 4582068.815607458, 426635.5273320999 4582063.746955191)"
way,1317962079,"LINESTRING (426696.77080333774 4582148.220452448, 426692.62680213177 4582159.298765111)"
way,1317962080,"LINESTRING (426689.11626058345 4582169.349194499, 426685.47279536177 4582168.742089493)"
way,1317962139,"LINESTRING (433654.2164465528 4586035.984581553, 433649.2483031177 4586030.978345453, 433642.39899408177 4586024.05747024)"
way,1317963024,"LINESTRING (426680.9673809143 4582128.406067374, 426678.4182696676 4582137.614046757, 426677.24617165455 4582141.600783388)"
way,1317963025,"LINESTRING (426688.1344225886 4582078.1035671905, 426692.72155731707 4582086.85072804, 426692.8595034494 4582088.914490248)"
way,1317964055,"LINESTRING (426643.2690727701 4582061.969806948, 426638.0468244328 4582056.571110292, 426635.06393771234 4582053.492474265, 426631.3627236778 4582049.66610949)"
way,1317964056,"LINESTRING (426693.51578392414 4582074.440641231, 426699.23118723556 4582069.908305866)"
way,1317964057,"LINESTRING (426688.1344225886 4582078.1035671905, 426693.51578392414 4582074.440641231)"
way,1317965188,"LINESTRING (430427.99428781884 4583428.286864876, 430412.35267501423 4583413.503753094, 430398.1470591648 4583399.3952523125, 430392.88957924885 4583394.282936449)"
way,1317965190,"LINESTRING (430496.10412088514 4583494.527800698, 430493.5707825288 4583491.88742052, 430478.4210362399 4583476.932906245)"
way,1317965191,"LINESTRING (430518.6589992223 4583516.272886499, 430507.7419567224 4583505.929815613, 430504.4322283447 4583502.530782382, 430499.54675183725 4583497.836731614, 430496.10412088514 4583494.527800698)"
way,1317965192,"LINESTRING (430536.27586952003 4583533.957334328, 430520.9722117284 4583518.626711871, 430518.6589992223 4583516.272886499)"
way,1317965193,"LINESTRING (430583.017520639 4583580.307822106, 430537.9578735477 4583535.873103894, 430536.27586952003 4583533.957334328)"
way,1317965194,"LINESTRING (430620.6957639687 4583616.108860211, 430605.27143230813 4583601.234440059, 430583.017520639 4583580.307822106)"
way,1317965195,"LINESTRING (430881.2440469792 4583867.173893676, 430872.7798939367 4583861.4700888675, 430870.5028830973 4583859.3822784275, 430844.439454346 4583834.172229317, 430814.7137363947 4583805.399925663)"
way,1317965196,"LINESTRING (430814.7137363947 4583805.399925663, 430813.41225883586 4583803.924573691, 430795.18607010227 4583785.323756856, 430792.1332053304 4583782.532800399)"
way,1317965847,"LINESTRING (426608.3883182525 4581823.852817335, 426608.48787262454 4581821.2981193755, 426608.70179243933 4581815.999822511, 426609.0412908149 4581807.41376636, 426609.399801811 4581798.227955913, 426609.5802385004 4581793.751620266)"
way,1317965848,"LINESTRING (426609.5802385004 4581793.751620266, 426609.71241966024 4581789.464524384, 426609.58206118527 4581786.501344422)"
way,1317967827,"LINESTRING (426853.58664994786 4581893.209693946, 426851.5919063691 4581891.098057731)"
way,1317967863,"LINESTRING (430901.50852768053 4580721.0187091, 430899.2266496776 4580719.397244129, 430897.13001391763 4580717.907247763)"
way,1317967864,"LINESTRING (430897.13001391763 4580717.907247763, 430890.7052441813 4580713.327519772, 430877.19726993016 4580703.530395363, 430869.0554294131 4580701.309758691, 430855.46838219085 4580702.516334651, 430851.8942381649 4580703.072264298)"
way,1317967865,"LINESTRING (431009.7270616872 4580802.637297374, 431006.0297180754 4580798.153640276, 431002.8012677044 4580795.486385311)"
way,1317967866,"LINESTRING (431039.7316130238 4580842.843774271, 431035.57028320566 4580842.32822713, 431020.89340370434 4580820.384367096, 431009.7270616872 4580802.637297374)"
way,1317967989,"LINESTRING (431214.0632132144 4582397.1942208605, 431224.3379061512 4582386.493446705)"
way,1317967990,"LINESTRING (431224.3379061512 4582386.493446705, 431231.14414783975 4582379.467346817)"
way,1317967991,"LINESTRING (431178.9904143846 4582432.66785339, 431158.9821662876 4582452.03258848, 431156.63895872 4582454.453072475)"
way,1317967992,"LINESTRING (431178.9904143846 4582432.66785339, 431184.42125568265 4582427.853138418)"
way,1317968881,"LINESTRING (428414.4797893972 4582447.800436295, 428416.8293027774 4582459.6462688325, 428418.7065662122 4582471.085959557)"
way,1317968882,"LINESTRING (428414.1246367255 4582445.7054890115, 428414.4797893972 4582447.800436295)"
way,1317974259,"LINESTRING (429549.398959465 4581997.732216884, 429548.0533741211 4581996.0798661765, 429546.12879348686 4581996.798063461, 429544.2126821427 4581997.527281805)"
way,1317974260,"LINESTRING (429555.76892594574 4582007.018921133, 429554.4191832432 4582004.078673407)"
way,1317974261,"LINESTRING (429547.21638796816 4582000.296003803, 429544.2126821427 4581997.527281805)"
way,1317974262,"LINESTRING (429553.1577687238 4582005.922916643, 429548.7274645934 4582001.76909876, 429547.21638796816 4582000.296003803)"
way,1317974551,"LINESTRING (430586.3131604924 4580715.370177521, 430594.94803564687 4580714.921095316, 430597.00370363734 4580714.745971774)"
way,1317974552,"LINESTRING (430597.00370363734 4580714.745971774, 430600.9728786668 4580714.397087585, 430603.7471839497 4580714.159571075, 430607.73361582385 4580713.866039584, 430611.2686895842 4580713.599036925, 430631.65749404277 4580711.782863864)"
way,1317977136,"LINESTRING (433845.9560081591 4584301.057637887, 433853.261086458 4584308.3076364305)"
way,1317977143,"LINESTRING (433932.8470378407 4584386.23315652, 433941.2895098941 4584394.483216427, 433945.3158421791 4584398.776570204)"
way,1317978020,"LINESTRING (426559.3794410443 4583705.822184669, 426562.07732097583 4583700.643016328, 426572.30383307755 4583693.455577168, 426602.85796009196 4583666.931565789, 426610.0602264242 4583660.763005481, 426656.8825024606 4583611.890526101, 426661.0697653639 4583606.82954979, 426661.7698363482 4583605.789878278)"
way,1317978021,"LINESTRING (426661.7698363482 4583605.789878278, 426662.03035818366 4583605.09885215, 426662.17816360504 4583604.00925854, 426662.0989228802 4583602.7887279615, 426662.2065066695 4583601.854984083, 426662.6958006463 4583600.6397988405, 426665.4515556492 4583597.036716307, 426668.6439408297 4583592.796340843, 426669.71395338693 4583591.963881546, 426670.629751281 4583591.588208128, 426672.7557166756 4583591.01152935, 426674.3421994613 4583589.996192667)"
way,1317978023,"LINESTRING (426674.3421994613 4583589.996192667, 426676.1759013105 4583587.801432288, 426727.8247050623 4583521.759707138)"
way,1317978024,"LINESTRING (426727.8247050623 4583521.759707138, 426733.0599272939 4583514.500876688, 426734.109533883 4583513.302234111)"
way,1317978025,"LINESTRING (426734.109533883 4583513.302234111, 426755.4388817992 4583484.640530538, 426757.92382334283 4583483.183108276)"
way,1317978026,"LINESTRING (426757.92382334283 4583483.183108276, 426769.31105226936 4583478.29365086, 426776.13149320916 4583475.670990083)"
way,1317980178,"LINESTRING (434043.8732258354 4584316.039321899, 434048.0794562735 4584311.637606665, 434051.38283614145 4584308.143444191)"
way,1317980187,"LINESTRING (434125.68928020675 4584194.662633642, 434131.2875087572 4584199.918833149, 434134.3154263192 4584202.889039405)"
way,1317980192,"LINESTRING (434252.470735478 4584087.8561512735, 434256.95255286456 4584083.396547934)"
way,1317980193,"LINESTRING (434244.7399263617 4584095.376322672, 434249.4211279332 4584090.781670298, 434252.470735478 4584087.8561512735)"
way,1317981016,"LINESTRING (426776.13149320916 4583475.670990083, 426780.11129654176 4583474.0541217225, 426782.5230332554 4583472.797302649, 426784.94879565004 4583471.273870093, 426786.9149097746 4583469.766188264, 426789.5809033505 4583467.196644687, 426791.3276574898 4583465.491327309, 426799.98519680236 4583456.865590433, 426828.6249756855 4583426.86448261, 426859.00363294105 4583396.834829962, 426873.68166778696 4583382.508052354, 426882.91325427155 4583376.896644306, 426900.7816952907 4583358.929234358, 426923.1496371105 4583336.974897795, 426935.27307036525 4583325.471988734, 426947.47835138586 4583316.277702109, 426958.2818830828 4583308.18566925, 426972.2920139982 4583299.717125318, 426984.7604401388 4583293.395930395, 426993.2177688299 4583289.746604091, 427009.72879727307 4583283.873234899, 427025.95356317156 4583279.457282613, 427046.4833335445 4583276.641246022, 427054.3439384525 4583275.9958154885)"
way,1317981017,"LINESTRING (427054.3439384525 4583275.9958154885, 427068.0279136205 4583275.802486958, 427075.5705481637 4583275.959698101, 427090.6257078014 4583275.774811719)"
way,1317981018,"LINESTRING (427098.92469931697 4583275.491415625, 427110.23276279337 4583274.31170948, 427118.45652054425 4583274.029093001)"
way,1317981019,"LINESTRING (427090.6257078014 4583275.774811719, 427094.20302343275 4583275.683284395, 427098.92469931697 4583275.491415625)"
way,1317981021,"LINESTRING (428377.63781653997 4583382.722578416, 428382.59100683394 4583386.504116891, 428387.7627430913 4583390.405630196)"
way,1317981023,"LINESTRING (428310.40447644127 4583341.274260729, 428313.17121138 4583342.912318477, 428374.18906095205 4583380.591608524, 428377.63781653997 4583382.722578416)"
way,1317981024,"LINESTRING (428299.4394798973 4583335.731400677, 428304.9754923026 4583338.419026657, 428310.40447644127 4583341.274260729)"
way,1317981027,"LINESTRING (428210.986052397 4583300.11220622, 428213.26753263315 4583300.86679921, 428243.20116388146 4583311.373340851, 428274.0668866256 4583323.991439644, 428299.4394798973 4583335.731400677)"
way,1317981028,"LINESTRING (428189.39479003643 4583292.865066377, 428197.6378081207 4583295.370329564, 428210.986052397 4583300.11220622)"
way,1317981031,"LINESTRING (428116.1458266643 4583276.426539341, 428118.6074875047 4583276.801813485, 428122.6936461414 4583277.438540051, 428138.32584288286 4583279.803787806, 428169.2284597402 4583286.836286693, 428186.5370506417 4583292.171709717, 428189.39479003643 4583292.865066377)"
way,1317981032,"LINESTRING (428096.83289633936 4583273.842512779, 428107.22159151686 4583275.20497177, 428116.1458266643 4583276.426539341)"
way,1317981035,"LINESTRING (428012.8622307869 4583268.847612641, 428017.1378044154 4583269.193719905, 428052.4694318108 4583270.119481523, 428071.61110050394 4583271.450455388, 428089.8556661923 4583273.36774161, 428096.83289633936 4583273.842512779)"
way,1317981036,"LINESTRING (427993.86676597403 4583268.769976199, 428003.5371789029 4583268.5183942225, 428012.8622307869 4583268.847612641)"
way,1317981468,"LINESTRING (434278.0607176924 4584061.432364027, 434281.5667422289 4584058.136323254, 434282.1386429563 4584057.598198959)"
way,1317982362,"LINESTRING (434276.66018674034 4584040.671774787, 434275.19441999454 4584040.351996499, 434272.94012291083 4584038.806967857, 434267.4256054204 4584039.090187197)"
way,1317982366,"LINESTRING (434270.9235622312 4584047.796320311, 434275.63820304273 4584052.405587529)"
way,1317982479,"LINESTRING (434281.1091387119 4584039.954122816, 434280.36885673 4584040.36054212, 434278.4144712143 4584040.544823314, 434276.66018674034 4584040.671774787)"
way,1317982736,"LINESTRING (427898.67144858424 4583269.161919679, 427902.16683115525 4583269.238151991, 427990.73305194697 4583268.912163164, 427993.86676597403 4583268.769976199)"
way,1317982737,"LINESTRING (427884.3514883572 4583269.293393372, 427892.84420323896 4583269.153317352, 427898.67144858424 4583269.161919679)"
way,1317982739,"LINESTRING (427737.2420035028 4583270.049137574, 427739.66692793707 4583270.091560471, 427749.9930351561 4583270.199496141, 427774.2127679868 4583270.179979257, 427875.8940911544 4583269.621878286, 427884.3514883572 4583269.293393372)"
way,1317982740,"LINESTRING (427715.7430995136 4583270.44132903, 427726.55117880425 4583270.255743248, 427737.2420035028 4583270.049137574)"
way,1317982742,"LINESTRING (427655.41335538053 4583271.132541564, 427709.13626272534 4583271.062422627, 427715.7430995136 4583270.44132903)"
way,1317982743,"LINESTRING (427645.4480351811 4583271.154372109, 427650.33868517645 4583271.138822791, 427655.41335538053 4583271.132541564)"
way,1317982744,"LINESTRING (427524.54414680327 4583271.508338705, 427533.6334979234 4583271.672754516, 427645.4480351811 4583271.154372109)"
way,1317982745,"LINESTRING (427496.4122409855 4583268.236956516, 427503.30884688423 4583268.167917566, 427508.70051651023 4583268.0917424755, 427516.0661445337 4583268.10684502, 427520.19552627235 4583268.043311993, 427521.28045972914 4583268.687530833, 427524.54414680327 4583271.508338705)"
way,1317982747,"LINESTRING (427420.9897871523 4583272.045730605, 427487.14243975165 4583271.7605876755, 427491.96312653925 4583270.602023661, 427494.7110107625 4583268.664798538, 427496.4122409855 4583268.236956516)"
way,1317982748,"LINESTRING (427402.49897610286 4583272.275471314, 427417.78195707966 4583272.299938398, 427420.9897871523 4583272.045730605)"
way,1317982749,"LINESTRING (427118.45652054425 4583274.029093001, 427149.4806022754 4583273.905707575, 427190.1309433667 4583273.297067362)"
way,1317982750,"LINESTRING (427190.1309433667 4583273.297067362, 427193.3909333629 4583273.242088276, 427201.7355208664 4583273.335853849)"
way,1317982751,"LINESTRING (427201.7355208664 4583273.335853849, 427223.51631181914 4583273.538865713)"
way,1317982752,"LINESTRING (427223.51631181914 4583273.538865713, 427241.45550766314 4583273.325312626, 427242.3084017908 4583273.338950281)"
way,1317982755,"LINESTRING (427242.3084017908 4583273.338950281, 427254.0485135487 4583273.554106978, 427288.529414732 4583272.99688783)"
way,1317982756,"LINESTRING (427288.529414732 4583272.99688783, 427291.037159252 4583272.960608107, 427302.3826993557 4583273.013259399)"
way,1317983430,"LINESTRING (431001.74007780827 4587751.157775159, 431002.5601490949 4587756.54598617)"
way,1317983432,"LINESTRING (431006.6096415063 4587770.275014304, 431005.0888742183 4587765.004517073, 431004.38792299683 4587762.468628149)"
way,1317984809,"LINESTRING (430374.586941026 4580728.925665251, 430372.524235856 4580732.720448409)"
way,1317984810,"LINESTRING (430372.5323286574 4580757.068918854, 430376.52388506837 4580760.794441701)"
way,1317985556,"LINESTRING (434376.7279647145 4583961.300817325, 434386.14609068533 4583953.610065094, 434391.10661982524 4583950.300899784, 434392.94291406946 4583949.074058759, 434394.89622988895 4583947.8461579345)"
way,1317985557,"LINESTRING (434394.89622988895 4583947.8461579345, 434396.3281824828 4583947.200325646, 434398.98099985655 4583946.598946412)"
way,1317987036,"LINESTRING (434176.79530157556 4583594.048120267, 434173.94602625153 4583596.960741368)"
way,1317987235,"LINESTRING (434173.94602625153 4583596.960741368, 434170.60076125356 4583600.4885251)"
way,1317987395,"LINESTRING (431062.8677612882 4587789.068769145, 431059.2228871815 4587790.602412392, 431054.6423389852 4587792.144977618)"
way,1317987396,"LINESTRING (431071.6271169671 4587785.0326274615, 431069.6388096275 4587785.928711491, 431065.43071128224 4587787.978455581)"
way,1317987397,"LINESTRING (431065.43071128224 4587787.978455581, 431062.8677612882 4587789.068769145)"
way,1317987987,"LINESTRING (434096.87287243037 4583676.358245705, 434100.21021227684 4583672.886012042, 434103.2669875031 4583669.816033185)"
way,1317989246,"LINESTRING (431185.3624540049 4587784.882153301, 431180.7629664396 4587784.437390661)"
way,1317989247,"LINESTRING (431180.7629664396 4587784.437390661, 431178.42145115195 4587784.215407943)"
way,1317990827,"LINESTRING (433563.20951128786 4583635.413500169, 433566.7600320047 4583637.890158628)"
way,1317992885,"LINESTRING (433671.2658960654 4583476.463538808, 433696.2876132268 4583503.003229345)"
way,1317992886,"LINESTRING (433616.42533025565 4583417.221920646, 433618.62051566376 4583419.577795868, 433621.15434379247 4583422.396884956)"
way,1317992889,"LINESTRING (433621.15434379247 4583422.396884956, 433626.1914218908 4583427.435795297, 433648.87925158977 4583451.953804751)"
way,1317992890,"LINESTRING (433648.87925158977 4583451.953804751, 433650.27245816926 4583453.462122332, 433651.5131639795 4583454.7497815555)"
way,1317992892,"LINESTRING (433651.5131639795 4583454.7497815555, 433652.5678306308 4583455.805986822, 433667.33941562136 4583472.191620602)"
way,1317992893,"LINESTRING (433667.33941562136 4583472.191620602, 433669.391749896 4583474.471099665, 433671.2658960654 4583476.463538808)"
way,1317992895,"LINESTRING (433514.0292656291 4583310.330938595, 433516.54125572176 4583312.583950365, 433545.6578039214 4583344.292756655)"
way,1317992896,"LINESTRING (433545.6578039214 4583344.292756655, 433548.0128804169 4583346.75817189, 433551.29542827694 4583350.081095674)"
way,1317994631,"LINESTRING (430627.4816188563 4581056.632724657, 430626.6070396086 4581057.873512153)"
way,1317994632,"LINESTRING (430626.6070396086 4581057.873512153, 430625.53981525317 4581059.082835285)"
way,1317994870,"LINESTRING (430606.6077583732 4581030.396682625, 430607.74113641714 4581029.109003458, 430609.75387811963 4581027.080117188)"
way,1317994871,"LINESTRING (430444.21026461245 4581215.150516609, 430473.67223885475 4581181.203953067, 430502.5926117104 4581148.306378928, 430533.46953986946 4581113.602614499, 430567.98095161666 4581074.15656176, 430606.6077583732 4581030.396682625)"
way,1318002263,"LINESTRING (430219.4368963196 4582102.287839668, 430209.29933142423 4582090.660847234, 430205.70162786654 4582084.355760759)"
way,1318002264,"LINESTRING (430328.2202768978 4582209.993572842, 430324.49765262706 4582206.332115759, 430226.8980912836 4582110.376596239, 430221.89233064384 4582105.461819445, 430219.4368963196 4582102.287839668)"
way,1318002265,"LINESTRING (430107.28014273767 4581987.610310574, 430106.1578534171 4581986.555260513, 430104.86545279477 4581985.202073917)"
way,1318002266,"LINESTRING (430104.86545279477 4581985.202073917, 430094.86398414377 4581975.583544515, 430040.7121720287 4581921.779821928, 430030.1561290424 4581911.900264625, 430027.8256423032 4581909.55785694)"
way,1318002267,"LINESTRING (430027.8256423032 4581909.55785694, 430016.4527715117 4581905.148825252, 430010.1913996637 4581902.722260672)"
way,1318002268,"LINESTRING (430010.1913996637 4581902.722260672, 430005.6033002378 4581898.658515918)"
way,1318002392,"LINESTRING (430103.2689218398 4582182.8709811075, 430094.4181726659 4582173.763188977)"
way,1318004174,"LINESTRING (430556.57633923943 4583383.396182479, 430478.1442415789 4583358.401077007)"
way,1318004175,"LINESTRING (430478.1442415789 4583358.401077007, 430468.9899490825 4583354.924932324, 430459.0033338104 4583351.83428952)"
way,1318111338,"LINESTRING (431628.44800570025 4583710.9019520255, 431634.3937625581 4583704.916888266, 431647.9899634492 4583691.098713502)"
way,1318111339,"LINESTRING (431625.40857387206 4583713.928422834, 431627.6804766434 4583711.952867823, 431628.44800570025 4583710.9019520255)"
way,1318115402,"LINESTRING (431467.1493670038 4583704.021841284, 431472.53207856196 4583709.2225557985, 431532.8165564247 4583768.741008741)"
way,1318119003,"LINESTRING (431471.93873135064 4583089.033534338, 431466.69779836293 4583094.445802631, 431461.73847521946 4583099.577838667)"
way,1318119004,"LINESTRING (431461.73847521946 4583099.577838667, 431447.82070441474 4583113.954520091)"
way,1318125853,"LINESTRING (431658.22430263914 4583088.017256901, 431650.1050028305 4583080.788200287)"
way,1318125854,"LINESTRING (431662.26294256304 4583091.620883908, 431660.82996238174 4583090.379782912, 431658.22430263914 4583088.017256901)"
way,1318125855,"LINESTRING (431650.1050028305 4583080.788200287, 431638.1404291396 4583069.187614829)"
way,1318125856,"LINESTRING (431638.1404291396 4583069.187614829, 431635.8201367244 4583066.944534497, 431633.466089709 4583064.668464958)"
way,1318125857,"LINESTRING (431570.9333611969 4583003.083037744, 431566.22140757187 4582998.1312741535, 431562.1765838406 4582993.883792233)"
way,1318125858,"LINESTRING (431562.1765838406 4582993.883792233, 431548.5740502212 4582979.734068921)"
way,1318131401,"LINESTRING (428399.12707517314 4581435.664030998, 428410.0410673781 4581446.770159182)"
way,1318132910,"LINESTRING (431763.1981523038 4583191.005641859, 431756.28786961077 4583184.298015525, 431747.6813990092 4583175.91874727)"
way,1318134474,"LINESTRING (427671.5584383763 4580788.592697029, 427673.04538428434 4580785.069329135)"
way,1318135903,"LINESTRING (431287.1342120968 4583701.686320399, 431281.5868161232 4583694.122391965, 431271.15730360366 4583682.152551411)"
way,1318135904,"LINESTRING (431271.15730360366 4583682.152551411, 431264.6423225217 4583688.909420415, 431259.3245452476 4583694.089425756)"
way,1318135907,"LINESTRING (431369.92706054845 4583779.998013523, 431366.3314549105 4583776.368145721, 431362.03156359796 4583775.165381075, 431357.4057039105 4583771.3232258875, 431297.38054882095 4583712.858514336, 431287.1342120968 4583701.686320399)"
way,1318135908,"LINESTRING (431381.1345343886 4583791.172315638, 431374.6276700442 4583784.672183311, 431369.92706054845 4583779.998013523)"
way,1318135912,"LINESTRING (431456.203535881 4583867.970451032, 431450.21310394205 4583862.142639344, 431445.90077585704 4583857.8533463925, 431390.7030157484 4583804.060902812, 431388.04062972346 4583800.988428753, 431386.7261693113 4583797.248113922, 431381.1345343886 4583791.172315638)"
way,1318135913,"LINESTRING (431471.7439181487 4583882.989878254, 431463.29641728697 4583874.57613622, 431456.203535881 4583867.970451032)"
way,1318135915,"LINESTRING (431554.31325263024 4583960.195442585, 431552.09141551406 4583957.729403445, 431546.73322407797 4583955.981392788, 431540.8527545929 4583950.274600424, 431478.9597815171 4583890.227277894, 431471.7439181487 4583882.989878254)"
way,1318135916,"LINESTRING (431562.55679302523 4583968.278129271, 431557.9086736561 4583963.825402515, 431554.31325263024 4583960.195442585)"
way,1318135920,"LINESTRING (431647.2136476443 4584053.414642143, 431634.33752399613 4584040.723501043, 431617.8180480952 4584024.636004507, 431574.4033427615 4583982.56658624, 431569.49255443935 4583977.738837099, 431566.18259767664 4583971.585822866, 431562.55679302523 4583968.278129271)"
way,1318135921,"LINESTRING (431658.46080972743 4584064.455750869, 431651.1372653826 4584057.28581166, 431647.2136476443 4584053.414642143)"
way,1318136543,"LINESTRING (427759.648865749 4580856.630123312, 427762.4912404477 4580859.877161089, 427765.0127473915 4580862.816515488, 427793.35333046975 4580894.510584537, 427800.7292006412 4580903.708060493, 427808.4959763725 4580912.690694168)"
way,1318136544,"LINESTRING (427749.3980173386 4580835.8920820365, 427755.8043374894 4580847.652855355, 427759.648865749 4580856.630123312)"
way,1318139083,"LINESTRING (431821.90710731724 4583527.002250303, 431817.804710403 4583516.593091712)"
way,1318139084,"LINESTRING (431817.804710403 4583516.593091712, 431817.0007604528 4583514.66876511)"
way,1318139085,"LINESTRING (431766.91089299077 4583398.727155187, 431762.16813369736 4583388.690454419, 431756.8594278921 4583378.03733002, 431753.2112340182 4583371.487718416)"
way,1318139086,"LINESTRING (431817.0007604528 4583514.66876511, 431805.6102068529 4583487.574035443, 431776.3893659891 4583418.056741103, 431774.6164337507 4583414.442811423, 431766.91089299077 4583398.727155187)"
way,1318139087,"LINESTRING (431686.5181114548 4583260.199778302, 431685.5064745093 4583258.421761781, 431684.6597227122 4583256.397927374)"
way,1318139088,"LINESTRING (431684.6597227122 4583256.397927374, 431681.21869778004 4583248.780522803)"
way,1318140108,"LINESTRING (432022.86619084125 4584417.826770864, 432013.15663614974 4584408.402794496, 431963.43584552873 4584360.139427844, 431953.83573257347 4584350.814425833)"
way,1318140109,"LINESTRING (431953.83573257347 4584350.814425833, 431947.7298127095 4584345.065020815, 431937.96385197877 4584335.88593531)"
way,1318140110,"LINESTRING (431937.96385197877 4584335.88593531, 431932.033743017 4584330.168198912, 431891.96357738646 4584291.363041435, 431862.3293979051 4584262.785537938, 431854.86562002555 4584251.331014057)"
way,1318140111,"LINESTRING (431854.86562002555 4584251.331014057, 431847.52041325875 4584244.483069257, 431843.6812115234 4584240.677619126)"
way,1318140113,"LINESTRING (431741.81493368995 4584141.989066104, 431734.0822255105 4584136.621566969, 431667.7490611451 4584073.428024895, 431658.46080972743 4584064.455750869)"
way,1318140114,"LINESTRING (431755.4084825133 4584155.450830627, 431748.8690539473 4584148.972885254, 431741.81493368995 4584141.989066104)"
way,1318140974,"LINESTRING (431754.4303711088 4583983.387891478, 431749.85296544095 4583982.875893264, 431745.2314093146 4583978.567135677)"
way,1318143247,"LINESTRING (431750.90047223604 4583556.527413341, 431759.76996325405 4583568.912332171, 431762.1959242218 4583572.631133473, 431771.25760055904 4583581.461341912)"
way,1318143248,"LINESTRING (431676.24025611125 4583482.287162423, 431692.1348015816 4583498.480622366, 431743.1528114059 4583548.750717998, 431750.90047223604 4583556.527413341)"
way,1318143249,"LINESTRING (431667.8219177551 4583474.328124203, 431672.0567953831 4583478.37401669, 431676.24025611125 4583482.287162423)"
way,1318143250,"LINESTRING (431578.9158256951 4583387.843596276, 431581.9269548036 4583390.657479603, 431648.86448756 4583456.042978433, 431652.79551997606 4583459.780847858, 431667.8219177551 4583474.328124203)"
way,1318143330,"LINESTRING (431847.0976701486 4584074.357913224, 431834.61834570253 4584062.040186231, 431824.30740778917 4584051.856017326)"
way,1318143331,"LINESTRING (431853.1460105896 4584080.17439661, 431847.0976701486 4584074.357913224)"
way,1318152612,"LINESTRING (431718.6792695421 4583574.906600994, 431666.7670220458 4583523.77909121, 431656.9300244394 4583514.312361326)"
way,1318152613,"LINESTRING (431642.85760037915 4583500.744257261, 431628.118352491 4583486.505201098, 431556.44066345046 4583415.802010232, 431552.6754139804 4583415.460099195)"
way,1318154044,"LINESTRING (431441.6742493367 4583489.1227872865, 431444.0009066371 4583486.746954417, 431448.1327445669 4583482.544267608)"
way,1318160516,"LINESTRING (430223.52926498523 4587857.363047825, 430331.55748979194 4587843.342162186, 430335.7302038774 4587842.84674333)"
way,1318160517,"LINESTRING (430335.7302038774 4587842.84674333, 430346.1018545732 4587841.436689842, 430354.01201332617 4587840.36123944)"
way,1318167143,"LINESTRING (430354.01201332617 4587840.36123944, 430356.9067514188 4587839.900346393, 430493.48733220185 4587820.965946596, 430499.2445963804 4587820.166716297)"
way,1318167144,"LINESTRING (430499.2445963804 4587820.166716297, 430502.07273016556 4587819.728727764, 430505.68498771364 4587819.161072675)"
way,1318180276,"LINESTRING (428332.3883411344 4582141.782187867, 428330.2092524812 4582128.591241249, 428317.66944401414 4582042.656389144, 428311.3847068881 4581988.058788593, 428306.88477397524 4581985.3941969)"
way,1318180277,"LINESTRING (428334.8654021507 4582157.20187943, 428333.3837102962 4582148.578446024, 428332.3883411344 4582141.782187867)"
way,1318180282,"LINESTRING (428353.2419994477 4582256.746767395, 428352.9054092874 4582254.840389633, 428335.50758677325 4582160.415380762, 428334.8654021507 4582157.20187943)"
way,1318180283,"LINESTRING (428356.0589338451 4582271.030605551, 428355.38432866527 4582267.073525562, 428353.2419994477 4582256.746767395)"
way,1318180288,"LINESTRING (428448.1633864626 4582652.250412388, 428446.2304918864 4582646.173986457, 428433.9864672084 4582609.433153402, 428420.8095719005 4582569.681556385, 428414.0239261776 4582546.354698522, 428398.11850418965 4582478.428618923, 428397.4519481545 4582475.281970242)"
way,1318180289,"LINESTRING (428397.4519481545 4582475.281970242, 428395.4572971389 4582462.966311704, 428393.1175162846 4582452.108551341)"
way,1318181765,"LINESTRING (431074.8184237456 4583697.764053392, 431079.1331914044 4583693.492789002)"
way,1318181766,"LINESTRING (431079.1331914044 4583693.492789002, 431086.29513976513 4583686.21885989)"
way,1318192163,"LINESTRING (428882.46725924424 4580972.931679539, 428877.37928759534 4580970.039337764, 428874.5630398945 4580968.545876991)"
way,1318195079,"LINESTRING (430761.01272878615 4587783.303224694, 430811.03955555195 4587775.996121751, 430840.3916519575 4587771.718303547, 430872.84764548135 4587767.000126631, 430906.2128101845 4587762.117968767, 430941.02646823355 4587756.678089203, 431001.1949826547 4587747.4434866235, 431001.74007780827 4587751.157775159)"
way,1318195080,"LINESTRING (430755.54547133454 4587783.855203448, 430757.55852918164 4587783.802620339, 430761.01272878615 4587783.303224694)"
way,1318195087,"LINESTRING (431003.6869713104 4587759.932739297, 431002.5601490949 4587756.54598617)"
way,1318195088,"LINESTRING (431004.38792299683 4587762.468628149, 431003.6869713104 4587759.932739297)"
way,1318196052,"LINESTRING (428562.4609128022 4580580.304446949, 428564.6037719623 4580581.338104604)"
way,1318196053,"LINESTRING (428564.6037719623 4580581.338104604, 428570.50931751385 4580583.134092337, 428578.27781188965 4580585.566799906)"
way,1318196061,"LINESTRING (428578.27781188965 4580585.566799906, 428583.3882470998 4580587.304015062)"
way,1318199258,"LINESTRING (430811.8153982472 4584171.33452857, 430806.1513866142 4584176.951206924, 430800.871552743 4584182.530909445)"
way,1318199259,"LINESTRING (430800.871552743 4584182.530909445, 430792.45530039375 4584191.427052917, 430791.41242955497 4584196.011414856, 430788.058371532 4584199.296625513, 430731.30338945996 4584254.7321239775, 430720.3575649607 4584265.695491507, 430717.94083776127 4584268.2167699775)"
way,1318199260,"LINESTRING (430717.94083776127 4584268.2167699775, 430714.96169616864 4584271.365193838, 430712.77496824804 4584273.462362898)"
way,1318199261,"LINESTRING (430712.77496824804 4584273.462362898, 430711.9811759783 4584274.369294485, 430700.2160150048 4584286.184355798, 430697.7361962824 4584292.592260723, 430638.3004232992 4584350.752194975, 430627.4912164932 4584362.858001114)"
way,1318199262,"LINESTRING (430627.4912164932 4584362.858001114, 430621.0365548048 4584368.804392723, 430613.2265283482 4584377.239728106)"
way,1318199263,"LINESTRING (430613.2265283482 4584377.239728106, 430605.38351311954 4584385.719800251, 430576.73336281034 4584416.682909749, 430574.6651173081 4584418.923324473, 430562.7121719068 4584428.5420468785)"
way,1318200502,"LINESTRING (431083.173050254 4587819.152988973, 431062.8677612882 4587789.068769145)"
way,1318200503,"LINESTRING (431065.43071128224 4587787.978455581, 431087.49428242433 4587815.825337428)"
way,1318200504,"LINESTRING (431091.164442692 4587820.453604932, 431092.88108119264 4587822.613426582, 431096.14970390627 4587827.190007714)"
way,1318200505,"LINESTRING (431091.2900032159 4587831.877344986, 431087.08221078507 4587825.189051665, 431085.723955814 4587822.93699263)"
way,1318203940,"LINESTRING (428520.6853839075 4582090.247443992, 428516.87399866804 4582093.793575786, 428511.23746587534 4582096.258527982, 428510.1854958631 4582097.268172424)"
way,1318203941,"LINESTRING (428498.2867521792 4582109.121396617, 428497.32642643934 4582110.096829774, 428495.5714586042 4582111.890620148, 428491.6405251071 4582115.182578189, 428490.9229610901 4582117.032748244)"
way,1318204432,"LINESTRING (428374.3829438955 4580517.541527184, 428376.70327240834 4580517.063380434)"
way,1318204433,"LINESTRING (428376.70327240834 4580517.063380434, 428382.00911014224 4580519.098303537, 428386.022704936 4580520.701880717)"
way,1318204667,"LINESTRING (431237.66951666307 4587795.0434518475, 431235.66841958766 4587794.59615507, 431233.9265295409 4587793.291467327, 431233.058350838 4587791.612074839, 431201.77124140784 4587786.591332143, 431185.3624540049 4587784.882153301)"
way,1318204668,"LINESTRING (431242.57978891314 4587795.662942807, 431239.75236143905 4587795.301221857, 431237.66951666307 4587795.0434518475)"
way,1318204669,"LINESTRING (431356.7724729515 4587814.674489211, 431353.8757549649 4587812.292646186, 431257.61771947343 4587796.430427748, 431255.0561686071 4587795.033599718, 431247.8355882992 4587793.958636716, 431242.57978891314 4587795.662942807)"
way,1318204670,"LINESTRING (431362.68807073485 4587815.584298449, 431359.99379863346 4587815.165752319, 431356.7724729515 4587814.674489211)"
way,1318204671,"LINESTRING (431624.1565927669 4587823.533111012, 431618.0727828849 4587824.267913476, 431603.572112327 4587829.0571699245, 431603.2017248159 4587831.4144949205, 431602.9889714716 4587832.771065025)"
way,1318204672,"LINESTRING (431602.9889714716 4587832.771065025, 431602.52368909895 4587835.695537207, 431601.9958786883 4587839.07582112)"
way,1318204673,"LINESTRING (431601.5463605495 4587841.900217907, 431601.18873875367 4587844.723745586, 431600.60045547603 4587847.89364588)"
way,1318204674,"LINESTRING (431601.9958786883 4587839.07582112, 431601.5463605495 4587841.900217907)"
way,1318204677,"LINESTRING (431600.60045547603 4587847.89364588, 431600.1459444916 4587851.07338394, 431518.76386576035 4587838.175851445, 431515.8280768248 4587837.8372552125, 431512.45004133665 4587837.558363024, 431511.5300862895 4587838.3442808855, 431510.15837456135 4587839.067859623, 431508.6652884654 4587839.326264775)"
way,1318204678,"LINESTRING (431508.6652884654 4587839.326264775, 431505.2526799368 4587838.9255710775, 431501.86523871013 4587838.535743541)"
way,1318206098,"LINESTRING (428360.9214130943 4580518.762641628, 428362.69219299254 4580519.378007151, 428367.4589818811 4580521.029645052)"
way,1318206099,"LINESTRING (428367.4589818811 4580521.029645052, 428369.6665946749 4580521.840547843, 428372.43593251123 4580522.790238458)"
way,1318208346,"LINESTRING (430581.5348390759 4582478.27210293, 430588.9121862483 4582471.584099695, 430590.4709634615 4582470.214613742, 430592.1280450475 4582468.633231687, 430593.86058370874 4582467.073332826, 430595.425808682 4582465.503934514, 430602.47467958205 4582458.563726783, 430608.79571652546 4582452.452110557, 430611.24636771076 4582449.919387579, 430615.01027173456 4582445.697553485, 430617.1965835727 4582443.5004506195)"
way,1318208347,"LINESTRING (430617.1965835727 4582443.5004506195, 430626.8529488938 4582432.93796448)"
way,1318208348,"LINESTRING (430494.3352310974 4582567.0430185925, 430497.109191489 4582564.229580752, 430515.2846416868 4582545.7687795)"
way,1318209985,"LINESTRING (428389.08952447795 4580311.326198177, 428380.53685656196 4580302.361820183)"
way,1318209986,"LINESTRING (428399.00014293956 4580320.5991573725, 428394.0186514939 4580315.851905672, 428389.08952447795 4580311.326198177)"
way,1318209996,"LINESTRING (428415.4916388355 4580295.010626758, 428425.8048383688 4580305.245599619, 428441.5023167677 4580320.368228394, 428448.0977443335 4580326.787223412, 428453.06411004975 4580331.701204274, 428455.15115000535 4580335.544417603)"
way,1318209997,"LINESTRING (428409.3980402237 4580288.597807409, 428412.15330438333 4580291.501765494, 428415.4916388355 4580295.010626758)"
way,1318209999,"LINESTRING (428473.1249413963 4580393.202090039, 428471.21544343606 4580391.244614166)"
way,1318210373,"LINESTRING (433029.4017766692 4582659.2201880915, 433026.3787561321 4582662.323612005)"
way,1318210374,"LINESTRING (433026.3787561321 4582662.323612005, 433020.0959249714 4582669.143307122, 433013.78833333304 4582675.996545373, 433010.3034225588 4582679.781518329)"
way,1318220542,"LINESTRING (428256.1221738538 4578614.519231762, 428243.6942344936 4578637.702864548, 428234.2548210422 4578655.16117, 428231.8245290216 4578659.804017641)"
way,1318220543,"LINESTRING (428361.5645087949 4578415.579309608, 428350.8455933461 4578437.380203331, 428343.7834500203 4578450.795624978, 428342.0508850815 4578454.099192924)"
way,1318220544,"LINESTRING (428342.0508850815 4578454.099192924, 428312.20396061894 4578509.375576445)"
way,1318220545,"LINESTRING (428312.20396061894 4578509.375576445, 428308.68485997047 4578515.594662441, 428307.1075311542 4578518.519207508)"
way,1318220546,"LINESTRING (428307.1075311542 4578518.519207508, 428266.72590480134 4578594.662323229, 428264.62313938886 4578598.591334749)"
way,1318220547,"LINESTRING (428264.62313938886 4578598.591334749, 428260.74672081094 4578605.8909604605, 428256.1221738538 4578614.519231762)"
way,1318220548,"LINESTRING (428231.8245290216 4578659.804017641, 428223.7584761537 4578674.861628804, 428213.74197698047 4578693.169494545, 428213.37567059754 4578694.194585674)"
way,1318221176,"LINESTRING (431535.4285213616 4587620.700331425, 431541.2123144387 4587619.146686055, 431557.61382282677 4587614.761237277)"
way,1318221179,"LINESTRING (431688.100473807 4587579.763574367, 431698.301303069 4587577.013633378, 431713.3193992838 4587572.985797451)"
way,1318222229,"LINESTRING (427336.85914605064 4581764.093616708, 427335.1734223402 4581762.767062299)"
way,1318222230,"LINESTRING (427335.1734223402 4581762.767062299, 427332.876891258 4581760.569499183, 427329.97399461956 4581758.777725104)"
way,1318222231,"LINESTRING (427266.6980318759 4581707.139812294, 427262.8183880124 4581703.847864529, 427260.6171344818 4581701.982456352)"
way,1318222232,"LINESTRING (427260.6171344818 4581701.982456352, 427251.4999528441 4581694.246389902, 427152.53480610735 4581610.369513832, 427127.2323234069 4581588.928715282)"
way,1318222358,"LINESTRING (432015.92205701815 4582539.934882681, 432019.8608775953 4582540.908275542)"
way,1318222359,"LINESTRING (432032.895032484 4582553.309957948, 432036.403428285 4582556.530168996, 432040.24422501284 4582560.424535625)"
way,1318222859,"LINESTRING (432041.1735412138 4582561.448380034, 432036.66118143935 4582561.723873362)"
way,1318223445,"LINESTRING (428120.2228936376 4579998.631087609, 428119.2717773889 4579993.810750627, 428114.03980785044 4579972.278564065, 428096.1924888319 4579912.577542321, 428091.30487647955 4579897.10414677)"
way,1318223446,"LINESTRING (428091.30487647955 4579897.10414677, 428089.2468915449 4579891.16229511, 428086.9885172467 4579886.0995616885, 428083.5147712012 4579876.563308138, 428082.3195478349 4579873.277599239)"
way,1318225275,"LINESTRING (428565.1039915796 4581486.487279891, 428562.5567573948 4581485.124525327, 428558.2522137359 4581482.790936285, 428552.27981682227 4581479.230266563)"
way,1318225276,"LINESTRING (428552.27981682227 4581479.230266563, 428549.15059367195 4581477.362520349, 428543.38116455567 4581474.03301792, 428530.87829909456 4581467.139269744, 428449.59915842314 4581420.054424929, 428442.74620190606 4581412.016955436)"
way,1318225723,"LINESTRING (431925.3723285693 4582447.432665043, 431930.1731086501 4582452.039637944, 431957.2227504095 4582477.999292068, 431958.8511088634 4582479.56059886, 431976.49318110495 4582496.493268914, 431999.4862443148 4582519.659948296, 432001.3347663859 4582521.518973964, 432002.9214082552 4582523.091784767, 432004.23059592536 4582524.500657817, 432008.91694006114 4582529.397428927)"
way,1318225724,"LINESTRING (431914.6296773122 4582436.9082165, 431920.6635069274 4582442.824831022, 431925.3723285693 4582447.432665043)"
way,1318225725,"LINESTRING (431734.8991226605 4582259.544279378, 431738.1301133736 4582262.578216225, 431748.1449628714 4582273.009342382, 431753.24674892845 4582278.479386665)"
way,1318225726,"LINESTRING (431753.24674892845 4582278.479386665, 431762.8944160042 4582288.103484932, 431769.4809224749 4582294.96961519)"
way,1318225730,"LINESTRING (431769.4809224749 4582294.96961519, 431771.8429016068 4582297.179038893, 431773.87505284423 4582298.991867632, 431781.3765003095 4582306.237990939, 431816.151922272 4582340.962240916, 431822.1372111079 4582347.034672404)"
way,1318225731,"LINESTRING (431822.1372111079 4582347.034672404, 431823.73239474825 4582348.618467627, 431830.88165967935 4582355.768029473)"
way,1318229024,"LINESTRING (431624.1565927669 4587823.533111012, 431623.2734801583 4587822.031461774, 431620.29082947265 4587815.853123331, 431603.06728804356 4587781.863373944, 431584.8096047014 4587747.206167892, 431580.81771121075 4587739.449673119, 431574.3060862918 4587726.76511198, 431560.53442137025 4587692.065522284, 431547.703098859 4587662.275656857, 431539.3596816687 4587634.3863430135, 431536.9253348839 4587626.12659903, 431535.4285213616 4587620.700331425)"
way,1318229025,"LINESTRING (431535.4285213616 4587620.700331425, 431534.2778645607 4587616.536521503, 431532.554267539 4587610.102034506)"
way,1318229036,"LINESTRING (428685.60651932267 4581554.538186337, 428679.3947124434 4581551.279549233, 428674.28749082703 4581548.098868127)"
way,1318229037,"LINESTRING (428674.28749082703 4581548.098868127, 428670.9074846891 4581546.233538996)"
way,1318231955,"LINESTRING (428333.06189869257 4581944.442941845, 428338.5903000305 4581950.483774349, 428343.50264448195 4581955.109527393, 428354.3571112327 4581966.182845138, 428390.44230304577 4582002.110509542, 428403.8600814297 4582015.356946417)"
way,1318231956,"LINESTRING (428403.8600814297 4582015.356946417, 428406.19041355146 4582017.632227137, 428418.27251854376 4582029.415197569)"
way,1318231963,"LINESTRING (428418.27251854376 4582029.415197569, 428426.1172597379 4582037.176371054, 428482.37130273716 4582092.7017994635, 428485.234018268 4582095.549202237, 428489.8978661824 4582100.4328716975, 428495.4522400334 4582108.283342154, 428497.32642643934 4582110.096829774, 428498.7366021374 4582111.492985576)"
way,1318231964,"LINESTRING (428498.7366021374 4582111.492985576, 428502.8311614124 4582115.460737633, 428511.4675532195 4582123.813746658)"
way,1318231965,"LINESTRING (428511.4675532195 4582123.813746658, 428513.85634278896 4582126.0884840265, 428517.419223306 4582127.019285445, 428523.17420751887 4582132.325224506, 428543.7668413437 4582152.462671357, 428581.19457173644 4582189.055291865, 428588.3625571145 4582196.057204023)"
way,1318231966,"LINESTRING (428588.3625571145 4582196.057204023, 428596.4692933197 4582204.137958473, 428608.9165274642 4582216.550504939)"
way,1318231975,"LINESTRING (428704.82941428095 4582310.636000151, 428714.56281693594 4582320.055432031, 428762.22638721304 4582368.883602973, 428763.2491750529 4582372.559719142)"
way,1318231976,"LINESTRING (428684.68330065545 4582290.749082646, 428693.8275786392 4582299.774581294, 428704.82941428095 4582310.636000151)"
way,1318234626,"LINESTRING (431639.9844859548 4587304.132844724, 431632.58368067304 4587306.134702387)"
way,1318234627,"LINESTRING (431632.58368067304 4587306.134702387, 431626.8246816032 4587307.688033746, 431622.74090587965 4587308.792518926)"
way,1318234629,"LINESTRING (431464.6989515371 4587351.457945589, 431460.665141586 4587352.539844089)"
way,1318234630,"LINESTRING (431474.65826539067 4587348.765498481, 431468.724302711 4587350.365026581, 431464.6989515371 4587351.457945589)"
way,1318234631,"LINESTRING (431460.665141586 4587352.539844089, 431458.46979505103 4587343.067642117, 431457.55309313413 4587338.912730266, 431455.22263286303 4587328.409237201, 431444.3840016947 4587296.5133147305, 431441.9667649613 4587290.962555048, 431438.353751068 4587282.66960405, 431429.8836122372 4587269.703953421)"
way,1318234632,"LINESTRING (431465.6109402027 4587369.225095403, 431462.7126491959 4587359.637420544, 431460.665141586 4587352.539844089)"
way,1318237410,"LINESTRING (429180.9467486751 4581795.853849159, 429179.0130392838 4581794.784664321, 429135.94029497996 4581770.834906736)"
way,1318237412,"LINESTRING (429187.91789107193 4581799.849381477, 429184.7217585783 4581797.948711865, 429180.9467486751 4581795.853849159)"
way,1318239257,"LINESTRING (428979.1268829921 4582007.108112714, 428981.0184545453 4582008.999273011, 428982.8930855743 4582010.868393997)"
way,1318239258,"LINESTRING (428967.73508398747 4581995.7060617525, 428979.1268829921 4582007.108112714)"
way,1318239259,"LINESTRING (429081.16543995927 4582107.911245312, 429096.18702569226 4582122.853083689)"
way,1318239260,"LINESTRING (429072.9409048947 4582099.708980748, 429077.0361270219 4582103.776970011, 429081.16543995927 4582107.911245312)"
way,1318443572,"LINESTRING (425449.6731746489 4582183.240678813, 425451.1747140535 4582182.081614267, 425501.5857001152 4582146.954879316, 425505.6917858786 4582143.7482910585)"
way,1318443573,"LINESTRING (425441.01295133104 4582189.17000084, 425445.0068479156 4582186.441962349, 425447.82987092773 4582184.5031879665, 425449.6731746489 4582183.240678813)"
way,1318444410,"LINESTRING (425512.7055978326 4582154.157449427, 425507.89905253093 4582146.9787874045, 425505.6917858786 4582143.7482910585)"
way,1318445167,"LINESTRING (425558.34275107674 4582197.178998945, 425550.2077050483 4582202.958453107, 425547.91002295323 4582204.758551942)"
way,1318448260,"LINESTRING (427211.14301609027 4576712.200606605, 427205.6393175776 4576714.942707058, 427200.60195259325 4576717.458076222)"
way,1318449256,"LINESTRING (425756.95391643513 4582084.232756377, 425762.5159174489 4582091.714722068, 425764.4209528045 4582094.83736049, 425772.3109591268 4582106.736693351, 425777.383050403 4582112.924634406)"
way,1318449257,"LINESTRING (425745.57455605915 4582068.01681164, 425747.4088487732 4582070.762667692, 425749.1079999614 4582073.376672773, 425756.0712981493 4582082.96495213, 425756.95391643513 4582084.232756377)"
way,1318449258,"LINESTRING (425707.04539108847 4582010.320720456, 425716.8492424314 4582025.364735814, 425740.4849972158 4582060.130306863, 425743.883308186 4582065.358314216, 425745.57455605915 4582068.01681164)"
way,1318449259,"LINESTRING (425693.8906709248 4581989.792874989, 425699.7211706637 4581998.981908095, 425707.04539108847 4582010.320720456)"
way,1318452122,"LINESTRING (430223.8342124895 4583227.967328273, 430219.5462830029 4583223.722922232, 430215.0308224336 4583219.2919617575)"
way,1318452123,"LINESTRING (430143.7153274941 4583149.742530283, 430126.5555983182 4583132.842902048, 430121.99158063915 4583128.590112564, 430114.2222925575 4583120.537752855, 430107.60543596826 4583114.084200603)"
way,1318452124,"LINESTRING (430107.60543596826 4583114.084200603, 430052.8220124912 4583060.67517549, 430049.52933928865 4583057.3538989555, 430044.10020505846 4583051.832678628)"
way,1318452125,"LINESTRING (430044.10020505846 4583051.832678628, 430033.9025517552 4583041.672100306, 430030.5583085878 4583038.20699256)"
way,1318452126,"LINESTRING (430030.5583085878 4583038.20699256, 430020.70808717876 4583028.531603523)"
way,1318453863,"LINESTRING (428360.6479699338 4577434.006047412, 428358.7970222803 4577434.668288757, 428352.96897245606 4577436.74655609, 428329.91759793204 4577447.743988815, 428326.7300198073 4577446.076738024)"
way,1318453864,"LINESTRING (428386.5956584414 4577421.43683052, 428379.49785471335 4577424.571277157)"
way,1318453865,"LINESTRING (428379.49785471335 4577424.571277157, 428376.36628127145 4577426.034457831, 428373.3758393488 4577427.385218094)"
way,1318453866,"LINESTRING (428392.66781491594 4577418.65670162, 428389.7690671405 4577419.973241471, 428386.5956584414 4577421.43683052)"
way,1318453867,"LINESTRING (428373.3758393488 4577427.385218094, 428366.2410383141 4577431.008568989)"
way,1318453868,"LINESTRING (428366.2410383141 4577431.008568989, 428362.7952797663 4577432.852354716, 428360.6479699338 4577434.006047412)"
way,1318455254,"LINESTRING (428222.09592883935 4577499.783076503, 428216.81760919525 4577501.600651207, 428213.7102106278 4577502.963738775, 428209.8418042033 4577505.211483798, 428207.29988436773 4577507.068608026, 428204.52345934126 4577510.59348349)"
way,1318455255,"LINESTRING (428204.52345934126 4577510.59348349, 428201.8108733282 4577514.650665928, 428200.09581261605 4577514.667637723, 428198.77375773137 4577513.814697173)"
way,1318455800,"LINESTRING (428145.6998410222 4577527.108410761, 428143.66366129124 4577528.494228899, 428140.2808551064 4577530.770511278)"
way,1318455801,"LINESTRING (428140.2808551064 4577530.770511278, 428134.3506521715 4577535.192674617)"
way,1318459908,"LINESTRING (427569.23395179823 4583009.3749389965, 427567.3963008205 4583007.872207042, 427565.83940839116 4583006.855199134, 427564.7556291439 4583007.165818303)"
way,1318462824,"LINESTRING (430797.4088226696 4582262.676387959, 430800.88847660495 4582259.312291744, 430806.4862232235 4582255.350618327, 430809.0193606691 4582253.561069878)"
way,1318463826,"LINESTRING (427698.0970275563 4582835.191837422, 427697.1346551192 4582838.454616257, 427692.76553925517 4582853.054234443)"
way,1318463830,"LINESTRING (427664.8575216568 4582942.678564614, 427664.42116594926 4582944.192927818, 427649.1335241936 4582991.477777239)"
way,1318463831,"LINESTRING (427670.6089049578 4582924.179078497, 427667.1418392892 4582935.327784724, 427664.8575216568 4582942.678564614)"
way,1318463833,"LINESTRING (427649.1335241936 4582991.477777239, 427645.45224252867 4582990.382046599, 427640.2729258185 4582988.302015039, 427638.8542339025 4582987.727730254)"
way,1318465968,"LINESTRING (430223.8342124895 4583227.967328273, 430211.9476047207 4583240.295046528, 430210.31714833155 4583242.009501389)"
way,1318465975,"LINESTRING (430702.1389502402 4582359.693463754, 430708.9961597107 4582352.799610134)"
way,1318467636,"LINESTRING (427964.24790474755 4582939.439444807, 427961.0287464198 4582941.092495104, 427951.3900321333 4582944.574773045, 427942.898772086 4582946.580056403, 427934.9378400803 4582946.426096821, 427926.7064830298 4582945.142333743, 427920.5691100685 4582942.560899661)"
way,1318467637,"LINESTRING (427903.4596564238 4582907.779027078, 427904.52327587246 4582903.760267331, 427904.9020485965 4582902.33531681, 427906.5894990223 4582898.832187844, 427907.6888472128 4582896.722784195)"
way,1318467638,"LINESTRING (427910.32005750126 4582934.28015585, 427907.6234484948 4582929.63264396, 427904.7855249337 4582923.387711612, 427903.66668477893 4582917.658611527, 427903.4003730577 4582912.742645668, 427903.4596564238 4582907.779027078)"
way,1318467639,"LINESTRING (427920.5691100685 4582942.560899661, 427915.7140740641 4582939.455971885, 427912.81451430265 4582937.097690203, 427910.32005750126 4582934.28015585)"
way,1318467640,"LINESTRING (427980.09104233264 4582918.3750035465, 427978.6050020488 4582922.797658578, 427976.4713869082 4582926.8381493, 427975.05986712093 4582929.505794953, 427973.65615631174 4582932.117848413)"
way,1318467641,"LINESTRING (427973.65615631174 4582932.117848413, 427968.72242241906 4582936.230598714, 427964.24790474755 4582939.439444807)"
way,1318467645,"LINESTRING (427981.0009415001 4582914.868520946, 427980.09104233264 4582918.3750035465)"
way,1318467646,"LINESTRING (427980.61837177345 4582902.459205152, 427981.3589912533 4582905.471848805, 427981.46558007435 4582908.624032271, 427981.0009415001 4582914.868520946)"
way,1318467647,"LINESTRING (427955.598111751 4582875.072733941, 427964.54914501833 4582878.9363659, 427971.751592869 4582885.204535181, 427976.3136386647 4582892.476027318, 427978.8297193725 4582897.469550894, 427980.61837177345 4582902.459205152)"
way,1318467648,"LINESTRING (427939.987330176 4582873.273899265, 427943.8136570078 4582872.980465524, 427949.3538113547 4582873.513811416, 427955.598111751 4582875.072733941)"
way,1318470570,"LINESTRING (430592.9682841669 4582647.081674306, 430587.00915734476 4582653.423002633, 430583.72239886085 4582656.818670089, 430580.859139999 4582659.910502911)"
way,1318474532,"LINESTRING (430312.04068895645 4583321.481566558, 430310.7233992963 4583322.7266638195, 430305.3557224313 4583328.762778713)"
way,1318475785,"LINESTRING (429262.27923925204 4580733.888984382, 429266.5775236534 4580733.847036933, 429282.15584740683 4580733.606204559, 429288.7867057638 4580733.485998078, 429293.09226962575 4580733.332966485)"
way,1318475786,"LINESTRING (429244.79341683595 4580734.05965681, 429253.10577173636 4580733.989620717, 429262.27923925204 4580733.888984382)"
way,1318475787,"LINESTRING (429215.0316684598 4580734.361349761, 429218.201242909 4580734.352602386, 429229.28948810766 4580734.21102002, 429233.7968330929 4580734.167011869, 429238.21219143807 4580734.1239045635, 429244.79341683595 4580734.05965681)"
way,1318475788,"LINESTRING (429200.47431980015 4580734.670073772, 429207.6821845549 4580734.544156922, 429215.0316684598 4580734.361349761)"
way,1318477410,"LINESTRING (430237.68624958437 4583393.633480613, 430217.8065219754 4583414.520816929, 430201.2713337253 4583431.112460592)"
way,1318477411,"LINESTRING (430201.2713337253 4583431.112460592, 430171.9173274358 4583462.139377645, 430141.523282135 4583492.787851713)"
way,1318478855,"LINESTRING (432665.86973558774 4582069.833888348, 432679.7350673449 4582055.637797117)"
way,1318478857,"LINESTRING (432686.92626977497 4582048.465191806, 432692.1471970012 4582043.420428927, 432702.6491543632 4582032.59757229, 432707.1465227675 4582027.970345108, 432717.25050151703 4582017.506496679, 432724.7998547322 4582010.175165891, 432730.53078139765 4582010.521654295)"
way,1318478858,"LINESTRING (432730.53078139765 4582010.521654295, 432733.8516404266 4582007.9593849415, 432740.2077806203 4582000.894513264)"
way,1318479657,"LINESTRING (431876.5680188375 4586827.284606934, 431875.83608519426 4586826.758559968, 431874.47102667234 4586826.438327627)"
way,1318479658,"LINESTRING (431871.85737027775 4586826.629484981, 431868.62426796055 4586826.704345212)"
way,1318480140,"LINESTRING (428317.44597105554 4581752.139080815, 428319.8808089446 4581793.706596899, 428324.3089307772 4581864.33299374, 428324.5915696536 4581870.081520125, 428328.50040724187 4581875.538808416)"
way,1318480141,"LINESTRING (428316.87558390247 4581742.662815428, 428317.1862936474 4581747.867019027, 428317.44597105554 4581752.139080815)"
way,1318480142,"LINESTRING (428299.0976012222 4581871.932582955, 428301.2977460172 4581866.958899868, 428297.3965212173 4581793.829136478, 428295.57721655583 4581759.550163916)"
way,1318480143,"LINESTRING (428295.57721655583 4581759.550163916, 428294.9420215049 4581748.597850119, 428294.5106702314 4581738.8093277225)"
way,1318480147,"LINESTRING (428309.13520808256 4581614.4893805515, 428315.4357513321 4581718.8390545705, 428316.87558390247 4581742.662815428)"
way,1318480148,"LINESTRING (428308.3540530027 4581602.3060866175, 428308.5920724483 4581606.07872954, 428309.13520808256 4581614.4893805515)"
way,1318480149,"LINESTRING (428294.5106702314 4581738.8093277225, 428293.4329772637 4581720.322498825, 428287.015606911 4581616.029507446)"
way,1318480150,"LINESTRING (428287.015606911 4581616.029507446, 428286.62830163905 4581610.692828441, 428286.4387036863 4581605.054413568)"
way,1318480151,"LINESTRING (428306.08272661106 4581567.132256491, 428307.25801597495 4581583.652897518, 428308.3540530027 4581602.3060866175)"
way,1318480152,"LINESTRING (428305.29936547927 4581547.96523996, 428305.4831271987 4581553.015256756, 428306.08272661106 4581567.132256491)"
way,1318480154,"LINESTRING (428286.4387036863 4581605.054413568, 428285.23423005606 4581587.279431503, 428284.98167270457 4581583.728991757)"
way,1318480155,"LINESTRING (428284.98167270457 4581583.728991757, 428284.62415235525 4581572.107757035, 428283.4781360278 4581559.395135696)"
way,1318480324,"LINESTRING (427893.33906475763 4580194.674520554, 427887.1066453123 4580192.860120195)"
way,1318480325,"LINESTRING (427905.20473471907 4580198.609074758, 427903.0542964475 4580197.675609611, 427901.21605118614 4580197.01661327)"
way,1318481627,"LINESTRING (427931.4643633205 4580211.771405715, 427937.14274562756 4580215.06803981)"
way,1318481628,"LINESTRING (427927.47138847 4580209.745958704, 427929.0516980735 4580210.540760976, 427931.4643633205 4580211.771405715)"
way,1318481942,"LINESTRING (431221.660758996 4585827.978807146, 431221.3341782588 4585825.272800814)"
way,1318486968,"LINESTRING (431812.3151481553 4581728.932963601, 431806.13361006055 4581718.943087025, 431795.42820600036 4581701.845581211, 431783.34773827693 4581682.58488342, 431770.68107932614 4581663.240902057, 431755.02254709275 4581639.65053417, 431751.78031093907 4581634.562671377, 431749.2540177367 4581630.9114329675)"
way,1318491613,"LINESTRING (431183.8996894766 4585647.50469563, 431179.53267346916 4585632.979206506, 431166.81762843276 4585595.727741259, 431164.87758505647 4585589.461947476, 431164.30861347204 4585587.635379356)"
way,1318495702,"LINESTRING (430518.6589992223 4583516.272886499, 430515.75666637364 4583519.609395893, 430510.2001209154 4583526.00246515)"
way,1318495703,"LINESTRING (430510.2001209154 4583526.00246515, 430498.0993994813 4583538.664861211, 430441.4864299184 4583597.032309401, 430431.93217716133 4583606.716992209)"
way,1318495704,"LINESTRING (430431.93217716133 4583606.716992209, 430424.0183275928 4583614.8537273295, 430414.8285452167 4583623.313613328)"
way,1318495705,"LINESTRING (430414.8285452167 4583623.313613328, 430404.64298562857 4583634.281233901, 430400.6187899274 4583638.305851026, 430382.97115249635 4583656.562112181, 430352.97798723786 4583687.172544172, 430344.2308433449 4583696.438779168)"
way,1318495706,"LINESTRING (430344.2308433449 4583696.438779168, 430335.81370204524 4583705.246631583, 430332.8592402794 4583708.361662208, 430326.84339411533 4583713.904376043, 430323.47376903694 4583717.312080751, 430312.53735138563 4583728.409195258)"
way,1318495707,"LINESTRING (430312.53735138563 4583728.409195258, 430307.24147517455 4583734.056026596, 430279.3237378156 4583762.226373324, 430256.58035042667 4583786.005758142, 430246.0640258712 4583796.432758158)"
way,1318495708,"LINESTRING (430246.0640258712 4583796.432758158, 430238.9141553226 4583803.996099397, 430235.34892156126 4583807.916465705)"
way,1318495709,"LINESTRING (430235.34892156126 4583807.916465705, 430221.94076260796 4583821.868780921, 430163.05447276216 4583882.425504378, 430154.17321359395 4583891.604452518)"
way,1318495710,"LINESTRING (430154.17321359395 4583891.604452518, 430148.7725642962 4583896.763889013, 430144.4306995233 4583901.62443944, 430135.94631916046 4583909.47833572)"
way,1318495711,"LINESTRING (430135.94631916046 4583909.47833572, 430125.6326730281 4583920.081211468, 430056.26266173314 4583990.754857193, 430044.0086662179 4584002.964316712, 430041.84765685437 4584005.1169560375)"
way,1318495712,"LINESTRING (430041.84765685437 4584005.1169560375, 430040.6553837765 4584006.305385048, 430037.67234283144 4584009.032217059, 430034.8121178103 4584012.357421209)"
way,1318496055,"LINESTRING (431557.1192744994 4582628.536905298, 431554.2157763613 4582625.644291782, 431544.6022269917 4582616.075661664)"
way,1318498261,"LINESTRING (430390.6186418347 4583602.461885305, 430400.6608052209 4583592.228415591, 430408.97881020955 4583583.521523501)"
way,1318498262,"LINESTRING (430319.6045407517 4583674.880706563, 430330.8787245067 4583664.124546039, 430381.7892484395 4583611.884301612, 430390.6186418347 4583602.461885305)"
way,1318498263,"LINESTRING (430301.96149368444 4583692.715218066, 430307.108644714 4583687.247461641, 430311.0752101043 4583683.323271263, 430319.6045407517 4583674.880706563)"
way,1318498264,"LINESTRING (430291.740415341 4583703.439082475, 430300.6525273852 4583693.949136404, 430301.96149368444 4583692.715218066)"
way,1318500409,"LINESTRING (431909.6248350722 4583612.956814938, 431913.3238279716 4583612.489024045)"
way,1318500416,"LINESTRING (432025.603278395 4583494.821043759, 432029.48758344 4583490.931898692, 432032.8263327148 4583487.7029437665, 432036.8406420166 4583483.412880385)"
way,1318500417,"LINESTRING (432018.02235655935 4583502.109053448, 432021.0165749821 4583499.582806206, 432023.7077803673 4583496.837347666)"
way,1318500418,"LINESTRING (432023.7077803673 4583496.837347666, 432024.70882193174 4583495.717666982, 432025.603278395 4583494.821043759)"
way,1318500718,"LINESTRING (431198.92984451697 4585543.249822898, 431201.7420124792 4585546.3096970795, 431205.09578934254 4585549.197880241, 431209.0611951433 4585552.24679475, 431214.42429821834 4585555.5044848295, 431220.87452207017 4585558.8295673765, 431227.31967594405 4585561.621764246, 431232.5921505933 4585563.2593044555, 431237.3930546092 4585564.523830246, 431243.0448753849 4585565.624834182, 431249.93128807074 4585566.480953096, 431257.59498807514 4585567.340798203, 431267.4189611469 4585568.624250481, 431270.1290985302 4585568.864981693)"
way,1318500719,"LINESTRING (431270.1290985302 4585568.864981693, 431280.4433778465 4585569.855119649, 431287.1945966729 4585570.557116911)"
way,1318500729,"LINESTRING (431477.00574255374 4585620.263774785, 431478.968264562 4585620.989087123, 431507.17472723476 4585628.927118259, 431521.0014795313 4585632.826621911, 431525.3797551156 4585636.249297998)"
way,1318500736,"LINESTRING (431464.5096425373 4585605.970541814, 431472.0931777848 4585614.259211137, 431477.00574255374 4585620.263774785)"
way,1318500738,"LINESTRING (431527.13192553364 4585637.709404775, 431525.4868157152 4585628.132066925, 431523.31129287404 4585617.2607093165)"
way,1318500739,"LINESTRING (431542.8353089144 4585650.928730357, 431546.90268478874 4585654.176713713)"
way,1318500743,"LINESTRING (431525.3797551156 4585636.249297998, 431527.13192553364 4585637.709404775, 431536.850474377 4585645.53382375, 431542.8353089144 4585650.928730357)"
way,1318504192,"LINESTRING (431468.8292326031 4582522.651103461, 431465.8627042602 4582525.477085257, 431462.58090198244 4582528.561416628)"
way,1318504194,"LINESTRING (431470.2948317648 4582521.13835456, 431468.8292326031 4582522.651103461)"
way,1318504467,"LINESTRING (431446.20705700957 4582537.976124827, 431441.08197814587 4582538.002422274, 431435.7397413916 4582538.052984428)"
way,1318505348,"LINESTRING (431498.7203537164 4585384.699011117, 431505.8902572454 4585384.586741395, 431511.5985226612 4585384.577133287)"
way,1318505351,"LINESTRING (431498.7203537164 4585384.699011117, 431498.56984249095 4585379.393252363)"
way,1318505352,"LINESTRING (431499.7972616497 4585409.292831993, 431498.99542859336 4585390.80299932, 431498.7203537164 4585384.699011117)"
way,1318507523,"LINESTRING (428849.85388739017 4586477.92973433, 428847.0534946241 4586477.835141362)"
way,1318507524,"LINESTRING (428863.5415937127 4586480.437654684, 428860.4937535963 4586479.8236484025)"
way,1318510379,"LINESTRING (430633.2821102466 4583382.705476974, 430631.2653764251 4583386.866171119, 430628.9371582102 4583391.673817059, 430627.43696435716 4583394.774790222, 430626.133567126 4583397.4741746)"
way,1318513097,"LINESTRING (429751.2923766924 4583138.304957732, 429749.3245232946 4583137.979854558, 429745.73069967737 4583137.237510192, 429737.55133495235 4583135.218404822)"
way,1318513098,"LINESTRING (429757.0871527924 4583139.270222572, 429751.2923766924 4583138.304957732)"
way,1318513099,"LINESTRING (429705.58355765877 4583121.694370765, 429701.5986660038 4583119.423641455, 429697.42975144647 4583117.14359763, 429695.8612137303 4583116.614780329, 429692.4388312383 4583115.448887168)"
way,1318513100,"LINESTRING (429714.50318942225 4583127.6255851975, 429713.40085653844 4583126.892387512, 429710.57283498184 4583124.943514007, 429705.58355765877 4583121.694370765)"
way,1318513330,"LINESTRING (427483.9493552524 4583119.848116446, 427485.2411526715 4583117.7700265, 427523.8982191344 4583062.423297896, 427530.1777666552 4583054.976976887, 427535.47187325225 4583047.640447813, 427564.7556291439 4583007.165818303)"
way,1318513331,"LINESTRING (427476.9621854084 4583129.255692634, 427480.4703640381 4583124.757162831, 427483.9493552524 4583119.848116446)"
way,1318513407,"LINESTRING (431083.30341475987 4584632.157706591, 431078.080634458 4584637.570127073, 431068.5521382138 4584648.141983933)"
way,1318519410,"LINESTRING (428287.97505568544 4582859.239164054, 428283.1665028876 4582862.506630433, 428280.11707803083 4582864.424326774)"
way,1318519422,"LINESTRING (428325.29655396054 4582832.933253762, 428323.2956331624 4582834.352026104, 428289.8672829608 4582857.821457678, 428287.97505568544 4582859.239164054)"
way,1318519423,"LINESTRING (428342.8676157257 4582820.757110466, 428334.75632828096 4582826.544277328, 428325.29655396054 4582832.933253762)"
way,1318519746,"LINESTRING (430978.87021820067 4584734.710871801, 430977.5218006602 4584742.318112114, 430972.2805641803 4584748.408066191, 430960.9885672418 4584758.963580618)"
way,1318521233,"LINESTRING (428267.4726178323 4582841.3332519345, 428269.00712485856 4582840.096730096, 428272.8002730103 4582837.29453088)"
way,1318521656,"LINESTRING (430935.4082293624 4584767.37932635, 430937.263349741 4584769.082577089)"
way,1318524149,"LINESTRING (431092.2665336025 4584074.751758906, 431075.11362040706 4584058.105256307)"
way,1318524150,"LINESTRING (431108.03198667895 4584089.6683494635, 431092.2665336025 4584074.751758906)"
way,1318524151,"LINESTRING (431167.6961579034 4584148.123821407, 431164.42839986185 4584144.679685701, 431111.7603595762 4584093.196901137, 431108.03198667895 4584089.6683494635)"
way,1318524152,"LINESTRING (431198.44993983407 4584179.818920107, 431184.2502161849 4584165.131520523, 431167.6961579034 4584148.123821407)"
way,1318524153,"LINESTRING (431262.6716124884 4584242.1400575405, 431260.64589953225 4584240.0830510445, 431201.9526510003 4584183.360764034, 431198.44993983407 4584179.818920107)"
way,1318524154,"LINESTRING (431297.3899311899 4584275.929678133, 431295.10365503194 4584273.719694532, 431280.6259222427 4584259.645408665, 431276.7101451665 4584255.729950768, 431262.6716124884 4584242.1400575405)"
way,1318524155,"LINESTRING (431367.3711046884 4584339.329558151, 431360.37971652637 4584332.811830744, 431355.1845143985 4584332.361457453, 431350.9189283706 4584328.571409087, 431299.0028012676 4584277.646422755, 431297.3899311899 4584275.929678133)"
way,1318524156,"LINESTRING (431380.93067148206 4584351.813899778, 431371.82402951136 4584343.4842351535, 431367.3711046884 4584339.329558151)"
way,1318524157,"LINESTRING (431451.4680585828 4584420.261106309, 431449.713272882 4584418.556775436, 431387.1788452749 4584361.058895407, 431384.5715391419 4584358.485531859, 431382.9471193061 4584353.782203649, 431380.93067148206 4584351.813899778)"
way,1318524158,"LINESTRING (431485.5276269425 4584452.636670048, 431467.9193315677 4584436.2600446865, 431451.4680585828 4584420.261106309)"
way,1318524159,"LINESTRING (431558.93589985964 4584520.813458997, 431551.81675872183 4584514.008085347, 431488.3104885977 4584455.219510339, 431485.5276269425 4584452.636670048)"
way,1318524160,"LINESTRING (431576.029557707 4584547.343192249, 431566.81377040525 4584533.60722061, 431563.76612542226 4584528.650838533, 431558.93589985964 4584520.813458997)"
way,1318524161,"LINESTRING (431701.84175598994 4584657.727932027, 431698.15951943985 4584654.598354042, 431694.7052912362 4584653.487349656, 431643.0912801366 4584607.497901416, 431641.8438253726 4584606.399393107)"
way,1318524162,"LINESTRING (431641.8438253726 4584606.399393107, 431633.9461955237 4584599.456954952, 431626.5527527956 4584592.798437983)"
way,1318524261,"LINESTRING (428300.60619736015 4581411.700969285, 428298.15284503414 4581417.298915396, 428297.38045842067 4581419.527144231, 428297.05355921166 4581421.140303923)"
way,1318524263,"LINESTRING (428274.63016209216 4581421.617579313, 428274.37617836706 4581417.078993745, 428274.11085545283 4581413.08456414)"
way,1318524264,"LINESTRING (428274.0945878659 4581385.2496738555, 428271.76617315935 4581386.57176342)"
way,1318524265,"LINESTRING (428260.6881821703 4581394.4090640675, 428257.57408822735 4581397.459890917)"
way,1318524661,"LINESTRING (428280.11707803083 4582864.424326774, 428279.7928854724 4582867.99158638, 428279.38849587046 4582872.747656655, 428266.74965518917 4582920.29355244, 428264.18762798735 4582930.900046864, 428265.0123922094 4582932.290851401)"
way,1318524662,"LINESTRING (428265.0123922094 4582932.290851401, 428265.5379626776 4582933.018441587, 428270.3671973377 4582940.287465886)"
way,1318525859,"LINESTRING (429766.74018134194 4583109.620657471, 429771.4092212352 4583110.885526356)"
way,1318525860,"LINESTRING (429750.51250027644 4583106.169590746, 429756.12392757053 4583107.192148262, 429766.74018134194 4583109.620657471)"
way,1318525861,"LINESTRING (429742.210614746 4583104.451446473, 429749.708463807 4583106.02194864, 429750.51250027644 4583106.169590746)"
way,1318525862,"LINESTRING (429718.0444638793 4583099.689599057, 429723.4853031742 4583101.224520841)"
way,1318526766,"LINESTRING (430840.09282157174 4583554.987266199, 430877.57490027795 4583516.9351157015, 430878.8912950429 4583515.590205098)"
way,1318526767,"LINESTRING (430834.7193766858 4583560.445690339, 430837.19500764686 4583557.935000036, 430840.09282157174 4583554.987266199)"
way,1318526768,"LINESTRING (430799.78394132253 4583596.375293609, 430807.76127890084 4583587.838668444, 430834.7193766858 4583560.445690339)"
way,1318526769,"LINESTRING (430787.02714715275 4583609.531996398, 430793.5328761992 4583602.71926454, 430797.37446669745 4583598.807645014, 430799.78394132253 4583596.375293609)"
way,1318526770,"LINESTRING (430710.2738513348 4583688.874449618, 430717.7980332115 4583681.052640601, 430779.5813122836 4583616.820041902, 430787.02714715275 4583609.531996398)"
way,1318526771,"LINESTRING (430690.7894024098 4583708.313327532, 430700.7239405322 4583699.036156853, 430702.63372248405 4583696.808405383, 430710.2738513348 4583688.874449618)"
way,1318526772,"LINESTRING (430614.2900204667 4583785.145171567, 430624.1902367856 4583774.924473178, 430625.2664691841 4583773.826078494, 430681.26097164425 4583717.220229557, 430690.7894024098 4583708.313327532)"
way,1318526773,"LINESTRING (430595.20146326785 4583803.969868101, 430605.9205831549 4583793.719088509, 430614.2900204667 4583785.145171567)"
way,1318526774,"LINESTRING (430560.6498762084 4583838.709001061, 430586.8264301193 4583811.955408458, 430595.20146326785 4583803.969868101)"
way,1318526775,"LINESTRING (430556.41040667164 4583842.94655302, 430558.7706300973 4583840.625618266, 430560.6498762084 4583838.709001061)"
way,1318526776,"LINESTRING (430520.4667437911 4583878.931660565, 430527.7990147157 4583871.189204764, 430556.41040667164 4583842.94655302)"
way,1318526777,"LINESTRING (430500.9395141314 4583899.903688212, 430512.5303715798 4583887.312786777, 430520.4667437911 4583878.931660565)"
way,1318526778,"LINESTRING (430429.59302751196 4583974.067851696, 430435.3519949156 4583967.905923176, 430493.3198607784 4583908.181870725, 430500.9395141314 4583899.903688212)"
way,1318526779,"LINESTRING (430409.33602475683 4583994.72516852, 430415.1396322208 4583988.862572393, 430419.5148049502 4583984.845687121, 430429.59302751196 4583974.067851696)"
way,1318526780,"LINESTRING (430335.78793987236 4584070.11058311, 430343.0793063013 4584062.501557844, 430400.5024064231 4584003.659090614, 430409.33602475683 4583994.72516852)"
way,1318526781,"LINESTRING (430322.8187152549 4584083.603281328, 430326.3447330202 4584079.960904524, 430335.78793987236 4584070.11058311)"
way,1318526782,"LINESTRING (430250.25075240014 4584156.415409543, 430252.38841152994 4584154.440703806, 430306.96834306413 4584099.988287132, 430322.8187152549 4584083.603281328)"
way,1318526783,"LINESTRING (430236.5589571601 4584175.566615497, 430238.6808675447 4584172.82595609, 430250.25075240014 4584156.415409543)"
way,1318526992,"LINESTRING (432118.84374552825 4586660.684294027, 432128.2945309093 4586658.885778358, 432135.0290404673 4586657.035034825, 432139.5485009672 4586655.116251367)"
way,1318526993,"LINESTRING (432257.52506465546 4586589.358455187, 432323.7173493447 4586568.986926614, 432333.09620828857 4586565.734876868)"
way,1318526994,"LINESTRING (432249.2763942443 4586591.933846985, 432254.77540326124 4586590.205816149, 432257.52506465546 4586589.358455187)"
way,1318526997,"LINESTRING (432340.4112843852 4586563.401473535, 432357.72486049205 4586558.842834601, 432383.5084333598 4586558.390859826, 432386.04040370346 4586558.389402176)"
way,1318526998,"LINESTRING (432333.09620828857 4586565.734876868, 432336.4159896435 4586564.193834973, 432340.4112843852 4586563.401473535)"
way,1318530231,"LINESTRING (427999.49084337807 4582747.918130154, 428001.7732916075 4582748.75037145, 428117.28846509435 4582787.551571095, 428126.2819634159 4582790.637774042)"
way,1318530232,"LINESTRING (428126.2819634159 4582790.637774042, 428130.7367991602 4582792.1701925425, 428137.71682254004 4582794.565797829)"
way,1318530233,"LINESTRING (428137.71682254004 4582794.565797829, 428178.1961127859 4582808.487134363, 428191.8521617994 4582813.82550047, 428207.8443824848 4582820.36206235)"
way,1318530234,"LINESTRING (428207.8443824848 4582820.36206235, 428209.951222158 4582821.196108795, 428215.0616232556 4582823.077375736)"
way,1318530794,"LINESTRING (431020.00646199594 4586763.954085775, 431019.93398215534 4586747.589051802, 431019.6276630457 4586732.114482625, 431019.7885196568 4586730.580743985, 431022.9005465627 4586701.150503657, 431024.50395849784 4586687.023388253, 431033.15478421 4586653.054765025, 431056.67430591973 4586609.717912603)"
way,1318530795,"LINESTRING (431056.67430591973 4586609.717912603, 431064.85358213086 4586594.639913831, 431072.38919258246 4586583.920406102)"
way,1318534872,"LINESTRING (429514.15792706376 4583058.491688379, 429515.70596396434 4583056.911111725)"
way,1318534873,"LINESTRING (429515.70596396434 4583056.911111725, 429517.2373901039 4583055.341799984)"
way,1318534874,"LINESTRING (429531.7981872966 4583040.39992759, 429532.70879536524 4583039.469525824, 429534.60438596027 4583037.519175725)"
way,1318534875,"LINESTRING (429530.0266983184 4583042.215835987, 429531.7981872966 4583040.39992759)"
way,1318537760,"LINESTRING (428240.3839555528 4580460.199024948, 428241.6998646223 4580461.329598611)"
way,1318537761,"LINESTRING (428241.6998646223 4580461.329598611, 428243.9319286338 4580462.917425891)"
way,1318537766,"LINESTRING (428195.829303883 4580423.700823774, 428204.109631701 4580430.491513114, 428240.3839555528 4580460.199024948)"
way,1318537767,"LINESTRING (428192.59962971264 4580421.034807211, 428193.5672899988 4580421.624779191, 428195.829303883 4580423.700823774)"
way,1318539004,"LINESTRING (429368.35552452225 4582963.005763364, 429368.94655989215 4582963.599557632, 429370.51708051085 4582965.183063592, 429371.09063803795 4582965.699308004)"
way,1318539005,"LINESTRING (429357.5119036405 4582951.875356841, 429359.91925854096 4582954.394447313)"
way,1318539204,"LINESTRING (433519.31088082946 4586833.618870082, 433500.5629123086 4586801.215411226, 433467.0225145527 4586744.066532099)"
way,1318539205,"LINESTRING (433532.4921211018 4586854.948461687, 433530.3378455843 4586851.481959574, 433519.31088082946 4586833.618870082)"
way,1318541843,"LINESTRING (432122.24516325124 4583358.471040629, 432085.9460992346 4583323.748586137)"
way,1318541844,"LINESTRING (432156.0246601599 4583389.320178789, 432147.72046843235 4583378.32844919, 432145.5755632307 4583376.039155409, 432144.9069585537 4583375.168295786, 432141.0595265858 4583371.40717526, 432134.77414928365 4583366.203327629, 432129.70738718193 4583362.5757705355, 432122.24516325124 4583358.471040629)"
way,1318541845,"LINESTRING (432229.75429680967 4583461.0425406685, 432227.86333561735 4583459.083931943, 432214.1383710266 4583445.911190354, 432165.7421092763 4583399.465967017, 432156.0246601599 4583389.320178789)"
way,1318541846,"LINESTRING (432242.047231059 4583473.062911776, 432236.65561998717 4583467.761793243, 432229.75429680967 4583461.0425406685)"
way,1318541847,"LINESTRING (432321.4648839978 4583551.583410594, 432242.047231059 4583473.062911776)"
way,1318541848,"LINESTRING (432336.47939424805 4583565.921200543, 432329.4010550781 4583559.025864577, 432321.4648839978 4583551.583410594)"
way,1318541849,"LINESTRING (432409.2375070518 4583636.044500167, 432336.47939424805 4583565.921200543)"
way,1318541850,"LINESTRING (432441.530707208 4583666.453586745, 432433.57445624395 4583659.52193125, 432426.0919599611 4583652.297189709, 432418.4070710584 4583644.885596349, 432409.2375070518 4583636.044500167)"
way,1318541851,"LINESTRING (432524.7194827857 4583747.328173385, 432522.22217920877 4583744.875512854, 432507.2954087608 4583730.902925159)"
way,1318542494,"LINESTRING (430445.3868316104 4584348.528213595, 430443.42464434553 4584347.014863256, 430438.8589612514 4584343.361459919, 430429.8027729919 4584334.310782209)"
way,1318542495,"LINESTRING (430429.8027729919 4584334.310782209, 430421.1263114777 4584325.633965077, 430393.8303737415 4584303.512872737)"
way,1318542496,"LINESTRING (430393.8303737415 4584303.512872737, 430390.3341464669 4584300.681935646, 430386.66079114476 4584297.686159626)"
way,1318542497,"LINESTRING (430386.66079114476 4584297.686159626, 430357.08803383284 4584273.521952575, 430350.398234197 4584268.045952464)"
way,1318542498,"LINESTRING (430350.398234197 4584268.045952464, 430348.86484325066 4584266.7949719, 430347.22236627125 4584265.5006294595)"
way,1318542499,"LINESTRING (430347.22236627125 4584265.5006294595, 430323.5705471003 4584246.853257623)"
way,1318542500,"LINESTRING (430323.5705471003 4584246.853257623, 430321.33848890313 4584245.098272519, 430319.69546783407 4584243.748426822)"
way,1318542501,"LINESTRING (430319.69546783407 4584243.748426822, 430312.4746544423 4584237.822351941, 430301.04023107124 4584228.361708101)"
way,1318542502,"LINESTRING (430301.04023107124 4584228.361708101, 430296.3477430218 4584224.5763778435, 430294.24993984506 4584222.8756229)"
way,1318542503,"LINESTRING (430294.24993984506 4584222.8756229, 430250.76475275925 4584187.209941664, 430236.5589571601 4584175.566615497, 430222.95973881654 4584164.417101767)"
way,1318542504,"LINESTRING (430222.95973881654 4584164.417101767, 430218.01384690084 4584160.367793023, 430216.0336670902 4584158.732543935)"
way,1318542505,"LINESTRING (430216.0336670902 4584158.732543935, 430213.64917728514 4584156.779207806, 430161.938159438 4584114.231807087)"
way,1318542506,"LINESTRING (430161.938159438 4584114.231807087, 430154.4810145243 4584108.097209438, 430152.8637564837 4584106.824872406)"
way,1318542507,"LINESTRING (430152.8637564837 4584106.824872406, 430145.2663222293 4584100.880386909, 430092.91850563325 4584059.993943572, 430088.2522688011 4584056.352828846)"
way,1318546011,"LINESTRING (430405.6749349998 4584591.308664571, 430401.1550404561 4584595.882107487)"
way,1318546012,"LINESTRING (430401.1550404561 4584595.882107487, 430398.24645222095 4584599.385284282)"
way,1318546013,"LINESTRING (430352.20027189987 4584652.589209472, 430345.1076162079 4584660.806994144, 430335.7345374425 4584670.045993865)"
way,1318546014,"LINESTRING (430335.7345374425 4584670.045993865, 430333.10977529467 4584672.636027784, 430311.67273506965 4584693.77136891, 430217.39848282933 4584786.811606925)"
way,1318817544,"LINESTRING (431169.9535969667 4582828.803686283, 431131.605986032 4582867.817246942)"
way,1318817556,"LINESTRING (431175.19472228957 4582823.413408884, 431169.9535969667 4582828.803686283)"
way,1318817557,"LINESTRING (431188.09449017455 4582810.122859002, 431181.9694796398 4582816.642912882, 431175.19472228957 4582823.413408884)"
way,1318817562,"LINESTRING (431269.1188029041 4582727.325689474, 431264.0186054053 4582732.603529236, 431193.00493360346 4582805.124336746, 431188.09449017455 4582810.122859002)"
way,1318817563,"LINESTRING (431281.66016869154 4582714.116436337, 431275.5520279974 4582720.6695550475, 431269.1188029041 4582727.325689474)"
way,1318817578,"LINESTRING (431362.13134137064 4582631.836344484, 431359.18267211533 4582634.773231587, 431356.8227397003 4582637.193809869, 431286.9940541184 4582708.791981522, 431281.66016869154 4582714.116436337)"
way,1318817579,"LINESTRING (431374.8334656869 4582618.792281364, 431368.4299224665 4582625.070544531, 431362.13134137064 4582631.836344484)"
way,1318817588,"LINESTRING (431446.95580474875 4582543.764724281, 431442.5323208034 4582549.0138215395, 431440.1083919947 4582551.745856504, 431434.9032543083 4582557.446470481)"
way,1318828991,"LINESTRING (432714.9851417204 4584504.791578964, 432716.2463776253 4584503.791704305, 432721.5960331324 4584498.401521413)"
way,1318832065,"LINESTRING (431569.9774673298 4582785.087659441, 431571.15410498664 4582790.16164687)"
way,1318833496,"LINESTRING (428151.57108422916 4580386.778039346, 428192.59962971264 4580421.034807211)"
way,1318833497,"LINESTRING (428148.6190016985 4580384.275834213, 428149.42898697837 4580384.989495434, 428151.57108422916 4580386.778039346)"
way,1318833516,"LINESTRING (428046.9980290653 4580298.081464066, 428053.9061159751 4580303.941859286, 428099.53796525986 4580342.649113794, 428148.6190016985 4580384.275834213)"
way,1318833517,"LINESTRING (428045.1000581452 4580296.457070741, 428045.8002431958 4580297.060781405, 428046.9980290653 4580298.081464066)"
way,1318833519,"LINESTRING (427937.14274562756 4580215.06803981, 427951.8064678136 4580223.671391557, 427976.0757816845 4580238.563511876)"
way,1318833520,"LINESTRING (427976.0757816845 4580238.563511876, 427978.5769125548 4580240.281821586, 427980.2358959358 4580241.420043734)"
way,1318841415,"LINESTRING (431198.387207968 4583016.1496830555, 431200.0357104055 4583018.0659218, 431268.72818895645 4583084.408399517, 431276.2667006357 4583092.064456459)"
way,1318841416,"LINESTRING (431276.2667006357 4583092.064456459, 431280.9556144758 4583097.216105263, 431288.0897159233 4583103.665799374)"
way,1318841431,"LINESTRING (431288.0897159233 4583103.665799374, 431294.02416219714 4583109.682766017, 431364.53941839933 4583177.996244834, 431371.7854633183 4583185.688478233)"
way,1318841432,"LINESTRING (431371.7854633183 4583185.688478233, 431374.28272069595 4583188.0741357235, 431378.13775124575 4583191.701552255, 431383.6198445822 4583196.756927243)"
way,1318841446,"LINESTRING (431383.6198445822 4583196.756927243, 431390.2841505087 4583203.05572983, 431462.77266786795 4583274.238185447, 431468.04223188234 4583279.817467938)"
way,1318841447,"LINESTRING (431468.04223188234 4583279.817467938, 431473.314894972 4583284.841581935, 431475.20579330996 4583286.766690528)"
way,1318841456,"LINESTRING (431560.08113348077 4583369.324356103, 431567.8558325698 4583377.267149122, 431578.9158256951 4583387.843596276)"
way,1318845525,"LINESTRING (431848.2124694535 4583656.347115986, 431853.10948736605 4583660.597833608, 431856.6576719738 4583663.651036317)"
way,1318849319,"LINESTRING (431251.0564429414 4583117.229636193, 431244.4066534296 4583110.7198660355, 431174.4796379167 4583042.912667064, 431166.6159112652 4583034.48260348, 431163.47742911696 4583026.218592185, 431159.00094629807 4583014.403280168)"
way,1318849320,"LINESTRING (431263.06495196256 4583128.995720899, 431258.61833361315 4583124.70780713, 431256.4490439856 4583122.530029926, 431251.0564429414 4583117.229636193)"
way,1318849324,"LINESTRING (431347.5794133175 4583210.954838705, 431339.6074547221 4583203.413848179, 431268.9799409235 4583134.72417753, 431263.06495196256 4583128.995720899)"
way,1318849325,"LINESTRING (431358.26411892613 4583221.567824606, 431353.61235469533 4583216.7932728045, 431349.8655774979 4583213.120431642, 431347.5794133175 4583210.954838705)"
way,1318849329,"LINESTRING (431443.33082925074 4583304.688590968, 431436.97869281797 4583298.675460571, 431365.1715396684 4583228.819146123, 431358.26411892613 4583221.567824606)"
way,1318849330,"LINESTRING (431453.6740511235 4583314.583259925, 431451.4546149081 4583312.394797932, 431449.0664127666 4583310.041391161, 431443.33082925074 4583304.688590968)"
way,1318852291,"LINESTRING (430566.7047565954 4584448.278033801, 430561.80295816425 4584444.42792636, 430557.1523787478 4584441.496953857)"
way,1318852292,"LINESTRING (430658.5109434839 4584519.900104111, 430685.23337649077 4584543.404417664)"
way,1318852294,"LINESTRING (430658.5109434839 4584519.900104111, 430641.04290085513 4584506.133290286)"
way,1318852295,"LINESTRING (430685.23337649077 4584543.404417664, 430702.7594006548 4584558.880627588, 430738.999181741 4584591.687095445, 430741.7675910734 4584597.978162632)"
way,1318852296,"LINESTRING (430741.7675910734 4584597.978162632, 430752.8664317132 4584607.431589694, 430758.5384645776 4584612.307025879)"
way,1318852297,"LINESTRING (430865.65072436887 4584702.8822615985, 430869.30019282 4584706.04504537, 430886.9709211329 4584722.752728311, 430935.4082293624 4584767.37932635)"
way,1318852298,"LINESTRING (430844.09429097635 4584683.6691838335, 430853.2488468783 4584691.742368784, 430856.67932623933 4584694.729591692, 430863.1121191597 4584700.508279193, 430865.65072436887 4584702.8822615985)"
way,1318852334,"LINESTRING (431063.66826199833 4583505.623880949, 431060.7436757972 4583508.405234439, 431051.76337334624 4583517.883762168, 431047.94107084407 4583522.08373348, 431044.7775697931 4583525.233763501, 431043.61150608776 4583526.566109008)"
way,1318852335,"LINESTRING (431080.1240446431 4583489.290365052, 431075.02644948 4583493.891058792, 431069.89245403715 4583499.058349379, 431063.66826199833 4583505.623880949)"
way,1318852342,"LINESTRING (431151.48059022625 4583415.86560972, 431150.43681767257 4583416.87479114, 431147.10973403323 4583420.414929638, 431081.8870190556 4583487.430510064, 431080.1240446431 4583489.290365052)"
way,1318852343,"LINESTRING (431175.360807911 4583391.645322354, 431167.2612548697 4583399.705264122, 431163.7920467039 4583403.246745354, 431151.48059022625 4583415.86560972)"
way,1318852352,"LINESTRING (431248.2717510253 4583317.074309721, 431241.48185631575 4583323.967033174, 431185.55959847575 4583381.033988683, 431180.87304941704 4583385.797241303, 431175.360807911 4583391.645322354)"
way,1318852353,"LINESTRING (431268.5255345978 4583296.508308258, 431260.0289437336 4583305.038228901, 431255.49975504715 4583309.6555997, 431248.2717510253 4583317.074309721)"
way,1318852358,"LINESTRING (431367.2926911238 4583195.04635101, 431361.55760098505 4583201.229479802, 431353.5442726907 4583209.6103675235, 431349.8655774979 4583213.120431642, 431347.68680554046 4583215.228421991, 431346.51122358453 4583216.44977741)"
way,1318852359,"LINESTRING (431374.28272069595 4583188.0741357235, 431371.01956255274 4583191.324885387, 431367.2926911238 4583195.04635101)"
way,1318855934,"LINESTRING (430882.8925044484 4583121.932792566, 430886.7694133982 4583126.070476773, 430897.90740913234 4583136.7895028405)"
way,1318855935,"LINESTRING (430897.90740913234 4583136.7895028405, 430898.3802086874 4583137.273518325, 430954.2658752784 4583192.154968749, 430961.0770185703 4583198.907202573, 430963.23463081435 4583200.729712402)"
way,1318855936,"LINESTRING (430963.23463081435 4583200.729712402, 430978.56708270643 4583215.605763404, 430994.2648576337 4583230.222998967, 430995.33741109376 4583231.356375624)"
way,1318855937,"LINESTRING (430995.33741109376 4583231.356375624, 430998.01223363896 4583233.940065818, 431032.9375425712 4583268.648062153, 431052.270234273 4583288.371435555, 431055.05463960423 4583291.054028746, 431058.44314196426 4583293.964032653)"
way,1318855938,"LINESTRING (431058.44314196426 4583293.964032653, 431073.7799696492 4583308.462739574, 431076.2444825931 4583310.915224868, 431089.3433766877 4583323.936374677, 431090.3896613602 4583324.947883324)"
way,1318855939,"LINESTRING (431282.6806935214 4583510.748121397, 431284.99439151585 4583513.1799008325, 431345.125307347 4583572.920356043, 431344.5638342508 4583573.658468377, 431341.9253806035 4583576.647948656)"
way,1318855940,"LINESTRING (431251.3714988875 4583480.678936862, 431268.05355563114 4583496.064604267, 431271.5981374992 4583499.583881292, 431281.60927941336 4583509.725721431, 431282.6806935214 4583510.748121397)"
way,1318855943,"LINESTRING (431090.3896613602 4583324.947883324, 431091.6555085113 4583326.190463301, 431149.1170832117 4583382.701600158, 431152.19441556116 4583385.425856128, 431155.02837517345 4583388.052501105)"
way,1318855944,"LINESTRING (431155.02837517345 4583388.052501105, 431167.2612548697 4583399.705264122, 431171.56228011544 4583403.639213108, 431185.9927877081 4583417.824780781, 431187.3857850953 4583419.254917551)"
way,1318856137,"LINESTRING (427782.40570004826 4579672.919910094, 427785.59867905156 4579676.052439817, 427789.6447879124 4579680.0202961285)"
way,1318856138,"LINESTRING (427779.6942024828 4579670.2600113815, 427782.40570004826 4579672.919910094)"
way,1318856867,"LINESTRING (431075.87808519567 4584635.37051819, 431078.080634458 4584637.570127073, 431080.99983865157 4584640.417984606, 431089.4790912765 4584648.697744314)"
way,1318856869,"LINESTRING (431089.4790912765 4584648.697744314, 431098.3602418605 4584657.051408657, 431122.58806347137 4584681.247216994, 431163.5676563587 4584719.650934615, 431170.79349589004 4584727.109988514)"
way,1318856870,"LINESTRING (431170.79349589004 4584727.109988514, 431177.8006463235 4584734.426790893, 431185.40709420986 4584742.359664801)"
way,1318856871,"LINESTRING (431185.40709420986 4584742.359664801, 431194.6765707867 4584752.019893503, 431257.75420030934 4584816.727828352, 431260.13011868583 4584819.59201799, 431263.26613226614 4584823.281707634, 431265.87365246366 4584828.530821625, 431269.1497065782 4584832.885357505)"
way,1318856872,"LINESTRING (431269.1497065782 4584832.885357505, 431271.98402156436 4584835.611963791, 431280.1316852645 4584844.228174681)"
way,1318856874,"LINESTRING (431280.1316852645 4584844.228174681, 431283.01304944477 4584847.509483072, 431288.069675385 4584849.2490478745, 431291.29032505455 4584852.171846346, 431324.35251570115 4584887.032057735, 431348.30255981744 4584912.063949392, 431355.45827582607 4584920.101196962)"
way,1318856875,"LINESTRING (431355.45827582607 4584920.101196962, 431361.12494034675 4584926.242873901, 431371.5335856775 4584937.091631797)"
way,1318857854,"LINESTRING (430959.27345957345 4583431.540732841, 430979.690651542 4583409.817638374, 430984.175373588 4583404.945146841, 431000.33694775973 4583388.436611171, 431054.6511090656 4583332.971211838, 431056.24078844895 4583331.346161837, 431064.5047401046 4583322.995856288)"
way,1318857855,"LINESTRING (431064.5047401046 4583322.995856288, 431072.69252520846 4583314.546359758, 431076.2444825931 4583310.915224868, 431081.92082066374 4583305.62065073)"
way,1318857856,"LINESTRING (431081.92082066374 4583305.62065073, 431090.01320620277 4583296.805687986, 431151.11027320125 4583234.448251454, 431157.1954155639 4583228.1728009125)"
way,1318857857,"LINESTRING (431157.1954155639 4583228.1728009125, 431164.38299396075 4583220.898722468, 431168.8624479458 4583216.326179439, 431178.7985150518 4583206.194764482)"
way,1318858770,"LINESTRING (431371.5335856775 4584937.091631797, 431377.24758929113 4584943.821325292, 431419.5118121224 4584988.431885659, 431431.89506925864 4585001.282745093, 431437.1028372706 4585006.64052147, 431441.811884458 4585012.291700234, 431444.6437044418 4585017.416619675)"
way,1318858771,"LINESTRING (431444.6437044418 4585017.416619675, 431453.1437084806 4585027.095559178, 431458.1934400132 4585033.420798171)"
way,1318858773,"LINESTRING (431458.1934400132 4585033.420798171, 431471.501969585 4585043.376210322, 431512.3376464924 4585082.882388229, 431529.1255627944 4585098.411940614, 431532.6770091803 4585104.518242699)"
way,1318858774,"LINESTRING (431532.6770091803 4585104.518242699, 431539.4964833616 4585110.626944248, 431545.11891555076 4585115.658890066)"
way,1318858779,"LINESTRING (431545.11891555076 4585115.658890066, 431547.6917348909 4585118.154913361, 431552.53854318406 4585119.830025136, 431556.8038828896 4585123.6534957215, 431602.94520318985 4585168.383872308, 431632.74901268474 4585197.491634244)"
way,1318858780,"LINESTRING (431632.74901268474 4585197.491634244, 431634.5957105906 4585199.217344219, 431638.6346861416 4585202.976382365)"
way,1318858781,"LINESTRING (431638.6346861416 4585202.976382365, 431643.33653019986 4585207.894965382)"
way,1318858782,"LINESTRING (431643.33653019986 4585207.894965382, 431646.0966018744 4585210.755649352, 431650.5450984889 4585215.399057347)"
way,1318859964,"LINESTRING (431650.5450984889 4585215.399057347, 431652.07963535277 4585216.816838677, 431671.958872733 4585234.948905161, 431689.62624409597 4585251.63631907, 431705.67843883694 4585265.452265065, 431723.0576408243 4585281.731670504, 431738.1634853425 4585296.244992718)"
way,1318859965,"LINESTRING (431738.1634853425 4585296.244992718, 431740.861007644 4585298.684392012, 431747.00621599733 4585304.233395199)"
way,1318859967,"LINESTRING (431830.7527228523 4585383.296058321, 431838.32685478945 4585390.608139212, 431847.393646626 4585399.338443627)"
way,1318861123,"LINESTRING (430798.4047869273 4583222.820898035, 430795.33264030144 4583219.785858503, 430791.1483333361 4583215.85101187)"
way,1318861128,"LINESTRING (430879.332787727 4583302.577247956, 430868.99700038007 4583292.672208, 430807.2506350316 4583231.640889909, 430798.4047869273 4583222.820898035)"
way,1318861129,"LINESTRING (430896.4287441396 4583319.1572416825, 430886.4889690906 4583309.570382342, 430879.332787727 4583302.577247956)"
way,1318861132,"LINESTRING (430975.0730336857 4583395.483423619, 430964.4111771828 4583385.548050972, 430938.20971544995 4583360.028088842, 430905.0376450749 4583327.702038136, 430896.4287441396 4583319.1572416825)"
way,1318861133,"LINESTRING (430990.00635334675 4583410.629767215, 430984.175373588 4583404.945146841, 430981.50790849584 4583402.250363436, 430975.0730336857 4583395.483423619)"
way,1318861134,"LINESTRING (431070.64765359287 4583489.691437829, 431069.06079871336 4583488.096625241, 431000.2818092982 4583421.257236174, 430990.00635334675 4583410.629767215)"
way,1318861135,"LINESTRING (431086.289422493 4583504.653584464, 431078.43452814536 4583497.111764924, 431075.02644948 4583493.891058792, 431070.64765359287 4583489.691437829)"
way,1318873673,"LINESTRING (427999.8490222522 4577871.288975431, 427992.38212620723 4577868.365307625, 427909.2809487576 4577831.718385987, 427913.1664700741 4577818.5894798385)"
way,1318873674,"LINESTRING (428008.7516381571 4577875.564057588, 428002.70065365126 4577872.837283579, 427999.8490222522 4577871.288975431)"
way,1318875048,"LINESTRING (431530.8981105183 4584887.2960018255, 431527.7254103014 4584884.128382019, 431523.0451440154 4584879.753707607)"
way,1318875049,"LINESTRING (431543.3526666771 4584899.7355681565, 431530.8981105183 4584887.2960018255)"
way,1318875050,"LINESTRING (431542.54624367633 4584908.14807789, 431542.8788458498 4584905.3136969395, 431543.3526666771 4584899.7355681565)"
way,1318875053,"LINESTRING (431498.56984249095 4585379.393252363, 431499.92299922765 4585315.727557823, 431499.7645446439 4585312.231646301)"
way,1318875054,"LINESTRING (431499.7645446439 4585312.231646301, 431500.26270362135 4585302.167710851, 431500.60716308723 4585295.291760374)"
way,1318875055,"LINESTRING (431500.60716308723 4585295.291760374, 431505.0881378373 4585248.606104195)"
way,1318875056,"LINESTRING (431505.0881378373 4585248.606104195, 431506.6457833218 4585238.332292066, 431508.00783578074 4585231.23575825)"
way,1318875057,"LINESTRING (431508.00783578074 4585231.23575825, 431508.98576433596 4585225.941528058, 431522.69726001204 4585159.272171896, 431525.944552914 4585142.065281397, 431529.9890520035 4585120.776091769, 431532.6770091803 4585104.518242699)"
way,1318875058,"LINESTRING (431532.6770091803 4585104.518242699, 431534.4421334412 4585094.964165542, 431536.6301281102 4585085.05079686)"
way,1318875595,"LINESTRING (431550.5361434607 4584927.524772041, 431545.0581527275 4584915.685386458, 431542.4832468493 4584910.324838959, 431542.54624367633 4584908.14807789)"
way,1318875596,"LINESTRING (431554.1203225105 4584935.31841326, 431553.3691123319 4584933.660083964, 431550.5361434607 4584927.524772041)"
way,1318878949,"LINESTRING (432037.0187970657 4585738.92442431, 432030.6090722084 4585732.733700994, 432014.06665340374 4585717.2673355965, 431971.49155125674 4585676.087135974, 431968.89222932194 4585673.402467363, 431962.4946205319 4585665.846033921)"
way,1318878950,"LINESTRING (431962.4946205319 4585665.846033921, 431953.7286136729 4585657.057249132, 431943.6706409034 4585647.747685868)"
way,1318878953,"LINESTRING (431943.6706409034 4585647.747685868, 431932.23670704453 4585638.761958612, 431899.1635919042 4585608.284808506, 431865.00098397373 4585575.741822702, 431861.82830729685 4585572.529650864)"
way,1318878954,"LINESTRING (431861.82830729685 4585572.529650864, 431854.7519309823 4585565.69028497, 431847.2369095916 4585558.422044022)"
way,1318878958,"LINESTRING (431847.2369095916 4585558.422044022, 431844.2281201687 4585555.752377703, 431801.02413466503 4585514.556866952, 431792.0936468189 4585506.091805563)"
way,1318878959,"LINESTRING (431792.0936468189 4585506.091805563, 431783.1630335123 4585497.615653154, 431775.11971121014 4585490.174818301)"
way,1318881696,"LINESTRING (431010.9816398057 4584721.336659955, 431008.2545626023 4584718.475896414, 431007.45982595586 4584714.020105565)"
way,1318881700,"LINESTRING (431084.5666988605 4584814.899348531, 431082.18953800405 4584812.7902238555, 431078.36215450004 4584811.116817689, 431076.1624048144 4584809.205857944, 431073.9150514831 4584806.684692738, 431072.7960914208 4584804.163886572, 431071.00470259116 4584802.126908106, 431058.52830594644 4584791.009587873, 431045.70180168777 4584779.118420589, 431014.17041211046 4584748.086462359, 431011.1731465297 4584744.939597323, 431010.9816398057 4584721.336659955)"
way,1318881701,"LINESTRING (431101.1138810784 4584831.318458819, 431091.425751647 4584821.584613179, 431084.5666988605 4584814.899348531)"
way,1318881703,"LINESTRING (431182.18097683275 4584912.953000429, 431174.3956005245 4584904.644334361, 431111.02690167184 4584840.972456496, 431101.1138810784 4584831.318458819)"
way,1318881704,"LINESTRING (431199.74531060713 4584930.028832632, 431189.15579793823 4584919.5262251515, 431187.47639004217 4584917.8323440915, 431182.18097683275 4584912.953000429)"
way,1318881705,"LINESTRING (431275.50821797457 4585001.677785361, 431272.1630022307 4584998.833897522, 431269.2615140687 4584997.82887835, 431264.76755396184 4584993.719068749, 431236.8121737529 4584966.749182894, 431220.5243727185 4584950.293999002, 431209.6121633211 4584939.250386908, 431199.74531060713 4584930.028832632)"
way,1318881706,"LINESTRING (431292.06290158024 4585018.097247084, 431282.89193213696 4585009.079932488, 431275.50821797457 4585001.677785361)"
way,1318883290,"LINESTRING (431366.64043909265 4585093.6221827995, 431361.7815417192 4585088.916218998, 431352.4589464353 4585079.755919307, 431336.8614573978 4585064.648488032, 431300.96483521565 4585029.59307177, 431297.27821223263 4585025.120287552, 431295.3047227318 4585021.497269958, 431292.06290158024 4585018.097247084)"
way,1318883291,"LINESTRING (431383.97804452886 4585110.678392074, 431375.4363805499 4585102.776390467, 431366.64043909265 4585093.6221827995)"
way,1318883292,"LINESTRING (431509.1498198445 4585232.6794303935, 431508.00783578074 4585231.23575825, 431504.29253068985 4585227.240567893, 431476.4002757431 4585200.568966333, 431396.8388991353 4585123.66900097, 431383.97804452886 4585110.678392074)"
way,1318883293,"LINESTRING (431520.94846626103 4585243.870533258, 431514.22413190093 4585237.205805468, 431509.1498198445 4585232.6794303935)"
way,1318883294,"LINESTRING (431560.54915016226 4585281.079249302, 431527.9170368833 4585250.73280856, 431520.94846626103 4585243.870533258)"
way,1318883295,"LINESTRING (431576.7587184486 4585296.492242016, 431569.3034250037 4585289.41246518, 431560.54915016226 4585281.079249302)"
way,1318883298,"LINESTRING (431651.12285224465 4585371.278139774, 431642.2690095358 4585363.00128288, 431585.5209031545 4585307.434581217, 431582.22063526633 4585304.012779263, 431580.4463582691 4585300.221260546, 431576.7587184486 4585296.492242016)"
way,1318883299,"LINESTRING (431671.59372129675 4585391.03673805, 431661.4139316764 4585381.29569259, 431651.12285224465 4585371.278139774)"
way,1318883300,"LINESTRING (431762.35086755495 4585477.937687224, 431761.2120076635 4585476.815930758, 431757.2724817282 4585472.944860618, 431747.60499762633 4585463.443130486)"
way,1318883301,"LINESTRING (431775.11971121014 4585490.174818301, 431768.105858075 4585483.779060593, 431762.35086755495 4585477.937687224)"
way,1318883485,"LINESTRING (428495.77795730345 4578105.695174838, 428492.7822332281 4578103.93714271, 428490.90166730265 4578099.880928471, 428489.3737493258 4578094.255734229, 428486.4606610128 4578088.999487156, 428481.0150766111 4578084.845186456, 428438.5509685671 4578065.667399892, 428436.1879938131 4578064.447189198, 428402.71936133865 4578049.699740372, 428359.0430674098 4578029.812688163, 428351.9138489735 4578027.162893634, 428347.63966157485 4578025.5729872035)"
way,1318883486,"LINESTRING (428347.63966157485 4578025.5729872035, 428345.37010472803 4578024.49622013, 428342.395208191 4578023.159952073)"
way,1318887902,"LINESTRING (427570.68005042436 4581790.0207087165, 427575.3710655895 4581791.683674699)"
way,1318887903,"LINESTRING (427575.3710655895 4581791.683674699, 427576.8389405911 4581792.135327212, 427597.92591152684 4581799.452396716, 427630.750041001 4581811.482076321, 427641.79711019155 4581814.913592561, 427646.41084581625 4581816.377522284, 427655.69850234035 4581819.47133392, 427670.9203898525 4581823.960404956, 427696.0882907222 4581826.296202563)"
way,1318887904,"LINESTRING (427696.0882907222 4581826.296202563, 427700.04667545564 4581826.611997943, 427704.47998563404 4581826.75651237)"
way,1318887907,"LINESTRING (427704.47998563404 4581826.75651237, 427731.703052629 4581828.90538312, 427752.20687307394 4581830.599512524)"
way,1318887908,"LINESTRING (427752.20687307394 4581830.599512524, 427759.3495837228 4581831.594178658, 427760.80531391926 4581831.668488532, 427766.25585512514 4581832.358046798)"
way,1318887913,"LINESTRING (427766.25585512514 4581832.358046798, 427767.70433064096 4581832.543459953, 427786.53395178285 4581834.89834795, 427827.1070372277 4581844.198074414, 427844.19389067544 4581849.568268786, 427847.31518496503 4581850.636378426)"
way,1318887914,"LINESTRING (427847.31518496503 4581850.636378426, 427861.1064602967 4581855.0734735755, 427867.26100553625 4581856.766466873, 427871.2040061674 4581858.059568342)"
way,1318887916,"LINESTRING (427871.2040061674 4581858.059568342, 427874.2595085783 4581859.2393739205, 427878.79603707267 4581860.515468295, 427896.3824908381 4581865.68095801, 427908.3895477707 4581868.970087528, 427947.9014326938 4581879.224792549, 427984.0381679846 4581885.593915007, 427987.7698715766 4581885.823295999)"
way,1318887917,"LINESTRING (427987.7698715766 4581885.823295999, 427996.93303404306 4581887.35326121, 428009.1110220868 4581888.497987817)"
way,1318887926,"LINESTRING (428171.6813154472 4581889.948938999, 428174.1996582778 4581890.090518037, 428188.294497054 4581889.750954605, 428210.8965384136 4581889.7268295605, 428256.49898162106 4581889.375067022, 428259.48312573205 4581889.2677986985, 428265.03368874575 4581889.090710287, 428267.023748882 4581888.238287169, 428269.5214269676 4581886.292750952)"
way,1318887927,"LINESTRING (428147.3539184113 4581890.534340564, 428159.40138680645 4581890.326054093, 428171.6813154472 4581889.948938999)"
way,1318890888,"LINESTRING (427964.30808967527 4579155.902176122, 427961.5483186326 4579161.0258234795, 427885.51920109475 4579308.33986474, 427884.0420405583 4579311.208002569, 427798.28447391104 4579472.454057646, 427796.4935347585 4579475.725044959, 427792.18485374365 4579484.039622215)"
way,1318890889,"LINESTRING (427975.18345650466 4579135.76451741, 427970.2217406853 4579144.907075904, 427964.30808967527 4579155.902176122)"
way,1318890890,"LINESTRING (428211.1989999059 4578698.257580741, 428182.36033028766 4578752.081209903, 428178.15487895603 4578759.928184966, 428113.1045830073 4578881.472047204, 428111.05118500354 4578885.300693424, 428105.4004723141 4578895.860045207)"
way,1318890891,"LINESTRING (428105.4004723141 4578895.860045207, 428098.95305415255 4578907.903985477, 428094.54263699957 4578916.152751324)"
way,1318892493,"LINESTRING (431736.11031106324 4583969.593187207, 431726.82479160686 4583969.78066075)"
way,1318893777,"LINESTRING (426403.8990062879 4581458.784006391, 426399.3688436031 4581457.364420563, 426385.28139922 4581452.755432227, 426360.6189834796 4581446.033326023, 426358.8579616813 4581445.551586724)"
way,1318893778,"LINESTRING (426425.1404597125 4581463.797820075, 426416.4958225824 4581462.364484741, 426413.0936758288 4581461.677337181, 426403.8990062879 4581458.784006391)"
way,1318901976,"LINESTRING (431723.84701798693 4583958.061911671, 431723.6339042274 4583954.07799404, 431720.36268370535 4583951.133273795, 431663.2964457958 4583895.702097082, 431662.182824298 4583894.624526606, 431655.6638864544 4583888.579479475)"
way,1318901977,"LINESTRING (431655.6638864544 4583888.579479475, 431647.1270742874 4583880.421736518, 431643.22154628456 4583876.70583746, 431630.00968450453 4583863.018612565)"
way,1318901978,"LINESTRING (431657.3445393569 4583870.021836976, 431667.3131337209 4583858.935923826, 431735.12658429873 4583788.104017944)"
way,1318901979,"LINESTRING (431641.80626571726 4583886.178837241, 431647.1270742874 4583880.421736518, 431651.56639331626 4583876.038612463, 431657.3445393569 4583870.021836976)"
way,1318901988,"LINESTRING (431541.91155221855 4583781.090226638, 431538.86649949895 4583778.210064896, 431537.56973800313 4583773.681253733, 431532.8165564247 4583768.741008741)"
way,1318901989,"LINESTRING (431557.80804223486 4583796.63940742, 431549.5307666484 4583788.545940068, 431541.91155221855 4583781.090226638)"
way,1318904212,"LINESTRING (427176.3493696869 4582101.114960296, 427180.7882365295 4582103.490794566, 427189.11263183685 4582087.296703913)"
way,1318904213,"LINESTRING (427189.11263183685 4582087.296703913, 427192.7206848301 4582079.3884305395, 427198.85638322163 4582066.724890002)"
way,1318904249,"LINESTRING (427353.0696036359 4581716.188298611, 427360.42071572255 4581718.768210521, 427386.4427290604 4581727.012263275, 427407.41381265956 4581734.4076686, 427435.097807048 4581743.290318465, 427436.8441805857 4581743.9945222)"
way,1318904250,"LINESTRING (427436.8441805857 4581743.9945222, 427441.4927844526 4581745.591209713, 427447.8035891032 4581747.8374344995)"
way,1318904257,"LINESTRING (427562.09721392783 4581787.17532633, 427570.68005042436 4581790.0207087165)"
way,1318906571,"LINESTRING (428315.8264821485 4585266.644303598, 428312.3436161084 4585274.484208221, 428311.6060936004 4585275.968212173)"
way,1318908372,"LINESTRING (427198.85638322163 4582066.724890002, 427206.0440093448 4582052.2298974125, 427263.1590125667 4581939.360751903, 427264.1751656541 4581937.296500023)"
way,1318908373,"LINESTRING (427264.1751656541 4581937.296500023, 427265.543600978 4581934.507018346, 427266.16410802247 4581933.012990389)"
way,1318908378,"LINESTRING (432032.77914734115 4583119.222350349, 432032.8266505576 4583120.720787454)"
way,1318912589,"LINESTRING (433448.7343192357 4583911.314516564, 433446.89498085674 4583909.466151215, 433390.1570100572 4583853.74105866, 433387.18623131845 4583850.670704875, 433386.89483614493 4583847.164899116)"
way,1318912590,"LINESTRING (433478.71334472636 4583941.582851053, 433463.23767931026 4583925.848033258, 433448.7343192357 4583911.314516564)"
way,1318912591,"LINESTRING (433542.35311101726 4584003.507246397, 433540.6245193998 4584001.879897541, 433481.68302786397 4583944.542223259, 433478.71334472636 4583941.582851053)"
way,1318912592,"LINESTRING (433570.49128909316 4584030.0178927025, 433557.97278194147 4584018.5747385165, 433542.35311101726 4584003.507246397)"
way,1318912593,"LINESTRING (433651.75945284724 4584110.234365238, 433651.02555213385 4584109.5083055915, 433639.34988685604 4584097.879646495, 433607.7141454123 4584066.382344525, 433575.5690732471 4584034.978671553, 433570.49128909316 4584030.0178927025)"
way,1318912594,"LINESTRING (433664.43073315325 4584122.875379623, 433655.5560604618 4584114.052247506, 433651.75945284724 4584110.234365238)"
way,1318912595,"LINESTRING (433740.9307671663 4584198.373407881, 433738.9651841561 4584196.41509793, 433671.64075187757 4584130.659005821, 433664.43073315325 4584122.875379623)"
way,1318912596,"LINESTRING (433759.9260568406 4584217.029943933, 433750.66438806034 4584207.910463816, 433740.9307671663 4584198.373407881)"
way,1318912597,"LINESTRING (433845.9560081591 4584301.057637887, 433835.5057938055 4584290.827530129)"
way,1318915658,"LINESTRING (430314.77160331036 4582752.010174503, 430315.5245737161 4582751.19241997, 430331.0385595602 4582735.154958257, 430385.601821958 4582680.370579113, 430392.42854253046 4582672.977072443, 430404.7355947213 4582660.767780849)"
way,1318915659,"LINESTRING (430303.0021744388 4582763.58158979, 430310.33172421216 4582756.327500546, 430314.77160331036 4582752.010174503)"
way,1318915660,"LINESTRING (430216.548121148 4582852.659746108, 430222.40096905513 4582846.618902275)"
way,1318916753,"LINESTRING (429971.84444230166 4583961.748371467, 429947.74462452764 4583941.929616157, 429940.78425923316 4583936.201234224, 429939.90786319575 4583935.476921195, 429933.9926894189 4583931.503797044)"
way,1318916754,"LINESTRING (429976.87505338097 4583965.885520894, 429973.24325778347 4583962.900649679, 429971.84444230166 4583961.748371467)"
way,1318916755,"LINESTRING (430080.82350811956 4584050.573324221, 430073.07914192113 4584044.141802861, 430066.47507481294 4584038.931699701)"
way,1318916756,"LINESTRING (430088.2522688011 4584056.352828846, 430080.82350811956 4584050.573324221)"
way,1318917041,"LINESTRING (432097.5334364188 4586662.272140262, 432118.84374552825 4586660.684294027)"
way,1318917042,"LINESTRING (432089.4728443956 4586662.61426988, 432094.527318826 4586662.500208034, 432097.5334364188 4586662.272140262)"
way,1319648018,"LINESTRING (429058.51923346554 4583535.803288421, 429082.4429799784 4583509.932272451, 429109.80828709377 4583471.803312762)"
way,1319648019,"LINESTRING (429109.80828709377 4583471.803312762, 429112.087297819 4583468.905342525, 429113.4887039808 4583466.881992682)"
way,1319648020,"LINESTRING (429113.4887039808 4583466.881992682, 429118.07669330074 4583460.730468081, 429133.42081558413 4583439.717877195, 429148.07153408485 4583419.600340421, 429205.1327448078 4583342.976096896, 429206.83905093285 4583340.49456582, 429207.2602837841 4583339.113684326, 429207.3203255384 4583337.558686556)"
way,1319648021,"LINESTRING (429207.3203255384 4583337.558686556, 429207.232827867 4583336.304910233, 429207.6931451471 4583334.646073364, 429209.3159684754 4583332.1764619425, 429213.3261325041 4583325.9085185435)"
way,1319648022,"LINESTRING (429213.3261325041 4583325.9085185435, 429214.03495203727 4583324.8690175675, 429270.3465717161 4583248.385893105, 429272.3188015858 4583245.735237835)"
way,1319648023,"LINESTRING (429272.3188015858 4583245.735237835, 429274.3322884672 4583243.0286655985, 429276.8150064226 4583239.5736154895)"
way,1319648024,"LINESTRING (429276.8150064226 4583239.5736154895, 429278.07883706526 4583238.006863839, 429304.3822586117 4583201.365760384)"
way,1319648025,"LINESTRING (429304.3822586117 4583201.365760384, 429306.48555818497 4583198.436262559, 429308.59635217406 4583195.417868817)"
way,1319648026,"LINESTRING (429308.59635217406 4583195.417868817, 429309.8923355937 4583193.717574176, 429314.19003414374 4583187.768870116, 429347.0682742909 4583142.880910524)"
way,1319648027,"LINESTRING (429347.0682742909 4583142.880910524, 429351.1345633288 4583137.200957875, 429354.010929881 4583132.953788824)"
way,1319648028,"LINESTRING (429406.01943011966 4583026.402655881, 429406.54103817116 4583025.020809599, 429407.1522234791 4583023.393826008, 429411.39903700945 4583012.205102031, 429411.7359457606 4583011.60226079, 429413.20713893033 4583009.000942173, 429414.2388053828 4583007.625228657, 429415.99661360076 4583005.265381753, 429418.8597852866 4583002.2285883855)"
way,1319651989,"LINESTRING (429425.4283230682 4583029.388945836, 429423.61779300217 4583030.627909229, 429419.68686296244 4583039.914948273, 429404.0377268979 4583076.984681953, 429393.1379304199 4583102.949641189, 429384.9861359786 4583118.351150807, 429374.4554387748 4583138.427993586, 429372.9248799786 4583141.7960022725, 429372.31631141854 4583143.68943415)"
way,1319651990,"LINESTRING (429372.31631141854 4583143.68943415, 429368.4604703797 4583151.232613885, 429364.70913504536 4583156.631911982)"
way,1319651992,"LINESTRING (429364.70913504536 4583156.631911982, 429341.069340445 4583188.694595915, 429327.70317418594 4583206.900577058, 429295.8371015555 4583250.091111481, 429293.90687880095 4583252.763555955)"
way,1319651993,"LINESTRING (429293.90687880095 4583252.763555955, 429291.869392908 4583255.581386301, 429289.4117521399 4583259.036186458)"
way,1319651994,"LINESTRING (429289.4117521399 4583259.036186458, 429287.66240820865 4583261.3959846785, 429231.5069395796 4583337.610978041, 429229.180069173 4583340.753640346, 429230.67236607755 4583343.747952827)"
way,1319651995,"LINESTRING (429230.67236607755 4583343.747952827, 429226.4877570945 4583346.708917042, 429223.62274886307 4583348.679929188)"
way,1319657513,"LINESTRING (430209.11436307465 4582860.359055305, 430215.44587253564 4582853.669625768, 430216.548121148 4582852.659746108)"
way,1319657514,"LINESTRING (430124.35850969394 4582948.433855506, 430126.9450428509 4582946.1550150635, 430135.3208334626 4582937.325137521)"
way,1319657515,"LINESTRING (430115.31545288465 4582958.291651085, 430124.35850969394 4582948.433855506)"
way,1319659689,"LINESTRING (430214.3030546531 4583036.167794524, 430204.64351020975 4583046.253477582)"
way,1319659690,"LINESTRING (430223.618468091 4583026.807128525, 430217.1349206648 4583033.320374449, 430214.3030546531 4583036.167794524)"
way,1319661582,"LINESTRING (433198.37239807966 4582875.641083448, 433195.93554346607 4582877.029201791, 433190.46672347555 4582871.483834463)"
way,1319661583,"LINESTRING (433182.7408154057 4582880.470644257, 433176.56869859423 4582888.410567912)"
way,1319662333,"LINESTRING (433182.9290467949 4582859.184851052, 433176.9549201027 4582845.99432971)"
way,1319662334,"LINESTRING (433193.0098001636 4582869.828267527, 433188.87218059663 4582865.39200549, 433184.99739993917 4582861.35302178, 433182.9290467949 4582859.184851052)"
way,1319662744,"LINESTRING (428554.03888054617 4582745.469387448, 428531.27527583804 4582738.1661513215, 428526.9467757248 4582736.721064866)"
way,1319662745,"LINESTRING (428573.0383525559 4582751.755030624, 428563.8178631968 4582748.526176846, 428554.03888054617 4582745.469387448)"
way,1319662748,"LINESTRING (428744.8224061494 4582807.076741471, 428740.6803158617 4582805.873960007, 428707.5082466064 4582794.364640237, 428633.64626014873 4582770.387941597, 428628.57648830704 4582769.227672257, 428576.87899250694 4582752.905175112, 428573.0383525559 4582751.755030624)"
way,1319662749,"LINESTRING (428772.3398938204 4582815.777273105, 428756.7897402799 4582810.778437334, 428744.8224061494 4582807.076741471)"
way,1319662750,"LINESTRING (428889.10629420285 4582854.001008044, 428883.8648477353 4582852.375924207, 428866.6116712482 4582846.771812211, 428827.9746612222 4582833.8278257, 428796.35551507113 4582823.768434087, 428775.1099463679 4582816.89363723, 428772.3398938204 4582815.777273105)"
way,1319662751,"LINESTRING (428912.5846533026 4582861.7979707755, 428900.31543913885 4582857.987954822, 428889.10629420285 4582854.001008044)"
way,1319662754,"LINESTRING (429029.416517289 4582900.034397016, 429025.04641926615 4582898.589424606, 428963.77485904016 4582878.560821204, 428916.7788020872 4582863.2001912305, 428912.5846533026 4582861.7979707755)"
way,1319662755,"LINESTRING (429051.30475650274 4582906.848119811, 429040.7887927175 4582903.620254121, 429029.416517289 4582900.034397016)"
way,1319662757,"LINESTRING (429316.3784915245 4582993.102105877, 429312.2422599222 4582991.621371498, 429201.313114346 4582955.643257676, 429196.92658344517 4582954.220549461, 429194.4270971418 4582953.401160551, 429058.87637776026 4582909.083367738, 429051.30475650274 4582906.848119811)"
way,1319662758,"LINESTRING (429338.27298654034 4583000.616107521, 429327.2575664857 4582996.726528637, 429316.3784915245 4582993.102105877)"
way,1319662759,"LINESTRING (429403.7805558569 4583022.294190614, 429399.63697386824 4583020.913404985, 429344.86371954036 4583002.5947498595, 429338.27298654034 4583000.616107521)"
way,1319662760,"LINESTRING (429429.647132928 4583030.769013039, 429425.4283230682 4583029.388945836, 429421.8720971198 4583028.224482937, 429411.1530371701 4583024.709389751, 429407.1522234791 4583023.393826008, 429403.7805558569 4583022.294190614)"
way,1319665195,"LINESTRING (433212.7976202568 4582911.347877474, 433214.7739920282 4582908.076535426, 433216.08079178544 4582905.632974343, 433216.85948810447 4582903.0388436, 433216.6041208027 4582900.731817015, 433216.40522519883 4582898.202213887, 433215.37177553034 4582895.835744728, 433213.3097195858 4582892.535022577)"
way,1319665201,"LINESTRING (433416.84236711054 4583204.759110357, 433412.6338071856 4583199.845957143, 433405.84883103124 4583191.137135058, 433402.9429366413 4583187.877428415)"
way,1319665989,"LINESTRING (428654.45139568165 4582753.7395300865, 428759.8747297918 4582787.809420281, 428764.334399849 4582788.997986659)"
way,1319665990,"LINESTRING (428764.334399849 4582788.997986659, 428776.4291185609 4582792.898315451, 428789.030883892 4582797.348826283)"
way,1319665991,"LINESTRING (428789.030883892 4582797.348826283, 428793.2493021382 4582798.661914348, 428807.2426322395 4582803.487379587, 428901.1545703846 4582833.5976696275, 428910.2408147864 4582836.806058996)"
way,1319665992,"LINESTRING (428910.2408147864 4582836.806058996, 428919.0138090393 4582839.617827924, 428930.35843367234 4582842.926212656)"
way,1319665993,"LINESTRING (428930.35843367234 4582842.926212656, 428933.6135475767 4582844.060083238, 428939.5183678403 4582845.978474122, 428993.5921737655 4582863.501555072, 428997.52411844046 4582865.450436054, 429042.8808702739 4582879.917204217, 429047.4858153812 4582881.4376075445)"
way,1319665994,"LINESTRING (429047.4858153812 4582881.4376075445, 429059.21064119297 4582885.164378548, 429068.63125343894 4582888.380791911)"
way,1319665996,"LINESTRING (429068.63125343894 4582888.380791911, 429076.5562881562 4582890.845759213, 429204.198903548 4582932.687504656, 429208.64689464646 4582934.409395836, 429212.5299976243 4582935.648281576, 429330.29117711977 4582973.458508636, 429333.9321268798 4582974.733130042)"
way,1319665997,"LINESTRING (429333.9321268798 4582974.733130042, 429345.35493357806 4582978.385584188, 429358.8831908199 4582982.750314232)"
way,1319665998,"LINESTRING (429358.8831908199 4582982.750314232, 429362.0781366576 4582983.729520562, 429408.743673708 4582998.818651659, 429418.8597852866 4583002.2285883855, 429420.0761756009 4583002.649748942)"
way,1319665999,"LINESTRING (429420.0761756009 4583002.649748942, 429422.70937462355 4583003.467911882, 429437.2606753192 4583008.155905243)"
way,1319672578,"LINESTRING (428804.5163524275 4582408.693790045, 428810.1999437148 4582412.734917092, 428861.806857716 4582463.923204483, 428868.7302150419 4582470.761243159, 428871.9314077885 4582474.049587346)"
way,1319672579,"LINESTRING (428871.9314077885 4582474.049587346, 428885.237338141 4582487.153646201, 428889.3141006256 4582491.055166622, 428899.90719223465 4582501.22139967, 428902.5829313967 4582503.793223763)"
way,1319672580,"LINESTRING (428902.5829313967 4582503.793223763, 428904.78536639584 4582505.847856192, 428960.8559798646 4582559.613311011, 428965.3813099519 4582564.076723306, 428969.23966104735 4582572.998952992, 428971.3515081201 4582575.198831333)"
way,1319672581,"LINESTRING (428971.3515081201 4582575.198831333, 428981.69669000775 4582584.834670225, 428989.639358344 4582592.473341304)"
way,1319672582,"LINESTRING (428989.639358344 4582592.473341304, 428992.62100818305 4582595.552933509, 428997.8872579668 4582597.133444134, 429000.67734123964 4582598.582786721, 429054.7476798456 4582652.290829468, 429059.79927302804 4582657.5707612485, 429066.01391566196 4582663.794158986)"
way,1319672583,"LINESTRING (429066.01391566196 4582663.794158986, 429078.1762859697 4582675.455275396, 429087.99514480634 4582685.163031959)"
way,1319672584,"LINESTRING (429087.99514480634 4582685.163031959, 429095.2051502073 4582692.287149904, 429127.2945296639 4582723.905129162, 429155.6355933054 4582751.862630475, 429160.1799021175 4582760.001043326, 429163.0496902717 4582762.770915383)"
way,1319672585,"LINESTRING (429163.0496902717 4582762.770915383, 429171.6748933136 4582770.991559873, 429180.59159134206 4582779.9532603705)"
way,1319676759,"LINESTRING (429266.9055237917 4582862.637175887, 429268.1627953359 4582861.2481357055, 429272.26955373824 4582857.13326058, 429278.84993468435 4582850.3295341935)"
way,1319676760,"LINESTRING (429262.9630434486 4582866.450670942, 429264.8761970308 4582864.58890208, 429266.9055237917 4582862.637175887)"
way,1319678667,"LINESTRING (429562.1954880492 4582559.614581726, 429565.74918626196 4582555.338716586, 429597.67355536495 4582522.818847808, 429625.35306877794 4582493.982117045, 429633.621410226 4582485.285942689)"
way,1319678668,"LINESTRING (429633.621410226 4582485.285942689, 429642.5946913268 4582475.9944777675)"
way,1319683085,"LINESTRING (429096.18702569226 4582122.853083689, 429123.64066040586 4582150.452776936, 429151.47640306194 4582176.960748266, 429159.0045426251 4582184.081822702)"
way,1319683086,"LINESTRING (429159.0045426251 4582184.081822702, 429172.3015575462 4582196.276050962, 429183.97796360403 4582207.775557174)"
way,1319683089,"LINESTRING (429183.97796360403 4582207.775557174, 429189.09838732635 4582212.37762951, 429250.68668570486 4582270.332689386, 429273.07838607347 4582292.575246428, 429290.6677103979 4582309.391005386, 429345.49597210623 4582365.380995276, 429353.60915606766 4582373.3736895975)"
way,1319683090,"LINESTRING (429353.60915606766 4582373.3736895975, 429364.4648206432 4582383.937733405, 429375.8519275383 4582394.985140106)"
way,1319683091,"LINESTRING (429375.8519275383 4582394.985140106, 429384.52646907495 4582403.960554518, 429442.1349408833 4582459.679887392, 429450.6665831921 4582467.735228586)"
way,1319683092,"LINESTRING (429450.6665831921 4582467.735228586, 429460.31997832307 4582476.79002128, 429470.9049531533 4582487.923103672)"
way,1319683093,"LINESTRING (429470.9049531533 4582487.923103672, 429476.2325643497 4582493.233941588, 429541.41437829955 4582557.507274653, 429547.75365375995 4582563.685453385)"
way,1319683094,"LINESTRING (429547.75365375995 4582563.685453385, 429553.2145943445 4582568.961740612, 429556.30436877266 4582572.007199298, 429563.1601814878 4582578.857645481)"
way,1319683095,"LINESTRING (429642.967772962 4582653.004486341, 429651.5772266153 4582661.370182224)"
way,1319685438,"LINESTRING (430590.4709634615 4582470.214613742, 430586.5547192523 4582466.388338412, 430583.72051781265 4582463.795218269)"
way,1319690679,"LINESTRING (430474.8523239824 4582357.785326397, 430469.53265960165 4582352.362664367)"
way,1319691099,"LINESTRING (431247.2771572338 4586571.286619063, 431245.8788728559 4586572.754390215, 431241.43514743046 4586577.348820353, 431237.5670370256 4586580.960725127, 431218.77664205217 4586598.870713118, 431199.9492683001 4586619.912129167, 431198.20735296264 4586622.149279812, 431196.1230705533 4586624.41189278)"
way,1319691100,"LINESTRING (431261.4560328372 4586556.129635063, 431254.6908232925 4586563.532947234, 431247.2771572338 4586571.286619063)"
way,1319691103,"LINESTRING (431266.8441044637 4586550.660218313, 431263.16793652147 4586554.248079304, 431261.4560328372 4586556.129635063)"
way,1319691104,"LINESTRING (431274.1863028151 4586543.29584886, 431270.8669960654 4586546.6249486, 431266.8441044637 4586550.660218313)"
way,1319691110,"LINESTRING (431492.43399315106 4586317.646586178, 431489.9275818049 4586320.357222907, 431452.9390825559 4586358.979294087, 431441.2886918608 4586370.3147251345, 431428.5977034476 4586382.947976124, 431344.3950906133 4586469.993958803, 431333.5190482787 4586481.877370761, 431293.41385002364 4586523.871863692, 431274.1863028151 4586543.29584886)"
way,1319691111,"LINESTRING (431498.8327002715 4586311.201829552, 431495.46367762017 4586314.597908665, 431492.43399315106 4586317.646586178)"
way,1319691112,"LINESTRING (431522.4505828681 4586286.673995637, 431498.8327002715 4586311.201829552)"
way,1319691113,"LINESTRING (431530.1053763793 4586278.729590613, 431525.6531420616 4586283.346122616, 431522.4505828681 4586286.673995637)"
way,1319691115,"LINESTRING (431630.6317515464 4586174.710730682, 431628.5792640576 4586176.828573607, 431532.00061785226 4586276.779749802, 431530.1053763793 4586278.729590613)"
way,1319691116,"LINESTRING (431645.89047131554 4586159.577649018, 431637.4545636493 4586168.017832266, 431630.6317515464 4586174.710730682)"
way,1319691297,"LINESTRING (430073.07914192113 4584044.141802861, 430070.34633133846 4584047.676718028, 430045.07521950157 4584083.072673997)"
way,1319691299,"LINESTRING (430045.07521950157 4584083.072673997, 430047.23478101694 4584089.42488515, 430044.12823454733 4584094.073713905)"
way,1319691300,"LINESTRING (430010.76007256925 4584144.459259955, 430007.303067537 4584150.03303622, 430005.21434814105 4584152.740135459)"
way,1319693346,"LINESTRING (431670.33427435294 4586133.910026871, 431663.438081365 4586140.8034378495, 431656.82538108714 4586147.627560682, 431645.89047131554 4586159.577649018)"
way,1319693347,"LINESTRING (431679.26198639616 4586124.443773513, 431674.048132661 4586129.844603409, 431670.33427435294 4586133.910026871)"
way,1319693349,"LINESTRING (431725.35718561825 4586077.3432010105, 431722.9557765791 4586079.68636591, 431679.26198639616 4586124.443773513)"
way,1319693350,"LINESTRING (431748.89723396295 4586053.260998467, 431737.9384029119 4586064.478373953, 431725.35718561825 4586077.3432010105)"
way,1319693354,"LINESTRING (431802.46971154714 4585998.7292000735, 431798.59851277136 4586002.9625801835, 431752.2661843285 4586049.831735913, 431748.89723396295 4586053.260998467)"
way,1319693355,"LINESTRING (431813.41943252715 4585986.523856009, 431807.23429429147 4585993.521451025, 431802.46971154714 4585998.7292000735)"
way,1319693357,"LINESTRING (431850.8159187458 4585948.221873933, 431848.06523615186 4585950.757033631, 431845.67325155466 4585953.222198645, 431816.07002261805 4585984.011831382, 431813.41943252715 4585986.523856009)"
way,1319693358,"LINESTRING (431860.25519659923 4585938.8953764085, 431853.8295113445 4585945.20681503, 431850.8159187458 4585948.221873933)"
way,1319693362,"LINESTRING (431938.37805768463 4585858.097224344, 431924.64261638536 4585871.827463991, 431901.6679520369 4585895.726095877, 431900.36853069946 4585897.070671173, 431872.7588726552 4585926.619980262, 431860.25519659923 4585938.8953764085)"
way,1319693363,"LINESTRING (431960.94432498864 4585835.179609455, 431949.7522072665 4585846.543177174, 431938.37805768463 4585858.097224344)"
way,1319694777,"LINESTRING (433010.2624612731 4585919.464190409, 433009.0320976936 4585922.8730540015)"
way,1319695236,"LINESTRING (433020.7213136347 4585886.502928719, 433019.9525315439 4585891.928236957)"
way,1319695237,"LINESTRING (433021.3172507308 4585882.267225739, 433020.7213136347 4585886.502928719)"
way,1319695321,"LINESTRING (430457.51130685105 4582340.398124903, 430448.89428799076 4582332.053766239)"
way,1319695322,"LINESTRING (430434.941071793 4582317.443120291, 430428.6482602207 4582310.819618581, 430426.1733404774 4582308.212004982)"
way,1319695590,"LINESTRING (428973.00456408574 4581635.886626092, 428978.7885863003 4581641.592344234, 428981.2794571867 4581644.043880244, 428987.23221700586 4581649.903391878, 428998.7410256221 4581661.248817545, 429026.74021744396 4581688.8428249555, 429054.0520408136 4581715.433302183, 429064.5895304997 4581725.811283226, 429066.8018132127 4581727.999105119)"
way,1319695591,"LINESTRING (429253.9876147902 4581913.919218316, 429257.94058828865 4581917.977594705, 429268.4745680382 4581928.056118225)"
way,1319695592,"LINESTRING (429268.4745680382 4581928.056118225, 429277.37161557534 4581937.484460106, 429302.06351419137 4581963.990385904, 429334.0772308768 4581991.912766191, 429345.40169163805 4582002.472215988)"
way,1319695593,"LINESTRING (429345.40169163805 4582002.472215988, 429352.7872427374 4582009.550468406, 429362.3931376918 4582018.805455775)"
way,1319695594,"LINESTRING (429362.3931376918 4582018.805455775, 429373.147132803 4582029.181759961, 429429.458287776 4582085.324481022, 429440.0419882357 4582094.547837926, 429440.87868767465 4582098.037104257)"
way,1319695595,"LINESTRING (429440.87868767465 4582098.037104257, 429447.6556902489 4582104.466305506, 429455.58359024295 4582112.305478294)"
way,1319695596,"LINESTRING (429455.58359024295 4582112.305478294, 429459.19283588196 4582112.858789934, 429469.3795012068 4582121.675246652, 429525.84509150987 4582178.37233412, 429535.2564108462 4582187.440686623)"
way,1319695597,"LINESTRING (429535.2564108462 4582187.440686623, 429545.88309581584 4582197.674139387, 429554.7289076076 4582206.203973592)"
way,1319695598,"LINESTRING (429554.7289076076 4582206.203973592, 429563.4553820736 4582214.501817539, 429574.5057424276 4582225.319645633, 429623.08021276304 4582273.789208141, 429632.03382532205 4582283.106392456, 429633.02829433227 4582286.494220938)"
way,1319695599,"LINESTRING (429633.02829433227 4582286.494220938, 429639.08815321315 4582292.297695762, 429647.9364360919 4582301.105188568)"
way,1319695600,"LINESTRING (429647.9364360919 4582301.105188568, 429650.6687262172 4582302.6330619175, 429659.30263846874 4582310.032581412, 429718.8880754625 4582367.144948671, 429725.0751449574 4582373.147111205)"
way,1319695601,"LINESTRING (429725.0751449574 4582373.147111205, 429734.5522020962 4582382.148459133, 429737.66041955556 4582385.371461823, 429746.15761478065 4582393.349758417)"
way,1319695602,"LINESTRING (429746.15761478065 4582393.349758417, 429757.8207616107 4582404.472795598, 429816.6827513018 4582461.293177834, 429822.2456120684 4582466.746323265, 429824.7676936936 4582470.752243171)"
way,1319695603,"LINESTRING (429824.7676936936 4582470.752243171, 429831.4047863734 4582477.48292544, 429840.2039543375 4582486.446561762)"
way,1319695607,"LINESTRING (429840.2039543375 4582486.446561762, 429849.30439684703 4582495.440599614, 429941.34178962547 4582585.116229501, 429951.788965944 4582595.063319238)"
way,1319695608,"LINESTRING (429951.788965944 4582595.063319238, 429956.83028160286 4582600.210726913, 429961.58979814115 4582604.750203313)"
way,1319695609,"LINESTRING (429961.58979814115 4582604.750203313, 429963.7273752941 4582607.050041381, 429967.17184448894 4582610.480843316)"
way,1319695610,"LINESTRING (429967.17184448894 4582610.480843316, 429969.46922876494 4582612.879064087, 429977.6048041823 4582620.694576032)"
way,1319696409,"LINESTRING (433139.08116539044 4586208.234887918, 433165.3004806098 4586256.634259788)"
way,1319696410,"LINESTRING (433130.9792516545 4586195.119566888, 433135.80648669816 4586202.935778147, 433139.08116539044 4586208.234887918)"
way,1319696412,"LINESTRING (433165.3004806098 4586256.634259788, 433168.0720119896 4586261.749281275, 433170.2280682935 4586267.180868499)"
way,1319696413,"LINESTRING (433170.2280682935 4586267.180868499, 433172.3947333019 4586272.856621169, 433173.6721732148 4586274.543559464)"
way,1319698508,"LINESTRING (433163.96936205006 4586278.086169056, 433160.43532556534 4586268.226170798, 433112.60112713545 4586187.717287054, 433106.09059001063 4586179.51694994, 433099.59561842703 4586175.713205399)"
way,1319698509,"LINESTRING (433099.59561842703 4586175.713205399, 433095.7690244433 4586173.99433564, 433084.96418704995 4586169.530976356)"
way,1319698510,"LINESTRING (433084.96418704995 4586169.530976356, 433079.1392866331 4586166.798030124, 433075.0445181544 4586161.384400286, 433065.1782789982 4586145.465343746, 433052.6953703702 4586124.929515884, 433050.3454179873 4586120.232544713, 433050.6673825271 4586112.579697775, 433046.81318074756 4586106.075777538)"
way,1319698511,"LINESTRING (433046.81318074756 4586106.075777538, 433043.9883552046 4586101.53864237, 433042.1230813917 4586098.646954417)"
way,1319698512,"LINESTRING (433008.12217163405 4585970.823604039, 433008.54113364173 4585955.597711279, 433009.17205051135 4585938.893177085, 433008.75936245784 4585936.743043898, 433006.68555719074 4585930.289278929, 433006.57791145024 4585928.591538807)"
way,1319698513,"LINESTRING (433007.93395199144 4585981.184310399, 433007.9336648309 4585977.542576562, 433008.12217163405 4585970.823604039)"
way,1319698815,"LINESTRING (429145.3911991238 4582022.412170465, 429148.5873619772 4582019.19437811, 429148.871338473 4582001.204881888)"
way,1319698816,"LINESTRING (429157.5085637364 4581991.749565619, 429150.2532084248 4581985.180968577, 429136.11273100984 4581972.284438564, 429128.2472059835 4581970.873582414)"
way,1319698817,"LINESTRING (429148.871338473 4582001.204881888, 429153.31373438536 4581996.309468298, 429157.5085637364 4581991.749565619)"
way,1319698818,"LINESTRING (429264.1366396086 4581901.69575351, 429265.44121504965 4581899.99537548, 429300.44486661605 4581864.091127475)"
way,1319698819,"LINESTRING (429250.6387187276 4581915.206546977, 429253.4701246105 4581912.303246676, 429256.6842990116 4581909.2074608235, 429264.1366396086 4581901.69575351)"
way,1319700963,"LINESTRING (427910.32005750126 4582934.28015585, 427908.86602825864 4582937.714343197, 427904.27907771245 4582947.264143369, 427894.3208544975 4582964.839351376, 427889.2668542941 4582973.661015611, 427879.6840136949 4582991.143685059)"
way,1319700964,"LINESTRING (427879.6840136949 4582991.143685059, 427874.3871049306 4583000.756090782, 427870.3384588389 4583008.102165863)"
way,1319700966,"LINESTRING (427870.3384588389 4583008.102165863, 427866.7663545721 4583013.766948276, 427865.1806635296 4583016.569587308, 427855.2519377655 4583032.8899252275, 427834.63988958934 4583068.658101354, 427816.02732153056 4583100.342724768, 427814.0727858624 4583103.881848899)"
way,1319700967,"LINESTRING (427814.0727858624 4583103.881848899, 427808.8138652266 4583113.094222289, 427806.2005207819 4583117.639183557)"
way,1319700968,"LINESTRING (427806.2005207819 4583117.639183557, 427803.5870690231 4583122.173043963, 427782.3545417519 4583160.223681708, 427772.27418302663 4583178.066766234, 427770.2261291028 4583182.284118097)"
way,1319700969,"LINESTRING (427770.2261291028 4583182.284118097, 427765.50765294494 4583190.347529681, 427760.9344012368 4583198.720379666)"
way,1319700970,"LINESTRING (427760.9344012368 4583198.720379666, 427755.6408528498 4583207.799905755, 427737.5200530542 4583238.425065008, 427726.4638573396 4583258.154361551, 427723.2750414586 4583264.5037824605, 427719.7895254551 4583267.092254239, 427715.7430995136 4583270.44132903)"
way,1319700971,"LINESTRING (427715.7430995136 4583270.44132903, 427712.7164536648 4583277.122226025, 427709.8917713777 4583283.934344381)"
way,1319700972,"LINESTRING (427710.6272759233 4583288.101725417, 427708.52248473075 4583291.653484178, 427685.3612286848 4583330.689651801, 427683.04865100863 4583335.19835046)"
way,1319700973,"LINESTRING (427683.04865100863 4583335.19835046, 427681.0943574861 4583338.748615286, 427677.54157322 4583345.479194962)"
way,1319701512,"LINESTRING (428982.17337259615 4582189.943348729, 428976.03643615113 4582197.6645254325, 428974.2957903261 4582198.369971148, 428971.14211235405 4582200.788017835, 428960.81945664133 4582210.559875724)"
way,1319701515,"LINESTRING (429087.7069035255 4582081.699847371, 429078.8524890404 4582090.302454057)"
way,1319701516,"LINESTRING (429073.3134940738 4582092.499539937, 429069.4787200608 4582096.245456571, 429065.27911623346 4582100.305829008, 429061.36139432463 4582104.119179803)"
way,1319702206,"LINESTRING (430426.1733404774 4582308.212004982, 430365.91141049773 4582248.890969524, 430357.2728315382 4582240.935524232)"
way,1319702207,"LINESTRING (430331.4754187577 4582217.212447792, 430328.2202768978 4582209.993572842)"
way,1319703967,"LINESTRING (427677.54157322 4583345.479194962, 427660.50538559235 4583374.13961167, 427646.2645909898 4583400.584855148, 427631.89000941184 4583425.343812437, 427625.5842038834 4583436.831805798)"
way,1319703968,"LINESTRING (427625.5842038834 4583436.831805798, 427622.3432219471 4583442.127013921, 427616.02819983277 4583453.526284767, 427614.1368521636 4583456.676232946)"
way,1319703969,"LINESTRING (427614.1368521636 4583456.676232946, 427611.900075127 4583460.395887066, 427610.8568656713 4583462.249411438, 427593.07615212165 4583493.315693162, 427586.8931945528 4583504.536024071, 427577.32435063116 4583520.764362605, 427574.63862568565 4583525.565509755, 427557.67443172296 4583556.323941635, 427554.2838377787 4583562.531125877, 427552.2816559739 4583565.460140884)"
way,1319703970,"LINESTRING (427552.2816559739 4583565.460140884, 427549.979738353 4583569.347012888, 427549.0014352351 4583571.000043916)"
way,1319703972,"LINESTRING (427549.0014352351 4583571.000043916, 427546.75692463137 4583574.775312752, 427534.2665135391 4583596.440104943, 427522.1640316691 4583618.434128425, 427521.0795178602 4583620.332492628)"
way,1319703973,"LINESTRING (427521.0795178602 4583620.332492628, 427518.41305676696 4583624.545011372, 427517.6640454484 4583625.7183231795)"
way,1319703976,"LINESTRING (427393.2171849936 4583844.09536821, 427383.86567327636 4583861.065713532, 427366.2551409023 4583891.398111238, 427361.58518157766 4583900.038685647, 427347.89881059696 4583924.036362585, 427335.57914058404 4583945.100261138, 427331.0221539055 4583953.328912504, 427328.64859767293 4583957.549672083, 427326.25676684675 4583961.615173796)"
way,1319703977,"LINESTRING (427399.294435715 4583833.23120845, 427395.7295789444 4583839.540149986, 427393.2171849936 4583844.09536821)"
way,1319703978,"LINESTRING (427437.2881606155 4583766.376687984, 427435.42138510104 4583769.459823787, 427422.2548786878 4583793.663091446, 427414.4918049047 4583807.319879556, 427410.30066033534 4583814.534434483, 427400.8205689165 4583831.195160136, 427399.294435715 4583833.23120845)"
way,1319703979,"LINESTRING (427442.80212627887 4583756.850574025, 427441.7321479823 4583758.5267457655, 427437.2881606155 4583766.376687984)"
way,1319703980,"LINESTRING (427474.27186016587 4583702.94112713, 427471.58825630706 4583708.774874865, 427461.4206623125 4583725.264749971, 427455.25920635107 4583735.252557925, 427446.66822821955 4583749.728120832, 427442.80212627887 4583756.850574025)"
way,1319703981,"LINESTRING (427479.326734039 4583693.475157184, 427477.199214511 4583697.238175371, 427474.27186016587 4583702.94112713)"
way,1319705540,"LINESTRING (428780.09150951135 4581245.614067834, 428773.92768329626 4581239.601352572, 428770.42948603904 4581239.335956304, 428767.9494974669 4581237.161955471, 428707.50891810015 4581178.133640411, 428671.3757819215 4581142.671182261, 428614.7150344326 4581087.18155286, 428612.9911383584 4581085.366552195, 428609.63980967744 4581082.190821352)"
way,1319705541,"LINESTRING (428793.162935003 4581258.442717963, 428789.14245319564 4581254.38524883, 428785.0739778407 4581250.550311717, 428780.09150951135 4581245.614067834)"
way,1319705542,"LINESTRING (428870.8938590272 4581337.7091444405, 428861.2283509995 4581328.499781216, 428803.7693627195 4581272.328178229, 428799.3831192854 4581267.641431027, 428798.18014188024 4581263.511864168, 428793.162935003 4581258.442717963)"
way,1319705543,"LINESTRING (428888.66102648905 4581355.277226999, 428879.27095626155 4581346.009623109, 428870.8938590272 4581337.7091444405)"
way,1319705544,"LINESTRING (429060.35899639514 4581522.591740635, 429052.72725323425 4581515.216406179, 428994.15639072633 4581457.921732901, 428985.26666695834 4581449.33747383, 428975.2873934533 4581439.653613228, 428963.4521033283 4581428.311420557, 428956.94954667677 4581421.835553118, 428898.17551795504 4581364.443695685, 428888.66102648905 4581355.277226999)"
way,1319705545,"LINESTRING (429081.04386568343 4581542.740899669, 429072.5761176306 4581534.529906009, 429068.54074222536 4581530.627873526, 429060.35899639514 4581522.591740635)"
way,1319705546,"LINESTRING (429161.79155199043 4581619.871266035, 429158.5477791695 4581616.527694571, 429154.5623273017 4581615.156590196, 429150.1103842778 4581610.548000592, 429089.84920441016 4581551.270583623, 429081.04386568343 4581542.740899669)"
way,1319705547,"LINESTRING (429174.82416660094 4581633.145077523, 429168.47487342765 4581626.911792417, 429161.79155199043 4581619.871266035)"
way,1319705548,"LINESTRING (429544.2126821427 4581997.527281805, 429538.71026852255 4581992.329120115, 429533.8157755403 4581987.735709401, 429500.2921668947 4581954.086955944, 429459.31536409544 4581914.171155666, 429455.9389466109 4581910.917570135)"
way,1319705549,"LINESTRING (429368.35738356126 4581825.190383508, 429358.3860890429 4581815.3615970835, 429350.8502835124 4581808.329213547, 429345.79811838816 4581803.026877361)"
way,1319705550,"LINESTRING (429449.8358503073 4581905.014736569, 429442.12349070713 4581897.006925001, 429377.2967962284 4581833.819024484, 429368.35738356126 4581825.190383508)"
way,1319705551,"LINESTRING (429455.9389466109 4581910.917570135, 429452.5961865544 4581907.685864216, 429449.8358503073 4581905.014736569)"
way,1319705713,"LINESTRING (428886.60977043735 4584422.417274307, 428891.7903903711 4584426.474485495, 428895.2697897807 4584429.238258817)"
way,1319705719,"LINESTRING (428541.5587614245 4584827.975883756, 428510.7100683969 4584841.781706024, 428478.6935004956 4584855.810158378, 428444.6960524787 4584870.679957513, 428436.64379871835 4584875.445020705, 428428.85305743385 4584880.451773211, 428411.1075019594 4584892.229875591, 428398.4953399291 4584904.134891446, 428394.23178864527 4584909.128999892, 428390.89615754515 4584914.1361373095, 428388.01338970405 4584918.4504107265, 428385.2516757004 4584924.861953076, 428381.56014918163 4584934.447048755)"
way,1319705720,"LINESTRING (428662.4287521433 4584714.910095815, 428656.99389281916 4584720.670586789, 428652.23650531453 4584725.624990444)"
way,1319705721,"LINESTRING (428652.23650531453 4584725.624990444, 428646.5148701908 4584731.121844735)"
way,1319705722,"LINESTRING (428646.5148701908 4584731.121844735, 428640.94810240914 4584736.217469923, 428635.48528773914 4584740.8346466925)"
way,1319707105,"LINESTRING (428635.48528773914 4584740.8346466925, 428633.1768823852 4584743.233441757, 428594.65634902404 4584782.651387914)"
way,1319707106,"LINESTRING (428594.65634902404 4584782.651387914, 428590.7831397576 4584786.564535402, 428586.7899690939 4584790.179088018)"
way,1319707107,"LINESTRING (428586.7899690939 4584790.179088018, 428582.5972023117 4584793.895538965, 428566.29610503966 4584808.101654492, 428557.42123749084 4584815.916914664)"
way,1319707108,"LINESTRING (428557.42123749084 4584815.916914664, 428554.73273070407 4584817.908677141, 428550.3895576358 4584821.626632112, 428547.09247617575 4584823.7798462, 428541.5587614245 4584827.975883756)"
way,1319708727,"LINESTRING (430783.81354017096 4582660.000189541, 430778.2597111296 4582654.524031314, 430769.8361409576 4582646.221865908)"
way,1319708728,"LINESTRING (430769.8361409576 4582646.221865908, 430765.6494823116 4582642.076098044, 430707.3976174968 4582585.153527161, 430689.9402598727 4582568.599615396)"
way,1319708729,"LINESTRING (430689.9402598727 4582568.599615396, 430683.18216415285 4582562.235717732, 430680.293092094 4582559.143456848, 430676.91097249364 4582556.078121154)"
way,1319708730,"LINESTRING (430676.91097249364 4582556.078121154, 430664.07339613396 4582543.499300284, 430599.91456765844 4582480.21664742, 430590.4709634615 4582470.214613742)"
way,1319709477,"LINESTRING (430905.216670792 4582729.488696098, 430912.9610167086 4582736.731617562, 430981.304472897 4582803.618824621)"
way,1319709478,"LINESTRING (430896.96445453895 4582721.595558538, 430899.6154742101 4582724.290470896, 430905.216670792 4582729.488696098)"
way,1319709479,"LINESTRING (430799.5095429842 4582626.130814254, 430803.38569640723 4582630.157435914, 430809.1552988081 4582635.46500914)"
way,1319709480,"LINESTRING (430713.6314951683 4582541.9592487225, 430733.4655966981 4582561.366133477, 430790.4194812684 4582618.0792552605, 430799.5095429842 4582626.130814254)"
way,1319709481,"LINESTRING (430702.912899051 4582531.502947106, 430705.93204940954 4582535.082498881, 430708.1908809257 4582536.970585516, 430713.6314951683 4582541.9592487225)"
way,1319709482,"LINESTRING (430615.01027173456 4582445.697553485, 430624.2774141557 4582454.735358852, 430689.11934860924 4582517.756323148, 430702.912899051 4582531.502947106)"
way,1319709579,"LINESTRING (432032.8266505576 4583120.720787454, 432034.389900808 4583120.706117639, 432037.6443470878 4583119.165592723, 432042.05234569893 4583116.7149157245)"
way,1319709580,"LINESTRING (432042.05234569893 4583116.7149157245, 432043.7137775631 4583114.689713428, 432047.43022260896 4583112.489790915, 432051.95843749505 4583112.1586337965, 432058.59764670965 4583115.838005805, 432061.6422376154 4583118.662874669, 432109.5384224997 4583166.788651684, 432118.67830794357 4583175.929437036)"
way,1319709581,"LINESTRING (432118.67830794357 4583175.929437036, 432127.5319012425 4583183.962633085, 432136.6701821049 4583192.936912965)"
way,1319709585,"LINESTRING (432136.6701821049 4583192.936912965, 432143.61228673003 4583199.511362346, 432153.29951334815 4583209.080072418, 432190.7616206962 4583245.668352747, 432213.9803422544 4583268.256214961, 432219.11696691834 4583273.09338589)"
way,1319709586,"LINESTRING (432219.11696691834 4583273.09338589, 432228.4237699142 4583282.232743248, 432234.99778751127 4583288.79961919)"
way,1319709588,"LINESTRING (432234.99778751127 4583288.79961919, 432245.87809771305 4583299.922785205, 432282.75733341626 4583336.861167445, 432286.7971810954 4583340.642768441, 432310.02668225236 4583361.765254504, 432312.4144782618 4583364.107839905)"
way,1319709589,"LINESTRING (432312.4144782618 4583364.107839905, 432322.81803162873 4583374.336244535, 432325.4339073225 4583376.932067812, 432337.0315001443 4583387.904326978)"
way,1319709591,"LINESTRING (432337.0315001443 4583387.904326978, 432342.27777030587 4583392.862689313, 432366.1201518236 4583416.089162038, 432382.63575052057 4583431.8008836545, 432402.2662019815 4583450.736695509, 432408.4715860464 4583457.251650813)"
way,1319709592,"LINESTRING (432408.4715860464 4583457.251650813, 432417.75242341816 4583466.347074998, 432429.2526349437 4583477.664573852)"
way,1319709593,"LINESTRING (432505.61790820933 4583551.818809776, 432516.32590424304 4583558.891443135, 432519.9143845342 4583560.912026809)"
way,1319709594,"LINESTRING (432519.9143845342 4583560.912026809, 432522.95556967694 4583561.6164753195)"
way,1319710695,"LINESTRING (432082.59761209483 4583435.59668098, 432123.85665962065 4583394.8288333975, 432126.086689049 4583392.820524723)"
way,1319710696,"LINESTRING (432126.086689049 4583392.820524723, 432140.4263787678 4583379.673618825, 432144.9069585537 4583375.168295786, 432153.9318244007 4583364.924646791)"
way,1319712658,"LINESTRING (429300.44486661605 4581864.091127475, 429303.03665659274 4581861.478861285, 429308.2056862419 4581856.476531902)"
way,1319712659,"LINESTRING (429308.2056862419 4581856.476531902, 429309.967434487 4581854.494129393, 429331.16185728647 4581832.747747862, 429337.4408443803 4581825.802709613, 429338.18392940814 4581824.829510189, 429338.072601007 4581821.988252652, 429341.93980588345 4581818.108935015)"
way,1319712660,"LINESTRING (429341.93980588345 4581818.108935015, 429348.15160205855 4581811.131253242, 429350.8502835124 4581808.329213547, 429354.7229412346 4581804.150071596)"
way,1319712662,"LINESTRING (429354.7229412346 4581804.150071596, 429359.13835016714 4581799.032996575, 429363.0961705283 4581797.584342987, 429364.6538969077 4581796.114677065, 429366.49907100346 4581794.109270072, 429369.1918938077 4581791.562661431, 429422.7375785902 4581739.590064258, 429425.03908427566 4581737.213832542, 429427.17509627296 4581735.016859844, 429428.2098739563 4581733.940903173, 429437.7837082499 4581724.421303561, 429444.0974187995 4581717.5870541055, 429447.0963140744 4581714.693305803, 429462.5608679144 4581698.687808026)"
way,1319712667,"LINESTRING (429534.0299000653 4581625.412810622, 429537.0351799454 4581622.308084546, 429552.10892984 4581607.350261106)"
way,1319713953,"LINESTRING (429552.10892984 4581607.350261106, 429555.6486509085 4581603.307704374, 429617.4748318012 4581540.053313458, 429622.7733495014 4581534.561436105)"
way,1319713954,"LINESTRING (429622.7733495014 4581534.561436105, 429626.9026074874 4581530.080178026, 429627.93701316195 4581528.959843588, 429629.64983873063 4581527.08902752, 429631.35462711484 4581525.251598594, 429641.17047404277 4581514.763981471, 429647.12430711434 4581508.7217187015)"
way,1319713958,"LINESTRING (429735.266494481 4581395.238861585, 429760.4481287121 4581394.617241489, 429763.2632211316 4581391.714309918, 429805.3075351037 4581348.338781967, 429821.11714621994 4581332.397368332, 429824.2455176563 4581329.025107096)"
way,1319713959,"LINESTRING (429728.14954231353 4581402.946655563, 429730.79534042545 4581399.834397903, 429735.266494481 4581395.238861585)"
way,1319713960,"LINESTRING (429824.2455176563 4581329.025107096, 429837.7832053496 4581314.216020771)"
way,1319715996,"LINESTRING (430027.25014697504 4583975.502188485, 430033.63963898236 4583968.878620147, 430047.5539315838 4583954.599064771, 430102.8589783773 4583897.317981284, 430115.5954937998 4583883.9714753665)"
way,1319715997,"LINESTRING (430115.5954937998 4583883.9714753665, 430120.62266327755 4583879.093191053, 430125.6968854377 4583873.892471885)"
way,1319715998,"LINESTRING (430222.1830868805 4583775.012172158, 430233.05928661616 4583763.760055297, 430249.8628701131 4583746.466391884, 430283.93325105525 4583711.341789672, 430291.740415341 4583703.439082475)"
way,1319715999,"LINESTRING (430208.9075619118 4583788.852202799, 430212.41834500065 4583785.354258788, 430215.5952038763 4583781.903946291, 430222.1830868805 4583775.012172158)"
way,1319717098,"LINESTRING (430195.60309735994 4583257.628746925, 430199.25015240983 4583253.496626316, 430202.9858353275 4583249.885489796)"
way,1319717099,"LINESTRING (430180.0982777817 4583273.599837438, 430183.68218575977 4583269.856918797)"
way,1319717466,"LINESTRING (432032.8266505576 4583120.720787454, 432033.2416988626 4583150.694551019, 432034.4346003745 4583236.83027246, 432034.82139699726 4583268.247675561)"
way,1319717467,"LINESTRING (432034.82139699726 4583268.247675561, 432034.7739546189 4583272.10080585, 432035.00758337206 4583276.5064404085, 432034.900912867 4583290.974440733, 432035.04574946605 4583301.953789552)"
way,1319717468,"LINESTRING (432037.8795055197 4583497.903443391, 432037.80847090116 4583512.604274009, 432039.08784740476 4583620.423087725)"
way,1319717469,"LINESTRING (432037.5422167692 4583470.871187214, 432037.4983757583 4583476.889339192, 432037.6514052352 4583482.505941331, 432037.8795055197 4583497.903443391)"
way,1319717651,"LINESTRING (431156.63895872 4582454.453072475, 431103.1741274599 4582509.465277354, 431096.1528764914 4582516.715606486, 431083.1039385082 4582530.185371008, 431064.1820008579 4582549.429018965, 431005.8931031154 4582608.706977267, 430989.364621644 4582625.507611758, 430972.4304820244 4582642.722957594, 430904.80277858395 4582711.517103399)"
way,1319718605,"LINESTRING (430050.1644993028 4583238.247358104, 430030.10963828175 4583231.479561744, 430028.2723589238 4583230.820034948, 430025.43204298615 4583230.1813025465, 430020.29210489104 4583229.487070568)"
way,1319718609,"LINESTRING (430175.9872878343 4583278.16945425, 430168.2590880378 4583276.0900040725, 430165.5073318903 4583275.095070626)"
way,1319721429,"LINESTRING (431193.01574146294 4582432.16823091, 431187.797653909 4582429.453184898, 431184.42125568265 4582427.853138418)"
way,1319721430,"LINESTRING (431184.42125568265 4582427.853138418, 431156.2818018346 4582414.230830312, 431070.1216987058 4582373.159064908, 431067.6859551771 4582372.005338668)"
way,1319721431,"LINESTRING (431067.6859551771 4582372.005338668, 431058.1179099901 4582367.322159896, 431054.4552940479 4582365.525045311)"
way,1319721432,"LINESTRING (431054.4552940479 4582365.525045311, 431031.30644385517 4582354.47599319, 430947.8989151978 4582313.73474125, 430937.1987543012 4582308.718321606, 430927.2149440377 4582304.294641773, 430924.628769206 4582303.153499891)"
way,1319722450,"LINESTRING (430126.95059682685 4583123.523758425, 430121.99158063915 4583128.590112564, 430117.36460036936 4583133.409002744, 430112.5864029911 4583138.1516349055, 430110.9992438356 4583140.021134663)"
way,1319722451,"LINESTRING (430138.55621718743 4583114.995805873, 430134.9443895115 4583118.4503386775, 430130.9996965822 4583119.465446587, 430126.95059682685 4583123.523758425)"
way,1319722455,"LINESTRING (430110.9992438356 4583140.021134663, 430108.3097896218 4583142.889430066, 430101.9302995658 4583150.634202709, 430059.73911154544 4583194.309523072, 430056.7391075002 4583197.04760288)"
way,1319722456,"LINESTRING (430056.7391075002 4583197.04760288, 430053.5351559478 4583200.309490134, 430051.90408362757 4583201.957369694, 430047.9890421465 4583206.036639259, 430046.3430762046 4583207.873413358)"
way,1319722457,"LINESTRING (430046.3430762046 4583207.873413358, 430043.073866306 4583211.3024793845, 430042.2868938766 4583212.053975576, 430040.60652741883 4583213.791157208)"
way,1319722459,"LINESTRING (430040.60652741883 4583213.791157208, 430037.5293779598 4583217.196164848, 430027.9548844675 4583227.381201681, 430026.65723999427 4583228.925939739)"
way,1319722460,"LINESTRING (429940.2427145876 4583314.243388282, 429932.6043809559 4583321.456454776)"
way,1319727832,"LINESTRING (431576.79898177716 4584968.312729149, 431576.0997945393 4584971.272705603)"
way,1319727833,"LINESTRING (431576.0997945393 4584971.272705603, 431575.4544927476 4584973.743645868, 431574.29173330154 4584978.062556578)"
way,1319727834,"LINESTRING (431574.29173330154 4584978.062556578, 431571.9005797292 4584985.946003067, 431557.4050629294 4585045.805472084, 431549.31312308525 4585090.748756588, 431547.06774588826 4585102.550154727)"
way,1319727835,"LINESTRING (431547.06774588826 4585102.550154727, 431546.3728274619 4585106.842441353, 431545.11891555076 4585115.658890066)"
way,1319727836,"LINESTRING (431545.11891555076 4585115.658890066, 431542.6715746812 4585130.8485812945, 431529.28045685583 4585191.652534966, 431523.9766662304 4585222.946243277, 431521.9407736167 4585235.678314383, 431521.38653276546 4585240.702064733)"
way,1319727837,"LINESTRING (431521.38653276546 4585240.702064733, 431520.94846626103 4585243.870533258, 431519.6711311301 4585251.088394807, 431517.0296997784 4585264.303621881, 431516.1344560029 4585268.620014487)"
way,1319727838,"LINESTRING (431522.608155619 4585527.933456881, 431528.1169260773 4585560.734804248, 431533.1157961691 4585591.764516985, 431538.9978767937 4585621.631177334, 431542.8766762045 4585638.515300021)"
way,1319727839,"LINESTRING (431519.0388201186 4585504.018284615, 431521.73040459753 4585522.612372198, 431522.608155619 4585527.933456881)"
way,1319727840,"LINESTRING (431542.8766762045 4585638.515300021, 431542.82947441447 4585645.010941331, 431542.8353089144 4585650.928730357)"
way,1319729349,"LINESTRING (432054.69451620925 4585721.115965517, 432059.3558325569 4585716.4423004165)"
way,1319731061,"LINESTRING (427266.16410802247 4581933.012990389, 427266.9397979233 4581931.151006457, 427282.9448758025 4581892.862738052, 427283.75401907274 4581891.000420493)"
way,1319731062,"LINESTRING (427283.75401907274 4581891.000420493, 427284.48980681377 4581889.327589814, 427285.29070119886 4581887.476458217)"
way,1319731070,"LINESTRING (427285.29070119886 4581887.476458217, 427286.2307268732 4581885.324150111, 427326.4855460057 4581787.813675183, 427327.5453375019 4581785.093920548)"
way,1319731071,"LINESTRING (427327.5453375019 4581785.093920548, 427331.1008989245 4581782.759945174, 427334.2869636687 4581775.266795295, 427336.4176017655 4581769.260926409, 427336.0052618427 4581766.500421608, 427336.85914605064 4581764.093616708)"
way,1319731072,"LINESTRING (427336.85914605064 4581764.093616708, 427338.1744819067 4581760.172180328, 427348.32619552605 4581729.326259137, 427349.35032008064 4581727.2175293155)"
way,1319734692,"LINESTRING (427349.35032008064 4581727.2175293155, 427351.44542589353 4581721.001065745, 427353.0696036359 4581716.188298611, 427353.8086675857 4581714.004706744)"
way,1319735124,"LINESTRING (434073.4921013638 4583674.650289002, 433997.83648323396 4583752.526012768, 433995.61101947166 4583755.077732549)"
way,1319735125,"LINESTRING (433995.61101947166 4583755.077732549, 433987.6084129052 4583763.055864219, 433984.760495175 4583766.101784524, 433983.3776229823 4583767.546651046)"
way,1319735128,"LINESTRING (433983.3776229823 4583767.546651046, 433975.05050905375 4583776.604725966, 433971.6184377757 4583780.677434323)"
way,1319735129,"LINESTRING (433971.6184377757 4583780.677434323, 433963.6368561668 4583789.121719222, 433956.1563719164 4583796.595500657)"
way,1319735134,"LINESTRING (433956.1563719164 4583796.595500657, 433953.36435969657 4583799.35225168, 433901.68914082093 4583850.996521545, 433899.68537420523 4583853.102137251)"
way,1319735135,"LINESTRING (433899.68537420523 4583853.102137251, 433895.35418429325 4583857.571689309, 433891.03738599794 4583861.7857485525)"
way,1319735138,"LINESTRING (433891.03738599794 4583861.7857485525, 433889.6056148373 4583863.364313884, 433855.8296912345 4583897.72502865, 433847.69319321634 4583904.738603439, 433842.09576470015 4583910.596503658)"
way,1319735139,"LINESTRING (433842.09576470015 4583910.596503658, 433840.93538746116 4583911.6840766575, 433836.2913056447 4583916.667253253, 433828.90925927553 4583923.907114984)"
way,1319735143,"LINESTRING (433828.90925927553 4583923.907114984, 433825.85650134087 4583926.477553145, 433825.2099500827 4583930.7358315885, 433820.4120489151 4583936.264461631, 433817.2190923274 4583939.957567144, 433811.59303337196 4583941.763234505, 433790.3738829767 4583963.363418521, 433765.4526857502 4583988.728071178, 433765.7047411881 4583992.522921558, 433762.4737315261 4583995.705672123, 433753.7411735466 4584004.245893613)"
way,1319735144,"LINESTRING (433753.7411735466 4584004.245893613, 433750.7757189771 4584007.21526692, 433745.19404867187 4584012.950971328, 433735.07632021763 4584022.669685218)"
way,1319735149,"LINESTRING (433735.07632021763 4584022.669685218, 433733.4667156611 4584028.557796018, 433729.9970980232 4584032.1535491645, 433692.057437194 4584070.81665474, 433664.78776505654 4584098.890058597, 433660.5394362358 4584103.247971753, 433655.78792577365 4584104.690461523)"
way,1319735150,"LINESTRING (433655.78792577365 4584104.690461523, 433651.02555213385 4584109.5083055915, 433647.3813008779 4584113.19452316, 433638.7014108436 4584121.978669733)"
way,1319735153,"LINESTRING (433638.7014108436 4584121.978669733, 433637.02595697914 4584127.967333756, 433633.3209744338 4584131.409853851, 433594.9436367617 4584170.543825633, 433574.207342434 4584190.874529961, 433572.0304813097 4584193.2260912005)"
way,1319735154,"LINESTRING (433572.0304813097 4584193.2260912005, 433564.8745575507 4584200.4530591965, 433558.27448059066 4584207.219718663, 433550.59577889286 4584214.862302817)"
way,1319737293,"LINESTRING (427353.8086675857 4581714.004706744, 427354.4583174628 4581712.0773797175, 427359.5644592977 4581695.915779989, 427370.4950027455 4581663.496570995, 427378.2771242198 4581639.824765361, 427380.6245879394 4581632.917399082, 427381.3323377299 4581630.945080906)"
way,1319737294,"LINESTRING (427381.3323377299 4581630.945080906, 427382.6013382683 4581627.401619778, 427383.5931721537 4581624.571526424)"
way,1319738380,"LINESTRING (428944.6925555719 4583611.0869440455, 428948.4068826609 4583609.640425009, 428951.17175839003 4583608.558517498, 428989.07605637924 4583591.55451384, 429015.1169622583 4583575.322065741, 429038.739213417 4583557.103781363, 429050.6518723828 4583544.274188344, 429055.69008200744 4583538.862107466, 429058.51923346554 4583535.803288421)"
way,1319738381,"LINESTRING (428934.1302530902 4583614.965593311, 428938.97945315077 4583613.308079138, 428944.6925555719 4583611.0869440455)"
way,1319739583,"LINESTRING (427383.5931721537 4581624.571526424, 427384.25978404976 4581622.66623866, 427393.2374257511 4581595.618273329, 427406.52395935275 4581555.436757565, 427407.40822590503 4581552.7187755)"
way,1319739584,"LINESTRING (427407.40822590503 4581552.7187755, 427407.9155580527 4581549.937951826, 427408.77969597885 4581545.210534949)"
way,1319741195,"LINESTRING (427408.77969597885 4581545.210534949, 427409.23964052915 4581542.707760265, 427419.0289333597 4581518.194282842, 427430.9165952966 4581481.923974639, 427442.4713743543 4581449.143353914, 427453.67162037606 4581412.680121869, 427454.57453637535 4581410.150710617)"
way,1319741196,"LINESTRING (427454.57453637535 4581410.150710617, 427457.71000920224 4581400.914967759, 427462.32375582424 4581387.31206872)"
way,1319906106,"LINESTRING (432046.5275182539 4585031.937222577, 432042.1571085453 4585032.033767945)"
way,1319906111,"LINESTRING (432046.24963643437 4585017.4727923, 432046.3456013374 4585024.133613079, 432046.42649236956 4585027.408200196)"
way,1319906112,"LINESTRING (432046.42649236956 4585027.408200196, 432046.5275182539 4585031.937222577)"
way,1319906989,"LINESTRING (433660.33308957156 4586019.507408326, 433666.56667977816 4586025.812185806)"
way,1319906990,"LINESTRING (433653.2685537773 4586012.810552842, 433660.33308957156 4586019.507408326)"
way,1319906991,"LINESTRING (433544.0969047095 4585906.758806086, 433551.6541642313 4585914.305952014, 433564.43822540937 4585926.801392967, 433567.13132325665 4585929.763331156)"
way,1319906992,"LINESTRING (433567.13132325665 4585929.763331156, 433579.10252319765 4585941.111564872, 433585.8889923818 4585947.544434142)"
way,1319911323,"LINESTRING (432424.07935442496 4584811.419486336, 432441.63775589864 4584829.053468778, 432475.13759860786 4584862.149378861, 432501.6012881509 4584888.271838089, 432506.4197376502 4584893.189883635)"
way,1319911324,"LINESTRING (432407.2058874556 4584793.7458409555, 432415.4119657581 4584802.495989552, 432422.5091780078 4584809.757613638, 432424.07935442496 4584811.419486336)"
way,1319911325,"LINESTRING (432506.4197376502 4584893.189883635, 432511.15944324044 4584897.731169481)"
way,1319913728,"LINESTRING (428747.8349084066 4580867.743825526, 428746.29535105394 4580869.368882222, 428744.9459437268 4580870.770011727, 428741.09732776973 4580874.860410283)"
way,1319913729,"LINESTRING (428754.4566308302 4580860.750518246, 428747.8349084066 4580867.743825526)"
way,1319918618,"LINESTRING (432029.69888179476 4584043.341004821, 432030.008068594 4584033.534283502, 432030.3809755754 4584028.734350627)"
way,1319918620,"LINESTRING (432025.6374282278 4584085.314609232, 432026.0577240532 4584068.645280469)"
way,1319919702,"LINESTRING (432044.2648362565 4584050.898558863, 432044.9933515247 4584056.376530521, 432044.9756863183 4584060.729014483, 432045.22515888896 4584065.933910932)"
way,1319919703,"LINESTRING (432030.3809755754 4584028.734350627, 432033.8468462246 4584029.279164548, 432039.85019566375 4584032.9866814315)"
way,1319946143,"LINESTRING (430688.10523885273 4583494.2531075785, 430680.4160673263 4583487.476223589, 430627.00262346136 4583434.960302649, 430621.60354486655 4583429.882489686)"
way,1319946144,"LINESTRING (430706.1335696067 4583512.167182512, 430698.7568777238 4583504.843248176, 430688.10523885273 4583494.2531075785)"
way,1319946712,"LINESTRING (428881.37653677794 4581546.918361512, 428886.3125686514 4581551.411010369, 428890.1739674157 4581555.470091543)"
way,1319946713,"LINESTRING (428788.9954327878 4581457.281340055, 428795.77535348176 4581463.887569435, 428799.1864858733 4581467.218235688, 428857.78739350324 4581524.011441095, 428863.95796805876 4581529.890922201, 428875.9035907584 4581541.398414812, 428881.37653677794 4581546.918361512)"
way,1319946715,"LINESTRING (428769.6771738176 4581438.451910156, 428779.83221455436 4581448.122663476, 428788.9954327878 4581457.281340055)"
way,1319946716,"LINESTRING (428694.40382998186 4581362.493248526, 428700.0974013222 4581368.310670774, 428702.9240195734 4581370.869840052, 428764.0104347019 4581432.800715062, 428769.6771738176 4581438.451910156)"
way,1319946717,"LINESTRING (428671.7739501748 4581340.310267305, 428685.1962707215 4581353.1019626325, 428694.40382998186 4581362.493248526)"
way,1319946718,"LINESTRING (428591.424698119 4581264.580249273, 428595.03943563707 4581268.186389336, 428667.6627750869 4581336.386992194, 428671.7739501748 4581340.310267305)"
way,1319946719,"LINESTRING (428583.46171611804 4581256.764542267, 428588.6206780165 4581261.7766351905, 428591.424698119 4581264.580249273)"
way,1319946720,"LINESTRING (428501.1604407082 4581175.780842403, 428513.1009056402 4581185.800016231, 428580.9539645182 4581254.324407755, 428583.46171611804 4581256.764542267)"
way,1319947737,"LINESTRING (429055.51415327436 4581159.24111132, 429049.6900755812 4581153.746676378, 429044.3498798146 4581146.42663256, 429042.45832472126 4581144.557659325, 429016.2636947388 4581118.689050094, 428984.7794468219 4581088.131423111, 428982.736148299 4581086.141819929, 428979.64594916586 4581083.141009295, 428971.5874119042 4581074.937217945, 428969.83884460054 4581073.155684899, 428968.09874728764 4581071.385172145)"
way,1319947738,"LINESTRING (429069.69661019155 4581172.836577819, 429058.45149196003 4581162.010288637, 429055.51415327436 4581159.24111132)"
way,1319947739,"LINESTRING (429237.320561012 4581335.731749285, 429229.3078714057 4581327.882525962, 429223.0089714023 4581321.693110681, 429190.36278982303 4581289.29178411, 429174.23630579363 4581273.538920076, 429167.78636540583 4581267.306615772, 429156.50191094854 4581254.992775351, 429145.23902265925 4581244.0332947755, 429138.75417276233 4581237.657019074, 429129.55931672326 4581229.5196834495, 429094.8098839596 4581195.063099334, 429079.4053716173 4581180.491386042, 429069.69661019155 4581172.836577819)"
way,1319947740,"LINESTRING (429266.6497496515 4581364.1908186935, 429251.3613775223 4581349.451074688, 429248.524962049 4581346.725247971, 429237.320561012 4581335.731749285)"
way,1319947741,"LINESTRING (429333.29015681194 4581429.3364254795, 429328.60355277703 4581424.674501482, 429312.86273642955 4581408.9619894745, 429278.78925153747 4581375.896923755, 429271.41103734274 4581368.785357635, 429269.81550818513 4581367.246524697, 429266.6497496515 4581364.1908186935)"
way,1319947742,"LINESTRING (429360.5006801813 4581455.851310671, 429347.4090053345 4581443.377153938, 429333.29015681194 4581429.3364254795)"
way,1319947743,"LINESTRING (429534.0299000653 4581625.412810622, 429520.1230671495 4581611.602829058, 429518.40918031073 4581609.920756763, 429463.2282632656 4581556.786305745, 429461.5307491004 4581555.070778408, 429454.5251233766 4581548.399520756, 429442.1413303453 4581536.451245886, 429431.39065665664 4581525.619582421, 429424.05217210477 4581518.263215352, 429365.93348050467 4581460.716936164, 429363.4211681081 4581458.63187476, 429360.5006801813 4581455.851310671)"
way,1319947744,"LINESTRING (429521.59818843286 4581638.601821356, 429534.0299000653 4581625.412810622)"
way,1319947745,"LINESTRING (429556.81896993786 4581647.996571682, 429538.4550973107 4581629.877552975, 429534.0299000653 4581625.412810622)"
way,1319947746,"LINESTRING (429620.6535915968 4581711.495475222, 429616.0454085854 4581707.121284912, 429559.05210665514 4581649.76242811, 429556.81896993786 4581647.996571682)"
way,1319947747,"LINESTRING (429650.0457952862 4581739.866610643, 429633.70207813056 4581723.926117482, 429620.6535915968 4581711.495475222)"
way,1319947748,"LINESTRING (429715.71097399795 4581803.459580569, 429712.1215022925 4581799.786034509, 429651.63053762587 4581741.1724685915, 429650.0457952862 4581739.866610643)"
way,1319947749,"LINESTRING (429744.55128103774 4581832.769083185, 429729.07230179594 4581817.141981024, 429715.71097399795 4581803.459580569)"
way,1319947750,"LINESTRING (429810.923283669 4581897.854924525, 429806.4672306127 4581893.623480835, 429777.021280563 4581865.618647695, 429749.39011705783 4581837.66295208, 429744.55128103774 4581832.769083185)"
way,1319947751,"LINESTRING (429839.1258414221 4581925.283478251, 429824.9159362002 4581911.142778996, 429810.923283669 4581897.854924525)"
way,1319947752,"LINESTRING (429909.1147977402 4581993.621620964, 429902.750378796 4581987.454473687, 429865.24464155897 4581950.83371481, 429844.0143961116 4581930.1436181525, 429839.1258414221 4581925.283478251)"
way,1319947753,"LINESTRING (429934.95408285584 4582018.852821009, 429920.0878825961 4582004.251966704, 429909.1147977402 4581993.621620964)"
way,1319947754,"LINESTRING (430232.5308998039 4582308.908460876, 430227.35744311847 4582303.062654751, 430183.4334171278 4582256.898126481, 430135.2137584611 4582213.617617269, 430133.29928450397 4582211.915132846, 430119.76234976476 4582199.810314694)"
way,1319947755,"LINESTRING (430263.9243935653 4582341.55954872, 430254.6366406301 4582331.312177177, 430248.4447475342 4582324.765577047, 430242.0448978617 4582318.33201327, 430232.5308998039 4582308.908460876)"
way,1319947756,"LINESTRING (430343.20698579284 4582419.005479381, 430341.13077678916 4582416.99361627, 430295.8590384343 4582373.1285817595, 430272.98224445805 4582350.51010746, 430270.59334379877 4582348.157084237, 430269.37767094845 4582346.947468544, 430263.9243935653 4582341.55954872)"
way,1319947757,"LINESTRING (430369.7932727209 4582445.718783529, 430360.547780918 4582436.35910491, 430349.08962510445 4582424.711312313, 430343.20698579284 4582419.005479381)"
way,1319947758,"LINESTRING (430483.4191094005 4582556.944222473, 430474.1586760329 4582547.739987229, 430472.3268004771 4582545.914491599, 430421.9659855511 4582496.956908405, 430380.97934799455 4582456.902901644, 430373.6604425698 4582449.645341915, 430369.7932727209 4582445.718783529)"
way,1319947759,"LINESTRING (430496.5143413297 4582569.331508837, 430494.3352310974 4582567.0430185925, 430491.041963785 4582564.532059314, 430483.4191094005 4582556.944222473)"
way,1319947760,"LINESTRING (430577.7933747185 4582651.468389305, 430574.4786965898 4582644.971665891, 430567.7976170531 4582638.79588517, 430510.7339579326 4582583.884195982, 430506.6410994399 4582579.948629024, 430496.5143413297 4582569.331508837)"
way,1319947761,"LINESTRING (430597.9121225059 4582670.90548845, 430587.4347090911 4582660.313810739, 430583.72239886085 4582656.818670089, 430577.7933747185 4582651.468389305)"
way,1319947762,"LINESTRING (430671.16510656534 4582739.341616337, 430664.4135957628 4582732.777822789, 430660.6918304528 4582729.160602803, 430644.64929819887 4582713.648031456, 430609.51683199574 4582678.73286871, 430608.14706551936 4582677.136073483, 430603.8537746452 4582673.213476281, 430597.9121225059 4582670.90548845)"
way,1319947763,"LINESTRING (430698.9263317623 4582766.766530974, 430683.8327954314 4582751.677808352, 430671.16510656534 4582739.341616337)"
way,1319949547,"LINESTRING (430800.175889304 4583601.52328706, 430797.37446669745 4583598.807645014, 430794.3408744772 4583595.416946764, 430791.3495222904 4583592.9473855635)"
way,1319949548,"LINESTRING (430791.3495222904 4583592.9473855635, 430789.5100496698 4583591.166298348, 430782.1317899978 4583586.284931653, 430778.8738690079 4583583.040721414, 430760.2871049099 4583565.265045158, 430717.08155105705 4583523.15421754, 430706.1335696067 4583512.167182512)"
way,1319950510,"LINESTRING (428583.9160727158 4581617.671656659, 428600.0794175652 4581633.711540488, 428615.69903248607 4581648.890787533)"
way,1319950511,"LINESTRING (428522.12145458424 4581556.859559857, 428583.9160727158 4581617.671656659)"
way,1319950512,"LINESTRING (428410.0410673781 4581446.770159182, 428428.0793210298 4581464.6009271415, 428485.861932635 4581521.210523875)"
way,1319950513,"LINESTRING (428485.861932635 4581521.210523875, 428503.43379945104 4581538.424312005, 428507.2591300842 4581542.1948738545, 428522.12145458424 4581556.859559857)"
way,1319954843,"LINESTRING (429918.476208176 4583158.22495693, 429919.7259413486 4583156.913824087, 429923.53271309927 4583153.745970475)"
way,1319954844,"LINESTRING (429923.53271309927 4583153.745970475, 429928.13769718184 4583149.260253233, 429933.37093028484 4583144.035669407)"
way,1319954845,"LINESTRING (429933.37093028484 4583144.035669407, 429937.05380657816 4583140.158435824, 429941.23203657806 4583135.632444048)"
way,1319954846,"LINESTRING (430041.2370123897 4583034.117897737, 430048.3301274701 4583026.677062931, 430055.9247363338 4583019.220289686, 430067.4002227422 4583007.595774098, 430079.4967294014 4582995.343520276, 430101.62219702447 4582972.302405808, 430107.2154785109 4582967.107788685, 430115.31545288465 4582958.291651085)"
way,1319954847,"LINESTRING (430019.4322720687 4583056.567654573, 430030.69886106084 4583044.967301745, 430033.9025517552 4583041.672100306, 430041.2370123897 4583034.117897737)"
way,1319956018,"LINESTRING (428873.12190190784 4581902.892297471, 428885.1886546102 4581914.876034636, 428897.481987521 4581926.946391051)"
way,1319956019,"LINESTRING (428897.481987521 4581926.946391051, 428902.9362789642 4581932.299989816, 428961.1095685344 4581989.431254198, 428967.73508398747 4581995.7060617525)"
way,1319956020,"LINESTRING (428675.7640890528 4581707.455683797, 428696.17088769993 4581727.32892667, 428713.19489176257 4581744.204407259)"
way,1319956021,"LINESTRING (428615.69903248607 4581648.890787533, 428675.7640890528 4581707.455683797)"
way,1319957720,"LINESTRING (429087.4605541665 4580949.916391712, 429095.6097722907 4580957.986188499, 429167.40007011686 4581028.420456847)"
way,1319966747,"LINESTRING (430886.88732770836 4583685.932034877, 430875.44752734253 4583675.915397017, 430871.7575633375 4583672.941739736, 430842.3283343177 4583644.632808967, 430807.9529373483 4583611.397159717, 430804.9225377088 4583608.339513252, 430803.8632883492 4583605.096489297, 430800.175889304 4583601.52328706)"
way,1319966750,"LINESTRING (430898.13305976836 4583697.516048846, 430891.309395767 4583690.286573215, 430886.88732770836 4583685.932034877)"
way,1319966757,"LINESTRING (430943.0992198227 4583742.131486636, 430908.63659985084 4583708.418782319, 430898.13305976836 4583697.516048846)"
way,1319966758,"LINESTRING (430946.5943280663 4583745.717695931, 430945.5387700312 4583744.606370742, 430943.0992198227 4583742.131486636)"
way,1319966761,"LINESTRING (430975.7338835678 4583773.541271475, 430966.2382678571 4583764.871617075, 430946.5943280663 4583745.717695931)"
way,1319966762,"LINESTRING (430981.1275913317 4583777.231531053, 430978.74932772794 4583775.044726111, 430975.7338835678 4583773.541271475)"
way,1319966763,"LINESTRING (430992.6286659139 4583788.44685815, 430985.49008301867 4583781.486766988, 430981.1275913317 4583777.231531053)"
way,1319966764,"LINESTRING (431076.39768692304 4583873.341062869, 431027.0001468227 4583824.081616328)"
way,1319966771,"LINESTRING (431023.32143300166 4583820.519324215, 431002.7381129498 4583800.130681162, 430997.353852482 4583794.797089344, 430992.6286659139 4583788.44685815)"
way,1319966772,"LINESTRING (431027.0001468227 4583824.081616328, 431025.304265257 4583822.443440835, 431023.32143300166 4583820.519324215)"
way,1319967107,"LINESTRING (429943.4337579238 4581038.086960025, 429936.82776377036 4581031.23373167, 429930.09300869965 4581024.903588857)"
way,1319967108,"LINESTRING (429950.28320491116 4581045.037766934, 429943.4337579238 4581038.086960025)"
way,1319967109,"LINESTRING (429848.05701973324 4580947.521875799, 429840.4891832937 4580939.812018465, 429831.62252668454 4580932.703195296)"
way,1319967110,"LINESTRING (429831.62252668454 4580932.703195296, 429820.54055621935 4580923.095481471, 429765.62800091953 4580867.735547337, 429761.5910337684 4580863.666605613, 429755.1032750692 4580853.514838676)"
way,1319967111,"LINESTRING (429755.1032750692 4580853.514838676, 429751.36684453767 4580847.666530191, 429747.39944689255 4580843.87449359, 429743.25471516204 4580839.906532102)"
way,1319967112,"LINESTRING (429743.25471516204 4580839.906532102, 429737.5439371246 4580834.854569895, 429726.38093608164 4580827.268503736, 429660.71601088037 4580764.574673059, 429655.2970391586 4580763.750136686)"
way,1319970870,"LINESTRING (429723.48797096225 4581622.440377071, 429714.61264137295 4581614.365838147, 429710.771913367 4581610.661420236, 429680.0063618097 4581580.393668831, 429646.2508435564 4581547.090675528, 429638.83605601045 4581539.6016022395)"
way,1319970871,"LINESTRING (429638.83605601045 4581539.6016022395, 429632.81750214275 4581533.808822453, 429627.93701316195 4581528.959843588, 429624.50860510033 4581525.529037925)"
way,1319970872,"LINESTRING (429624.50860510033 4581525.529037925, 429618.4385651937 4581519.603535059, 429582.93152238004 4581485.10762448, 429549.84205178975 4581452.453663771, 429547.1967036583 4581449.581528018, 429543.18608893745 4581445.623481282)"
way,1319970873,"LINESTRING (429543.18608893745 4581445.623481282, 429537.42028036347 4581440.039275658, 429531.52795922046 4581434.345275837)"
way,1319970874,"LINESTRING (429531.52795922046 4581434.345275837, 429524.20923552476 4581427.299497406, 429451.00727679953 4581355.409976849, 429448.4074459673 4581352.926034008)"
way,1319970875,"LINESTRING (429448.4074459673 4581352.926034008, 429441.9840893601 4581346.815364754, 429432.94372473133 4581338.176519235)"
way,1319970876,"LINESTRING (429432.94372473133 4581338.176519235, 429430.3348711857 4581335.62605318, 429358.31372917147 4581264.95836052, 429351.4516169332 4581258.463444584)"
way,1319970877,"LINESTRING (429351.4516169332 4581258.463444584, 429345.8696895483 4581252.899799589, 429342.78937378904 4581250.031976652, 429339.0242784871 4581246.404732212)"
way,1319970878,"LINESTRING (429339.0242784871 4581246.404732212, 429337.26726513874 4581244.600989554, 429260.3035106011 4581168.9528237395, 429255.550883949 4581164.402617513)"
way,1319970879,"LINESTRING (429255.550883949 4581164.402617513, 429250.5282852427 4581159.610786182, 429245.6202541102 4581154.562473116)"
way,1319970880,"LINESTRING (429245.6202541102 4581154.562473116, 429238.12493791676 4581147.474286705, 429166.2712159345 4581077.206509528)"
way,1319970881,"LINESTRING (429166.2712159345 4581077.206509528, 429153.82480085327 4581064.970644461, 429140.97577132453 4581052.61660461)"
way,1319970882,"LINESTRING (429062.4368334966 4580975.375951992, 429059.0529691762 4580972.278055964, 429054.2185315601 4580967.939733303)"
way,1319971539,"LINESTRING (429733.0793091448 4581631.918049785, 429728.64619724697 4581627.486576694, 429723.48797096225 4581622.440377071)"
way,1319971540,"LINESTRING (429815.9661931909 4581713.187273181, 429810.8516152531 4581708.318236767, 429775.3537978125 4581673.721398567, 429741.2776488755 4581640.032483412, 429733.0793091448 4581631.918049785)"
way,1319971541,"LINESTRING (429830.18184297247 4581727.017022962, 429823.7226814543 4581720.595492202, 429815.9661931909 4581713.187273181)"
way,1319971542,"LINESTRING (430005.6033002378 4581898.658515918, 429933.19883546676 4581827.833558114, 429923.9978904495 4581818.895894727)"
way,1319971543,"LINESTRING (429923.9978904495 4581818.895894727, 429919.1690272561 4581814.157255645, 429911.4183049304 4581806.460206989)"
way,1319972148,"LINESTRING (431446.16306515934 4584670.370420526, 431481.79426666733 4584748.808035444, 431482.69878799305 4584750.764684333)"
way,1319972149,"LINESTRING (431482.69878799305 4584750.764684333, 431484.9170921036 4584755.529030848, 431487.08892452536 4584760.6824187655)"
way,1319973118,"LINESTRING (431088.578374909 4583884.849846359, 431076.39768692304 4583873.341062869)"
way,1319973119,"LINESTRING (431102.59209748433 4583898.361932359, 431093.85966128565 4583889.918014633, 431090.83912436385 4583886.993393059)"
way,1319973411,"LINESTRING (432028.00879341975 4584237.290429788, 432027.84123973676 4584222.114398582, 432027.78087206744 4584216.574640241, 432026.4811725074 4584155.598857867, 432025.6374282278 4584085.314609232)"
way,1319973412,"LINESTRING (432028.37204839784 4584251.942789799, 432028.09982424317 4584245.205911684, 432028.00879341975 4584237.290429788)"
way,1319974646,"LINESTRING (429651.5772266153 4582661.370182224, 429663.27462251537 4582672.603762119)"
way,1319974647,"LINESTRING (429794.832396191 4582806.971703689, 429800.13338158804 4582812.172001021, 429895.9748889712 4582905.64065849, 429898.13565476274 4582907.7515030205)"
way,1319976042,"LINESTRING (431176.81124642363 4583969.092036547, 431166.6911256195 4583960.627915205, 431112.8503295784 4583908.145895649, 431102.59209748433 4583898.361932359)"
way,1319976043,"LINESTRING (431194.06371454126 4583984.782983475, 431186.46874565457 4583978.137917965, 431176.81124642363 4583969.092036547)"
way,1319976054,"LINESTRING (431230.22162047436 4584022.999773346, 431205.0094327803 4583998.324416376, 431194.06371454126 4583984.782983475)"
way,1319976055,"LINESTRING (431233.6473694232 4584026.353615056, 431232.069445428 4584024.803095409, 431230.22162047436 4584022.999773346)"
way,1319977844,"LINESTRING (431272.7561666931 4584064.62030559, 431263.4999950933 4584055.559399883, 431233.6473694232 4584026.353615056)"
way,1319977845,"LINESTRING (431282.348342574 4584073.855679864, 431277.16751832113 4584068.775322013, 431272.7561666931 4584064.62030559)"
way,1319978419,"LINESTRING (430008.7971726741 4580724.5323139485, 430023.5404424005 4580724.423270665, 430042.7826943081 4580724.270833114)"
way,1319978420,"LINESTRING (429887.27972989145 4580726.250793756, 429891.0340272789 4580726.170067326, 429892.773196044 4580726.131039438, 429898.89405859646 4580726.027427087, 429901.25161706796 4580725.938009006, 429966.29827610374 4580724.83179614, 430001.212242384 4580724.583355291, 430006.9239903691 4580724.550402381, 430008.7971726741 4580724.5323139485)"
way,1319978421,"LINESTRING (429879.194020808 4580726.40673273, 429883.165848453 4580726.335000643, 429887.27972989145 4580726.250793756)"
way,1319978422,"LINESTRING (429839.6246576518 4580726.956188928, 429843.8812372133 4580726.926090452, 429844.9934391554 4580726.915325361, 429850.08679798583 4580726.932645722, 429853.72423602786 4580726.875236689, 429879.194020808 4580726.40673273)"
way,1319978423,"LINESTRING (429824.0624077559 4580727.129049941, 429834.4565742168 4580726.99511362, 429839.6246576518 4580726.956188928)"
way,1319978424,"LINESTRING (429649.7729379216 4580728.8297000155, 429654.6910113155 4580728.881893022, 429656.87338773586 4580728.838507072, 429660.52744254994 4580728.769736921, 429664.8839407707 4580728.69415217, 429680.8967924912 4580728.416651891, 429747.4722869261 4580728.004226198, 429765.2087661612 4580727.810132077, 429770.1593192321 4580727.762162854, 429774.8844096204 4580727.749690051, 429776.19720210467 4580727.72586808, 429824.0624077559 4580727.129049941)"
way,1319978425,"LINESTRING (429635.5994960995 4580729.056103428, 429643.4245670392 4580728.758085215, 429649.7729379216 4580728.8297000155)"
way,1319978426,"LINESTRING (429439.88285703544 4580731.558298318, 429467.7080890157 4580731.642767949, 429469.9575801629 4580731.620878356, 429474.59904766775 4580731.6090235, 429477.307607786 4580731.493846375, 429478.8374987037 4580731.434549578, 429620.7002486798 4580729.467228056, 429623.5014440974 4580729.417823376, 429628.1255395083 4580729.339618274, 429630.3158470969 4580729.251735825, 429635.5994960995 4580729.056103428)"
way,1319978427,"LINESTRING (429412.3148736013 4580732.126500188, 429418.66923237883 4580731.95359092, 429432.322904065 4580731.598589027, 429439.88285703544 4580731.558298318)"
way,1319978428,"LINESTRING (429293.09226962575 4580733.332966485, 429297.4840568667 4580733.445565628, 429299.95086277695 4580733.410400574, 429350.96772049635 4580732.679790298, 429396.60242544184 4580732.335050572, 429399.1697967821 4580732.321145462, 429405.0152370701 4580732.275313063, 429406.4201237652 4580732.261630002, 429412.3148736013 4580732.126500188)"
way,1319982586,"LINESTRING (431458.9947725326 4584245.830269154, 431445.27466016205 4584233.169656254, 431419.13714767917 4584207.725137583, 431416.58652055386 4584204.962476425, 431389.6736724967 4584177.993208382, 431384.73387196125 4584173.632178941, 431379.4278469507 4584165.910452169)"
way,1319982587,"LINESTRING (431379.4278469507 4584165.910452169, 431374.7377328577 4584161.436034129, 431370.5873938626 4584157.4672348965, 431363.502211402 4584150.772745672)"
way,1319983982,"LINESTRING (431461.8812790086 4584248.7563082855, 431458.9947725326 4584245.830269154)"
way,1319983987,"LINESTRING (431473.7961077849 4584258.8026569225, 431462.8685573448 4584249.735118175, 431461.8812790086 4584248.7563082855)"
way,1319984034,"LINESTRING (428833.47437455354 4583657.234870334, 428829.5309744131 4583657.4845818905, 428803.3765880893 4583657.85270917, 428783.07595469954 4583656.708872081, 428756.05463904777 4583653.932456734, 428752.4636876407 4583653.468153587)"
way,1319984035,"LINESTRING (428842.18828548054 4583656.682914263, 428836.52302886546 4583656.960644892, 428833.47437455354 4583657.234870334)"
way,1319984036,"LINESTRING (428862.83201794274 4583654.459351836, 428852.6202359955 4583655.714382462, 428842.18828548054 4583656.682914263)"
way,1319984037,"LINESTRING (428874.5348403861 4583652.656748896, 428866.86388036265 4583653.853495041, 428862.83201794274 4583654.459351836)"
way,1319984038,"LINESTRING (428949.3159277709 4583631.570932166, 428940.4816943988 4583635.199456079, 428934.40928118106 4583637.435224125, 428916.4842716772 4583643.251454772, 428909.105896154 4583645.300210916, 428903.7687374806 4583646.640550955, 428874.5348403861 4583652.656748896)"
way,1319984039,"LINESTRING (428963.1203963082 4583625.839615809, 428955.5782130339 4583629.0890492005, 428949.3159277709 4583631.570932166)"
way,1319984040,"LINESTRING (429058.9998711013 4583562.678806264, 429054.5586252452 4583566.730477806, 429050.9784695408 4583569.929891999)"
way,1319984041,"LINESTRING (429050.9784695408 4583569.929891999, 429039.56386832794 4583579.834531, 429032.7839538577 4583584.9528102325, 429027.44624220766 4583588.802328563)"
way,1320190868,"LINESTRING (432051.8695773528 4585032.064718852, 432046.5275182539 4585031.937222577)"
way,1320442154,"LINESTRING (432046.7398460117 4584459.760204499, 432036.095374526 4584447.791316361)"
way,1320442155,"LINESTRING (432061.0685574677 4584474.192675799, 432055.70375392877 4584469.013576462)"
way,1320442158,"LINESTRING (432047.7867740355 4584439.498762359, 432047.4526274762 4584449.316826275, 432046.7398460117 4584459.760204499)"
way,1320442159,"LINESTRING (432046.7398460117 4584459.760204499, 432045.5803622883 4584464.4675975125, 432044.22143279086 4584469.298994376)"
way,1320442160,"LINESTRING (432056.4669692825 4584447.910981169, 432061.3947706104 4584452.838816409)"
way,1320442162,"LINESTRING (432038.11474533885 4584463.4495972, 432037.24054156913 4584456.69616223, 432036.095374526 4584447.791316361)"
way,1320453298,"LINESTRING (432039.23821353423 4584484.290221817, 432040.93510353705 4584606.283634708, 432041.2181797221 4584626.643627129)"
way,1320453299,"LINESTRING (432028.70834502566 4584629.636716767, 432031.40903131064 4584632.398178258, 432041.5932099802 4584641.662279867)"
way,1320453300,"LINESTRING (432041.2181797221 4584626.643627129, 432041.35549553635 4584634.147873272, 432041.5932099802 4584641.662279867)"
way,1320464047,"LINESTRING (434289.7365933473 4584599.067570882, 434278.797710694 4584609.4702598825, 434277.5320581531 4584610.92511292)"
way,1320464048,"LINESTRING (433478.3301291225 4584288.371443879, 433472.59528263286 4584293.764590285, 433466.8582078555 4584299.823930568, 433463.3563392387 4584303.520040178, 433459.6294140106 4584307.284836879, 433456.780404317 4584310.164444415, 433452.57319862966 4584314.422182979, 433447.9683749848 4584319.072177573, 433440.2744177651 4584326.848258967)"
way,1320466423,"LINESTRING (432132.257010056 4585102.346688246, 432127.03468079027 4585097.155103134, 432120.817327133 4585091.0291091185)"
way,1320466424,"LINESTRING (432137.83044389094 4585107.546088027, 432132.257010056 4585102.346688246)"
way,1320466425,"LINESTRING (432132.257010056 4585102.346688246, 432135.3326004854 4585099.653162513, 432141.820849919 4585092.77517082)"
way,1320466426,"LINESTRING (432122.6048332135 4585111.408315444, 432124.69370193896 4585109.55675346)"
way,1320467281,"LINESTRING (433544.47713723 4586849.764348255, 433578.9082115313 4586904.840264202, 433592.40624083707 4586926.122640863)"
way,1320468301,"LINESTRING (432043.2755103566 4584799.495908693, 432043.4902042494 4584817.9135476)"
way,1320468302,"LINESTRING (432043.4902042494 4584817.9135476, 432043.51715832425 4584822.565395428, 432043.56764708005 4584830.614499403)"
way,1320468304,"LINESTRING (432043.4902042494 4584817.9135476, 432040.42760413804 4584814.877908447)"
way,1320468305,"LINESTRING (432047.02468703827 4584821.355564297, 432043.4902042494 4584817.9135476)"
way,1320468306,"LINESTRING (432061.1465988052 4584835.201518206, 432052.5077098269 4584826.688985108, 432047.02468703827 4584821.355564297)"
way,1320480158,"LINESTRING (432046.92152889894 4584269.833012955, 432047.44237760385 4584302.170745183, 432048.29536726384 4584422.439997275, 432047.7867740355 4584439.498762359)"
way,1320480159,"LINESTRING (432046.48880257946 4584252.227944794, 432046.5852914298 4584262.508283778, 432046.92152889894 4584269.833012955)"
way,1320480164,"LINESTRING (432046.92152889894 4584269.833012955, 432036.3554100259 4584260.006237974, 432028.37204839784 4584251.942789799)"
way,1320480165,"LINESTRING (432028.37204839784 4584251.942789799, 432023.6135513423 4584247.257648467, 432017.48294535355 4584241.552828105)"
way,1320484620,"LINESTRING (434658.0393623243 4584210.911715204, 434661.5651037144 4584207.937662095, 434662.9837594188 4584206.747965918)"
way,1320484621,"LINESTRING (434650.5857042146 4584218.606591936, 434655.2814879299 4584213.756709313, 434658.0393623243 4584210.911715204)"
way,1320484625,"LINESTRING (434517.11396869604 4584369.788851518, 434518.47285673395 4584368.466432835, 434519.2765687104 4584367.68196908, 434520.0637653739 4584366.91986035, 434528.5568807413 4584358.660302402)"
way,1320484626,"LINESTRING (434509.6289005792 4584377.6729130745, 434514.1669861144 4584372.968696297, 434516.35164627514 4584370.528530043, 434517.11396869604 4584369.788851518)"
way,1320484629,"LINESTRING (434511.65447267354 4584362.266139113, 434517.11396869604 4584369.788851518)"
way,1320484630,"LINESTRING (434517.11396869604 4584369.788851518, 434521.5288346364 4584375.489057328, 434534.784861397 4584392.933773136)"
way,1320490044,"LINESTRING (434277.5320581531 4584610.92511292, 434232.5322157766 4584657.221630562, 434226.26566426345 4584663.9180349875)"
way,1320490045,"LINESTRING (434226.26566426345 4584663.9180349875, 434221.5352159941 4584668.568675958, 434220.21047549846 4584669.957459752)"
way,1320490046,"LINESTRING (434120.44643577083 4584773.15474809, 434119.6679865088 4584773.950131328, 434118.37418792816 4584781.4896034235, 434111.6480778464 4584788.179192517, 434054.01036303805 4584847.071469995, 434051.5528332106 4584849.802942623)"
way,1320490047,"LINESTRING (434134.59830958076 4584758.581228678, 434127.5848967212 4584765.850761583, 434120.44643577083 4584773.15474809)"
way,1320803376,"LINESTRING (432017.48294535355 4584241.552828105, 432013.4673700244 4584237.649020258, 432009.60380438017 4584233.910329926, 431976.75853794866 4584201.620857928, 431950.13961216435 4584175.457299058, 431945.93987035047 4584171.533052737, 431941.90286016476 4584171.582102209, 431936.9772950717 4584166.920792224)"
way,1320803377,"LINESTRING (431936.9772950717 4584166.920792224, 431929.2010034394 4584159.566086335, 431926.60249540064 4584157.025756915)"
way,1320803378,"LINESTRING (431993.0348946587 4584082.489754815, 431980.78862345824 4584094.951164813, 431982.0318492755 4584100.935027428, 431980.4756791725 4584102.570663465, 431948.532764316 4584136.123875249, 431938.1964943892 4584145.44750714)"
way,1320803379,"LINESTRING (431938.1964943892 4584145.44750714, 431932.20354096155 4584150.844320335, 431926.60249540064 4584157.025756915)"
way,1320806233,"LINESTRING (433378.1796889113 4584389.928237367, 433372.90704551607 4584395.572578297, 433366.83724105515 4584401.790503782)"
way,1320809473,"LINESTRING (433854.83140747075 4584497.562721098, 433858.7475230632 4584493.452213569)"
way,1320809474,"LINESTRING (433858.7475230632 4584493.452213569, 433879.8267780805 4584471.331629564, 433885.2166631771 4584465.675490645)"
way,1320809475,"LINESTRING (433885.2166631771 4584465.675490645, 433889.99900964403 4584461.22400622, 433894.12639221374 4584456.445421672, 433896.83606141625 4584453.855933028)"
way,1320809476,"LINESTRING (433896.83606141625 4584453.855933028, 433898.054154414 4584452.690119834, 433901.21753974154 4584449.4414250525, 433904.2039894278 4584446.038907914, 433906.0080078602 4584444.046139666)"
way,1320815262,"LINESTRING (432400.82118836103 4585201.080479464, 432405.99904565676 4585216.753773352)"
way,1320815263,"LINESTRING (432396.2128881289 4585186.434435455, 432400.82118836103 4585201.080479464)"
way,1320816139,"LINESTRING (432523.1635279885 4583749.008096981, 432517.9050658687 4583757.95046766, 432516.82039818855 4583759.070859139)"
way,1320817514,"LINESTRING (432046.5275182539 4585031.937222577, 432046.6468950905 4585042.8724286, 432047.7608997392 4585145.508010468, 432048.23693813424 4585170.396180063)"
way,1320817515,"LINESTRING (432048.23693813424 4585170.396180063, 432048.64368529903 4585177.220627801, 432048.39630186686 4585187.370975574)"
way,1320817516,"LINESTRING (432062.5951492869 4585169.417577701, 432070.4156584857 4585161.128051884, 432076.8592727971 4585154.849972737, 432110.1733889426 4585122.672186228, 432117.1476719198 4585115.9339497695, 432122.6048332135 4585111.408315444)"
way,1320817517,"LINESTRING (432035.8276180342 4585204.465277442, 432038.13306443684 4585204.321497931, 432039.5504563503 4585203.952897195, 432048.42486937216 4585194.865146283, 432049.7917225142 4585193.564380794, 432057.3196868984 4585185.277586076, 432058.5518057275 4585182.978828611, 432059.6784464001 4585174.7854365185, 432062.5951492869 4585169.417577701)"
way,1320819993,"LINESTRING (432429.87596093066 4585378.610404815, 432429.99292754655 4585394.719567653)"
way,1320819994,"LINESTRING (432427.95602271357 4585326.045171181, 432429.1981610319 4585343.609405792)"
way,1320819995,"LINESTRING (432419.3373455078 4585348.231442439, 432424.67945636495 4585345.7056240225, 432429.1981610319 4585343.609405792)"
way,1320819996,"LINESTRING (432395.025358343 4585361.73752183, 432397.58165394707 4585358.926825309, 432401.59524917824 4585355.547375269)"
way,1320819997,"LINESTRING (432406.1032404687 4585389.890841881, 432400.0275499999 4585384.5626988, 432394.8352481705 4585379.85917218)"
way,1320825736,"LINESTRING (432395.025358343 4585361.73752183, 432391.6400678869 4585358.116301948, 432337.5426911467 4585304.7396408, 432328.5673826878 4585295.907952807)"
way,1320825737,"LINESTRING (432328.5673826878 4585295.907952807, 432317.6348243611 4585285.129371138, 432311.91563877126 4585279.509291343, 432308.0267639801 4585275.670761626)"
way,1320825738,"LINESTRING (432213.1664635438 4585182.128689741, 432205.498289583 4585174.5728403395, 432195.9656726268 4585165.169182657, 432147.1197044404 4585116.829821308, 432143.162339936 4585112.836579314, 432137.83044389094 4585107.546088027)"
way,1320825739,"LINESTRING (432233.25760957086 4585201.614833443, 432222.80015450856 4585191.620245831, 432213.1664635438 4585182.128689741)"
way,1320828217,"LINESTRING (433121.0144592762 4584079.899237681, 433123.98597721185 4584084.856956007, 433126.6441253907 4584089.3734571)"
way,1320828219,"LINESTRING (432737.5705472958 4584482.309409335, 432739.06055514945 4584480.741168618, 432760.69184125366 4584459.011829675, 432792.0153595847 4584426.933556833, 432793.70454256877 4584425.208039305, 432800.11420502607 4584423.238853316, 432813.69942114287 4584409.95590771, 432824.0866977278 4584397.946178523, 432824.46843360417 4584394.944871565, 432827.9748959808 4584390.882008571, 432890.1053766145 4584327.652543051, 432920.7443300133 4584296.447224, 432983.0172976436 4584233.084045337, 432999.6447661577 4584216.064964515, 433018.04528977745 4584197.330788529, 433026.396381431 4584189.237295805)"
way,1320828220,"LINESTRING (433120.30017662636 4584095.7828651685, 433126.6441253907 4584089.3734571, 433128.30054634414 4584087.703838575, 433137.64260675816 4584078.268990369)"
way,1320828221,"LINESTRING (433058.8735175125 4584157.815738787, 433068.47214689356 4584148.123059474, 433077.1266625187 4584139.38285976, 433110.66002570075 4584105.520266922, 433113.51734209975 4584102.640446228, 433117.54233617673 4584098.572941597, 433120.30017662636 4584095.7828651685)"
way,1320828222,"LINESTRING (433050.5316353716 4584166.009032361, 433055.78436490905 4584160.930885035, 433058.8735175125 4584157.815738787)"
way,1320828223,"LINESTRING (433033.670861562 4584182.230744713, 433035.79325585417 4584180.334737565, 433040.1683938628 4584176.175126584, 433043.49653868424 4584172.69137003, 433046.8944285078 4584169.517849149, 433049.9268099399 4584166.591971833, 433050.5316353716 4584166.009032361)"
way,1320828224,"LINESTRING (433026.396381431 4584189.237295805, 433030.63301018364 4584185.4675588105, 433033.670861562 4584182.230744713)"
way,1320828225,"LINESTRING (433055.8941836562 4583975.7126309415, 433063.64486647106 4583988.542450309, 433115.29934757523 4584070.225961062, 433117.62475602684 4584074.012746721, 433119.32394140353 4584076.972606206, 433121.0144592762 4584079.899237681)"
way,1320828226,"LINESTRING (433048.3330099635 4583963.491722245, 433050.9046849418 4583967.687014452, 433055.8941836562 4583975.7126309415)"
way,1320828227,"LINESTRING (432907.66303018987 4583739.883961724, 432909.0802585723 4583742.169114255, 432910.5573354948 4583744.598049204, 432969.105133033 4583837.297306834, 432971.8274579183 4583841.502280264)"
way,1320828228,"LINESTRING (432971.8274579183 4583841.502280264, 432973.449162655 4583844.207459229, 432979.0083558622 4583852.349882387, 432982.711244648 4583858.633113775, 432985.40745014185 4583862.727305679)"
way,1320828233,"LINESTRING (432903.54703680327 4583733.23820198, 432907.66303018987 4583739.883961724)"
way,1320828234,"LINESTRING (432900.9295691685 4583729.531908455, 432903.54703680327 4583733.23820198)"
way,1321484363,"LINESTRING (431904.1183693621 4583818.588982303, 431936.145184487 4583828.5135953985, 431958.57229138643 4583835.464160323)"
way,1321484366,"LINESTRING (431991.63992651843 4583845.856658254, 431998.0455391692 4583847.872731775, 432025.29445437354 4583856.443647103)"
way,1321868098,"LINESTRING (433284.1950551564 4584487.232801714, 433277.9707328508 4584492.086582902, 433266.82521373505 4584500.793998679)"
way,1321872061,"LINESTRING (432812.31596309406 4583850.996834985, 432800.5749451885 4583839.725392543, 432789.4846286384 4583829.214023657)"
way,1321872062,"LINESTRING (432789.4846286384 4583829.214023657, 432786.2627131947 4583826.135139095, 432786.4367957685 4583818.772350831)"
way,1321875599,"LINESTRING (433100.2710433889 4584668.329574739, 433099.61672586965 4584668.979585681, 433086.1325327038 4584669.681559915)"
way,1321875600,"LINESTRING (433086.1325327038 4584669.681559915, 433080.6617877247 4584675.550012959, 433075.96175943816 4584680.700764075)"
way,1321875604,"LINESTRING (433003.29967159254 4584773.570803629, 432997.320281452 4584779.555059635, 432994.21502106456 4584782.703698991)"
way,1321875605,"LINESTRING (432980.5827275825 4584796.2754311925, 432976.9722890636 4584799.928383051, 432972.2046300094 4584804.979906463)"
way,1321901301,"LINESTRING (432509.7684894259 4582983.482118776, 432502.41987406433 4582976.333765193, 432431.5676605184 4582905.86972043)"
way,1321901302,"LINESTRING (432528.5856775944 4583002.081668875, 432519.6650133338 4582993.104875128, 432509.7684894259 4582983.482118776)"
way,1321901303,"LINESTRING (432607.02735383506 4583076.15104261, 432605.93934916216 4583075.128604488, 432599.78474529576 4583072.2880406445, 432596.1986150814 4583068.746306528, 432568.64855147095 4583041.534378861, 432535.0310617257 4583008.305824692, 432528.5856775944 4583002.081668875)"
way,1321901304,"LINESTRING (432624.3770816105 4583093.43215065, 432614.8842656266 4583084.038658694, 432610.79161047377 4583079.968694997, 432607.02735383506 4583076.15104261)"
way,1321901305,"LINESTRING (432596.81955055613 4583094.143773448, 432591.4149845169 4583103.620364328, 432548.97655456973 4583143.88569251, 432542.67642867385 4583150.550546822, 432526.789628387 4583167.363867569, 432511.8685552164 4583182.835887542, 432495.75350042473 4583199.362733821, 432433.93579900556 4583261.881836975, 432417.7513234326 4583278.098634891, 432401.693451846 4583294.436420321, 432341.5265792607 4583355.408756748, 432325.9488106909 4583371.198195383, 432322.81803162873 4583374.336244535, 432312.4578846919 4583385.746852962, 432311.46464490145 4583391.285346572)"
way,1321901306,"LINESTRING (432616.11626484257 4583074.478774367, 432610.79161047377 4583079.968694997, 432605.55716430914 4583085.2690324765, 432596.81955055613 4583094.143773448)"
way,1321901307,"LINESTRING (432690.7464252302 4583162.307570011, 432684.3338204203 4583155.98304987, 432631.7144333681 4583103.889368235, 432628.5240257239 4583100.643713827, 432626.45276421425 4583095.477965687, 432624.3770816105 4583093.43215065)"
way,1321901308,"LINESTRING (432714.8187499598 4583186.032663881, 432702.19609908503 4583173.581556276, 432690.7464252302 4583162.307570011)"
way,1321901309,"LINESTRING (432787.20238349587 4583257.251275346, 432781.4575568381 4583251.697671529, 432753.9181659937 4583224.584887128, 432720.37904765503 4583191.51021094, 432714.8187499598 4583186.032663881)"
way,1321901310,"LINESTRING (432808.24389485386 4583277.862702007, 432797.1735060434 4583266.88480975, 432790.76232223434 4583260.693418854, 432787.20238349587 4583257.251275346)"
way,1321901311,"LINESTRING (432885.80224771815 4583351.066076288, 432879.6439518924 4583348.691633066, 432877.1462262246 4583346.194444029, 432813.60188087117 4583283.175653221, 432808.24389485386 4583277.862702007)"
way,1321901312,"LINESTRING (432904.5677792774 4583369.71146318, 432898.4669987516 4583363.617029354, 432895.56443610194 4583360.73498674, 432885.80224771815 4583351.066076288)"
way,1321901313,"LINESTRING (432811.31590022007 4583453.991467271, 432817.3724449858 4583447.206971701, 432876.91087358777 4583385.74484549, 432885.6900514344 4583376.847847215)"
way,1321901314,"LINESTRING (432885.6900514344 4583376.847847215, 432894.46914808464 4583367.939758102, 432898.4669987516 4583363.617029354, 432904.1564797448 4583357.801956318)"
way,1321901315,"LINESTRING (432980.01455319277 4583448.020466855, 432973.65260711045 4583441.695229591, 432941.8177357539 4583410.08046013, 432911.61568214814 4583380.582440101, 432906.89126814477 4583375.9630261175, 432904.5677792774 4583369.71146318)"
way,1321901316,"LINESTRING (433003.37511282734 4583470.9203666, 432988.7642365976 4583456.710719104, 432980.01455319277 4583448.020466855)"
way,1321901317,"LINESTRING (433073.99356107676 4583539.904216523, 433066.34215755825 4583532.436125083, 433008.3772089021 4583475.748226266, 433003.37511282734 4583470.9203666)"
way,1321901318,"LINESTRING (433092.64576253516 4583558.151421962, 433083.1887222507 4583548.879135439, 433073.99356107676 4583539.904216523)"
way,1321901321,"LINESTRING (433379.42878741986 4583839.783604174, 433387.25358431967 4583831.6398774665, 433387.9674747546 4583827.458655567, 433391.1235799744 4583824.320837164, 433423.1323834426 4583792.527812313, 433451.32770517305 4583763.268112829, 433454.541970063 4583760.085377835, 433456.4492067591 4583758.402430647, 433461.2474734358 4583753.839498068, 433465.65260130074 4583753.7990210615, 433473.69176289043 4583746.219666021, 433485.91842560703 4583734.016398599, 433486.95287478605 4583729.232692847, 433491.12854453904 4583725.141817421, 433493.4995135631 4583722.977200846, 433526.91189091804 4583690.994123122, 433560.82907055755 4583657.5076983245, 433566.67500703456 4583651.403041103, 433571.1131628725 4583646.754666339)"
way,1321901322,"LINESTRING (433369.3696993146 4583849.491189133, 433375.47678922897 4583843.639330529, 433379.42878741986 4583839.783604174)"
way,1321901323,"LINESTRING (433386.89483614493 4583847.164899116, 433379.42878741986 4583839.783604174)"
way,1321901324,"LINESTRING (433379.42878741986 4583839.783604174, 433373.8604076123 4583834.227921276, 433364.2514809869 4583824.72351747)"
way,1321925715,"LINESTRING (433010.3034225588 4582679.781518329, 433008.3804636715 4582682.497281777, 432908.4872635794 4582782.014685622, 432905.7120616507 4582784.782783219, 432901.82783149916 4582788.771360562)"
way,1321925716,"LINESTRING (432901.82783149916 4582788.771360562, 432890.39057213406 4582800.524156579, 432880.04472711636 4582810.956727308)"
way,1321925717,"LINESTRING (432880.04472711636 4582810.956727308, 432872.3412526045 4582818.72235772, 432814.6560666683 4582877.691252004, 432810.70619065827 4582881.802620686, 432805.2522101745 4582883.29657977)"
way,1321925718,"LINESTRING (432793.2162343154 4582883.652508618, 432786.90950820735 4582881.545981558, 432783.121506071 4582877.872795513, 432729.4459931912 4582824.722330614, 432727.31122980046 4582822.621520601, 432707.2028630579 4582802.723324476, 432689.0245094174 4582784.494874113, 432619.36422369 4582716.327321737, 432600.3081395406 4582698.162765997, 432580.87163075083 4582680.45701483, 432577.842238369 4582677.465246522, 432523.50751597964 4582623.878284066, 432503.5082771389 4582604.146161635, 432485.2588487187 4582586.4740096815, 432439.1497726011 4582541.826483286, 432428.83100546844 4582531.830271452, 432429.6117989778 4582504.387938527)"
way,1321925719,"LINESTRING (432805.2522101745 4582883.29657977, 432799.33153886313 4582889.458051821, 432794.0726631823 4582894.858397562, 432784.7040787415 4582904.260585966)"
way,1321925720,"LINESTRING (432814.3143134433 4582903.941456932, 432803.78520984977 4582893.691313709, 432799.33153886313 4582889.458051821, 432793.2162343154 4582883.652508618)"
way,1321925721,"LINESTRING (432784.7040787415 4582904.260585966, 432782.19508906617 4582910.479236293, 432777.80619559507 4582915.027707609, 432765.45243576297 4582927.077890696, 432756.0931149994 4582936.568854733, 432715.52258410427 4582977.415366882, 432708.10937504016 4582984.8898119)"
way,1321925722,"LINESTRING (432708.10937504016 4582984.8898119, 432698.99821247725 4582994.078772259, 432690.7499877449 4583002.560248078)"
way,1321935014,"LINESTRING (433321.13515735173 4583893.025194934, 433355.23076782393 4583860.0579456175, 433361.5932808919 4583853.8040228905, 433366.55233959376 4583852.192890901, 433369.3696993146 4583849.491189133)"
way,1321935015,"LINESTRING (433318.012138557 4583896.118329514, 433319.96680168493 4583894.14623484, 433321.13515735173 4583893.025194934)"
way,1321935016,"LINESTRING (433289.2857696881 4583928.414535979, 433290.7518567334 4583926.946560752, 433291.3180881271 4583923.077566367, 433298.9958180412 4583915.323692487, 433318.012138557 4583896.118329514)"
way,1321935017,"LINESTRING (433274.9322587027 4583942.880519652, 433283.19768693903 4583934.499454891, 433289.2857696881 4583928.414535979)"
way,1321937968,"LINESTRING (432972.2046300094 4584804.979906463, 432947.5526031712 4584831.710685329, 432945.42392104166 4584833.8066341365, 432940.57201034407 4584838.7812401755, 432934.14208592416 4584839.429260192, 432896.2571601523 4584878.57367798, 432889.01230831747 4584885.9798200205)"
way,1321937969,"LINESTRING (432889.01230831747 4584885.9798200205, 432883.06674246053 4584891.986067492, 432872.8426401531 4584902.595263365)"
way,1321937970,"LINESTRING (432872.8426401531 4584902.595263365, 432865.4383223563 4584909.925189221, 432835.5464203004 4584940.257879289, 432834.69383730704 4584941.154017675)"
way,1321937971,"LINESTRING (432834.69383730704 4584941.154017675, 432833.1459194502 4584942.7782930005, 432830.07412815094 4584945.915593152)"
way,1321937972,"LINESTRING (432830.07412815094 4584945.915593152, 432806.4360447303 4584970.117125208, 432797.59580419946 4584979.414554416)"
way,1321937973,"LINESTRING (432797.59580419946 4584979.414554416, 432785.79516857397 4584991.2376241945, 432774.42895252386 4585003.034473904)"
way,1321938619,"LINESTRING (432607.49347507046 4585169.342026038, 432597.12613498454 4585179.742012264)"
way,1321938620,"LINESTRING (432587.02604938997 4585190.117319254, 432580.6431206019 4585196.671942051)"
way,1321956259,"LINESTRING (433235.7887304297 4583016.512539356, 433238.4410242748 4583014.012167948, 433239.91831225436 4583012.832757678)"
way,1321956260,"LINESTRING (433182.13234356965 4583068.268953091, 433188.17704204784 4583061.940109832, 433228.0226718115 4583020.225847196, 433231.36332503066 4583018.0300054345, 433235.7887304297 4583016.512539356)"
way,1321956261,"LINESTRING (433165.8126839712 4583085.462323633, 433173.65316665714 4583077.140598562, 433182.13234356965 4583068.268953091)"
way,1321956262,"LINESTRING (433133.33300111175 4583119.00389466, 433159.4278408342 4583092.071895663, 433165.8126839712 4583085.462323633)"
way,1321956263,"LINESTRING (433128.6787696341 4583123.79886426, 433131.17153932585 4583121.233307632, 433133.33300111175 4583119.00389466)"
way,1321956264,"LINESTRING (433073.7394278735 4583161.400791454, 433066.5433623918 4583154.394806004, 433024.76258876437 4583113.234357328, 433001.6536172702 4583090.531901964, 432986.02825314214 4583075.1880479995, 432977.30299310875 4583066.475362942, 432968.33302083786 4583057.520691162, 432908.5422640213 4582999.162809053, 432889.56805217103 4582980.652570051, 432871.0521695938 4582962.893122199, 432820.7042297559 4582914.1189763015, 432816.5309873242 4582910.371626744, 432814.3143134433 4582903.941456932)"
way,1321956265,"LINESTRING (433088.241114491 4583175.511696224, 433083.5932552692 4583171.035797241, 433080.94383904943 4583168.406706726, 433073.7394278735 4583161.400791454)"
way,1321956266,"LINESTRING (433087.69805432355 4583166.501237572, 433095.4360951399 4583157.969416229, 433128.6787696341 4583123.79886426)"
way,1321956267,"LINESTRING (433074.053634646 4583180.92771885, 433081.224989827 4583173.5002955515, 433083.5932552692 4583171.035797241, 433087.69805432355 4583166.501237572)"
way,1321956268,"LINESTRING (432998.1609663756 4583259.7376625845, 433001.79297187924 4583255.618229291, 433005.6932032206 4583251.574036392, 433008.4588718932 4583248.695032177, 433066.8803448481 4583188.144214254, 433074.053634646 4583180.92771885)"
way,1321956269,"LINESTRING (432980.47351995314 4583278.998147859, 432989.30407583254 4583269.301404487, 432998.1609663756 4583259.7376625845)"
way,1321958330,"LINESTRING (433170.60799688206 4583255.413047527, 433163.2613400185 4583248.37505008, 433096.4822332938 4583183.429581331, 433088.241114491 4583175.511696224)"
way,1321958331,"LINESTRING (433185.7661581305 4583270.039915693, 433177.79796110344 4583262.685656776, 433170.60799688206 4583255.413047527)"
way,1321958332,"LINESTRING (433223.70188027655 4583306.928830196, 433193.1050263442 4583277.144623939, 433185.7661581305 4583270.039915693)"
way,1321958333,"LINESTRING (433226.8231077158 4583309.964424864, 433225.6336855552 4583308.809597341, 433223.70188027655 4583306.928830196)"
way,1321958334,"LINESTRING (433264.51210474514 4583346.433915068, 433258.16909081757 4583340.330313857, 433226.8231077158 4583309.964424864)"
way,1321958335,"LINESTRING (433282.59440581285 4583363.620987181, 433273.672291349 4583355.2428534925, 433264.51210474514 4583346.433915068)"
way,1321963602,"LINESTRING (432156.5211791315 4584927.63768177, 432146.5043806656 4584918.338548422, 432116.654337734 4584889.540018102, 432064.2849214618 4584838.291969522, 432061.1465988052 4584835.201518206)"
way,1321963603,"LINESTRING (432166.6497209467 4584937.268867317, 432161.49582647026 4584932.254261212, 432156.5211791315 4584927.63768177)"
way,1321963604,"LINESTRING (432195.44417943945 4584964.956096169, 432166.6497209467 4584937.268867317)"
way,1321963605,"LINESTRING (432205.1038706533 4584974.5140057085, 432197.76432889234 4584967.265964361, 432195.44417943945 4584964.956096169)"
way,1321963608,"LINESTRING (432221.8254371047 4584987.55871515, 432214.592436305 4584983.651621468, 432210.66177526955 4584979.835738417, 432205.1038706533 4584974.5140057085)"
way,1321963609,"LINESTRING (432234.4232885378 4585000.275672837, 432231.25868455204 4584997.041058868, 432228.1033707255 4584993.906285022, 432221.8254371047 4584987.55871515)"
way,1321963610,"LINESTRING (432141.820849919 4585092.77517082, 432143.9063984707 4585090.568354019, 432145.8103975618 4585085.043482436, 432148.89896866307 4585081.950137895, 432153.5862572319 4585077.320716343, 432212.101539308 4585017.5497856, 432220.35156693147 4585008.679059526)"
way,1321963611,"LINESTRING (432220.35156693147 4585008.679059526, 432227.2775194425 4585001.219701368, 432231.25868455204 4584997.041058868, 432234.3131726848 4584993.87035184)"
way,1321963612,"LINESTRING (432335.4819620077 4585103.974726397, 432329.2445505725 4585097.471247431, 432317.8322192646 4585086.364062163, 432308.3979031324 4585077.636613803)"
way,1321963613,"LINESTRING (432337.70957310125 4585106.229988823, 432335.4819620077 4585103.974726397)"
way,1322642220,"LINESTRING (428591.4777333786 4580508.560226454, 428586.7250232117 4580504.088165547, 428576.2141406369 4580494.110286698, 428546.8012065713 4580465.421575031, 428540.68605992256 4580459.341949042, 428536.8169372693 4580453.728712882)"
way,1322642221,"LINESTRING (428599.9389464406 4580516.78185104, 428594.0259041495 4580510.833425666, 428592.4995712121 4580509.5605245475, 428591.4777333786 4580508.560226454)"
way,1322698713,"LINESTRING (431867.2678023856 4586666.702038953, 431871.72057071974 4586666.582385156, 431873.68338965636 4586666.48618106, 431936.6861087632 4586666.104125762)"
way,1322698714,"LINESTRING (431936.6861087632 4586666.104125762, 431940.7302920207 4586666.077181698, 431945.0328702242 4586665.981191771)"
way,1322953690,"LINESTRING (432036.8406420166 4583483.412880385, 432037.6514052352 4583482.505941331)"
way,1322953693,"LINESTRING (432063.68783291633 4583455.259534043, 432065.02054839325 4583453.848073963)"
way,1322953694,"LINESTRING (432037.6514052352 4583482.505941331, 432038.325375595 4583482.166531085)"
way,1322953695,"LINESTRING (432037.5606991818 4583467.495749717, 432037.5422167692 4583470.871187214)"
way,1322953696,"LINESTRING (432025.97939786303 4583620.390681282, 432025.79920402984 4583597.631540216, 432024.8749295162 4583513.414040026, 432024.7296635068 4583497.9380399855)"
way,1322953697,"LINESTRING (432024.7296635068 4583497.9380399855, 432024.70882193174 4583495.717666982, 432024.8041252321 4583487.167583257, 432024.80673929973 4583482.992889769)"
way,1322994122,"LINESTRING (431562.55679302523 4583968.278129271, 431575.4513754092 4583954.5885619745, 431585.91498666885 4583943.719909563, 431587.2975653241 4583942.296782561, 431632.6390848057 4583895.369734019, 431641.80626571726 4583886.178837241)"
way,1322994123,"LINESTRING (431548.24517427926 4583982.391923152, 431556.7235110166 4583973.751465396, 431562.55679302523 4583968.278129271)"
way,1322994124,"LINESTRING (431472.0130181124 4584061.576992398, 431481.3617336815 4584051.296081694, 431537.79845923645 4583992.38334675, 431548.24517427926 4583982.391923152)"
way,1322994125,"LINESTRING (431455.6863478025 4584078.252608678, 431460.4880545365 4584073.3218896305, 431464.0391876636 4584069.624327225, 431472.0130181124 4584061.576992398)"
way,1322994126,"LINESTRING (431752.89310726814 4584358.601466189, 431762.01871907496 4584367.220096106, 431801.0810873796 4584405.489998247, 431811.40786865866 4584415.629569042, 431855.87291715166 4584457.812596673, 431887.25139810634 4584489.73782289, 431889.3111294264 4584491.883503016, 431963.55900576216 4584565.363577464, 432005.4026999799 4584606.306404861, 432019.58621135267 4584620.429276642, 432028.70834502566 4584629.636716767)"
way,1322994127,"LINESTRING (431442.44453038694 4584056.105616655, 431456.14420701045 4584069.221639169, 431460.4880545365 4584073.3218896305, 431466.1244132109 4584078.853281727)"
way,1322994128,"LINESTRING (431378.4219874265 4584157.681651205, 431387.66468318895 4584148.589624956, 431446.3726641218 4584087.811536091, 431455.6863478025 4584078.252608678)"
way,1322994129,"LINESTRING (431361.8058380756 4584174.637806569, 431371.374830725 4584164.698846441, 431374.7377328577 4584161.436034129, 431378.4219874265 4584157.681651205)"
way,1322994130,"LINESTRING (431287.01648799307 4584253.045158199, 431295.7492979944 4584243.980053059, 431352.7175543557 4584184.139210048, 431361.8058380756 4584174.637806569)"
way,1322994131,"LINESTRING (431269.3373066192 4584271.566030116, 431277.7864159209 4584262.559109704, 431280.6259222427 4584259.645408665, 431287.01648799307 4584253.045158199)"
way,1322994132,"LINESTRING (431191.91341593565 4584350.4879575195, 431200.80352842674 4584341.28800172, 431259.82562926697 4584281.349148314, 431269.3373066192 4584271.566030116)"
way,1322994133,"LINESTRING (431175.38257680694 4584367.532577154, 431180.76348554995 4584362.018805894, 431184.2483111803 4584358.410551825, 431191.91341593565 4584350.4879575195)"
way,1322994134,"LINESTRING (431094.38592813676 4584453.7730659945, 431101.4665985897 4584446.821884473, 431101.4526862218 4584442.725050286, 431106.803113471 4584437.533494877, 431165.4651914234 4584377.697181282, 431175.38257680694 4584367.532577154)"
way,1322994135,"LINESTRING (431084.363396907 4584464.282978017, 431091.14188780205 4584457.201427691, 431094.38592813676 4584453.7730659945)"
way,1322994140,"LINESTRING (431005.1110867774 4584542.125234535, 431014.77632694226 4584531.862875017, 431071.2688372478 4584473.456497483, 431076.8014067146 4584468.085538233, 431084.363396907 4584464.282978017)"
way,1322994141,"LINESTRING (430989.5242031235 4584558.139839925, 430994.185724718 4584553.476599992, 430997.8768802007 4584549.610917782, 430999.8871326799 4584547.415589825, 431005.1110867774 4584542.125234535)"
way,1322994142,"LINESTRING (430906.6778402952 4584467.630928079, 430914.43964015413 4584475.140133755, 430972.3800421713 4584531.800675514, 430975.5977881941 4584535.267407519, 430978.44957444543 4584538.049250436)"
way,1322994143,"LINESTRING (430889.83400712354 4584450.915297634, 430897.159009168 4584459.072623155, 430906.6778402952 4584467.630928079)"
way,1322994144,"LINESTRING (430958.1402990808 4584587.395436715, 430977.4878010076 4584567.803079996, 430980.45105916285 4584564.743737075, 430982.0814957588 4584563.917681339, 430985.74164792255 4584562.061912449, 430987.8025702691 4584559.921612376)"
way,1322994145,"LINESTRING (430952.9781232587 4584596.526841242, 430954.48444410716 4584594.958068653, 430956.5896583971 4584590.452419483, 430958.1402990808 4584587.395436715)"
way,1322994146,"LINESTRING (430867.2067916635 4584683.770408346, 430888.1470343578 4584662.086346081, 430895.5643571672 4584654.543284435)"
way,1322994147,"LINESTRING (430895.5643571672 4584654.543284435, 430904.05772955203 4584645.890772967, 430912.12974362954 4584637.753026688)"
way,1322994148,"LINESTRING (430856.67932623933 4584694.729591692, 430859.8407359788 4584691.424040066, 430867.2067916635 4584683.770408346)"
way,1322994149,"LINESTRING (430994.185724718 4584553.476599992, 430999.8751959391 4584559.318007896)"
way,1322994150,"LINESTRING (430978.44957444543 4584538.049250436, 430987.9332954264 4584547.329681894, 430990.7429647854 4584550.078622306, 430994.185724718 4584553.476599992)"
way,1322998747,"LINESTRING (431829.57672493573 4584773.881283675, 431824.21168825176 4584773.110197096, 431798.2534622746 4584747.718184569, 431795.21757982514 4584744.871143749)"
way,1322998748,"LINESTRING (431795.21757982514 4584744.871143749, 431790.80651356536 4584740.671408369, 431786.5134970616 4584736.58159193)"
way,1322998749,"LINESTRING (431786.5134970616 4584736.58159193, 431751.65777952864 4584702.81319938)"
way,1322998750,"LINESTRING (431751.65777952864 4584702.81319938, 431750.48484518315 4584701.636250216, 431749.3882820937 4584700.580712807)"
way,1322998751,"LINESTRING (431361.22559657134 4584736.7600203175, 431357.7356131556 4584744.220944224, 431353.4806767544 4584748.580315527, 431325.45026658324 4584778.080086953, 431294.0290823529 4584810.487804095, 431276.01599049434 4584827.146588793, 431269.1497065782 4584832.885357505, 431257.42302617844 4584846.986354513, 431232.2675897675 4584871.973636998, 431202.07774154533 4584902.815672732, 431187.47639004217 4584917.8323440915)"
way,1322998752,"LINESTRING (431571.4644629477 4584520.6839232305, 431563.76612542226 4584528.650838533, 431562.63293771696 4584529.916175998, 431553.86609485693 4584538.914668188)"
way,1323017653,"LINESTRING (431165.20477662334 4584545.475407957, 431161.39736417006 4584549.430931462, 431160.730869341 4584553.178943188, 431157.3378786069 4584556.7641329, 431100.52427215717 4584614.806506347, 431083.30341475987 4584632.157706591)"
way,1323017654,"LINESTRING (431181.50420908077 4584528.754934466, 431177.88352492015 4584532.131323511, 431173.5710097636 4584536.591272082, 431165.20477662334 4584545.475407957)"
way,1323017655,"LINESTRING (431177.88352492015 4584532.131323511, 431173.9178968103 4584528.238601168, 431166.75095111097 4584523.47698452, 431163.75661905063 4584520.640909903, 431107.78028511396 4584467.313251072, 431101.9757213276 4584461.67270692, 431101.4665985897 4584446.821884473)"
way,1323017656,"LINESTRING (431190.489208844 4584544.513351008, 431182.25339352357 4584536.342189045, 431177.88352492015 4584532.131323511)"
way,1323017657,"LINESTRING (431271.36445498647 4584623.330591363, 431264.02882286045 4584618.3928364245, 431261.13517905155 4584615.589075424, 431200.05583846825 4584556.391342317, 431196.2344314453 4584552.719295319, 431190.489208844 4584544.513351008)"
way,1323017658,"LINESTRING (431287.04054486984 4584638.681411872, 431278.04778078664 4584629.995493502, 431271.36445498647 4584623.330591363)"
way,1323017659,"LINESTRING (431326.8246834482 4584680.661411154, 431295.5227226153 4584649.936953894, 431292.61979730375 4584647.033342805, 431287.04054486984 4584638.681411872)"
way,1323017660,"LINESTRING (431331.4311339028 4584685.158794644, 431329.1364251921 4584682.926676087, 431326.8246834482 4584680.661411154)"
way,1323017661,"LINESTRING (431553.86609485693 4584538.914668188, 431551.04342849134 4584544.492794717, 431546.72458251694 4584550.0739668375, 431488.0017266048 4584609.8411284285, 431479.5655026107 4584618.425780246)"
way,1323017662,"LINESTRING (431373.5355143324 4584724.185871282, 431368.8506883513 4584729.048938274, 431361.22559657134 4584736.7600203175)"
way,1323017663,"LINESTRING (431373.5355143324 4584724.185871282, 431369.1227121592 4584719.830963429, 431360.55795338063 4584713.949918323, 431358.9461395507 4584712.333077175, 431331.4311339028 4584685.158794644)"
way,1323017664,"LINESTRING (431386.07440668234 4584736.646581985, 431378.2016756281 4584728.815952183, 431373.5355143324 4584724.185871282)"
way,1323017665,"LINESTRING (431440.5635905464 4584797.540372468, 431393.6372803031 4584747.944257191, 431390.9946812696 4584745.160272446, 431387.83071134135 4584738.517425859, 431386.07440668234 4584736.646581985)"
way,1323017666,"LINESTRING (431444.8193992439 4584802.096661192, 431442.7168840817 4584799.851584728, 431440.5635905464 4584797.540372468)"
way,1323027673,"LINESTRING (432496.93001504894 4584904.514460064, 432491.160017008 4584898.839198245, 432452.0680734854 4584861.198816763, 432431.21250854735 4584840.44237605, 432414.0854927617 4584822.460202423, 432414.1888061811 4584818.306770459)"
way,1323027674,"LINESTRING (432414.1888061811 4584818.306770459, 432406.78028641274 4584810.826004223, 432402.3695182116 4584806.614798649)"
way,1323027675,"LINESTRING (432501.2571970975 4584908.7376037445, 432496.93001504894 4584904.514460064)"
way,1323028305,"LINESTRING (431827.92304619745 4583692.722292835, 431834.19132209587 4583686.345760999)"
way,1323028306,"LINESTRING (431865.52941847115 4583654.985052612, 431869.64572322695 4583650.893782966, 431874.7026369093 4583645.483530389)"
way,1323223020,"LINESTRING (434743.1496059248 4584691.127314005, 434743.05631336453 4584695.613676895, 434742.91492717556 4584699.400998412)"
way,1323223785,"LINESTRING (431947.61944111413 4586038.310128502, 431982.24050664227 4586033.6544828, 431990.6342831134 4586032.232137183, 432037.09249763924 4586026.177575451, 432040.66073022503 4586026.1551652225, 432050.8791196253 4586030.367123296, 432058.32507505483 4586030.352720826, 432065.31968769047 4586030.331460519, 432076.7740457885 4586030.00187335)"
way,1323223786,"LINESTRING (431928.392640592 4586027.932127141, 431938.0378531659 4586033.392843165, 431947.61944111413 4586038.310128502)"
way,1323286474,"LINESTRING (428610.52041471185 4583593.155847262, 428520.96158397134 4583518.750107296, 428498.0267381505 4583499.790600613, 428441.7498179388 4583453.558580394, 428438.6649746824 4583451.024278236)"
way,1323286475,"LINESTRING (428377.25648566487 4583400.801975356, 428372.73886721185 4583397.104956297, 428364.4986216385 4583390.635711651)"
way,1323286477,"LINESTRING (428429.53713815816 4583443.553362888, 428390.000120015 4583411.223769765, 428377.25648566487 4583400.801975356)"
way,1323286478,"LINESTRING (428438.6649746824 4583451.024278236, 428433.93668100855 4583447.151656508, 428429.53713815816 4583443.553362888)"
way,1323286479,"LINESTRING (428387.7627430913 4583390.405630196, 428399.39273687697 4583399.80587762, 428438.30262611405 4583431.275687733)"
way,1323286480,"LINESTRING (428438.30262611405 4583431.275687733, 428443.9755076292 4583435.982804262, 428449.4639285377 4583440.636232759)"
way,1323286481,"LINESTRING (428449.4639285377 4583440.636232759, 428451.1079237068 4583442.030066509, 428508.67786395305 4583489.670573523, 428511.01255562174 4583491.590544103)"
way,1323286482,"LINESTRING (428511.01255562174 4583491.590544103, 428519.34834169166 4583498.447611525, 428528.5615802485 4583506.11764749)"
way,1323286483,"LINESTRING (428528.5615802485 4583506.11764749, 428530.6770587635 4583507.851037365, 428599.81811061717 4583565.015431265, 428620.6705935437 4583582.252612132)"
way,1323286484,"LINESTRING (428620.6705935437 4583582.252612132, 428626.0006662038 4583586.130524101, 428627.73501303996 4583587.368064813)"
way,1323286486,"LINESTRING (428627.73501303996 4583587.368064813, 428629.76455499965 4583588.869167624, 428632.77152378653 4583591.148948307, 428669.5439686156 4583614.61359085, 428674.34702762996 4583616.764667226, 428675.80599465047 4583617.205518551)"
way,1323286487,"LINESTRING (428675.80599465047 4583617.205518551, 428677.2152442531 4583617.691271667, 428679.08577497985 4583618.327923363)"
way,1323286488,"LINESTRING (428680.27714083466 4583618.7603081865, 428675.75932549516 4583623.50135536, 428669.72481605806 4583629.578597098)"
way,1323286490,"LINESTRING (428718.6825347675 4583645.084778104, 428714.23998784844 4583643.884978338, 428707.6241330877 4583641.862752375)"
way,1323286491,"LINESTRING (428730.4688205373 4583648.366274488, 428724.5668828799 4583646.681198663, 428718.6825347675 4583645.084778104)"
way,1323286492,"LINESTRING (428741.4491645116 4583634.312903131, 428754.1095103257 4583634.665759826, 428766.7710556841 4583635.1407593265)"
way,1323286493,"LINESTRING (428766.7710556841 4583635.1407593265, 428769.6562487092 4583635.245614308)"
way,1323286495,"LINESTRING (428707.6241330877 4583641.862752375, 428674.1951906404 4583631.055669762, 428669.72481605806 4583629.578597098, 428660.95675859577 4583626.334081759, 428647.5389208298 4583619.526929043, 428637.86556516006 4583613.493415645, 428619.6141111568 4583600.594011644, 428617.6085532634 4583598.981645661)"
way,1323286496,"LINESTRING (428617.6085532634 4583598.981645661, 428614.70959474694 4583596.634188722, 428610.52041471185 4583593.155847262)"
way,1323292277,"LINESTRING (431646.9557682667 4584443.127776073, 431643.494973354 4584449.300340543, 431635.8396332164 4584457.4111063415, 431614.85238523426 4584478.83801601, 431582.2029358106 4584512.455124271, 431579.0343383451 4584515.92696182, 431574.22144958784 4584517.882145228, 431571.4644629477 4584520.6839232305)"
way,1323292278,"LINESTRING (431653.5697522065 4584436.2703753915, 431651.3101024348 4584438.634414153, 431646.9557682667 4584443.127776073)"
way,1323292279,"LINESTRING (431653.5697522065 4584436.2703753915, 431640.9841367468 4584424.176042153, 431580.90802516526 4584364.821337167, 431558.5334058489 4584342.072077881, 431540.1283608533 4584325.425237766, 431480.8152566366 4584267.37426149, 431473.7961077849 4584258.8026569225)"
way,1323292280,"LINESTRING (431663.9134182238 4584446.409580449, 431657.49974190164 4584439.952737209, 431653.5697522065 4584436.2703753915)"
way,1323292281,"LINESTRING (431559.558308792 4584170.1788283745, 431564.73865037836 4584175.237182034, 431569.35907347547 4584177.658348177, 431609.50387435395 4584215.261949388, 431632.06452808296 4584236.444105252, 431647.4356608547 4584251.365565809, 431665.4904988479 4584270.769492238, 431727.411245044 4584331.606383736, 431733.0415640188 4584337.426708644, 431736.1229149171 4584342.416150477, 431740.32424691034 4584346.506804529)"
way,1323292282,"LINESTRING (431740.32424691034 4584346.506804529, 431744.65115667693 4584350.618482763, 431752.89310726814 4584358.601466189)"
way,1323292283,"LINESTRING (431740.32424691034 4584346.506804529, 431732.7609921555 4584357.314590583, 431727.86098905164 4584362.457012853, 431665.08698173775 4584427.2793580415, 431660.714239163 4584431.595239083, 431655.58995262685 4584434.219478255, 431653.5697522065 4584436.2703753915)"
way,1323292284,"LINESTRING (431751.46744856687 4584335.054621205, 431745.3831807087 4584341.373995776, 431740.32424691034 4584346.506804529)"
way,1323292285,"LINESTRING (431787.62488578504 4584300.972256071, 431786.0604448102 4584302.608014196, 431762.6564912811 4584326.688620817, 431756.44630989974 4584332.953658075, 431751.46744856687 4584335.054621205)"
way,1323292286,"LINESTRING (431799.31193146715 4584288.671208729, 431793.9647753143 4584294.273013357, 431787.62488578504 4584300.972256071)"
way,1323292287,"LINESTRING (431829.04489598214 4584255.815384096, 431825.65917784127 4584261.110021296, 431820.50118992827 4584266.388040905, 431800.677557488 4584287.226075127, 431799.31193146715 4584288.671208729)"
way,1323292288,"LINESTRING (431843.6812115234 4584240.677619126, 431837.4484234804 4584247.2203673525, 431829.04489598214 4584255.815384096)"
way,1323294568,"LINESTRING (432432.8173823496 4584799.258015754, 432433.52947534085 4584797.641455434, 432433.86098110816 4584794.651693781, 432434.76149994065 4584790.83501003, 432437.5597682436 4584785.268568878, 432446.7681613904 4584776.033879692, 432464.46338535025 4584758.15972127, 432488.6670842 4584732.808202872, 432492.21384217567 4584728.622660486, 432498.648541088 4584726.686274331)"
way,1323294569,"LINESTRING (432498.648541088 4584726.686274331, 432508.3764852907 4584716.680726389, 432515.999379096 4584708.604505712)"
way,1323294570,"LINESTRING (432515.999379096 4584708.604505712, 432518.3921150812 4584706.150676581, 432519.7243735254 4584701.11977002, 432523.6746162558 4584697.174745471, 432581.43752661423 4584635.837375172, 432584.94704270817 4584632.129650175, 432593.6809755674 4584629.35032935)"
way,1323294571,"LINESTRING (432593.6809755674 4584629.35032935, 432602.2666473243 4584620.521349403, 432610.3981331305 4584612.285058897)"
way,1323294572,"LINESTRING (432687.2529143528 4584531.085539202, 432693.26910328376 4584525.4670800315, 432695.49882585614 4584523.447839014)"
way,1324448977,"LINESTRING (426691.5323171662 4583632.30233466, 426687.90099235525 4583636.125229097, 426681.8268790629 4583644.7360565355, 426666.24187778926 4583661.870397876, 426654.63834092533 4583674.2567627365, 426646.94968977314 4583681.929114208, 426635.5467946403 4583692.659127574, 426625.5139841662 4583701.6432042625, 426604.1491899526 4583719.269272303, 426597.0996513461 4583724.0040011965, 426584.5783507178 4583729.127301109)"
way,1324448978,"LINESTRING (426704.8819439558 4583621.441680278, 426700.1493632138 4583627.141023166, 426696.5886127541 4583631.329598584, 426691.5323171662 4583632.30233466)"
way,1324448979,"LINESTRING (426794.78965032916 4583501.1414405955, 426793.229277044 4583503.089139786, 426785.9116400019 4583511.934503867, 426783.8564623361 4583517.862089572, 426763.61569140956 4583543.392752134, 426709.4296645411 4583614.82266044, 426706.8103379344 4583618.690817818, 426704.8819439558 4583621.441680278)"
way,1324448980,"LINESTRING (426807.2419229725 4583485.826643007, 426801.5699039 4583492.889977939, 426795.91326786525 4583499.819925895, 426794.78965032916 4583501.1414405955)"
way,1324448982,"LINESTRING (426960.12497869716 4583330.11773641, 426954.5265004451 4583335.381513822, 426949.6948598335 4583340.415500579)"
way,1324448984,"LINESTRING (426949.6948598335 4583340.415500579, 426926.6855273045 4583362.609388603, 426912.3789964904 4583375.655459051, 426906.3890411202 4583381.056462652, 426900.3557959076 4583385.4808430355)"
way,1324448986,"LINESTRING (427101.74903967883 4583290.296603487, 427095.1853771636 4583290.218334601, 427051.3576185966 4583294.090489504, 427030.50335985754 4583297.886847651, 427008.05098945455 4583304.042108058, 426996.1356756396 4583308.836574933, 426975.9045927461 4583318.8778058365, 426963.23790582933 4583327.088528971, 426960.12497869716 4583330.11773641)"
way,1324448987,"LINESTRING (427112.3985992425 4583290.145005036, 427108.03560921765 4583290.255534104, 427101.74903967883 4583290.296603487)"
way,1324448988,"LINESTRING (427139.2038387207 4583289.508883952, 427127.5434489411 4583289.737231945, 427120.5648279708 4583289.962896568, 427117.4056062274 4583290.061306561)"
way,1324448989,"LINESTRING (427117.4056062274 4583290.061306561, 427112.3985992425 4583290.145005036)"
way,1324448990,"LINESTRING (427266.96958382585 4583286.4703585105, 427254.3870795574 4583286.452393761, 427149.781688964 4583287.215181937, 427144.4498879332 4583287.424258365, 427139.2038387207 4583289.508883952)"
way,1324448991,"LINESTRING (427284.8770918811 4583286.434878474, 427280.9817857403 4583286.496195598, 427266.96958382585 4583286.4703585105)"
way,1324448992,"LINESTRING (427426.26714033197 4583287.259464178, 427421.4184374515 4583285.620398311, 427399.115950115 4583285.910553995, 427304.5622761565 4583286.092920909, 427284.8770918811 4583286.434878474)"
way,1324448993,"LINESTRING (427447.07605237246 4583287.261929235, 427437.8457171388 4583287.210064916, 427429.10112255113 4583287.242168988, 427426.26714033197 4583287.259464178)"
way,1324448994,"LINESTRING (427503.61824771843 4583287.384100502, 427500.04123241967 4583284.999455275, 427488.3023783719 4583284.906020861, 427452.2674512975 4583285.555577915, 427447.07605237246 4583287.261929235)"
way,1324448995,"LINESTRING (427524.72642978595 4583287.217247989, 427520.72200708184 4583287.235116155, 427507.98257351504 4583287.407032386, 427503.61824771843 4583287.384100502)"
way,1324448996,"LINESTRING (427709.8917713777 4583283.934344381, 427705.83209397714 4583283.441924372, 427533.57944678294 4583284.652692391, 427528.7086339527 4583284.97900601, 427526.9934643356 4583285.684554791, 427524.72642978595 4583287.217247989)"
way,1324448997,"LINESTRING (427721.5157718239 4583288.43716913, 427715.97968039685 4583288.281464886, 427710.6272759233 4583288.101725417)"
way,1324448998,"LINESTRING (427881.7880060603 4583283.042202082, 427875.951748689 4583282.967085459, 427741.1386998318 4583283.533692932, 427733.3319228854 4583283.711514597, 427728.929517311 4583284.89905226, 427725.2494645099 4583286.423576407, 427721.5157718239 4583288.43716913)"
way,1324448999,"LINESTRING (427898.5175749911 4583283.0976898605, 427893.0164718575 4583283.096943703, 427881.7880060603 4583283.042202082)"
way,1324449000,"LINESTRING (427898.5175749911 4583283.0976898605, 427898.5695085514 4583276.55751833, 427898.67144858424 4583269.161919679)"
way,1324449001,"LINESTRING (427994.1106538136 4583282.368696226, 427990.56523294473 4583282.304020217, 427901.6944057172 4583283.088269336, 427898.5175749911 4583283.0976898605)"
way,1324449002,"LINESTRING (428014.2592523196 4583282.390458829, 428003.39069052483 4583282.376363342, 427994.1106538136 4583282.368696226)"
way,1324449003,"LINESTRING (427994.1106538136 4583282.368696226, 427993.973495657 4583276.141290675, 427993.86676597403 4583268.769976199)"
way,1324449005,"LINESTRING (428364.4986216385 4583390.635711651, 428360.5722963724 4583387.554617179, 428303.08637160703 4583352.804966395, 428299.90254657454 4583351.259865567)"
way,1324449006,"LINESTRING (428299.90254657454 4583351.259865567, 428295.6013119021 4583349.15957818, 428288.7198817611 4583345.68586791)"
way,1324449007,"LINESTRING (428299.90254657454 4583351.259865567, 428305.14492864656 4583346.244940179, 428310.40447644127 4583341.274260729)"
way,1324476508,"LINESTRING (431180.76348554995 4584362.018805894, 431195.883638351 4584375.964657115, 431252.02143365494 4584429.569029301, 431262.37902153534 4584445.514349769)"
way,1324476509,"LINESTRING (431262.37902153534 4584445.514349769, 431255.4325163894 4584456.927456573, 431251.86465119605 4584460.5919801975, 431194.3365153209 4584520.128148447, 431189.8743827125 4584524.678331965, 431181.50420908077 4584528.754934466)"
way,1324476510,"LINESTRING (431274.85581239266 4584432.871844138, 431268.5858393171 4584438.949130439, 431262.37902153534 4584445.514349769)"
way,1324476511,"LINESTRING (431262.37902153534 4584445.514349769, 431267.0113646379 4584450.078066156, 431274.8481288909 4584457.59804139)"
way,1324476512,"LINESTRING (431354.02585072047 4584352.979389207, 431352.30386917223 4584354.738868963, 431350.2633304472 4584360.809287485, 431346.0154713503 4584365.0575598115, 431305.844604934 4584405.819789278, 431287.90995995345 4584423.810112966, 431282.86559012905 4584428.676642749, 431274.85581239266 4584432.871844138)"
way,1324476513,"LINESTRING (431367.3711046884 4584339.329558151, 431361.7418188423 4584345.112011, 431354.02585072047 4584352.979389207)"
way,1324476514,"LINESTRING (431360.37971652637 4584332.811830744, 431373.7706648821 4584332.795915599)"
way,1324476515,"LINESTRING (431447.6438699487 4584257.384800362, 431445.54908211005 4584259.5030786395, 431443.7107179758 4584265.749199309, 431440.44061781454 4584269.099924732, 431438.0145521052 4584271.543325805, 431382.37257213367 4584328.439775558, 431377.7574387317 4584332.747023557, 431373.7706648821 4584332.795915599, 431367.3711046884 4584339.329558151)"
way,1324476516,"LINESTRING (431458.9947725326 4584245.830269154, 431456.62604484917 4584248.150989159, 431447.6438699487 4584257.384800362)"
way,1324476517,"LINESTRING (431542.2727125701 4584164.113535024, 431533.8060255709 4584173.075890608, 431475.70552491833 4584232.681726735, 431474.10770431114 4584234.317869189, 431465.6198589077 4584239.261268667, 431458.9947725326 4584245.830269154)"
way,1324476518,"LINESTRING (431560.81457152776 4584144.785792139, 431552.0660656567 4584154.006155046, 431547.60369018686 4584158.578313789, 431542.2727125701 4584164.113535024)"
way,1324476519,"LINESTRING (431466.1244132109 4584078.853281727, 431474.4185997511 4584086.990903811, 431482.53209113335 4584094.586204331, 431529.54813090345 4584140.928932326, 431533.4599440869 4584144.4337558625, 431543.8567509636 4584154.827660824)"
way,1324476520,"LINESTRING (431543.8567509636 4584154.827660824, 431547.60369018686 4584158.578313789, 431550.25227424304 4584161.095830915, 431559.558308792 4584170.1788283745)"
way,1324476521,"LINESTRING (431724.05217550625 4583972.72685702, 431723.8784157841 4583978.235514811, 431721.66070321517 4583980.6324394625, 431660.9090730085 4584043.092936085, 431656.8846384167 4584047.139055628, 431651.89232134994 4584048.718374993, 431647.2136476443 4584053.414642143)"
way,1324476522,"LINESTRING (431647.2136476443 4584053.414642143, 431642.8837332907 4584057.863356819, 431634.1314525554 4584066.706152991)"
way,1324481146,"LINESTRING (431721.9753033937 4584503.274700281, 431718.3216147556 4584499.634110002, 431674.84193614946 4584457.409304141, 431663.9134182238 4584446.409580449)"
way,1324481147,"LINESTRING (431727.37574768666 4584508.664175672, 431724.5741831384 4584505.859364536, 431721.9753033937 4584503.274700281)"
way,1324481148,"LINESTRING (431977.9279760015 4584754.876593063, 431975.16953919095 4584752.193414276, 431905.651954828 4584684.653191395, 431900.24989338685 4584679.063750785)"
way,1324481149,"LINESTRING (431900.24989338685 4584679.063750785, 431899.1357981237 4584677.919533116, 431896.06472095166 4584674.884032883)"
way,1324489089,"LINESTRING (430694.590317212 4583328.036356761, 430700.0272247236 4583328.328518806, 430706.59096492996 4583334.549946168, 430774.3535799644 4583401.385226845, 430782.17261991225 4583409.50441724)"
way,1324489090,"LINESTRING (430782.17261991225 4583409.50441724, 430785.82700388157 4583413.111235722, 430789.55693625 4583416.750642634)"
way,1324489093,"LINESTRING (430789.55693625 4583416.750642634, 430799.87042811105 4583426.078432878, 430818.04338057875 4583443.3918444775)"
way,1324489094,"LINESTRING (430818.04338057875 4583443.3918444775, 430829.5522256747 4583455.339639666, 430834.6535794236 4583459.898612264)"
way,1324489095,"LINESTRING (430652.0217088354 4583417.233632298, 430665.30472469033 4583421.480986177, 430737.70266029553 4583445.059116498, 430750.2246664485 4583449.2916967, 430762.42560913606 4583453.172075544, 430854.23292496963 4583482.683503425, 430859.3980011509 4583484.288517976)"
way,1324489096,"LINESTRING (430859.3980011509 4583484.288517976, 430869.00437847164 4583486.994734624, 430877.807415773 4583489.6198085435)"
way,1324489097,"LINESTRING (430834.6535794236 4583459.898612264, 430843.24737061176 4583468.621125574, 430848.95937028265 4583474.095815742, 430852.98488699045 4583478.054415388, 430859.3980011509 4583484.288517976)"
way,1324489098,"LINESTRING (430859.3980011509 4583484.288517976, 430869.62825833727 4583494.549841199, 430871.3005504018 4583496.332544457, 430876.0641023291 4583501.416605328, 430880.3601564694 4583505.6946209455, 430884.4470137992 4583509.952429839, 430889.03700693086 4583514.371982545)"
way,1324489099,"LINESTRING (430889.03700693086 4583514.371982545, 430893.1710430114 4583518.31846529, 430959.2779850146 4583584.593871088, 430968.8228307076 4583594.018045719)"
way,1324489100,"LINESTRING (430968.8228307076 4583594.018045719, 430973.73449205 4583598.867596384, 430977.00840022 4583602.045122632, 430985.5032375138 4583610.069261063)"
way,1324489101,"LINESTRING (431043.61150608776 4583526.566109008, 431040.1433861053 4583528.453313879, 431037.02073556546 4583531.503032563, 431034.46133014694 4583534.003347704, 431033.250724998 4583535.047444362, 431029.3959573702 4583539.347661079, 431025.29318577517 4583541.3075350765, 431022.9760922827 4583544.671570959, 431020.23658727657 4583550.204692331, 431017.9310354536 4583553.024579056, 430996.4046072139 4583574.991306983, 430992.7721937062 4583578.934133526, 430987.03042990144 4583585.228668522)"
way,1324489102,"LINESTRING (430987.03042990144 4583585.228668522, 430977.5432725821 4583595.011901733, 430973.73449205 4583598.867596384, 430967.275361338 4583605.324426213)"
way,1324489103,"LINESTRING (430985.5032375138 4583610.069261063, 430993.98959118966 4583618.082387117, 431032.10932236287 4583655.713286785, 431055.1230730155 4583678.46599418, 431062.53276699537 4583685.8010704685)"
way,1324489104,"LINESTRING (431062.53276699537 4583685.8010704685, 431072.4473603212 4583695.45501782, 431074.8184237456 4583697.764053392)"
way,1324489105,"LINESTRING (431078.01775216527 4583701.020053882, 431089.5333956053 4583712.013336627, 431112.7869951327 4583733.653651248, 431164.58465136256 4583784.767246352, 431173.8122813988 4583794.294624002)"
way,1324489106,"LINESTRING (431173.8122813988 4583794.294624002, 431176.8166314177 4583797.274948085, 431179.1541930927 4583799.584335161, 431188.67943318986 4583808.764713443)"
way,1324489107,"LINESTRING (431259.3245452476 4583694.089425756, 431259.4888783708 4583710.520116425, 431256.2389041649 4583714.248225072, 431197.6180111433 4583775.559898358, 431188.1239509118 4583785.4983638255)"
way,1324489108,"LINESTRING (431188.1239509118 4583785.4983638255, 431181.22758821095 4583792.569817449, 431176.8166314177 4583797.274948085, 431173.9683034338 4583800.155459864)"
way,1324489109,"LINESTRING (431188.67943318986 4583808.764713443, 431195.37827836804 4583815.21844641, 431254.2558038838 4583872.549621076, 431262.60093148187 4583880.719833144)"
way,1324489110,"LINESTRING (431262.60093148187 4583880.719833144, 431272.6841706143 4583890.583399713, 431281.5182781362 4583899.193106738)"
way,1324489111,"LINESTRING (431371.86492100096 4583987.103715946, 431380.7319127277 4583995.679919913, 431438.21789248515 4584052.026472555, 431442.44453038694 4584056.105616655)"
way,1324489112,"LINESTRING (431354.5778831141 4583970.369011498, 431363.25182488293 4583978.858201945, 431371.86492100096 4583987.103715946)"
way,1324490726,"LINESTRING (431274.8481288909 4584457.59804139, 431281.21939358435 4584461.312542956, 431286.79245658766 4584466.35586923, 431316.89033354184 4584496.0702557, 431348.65748522745 4584527.312234324, 431355.04334636044 4584533.458192206)"
way,1324490727,"LINESTRING (431355.04334636044 4584533.458192206, 431364.800269046 4584540.749100158, 431382.62941109354 4584553.970164991)"
way,1324490729,"LINESTRING (431382.62941109354 4584553.970164991, 431391.8338693968 4584562.065752463, 431394.1268069096 4584564.109158642)"
way,1324490730,"LINESTRING (431394.1268069096 4584564.109158642, 431398.4684034099 4584567.998436054, 431402.8167752584 4584571.721108552)"
way,1324490731,"LINESTRING (431461.64574801957 4584637.092816675, 431458.9148705017 4584639.994318727, 431445.10581679165 4584654.936322467, 431439.0447434342 4584661.0003832355, 431428.9728681568 4584670.733082642, 431389.4690772899 4584711.18879799, 431386.0732109826 4584714.47412992, 431378.3696292404 4584719.199260573, 431373.5355143324 4584724.185871282)"
way,1324490732,"LINESTRING (431479.5655026107 4584618.425780246, 431471.1208357344 4584626.999419481, 431461.64574801957 4584637.092816675)"
way,1324754725,"LINESTRING (429726.46335144644 4582390.409757348, 429734.5522020962 4582382.148459133, 429738.3523141283 4582378.258895482)"
way,1324754726,"LINESTRING (429747.3604899444 4582369.089361247, 429738.3523141283 4582378.258895482)"
way,1324826571,"LINESTRING (429642.5946913268 4582475.9944777675, 429646.1545165606 4582472.340357729, 429654.87189109105 4582463.384481341)"
way,1324863234,"LINESTRING (430583.8483699637 4583217.812731174, 430595.3925192045 4583229.004831678, 430602.81772586476 4583236.117246242)"
way,1324863235,"LINESTRING (430512.85861739714 4583146.979789309, 430516.49718655786 4583150.653245288, 430574.99620924005 4583209.2373299785, 430583.8483699637 4583217.812731174)"
way,1324863236,"LINESTRING (430485.2341337955 4583120.664563713, 430486.63472843287 4583121.994570409, 430487.5949737416 4583122.740350625, 430498.45733432466 4583132.55098422, 430510.418827859 4583144.516150849, 430512.85861739714 4583146.979789309)"
way,1324863237,"LINESTRING (430411.185131637 4583048.363059715, 430420.2274610128 4583057.547099066, 430438.13941941224 4583075.350621881, 430480.1714568107 4583115.827886189, 430485.2341337955 4583120.664563713)"
way,1324863238,"LINESTRING (430398.2369049572 4583035.5415085, 430403.5475654061 4583040.941995033, 430411.185131637 4583048.363059715)"
way,1324863239,"LINESTRING (430314.59839860833 4582953.873457295, 430325.3419349219 4582964.31784732, 430384.7387389806 4583022.047989176, 430390.3087851718 4583027.4681790145, 430398.2369049572 4583035.5415085)"
way,1324863240,"LINESTRING (430300.6153747275 4582940.418063192, 430304.9986880509 4582945.005789722, 430307.43327291764 4582946.91426678, 430314.59839860833 4582953.873457295)"
way,1324863241,"LINESTRING (430224.5827001797 4582862.197447812, 430232.6527870939 4582869.347694399, 430288.26792418037 4582927.513200816, 430290.0414482959 4582929.361417301, 430300.6153747275 4582940.418063192)"
way,1324863242,"LINESTRING (430204.95645155193 4582843.60044319, 430208.3490377099 4582846.876415531, 430212.4772809677 4582851.011327052, 430215.44587253564 4582853.669625768, 430220.1216762061 4582858.232278907, 430224.5827001797 4582862.197447812)"
way,1324863243,"LINESTRING (430106.11879963195 4582746.01530792, 430111.53814049787 4582751.37012711, 430160.5730332461 4582800.638142138, 430194.2551131433 4582833.2335395245, 430204.95645155193 4582843.60044319)"
way,1324863244,"LINESTRING (430104.12664350827 4582744.047112814, 430106.11879963195 4582746.01530792)"
way,1324863245,"LINESTRING (430103.00414597127 4582742.9587578615, 430104.12664350827 4582744.047112814)"
way,1324877317,"LINESTRING (429270.6996626187 4581129.66924246, 429275.01574627875 4581134.046072531, 429279.6514206962 4581138.60853561)"
way,1324877318,"LINESTRING (429185.75540115254 4581046.272186623, 429192.1384028973 4581052.482956957, 429262.5900398503 4581121.332399374, 429270.6996626187 4581129.66924246)"
way,1324877320,"LINESTRING (429171.1669904462 4581032.214140909, 429178.1305713264 4581039.640543824, 429178.5862455478 4581040.058001011, 429185.75540115254 4581046.272186623)"
way,1324877321,"LINESTRING (429167.40007011686 4581028.420456847, 429171.1669904462 4581032.214140909)"
way,1324882850,"LINESTRING (429461.3464884693 4581316.216051743, 429466.52043125784 4581321.1175806895, 429471.5614436944 4581326.1092300555)"
way,1324882851,"LINESTRING (429279.6514206962 4581138.60853561, 429285.90569076536 4581144.498658122, 429362.63139584154 4581219.749708799, 429367.4875068781 4581224.632061474, 429370.1577678587 4581227.470582537, 429382.6993377808 4581239.239559197, 429454.7627251651 4581309.951491939, 429461.3464884693 4581316.216051743)"
way,1324886475,"LINESTRING (429556.53185794764 4581409.431551738, 429560.2489641499 4581413.303635816, 429566.66914027464 4581419.103557036)"
way,1324886476,"LINESTRING (429471.5614436944 4581326.1092300555, 429475.903888022 4581330.641359717, 429550.0658635811 4581403.2212777715, 429556.53185794764 4581409.431551738)"
way,1325268429,"LINESTRING (429747.1409946026 4581596.196955593, 429753.1870720253 4581602.256030138, 429759.49202009256 4581608.27929154)"
way,1325268430,"LINESTRING (429664.80647160194 4581515.189595671, 429672.26851576386 4581522.378458614, 429739.93464438285 4581588.628040691, 429747.1409946026 4581596.196955593)"
way,1325268431,"LINESTRING (429652.2533766049 4581502.998348673, 429657.72477638035 4581508.418957716, 429664.80647160194 4581515.189595671)"
way,1325268432,"LINESTRING (429566.66914027464 4581419.103557036, 429574.4473411983 4581426.966525809, 429643.80124404136 4581494.608903802, 429652.2533766049 4581502.998348673)"
way,1325268433,"LINESTRING (429656.7668704919 4581498.468966954, 429660.68545166467 4581494.678153373, 429724.9904600603 4581429.013550931, 429728.0127349939 4581425.9198467, 429728.14954231353 4581402.946655563)"
way,1325279770,"LINESTRING (429938.0278523957 4581783.297611469, 429942.5866958124 4581787.783507534, 429948.4700469904 4581793.477917956, 429949.8037797604 4581794.775163643)"
way,1325279772,"LINESTRING (429855.82298887055 4581702.286897925, 429862.645003767 4581709.04913395, 429930.8000226463 4581776.061807215, 429938.0278523957 4581783.297611469)"
way,1325279773,"LINESTRING (429842.286458735 4581689.505296884, 429848.4342199075 4581695.718904142, 429855.82298887055 4581702.286897925)"
way,1325279776,"LINESTRING (429759.49202009256 4581608.27929154, 429766.289558785 4581615.086088599, 429835.48916805466 4581682.709531346, 429842.286458735 4581689.505296884)"
way,1325281321,"LINESTRING (433552.3569902196 4585936.238703477, 433540.9871942018 4585924.86278392, 433533.691429068 4585917.579715211)"
way,1325281322,"LINESTRING (433556.43989717856 4585940.386982096, 433553.8755081161 4585937.790259578, 433552.3569902196 4585936.238703477)"
way,1325281323,"LINESTRING (433557.3598118271 4585941.366687865, 433556.43989717856 4585940.386982096)"
way,1325281324,"LINESTRING (433574.1144023456 4585957.611756057, 433568.48844456114 4585951.967647786, 433557.3598118271 4585941.366687865)"
way,1325292396,"LINESTRING (430119.77695594664 4581960.321022685, 430125.3504583392 4581965.99635481, 430130.85031948297 4581970.972919851)"
way,1325292398,"LINESTRING (430045.4164518642 4581887.648556631, 430049.73601619934 4581891.614992773, 430113.31086082594 4581953.999234476, 430119.77695594664 4581960.321022685)"
way,1325292400,"LINESTRING (430033.163171276 4581876.064434831, 430039.670781896 4581882.341341432, 430045.4164518642 4581887.648556631)"
way,1325292403,"LINESTRING (429949.8037797604 4581794.775163643, 429957.87069481297 4581802.313755682, 430030.4267318179 4581873.248522453, 430033.163171276 4581876.064434831)"
way,1325395427,"LINESTRING (430222.23650917626 4582061.324564643, 430230.83578162297 4582069.502290703, 430237.02362573385 4582075.6048021475)"
way,1325395428,"LINESTRING (430130.85031948297 4581970.972919851, 430136.6894293621 4581976.445847252, 430214.72808896983 4582053.547147733, 430222.23650917626 4582061.324564643)"
way,1325467360,"LINESTRING (430237.02362573385 4582075.6048021475, 430248.19611731754 4582086.167095387, 430347.8403861226 4582183.457791581, 430360.0380713212 4582195.453769428)"
way,1325476505,"LINESTRING (430381.42712263117 4582214.6338199545, 430390.8613163473 4582223.592010914, 430453.303502697 4582283.569596513, 430460.603210278 4582290.560951986, 430462.49436375755 4582291.586469504, 430464.9643655607 4582291.940259149, 430467.8104877902 4582292.279336811, 430470.2325061344 4582291.989622126, 430471.8012101121 4582291.652583336, 430472.5359845215 4582291.545605678)"
way,1325476506,"LINESTRING (430360.0380713212 4582195.453769428, 430365.1819665802 4582199.96760771, 430375.0392877237 4582208.577522614, 430381.42712263117 4582214.6338199545)"
way,1325487298,"LINESTRING (430607.30527262867 4582437.388688007, 430608.7994260285 4582438.873263262, 430611.1655499412 4582441.481979465, 430615.01027173456 4582445.697553485)"
way,1325487299,"LINESTRING (430494.8791608012 4582312.626518505, 430494.2697985 4582314.475441755, 430493.8805268361 4582315.7338011805, 430493.6602775968 4582317.179287812, 430494.4289751114 4582321.479827439, 430494.91788320336 4582322.763070023)"
way,1325487300,"LINESTRING (430494.91788320336 4582322.763070023, 430496.330821708 4582326.235816306, 430496.56747488066 4582328.243165888, 430496.90008774574 4582329.794377052)"
way,1325487301,"LINESTRING (430496.90008774574 4582329.794377052, 430499.9890228594 4582332.784724144, 430504.0311115831 4582336.643055847, 430556.1061750702 4582386.439697363, 430583.6354250517 4582414.776853063, 430598.47559558664 4582428.635387284, 430599.63256954367 4582429.834516308, 430607.30527262867 4582437.388688007)"
way,1325518700,"LINESTRING (429068.0781058414 4580969.869216319, 429075.39495926275 4580962.103302809, 429083.3394256757 4580954.3756676335, 429084.5968970194 4580952.975501601, 429086.80678567884 4580950.622270812, 429087.4605541665 4580949.916391712)"
way,1325518701,"LINESTRING (428981.4700602537 4581057.641973828, 428986.9140928199 4581051.648576579, 428988.1303708043 4581050.315413838, 428990.1095411643 4581048.31970532, 429050.694077522 4580987.21555687, 429053.36896386533 4580984.5246763155, 429054.61936607095 4580983.257808744, 429060.8208848349 4580976.890659831, 429062.4368334966 4580975.375951992, 429063.30638324376 4580974.501415114, 429065.5416707679 4580972.181237562)"
way,1332438918,"LINESTRING (431159.00094629807 4583014.403280168, 431166.08490031504 4583023.473609723)"
way,1332446581,"LINESTRING (430981.304472897 4582803.618824621, 430982.44291171303 4582804.640543569, 430981.7226786269 4582805.391298215, 430975.2737102201 4582812.114469136, 430969.87610403897 4582817.739545571, 430964.58602218365 4582823.24146993, 430961.2001200581 4582826.771144224)"
way,1332446582,"LINESTRING (430961.2001200581 4582826.771144224, 430958.228093128 4582829.863863421, 430957.68173146696 4582830.43531743)"
way,1333316350,"LINESTRING (429478.9125886597 4581681.89650809, 429492.3054853941 4581668.675861136, 429518.7097652083 4581641.6832117755, 429521.59818843286 4581638.601821356)"
way,1335770409,"LINESTRING (428592.4995712121 4580509.5605245475, 428589.52385792823 4580517.372976119, 428570.8399752439 4580573.404686977, 428569.2395832539 4580578.19470811, 428570.50931751385 4580583.134092337)"
way,1340137391,"LINESTRING (432029.15977180057 4583968.102037369, 432027.8760920468 4583907.048407924, 432026.4717570144 4583879.448802674)"
way,1340137394,"LINESTRING (432025.29445437354 4583856.443647103, 432024.85192160064 4583849.375286279, 432024.01448444533 4583835.859877332, 432023.9538919567 4583826.733904172, 432023.64257370576 4583781.104118761, 432023.3403488876 4583735.551971178)"
way,1340228731,"LINESTRING (431173.9683034338 4583800.155459864, 431162.48422795313 4583811.800513298, 431104.6999874705 4583871.261950587, 431096.6934722058 4583876.734134375, 431088.578374909 4583884.849846359)"
way,1340228732,"LINESTRING (431090.83912436385 4583886.993393059, 431088.578374909 4583884.849846359)"
way,1340228733,"LINESTRING (430996.92081371974 4583983.572451456, 430990.2383385777 4583977.08543517, 430986.2299904219 4583973.137702995, 430983.94458267826 4583971.038835142)"
way,1340228735,"LINESTRING (430967.275361338 4583605.324426213, 430963.2590965362 4583609.337544918, 430960.6655671558 4583611.760492751, 430926.2123623951 4583645.697467579, 430902.17786316376 4583670.219872428, 430901.4906334511 4583670.914808805, 430886.88732770836 4583685.932034877)"
way,1340228736,"LINESTRING (430792.1332053304 4583782.532800399, 430784.29901576677 4583774.535880018, 430776.9187620288 4583767.678225961)"
way,1340237142,"LINESTRING (428301.3567667303 4581370.92357958, 428306.28959683684 4581365.745222031)"
way,1340240901,"LINESTRING (429129.40637630515 4581777.34960218, 429126.2677714245 4581780.478013281, 429123.0876889978 4581783.6401402755)"
way,1340240902,"LINESTRING (429135.94029497996 4581770.834906736, 429131.2282538581 4581775.533111332, 429130.3008096979 4581776.46372395, 429129.40637630515 4581777.34960218)"
way,1340240903,"LINESTRING (429123.0876889978 4581783.6401402755, 429150.70664626383 4581810.9274488175, 429153.004117294 4581813.281006817, 429154.32789419347 4581814.400560038, 429163.51602376776 4581823.637171303, 429173.20036822587 4581833.16872181, 429183.10457269463 4581842.953502876, 429214.21787709754 4581873.615486453, 429230.56383753486 4581889.721572219, 429246.116087886 4581905.047137929, 429253.4701246105 4581912.303246676, 429253.9876147902 4581913.919218316)"
way,1340240904,"LINESTRING (429123.0876889978 4581783.6401402755, 429120.76892137784 4581785.9500219785, 429116.5189383614 4581790.865774966)"
way,1340240905,"LINESTRING (429116.5189383614 4581790.865774966, 429054.92604097776 4581756.016988902, 429050.6080422421 4581754.837948195, 429041.9315387971 4581752.613506025)"
way,1340240906,"LINESTRING (429066.8018132127 4581727.999105119, 429085.6588784603 4581746.001096446, 429088.15869550814 4581749.374122002, 429119.61723854544 4581780.198877736, 429123.0876889978 4581783.6401402755)"
way,1340279216,"LINESTRING (431813.41943252715 4585986.523856009, 431811.9876372118 4585997.762374408, 431810.6961121096 4586007.9225907475, 431811.0878409686 4586023.773833191, 431811.5987156084 4586044.287169292, 431811.76291298587 4586051.0694910865, 431811.91012207535 4586053.388609019, 431812.5696917104 4586063.963453095, 431812.67803533684 4586065.70558675, 431824.5218868217 4586146.6340247765, 431825.4059430028 4586152.654568164, 431826.2634650913 4586158.519921129, 431826.9639860726 4586163.687270937, 431835.28994398663 4586225.163292913, 431835.2798653233 4586229.41579774, 431835.1902010597 4586283.765330004, 431835.14455552364 4586308.192137998, 431835.1211120056 4586320.783046789, 431835.2189761306 4586328.509742909, 431836.5724133072 4586432.253597572, 431838.9505818831 4586464.707180008, 431846.3954846104 4586543.578681391, 431847.55268261663 4586555.5367100425, 431847.67270556884 4586556.745795874, 431847.73319305165 4586557.844413504, 431848.19607177156 4586564.401869047, 431850.31030555937 4586585.699527989, 431850.78410874796 4586588.981524377)"
way,1340279217,"LINESTRING (431868.62426796055 4586826.704345212, 431868.76315368444 4586824.593484788, 431868.32943750906 4586817.5805321075, 431859.56663604017 4586678.588061206, 431858.9697242614 4586677.316849339, 431857.2219156109 4586673.624941649)"
way,1340658956,"LINESTRING (431007.45982595586 4584714.020105565, 431004.09670929186 4584713.707969177)"
way,1340658957,"LINESTRING (430998.36325675936 4584713.76261763, 430993.86825410696 4584718.34655061)"
way,1340658958,"LINESTRING (430993.86825410696 4584718.34655061, 430986.46042422054 4584726.888681961, 430978.87021820067 4584734.710871801)"
way,1340662358,"LINESTRING (431020.3443433542 4582899.675320055, 431018.4987743554 4582891.99861042, 431014.1406155098 4582878.594546864, 431012.8373335757 4582876.064403467)"
way,1341323683,"LINESTRING (429462.5608679144 4581698.687808026, 429462.95831991563 4581698.284234653, 429465.9481129938 4581695.312862914, 429478.9125886597 4581681.89650809)"
way,1341369485,"LINESTRING (429943.1885865899 4581207.374793768, 429949.86214654957 4581200.470915171, 430005.5279947708 4581142.8754196465, 430012.706928365 4581135.467092232, 430016.1013415861 4581128.450608806, 430017.4669131961 4581126.971843562, 430018.4177107358 4581125.8412726605)"
way,1341369486,"LINESTRING (429920.1445756089 4581231.080171137, 429931.9469525182 4581219.252519169, 429934.72658839496 4581216.127943388, 429943.1885865899 4581207.374793768)"
way,1341919110,"LINESTRING (429771.4092212352 4583110.885526356, 429786.62658021064 4583115.3345929105, 429903.7971358912 4583153.226364696, 429906.0617542958 4583153.981650892)"
way,1341919111,"LINESTRING (429906.0617542958 4583153.981650892, 429913.7797839554 4583156.715995444, 429918.476208176 4583158.22495693, 429921.80689845467 4583159.425151622)"
way,1341919114,"LINESTRING (429921.80689845467 4583159.425151622, 429925.137587602 4583160.625347831, 429969.2599504603 4583174.932136996)"
way,1341919115,"LINESTRING (429969.2599504603 4583174.932136996, 429977.00922434835 4583177.444187756, 429982.0236075546 4583178.983424506, 429990.65148746356 4583181.575818963)"
way,1341948869,"LINESTRING (429189.9010887057 4582027.583992245, 429171.5320080384 4582007.223155819, 429157.5085637364 4581991.749565619)"
way,1341948870,"LINESTRING (429245.9508214963 4582084.205299401, 429189.9010887057 4582027.583992245)"
way,1341948871,"LINESTRING (429283.1400214983 4582118.116894771, 429265.47193200345 4582101.84596013, 429245.9508214963 4582084.205299401)"
way,1341948872,"LINESTRING (429343.59232284944 4582177.049778209, 429283.1400214983 4582118.116894771)"
way,1341948873,"LINESTRING (429381.0979988201 4582213.501340124, 429358.98468679853 4582191.500003627, 429343.59232284944 4582177.049778209)"
way,1341948874,"LINESTRING (429441.00393696444 4582270.586149964, 429381.0979988201 4582213.501340124)"
way,1341948875,"LINESTRING (429473.0505509268 4582302.938855404, 429458.27704816806 4582287.594136875, 429441.00393696444 4582270.586149964)"
way,1341948876,"LINESTRING (429534.92611700774 4582364.957138746, 429473.0505509268 4582302.938855404)"
way,1341948877,"LINESTRING (429576.9315379922 4582402.609440296, 429553.10349562165 4582381.279271471, 429534.92611700774 4582364.957138746)"
way,1341948878,"LINESTRING (429633.95424123644 4582460.156836202, 429630.7206012626 4582456.935095637, 429576.9315379922 4582402.609440296)"
way,1341948879,"LINESTRING (429665.231314806 4582490.93012336, 429649.5196452614 4582475.327667033, 429646.1545165606 4582472.340357729, 429633.95424123644 4582460.156836202)"
way,1341953260,"LINESTRING (429729.4241917763 4582553.416042473, 429725.6939977552 4582548.9888613345, 429667.9416224386 4582493.64622618, 429665.231314806 4582490.93012336)"
way,1341953261,"LINESTRING (429757.3975049147 4582584.155146098, 429741.9934114568 4582568.327455272, 429729.4241917763 4582553.416042473)"
way,1341953262,"LINESTRING (429855.9246007672 4582680.894838273, 429849.8499119164 4582675.235670867, 429762.3464677863 4582589.247802605, 429757.3975049147 4582584.155146098)"
way,1341953263,"LINESTRING (429889.89456434257 4582712.797689464, 429878.46546034137 4582702.460489962, 429872.39852232474 4582696.734611811, 429865.8296190066 4582690.114263699, 429855.9246007672 4582680.894838273)"
way,1341953264,"LINESTRING (429996.5174822208 4582817.088570531, 429992.4653000817 4582813.052970098, 429985.4292010624 4582806.514752834, 429932.28774613305 4582754.634026567, 429895.46360784105 4582718.050975771, 429889.89456434257 4582712.797689464)"
way,1341953265,"LINESTRING (430012.6424516638 4582832.354674527, 430005.80649298395 4582825.758989783, 429996.5174822208 4582817.088570531)"
way,1341953266,"LINESTRING (430116.8117846387 4582934.872307273, 430106.9105324899 4582924.242445309, 430072.2209830449 4582890.347034302, 430025.3182080236 4582845.422451417, 430017.99063671863 4582838.132022251, 430012.6424516638 4582832.354674527)"
way,1341953267,"LINESTRING (430134.2591104329 4582952.934947881, 430126.9450428509 4582946.1550150635, 430124.53345939826 4582943.169394744, 430116.8117846387 4582934.872307273)"
way,1341953268,"LINESTRING (430209.69862587354 4583025.986393569, 430202.2539563237 4583018.652500784, 430141.5815242043 4582959.714807357, 430134.2591104329 4582952.934947881)"
way,1341953269,"LINESTRING (430228.81228181365 4583045.232311085, 430220.0779138489 4583036.8005350195, 430217.1349206648 4583033.320374449, 430209.69862587354 4583025.986393569)"
way,1341955654,"LINESTRING (430307.9208181996 4583122.701664567, 430297.8643390082 4583113.261053536, 430237.5465225949 4583053.6529956795, 430228.81228181365 4583045.232311085)"
way,1341955655,"LINESTRING (430324.5469665018 4583138.929569972, 430316.1296338055 4583130.405808699, 430307.9208181996 4583122.701664567)"
way,1341955656,"LINESTRING (430544.0084519763 4583353.483388065, 430539.896385749 4583350.114238976, 430514.0372293212 4583323.84860037)"
way,1341955657,"LINESTRING (430514.0372293212 4583323.84860037, 430506.0685517095 4583316.73038792, 430501.40243065293 4583312.256287531)"
way,1341955658,"LINESTRING (430567.14439187985 4583376.510988844, 430558.964767223 4583368.306659278, 430553.49381958006 4583362.718851688)"
way,1341955659,"LINESTRING (430553.49381958006 4583362.718851688, 430548.31959386135 4583357.561215235, 430544.0084519763 4583353.483388065)"
way,1341955661,"LINESTRING (430582.13277303503 4583391.20076426, 430575.17859006056 4583384.372531883, 430570.44227426127 4583379.543768878, 430567.14439187985 4583376.510988844)"
way,1342225100,"LINESTRING (432562.43232166546 4587145.1959614605, 432565.80375924066 4587140.25705278, 432574.22431827395 4587129.286621762, 432602.9521843366 4587089.925626302, 432610.9262378656 4587079.44792858, 432642.6917032508 4587033.341558889, 432644.5219326402 4587030.6820299635)"
way,1342225101,"LINESTRING (432644.5219326402 4587030.6820299635, 432648.40508918767 4587025.050019336, 432652.19415781536 4587018.286392666)"
way,1342225102,"LINESTRING (432768.8131486308 4586819.215032456, 432769.33777961537 4586818.122074773, 432771.7240846132 4586804.254609765)"
way,1342225103,"LINESTRING (432772.06570589 4586791.560846245, 432777.33526359417 4586786.726538117, 432781.93340587744 4586782.475822107)"
way,1342238646,"LINESTRING (430883.12432479573 4583491.367728037, 430892.6657165392 4583494.274447778, 430897.48868342757 4583495.949371135, 430903.19148339937 4583497.837960389)"
way,1342238647,"LINESTRING (430877.807415773 4583489.6198085435, 430883.12432479573 4583491.367728037)"
way,1342238648,"LINESTRING (431039.8110158824 4583542.712572198, 431043.51865895715 4583544.031817478, 431096.6830059916 4583561.112727839, 431123.75498021115 4583570.181606855, 431127.5310498986 4583571.666786855)"
way,1342238649,"LINESTRING (431024.7575874522 4583537.737510099, 431029.3959573702 4583539.347661079, 431035.860638739 4583541.362331755, 431039.8110158824 4583542.712572198)"
way,1342238650,"LINESTRING (431127.5310498986 4583571.666786855, 431153.5300227889 4583580.43510018, 431173.8095608432 4583587.314859722, 431180.521975645 4583589.016422898)"
way,1342271166,"LINESTRING (430158.8858183169 4584641.805431698, 430161.6574650642 4584657.045215072, 430188.88741004653 4584782.456589279, 430185.7136820688 4584787.916528575)"
way,1342271167,"LINESTRING (430153.4025781514 4584619.286086484, 430156.2601921539 4584631.305189852, 430157.93710530736 4584637.906354807, 430158.8858183169 4584641.805431698)"
way,1342271168,"LINESTRING (430127.754594731 4584496.812960774, 430129.0169804589 4584502.89628227, 430144.3573701605 4584574.994971048, 430153.4025781514 4584619.286086484)"
way,1342271169,"LINESTRING (430125.15727350675 4584484.924591817, 430126.924361454 4584493.068185496, 430127.754594731 4584496.812960774)"
way,1342271170,"LINESTRING (430119.57577589544 4584459.175270517, 430125.15727350675 4584484.924591817)"
way,1342271171,"LINESTRING (430117.1543788855 4584447.329618146, 430118.368346771 4584453.591051836, 430119.57577589544 4584459.175270517)"
way,1342271172,"LINESTRING (430089.83093376126 4584325.461260924, 430113.80457209505 4584430.23014306, 430117.1543788855 4584447.329618146)"
way,1342271173,"LINESTRING (430087.96507410397 4584316.619146347, 430088.8796816722 4584321.306850631, 430089.83093376126 4584325.461260924)"
way,1342271174,"LINESTRING (430028.037033077 4584152.941447064, 430038.16500711715 4584161.237383465, 430045.9743273371 4584167.479489394, 430050.4951129615 4584172.509846755, 430053.4088351019 4584179.054626486, 430055.8456999099 4584186.425630148)"
way,1342271175,"LINESTRING (430055.8456999099 4584186.425630148, 430056.9836530619 4584190.000880524, 430058.3633625156 4584194.3732059775)"
way,1342467903,"LINESTRING (432152.4962671092 4583907.667191463, 432152.05144425423 4583911.046624788, 432148.1449358104 4583915.224592221, 432147.97057916544 4583917.135915682, 432147.8948986109 4583917.980441206, 432148.9351548248 4583920.157954066, 432149.12990173174 4583920.422597487, 432150.2506233543 4583922.266271122)"
way,1353543434,"LINESTRING (425397.9618791957 4581391.926318573, 425394.6725500131 4581416.020456528, 425388.67005160195 4581451.1234335415, 425389.27136277006 4581458.356421282, 425390.2428612811 4581460.933425926)"
way,1354373772,"LINESTRING (432026.0718749458 4583871.580636007, 432025.7232700051 4583864.722347397, 432025.4660474947 4583859.584142695, 432025.29445437354 4583856.443647103)"
way,1354373773,"LINESTRING (432025.29445437354 4583856.443647103, 432028.7738727486 4583857.532372662)"
way,1354895210,"LINESTRING (431183.6656233066 4586638.664403555, 431184.16206115775 4586640.780340408, 431185.4077825366 4586661.930669801, 431190.87167441344 4586668.84023491, 431198.40722974925 4586673.920324736, 431210.0569102402 4586676.662995799, 431248.9785642106 4586676.459555251, 431251.9198171365 4586676.442707498, 431261.6952626585 4586676.294305573, 431272.7156826384 4586676.134089615, 431314.37425932684 4586675.516398605, 431324.75130389887 4586675.36237027, 431331.3435030304 4586675.26648667, 431385.12634438305 4586675.455674708, 431392.83119743067 4586675.4936323725, 431397.8792017838 4586675.578997434, 431404.28831540607 4586675.562636869, 431463.40452846716 4586673.325814569, 431471.92675152764 4586673.200672297, 431484.9106190579 4586673.011078555, 431534.6987188844 4586672.273258405, 431549.2533225012 4586672.057812488, 431622.42740968685 4586670.977231538, 431628.56851698353 4586670.896985316, 431633.748633033 4586670.814722686, 431692.77754195145 4586669.946259541, 431698.3085908353 4586669.860729718, 431806.766435268 4586668.271337296)"
way,1354895211,"LINESTRING (431841.62988629367 4586674.593436494, 431842.3901345917 4586674.575171126, 431844.90353277855 4586670.8320191065, 431846.8821088039 4586669.747500691, 431849.37675243744 4586669.33539858, 431851.7178701414 4586669.479888784, 431853.89752415864 4586670.225457533, 431854.82990308315 4586670.7385115335, 431855.79090392287 4586671.628794826, 431857.2219156109 4586673.624941649)"
way,1358943981,"LINESTRING (431259.0314292845 4580860.967692684, 431257.2774197458 4580862.08350785)"
way,1359283952,"LINESTRING (428800.47138406476 4582580.729089173, 428814.7858206588 4582566.287829001, 428874.94149666064 4582505.563459865, 428889.3141006256 4582491.055166622)"
way,1359283953,"LINESTRING (428639.04285118025 4582746.163664981, 428645.14322659833 4582739.9081263095, 428684.9906400285 4582699.06769082, 428703.8219533909 4582679.774157338, 428721.35381520074 4582661.81471195, 428781.1429574108 4582600.537979328, 428796.91192190885 4582584.372529489, 428800.47138406476 4582580.729089173)"
way,1363041771,"LINESTRING (430638.3191165259 4583412.823777711, 430633.30399188667 4583418.156787389, 430621.60354486655 4583429.882489686, 430618.44028997514 4583433.043809119)"
way,1365764777,"LINESTRING (434650.5857042146 4584218.606591936, 434649.74922944495 4584219.469055417)"
way,1372622225,"LINESTRING (432030.3809755754 4584028.734350627, 432029.15977180057 4583968.102037369)"
way,1373494857,"LINESTRING (426363.0510566388 4581259.900151131, 426360.97171874356 4581263.485341728, 426360.141160175 4581264.87055301, 426358.06485763274 4581269.577116408, 426349.7016064019 4581287.626756945, 426342.41115663294 4581308.374636133, 426336.1122493846 4581332.876361887, 426334.7533705164 4581339.873961533, 426331.22929287434 4581361.749385597, 426330.5053825937 4581366.220150682, 426330.1042049446 4581369.532922999, 426329.42469083506 4581375.080227957, 426328.9674751003 4581377.816214088)"
way,1373494858,"LINESTRING (426380.2315004321 4581237.186518017, 426377.5649142966 4581239.767296406, 426373.78831249743 4581244.213553335, 426370.4423592088 4581248.244626102)"
way,1373494859,"LINESTRING (426367.9704576443 4581251.878214912, 426364.864720353 4581257.328033356, 426363.0510566388 4581259.900151131)"
way,1381416264,"LINESTRING (431892.8310393549 4583817.496030466, 431904.1183693621 4583818.588982303)"
way,1381697072,"LINESTRING (434766.8897053771 4584756.286495666, 434770.36131602986 4584753.823703948, 434772.1303029703 4584752.564252801, 434773.8993905571 4584751.31590397)"
way,1391901667,"LINESTRING (429695.3928422822 4583112.289190287, 429700.1183692706 4583107.313627559)"
way,1392472583,"LINESTRING (425434.77794645715 4581270.391126258, 425430.39852738974 4581277.964042823, 425422.3960091823 4581295.08954407, 425417.960972027 4581306.193805454, 425412.9431685914 4581320.801523105, 425402.0374853404 4581362.161542708)"
way,1392472584,"LINESTRING (425455.4383805839 4581237.491259022, 425450.1630301388 4581245.772868935, 425447.3647583029 4581250.154042726)"
way,1392472585,"LINESTRING (425447.3647583029 4581250.154042726, 425438.5980199138 4581263.723312946)"
way,1392472586,"LINESTRING (425438.5980199138 4581263.723312946, 425436.708487154 4581267.018147753, 425434.77794645715 4581270.391126258)"
way,1395746251,"LINESTRING (428775.67976477864 4580872.422037772, 428767.8291365404 4580865.8485493045)"
way,1396189610,"LINESTRING (425867.7301639868 4583593.0345081175, 425864.7153666203 4583590.078649014, 425855.31375174655 4583587.965394677, 425846.29539585643 4583587.358243585, 425833.25763306854 4583588.557654214, 425821.69535286905 4583590.974413842, 425809.44080740586 4583597.628549497, 425799.417328566 4583604.992647546, 425797.19135263265 4583607.224964893, 425795.3038396486 4583609.853524844, 425779.2562877601 4583638.763803813, 425772.7593861494 4583650.066692641, 425762.75530291273 4583658.496539642, 425746.20131160703 4583668.159382263, 425721.54937429447 4583683.801049758, 425716.83816199336 4583688.246189244, 425710.1984331458 4583698.651255389, 425693.2554580707 4583733.12246023, 425680.15107273625 4583762.013882442)"
way,1408548659,"LINESTRING (428604.7256479451 4581088.4568627, 428599.67595258367 4581094.546596252)"
way,1408620385,"LINESTRING (431145.6962829915 4580524.684227687, 431151.63520636875 4580528.30284973)"
way,1408659414,"LINESTRING (432019.1501184674 4582722.646034218, 432019.07997813675 4582719.626722836, 432018.7088051064 4582704.1306564165)"
way,1408925537,"LINESTRING (430026.65723999427 4583228.925939739, 430025.43204298615 4583230.1813025465, 430024.84366511146 4583230.7199267745, 430019.2672703911 4583236.769376004)"
way,1409405747,"LINESTRING (431591.85911244806 4581442.748330645, 431591.4964296335 4581446.8486953825, 431590.33103751414 4581450.956638016, 431579.8561795334 4581461.914091802, 431547.05086071306 4581493.778132543, 431542.37348834507 4581498.785280903, 431515.6265887669 4581527.516757547, 431507.863978664 4581535.217766514, 431475.0592509789 4581570.6128442045, 431440.3640809507 4581605.026710942, 431433.25230849255 4581611.677980429, 431357.1501768449 4581692.172350703, 431352.5312257756 4581696.257540145, 431336.9312217556 4581712.515562521, 431320.0827358124 4581730.262131109, 431314.4460269106 4581735.478379329, 431264.37996222754 4581786.304511714, 431252.7647156671 4581797.706294164, 431174.04539104435 4581876.02916683, 431168.2590057736 4581882.190698118)"
way,1409575715,"LINESTRING (432523.54348243016 4587229.241127382, 432524.70742906636 4587235.780976355)"
way,1409575717,"LINESTRING (432533.00916764024 4587272.109925117, 432527.07192799076 4587268.012824739, 432514.6893661681 4587252.828555499)"
way,1409575718,"LINESTRING (432515.6827600961 4587244.669763287, 432519.6433428875 4587238.404089769, 432523.54348243016 4587229.241127382)"
way,1409581300,"LINESTRING (432406.1032404687 4585389.890841881, 432407.8830956053 4585388.064452364, 432408.3400350975 4585387.771510461, 432410.3754744312 4585386.464569268, 432414.0793499811 4585385.7193969805, 432418.15964261495 4585385.90335226, 432421.03162962344 4585387.364318604, 432421.69929663686 4585388.157490561, 432423.19496815756 4585389.908880523, 432424.9520003582 4585394.588986517)"
way,1409581302,"LINESTRING (432424.9520003582 4585394.588986517, 432426.8998024333 4585394.637417603, 432429.99292754655 4585394.719567653)"
way,1409581304,"LINESTRING (432429.8325351133 4585405.2909913305, 432426.82842563617 4585402.210237098)"
way,1409606780,"LINESTRING (432702.3149942404 4588188.542370715, 432696.3762226326 4588190.4740347555, 432685.3366464512 4588189.222240638, 432599.5179858961 4588182.804755616, 432597.0557389423 4588181.2621965725)"
way,1409606783,"LINESTRING (432597.0557389423 4588181.2621965725, 432596.5137962877 4588178.691373641, 432596.8287069506 4588170.350154739, 432597.2706748484 4588158.610262042)"
way,1409683685,"LINESTRING (432714.7521421375 4587395.313401418, 432714.944060835 4587392.591408062)"
way,1409683686,"LINESTRING (432714.2021412741 4587400.858859986, 432714.3620867422 4587398.292604481, 432714.7521421375 4587395.313401418)"
way,1409683688,"LINESTRING (432701.46801347804 4587404.397024489, 432706.2241177393 4587406.395704348, 432707.7507615463 4587407.0365712615)"
way,1410119966,"LINESTRING (431178.12104903406 4583591.481872178, 431173.8095608432 4583587.314859722, 431167.5442983735 4583581.64532678)"
way,1410572241,"LINESTRING (433115.35073509015 4588471.975302985, 433122.02389965206 4588469.071234815, 433124.8129313338 4588463.516196109)"
way,1410572242,"LINESTRING (433095.12561629666 4588478.324530905, 433099.8845296189 4588474.394483078, 433104.1720630274 4588472.78930504, 433115.35073509015 4588471.975302985)"
way,1410572250,"LINESTRING (432986.8559658066 4588766.748036229, 432997.5810174652 4588772.022438514)"
way,1410572253,"LINESTRING (433005.678155605 4588794.808283053, 432992.70256696414 4588789.166126171, 432970.6512588408 4588779.544467507)"
way,1410841544,"LINESTRING (430603.2985683751 4583406.697397263, 430591.7999402572 4583398.480425378, 430582.13277303503 4583391.20076426)"
way,1410841545,"LINESTRING (430621.60354486655 4583429.882489686, 430618.7278194205 4583427.278655275, 430616.4576599272 4583422.437339573, 430611.183433004 4583411.196234795)"
way,1411965186,"LINESTRING (431850.78410874796 4586588.981524377, 431853.1210973255 4586609.089075619, 431855.58967602137 4586620.102109939, 431858.2867663506 4586630.535641793, 431859.4288196649 4586635.565603609, 431859.02696437325 4586639.921727078, 431859.1843243176 4586645.982430771, 431861.53447007894 4586649.746386123, 431864.22006271273 4586650.975720722, 431866.99734757445 4586651.293754614)"
way,1411965187,"LINESTRING (431866.99734757445 4586651.293754614, 431867.36661282205 4586656.786214661)"
way,1411965188,"LINESTRING (431786.69540515874 4586829.641481837, 431777.66953539243 4586829.504537097, 431775.23739614245 4586829.449753591, 431773.4362845699 4586828.967108953, 431771.6335809649 4586827.429703265, 431770.65878945147 4586825.9622098645, 431770.31900446437 4586824.488727454, 431770.3395467344 4586823.122875706)"
way,1411965190,"LINESTRING (431864.7361210125 4586671.167043902, 431860.4196678226 4586672.45122317)"
way,1412433364,"LINESTRING (430603.2985683751 4583406.697397263, 430605.8782209086 4583408.937667451, 430608.4666122722 4583410.345138152, 430611.183433004 4583411.196234795)"
way,1412550353,"LINESTRING (431738.3799149027 4583778.502685004, 431724.1002679845 4583773.918597189, 431687.5054536644 4583761.895151857, 431679.5655964129 4583759.4275050545)"
way,1412550354,"LINESTRING (430582.13277303503 4583391.20076426, 430572.8176668534 4583388.381102121)"
way,1412550356,"LINESTRING (429769.7079247471 4583148.396556429, 429765.0774827081 4583149.385205995, 429753.8320135885 4583145.863614722)"
way,1412550357,"LINESTRING (429753.8320135885 4583145.863614722, 429751.30844253744 4583145.133093206, 429748.45031011855 4583145.249639084)"
way,1412557459,"LINESTRING (432050.15907641046 4585725.843966258, 432054.69451620925 4585721.115965517)"
way,1412557460,"LINESTRING (431096.8044824485 4587817.868393583, 431094.8579523699 4587818.76407282, 431091.164442692 4587820.453604932)"
way,1412557461,"LINESTRING (431085.723955814 4587822.93699263, 431084.33408167236 4587820.873985319, 431083.173050254 4587819.152988973)"
way,1412557462,"LINESTRING (431091.164442692 4587820.453604932, 431085.723955814 4587822.93699263)"
way,1412557463,"LINESTRING (431087.49428242433 4587815.825337428, 431091.164442692 4587820.453604932)"
way,1412557464,"LINESTRING (431096.8044824485 4587817.868393583, 431073.4487629228 4587784.182544203, 431071.6271169671 4587785.0326274615)"
way,1412557465,"LINESTRING (431790.6991701381 4589033.612971658, 431789.8084307901 4589033.0551257385, 431787.85583776154 4589032.3962697275, 431786.8388631714 4589031.739688745, 431778.49789627525 4589023.335744497)"
way,1412557474,"LINESTRING (431559.29273274716 4589969.9702514075, 431559.52375564934 4589971.43365608)"
way,1412557476,"LINESTRING (431558.011230203 4589961.655157519, 431558.4739077013 4589964.64857863)"
way,1412668090,"LINESTRING (432484.0159451841 4586138.063173676, 432481.2377695369 4586134.980292056)"
way,1412674842,"LINESTRING (431074.8184237456 4583697.764053392, 431078.01775216527 4583701.020053882)"
way,1412674843,"LINESTRING (431071.17534823035 4583701.462679965, 431074.8184237456 4583697.764053392)"
way,1412674844,"LINESTRING (431180.521975645 4583589.016422898, 431184.1219971502 4583585.1739262175)"
way,1412678896,"LINESTRING (428697.0689472016 4580756.170327112, 428696.92792374187 4580751.186509519)"
way,1413308047,"LINESTRING (432118.85125983023 4583965.817261189, 432109.92836427444 4583960.9934589565)"
way,1413703359,"LINESTRING (427411.00270202727 4574672.424180287, 427407.3223869554 4574674.359554343, 427401.91253230325 4574675.768180787, 427398.31968919205 4574678.080181735, 427395.3841245998 4574682.506256253, 427393.9137674244 4574686.973196982, 427387.8459456851 4574707.962726537, 427384.5301024676 4574722.907002151, 427384.4484634508 4574734.832273642, 427399.3172318364 4574863.254558558, 427399.0000001098 4574865.011979945, 427397.5334777679 4574867.347137141)"
way,1413949724,"LINESTRING (432608.3116105777 4587913.466250259, 432609.0010154785 4587900.480532939, 432611.4926591347 4587837.026437526, 432614.61782723165 4587761.752962083, 432617.72272240184 4587677.119944253, 432618.1144697232 4587666.257660266)"
way,1415195913,"LINESTRING (428926.3831015338 4574989.453079414, 428930.63187269104 4574985.714262952, 428936.5726202021 4574979.538480947, 428937.8210363026 4574976.250938796, 428937.21152355365 4574972.126663861, 428938.8924170864 4574968.557319712, 428941.85649726854 4574965.252988851, 428944.9851287587 4574963.368206828, 428947.82649270527 4574962.0635824, 428951.0737214202 4574957.757233402, 428954.8789731911 4574952.312941288, 428958.75547322386 4574939.606727011, 428961.231495025 4574930.045203849, 428962.2291591089 4574915.668428985, 428961.6839523959 4574903.571717932, 428961.0021163045 4574892.053688973, 428958.4887140105 4574883.251557238, 428954.69481527223 4574875.316869278, 428920.12546970096 4574802.49886101, 428917.8029500294 4574799.52384064, 428915.3549966301 4574797.416066684, 428913.32963642443 4574794.8711477695, 428908.2663387697 4574788.092497116, 428905.10275042907 4574786.4136386, 428899.24425115215 4574786.470997083, 428765.04009846016 4574796.046718304, 428759.9013632225 4574796.097128838, 428757.5955476257 4574794.831825265, 428754.99971240055 4574792.15931238, 428749.83508676756 4574786.158958839, 428747.33141675254 4574783.4966471065, 428742.88824756054 4574781.075423371, 428738.23998282006 4574779.078121283, 428733.81988538464 4574778.155554408, 428457.59605632775 4574797.5036211405, 428443.70830496267 4574798.1733899275, 428365.27093511564 4574803.987397086, 428190.95516811236 4574816.656428378, 427895.153074252 4574837.39648034, 427886.85276226926 4574836.834938665, 427878.5501228483 4574835.196455118, 427870.2392205038 4574833.5691658845, 427861.72536929825 4574832.576763482, 427845.03819410293 4574832.85358226, 427820.60961084743 4574834.9061158765)"
way,1415195914,"LINESTRING (428365.27093511564 4574803.987397086, 428367.0072913845 4574812.852518335, 428368.07825192594 4574826.387384776, 428368.77450202784 4574839.270881875, 428369.1432524851 4574846.1065769205)"
way,1420262307,"LINESTRING (428283.4887582556 4581358.520765891, 428287.7164900108 4581358.145839886, 428293.4007311724 4581362.985984488)"
way,1423946641,"LINESTRING (428303.4261314999 4580496.31475672, 428319.8367061629 4580502.370091438, 428357.9760168748 4580517.770283762, 428360.9214130943 4580518.762641628)"
way,1424514447,"LINESTRING (432113.60383107886 4588391.999390307, 432109.5624149437 4588390.438513862)"
way,1424924295,"LINESTRING (432237.66437137284 4584051.695166133, 432241.7894705972 4584046.760206475, 432243.33527451806 4584044.902668339, 432244.3947809236 4584043.782469034, 432246.09981435793 4584041.967852874, 432246.43919099023 4584041.609386084, 432249.55146886763 4584038.316026998)"
way,1425004892,"LINESTRING (434399.4800020374 4584622.531707133, 434398.41379475535 4584625.705663208)"
way,1425004895,"LINESTRING (434406.4746251429 4584601.150976893, 434405.44325122685 4584604.480055081)"
way,1425623121,"LINESTRING (432771.8365142616 4586800.167706051, 432772.06570589 4586791.560846245)"
way,1425623122,"LINESTRING (432771.7240846132 4586804.254609765, 432771.8365142616 4586800.167706051)"
way,1425623132,"LINESTRING (432997.5810174652 4588772.022438514, 433003.08838092245 4588776.767855258, 433008.4988533924 4588779.171460963, 433011.56893870444 4588780.530876825)"
way,1425631811,"LINESTRING (432781.93340587744 4586782.475822107, 432786.50628153794 4586777.303805163, 432791.03233392537 4586770.688852378, 432794.4346444205 4586763.640226922, 432796.2932719813 4586756.828000769, 432797.11324659415 4586752.44585056)"
way,1425679143,"LINESTRING (431644.3630173075 4581415.828166963, 431646.94964238635 4581419.656446329)"
way,1426084023,"LINESTRING (431958.57229138643 4583835.464160323, 431991.63992651843 4583845.856658254)"
way,1426130914,"LINESTRING (431806.0813364744 4590247.709698999, 431813.7524188787 4590254.310197255)"
way,1426218574,"LINESTRING (432696.4320831949 4587402.856170068, 432697.8043156802 4587403.065459023, 432698.43184587825 4587403.159545848)"
way,1426432496,"LINESTRING (431747.6813990092 4583175.91874727, 431746.9388519689 4583175.1929570595)"
way,1426432497,"LINESTRING (431765.8475260333 4583193.578746717, 431763.1981523038 4583191.005641859)"
way,1426445855,"LINESTRING (428524.57418789715 4578089.512086295, 428532.0337101669 4578074.74950231, 428540.38722500566 4578059.012171407, 428545.62775804725 4578049.145619293)"
way,1426445857,"LINESTRING (428538.89475415536 4577360.44617719, 428543.621149701 4577370.536533181, 428567.78241452295 4577421.227409246, 428571.95930417906 4577429.902027752)"
way,1426521343,"LINESTRING (432707.7507615463 4587407.0365712615, 432708.4386331159 4587407.329949572, 432709.2337494442 4587405.679324409, 432710.21359848813 4587404.126906721, 432711.3086688602 4587403.284002211, 432711.98900100763 4587402.766940031, 432712.7959960131 4587402.39303714, 432714.1305749064 4587402.147460988, 432714.2021412741 4587400.858859986)"
way,1427102541,"LINESTRING (432500.25930200826 4584341.835508575, 432493.9816172516 4584347.201199243, 432488.2234900313 4584349.120169301)"
way,1427226540,"LINESTRING (430850.25608300883 4580690.0309617305, 430850.23840488784 4580689.931204893, 430850.05950537376 4580688.711600094, 430850.0415095055 4580688.578537793)"
way,1427226541,"LINESTRING (430850.41656295356 4580691.073096945, 430850.25608300883 4580690.0309617305)"
way,1427226543,"LINESTRING (430874.4790229222 4580687.723680835, 430874.3944455216 4580687.624561956, 430873.5145863126 4580686.567081303, 430873.4130722243 4580686.445918298)"
way,1427226544,"LINESTRING (430875.24096055207 4580688.693463539, 430874.4790229222 4580687.723680835)"
way,1427227552,"LINESTRING (430027.5347227049 4581117.34837117, 430026.12498251715 4581115.985226805, 430024.1530611714 4581113.561635536)"
way,1427228638,"LINESTRING (431182.64114008617 4580795.5086745825, 431184.308157908 4580799.323320915)"
way,1427229764,"LINESTRING (431184.9322043366 4580800.749660131, 431185.8641450784 4580802.894759662)"
way,1427229765,"LINESTRING (431184.308157908 4580799.323320915, 431184.9322043366 4580800.749660131)"
way,1427231716,"LINESTRING (431055.3664430012 4580654.2689662855, 431052.65133443207 4580651.940993522, 431049.6840820614 4580649.482186383)"
way,1427231717,"LINESTRING (431056.3527737567 4580655.092296419, 431055.3664430012 4580654.2689662855)"
way,1427232298,"LINESTRING (431005.3857654201 4580674.274417058, 431005.00750288344 4580670.558570705, 431004.66268991167 4580666.842405988)"
way,1427232299,"LINESTRING (431005.4995357775 4580675.683393101, 431005.3857654201 4580674.274417058)"
way,1430116399,"LINESTRING (430443.90551504365 4582315.813745671, 430444.942426561 4582314.0828445805, 430454.0584830176 4582303.85840241, 430457.05283308425 4582300.476590028)"
way,1430116400,"LINESTRING (430457.05283308425 4582300.476590028, 430460.10496420786 4582297.01650421, 430464.9643655607 4582291.940259149)"
way,1430117731,"LINESTRING (430961.2001200581 4582826.771144224, 430970.39153368917 4582834.977384562, 430975.8811650414 4582839.888051055, 430977.92183805065 4582841.711680816)"
way,1431072290,"LINESTRING (430025.35623174964 4584145.417368922, 430026.6214380623 4584151.778218164, 430028.037033077 4584152.941447064)"
way,1431072291,"LINESTRING (430015.2513649602 4584136.921373895, 430019.4349320323 4584139.92313745, 430025.2934201067 4584144.107831266, 430025.35623174964 4584145.417368922)"
way,1432249763,"LINESTRING (432160.9876888737 4583936.921350803, 432166.3720544253 4583931.663671731, 432168.1370628393 4583930.003915674, 432170.6300451457 4583927.526832867, 432176.93822447024 4583920.939269496, 432179.97941594315 4583918.978888897, 432183.6993913819 4583918.089128226, 432187.4385395276 4583918.353885839, 432207.167064612 4583924.631004773)"
way,1433116798,"LINESTRING (428969.1667867458 4581070.2866198765, 428971.3691101294 4581068.022249187)"
way,1433151471,"LINESTRING (429047.86498803133 4580962.195114269, 428978.8490518897 4580893.433553526, 428976.20675731095 4580890.916881971, 428968.3948668984 4580883.154790827, 428966.8105614317 4580881.071869893, 428965.7101779612 4580878.873177472, 428964.60990264924 4580876.685587049)"
way,1433151472,"LINESTRING (429054.2185315601 4580967.939733303, 429047.86498803133 4580962.195114269)"
way,1433151475,"LINESTRING (429076.79034476075 4580989.325054591, 429073.5913397393 4580988.878935499)"
way,1433178623,"LINESTRING (429656.87338773586 4580728.838507072, 429656.6710229878 4580720.913019726, 429656.75103355444 4580717.092854966)"
way,1433179983,"LINESTRING (429843.12682237854 4580766.492907806, 429844.9740859888 4580768.118252039, 429848.25649070955 4580771.128667588)"
way,1433586927,"LINESTRING (432170.4402166154 4580778.147643327, 432168.70085229276 4580778.163921108, 432168.06864007364 4580778.525127035, 432167.45813973615 4580779.419063753)"
way,1433586930,"LINESTRING (432105.7872622771 4581033.673138929, 432111.65919723775 4581035.59443069, 432115.61689111975 4581036.712050027, 432118.9468246959 4581039.556484667, 432120.63542405807 4581043.948479257)"
way,1433586931,"LINESTRING (432103.5558887113 4581032.939052642, 432105.7872622771 4581033.673138929)"
way,1433586936,"LINESTRING (432115.2597906647 4580992.33751868, 432135.3309026891 4580922.7126718825, 432155.2242699624 4580853.711316798, 432157.3436273044 4580845.15343158, 432158.1732449448 4580841.759314645, 432158.6887894031 4580839.656061431, 432164.1013499815 4580817.499743704, 432167.2325239745 4580785.694251778, 432167.45813973615 4580779.419063753)"
way,1433586937,"LINESTRING (432106.7549963543 4581021.817389202, 432110.70765943173 4581008.112820061, 432115.2597906647 4580992.33751868)"
way,1433586939,"LINESTRING (432017.0804914662 4581327.552053265, 432017.8321068491 4581327.445077055, 432018.4136763812 4581327.039920383, 432019.3546208541 4581325.7209625235, 432026.0682056392 4581302.386508754, 432027.5457425554 4581295.866406692, 432027.93138211215 4581294.186266156, 432028.55787758844 4581291.437997377, 432029.5162715938 4581287.520821289)"
way,1433586940,"LINESTRING (432029.5162715938 4581287.520821289, 432040.5843357112 4581249.656385718)"
way,1433586950,"LINESTRING (432163.1973354565 4580855.835040729, 432155.2242699624 4580853.711316798)"
way,1433594634,"LINESTRING (434786.3657977323 4584742.487906605, 434790.0034758778 4584739.901498033, 434792.74432277103 4584737.967130842)"
way,1433597052,"LINESTRING (432934.0194917399 4582324.898152841, 432934.1146749967 4582327.051213477, 432931.97461664065 4582328.902986261)"
way,1433597053,"LINESTRING (433028.3090415823 4582256.132322705, 433014.49817169074 4582245.5014055595)"
way,1434036588,"LINESTRING (428361.5847422971 4581309.284036762, 428359.00354166975 4581307.033453403, 428355.4776986275 4581303.970593229)"
way,1434036589,"LINESTRING (428355.4776986275 4581303.970593229, 428352.80374632525 4581301.643208486)"
way,1434036592,"LINESTRING (428352.80374632525 4581301.643208486, 428349.66583300184 4581298.9096035715)"
way,1434224194,"LINESTRING (427932.4538379577 4581066.65391971, 427929.0828187354 4581059.848031625)"
way,1434224196,"LINESTRING (427929.0828187354 4581059.848031625, 427929.8934381029 4581054.743721964, 427930.8055877191 4581045.552521664, 427930.78800638986 4581042.943506087)"
way,1434227927,"LINESTRING (434881.9044051605 4584277.165703967, 434880.55449177104 4584278.5656911805)"
way,1434227928,"LINESTRING (434874.35734530044 4584284.716851839, 434873.7857195732 4584285.288234848, 434869.23769186065 4584289.84797316)"
way,1434227929,"LINESTRING (434880.55449177104 4584278.5656911805, 434879.3537292658 4584279.820001158, 434874.35734530044 4584284.716851839)"
way,1434231222,"LINESTRING (434185.782438383 4583584.895468745, 434176.79530157556 4583594.048120267)"
way,1434231223,"LINESTRING (434234.84777674626 4583529.879581766, 434246.6827140886 4583533.280589068, 434256.5663437912 4583537.221160392)"
way,1434304148,"LINESTRING (427605.12730024057 4582977.694570657, 427604.37531962997 4582978.57922254, 427601.5658160633 4582981.893787907)"
way,1434502581,"LINESTRING (434288.7730578589 4584050.843008845, 434290.70265970635 4584048.849202192)"
way,1434502582,"LINESTRING (434271.22541616746 4584068.156079774, 434275.55851746484 4584063.886585891)"
way,1434502583,"LINESTRING (434275.55851746484 4584063.886585891, 434278.0607176924 4584061.432364027)"
way,1434502584,"LINESTRING (434257.26671341405 4584090.377344985, 434255.8524086013 4584089.2799087865, 434254.7216868169 4584088.113281141, 434252.470735478 4584087.8561512735)"
way,1434502585,"LINESTRING (434258.59332262224 4584035.784027566, 434264.00925341557 4584035.6904438725)"
way,1434502586,"LINESTRING (434267.4256054204 4584039.090187197, 434264.8178643733 4584041.889556937)"
way,1434502588,"LINESTRING (434275.63820304273 4584052.405587529, 434280.791410599 4584057.443885442)"
way,1434502589,"LINESTRING (434290.70265970635 4584048.849202192, 434290.1209846251 4584048.310444833)"
way,1434502590,"LINESTRING (434282.1386429563 4584057.598198959, 434284.6748862407 4584055.210287189, 434288.7730578589 4584050.843008845)"
way,1434504511,"LINESTRING (434134.3154263192 4584202.889039405, 434135.9094954297 4584204.451133739)"
way,1434925559,"LINESTRING (434729.2090135665 4584732.9883374255, 434727.3864300057 4584734.792318479)"
way,1434925560,"LINESTRING (434722.29860270914 4584721.159573769, 434719.23881598434 4584720.165710561, 434711.69411761535 4584717.71342156)"
way,1434925561,"LINESTRING (434724.72129817837 4584721.9482302265, 434722.29860270914 4584721.159573769)"
way,1434925562,"LINESTRING (434727.48749629426 4584707.067770633, 434727.73057201743 4584707.1432983205, 434730.48157589487 4584707.262829847)"
way,1434925563,"LINESTRING (434759.72708340746 4584733.157343118, 434758.6436274267 4584734.432824341, 434756.7450170638 4584736.148660844, 434754.63506303186 4584737.599936074, 434752.355353695 4584738.764069799, 434750.16417764674 4584739.549911806)"
way,1434925564,"LINESTRING (434727.99441979546 4584710.449547037, 434728.8274418011 4584709.209627634, 434730.48157589487 4584707.262829847)"
way,1434925565,"LINESTRING (434724.72129817837 4584721.9482302265, 434724.81328213663 4584721.025870211)"
way,1434925566,"LINESTRING (434774.5769513854 4584726.328551076, 434777.49913625355 4584729.677465871, 434786.3657977323 4584742.487906605)"
way,1434925567,"LINESTRING (434763.78755190014 4584717.199367635, 434764.1042845001 4584719.883385287)"
way,1434925568,"LINESTRING (434763.78755190014 4584717.199367635, 434766.25277887064 4584718.998007311)"
way,1434925569,"LINESTRING (434766.25277887064 4584718.998007311, 434770.23790413607 4584722.503882349, 434774.5769513854 4584726.328551076)"
way,1434925570,"LINESTRING (434762.5744252069 4584743.967992798, 434757.3923469839 4584742.127223586, 434754.11852794763 4584740.569033258)"
way,1434925571,"LINESTRING (434754.11852794763 4584740.569033258, 434750.16417764674 4584739.549911806)"
way,1434925572,"LINESTRING (434742.91492717556 4584699.400998412, 434742.832948504 4584701.4335456295)"
way,1434966838,"LINESTRING (428300.7984138391 4581370.274031006, 428301.3567667303 4581370.92357958)"
way,1434966839,"LINESTRING (428271.5320763923 4581357.006972861, 428283.4887582556 4581358.520765891)"
way,1434966841,"LINESTRING (428480.2790142155 4581156.323611108, 428480.3945155215 4581159.55342125)"
way,1434966842,"LINESTRING (428494.54926717735 4581170.227992012, 428501.1604407082 4581175.780842403)"
way,1435794974,"LINESTRING (431690.22484592267 4581546.519990631, 431688.9104016354 4581544.5782856215, 431687.60817919887 4581542.159044384)"
way,1435794975,"LINESTRING (431690.9216827591 4581547.701423353, 431690.22484592267 4581546.519990631)"
way,1435794977,"LINESTRING (431712.5723696381 4581522.071904534, 431715.58494643343 4581526.740007599, 431718.028827596 4581530.514142381)"
way,1435794980,"LINESTRING (431690.9216827591 4581547.701423353, 431695.13248260296 4581545.529988911)"
way,1435794981,"LINESTRING (431715.8854831068 4581532.011014288, 431718.028827596 4581530.514142381)"
way,1435794990,"LINESTRING (431625.50992610666 4581441.953318798, 431626.2199078685 4581440.9806744745)"
way,1435794991,"LINESTRING (431626.93292874325 4581358.7908803895, 431634.016004712 4581380.962999592)"
way,1435794992,"LINESTRING (431599.57645476126 4581323.0314975185, 431609.242769774 4581330.934295443)"
way,1435794993,"LINESTRING (431617.8005208594 4581339.225062336, 431620.7884798304 4581344.814893802, 431623.1681085258 4581349.744297263, 431626.93292874325 4581358.7908803895)"
way,1435794994,"LINESTRING (431642.42821555247 4581345.465653421, 431664.2666265955 4581352.1101252)"
way,1435794996,"LINESTRING (431680.1505010398 4581371.123820892, 431681.6577370934 4581374.884568893, 431687.7045299456 4581389.16130131)"
way,1435794997,"LINESTRING (431672.74793762685 4581356.737746633, 431676.75871496863 4581364.383080349, 431680.1505010398 4581371.123820892)"
way,1435794998,"LINESTRING (431664.2666265955 4581352.1101252, 431670.62654825265 4581354.359540526, 431671.599851736 4581354.705653432, 431672.74793762685 4581356.737746633)"
way,1435907982,"LINESTRING (431689.93565004494 4581563.743190227, 431687.49583507376 4581559.513810695)"
way,1436076866,"LINESTRING (431845.6787143081 4581775.084363487, 431843.5503652444 4581776.3923102515)"
way,1436582923,"LINESTRING (431760.71097509714 4586745.804204681, 431763.71190204535 4586748.573831746)"
way,1436582924,"LINESTRING (431753.2916539783 4586745.907501179, 431760.71097509714 4586745.804204681)"
way,1436582925,"LINESTRING (431385.12634438305 4586675.455674708, 431388.39923119056 4586671.638538291)"
way,1436582928,"LINESTRING (431245.8788728559 4586572.754390215, 431245.74045543943 4586571.378943129)"
way,1436582929,"LINESTRING (431247.92160074983 4586593.375312797, 431246.6280564023 4586580.363876069, 431245.8788728559 4586572.754390215)"
way,1436582935,"LINESTRING (431095.84004360484 4586726.347464158, 431108.3204269119 4586713.660087966)"
way,1436582936,"LINESTRING (431176.2637711929 4586629.197400312, 431178.901459506 4586631.52612868, 431182.0244835755 4586635.682224205, 431183.6656233066 4586638.664403555)"
way,1436585752,"LINESTRING (431846.9206959614 4586556.752879905, 431842.84313275275 4586556.791292452)"
way,1436585755,"LINESTRING (431847.67270556884 4586556.745795874, 431846.9206959614 4586556.752879905)"
way,1436585757,"LINESTRING (431876.38867548626 4586836.634943685, 431876.26942585467 4586839.056500453, 431873.50961237965 4586845.022545576)"
way,1436586930,"LINESTRING (431806.766435268 4586668.271337296, 431812.2311794129 4586669.130266646, 431816.5230388737 4586671.443631937, 431818.94233051897 4586674.562953659, 431821.05763888994 4586674.687356231, 431828.64246923407 4586674.404924711, 431837.00750203757 4586674.448237292, 431841.62988629367 4586674.593436494)"
way,1436824869,"LINESTRING (428709.19964394515 4582487.929072135, 428711.4757031979 4582485.563953791, 428715.00577395596 4582482.331570074, 428715.9174056779 4582477.259660411, 428720.99357103964 4582471.402876119, 428773.98786959355 4582417.9095365275, 428775.9500940108 4582415.936127956, 428778.11936708813 4582413.7608315665, 428781.24071183003 4582410.62132377, 428781.5636059536 4582410.296164358, 428782.56533721683 4582410.130875408, 428784.62092730275 4582409.9996382715, 428800.889861584 4582408.929284044, 428804.5163524275 4582408.693790045)"
way,1436824870,"LINESTRING (428714.6222454094 4582494.33761847, 428714.98267412774 4582493.579072014, 428715.06499770656 4582484.951280277, 428715.00577395596 4582482.331570074)"
way,1436824871,"LINESTRING (428682.64182706206 4582510.596209288, 428684.6031268912 4582508.533960163, 428688.8234799356 4582504.928370576, 428694.0101984956 4582503.511652874, 428697.24851316074 4582500.370955393)"
way,1436824872,"LINESTRING (428710.5844070218 4582489.303311653, 428709.19964394515 4582487.929072135)"
way,1436824873,"LINESTRING (428697.24851316074 4582500.370955393, 428704.68009742314 4582492.570167036, 428708.1483611766 4582489.005299989)"
way,1436824874,"LINESTRING (428708.1483611766 4582489.005299989, 428709.19964394515 4582487.929072135)"
way,1436824884,"LINESTRING (428803.42090216826 4582372.098190205, 428803.1116306647 4582371.257406887)"
way,1436824885,"LINESTRING (429078.8524890404 4582090.302454057, 429073.3134940738 4582092.499539937)"
way,1442043438,"LINESTRING (432974.9619789392 4588761.540000895, 432986.8559658066 4588766.748036229)"
way,1442043439,"LINESTRING (432970.6512588408 4588779.544467507, 432953.4087592881 4588772.309814241)"
way,1442043440,"LINESTRING (432573.49153877416 4588572.282174307, 432573.4357196591 4588574.358940023, 432573.86915562453 4588576.941877208, 432575.5312860709 4588580.490412743, 432579.04937043926 4588583.28884927, 432584.4195055169 4588585.814651217)"
way,1442043441,"LINESTRING (432729.96675828064 4588668.774506577, 432696.6671470955 4588653.429307465, 432686.39948650426 4588648.872774962)"
way,1442043442,"LINESTRING (432100.5071258341 4588386.959502902, 432097.12151665613 4588388.512397579)"
way,1445317762,"LINESTRING (426447.382034467 4581186.696645954, 426440.365574362 4581190.809350139, 426413.60853537614 4581208.4904826665, 426405.5736339565 4581213.601729371, 426393.63779989566 4581224.093145503, 426389.77272946003 4581227.241241676, 426386.6170698711 4581230.24889803, 426384.78125462 4581232.288291143, 426381.20048018696 4581236.255125936)"
way,1445317763,"LINESTRING (426468.99362129613 4581171.244033521, 426458.4284977738 4581179.201051965, 426452.0187036077 4581183.762810983, 426447.382034467 4581186.696645954)"
way,1445317768,"LINESTRING (426354.60472511896 4581264.016367732, 426351.0906673936 4581259.733013344)"
way,1445317769,"LINESTRING (426358.06485763274 4581269.577116408, 426357.1040619653 4581268.0213572625)"
way,1445317770,"LINESTRING (426357.1040619653 4581268.0213572625, 426354.60472511896 4581264.016367732)"
way,1445317771,"LINESTRING (426328.9674751003 4581377.816214088, 426328.1345369855 4581381.43315697, 426326.8452980912 4581387.053279002)"
way,1445317772,"LINESTRING (426326.8452980912 4581387.053279002, 426326.32967465883 4581388.979340162)"
way,1445317773,"LINESTRING (426299.22364096274 4581400.202525051, 426295.5569272306 4581399.817903571, 426290.5296277914 4581399.68028607)"
way,1445317774,"LINESTRING (426301.157338019 4581400.393816017, 426299.22364096274 4581400.202525051)"
way,1445317775,"LINESTRING (426328.69990279217 4581415.6579599185, 426329.8586576534 4581416.945230849)"
way,1445317776,"LINESTRING (426329.8586576534 4581416.945230849, 426332.5549243562 4581419.760188892, 426337.67683120037 4581425.093077799)"
way,1445317784,"LINESTRING (426381.20048018696 4581236.255125936, 426380.2315004321 4581237.186518017)"
way,1445317785,"LINESTRING (426370.4423592088 4581248.244626102, 426367.9704576443 4581251.878214912)"
way,1445317786,"LINESTRING (426393.63779989566 4581224.093145503, 426393.6336340122 4581228.623209832)"
way,1445317787,"LINESTRING (426543.69386346254 4581058.557277551, 426546.9008698626 4581065.5529643055)"
way,1445317788,"LINESTRING (426527.43345759425 4581102.823170596, 426525.6511188479 4581105.195073465, 426523.9594129635 4581107.432822076, 426522.4074989159 4581109.435991063, 426518.5522971302 4581114.393702393, 426511.35832794 4581124.104041138, 426479.1364452351 4581161.226158897, 426473.92472127045 4581166.830527894, 426470.30377200735 4581170.142647479, 426468.99362129613 4581171.244033521)"
way,1445317789,"LINESTRING (426537.61594965804 4581072.775191406, 426532.55946906283 4581087.104889632, 426527.43345759425 4581102.823170596)"
way,1445322311,"LINESTRING (427734.61589274555 4579623.89924774, 427731.97548195545 4579625.8574723)"
way,1445322312,"LINESTRING (427718.78608211526 4579652.858010542, 427716.5728203391 4579657.387860524)"
way,1445322314,"LINESTRING (427876.55793163314 4579767.245765628, 427876.39909114124 4579772.299172995)"
way,1445868294,"LINESTRING (428293.4007311724 4581362.985984488, 428298.1336113106 4581367.180473577, 428300.29023105826 4581369.623986085, 428300.7984138391 4581370.274031006)"
way,1445901114,"LINESTRING (427605.5186632428 4580685.217427742, 427580.3491005956 4580678.929226562, 427574.0917677583 4580677.936968286)"
way,1445901115,"LINESTRING (427603.62804530596 4580687.678958577, 427605.5186632428 4580685.217427742)"
way,1445902264,"LINESTRING (428570.8399752439 4580573.404686977, 428572.780066479 4580575.928134779)"
way,1446049234,"LINESTRING (431647.9899634492 4583691.098713502, 431645.2725940124 4583688.393060249)"
way,1446053023,"LINESTRING (431439.8932762306 4583499.687367251, 431441.11883433815 4583495.800865674, 431441.2429193253 4583493.0128725, 431440.95425013447 4583489.895701052)"
way,1446053024,"LINESTRING (431445.6802830067 4583494.591882895, 431440.95425013447 4583489.895701052)"
way,1446053025,"LINESTRING (431445.6802830067 4583494.591882895, 431441.7393488139 4583498.64842686, 431439.8932762306 4583499.687367251)"
way,1446053261,"LINESTRING (431446.3807178595 4583495.284732604, 431445.6802830067 4583494.591882895)"
way,1446053262,"LINESTRING (431459.9018804815 4583507.980554341, 431456.8658828022 4583505.189162342)"
way,1446053263,"LINESTRING (431440.95425013447 4583489.895701052, 431441.6742493367 4583489.1227872865)"
way,1446079238,"LINESTRING (431223.15500307543 4580746.482662206, 431218.50230713765 4580749.713322452, 431214.00744678883 4580752.8314596815)"
way,1446079239,"LINESTRING (431214.00744678883 4580752.8314596815, 431212.01979771093 4580754.00501659)"
way,1446079241,"LINESTRING (431209.1192888384 4580791.171483083, 431214.975208253 4580789.594820289, 431217.1138572965 4580789.352467976)"
way,1446105850,"LINESTRING (431388.76416964823 4581053.293869966, 431385.3568670084 4581055.557794725, 431381.86647187435 4581057.878021962)"
way,1446105852,"LINESTRING (431409.7387049402 4581026.859370995, 431407.46019859076 4581029.989724729, 431412.1145086288 4581038.4282303685, 431411.0247551355 4581039.038095863)"
way,1446105853,"LINESTRING (431404.05929301644 4581043.5340447975, 431402.82060056203 4581044.311863553, 431400.44135406776 4581045.633413576, 431398.5547325512 4581046.872581632)"
way,1446105854,"LINESTRING (431398.5547325512 4581046.872581632, 431396.0619923215 4581048.57270332, 431393.7685756516 4581050.126602367)"
way,1446105855,"LINESTRING (431393.7685756516 4581050.126602367, 431391.7652033823 4581051.400185911, 431389.72848882084 4581052.685188495, 431388.76416964823 4581053.293869966)"
way,1446105856,"LINESTRING (431411.0247551355 4581039.038095863, 431407.4422564727 4581041.348079214, 431404.05929301644 4581043.5340447975)"
way,1446105860,"LINESTRING (431408.3461042122 4581024.629781189, 431385.3629206869 4580987.297598231, 431379.9794680954 4580978.699470263, 431353.68523311417 4580936.1693054205, 431348.15771532035 4580924.730242784, 431347.37178029626 4580922.983441849, 431341.5113356687 4580909.948731628, 431338.19544554217 4580903.329555066, 431335.7867693885 4580897.134795065, 431334.9947802856 4580895.63231481, 431332.8404357644 4580891.566887616, 431313.9709813163 4580869.22916662, 431306.11849233054 4580858.678188289)"
way,1446105861,"LINESTRING (431410.6811817979 4581028.360434883, 431409.7387049402 4581026.859370995, 431408.3461042122 4581024.629781189)"
way,1446121248,"LINESTRING (431625.05625701055 4581384.123013528, 431632.93373911903 4581399.204038169)"
way,1446121249,"LINESTRING (431638.3785409156 4581411.709960047, 431635.6714396385 4581415.499354004, 431630.3201581823 4581422.6556444215, 431624.66244187613 4581430.125709436)"
way,1446121252,"LINESTRING (431632.93373911903 4581399.204038169, 431636.7746862953 4581406.573382451)"
way,1446121253,"LINESTRING (431636.7746862953 4581406.573382451, 431637.3134072436 4581407.834021607, 431637.6346384036 4581409.973835229, 431638.3785409156 4581411.709960047)"
way,1446177692,"LINESTRING (431488.4101624824 4581179.289730312, 431491.88632590906 4581177.2361556, 431495.4256084229 4581174.782284464)"
way,1446177694,"LINESTRING (431484.85143186024 4581181.455115539, 431486.9797915624 4581180.135964141, 431488.4101624824 4581179.289730312)"
way,1446177695,"LINESTRING (431487.555343378 4581213.594422563, 431484.15498019196 4581215.702797336, 431481.0206230772 4581217.6421164125)"
way,1446177697,"LINESTRING (431500.1757845355 4581205.769764735, 431498.055792031 4581207.088833333)"
way,1446177698,"LINESTRING (431498.055792031 4581207.088833333, 431495.93569535 4581208.396800736, 431493.3418080916 4581210.009023669)"
way,1446177699,"LINESTRING (431493.3418080916 4581210.009023669, 431491.47120391065 4581211.170297297, 431489.7502737777 4581212.241333908, 431487.555343378 4581213.594422563)"
way,1446177700,"LINESTRING (431475.7659628655 4581184.605394847, 431472.6779175564 4581187.021700569, 431471.5061379183 4581187.79887542)"
way,1446177701,"LINESTRING (431471.5061379183 4581187.79887542, 431467.945106767 4581189.720028878)"
way,1446177702,"LINESTRING (431574.49956876115 4581345.396154276, 431560.3033481786 4581321.825691693, 431557.6922400952 4581319.840741438, 431555.57871748786 4581316.529856924, 431555.36833638285 4581313.733933319, 431528.09681720316 4581271.090260697, 431493.44952682377 4581214.327002422, 431491.47120391065 4581211.170297297, 431478.590004434 4581190.52980457)"
way,1446177703,"LINESTRING (431478.590004434 4581190.52980457, 431477.6274434201 4581187.785406255, 431475.7659628655 4581184.605394847, 431468.4492008295 4581174.049182355, 431465.0607424949 4581171.227800854, 431462.8334966316 4581167.396185227, 431459.2364264593 4581160.202268012)"
way,1446177704,"LINESTRING (431495.4256084229 4581174.782284464, 431496.24035037006 4581174.274956164, 431501.53035763063 4581181.863693716, 431502.9407134489 4581182.438812825, 431506.3987508822 4581182.006428031)"
way,1446177708,"LINESTRING (431571.96406406234 4581287.652126433, 431550.6107716798 4581253.601587498, 431540.0799113278 4581236.5250008125, 431528.23068159906 4581217.107087358, 431520.65632388706 4581204.943349037)"
way,1446177709,"LINESTRING (431500.3014304694 4581172.171445405, 431498.9087795542 4581169.930736543, 431497.54163321236 4581167.734198137)"
way,1446177710,"LINESTRING (431497.54163321236 4581167.734198137, 431494.5524934611 4581162.921623936)"
way,1446177711,"LINESTRING (431505.1844311356 4581180.052705874, 431500.3014304694 4581172.171445405)"
way,1446177712,"LINESTRING (431507.5111536988 4581183.794571314, 431506.3987508822 4581182.006428031, 431505.1844311356 4581180.052705874)"
way,1446177713,"LINESTRING (431514.1689404841 4581194.534694433, 431507.5111536988 4581183.794571314)"
way,1446177714,"LINESTRING (431517.55704147875 4581199.976367026, 431516.2238782132 4581197.835018202, 431514.1689404841 4581194.534694433)"
way,1446177715,"LINESTRING (431520.65632388706 4581204.943349037, 431517.55704147875 4581199.976367026)"
way,1446177726,"LINESTRING (431636.7746862953 4581406.573382451, 431639.90980000724 4581408.264743859)"
way,1446177727,"LINESTRING (431641.36043216375 4581402.477593886, 431639.90980000724 4581408.264743859)"
way,1446265407,"LINESTRING (431203.7568179759 4580818.302164311, 431207.55906627356 4580817.111381475)"
way,1446265408,"LINESTRING (431216.1389325348 4580799.420876593, 431217.2025003064 4580797.811976991)"
way,1446283653,"LINESTRING (427405.94903733325 4579820.406746232, 427410.6049516293 4579820.104762406, 427412.306660216 4579819.643607795, 427418.2000402515 4579819.2959309975)"
way,1447743500,"LINESTRING (430999.729845221 4583986.23258055, 430996.92081371974 4583983.572451456)"
way,1447935649,"LINESTRING (427587.1373708013 4577314.112380297, 427586.4734315842 4577315.495763804)"
way,1451794364,"LINESTRING (432469.9125505087 4585807.051611313, 432467.76256457233 4585882.937588064, 432466.1654641442 4585932.093802279)"
way,1453298794,"LINESTRING (432537.6202295007 4587275.564328469, 432536.667629358 4587265.702741057)"
way,1453741906,"LINESTRING (432585.0564082975 4587316.091726668, 432591.1090417536 4587314.647454652, 432606.6457433312 4587315.057820649, 432614.8625216829 4587315.414278936, 432619.7883451293 4587315.89022615, 432623.3236777114 4587316.8898621565, 432626.90152848186 4587318.866158267, 432630.4062524577 4587321.065195046)"
way,1453741907,"LINESTRING (432630.4062524577 4587321.065195046, 432660.4224058662 4587339.360818036)"
way,1454965915,"LINESTRING (429722.42576299526 4583161.767886007, 429702.34937243053 4583183.846568017, 429667.01067715517 4583222.650162743, 429658.6704105185 4583231.602392679, 429653.13503531006 4583237.540702935, 429649.327029506 4583237.1224721605)"
way,1458793260,"LINESTRING (432026.4717570144 4583879.448802674, 432026.0718749458 4583871.580636007)"
way,1461655438,"LINESTRING (426706.8103379344 4583618.690817818, 426704.3819642635 4583617.471857252, 426703.1124314317 4583616.7630102215, 426701.91869240155 4583616.108911367, 426688.0876143531 4583605.012657218, 426681.0496152814 4583599.343646321, 426678.03354554874 4583597.053650983, 426677.0606645867 4583595.919889745, 426676.72892460215 4583595.356994301, 426675.784758587 4583593.756615332, 426675.22387702815 4583592.030222244, 426674.3421994613 4583589.996192667)"
way,1461655439,"LINESTRING (426808.2515453255 4583479.843013841, 426807.8173109507 4583483.200514769, 426807.2419229725 4583485.826643007)"
way,1466593161,"LINESTRING (428852.92936438863 4580805.956343522, 428854.8748482128 4580805.637468358, 428857.799271353 4580805.364499449, 428871.46603919717 4580804.653016229, 428876.18923898897 4580804.451225817, 428877.67286013963 4580804.7919601835, 428879.22686586704 4580805.487297031, 428881.79786011454 4580807.549415022, 428882.60652720183 4580808.141036967, 428883.5691767739 4580808.231517601, 428884.6634200727 4580807.243725825)"
way,1466593163,"LINESTRING (428964.60990264924 4580876.685587049, 428963.76018421864 4580875.317155613, 428962.91253287625 4580874.159659097, 428960.96995225165 4580872.2134856945, 428945.681117945 4580856.741574065, 428930.44827094034 4580841.868701205, 428920.5130604394 4580831.651533813, 428919.5478892928 4580830.45078308, 428914.99585182616 4580821.668620769, 428914.4749705933 4580820.57454228, 428913.8805704037 4580819.6588312825, 428912.6325799628 4580817.761372558)"
way,1466593164,"LINESTRING (428884.6634200727 4580807.243725825, 428886.51741380093 4580805.271424651, 428890.82640422054 4580801.209898428, 428892.4614794171 4580799.93922937)"
way,1466595151,"LINESTRING (429065.5416707679 4580972.181237562, 429068.0781058414 4580969.869216319)"
way,1466805424,"LINESTRING (428966.8105614317 4580881.071869893, 428966.484449232 4580881.929989248, 428965.8688136257 4580883.112930247, 428963.2699423235 4580885.8808178, 428958.5568726569 4580890.523613212, 428950.8952564109 4580898.09317239, 428914.92434392835 4580934.608030816, 428885.9755118992 4580963.981623913, 428883.9916874123 4580966.354905107, 428883.1053504803 4580968.073449344, 428882.73703180393 4580969.742499015, 428882.5904607558 4580970.998565367, 428882.46725924424 4580972.931679539)"
way,1466805425,"LINESTRING (428966.8105614317 4580881.071869893, 428967.8786761196 4580876.56472761)"
way,1471597468,"LINESTRING (432208.118631148 4583921.801973144, 432209.67823442153 4583922.309205295, 432304.54633986723 4583953.275701917, 432319.47991793463 4583958.143481416, 432346.86611092626 4583967.18062724)"
way,1471597472,"LINESTRING (432207.167064612 4583924.631004773, 432208.118631148 4583921.801973144)"
way,1471597473,"LINESTRING (432346.86611092626 4583967.18062724, 432348.05473251076 4583963.772052221, 432350.1309030672 4583957.83484021, 432350.6518544082 4583956.331089517, 432351.50648720807 4583953.858274229)"
way,1473393691,"LINESTRING (430909.02036404284 4582294.619904378, 430909.6176610709 4582292.371430561, 430911.4173857429 4582285.570420505, 430912.7821567436 4582280.505604813, 430915.4001611377 4582270.954386685, 430916.76282068295 4582265.667534957)"
way,1474467603,"LINESTRING (429095.63973032986 4580941.387065809, 429159.75421287224 4580875.042090324, 429177.5713435725 4580856.603710782)"
way,1475861989,"LINESTRING (428035.72847068816 4582585.621303642, 428033.8071232737 4582584.95200778, 428032.4479011732 4582584.476981055, 427966.8823138315 4582562.856119099, 427963.68709225976 4582561.888625935)"
way,1475861990,"LINESTRING (427963.68709225976 4582561.888625935, 427951.42199831305 4582557.75816893, 427938.98946230055 4582553.607192126)"
way,1475862003,"LINESTRING (427478.451122005 4582401.962003395, 427481.48405866465 4582395.891622116)"
way,1483360495,"LINESTRING (428476.53989393916 4580394.311994239, 428473.1249413963 4580393.202090039)"
way,1487226204,"LINESTRING (425402.0374853404 4581362.161542708, 425399.9767066548 4581377.249572715)"
way,1487226205,"LINESTRING (425399.9767066548 4581377.249572715, 425398.9734726447 4581384.587902477, 425397.9618791957 4581391.926318573)"
way,1491975507,"LINESTRING (425864.7153666203 4583590.078649014, 425866.42507081566 4583590.494165533, 425869.43067413336 4583590.91862269, 425873.5131331668 4583591.187718418)"
way,1493723426,"LINESTRING (427709.8917713777 4583283.934344381, 427710.32958215737 4583285.917408724, 427710.6272759233 4583288.101725417)"
way,1494100069,"LINESTRING (431322.5738018234 4588183.972284035, 431319.62740993686 4588181.624236901, 431316.09171605477 4588178.804361514)"
way,1497131410,"LINESTRING (433036.97804023477 4584925.612274855, 433042.24119975994 4584930.75971462, 433047.6813999976 4584936.07206309)"
way,1498755056,"LINESTRING (430987.8025702691 4584559.921612376, 430989.5242031235 4584558.139839925)"
way,1498755057,"LINESTRING (430987.6656876572 4584565.729732071, 430987.8025702691 4584559.921612376)"
way,1498755058,"LINESTRING (430999.8751959391 4584559.318007896, 430999.97804089135 4584565.723398627)"
