station_id,name,address,post_code,capacity,census_section,neighborhood,bikes_ratio_capacity_mean,pct_empty,pct_near_empty,pct_full,pct_near_full,dimension_score__accessibility,dimension_score__activity,dimension_score__socioeconomic,dimension_score__topography,explanatory_score_0_1,explanatory_score_0_100,explanatory_score_percentile,explanatory_score_band,explanatory_rank,bus_unique_lines_300m,metro_count_500m,metro_nearest_m,tram_nearest_m,bike_lane_len_300m,bus_nearest_m,poi_count_300m,total_population,income_2022_house,education_college,unemployment_percentage,mean_slope_150m,score__bus_unique_lines_300m,score__metro_count_500m,score__metro_nearest_m,score__tram_nearest_m,score__bike_lane_len_300m,score__bus_nearest_m,score__poi_count_300m,score__total_population,score__income_2022_house,score__education_college,score__unemployment_percentage,score__mean_slope_150m
374,"PG. DE GRÀCIA, 89","PG. DE GRÀCIA, 89",8008.0,33,801902083,la Dreta de l'Eixample,0.2358482484005496,0.19812280900147,0.3568924573108673,0.0,0.00836820083682,0.8080110497237568,0.91804788213628,0.8757725976941901,0.8339483394833949,0.8563512382834416,85.64,100.0,Muy alto,1,18,19,155.09861041503137,646.8642422274813,2335.6982711306227,35.610111673432,373,1834,66319,1098,4.2,-0.2226842105263158,0.8250460405156538,0.9401473296500921,0.7440147329650092,0.6979742173112339,0.8434622467771639,0.7974217311233885,0.91804788213628,0.8066298342541437,0.8987108655616943,0.9484346224677717,0.8493150684931507,0.8339483394833949
287,"Mercado Time Out GRAN VIA , 632","Mercado Time Out GRAN VIA , 632",8007.0,16,801902077,la Dreta de l'Eixample,0.2970915492957746,0.2104788732394366,0.4500281690140845,0.0780845070422535,0.1867042253521126,0.7536832412523021,0.8867403314917127,0.8085534448396781,0.7712177121771218,0.8032952353477216,80.33,99.82,Muy alto,2,52,59,49.80944672579583,1045.8742388300482,2138.165900703112,103.27898092584576,340,1674,52902,972,4.2,-0.1576842105263158,0.9898710865561694,1.0,0.9410681399631676,0.5303867403314917,0.7992633517495396,0.26151012891344383,0.8867403314917127,0.7200736648250461,0.7486187845303868,0.916206261510129,0.8493150684931507,0.7712177121771218
92,"C / PROVENÇA, 241","C / PROVENÇA, 241",8008.0,18,801902083,la Dreta de l'Eixample,0.1812671245730585,0.3700033779979732,0.6625380024771985,0.0202679878392072,0.053034568179259,0.6250767341927563,0.9244935543278084,0.8757725976941901,0.8856088560885609,0.8016847233862485,80.17,99.63,Muy alto,3,12,19,124.72808968619226,795.0748032676347,1575.1825407718522,150.50113942573464,378,1834,66319,1098,4.2,-0.2798857142857143,0.6482504604051565,0.9401473296500921,0.8047882136279927,0.6224677716390423,0.6390423572744015,0.09576427255985265,0.9244935543278084,0.8066298342541437,0.8987108655616943,0.9484346224677717,0.8493150684931507,0.8856088560885609
66,"GRAN VIA DE LES CORTS CATALANES, 609","GRAN VIA DE LES CORTS CATALANES, 609",8007.0,16,801902079,la Dreta de l'Eixample,0.2932827827263502,0.2531288758597361,0.4799864697260119,0.0127410080054121,0.1549216371631525,0.7923572744014734,0.9042357274401474,0.7445571280809304,0.7453874538745388,0.8013313780019659,80.13,99.45,Muy alto,4,52,54,47.12795825249569,1016.8054479663294,2204.402127854314,73.64574763349061,359,1419,67110,824,4.2,-0.1262432432432432,0.9898710865561694,0.996316758747698,0.9484346224677717,0.5432780847145489,0.8158379373848987,0.46040515653775327,0.9042357274401474,0.4180478821362799,0.9097605893186004,0.8011049723756906,0.8493150684931507,0.7453874538745388
123,"C/ PROVENÇA, 317","C/ PROVENÇA, 317",8037.0,21,801902060,la Dreta de l'Eixample,0.1190824635606803,0.2017336485421592,0.6238883260159855,0.0009005966452774,0.0019137678712146,0.8069367710251688,0.9263351749539595,0.7312053785413355,0.6845018450184501,0.7994882849854003,79.95,99.26,Alto,5,12,4,52.29950497086632,71.78924234326131,3089.862927182165,42.24474414710252,380,1564,49792,795,4.2,-0.087078947368421,0.6482504604051565,0.567219152854512,0.9373848987108655,0.990791896869245,0.9594843462246777,0.7384898710865562,0.9263351749539595,0.5939226519337016,0.7034990791896869,0.7780847145488029,0.8493150684931507,0.6845018450184501
413,"C/ BRUC, 66","C/ BRUC, 66",8009.0,31,801902071,la Dreta de l'Eixample,0.2270045666756495,0.0974260555430119,0.288665613005193,0.0,0.0,0.6844689993861266,0.8471454880294659,0.7947412901435456,0.915129151291513,0.7873052170221241,78.73,99.08,Alto,6,14,18,169.49385873455677,617.8136782137005,2874.1961266113767,175.94564684996703,303,1605,57959,850,4.2,-0.3422777777777777,0.7532228360957642,0.9318600368324125,0.7163904235727441,0.7108655616942909,0.9410681399631676,0.05340699815837935,0.8471454880294659,0.6482504604051565,0.8314917127071824,0.8499079189686924,0.8493150684931507,0.915129151291513
60,"RBLA. CATALUNYA, 47","RBLA. CATALUNYA, 47",8007.0,27,801902079,la Dreta de l'Eixample,0.2495342172761527,0.1691856530566208,0.4515001127904354,0.0186104218362282,0.0675614707872772,0.6187845303867404,0.9686924493554327,0.7445571280809304,0.9428044280442804,0.7863076442010919,78.63,98.9,Alto,7,20,21,183.0312545161888,955.9230565833132,1452.0933236595872,165.57488825519837,477,1419,67110,824,4.2,-0.3893157894736842,0.8453038674033149,0.9576427255985267,0.6906077348066298,0.5598526703499079,0.5948434622467772,0.0644567219152854,0.9686924493554327,0.4180478821362799,0.9097605893186004,0.8011049723756906,0.8493150684931507,0.9428044280442804
600,"C/ VALÈNCIA, 237","C/ VALÈNCIA, 237",8007.0,24,801902081,la Dreta de l'Eixample,0.2113655138748075,0.2595471443055086,0.5100822349892982,0.0208403740002253,0.0491156922383688,0.6275322283609577,0.9650092081031307,0.8852109034032141,0.6162361623616236,0.7746267321571649,77.46,98.71,Alto,8,12,25,279.4926277036771,863.1886528828289,1954.076252616684,96.32822075842162,446,2055,59415,1188,4.2,-0.0268421052631579,0.6482504604051565,0.9696132596685083,0.5027624309392265,0.5966850828729282,0.7403314917127072,0.30755064456721914,0.9650092081031307,0.8793738489871087,0.8406998158379374,0.9714548802946593,0.8493150684931507,0.6162361623616236
465,"C/ ROSSELLÓ, 261","C/ ROSSELLÓ, 261",8008.0,27,801902083,la Dreta de l'Eixample,0.1837785040760359,0.2717232052293474,0.4973515158345543,0.0,0.0037191479770089,0.7587476979742173,0.9088397790055248,0.8757725976941901,0.4022140221402214,0.772046891786938,77.2,98.53,Alto,9,15,16,59.29899500499942,715.0482839268346,2053.585733589513,68.10402066704742,364,1834,66319,1098,4.2,0.1213243243243243,0.7799263351749539,0.9125230202578268,0.9208103130755064,0.6611418047882136,0.7753222836095764,0.5027624309392265,0.9088397790055248,0.8066298342541437,0.8987108655616943,0.9484346224677717,0.8493150684931507,0.4022140221402214
494,"RBLA. CATALUNYA, 33 - C/ DIPUTACIÓ","RBLA. CATALUNYA, 33 - C/ DIPUTACIÓ",8007.0,24,801902079,la Dreta de l'Eixample,0.2785219094985117,0.2585057081496552,0.4538261557590143,0.0504125692325082,0.1158584831016163,0.6439533456108041,0.9613259668508287,0.7445571280809304,0.7933579335793358,0.7708581347336215,77.09,98.34,Alto,10,22,41,209.92568850518168,992.6339889837514,1986.2254292400016,177.87923681508462,434,1419,67110,824,4.2,-0.1834736842105263,0.8701657458563536,0.9843462246777164,0.6519337016574586,0.5488029465930018,0.7569060773480663,0.05156537753222834,0.9613259668508287,0.4180478821362799,0.9097605893186004,0.8011049723756906,0.8493150684931507,0.7933579335793358
209,"C/ DIPUTACIÓ, 200","C/ DIPUTACIÓ, 200",8011.0,26,801902092,l'Antiga Esquerra de l'Eixample,0.1926367564665436,0.1435325903411009,0.3771248452099516,0.0070921985815602,0.0167736125182933,0.6289134438305709,0.9429097605893186,0.7756344761472287,0.8044280442804428,0.7704199711669031,77.04,98.16,Alto,11,35,12,255.74491485804205,1511.9924977653134,2080.104566683985,103.1700685826864,398,1693,46768,883,4.2,-0.1909714285714285,0.9419889502762431,0.8572744014732965,0.5506445672191529,0.3775322283609577,0.7826887661141805,0.26335174953959484,0.9429097605893186,0.7375690607734806,0.6390423572744015,0.8766114180478821,0.8493150684931507,0.8044280442804428
359,"C/ MÉNDEZ NÚÑEZ, 16","C/ MÉNDEZ NÚÑEZ, 16",8003.0,26,801901052,"Sant Pere, Santa Caterina i la Ribera",0.4458564206619668,0.0077781535339871,0.0565888851313267,0.0362980498252733,0.122985007327246,0.6844689993861263,0.8139963167587477,0.8244321669736036,0.7785977859778598,0.765960938614911,76.6,97.97,Alto,12,26,11,213.0622046776344,898.6524674676652,1424.5151717240549,60.071931874635766,282,2428,44209,1162,,-0.1664864864864864,0.8996316758747698,0.8388581952117864,0.6445672191528545,0.5819521178637201,0.580110497237569,0.5616942909760589,0.8139963167587477,0.9465930018416207,0.570902394106814,0.9558011049723757,,0.7785977859778598
412,"PL. URQUINAONA, 3","PL. URQUINAONA, 3",8010.0,27,801902077,la Dreta de l'Eixample,0.3070712392229665,0.1073605780085798,0.2846014901783698,0.0099345224655678,0.0705576879656807,0.8526703499079189,0.8268876611418048,0.8085534448396781,0.3763837638376384,0.763752463538788,76.38,97.79,Alto,13,55,36,57.34670495955649,1109.4108797383924,1919.2571969173407,10.065130632446255,290,1674,52902,972,4.2,0.1343783783783783,0.994475138121547,0.9742173112338858,0.9244935543278084,0.5064456721915285,0.7348066298342542,0.9815837937384899,0.8268876611418048,0.7200736648250461,0.7486187845303868,0.916206261510129,0.8493150684931507,0.3763837638376384
68,"RAMBLA CATALUNYA, 133 /  CÒRSEGA","RAMBLA CATALUNYA, 133 /  CÒRSEGA",8008.0,27,801902083,la Dreta de l'Eixample,0.121433250305617,0.2826405317111636,0.6032443393038188,0.0019150613946152,0.0110397656866058,0.6275322283609577,0.9576427255985267,0.8757725976941901,0.5627306273062731,0.7623997048454553,76.24,97.61,Alto,14,13,16,168.10282579494157,916.57969197511,2055.362639010554,158.26249326373542,426,1834,66319,1098,4.2,0.0089999999999999,0.7053406998158379,0.9125230202578268,0.7200736648250461,0.569060773480663,0.7771639042357275,0.08103130755064458,0.9576427255985267,0.8066298342541437,0.8987108655616943,0.9484346224677717,0.8493150684931507,0.5627306273062731
362,"C/ BAILÉN, 100","C/ BAILÉN, 100",8009.0,32,801902065,la Dreta de l'Eixample,0.1920713682432432,0.0823198198198198,0.3433558558558559,0.0,0.0051801801801801,0.6772559852670349,0.9005524861878453,0.7947412901435456,0.6752767527675276,0.7621545518414391,76.22,97.42,Alto,15,10,7,222.29534672123748,311.8366604897522,2695.7667786155475,81.10320374528177,357,1744,48394,910,4.2,-0.0747105263157894,0.5202578268876611,0.7366482504604052,0.6243093922651934,0.8655616942909761,0.9189686924493554,0.39779005524861877,0.9005524861878453,0.7624309392265194,0.6795580110497238,0.8876611418047882,0.8493150684931507,0.6752767527675276
364,"PG. DE GRÀCIA, 61","PG. DE GRÀCIA, 61",8007.0,33,801902081,la Dreta de l'Eixample,0.2417410493162945,0.1981738248224551,0.4569947018374478,0.0114981400067636,0.0508398151279449,0.7871393492940455,0.934622467771639,0.8852109034032141,0.16236162361623618,0.7548113585890647,75.48,97.24,Alto,16,13,25,182.83282220417348,693.6915911652518,2425.1089543296207,34.01616439887371,384,2055,59415,1188,4.2,0.3327941176470588,0.7053406998158379,0.9696132596685083,0.6924493554327809,0.6721915285451197,0.861878453038674,0.8213627992633518,0.934622467771639,0.8793738489871087,0.8406998158379374,0.9714548802946593,0.8493150684931507,0.16236162361623618
105,"RDA. DE SANT PERE, 26","RDA. DE SANT PERE, 26",8010.0,21,801902075,la Dreta de l'Eixample,0.3361653740117358,0.1361793196665915,0.2964631673800405,0.0430277089434557,0.1210858301419238,0.8360957642725598,0.8342541436464088,0.5986086934584627,0.6789667896678967,0.7526942452217982,75.27,97.05,Alto,17,35,23,51.96393116184113,1147.5297110576655,1816.5215856136304,11.631956401964969,293,1192,54726,648,4.2,-0.0805675675675675,0.9419889502762431,0.9659300184162063,0.9392265193370166,0.4861878453038674,0.7108655616942909,0.9723756906077348,0.8342541436464088,0.1860036832412523,0.7771639042357275,0.58195211786372,0.8493150684931507,0.6789667896678967
62,"PL. CATALUNYA, 5","PL. CATALUNYA, 5",8002.0,25,801902077,la Dreta de l'Eixample,0.4023924886982729,0.0775472354236698,0.1887098643792743,0.012634751362003,0.1523125072446969,0.7644260282381831,0.9502762430939227,0.8085534448396781,0.29704797047970477,0.75181372743872,75.18,96.87,Alto,18,56,55,53.985746567797605,1253.182281716704,1106.0682657876073,40.142706446332745,412,1674,52902,972,4.2,0.1982702702702702,0.9972375690607734,0.998158379373849,0.9337016574585635,0.4475138121546961,0.44751381215469616,0.7624309392265194,0.9502762430939227,0.7200736648250461,0.7486187845303868,0.916206261510129,0.8493150684931507,0.29704797047970477
597,"C/ PROVENÇA, 310","C/ PROVENÇA, 310",8037.0,28,801902080,la Dreta de l'Eixample,0.1497401280854761,0.2684163099797251,0.5624014417661636,0.0020274836674926,0.005181347150259,0.7153161448741558,0.8895027624309392,0.7698794116905068,0.5645756457564576,0.7498925410997848,74.99,96.69,Alto,19,18,20,300.89907389680525,430.1010264708136,3327.6929315894185,102.82266616645144,341,1502,59893,874,4.2,0.008578947368421,0.8250460405156538,0.9493554327808471,0.4622467771639043,0.8103130755064457,0.9760589318600368,0.26887661141804786,0.8895027624309392,0.5230202578268877,0.8453038674033149,0.861878453038674,0.8493150684931507,0.5645756457564576
115,"AV. MARQUÉS DE L'ARGENTERA,  3","AV. MARQUÉS DE L'ARGENTERA,  3",8003.0,21,801901043,"Sant Pere, Santa Caterina i la Ribera",0.6300064495324089,0.0020316027088036,0.0119638826185101,0.1015801354401805,0.3029345372460497,0.7437077961939841,0.8416206261510129,0.6537753222836096,0.7693726937269373,0.7495526198355906,74.96,96.5,Alto,20,16,4,112.9311466484442,784.5991063378415,1908.267886359484,25.99511914264375,299,1602,42945,831,,-0.1562894736842105,0.8029465930018416,0.567219152854512,0.8324125230202578,0.6279926335174955,0.7292817679558011,0.9023941068139963,0.8416206261510129,0.6353591160220995,0.5119705340699816,0.8139963167587477,,0.7693726937269373
84,C/ DEL COMTE D'URGELL 75 B,"C/ DEL COMTE D'URGELL, 75 B",8011.0,27,801902143,la Nova Esquerra de l'Eixample,0.317897063730397,0.0403153153153153,0.166554054054054,0.0094594594594594,0.038063063063063,0.6772559852670349,0.9558011049723757,0.592143650012794,0.7878228782287823,0.742199215324072,74.22,96.32,Alto,21,23,8,158.46879633504184,1546.9448950202009,2579.4481519109245,80.23131082373793,425,1401,46466,694,4.9,-0.1753243243243243,0.8802946593001841,0.7780847145488029,0.7366482504604052,0.3627992633517495,0.9042357274401474,0.4014732965009208,0.9558011049723757,0.3867403314917127,0.6298342541436464,0.6758747697974218,0.6761252446183953,0.7878228782287823
61,"C/ ARAGÓ, 288","C/ ARAGÓ, 288",8009.0,26,801902078,la Dreta de l'Eixample,0.2500303461191649,0.1866546438232642,0.4170423805229937,0.009580703336339,0.0384355275022542,0.7550644567219152,0.914364640883978,0.6842440525744847,0.5110701107011071,0.7405852498224521,74.06,96.13,Alto,22,15,22,160.857301737565,553.0844089202785,2860.71932182477,83.10329895058652,371,1385,56001,724,4.2,0.0392368421052631,0.7799263351749539,0.9622467771639043,0.7292817679558011,0.7421731123388582,0.9373848987108656,0.3793738489871087,0.914364640883978,0.3756906077348066,0.8038674033149171,0.7081031307550645,0.8493150684931507,0.5110701107011071
91,"C/ COMTE D'URGELL, 43","C/ COMTE D'URGELL, 43",8011.0,35,801902160,Sant Antoni,0.3808644160525214,0.0271457535480964,0.1075692723586393,0.0208380265825636,0.0595854922279792,0.7260589318600368,0.8020257826887661,0.700433916092737,0.7306273062730627,0.739329646787348,73.93,95.95,Alto,23,29,10,144.1692992206559,1822.462717277531,1978.4681193470965,36.53777283536356,276,1866,47447,840,5.2,-0.1166486486486486,0.923572744014733,0.8232044198895028,0.7642725598526703,0.2983425414364641,0.7550644567219152,0.7918968692449355,0.8020257826887661,0.8195211786372008,0.6593001841620626,0.8434622467771639,0.4794520547945206,0.7306273062730627
63,"PL. CATALUNYA, 7","PL. CATALUNYA, 7",8002.0,27,801902077,la Dreta de l'Eixample,0.3972489719096054,0.0909618285183896,0.1644042232277526,0.0361990950226244,0.0871330780833043,0.7461632903621854,0.9723756906077348,0.8085534448396781,0.20110701107011075,0.7365554871491347,73.66,95.76,Alto,24,54,51,68.9126120563985,1335.0061969591231,375.6380502316025,10.318600727945062,484,1674,52902,972,4.2,0.2901842105263159,0.992633517495396,0.992633517495396,0.9005524861878453,0.41804788213627997,0.19337016574585636,0.9797421731123389,0.9723756906077348,0.7200736648250461,0.7486187845303868,0.916206261510129,0.8493150684931507,0.20110701107011075
395,"PL. CATALUNYA, 20","PL. CATALUNYA, 20",8002.0,33,801902077,la Dreta de l'Eixample,0.2500961148806617,0.0960109726825923,0.267001943079209,0.0008000914390216,0.0026288718710709,0.693523634131369,0.9705340699815838,0.8085534448396781,0.31734317343173435,0.7351066266660548,73.51,95.58,Alto,25,48,47,45.345224896759184,1361.9386334050605,145.30966574984154,48.486112436721534,482,1674,52902,972,4.2,0.1797948717948718,0.9871086556169429,0.9880294659300184,0.9539594843462247,0.4069981583793738,0.13259668508287292,0.6924493554327809,0.9705340699815838,0.7200736648250461,0.7486187845303868,0.916206261510129,0.8493150684931507,0.31734317343173435
368,"C/ DIPUTACIÓ, 373","C/ DIPUTACIÓ, 373",8013.0,26,801902068,la Dreta de l'Eixample,0.1768424792872742,0.1378999549346552,0.4108832807570978,0.0,0.0098017124831004,0.6484039287906692,0.7955801104972375,0.704041474305608,0.8726937269372694,0.732750830318036,73.28,95.4,Alto,26,19,3,224.1866388961044,389.0590480949232,3592.9020935527487,125.52496149850218,262,1542,46633,768,4.2,-0.2713157894736842,0.8351749539594844,0.45119705340699817,0.6169429097605893,0.8287292817679558,0.988950276243094,0.1694290976058932,0.7955801104972375,0.578268876611418,0.6372007366482505,0.7513812154696132,0.8493150684931507,0.8726937269372694
406,"GRAN VIA DE LES CORTS CATALANES, 592","GRAN VIA DE LES CORTS CATALANES, 592",8007.0,33,801902077,la Dreta de l'Eixample,0.2782564501384852,0.0989419180549302,0.2393066186402521,0.0054029716343989,0.0162089149031967,0.7659607120933088,0.9484346224677717,0.8085534448396781,0.16605166051660514,0.7322410151370111,73.22,95.21,Alto,27,43,51,89.69123340426331,1363.722891659553,1961.011479924386,56.04413417283634,403,1674,52902,972,4.2,0.3288378378378379,0.9751381215469613,0.992633517495396,0.8692449355432781,0.4051565377532228,0.7476979742173112,0.6058931860036832,0.9484346224677717,0.7200736648250461,0.7486187845303868,0.916206261510129,0.8493150684931507,0.16605166051660514
23,"C/ BRUC, 45","C/ BRUC, 45",8010.0,27,801902072,la Dreta de l'Eixample,0.2208266479475865,0.1090929602888086,0.3438628158844765,0.0028203971119133,0.0113944043321299,0.7308164518109269,0.8093922651933702,0.6193269255026616,0.7915129151291513,0.7316924930772051,73.17,95.03,Alto,28,22,19,289.54904559016325,756.9917670320435,2901.33929843596,68.2980198888241,281,1157,63483,651,4.2,-0.1799189189189189,0.8701657458563536,0.9401473296500921,0.48250460405156537,0.6464088397790055,0.9447513812154696,0.5009208103130756,0.8093922651933702,0.16022099447513813,0.8674033149171271,0.6003683241252302,0.8493150684931507,0.7915129151291513
599,"C/ VALÈNCIA, 312 (xamfrà)","C/ VALÈNCIA, 312 (xamfrà)",8009.0,23,801902065,la Dreta de l'Eixample,0.2114613376947071,0.2287419754476855,0.472350489920036,0.0,0.0109246536772159,0.6936771025168814,0.8821362799263351,0.7947412901435456,0.4464944649446494,0.7289805481400762,72.9,94.84,Alto,29,11,13,305.1016171202167,380.6134565653653,3009.056195549497,74.59802961195693,339,1744,48394,910,4.2,0.0805945945945946,0.5902394106813996,0.8738489871086557,0.45856353591160226,0.8342541436464088,0.9502762430939227,0.45488029465930013,0.8821362799263351,0.7624309392265194,0.6795580110497238,0.8876611418047882,0.8493150684931507,0.4464944649446494
73,"C/ ENRIC GRANADOS, 93","C/ ENRIC GRANADOS, 93",8008.0,27,801902084,l'Antiga Esquerra de l'Eixample,0.1656008976653193,0.23392273904719,0.5190899876112175,0.0,0.0111499042684987,0.5879373848987108,0.8139963167587477,0.8467670728323116,0.7195571955719557,0.728902511448107,72.89,94.66,Alto,30,15,9,157.13613036049676,1098.8734764460537,1531.3878300132342,166.51340408376328,282,1958,51129,1111,4.2,-0.1074054054054053,0.7799263351749539,0.8066298342541437,0.7384898710865562,0.5156537753222836,0.6261510128913443,0.06077348066298338,0.8139963167587477,0.860036832412523,0.7237569060773481,0.9539594843462247,0.8493150684931507,0.7195571955719557
65,"PL. CATALUNYA, 10-11 (PG. DE GRÀCIA)","PL. CATALUNYA, 10-11 (PG. DE GRÀCIA)",8002.0,21,801902077,la Dreta de l'Eixample,0.4884330759330759,0.0561936936936936,0.1572072072072072,0.0601351351351351,0.2353603603603603,0.8221301411909149,0.91804788213628,0.8085534448396781,0.0627306273062731,0.7288054752567507,72.88,94.48,Alto,31,62,47,18.65045277901155,1210.7975107356383,1481.2930546367672,28.09192965933481,373,1674,52902,972,4.2,0.5039444444444444,1.0,0.9880294659300184,0.992633517495396,0.4640883977900553,0.6040515653775322,0.8839779005524862,0.91804788213628,0.7200736648250461,0.7486187845303868,0.916206261510129,0.8493150684931507,0.0627306273062731
101,"AV. DIAGONAL, 602","AV. DIAGONAL, 602",8021.0,24,801905059,Sant Gervasi - Galvany,0.1578665010164897,0.2619155184097583,0.5588434605827874,0.005534221820646,0.0176191551840975,0.6043585021485575,0.7219152854511971,0.774169919235385,0.9538745387453874,0.7286279577354488,72.86,94.29,Alto,32,33,0,642.5683760531798,73.2888893735873,2337.890290845832,42.69790920212494,232,1483,65718,761,3.2,-0.4176153846153846,0.9373848987108656,0.06261510128913444,0.06077348066298338,0.988950276243094,0.8453038674033149,0.7311233885819521,0.7219152854511971,0.507366482504604,0.8922651933701657,0.7440147329650092,0.9530332681017613,0.9538745387453874
189,"C/ BRUC, 130","C/ BRUC, 130",8037.0,28,801902063,la Dreta de l'Eixample,0.162887760857304,0.2280879864636209,0.5501410039481105,0.0039481105470953,0.0060913705583756,0.7720994475138122,0.9005524861878453,0.5868683619667499,0.5738007380073801,0.7281601293695901,72.82,94.11,Alto,33,12,8,164.36178758057477,197.18263149720647,3362.3716355531587,59.00240735157228,357,1038,65709,622,4.2,0.0041891891891891,0.6482504604051565,0.7780847145488029,0.721915285451197,0.9300184162062615,0.9797421731123389,0.574585635359116,0.9005524861878453,0.06537753222836096,0.8885819521178637,0.5441988950276243,0.8493150684931507,0.5738007380073801
394,"C/ DIPUTACIÓ, 226","C/ DIPUTACIÓ, 226",8007.0,27,801902091,l'Antiga Esquerra de l'Eixample,0.2348736117392833,0.0930574400723654,0.3591135232926277,0.0091587516960651,0.0271370420624151,0.6539287906691221,0.9631675874769797,0.8647228739372841,0.2675276752767528,0.7259768433792717,72.6,93.92,Alto,34,38,32,197.72497034079183,1292.134828731346,1970.560950739975,136.46493869549013,441,2179,51644,1231,4.2,0.2274999999999999,0.9493554327808471,0.9723756906077348,0.6758747697974217,0.43462246777163904,0.7532228360957642,0.13812154696132595,0.9631675874769797,0.9005524861878453,0.7311233885819521,0.9779005524861878,0.8493150684931507,0.2675276752767528
9,"AV. MARQUÉS DE L'ARGENTERA,13","AV. MARQUÉS DE L'ARGENTERA,13",8003.0,27,801901043,"Sant Pere, Santa Caterina i la Ribera",0.5601498525521763,0.0022781637999772,0.0157193302198428,0.0910126438090898,0.2126665907278733,0.6284530386740331,0.7697974217311234,0.6537753222836096,0.996309963099631,0.7252982440045395,72.53,93.74,Alto,35,16,2,77.76190010581018,674.9381495897741,1266.2845311666376,57.86776900215623,248,1602,42945,831,,-0.7750277777777778,0.8029465930018416,0.2955801104972376,0.8839779005524862,0.6777163904235728,0.5211786372007366,0.5893186003683242,0.7697974217311234,0.6353591160220995,0.5119705340699816,0.8139963167587477,,0.996309963099631
15,"C/ DIPUTACIÓ, 272","C/ DIPUTACIÓ, 272",8009.0,27,801902078,la Dreta de l'Eixample,0.3277522954942309,0.1588089330024814,0.32359575907963,0.0010151139183397,0.0827881795623731,0.7564456721915286,0.8729281767955801,0.6842440525744847,0.466789667896679,0.724067492794053,72.41,93.55,Alto,36,26,37,202.0506931031146,771.573955429281,3144.51175404226,81.77076058700084,333,1385,56001,724,4.2,0.0698421052631578,0.8996316758747698,0.9760589318600368,0.6666666666666667,0.6372007366482504,0.9686924493554327,0.39042357274401474,0.8729281767955801,0.3756906077348066,0.8038674033149171,0.7081031307550645,0.8493150684931507,0.466789667896679
18,"C/ ROSSELLÓ, 453","C/ ROSSELLÓ, 453",8025.0,27,801902047,la Sagrada Família,0.1795334159810661,0.1861828017581426,0.45429956046433,0.0005635072692437,0.0031556407077651,0.6368937998772252,0.8784530386740331,0.6831858415052996,0.7324723247232472,0.723193398710349,72.32,93.37,Alto,37,12,4,173.57898365449677,651.9678316505456,1848.341204671136,70.40362537565653,338,1867,45913,747,5.1,-0.1167837837837837,0.6482504604051565,0.567219152854512,0.7071823204419889,0.6906077348066298,0.7200736648250461,0.4880294659300184,0.8784530386740331,0.8213627992633518,0.6151012891344383,0.7219152854511971,0.5743639921722113,0.7324723247232472
14,"AV. MARQUÉS DE  L'ARGENTERA, 15","AV. MARQUÉS DE  L'ARGENTERA, 15",8003.0,27,801901043,"Sant Pere, Santa Caterina i la Ribera",0.5712883609816402,0.0014659449706811,0.0426251691474966,0.0436400541271989,0.1489625620207487,0.6511663597298957,0.7375690607734806,0.6537753222836096,0.981549815498155,0.7229767939944592,72.3,93.09,Alto,38,14,2,102.29983406931376,646.8233516576933,1085.0936557600908,30.35654748513477,236,1602,42945,831,,-0.5111842105263158,0.7532228360957642,0.2955801104972376,0.850828729281768,0.6998158379373849,0.4419889502762431,0.8655616942909761,0.7375690607734806,0.6353591160220995,0.5119705340699816,0.8139963167587477,,0.981549815498155
140,"C/ VILADOMAT,  122","C/ VILADOMAT, 122",8015.0,27,801902144,la Nova Esquerra de l'Eixample,0.3948828904896347,0.0299216338161956,0.1317976727618142,0.0170980764663975,0.0637615768226074,0.742633517495396,0.9088397790055248,0.6358821398838805,0.5129151291512914,0.7230394802184337,72.3,93.09,Alto,38,21,8,221.0643119702385,1648.311486914275,2642.413545323006,19.86133234348073,364,1422,49659,761,4.9,0.0392105263157894,0.858195211786372,0.7780847145488029,0.6279926335174955,0.33149171270718236,0.9152854511970534,0.9447513812154696,0.9088397790055248,0.42357274401473294,0.6998158379373849,0.7440147329650092,0.6761252446183953,0.5129151291512914
64,"PL. CATALUNYA, 10-11 (LA RAMBLA)","PL. CATALUNYA, 10-11 (LA RAMBLA)",8002.0,21,801902077,la Dreta de l'Eixample,0.4275617038968893,0.1125978002041047,0.2740673545753487,0.0868579203991382,0.2213402880145141,0.8040208717004297,0.914364640883978,0.8085534448396781,0.06642066420664205,0.7220999261570606,72.21,92.82,Alto,40,56,51,21.54700104204212,1226.7646447995496,1122.690372363475,21.52707884678595,371,1674,52902,972,4.2,0.4814594594594594,0.9972375690607734,0.992633517495396,0.9834254143646409,0.45488029465930013,0.4567219152854512,0.9392265193370166,0.914364640883978,0.7200736648250461,0.7486187845303868,0.916206261510129,0.8493150684931507,0.06642066420664205
598,"C/ BRUC, 103 (xamfrà)","C/ BRUC, 103 (xamfrà)",8009.0,23,801902064,la Dreta de l'Eixample,0.1177954684629516,0.2776338028169014,0.6464225352112676,0.0,0.0009014084507042,0.6553100061387355,0.8821362799263351,0.6639862256868236,0.7066420664206642,0.7218854385149467,72.19,92.63,Alto,41,11,14,307.16227068632577,295.20207368442084,3138.1210202391176,129.41001415438427,339,1242,66794,690,4.2,-0.096078947368421,0.5902394106813996,0.8885819521178637,0.4511970534069981,0.8784530386740331,0.9668508287292817,0.15653775322283614,0.8821362799263351,0.2283609576427256,0.9060773480662984,0.6721915285451197,0.8493150684931507,0.7066420664206642
72,"C/ PROVENÇA, 215","C/ PROVENÇA, 215",8008.0,27,801902083,la Dreta de l'Eixample,0.2447679557089732,0.1411526339486717,0.3633498424133273,0.0051778478162989,0.0285907248986942,0.5755064456721916,0.9116022099447514,0.8757725976941901,0.46125461254612543,0.7174591497769213,71.75,92.45,Alto,42,7,16,56.27462207177943,972.6906482004476,1775.9708121730173,171.1078113757037,367,1834,66319,1098,4.2,0.0721621621621621,0.3029465930018416,0.9125230202578268,0.9300184162062615,0.5561694290976059,0.6942909760589319,0.057090239410681365,0.9116022099447514,0.8066298342541437,0.8987108655616943,0.9484346224677717,0.8493150684931507,0.46125461254612543
547,"C/ MALLORCA, 194 (xamfrà)","C/ MALLORCA, 194 (xamfrà)",8036.0,23,801902089,l'Antiga Esquerra de l'Eixample,0.1969888676877238,0.2028866463271532,0.4793475709927247,0.0112649612766956,0.028631776578268,0.6132596685082873,0.850828729281768,0.7988849365523853,0.5996309963099631,0.7170139498829334,71.7,92.27,Alto,43,15,2,322.062860653078,1237.6220554953688,2562.079021408196,31.23647925899098,305,1667,50653,998,4.2,-0.0171538461538461,0.7799263351749539,0.2955801104972376,0.41252302025782683,0.4511970534069981,0.8950276243093923,0.8453038674033149,0.850828729281768,0.7053406998158379,0.716390423572744,0.9244935543278084,0.8493150684931507,0.5996309963099631
102,"AV. DIAGONAL,  612","AV. DIAGONAL,  612",8021.0,24,801905059,Sant Gervasi - Galvany,0.0937665381416799,0.3539351326831481,0.7278294397822636,0.0021546836017237,0.007371286005897,0.6046654389195826,0.6731123388581952,0.774169919235385,0.955719557195572,0.7168114017245848,71.68,92.08,Alto,44,31,0,677.1788832427325,88.57573965626857,2480.67776846891,42.29677910622973,209,1483,65718,761,3.2,-0.4205588235294117,0.9337016574585635,0.06261510128913444,0.03867403314917128,0.9779005524861879,0.8784530386740331,0.7366482504604052,0.6731123388581952,0.507366482504604,0.8922651933701657,0.7440147329650092,0.9530332681017613,0.955719557195572
95,"C/ TARRAGONA, 103-115","C/ TARRAGONA, 103-115",8014.0,33,801903047,Hostafrancs,0.3061515425008204,0.0517824909747292,0.1878384476534296,0.0113944043321299,0.0560694945848375,0.74524248004911,0.7651933701657458,0.4741447816544313,0.966789667896679,0.7156878561567347,71.57,91.9,Alto,45,40,21,203.9902769071674,1785.9371648094552,2087.7788293916537,35.38010595227035,247,1673,36070,570,5.2,-0.4351351351351352,0.9594843462246777,0.9576427255985267,0.6629834254143646,0.30386740331491713,0.7845303867403315,0.8029465930018416,0.7651933701657458,0.7081031307550645,0.2274401473296501,0.48158379373848986,0.4794520547945206,0.966789667896679
596,"C/ DIPUTACIÓ, 303","C/ DIPUTACIÓ, 303",8009.0,23,801902071,la Dreta de l'Eixample,0.2466912239244616,0.1662480018269011,0.4448504224708837,0.0187257364695135,0.0558346654487325,0.6861571516267649,0.8756906077348067,0.7947412901435456,0.3837638376383764,0.7153275531847122,71.53,91.71,Alto,46,18,23,284.74841064914136,673.1841422610886,3078.7979950954173,116.7201818182236,334,1605,57959,850,4.2,0.1293611111111111,0.8250460405156538,0.9659300184162063,0.4898710865561694,0.6795580110497237,0.9576427255985267,0.19889502762430944,0.8756906077348067,0.6482504604051565,0.8314917127071824,0.8499079189686924,0.8493150684931507,0.3837638376383764
34,"C/ SANT PERE MÉS ALT, 4","C/ SANT PERE MÉS ALT, 4",8003.0,21,801901050,"Sant Pere, Santa Caterina i la Ribera",0.4647962054827558,0.0092290377039954,0.0485087225661226,0.0499718626899268,0.1537422622397299,0.6744935543278086,0.9318600368324125,0.42572130141190917,0.9317343173431735,0.7152282261772894,71.52,91.53,Alto,47,22,21,103.344314908845,1155.352145851958,1018.7121883696065,71.51640737207177,383,1532,30410,683,,-0.3631052631578947,0.8701657458563536,0.9576427255985267,0.847145488029466,0.47697974217311234,0.4125230202578269,0.48250460405156537,0.9318600368324125,0.5543278084714549,0.055248618784530384,0.6675874769797422,,0.9317343173431735
224,"C / GIRONA, 176","C / GIRONA, 176",8037.0,26,801902058,la Dreta de l'Eixample,0.1271982665222102,0.1953802816901408,0.5647323943661972,0.0,0.0024788732394366,0.6566912216083486,0.9521178637200737,0.6299162441030299,0.5977859778597786,0.7150183511976647,71.5,91.34,Alto,48,9,4,202.0326971497298,303.05689363327866,2014.258905987507,55.902831353269306,413,1273,52619,682,4.2,-0.0138648648648648,0.4539594843462247,0.567219152854512,0.6685082872928176,0.8747697974217311,0.7642725598526704,0.6114180478821363,0.9521178637200737,0.26887661141804786,0.7384898710865562,0.6629834254143646,0.8493150684931507,0.5977859778597786
363,"C/ BRUC, 20","C/ BRUC, 20",8010.0,24,801902076,la Dreta de l'Eixample,0.4608711385365482,0.0162267169466346,0.0619357787681407,0.0285681636384413,0.1132442006627814,0.7005831798649478,0.7430939226519337,0.8057910139004516,0.5387453874538746,0.7132371552089093,71.32,91.16,Alto,49,30,7,109.42226772408584,1026.11429943456,2467.053470919512,99.99568875620616,238,1550,66463,901,4.2,0.0224473684210526,0.929097605893186,0.7366482504604052,0.8360957642725598,0.5359116022099448,0.8766114180478821,0.28913443830570906,0.7430939226519337,0.585635359116022,0.9042357274401474,0.8839779005524862,0.8493150684931507,0.5387453874538746
220,"C/ TUSET, 19","C/ TUSET, 19",8006.0,27,801905067,Sant Gervasi - Galvany,0.1721848216263199,0.2228365113392756,0.4964458986799052,0.0085749746135619,0.0230170371206137,0.49831184775936155,0.994475138121547,0.6968218529370425,0.7472324723247232,0.7093182653291323,70.93,90.98,Alto,50,11,4,353.84590118715965,803.4906762144243,1781.5247664534106,125.36121346531822,654,1225,71430,723,3.2,-0.1307894736842104,0.5902394106813996,0.567219152854512,0.3462246777163904,0.6187845303867403,0.6961325966850829,0.1712707182320442,0.994475138121547,0.20994475138121546,0.9189686924493554,0.7053406998158379,0.9530332681017613,0.7472324723247232
438,"C/ NÀPOLS, 183","C/ NÀPOLS, 183",8013.0,27,801902067,la Dreta de l'Eixample,0.2779369147528351,0.0895522388059701,0.2939846223428313,0.0149253731343283,0.0448891904115784,0.5996009821976673,0.7918968692449355,0.6985166124271551,0.8265682656826568,0.7064489540396047,70.64,90.79,Alto,51,17,4,371.69577519793046,247.11530715460265,4365.161478054883,249.25489339790755,260,1603,42982,804,4.2,-0.2169722222222222,0.8167587476979742,0.567219152854512,0.31307550644567217,0.8950276243093923,0.994475138121547,0.011049723756906049,0.7918968692449355,0.643646408839779,0.5174953959484346,0.783609576427256,0.8493150684931507,0.8265682656826568
262,"C/ ENTENÇA, 70","C/ ENTENÇA, 70",8015.0,24,801902147,la Nova Esquerra de l'Eixample,0.5180436579501052,0.0107078449053201,0.0515103697024346,0.0380973850315599,0.1370604147880973,0.637814610190301,0.7992633517495396,0.7256611454087424,0.6697416974169741,0.7049274924687219,70.49,90.61,Alto,52,19,16,246.0805853201848,1613.8777376322137,2805.143607705163,107.41308973157956,267,1980,43652,834,4.9,-0.0685135135135135,0.8351749539594844,0.9125230202578268,0.565377532228361,0.3406998158379374,0.9263351749539595,0.24677716390423576,0.7992633517495396,0.861878453038674,0.5432780847145487,0.8213627992633518,0.6761252446183953,0.6697416974169741
196,"C/ BERLÍN, 38","C/ BERLÍN, 38",8029.0,27,801903113,Sants,0.1891379195079556,0.1115749097472924,0.3664259927797834,0.0086868231046931,0.0138763537906137,0.6982811540822591,0.6114180478821363,0.652214359595348,0.96309963099631,0.7047714504476082,70.48,90.42,Alto,53,12,10,120.51542292653076,835.0718068869345,1680.116721252498,55.2543302017186,179,1435,53534,673,4.6,-0.4293076923076923,0.6482504604051565,0.8232044198895028,0.8158379373848987,0.6114180478821363,0.6740331491712708,0.6169429097605893,0.6114180478821363,0.4419889502762431,0.7615101289134438,0.6519337016574586,0.7534246575342466,0.96309963099631
42,"C/ CIUTAT DE GRANADA, 168| AV.DIAGONAL   ","C/ CIUTAT DE GRANADA, 165 | AV.DIAGONAL ",8018.0,32,801910042,el Parc i la Llacuna del Poblenou,0.4485851094470046,0.0147465437788018,0.0517281105990783,0.0289170506912442,0.1237327188940092,0.6794045426642112,0.6648250460405156,0.6611535176395541,0.8929889298892989,0.7032345703358861,70.32,90.24,Alto,54,9,3,204.4912978289481,127.8033325258581,1556.9330594801238,25.627857113845533,206,3124,38142,1176,5.3,-0.287027027027027,0.4539594843462247,0.45119705340699817,0.6611418047882136,0.9650092081031307,0.6353591160220995,0.9097605893186004,0.6648250460405156,0.9871086556169429,0.287292817679558,0.9631675874769797,0.4070450097847358,0.8929889298892989
107,"TRAV. DE GRÀCIA, 92 / VIA AUGUSTA","TRAV. DE GRÀCIA, 92 / VIA AUGUSTA",8006.0,20,801905068,Sant Gervasi - Galvany,0.1220380601596071,0.2428483732351135,0.681890730509515,0.001964395334561,0.0093308778391651,0.591620626151013,0.998158379373849,0.7810759965834514,0.32656826568265684,0.7008610529945781,70.09,90.06,Alto,55,10,5,119.02927680620746,1062.9876801814823,1402.8115889106573,72.37029411858522,707,1470,58498,843,3.2,0.174325,0.5202578268876611,0.6464088397790055,0.8195211786372008,0.5267034990791897,0.570902394106814,0.4659300184162063,0.998158379373849,0.48987108655616945,0.8342541436464088,0.8471454880294659,0.9530332681017613,0.32656826568265684
236,"AV. PARAL.LEL, 194","AV. PARAL.LEL, 194",8015.0,26,801902150,Sant Antoni,0.247148025088704,0.1044321642043532,0.3082214954325025,0.0056388857561745,0.0146611029660539,0.752915899324739,0.7467771639042358,0.49486301369863017,0.8394833948339484,0.6998531183894674,69.99,89.87,Alto,56,40,18,67.21858999346355,2041.470092000911,1735.5161029257151,37.49142333248374,239,1443,42418,628,5.2,-0.2343513513513513,0.9594843462246777,0.9318600368324125,0.9042357274401474,0.2504604051565378,0.6887661141804788,0.7826887661141805,0.7467771639042358,0.44935543278084716,0.48987108655616945,0.5607734806629834,0.4794520547945206,0.8394833948339484
305,"AV. DIAGONAL, 680","AV. DIAGONAL, 680",8034.0,27,801904052,Pedralbes,0.1830818988002086,0.3974084507042253,0.6407887323943662,0.0253521126760563,0.0727887323943662,0.6197053406998158,0.5101289134438306,0.9494703088228404,0.7656826568265682,0.6966490733355885,69.66,89.69,Alto,57,44,2,214.9354854404461,197.34317325701969,1307.590614628803,91.57905335345804,143,2056,98221,1076,2.4,-0.1531081081081081,0.9806629834254144,0.2955801104972376,0.6390423572744015,0.9281767955801105,0.5395948434622467,0.3351749539594844,0.5101289134438306,0.8839779005524862,0.9825046040515654,0.9392265193370166,0.9921722113502935,0.7656826568265682
109,"C/ LONDRES,  53","C/ LONDRES,  53",8036.0,24,801902108,l'Antiga Esquerra de l'Eixample,0.1264120291661944,0.2224866825342853,0.5951490422758698,0.0,0.0018134421398617,0.5775015346838551,0.7974217311233885,0.7374208481545952,0.7343173431734318,0.69598378343486,69.6,89.5,Alto,58,20,2,413.4578592870869,383.35529682797534,2575.755994119904,88.88740927223732,264,1497,55925,804,4.2,-0.1177142857142857,0.8453038674033149,0.2955801104972376,0.23941068139963173,0.8324125230202578,0.9023941068139963,0.34990791896869244,0.7974217311233885,0.5174953959484346,0.7992633517495396,0.783609576427256,0.8493150684931507,0.7343173431734318
219,"C/ LAFORJA, 74-76","C/ LAFORJA, 74-76",8021.0,26,801905072,Sant Gervasi - Galvany,0.1015429741738406,0.2657942238267148,0.6548962093862816,0.0013537906137184,0.0055279783393501,0.5053713934929405,0.714548802946593,0.8215916503587737,0.8966789667896679,0.6954169460673211,69.54,89.32,Alto,59,7,10,380.8075649712536,683.6994385384453,0.0,29.15834674697074,229,1595,61721,856,3.2,-0.2967027027027027,0.3029465930018416,0.8232044198895028,0.3020257826887661,0.6740331491712708,0.05156537753222836,0.8784530386740331,0.714548802946593,0.6261510128913443,0.85451197053407,0.852670349907919,0.9530332681017613,0.8966789667896679
383,"C/ NUMÀNCIA, 2","C/ NUMÀNCIA, 2",8029.0,24,801903113,Sants,0.2451790237163251,0.1470181901911121,0.4327653695602118,0.0231406861616394,0.0610177296799447,0.7716390423572745,0.47974217311233885,0.652214359595348,0.9206642066420664,0.6911624289982777,69.12,89.13,Alto,60,12,15,23.883406048413068,1119.0197350629353,1804.3093240349888,26.65842775955556,135,1435,53534,673,4.6,-0.3516571428571429,0.6482504604051565,0.9005524861878453,0.9815837937384899,0.5009208103130756,0.7034990791896869,0.8950276243093923,0.47974217311233885,0.4419889502762431,0.7615101289134438,0.6519337016574586,0.7534246575342466,0.9206642066420664
20,"C/ CARTAGENA, 308","C/ CARTAGENA, 308",8025.0,18,801902038,la Sagrada Família,0.2501688808826841,0.221233956316145,0.469038504841252,0.0105832019815356,0.0648502589506867,0.6744935543278086,0.7265193370165746,0.5885725818367914,0.8284132841328413,0.6891077163480006,68.91,88.95,Alto,61,13,2,47.40937590458274,1019.5197602734476,3113.237667389056,56.87654918183395,233,1472,48901,651,5.1,-0.2182368421052631,0.7053406998158379,0.2955801104972376,0.9447513812154696,0.5414364640883977,0.9631675874769797,0.5966850828729282,0.7265193370165746,0.49263351749539597,0.6869244935543278,0.6003683241252302,0.5743639921722113,0.8284132841328413
401,PLA DE PALAU,PLA DE PALAU,8002.0,24,801901043,"Sant Pere, Santa Caterina i la Ribera",0.6063928611642833,0.0009007994595203,0.0103591937844837,0.02792478324513,0.2343204594077243,0.7458563535911602,0.8047882136279927,0.6537753222836096,0.41697416974169743,0.6882367331960612,68.82,88.77,Alto,62,16,4,149.80107105132458,894.0547899758884,2296.335750885952,23.875285997290906,278,1602,42945,831,,0.1056578947368421,0.8029465930018416,0.567219152854512,0.7513812154696132,0.5893186003683242,0.8379373848987108,0.9263351749539595,0.8047882136279927,0.6353591160220995,0.5119705340699816,0.8139963167587477,,0.41697416974169743
427,"C/ DE SANT PAU, 119/ RONDA SANT PAU","C/ DE SANT PAU, 119/ RONDA SANT PAU",8001.0,26,801901004,el Raval,0.4678757016075162,0.0313522048043306,0.1219127100484944,0.0841321754821247,0.2449531972482237,0.6029772866789441,0.8609576427255985,0.5046491009936102,0.8985239852398524,0.6872223340534105,68.72,88.58,Alto,63,12,8,114.94827109536428,2372.6656522135704,1070.0906466852025,41.44150698612137,314,2881,31203,880,7.4,-0.2969459459459459,0.6482504604051565,0.7780847145488029,0.8250460405156538,0.18232044198895025,0.43830570902394106,0.7458563535911602,0.8609576427255985,0.9714548802946593,0.10957642725598526,0.8720073664825047,0.06555772994129161,0.8985239852398524
150,"C/ ESPRONCEDA, 124","C/ ESPRONCEDA, 124",8005.0,27,801910069,el Poblenou,0.6060473396958819,0.0025892153551728,0.0242035348418327,0.0843183609141055,0.2653382866148823,0.6580724370779619,0.5681399631675875,0.7791631978606929,0.7988929889298892,0.6869850915738401,68.7,88.4,Alto,64,11,1,321.82629801190825,204.27979709399327,2563.4991358089333,16.248625197376043,166,2694,52603,1073,5.2,-0.1857222222222222,0.5902394106813996,0.16482504604051565,0.41620626151012896,0.9208103130755064,0.8987108655616943,0.9576427255985267,0.5681399631675875,0.9650092081031307,0.7366482504604052,0.9355432780847146,0.4794520547945206,0.7988929889298892
104,"C/ VALÈNCIA,  621","C/ VALÈNCIA, 621",8026.0,26,801910026,el Clot,0.372044298114337,0.0436269307864638,0.1668435326022874,0.0272373540856031,0.0766419054356797,0.8304174340085941,0.6878453038674033,0.4777072904390697,0.6881918819188192,0.685263032767449,68.53,88.21,Alto,65,16,12,74.47330437815675,607.0941965489344,2537.6350514234528,33.42192849074001,215,1503,44907,599,5.9,-0.0874999999999999,0.8029465930018416,0.8572744014732965,0.8876611418047882,0.718232044198895,0.8913443830570903,0.8250460405156538,0.6878453038674033,0.5257826887661142,0.5810313075506446,0.5202578268876611,0.28375733855185914,0.6881918819188192
221,"GRAN DE GRÀCIA, 155 (METRO FONTANA)","GRAN DE GRÀCIA, 155 (METRO FONTANA)",8012.0,24,801906041,la Vila de Gràcia,0.1359775099496883,0.2221220995719756,0.5647668393782384,0.0031538634827663,0.0126154539310655,0.6028238182934316,0.8821362799263351,0.6953865781535501,0.5295202952029521,0.6847970952031152,68.48,87.94,Alto,66,11,11,70.1342613961028,1332.0868142706104,504.2758073398344,53.78807180172879,339,1652,47246,869,5.1,0.0275277777777777,0.5902394106813996,0.8388581952117864,0.8950276243093923,0.421731123388582,0.24493554327808473,0.6261510128913443,0.8821362799263351,0.6952117863720073,0.6546961325966851,0.8572744014732965,0.5743639921722113,0.5295202952029521
265,"C/ CASANOVA, 55","C/ CASANOVA, 55",8011.0,27,801902096,l'Antiga Esquerra de l'Eixample,0.259238348556325,0.0779132791327913,0.2676151761517615,0.0161472448057813,0.0446025293586269,0.6002148557397176,0.8950276243093923,0.5785810691490705,0.7084870848708487,0.6847504356041442,68.48,87.94,Alto,66,23,12,256.49686696201314,1573.490976814407,2495.148106983375,156.5767263340411,349,1326,45528,623,4.2,-0.0963947368421052,0.8802946593001841,0.8572744014732965,0.5451197053406998,0.34990791896869244,0.8839779005524862,0.0847145488029466,0.8950276243093923,0.31860036832412525,0.5985267034990792,0.5478821362799263,0.8493150684931507,0.7084870848708487
595,"C/ BRUC, 88","C/ BRUC, 88",8009.0,16,801902070,la Dreta de l'Eixample,0.1211452813169466,0.2452362160333746,0.7000789265982637,0.0,0.0002255045664674,0.6081952117863719,0.8756906077348067,0.5967670728323116,0.6808118081180812,0.6831045154847218,68.31,87.66,Alto,68,7,10,147.07926119713858,459.287739447295,2263.786908876693,134.82761953993062,334,1204,54515,641,4.2,-0.0807435897435897,0.3029465930018416,0.8232044198895028,0.7587476979742174,0.7918968692449355,0.8305709023941068,0.14180478821362796,0.8756906077348067,0.19152854511970535,0.7753222836095764,0.570902394106814,0.8493150684931507,0.6808118081180812
22,"C/ SARDENYA, 292","C/ SARDENYA, 292",8013.0,19,801902051,la Sagrada Família,0.3009448212540354,0.0924029262802476,0.3140123804164322,0.0406302757456387,0.1075970737197524,0.6543891958256599,0.6988950276243094,0.5973202798110087,0.8487084870848709,0.680396318460541,68.04,87.48,Alto,69,13,6,241.3521550372256,214.7507061438011,4275.847987873613,182.69726700981377,222,1775,38227,755,5.1,-0.2451578947368421,0.7053406998158379,0.6942909760589319,0.576427255985267,0.9134438305709024,0.992633517495396,0.04419889502762431,0.6988950276243094,0.7817679558011049,0.2946593001841621,0.7384898710865562,0.5743639921722113,0.8487084870848709
370,"C/ SARDENYA, 326","C/ SARDENYA, 326",8025.0,32,801902049,la Sagrada Família,0.1420438542136097,0.1356466876971608,0.4134745380802163,0.0005633168093735,0.001577287066246,0.6413443830570902,0.85451197053407,0.6523386960172701,0.5092250922509225,0.677566964545455,67.76,87.29,Alto,70,10,4,34.02154101040653,432.8619487126624,2183.234908677785,124.8422225706771,308,1923,39379,840,5.1,0.0395405405405405,0.5202578268876611,0.567219152854512,0.9723756906077348,0.8047882136279927,0.8103130755064457,0.1731123388581952,0.85451197053407,0.8554327808471455,0.3360957642725598,0.8434622467771639,0.5743639921722113,0.5092250922509225
78,PL. UNIVERSITAT /  ARIBAU,PL. UNIVERSITAT /  ARIBAU,8011.0,27,801902164,Sant Antoni,0.2276871131119865,0.1738885762521103,0.3635340461451885,0.0117051209904333,0.0307259425998874,0.799109883364027,0.9594843462246777,0.5144302328514847,0.18265682656826565,0.67556562793169,67.56,87.11,Alto,71,39,20,56.901525218151214,1463.6854877678957,1965.0312091664928,32.46773083459902,427,1375,43242,702,5.2,0.3063421052631578,0.9539594843462247,0.9493554327808471,0.9263351749539595,0.3830570902394107,0.7495395948434622,0.8324125230202578,0.9594843462246777,0.3664825046040516,0.5276243093922652,0.6841620626151013,0.4794520547945206,0.18265682656826565
119,"C/ SARDENYA,  178","C/ SARDENYA,  178",8013.0,39,801902009,el Fort Pienc,0.2914237387297367,0.0248503332203772,0.1152151812944764,0.0,0.0064384954252795,0.6427255985267035,0.4889502762430939,0.7201520508301709,0.9870848708487084,0.6752922718799687,67.53,86.92,Alto,72,41,4,370.3199681280328,375.09691041042686,3160.937090519998,116.27300197268887,138,1739,48694,730,4.8,-0.6068421052631578,0.9650092081031307,0.567219152854512,0.3149171270718232,0.8379373848987108,0.9705340699815838,0.20073664825046045,0.4889502762430939,0.7587476979742173,0.6850828729281768,0.712707182320442,0.7240704500978474,0.9870848708487084
86,"C/ VILADOMAT,  2","C/ VILADOMAT,  2",8015.0,27,801902172,Sant Antoni,0.5036472999877932,0.0292078645300602,0.0920559154449369,0.0765996135924537,0.2016138197522445,0.659914057704113,0.9060773480662984,0.4119900855218346,0.7638376383763837,0.6750624243499304,67.51,86.74,Alto,73,18,5,207.9526330882937,2473.5735247342973,1915.7545408425888,21.69231180993372,360,1434,37406,568,5.2,-0.153054054054054,0.8250460405156538,0.6464088397790055,0.6556169429097606,0.16574585635359118,0.7311233885819521,0.9355432780847146,0.9060773480662984,0.43738489871086556,0.2550644567219153,0.47605893186003684,0.4794520547945206,0.7638376383763837
492,PL. TETUAN,PL. TETUAN,8010.0,24,801902073,la Dreta de l'Eixample,0.1664132026585558,0.0929368029739776,0.4157936239720626,0.0015771093838008,0.0040554241297735,0.699815837937385,0.7697974217311234,0.7825405534952952,0.27121771217712176,0.6737026939112577,67.37,86.56,Alto,74,21,4,64.16541925055586,650.902112432495,2503.511968138958,101.52895043093451,248,1546,57060,891,4.2,0.2222894736842105,0.858195211786372,0.567219152854512,0.9097605893186004,0.6942909760589319,0.8876611418047882,0.2817679558011049,0.7697974217311234,0.5828729281767956,0.8186003683241252,0.8793738489871087,0.8493150684931507,0.27121771217712176
19,"C/ ROSSELLÓ, 354","C/ ROSSELLÓ, 354",8025.0,30,801902054,la Sagrada Família,0.2115039597642908,0.091768944938633,0.3454565927260443,0.0004503997297601,0.0015763990541605,0.5515653775322283,0.7513812154696132,0.7121913663671781,0.7619926199261993,0.6732399205844076,67.32,86.37,Alto,75,8,5,198.72264833678315,432.8090457021714,2063.732472579913,243.82427873958383,241,1772,45937,897,5.1,-0.1527567567567567,0.39042357274401474,0.6464088397790055,0.6721915285451197,0.8066298342541436,0.7790055248618785,0.014732965009208066,0.7513812154696132,0.7753222836095764,0.6169429097605893,0.8821362799263351,0.5743639921722113,0.7619926199261993
79, PL.  UNIVERSITAT,PL. UNIVERSITAT,8007.0,24,801902164,Sant Antoni,0.2557430782523761,0.1186746309027386,0.3349487208384988,0.0149892933618843,0.0402344190240054,0.7739410681399632,0.9539594843462247,0.5144302328514847,0.23431734317343178,0.6731244046244292,67.31,86.19,Alto,76,39,20,56.64280092198708,1478.4150178038635,1954.1880099816224,48.95748505021438,422,1375,43242,702,5.2,0.2558974358974358,0.9539594843462247,0.9493554327808471,0.9281767955801105,0.3812154696132597,0.7421731123388582,0.6887661141804788,0.9539594843462247,0.3664825046040516,0.5276243093922652,0.6841620626151013,0.4794520547945206,0.23431734317343178
367,"C/ MARQUÈS DE SENTMENAT, 46","C/ MARQUÈS DE SENTMENAT, 46",8029.0,32,801904002,les Corts,0.1754577464788732,0.1344225352112676,0.3910985915492957,0.0,0.0,0.5652240638428484,0.6878453038674033,0.7266941287981173,0.8099630996309963,0.6729577454560265,67.3,86.0,Alto,77,9,4,355.0239503743093,619.924168754414,1457.837717518457,43.14142072061299,215,1826,52386,820,5.1,-0.1972631578947368,0.4539594843462247,0.567219152854512,0.3425414364640884,0.70902394106814,0.5966850828729282,0.721915285451197,0.6878453038674033,0.8011049723756906,0.7348066298342542,0.7965009208103131,0.5743639921722113,0.8099630996309963
108,"C / INDÚSTRIA, 10","C / INDÚSTRIA, 10",8037.0,21,801906068,el Camp d'en Grassot i Gràcia Nova,0.1755684255684255,0.1913288288288288,0.4882882882882883,0.0009009009009009,0.0139639639639639,0.533609576427256,0.8913443830570903,0.6545285487236595,0.6642066420664207,0.6728625810046901,67.29,85.82,Alto,78,7,6,404.0119014622416,466.3394318110393,1642.870532722277,67.04472993895884,345,1475,49970,754,4.9,-0.0637435897435897,0.3029465930018416,0.6942909760589319,0.2523020257826888,0.7863720073664825,0.6574585635359116,0.5082872928176796,0.8913443830570903,0.496316758747698,0.7090239410681399,0.7366482504604052,0.6761252446183953,0.6642066420664207
120,"C/ LEPANT,  278","C/ LEPANT,  278",8013.0,21,801902027,la Sagrada Família,0.1746157068737714,0.141551996390706,0.4549966162869389,0.0043988269794721,0.0115046244078502,0.6813996316758747,0.8637200736648251,0.6857180698662573,0.30811808118081185,0.6720671191464485,67.21,85.64,Alto,79,12,4,113.91643954486744,473.6257783026723,2331.276131659268,79.14453306182641,320,1990,43187,795,5.1,0.1883421052631579,0.6482504604051565,0.567219152854512,0.8287292817679558,0.7826887661141805,0.8416206261510129,0.419889502762431,0.8637200736648251,0.8655616942909761,0.5248618784530387,0.7780847145488029,0.5743639921722113,0.30811808118081185
88,"C/ LONDRES, 101-103","C/ LONDRES, 101-103",8036.0,20,801902086,l'Antiga Esquerra de l'Eixample,0.1407945298372513,0.2238924050632911,0.6097423146473779,0.0,0.0212477396021699,0.507366482504604,0.934622467771639,0.6768775700698806,0.5959409594095941,0.6698444222484304,66.98,85.45,Alto,80,16,0,557.7716663275853,652.0727748930988,2464.7638283404267,65.70088281214991,384,1336,59048,718,4.2,-0.013081081081081,0.8029465930018416,0.06261510128913444,0.09760589318600366,0.6887661141804788,0.8729281767955801,0.5193370165745856,0.934622467771639,0.3241252302025783,0.8360957642725598,0.6979742173112339,0.8493150684931507,0.5959409594095941
2,"C/ ROGER DE FLOR, 126","C/ ROGER DE FLOR, 126",8013.0,29,801902007,el Fort Pienc,0.187323577261026,0.089066546560072,0.3367863979281612,0.0,0.0005629996622002,0.7711786372007366,0.6786372007366482,0.5334577598541119,0.6365313653136531,0.6684159679649958,66.84,85.27,Alto,81,20,8,152.1897537164584,577.0857446796272,2866.243499260326,58.59770747448398,211,1167,51559,596,4.8,-0.047025641025641,0.8453038674033149,0.7780847145488029,0.7458563535911602,0.7348066298342542,0.9392265193370166,0.583793738489871,0.6786372007366482,0.1721915285451197,0.7283609576427256,0.509208103130755,0.7240704500978474,0.6365313653136531
3," C/ NÀPOLS, 82","C/ NÀPOLS, 82",8013.0,27,801902002,el Fort Pienc,0.3911426639621366,0.0366238449402749,0.1235068740139734,0.0160018030200586,0.0587108406581023,0.7553713934929404,0.4530386740331492,0.8126934872942593,0.5756457564575646,0.6671598915230159,66.72,84.99,Alto,82,39,10,211.2655459643287,465.4039862650085,1521.438453937027,47.86810879736748,128,3566,43266,1474,4.8,0.0041842105263157,0.9539594843462247,0.8232044198895028,0.6482504604051565,0.7882136279926335,0.6206261510128913,0.6979742173112339,0.4530386740331492,0.996316758747698,0.5303867403314917,1.0,0.7240704500978474,0.5756457564575646
414,"VIVAGYM-C/ CASP, 67","VIVAGYM-C/ CASP, 67",8010.0,33,801902073,la Dreta de l'Eixample,0.2445777572681125,0.0209813874788494,0.1344613649182177,0.0023688663282571,0.0059785673998871,0.7102516881522406,0.6758747697974218,0.7825405534952952,0.35977859778597787,0.6671587113443601,66.72,84.99,Alto,82,23,10,139.7010595419195,739.0260795488592,2172.792289198212,93.87049523385006,210,1546,57060,891,4.2,0.14905,0.8802946593001841,0.8232044198895028,0.7771639042357275,0.6574585635359116,0.8047882136279927,0.3186003683241252,0.6758747697974218,0.5828729281767956,0.8186003683241252,0.8793738489871087,0.8493150684931507,0.35977859778597787
154,"C/ PUJADES, 191","C/ PUJADES, 191",8005.0,32,801910065,el Poblenou,0.675462623929698,0.0018026137899954,0.0161108607480847,0.069175304191077,0.2365930599369085,0.5460405156537753,0.9226519337016574,0.5105167890209137,0.7841328413284133,0.6670262873587262,66.7,84.71,Alto,84,10,2,180.3509006084728,481.8767368858983,1184.1600744104312,66.91629618638905,376,1493,46351,521,5.2,-0.1711578947368421,0.5202578268876611,0.2955801104972376,0.6998158379373849,0.7753222836095764,0.47513812154696133,0.5101289134438305,0.9226519337016574,0.5156537753222836,0.6279926335174953,0.4189686924493554,0.4794520547945206,0.7841328413284133
223,"C/ DE BONAVISTA, 14","C/ DE BONAVISTA, 14",8012.0,32,801906045,la Vila de Gràcia,0.1798882286361064,0.1255234861346915,0.4005659309564233,0.0014714204867006,0.0119977362761743,0.5824125230202578,0.9668508287292817,0.4836002061461836,0.6678966789667897,0.666641643620975,66.66,84.53,Alto,85,12,14,266.7549196559737,638.8239299021793,1185.7169223861204,106.56479661391045,465,1227,44044,647,5.1,-0.0671621621621621,0.6482504604051565,0.8885819521178637,0.5267034990791897,0.7016574585635359,0.47697974217311234,0.2523020257826888,0.9668508287292817,0.212707182320442,0.567219152854512,0.580110497237569,0.5743639921722113,0.6678966789667897
495,"C/ DIPUTACIÓ, 22","C/ DIPUTACIÓ, 22",8015.0,21,801902149,la Nova Esquerra de l'Eixample,0.3271422133522179,0.0522757999098693,0.2386210004506534,0.0158855340243352,0.0512618296529968,0.7148557397176182,0.8176795580110497,0.6374935579317628,0.34501845018450183,0.6657455554145447,66.57,84.35,Alto,86,24,22,272.18382482541,1704.7505677377972,2606.9480006389563,48.79161691027234,283,1778,39990,748,4.9,0.1618918918918918,0.8885819521178637,0.9622467771639043,0.5174953959484346,0.3204419889502762,0.9097605893186004,0.6906077348066298,0.8176795580110497,0.785451197053407,0.36372007366482506,0.7246777163904236,0.6761252446183953,0.34501845018450183
393,"C/ LLACUNA, 86","C/ LLACUNA, 86",8005.0,32,801910066,el Poblenou,0.6793761258725513,0.0067552353073632,0.0221796892591758,0.0206034676874577,0.2715604593560009,0.5362185389809699,0.8453038674033149,0.6861613562400667,0.6291512915129152,0.6649154882811221,66.49,84.16,Alto,87,10,1,321.62585464746263,424.410297268384,1017.511446518199,26.97161628001623,302,2028,48165,740,5.2,-0.0425641025641025,0.5202578268876611,0.16482504604051565,0.41804788213627997,0.8139963167587477,0.4088397790055249,0.8913443830570902,0.8453038674033149,0.8710865561694291,0.6740331491712708,0.7200736648250461,0.4794520547945206,0.6291512915129152
320,"C/ MADRAZO, 39","C/ MADRAZO, 39",8006.0,27,801905071,Sant Gervasi - Galvany,0.0888052838391438,0.246726862302483,0.6296839729119639,0.000451467268623,0.0010158013544018,0.5507980356046654,0.8213627992633518,0.8059378750364901,0.4261992619926199,0.6635343703354863,66.35,83.98,Alto,88,10,9,182.64194862485311,1024.6677066083748,1387.2443562121978,121.1107080906938,285,1558,54842,935,3.2,0.1004999999999999,0.5202578268876611,0.8066298342541437,0.6942909760589319,0.5395948434622468,0.5598526703499079,0.18416206261510126,0.8213627992633518,0.5893186003683242,0.7845303867403315,0.8968692449355433,0.9530332681017613,0.4261992619926199
378,"PL. JOAQUIM XIRAU I PALAU, 1","PL. JOAQUIM XIRAU I PALAU, 1",8002.0,21,801901030,el Barri Gòtic,0.5610003379520108,0.0,0.008561450940633,0.1096091021741579,0.3341218880252337,0.4691528545119706,0.848987108655617,0.6636821420462531,0.8062730627306273,0.6633117711642512,66.33,83.79,Alto,89,7,5,222.46988322687872,1618.6276830558425,1469.6300477639518,97.69786862519204,304,2409,31201,839,4.3,-0.1943142857142857,0.3029465930018416,0.6464088397790055,0.6224677716390423,0.3370165745856354,0.6022099447513812,0.30386740331491713,0.848987108655617,0.9392265193370166,0.09944751381215469,0.8342541436464088,0.7818003913894325,0.8062730627306273
360,"C/ BAILÉN, 62","C/ BAILÉN, 62",8009.0,30,801902069,la Dreta de l'Eixample,0.1750789711191336,0.0781814079422382,0.3740974729241877,0.0011281588447653,0.0062048736462093,0.6322897483118478,0.852670349907919,0.6340598905118697,0.4575645756457565,0.6616186583609573,66.16,83.61,Alto,90,20,3,173.0234701837055,553.528224659692,2714.4643974671844,139.43320095330012,307,1296,51046,697,4.2,0.0743157894736842,0.8453038674033149,0.45119705340699817,0.70902394106814,0.7384898710865562,0.9208103130755064,0.1289134438305709,0.852670349907919,0.287292817679558,0.7219152854511971,0.6777163904235728,0.8493150684931507,0.4575645756457565
1,"GRAN VIA CORTS CATALANES, 760","GRAN VIA CORTS CATALANES, 760",8013.0,46,801902008,el Fort Pienc,0.1913431588165633,0.0585946440833142,0.2024490730144197,0.0001144426642252,0.0067521171892881,0.6220073664825045,0.5570902394106814,0.7744798593016258,0.7380073800738007,0.6612962099580235,66.13,83.43,Alto,91,12,2,259.6449469798871,439.6236946489888,4385.783497293769,74.76330624560006,160,1847,52884,834,4.8,-0.1208918918918919,0.6482504604051565,0.2955801104972376,0.5414364640883977,0.7992633517495396,0.996316758747698,0.4511970534069981,0.5570902394106814,0.8121546961325967,0.7403314917127072,0.8213627992633518,0.7240704500978474,0.7380073800738007
553,"VIA AUGUSTA, 68","VIA AUGUSTA, 68",8006.0,32,801906041,la Vila de Gràcia,0.0765286705006765,0.255638249887235,0.6558412268831755,0.0,0.0006765899864682,0.5520257826887661,0.9788213627992634,0.6953865781535501,0.3284132841328413,0.6610230017991976,66.1,83.24,Alto,92,11,9,155.20360802898622,1167.975471677863,1166.9781666420288,110.65774579406676,500,1652,47246,869,5.1,0.174078947368421,0.5902394106813996,0.8066298342541437,0.7421731123388582,0.4732965009208103,0.4714548802946593,0.22836095764272557,0.9788213627992634,0.6952117863720073,0.6546961325966851,0.8572744014732965,0.5743639921722113,0.3284132841328413
261,"C/ VILLARROEL, 39","C/ VILLARROEL, 39",8011.0,32,801902163,Sant Antoni,0.3181895093062605,0.0183869148336153,0.0887760857304004,0.0032712915961646,0.0131979695431472,0.7133210558624924,0.8370165745856354,0.6352865864426449,0.2785977859778598,0.6595278277056214,65.95,83.06,Alto,93,29,14,150.58303754706904,1836.147460430721,2043.368097185033,51.4416743149955,296,1706,45275,752,5.2,0.2182285714285714,0.923572744014733,0.8885819521178637,0.7495395948434622,0.2946593001841621,0.7716390423572744,0.6519337016574586,0.8370165745856354,0.7421731123388582,0.5874769797421732,0.7320441988950276,0.4794520547945206,0.2785977859778598
51,PL. VICENÇ MARTORELL,PL. VICENÇ MARTORELL,8001.0,20,801901021,el Raval,0.4524281409364858,0.0113583681038479,0.069772832637923,0.003592953175707,0.0808993973110802,0.5352977286678944,0.9834254143646409,0.5032678855239969,0.6420664206642066,0.6553374931055534,65.53,82.87,Alto,94,22,41,172.36609045384589,1585.0625741229387,400.9327400733311,157.55972236650834,509,2008,33778,946,7.4,-0.0512820512820512,0.8701657458563536,0.9843462246777164,0.7108655616942909,0.34806629834254144,0.2154696132596685,0.08287292817679559,0.9834254143646409,0.8683241252302025,0.17771639042357273,0.9014732965009208,0.06555772994129161,0.6420664206642066
430," C/ ALFAMBRA, 2 | AV. DIAGONAL","C/ ALFAMBRA, 2 | AV. DIAGONAL",8034.0,28,801904053,Pedralbes,0.239690057349056,0.2215832205683356,0.4972936400541272,0.0129679747406405,0.0698015336039693,0.7168508287292817,0.5423572744014733,0.8078957231874813,0.4391143911439115,0.654328198124074,65.43,82.69,Alto,95,43,7,177.6865134738555,188.52020222188392,1452.0605307491878,87.66077481435859,155,1619,56053,791,2.4,0.0855945945945945,0.9751381215469613,0.7366482504604052,0.7034990791896869,0.9373848987108655,0.5930018416206262,0.35543278084714547,0.5423572744014733,0.6629834254143646,0.8103130755064457,0.7661141804788214,0.9921722113502935,0.4391143911439115
25,"C/ BRUC, 102","C/ BRUC, 102",8009.0,21,801902065,la Dreta de l'Eixample,0.1086006104593465,0.3192519995493973,0.7204010363861665,0.0,0.0001126506702714,0.5896255371393493,0.8701657458563536,0.7947412901435456,0.2047970479704797,0.6533152541943189,65.33,82.5,Alto,96,7,13,235.12339231346297,346.53629775070283,2386.6486149581783,165.99759260492962,329,1744,48394,910,4.2,0.2885945945945946,0.3029465930018416,0.8738489871086557,0.5948434622467771,0.850828729281768,0.852670349907919,0.06261510128913439,0.8701657458563536,0.7624309392265194,0.6795580110497238,0.8876611418047882,0.8493150684931507,0.2047970479704797
80,"C/ ENRIC  GRANADOS, 35","C/ ENRIC  GRANADOS, 35",8007.0,25,801902090,l'Antiga Esquerra de l'Eixample,0.2292022054686621,0.1460560369078429,0.4049735568808372,0.0031506695172724,0.047822662315742,0.5059852670349908,0.9410681399631676,0.77333245036454,0.3136531365313653,0.6527429615238785,65.27,82.32,Alto,97,13,2,390.3654305877191,1164.2232957961344,2100.915043625723,69.39362862178852,397,1655,47116,919,4.2,0.1832051282051282,0.7053406998158379,0.2955801104972376,0.2762430939226519,0.47513812154696133,0.7863720073664825,0.49723756906077343,0.9410681399631676,0.7007366482504604,0.6482504604051565,0.8950276243093923,0.8493150684931507,0.3136531365313653
511,"C/ GRAN DE GRÀCIA, 91","C/ GRAN DE GRÀCIA, 91",8012.0,20,801906042,la Vila de Gràcia,0.1781584948688711,0.1888255416191562,0.5726339794754846,0.027594070695553,0.0501710376282782,0.604818907305095,0.990791896869245,0.6785817899399221,0.15682656826568264,0.6525540244989275,65.26,82.14,Alto,98,11,5,187.806205871871,1124.890799834157,779.6581324497874,30.52730491610331,579,1614,49461,818,5.1,0.3421176470588235,0.5902394106813996,0.6464088397790055,0.6850828729281768,0.4953959484346224,0.35174953959484345,0.860036832412523,0.990791896869245,0.6537753222836096,0.6942909760589319,0.7918968692449355,0.5743639921722113,0.15682656826568264
21,"C/ SANT ANTONI MARIA CLARET, 214"," C/ SANT ANTONI MARIA CLARET, 214   ",8025.0,21,801902041,la Sagrada Família,0.2495132978295496,0.179186845365469,0.4104065773172654,0.0087847730600292,0.0284941997972744,0.6579189686924493,0.7882136279926335,0.5480569280614691,0.5811808118081181,0.6515163998271006,65.15,81.95,Alto,99,13,2,160.59814192996157,1136.579408973777,2131.702170665641,23.59625521345877,254,1535,40835,664,5.1,-0.004025641025641,0.7053406998158379,0.2955801104972376,0.7311233885819521,0.4917127071823204,0.7955801104972375,0.9281767955801105,0.7882136279926335,0.5662983425414365,0.4125230202578269,0.6390423572744015,0.5743639921722113,0.5811808118081181
94,"GRAN VIA DE LES CORTS CATALANES,375","GRAN  VIA DE LES CORTS CATALANES, 375-385",8015.0,48,801902149,la Nova Esquerra de l'Eixample,0.3713237328463922,0.0385126162018592,0.12167994687915,0.0132802124833997,0.0385126162018592,0.8067833026396563,0.7697974217311234,0.6374935579317628,0.11439114391143912,0.6513555724263171,65.14,81.77,Alto,100,43,18,46.86585809856784,1903.7295856496005,2220.597251646781,27.519788775888937,248,1778,39990,748,4.9,0.3946285714285714,0.9751381215469613,0.9318600368324125,0.9502762430939227,0.2780847145488029,0.8195211786372008,0.8858195211786372,0.7697974217311234,0.785451197053407,0.36372007366482506,0.7246777163904236,0.6761252446183953,0.11439114391143912
350,"C/ LONDRES, 63","C/ LONDRES, 63",8036.0,31,801902107,l'Antiga Esquerra de l'Eixample,0.1441309255079007,0.2197516930022573,0.5275395033860045,0.0006772009029345,0.0011286681715575,0.5999079189686924,0.8139963167587477,0.7408738868286284,0.3468634686346863,0.6507148428310893,65.07,81.58,Alto,101,20,2,421.520437894833,427.3219436368732,2628.350609335743,66.51243860882636,282,1532,55974,780,4.2,0.1617631578947368,0.8453038674033149,0.2955801104972376,0.22099447513812154,0.8121546961325967,0.9116022099447514,0.5138121546961326,0.8139963167587477,0.5543278084714549,0.8011049723756906,0.7587476979742173,0.8493150684931507,0.3468634686346863
496,"C/ PROVENÇA,  445","C/ PROVENÇA, 445",8025.0,18,801902049,la Sagrada Família,0.1560032191539661,0.1700995925758261,0.5397238569488456,0.0007922136713444,0.0027161611588954,0.6456414978514426,0.9005524861878453,0.6523386960172701,0.2416974169741697,0.6504519323454093,65.05,81.4,Alto,102,11,4,62.42193548706389,521.7800184001624,2024.4805524097096,102.48833218585276,357,1923,39379,840,5.1,0.2495789473684211,0.5902394106813996,0.567219152854512,0.9152854511970534,0.7569060773480663,0.7679558011049724,0.2762430939226519,0.9005524861878453,0.8554327808471455,0.3360957642725598,0.8434622467771639,0.5743639921722113,0.2416974169741697
111,C/ ARAGÓ 147,C/ ARAGÓ 147,8015.0,19,801902139,la Nova Esquerra de l'Eixample,0.3179972936400541,0.0745376635092467,0.2828146143437077,0.030446549391069,0.1182904826341903,0.5124309392265193,0.9392265193370166,0.6487734842669377,0.492619926199262,0.6502438185601597,65.02,81.22,Alto,103,10,4,435.1380700802368,1264.3330757368226,2805.932711550758,79.56650432697117,395,1639,42143,771,4.9,0.0522894736842105,0.5202578268876611,0.567219152854512,0.20073664825046045,0.4438305709023941,0.9281767955801105,0.41436464088397795,0.9392265193370166,0.6869244935543278,0.47882136279926335,0.7532228360957642,0.6761252446183953,0.492619926199262
36,"AV. DE LA CATEDRAL, 6","AV. DE LA CATEDRAL, 6",8002.0,21,801901025,el Barri Gòtic,0.5259591622306921,0.0162107396149949,0.0925363053022627,0.1353146459529438,0.3530338849487786,0.47268262737876005,0.988950276243094,0.4394648308123673,0.8431734317343174,0.6490187111065789,64.9,81.03,Alto,104,8,3,201.8766551542628,1141.5248044542311,593.8998343824585,59.73465539042256,553,1256,33298,625,4.3,-0.2435384615384615,0.39042357274401474,0.45119705340699817,0.6703499079189688,0.4880294659300184,0.27071823204419887,0.565377532228361,0.988950276243094,0.24861878453038674,0.1694290976058932,0.5580110497237569,0.7818003913894325,0.8431734317343174
85,"AV. PARAL·LEL, 146 BIS","AV. PARAL·LEL, 146 BIS",8015.0,40,801902173,Sant Antoni,0.4903209775491113,0.0042095416276894,0.032156220767072,0.081267539756782,0.1386810102899906,0.6508594229588706,0.7900552486187845,0.46102323469310524,0.7177121771217712,0.6482272454318428,64.82,80.85,Alto,105,15,3,114.69036001258796,2314.327618369447,1674.9343682836789,9.725885621865416,258,1467,41235,540,5.2,-0.1069743589743589,0.7799263351749539,0.45119705340699817,0.8268876611418048,0.1933701657458563,0.6703499079189686,0.9834254143646409,0.7900552486187845,0.4880294659300184,0.427255985267035,0.44935543278084716,0.4794520547945206,0.7177121771217712
27,"C/ PROVENÇA, 322","C/ PROVENÇA, 322",8037.0,17,801902063,la Dreta de l'Eixample,0.0766652979588593,0.3956316145012384,0.823800945732943,0.0003377617653681,0.0011258725512272,0.7093308778391653,0.8701657458563536,0.5868683619667499,0.22878228782287824,0.6468416773729154,64.68,80.66,Alto,106,11,14,230.56877145008625,304.316072688608,3536.207286302737,94.85245690327224,329,1038,65709,622,4.2,0.2578157894736842,0.5902394106813996,0.8885819521178637,0.6040515653775322,0.8729281767955801,0.9871086556169429,0.31307550644567217,0.8701657458563536,0.06537753222836096,0.8885819521178637,0.5441988950276243,0.8493150684931507,0.22878228782287824
319,"C/ SAGUÉS, 1","C/ SAGUÉS, 1",8021.0,31,801905061,Sant Gervasi - Galvany,0.1127480160541663,0.2053662402354805,0.5367372353673724,0.0075851918940337,0.0078116155326616,0.5857888275015347,0.8093922651933702,0.6954406374674292,0.4354243542435424,0.6465479684272684,64.65,80.48,Alto,107,26,0,588.9294444103073,255.60721145906052,1995.732805370924,34.104837762972416,281,1398,54826,682,3.2,0.0938974358974358,0.8996316758747698,0.06261510128913444,0.08287292817679559,0.8931860036832413,0.7587476979742173,0.8176795580110497,0.8093922651933702,0.3830570902394107,0.7826887661141805,0.6629834254143646,0.9530332681017613,0.4354243542435424
200,"C/ JOAN GÜELL, 174","C/ JOAN GÜELL, 174",8028.0,24,801904031,les Corts,0.2355591931963573,0.1206818694965003,0.3819146534206367,0.0088055994581169,0.038044705351095,0.6497851442602823,0.64548802946593,0.673056928061469,0.5904059040590406,0.6456219254818046,64.56,80.29,Alto,108,5,5,45.69366177940495,601.4439593110685,1332.3859797561622,29.27534965919896,192,1790,48653,665,5.1,-0.0089210526315789,0.15469613259668508,0.6464088397790055,0.9521178637200737,0.7237569060773481,0.5469613259668509,0.8747697974217311,0.64548802946593,0.7918968692449355,0.6832412523020258,0.6427255985267035,0.5743639921722113,0.5904059040590406
159,"AV. DIAGONAL, 26","AV. DIAGONAL, 26",8019.0,36,801910092,el Besòs i el Maresme,0.6801167281025101,0.0169262017603249,0.0178289325208756,0.082487023245317,0.2081922816519973,0.748158379373849,0.7090239410681399,0.2690982546049525,0.9225092250922509,0.644762365462958,64.48,80.11,Alto,109,12,2,82.12874006758427,83.94366398867578,2853.897040581287,41.322486225850135,227,1408,41125,234,6.3,-0.3559117647058823,0.6482504604051565,0.2955801104972376,0.8784530386740331,0.9797421731123389,0.9355432780847146,0.7513812154696132,0.7090239410681399,0.39686924493554326,0.4171270718232044,0.05985267034990792,0.20254403131115462,0.9225092250922509
77,"AV. FRANCESC CAMBÓ, 10","AV. FRANCESC CAMBÓ, 10",8003.0,24,801901047,"Sant Pere, Santa Caterina i la Ribera",0.6298741409929735,0.005791058605513,0.0595320824646745,0.1374797312948807,0.3398193189715079,0.5024554941682013,0.9815837937384899,0.5085942295887048,0.6346863468634687,0.6436068808201895,64.36,79.93,Alto,110,8,4,205.73622373395483,1067.8015941921542,595.0807493464456,56.09865797941878,504,1674,31652,698,,-0.046125,0.39042357274401474,0.567219152854512,0.6574585635359116,0.5230202578268877,0.27255985267034993,0.6040515653775322,0.9815837937384899,0.7200736648250461,0.1252302025782689,0.6804788213627992,,0.6346863468634687
29,"C/ PROVENÇA, 388-390","C/ PROVENÇA, 388-390",8025.0,23,801902056,la Dreta de l'Eixample,0.2033502771512859,0.1314279284347924,0.4083492742207719,0.0063013390345448,0.0272307865421402,0.660988336402701,0.8314917127071824,0.6672090617825879,0.24538745387453875,0.6428292294445688,64.28,79.74,Alto,111,11,6,162.53986912489054,353.8764589653408,3447.866420574316,139.9427686744125,292,1411,47577,772,4.2,0.2444210526315789,0.5902394106813996,0.6942909760589319,0.725598526703499,0.847145488029466,0.9834254143646409,0.1252302025782689,0.8314917127071824,0.4014732965009208,0.6629834254143646,0.7550644567219152,0.8493150684931507,0.24538745387453875
379,"AV. JOSEP TARRADELLAS, 27","AV. JOSEP TARRADELLAS, 27",8029.0,21,801903114,Sants,0.2552537572812409,0.0760306375309754,0.3481640009011038,0.013066005857175,0.0366073439963955,0.761817065684469,0.565377532228361,0.6165329599636721,0.5276752767527675,0.6412648875504875,64.13,79.56,Alto,112,13,9,170.1178516701803,958.7685392589884,2293.286712246217,17.992287745884738,164,1404,53105,629,4.6,0.0302894736842105,0.7053406998158379,0.8066298342541437,0.714548802946593,0.5580110497237569,0.8360957642725598,0.9502762430939227,0.565377532228361,0.39226519337016574,0.7569060773480663,0.56353591160221,0.7534246575342466,0.5276752767527675
443,"C/ CASANOVA, 139","C/ CASANOVA, 139",8036.0,32,801902101,l'Antiga Esquerra de l'Eixample,0.2212304379644224,0.0976131501913983,0.3289799594685881,0.0023643323575771,0.012046836298131,0.6005217925107428,0.7265193370165746,0.8375589697015566,0.26383763837638374,0.6407778498147503,64.08,79.37,Alto,113,14,2,263.03259643700426,998.273916344858,1708.9886448908956,36.58550056240449,233,2038,50737,959,4.2,0.2316315789473684,0.7532228360957642,0.2955801104972376,0.5359116022099448,0.5469613259668509,0.6813996316758748,0.7900552486187845,0.7265193370165746,0.8747697974217311,0.7182320441988951,0.9079189686924494,0.8493150684931507,0.26383763837638374
204,"AV. DIAGONAL, 672","AV. DIAGONAL, 672",8034.0,33,801904050,Pedralbes,0.152847265741378,0.2846649338908351,0.6167928579500509,0.0055373488529777,0.0228274381286021,0.7608962553713935,0.5395948434622467,0.9384205850659344,0.03136531365313655,0.6405223435600035,64.05,79.1,Alto,114,47,2,52.33380505609341,73.40293350305093,1175.3497309974202,27.0460514101512,154,1917,98221,1002,2.4,0.7090882352941177,0.9843462246777164,0.2955801104972376,0.9355432780847146,0.9871086556169429,0.4732965009208103,0.8895027624309393,0.5395948434622467,0.8517495395948435,0.9825046040515654,0.927255985267035,0.9921722113502935,0.03136531365313655
207,"AV. DIAGONAL, 634","AV. DIAGONAL, 634",8017.0,24,801904023,les Corts,0.1924350148591205,0.3031260580069969,0.5911296693375465,0.0136553436406726,0.0607154948651393,0.5857888275015347,0.6574585635359116,0.49441972732482087,0.9833948339483395,0.6405048874329712,64.05,79.1,Alto,114,28,0,768.3818481950461,36.34117484439311,1449.9436214179598,24.772048118262955,200,1015,90951,507,5.1,-0.5146052631578947,0.91804788213628,0.06261510128913444,0.02209944751381221,1.0,0.5911602209944752,0.9208103130755064,0.6574585635359116,0.053406998158379376,0.9521178637200737,0.39779005524861877,0.5743639921722113,0.9833948339483395
43,"C/ CLOT, 1","C/ CLOT, 1",8018.0,27,801910041,el Clot,0.4695953708926071,0.018838127467569,0.0756909193457416,0.0073322053017484,0.0961082910321489,0.7085635359116021,0.8241252302025782,0.4314365722070256,0.5202952029520296,0.639931968614266,63.99,78.82,Alto,116,7,17,294.7950492749238,393.4917580372397,2297.242342239313,28.70881003311529,289,1538,40151,571,5.9,0.0351578947368421,0.3029465930018416,0.9244935543278084,0.47697974217311234,0.8250460405156538,0.8397790055248618,0.8821362799263351,0.8241252302025782,0.574585635359116,0.3830570902394107,0.4843462246777164,0.28375733855185914,0.5202952029520296
308,"C/ CARDENAL REIG, 11","C/ CARDENAL REIG, 11",8028.0,27,801904046,la Maternitat i Sant Ramon,0.2225709939574246,0.0604719764011799,0.2594735647832993,0.0005672793283412,0.0061266167460857,0.5337630448127685,0.4143646408839779,0.8375526627816039,0.933579335793358,0.6398332919698682,63.98,78.64,Alto,117,9,2,195.45117082522344,263.40043890194727,714.7219655625137,61.5567422800804,118,2321,63304,1075,5.0,-0.3663333333333333,0.4539594843462247,0.2955801104972376,0.6777163904235728,0.8913443830570902,0.3278084714548803,0.5561694290976059,0.4143646408839779,0.9171270718232044,0.8655616942909761,0.9373848987108656,0.6301369863013699,0.933579335793358
70,"C/ COMTE URGELL, 23","C/ COMTE URGELL, 23",8011.0,27,801902162,Sant Antoni,0.4473576155219287,0.0207725522231298,0.0836737075504726,0.0001166997315906,0.0721204341230015,0.6008287292817679,0.8020257826887661,0.3848261812861071,0.8800738007380073,0.6390141163530382,63.9,78.45,Alto,118,27,6,233.01226755722573,1959.253606562604,1304.3887608917576,57.48864517309091,276,1310,40102,489,5.2,-0.2750285714285714,0.9106813996316758,0.6942909760589319,0.5985267034990792,0.27071823204419887,0.5377532228360957,0.5930018416206262,0.8020257826887661,0.31031307550644566,0.37937384898710863,0.3701657458563536,0.4794520547945206,0.8800738007380073
149,"C/ PUJADES, 57B","C/ PUJADES, 57B",8019.0,27,801910043,el Parc i la Llacuna del Poblenou,0.4750079712698652,0.0061169007702763,0.0485953783416402,0.0002265518803806,0.1213185319438151,0.6015960712093308,0.6325966850828729,0.696604714692961,0.6383763837638377,0.6386154324317999,63.86,78.27,Alto,119,7,2,103.1775802376661,539.0298798044535,1401.2243372468895,31.125100678312933,186,2337,41674,1406,5.3,-0.048578947368421,0.3029465930018416,0.2955801104972376,0.8489871086556169,0.7458563535911602,0.567219152854512,0.8489871086556169,0.6325966850828729,0.9208103130755064,0.4622467771639042,0.996316758747698,0.4070450097847358,0.6383763837638377
71,"C/ FLORIDABLANCA, 145","C/ FLORIDABLANCA, 145",8011.0,27,801902165,Sant Antoni,0.3219016853229159,0.047780031552851,0.1657651566373676,0.0055217489294568,0.0291863871985575,0.5386740331491713,0.8370165745856354,0.5887856656323318,0.6217712177121771,0.6382521543135282,63.83,78.08,Alto,120,26,14,242.29781237015663,1874.2666626764187,954.1973779397732,119.48181101976274,296,1602,45875,660,5.2,-0.0343947368421052,0.8996316758747698,0.8885819521178637,0.572744014732965,0.28913443830570906,0.39042357274401474,0.1915285451197053,0.8370165745856354,0.6353591160220995,0.6132596685082873,0.6270718232044199,0.4794520547945206,0.6217712177121771
83,"C/ CALABRIA, 158","C/ CALABRIA, 158",8015.0,24,801902140,la Nova Esquerra de l'Eixample,0.3666056681681682,0.0632882882882883,0.2117117117117117,0.0620495495495495,0.2037162162162162,0.4998465316144874,0.9447513812154696,0.7224383093129781,0.2749077490774908,0.6329798710588062,63.3,77.9,Alto,121,7,4,389.4354069970616,1335.6519010947177,2398.2106272090973,58.90169440224543,400,1780,46117,827,4.9,0.219235294117647,0.3029465930018416,0.567219152854512,0.2799263351749539,0.41620626151012896,0.856353591160221,0.576427255985267,0.9447513812154696,0.7882136279926335,0.6187845303867403,0.8066298342541437,0.6761252446183953,0.2749077490774908
420,"GRAN VIA DE LES CORTS CATALANES,368"," GRAN VIA DE LES CORTS CATALANES,368",8010.0,27,801903053,Hostafrancs,0.2844533508099751,0.0824637023593466,0.3026315789473684,0.0057849364791288,0.0288112522686025,0.7946593001841621,0.6915285451197053,0.5715204722621661,0.22140221402214022,0.6271033415132456,62.71,77.72,Alto,122,41,17,44.00863886478442,2020.426609593717,1702.4222030985516,9.424782915048151,216,2057,35887,722,5.2,0.2653684210526316,0.9650092081031307,0.9244935543278084,0.9558011049723757,0.2559852670349908,0.6795580110497238,0.9871086556169429,0.6915285451197053,0.8858195211786372,0.21731123388581952,0.7034990791896869,0.4794520547945206,0.22140221402214022
433,"C/ J. MAYNARD KEYNES, 2|AV. DGNAL.","C/ J. MAYNARD KEYNES, 2|AV. DGNAL.",8034.0,54,801904053,Pedralbes,0.2401540112668763,0.2409516292704927,0.454391701431954,0.0,0.0487089863569737,0.7981890730509514,0.46685082872928174,0.8078957231874813,0.1881918819188192,0.6262815958348467,62.63,77.44,Alto,123,35,7,96.45824233073988,137.33405119739234,964.6213093662092,26.43302758195321,131,1619,56053,791,2.4,0.3045,0.9419889502762431,0.7366482504604052,0.860036832412523,0.9576427255985267,0.39410681399631675,0.8987108655616943,0.46685082872928174,0.6629834254143646,0.8103130755064457,0.7661141804788214,0.9921722113502935,0.1881918819188192
510,"C/ GRAN DE GRÀCIA, 37","C/ GRAN DE GRÀCIA, 37",8012.0,27,801906043,la Vila de Gràcia,0.1724213916433596,0.1625858123569794,0.4569794050343249,0.0005720823798627,0.005949656750572,0.4502762430939226,0.992633517495396,0.5167493774169019,0.6088560885608856,0.6262708220950802,62.63,77.44,Alto,123,7,12,330.7957533501334,924.0872661924244,769.5151858183274,110.07095151628668,598,1235,46153,672,5.1,-0.0224444444444444,0.3029465930018416,0.8572744014732965,0.39410681399631675,0.565377532228361,0.34990791896869244,0.2320441988950276,0.992633517495396,0.22375690607734808,0.6206261510128913,0.6482504604051565,0.5743639921722113,0.6088560885608856
48,"AV. MERIDIANA, 40","AV. MERIDIANA, 40",8018.0,21,801910044,el Parc i la Llacuna del Poblenou,0.3657810930845779,0.0415021991654449,0.1795421224765986,0.0400360888688395,0.1347693695725724,0.731890730509515,0.47974217311233885,0.4852787478421324,0.8579335793357934,0.6261070228173171,62.61,77.16,Alto,125,9,4,150.9739419369395,166.3514263464246,2890.3257752038103,42.49189440454289,135,1500,42072,617,5.3,-0.2555945945945945,0.4539594843462247,0.567219152854512,0.7476979742173112,0.9465930018416207,0.9429097605893186,0.7329650092081031,0.47974217311233885,0.5211786372007366,0.47513812154696133,0.5377532228360957,0.4070450097847358,0.8579335793357934
74,"AV. JOSEP TARRADELLAS, 133","AV. JOSEP TARRADELLAS, 133",8029.0,15,801904018,les Corts,0.2178248301235124,0.1006870143034125,0.4844013965536659,0.0252280662236738,0.0708413109584412,0.5586249232658073,0.7311233885819521,0.6161968912290565,0.6107011070110702,0.6239539591474452,62.4,76.98,Alto,126,31,0,676.854561597579,241.0110383811008,2206.440741352304,56.4157876148395,234,1384,57881,712,5.1,-0.0230526315789473,0.9337016574585635,0.06261510128913444,0.04051565377532229,0.8968692449355433,0.8176795580110497,0.6003683241252302,0.7311233885819521,0.3720073664825046,0.8287292817679558,0.6896869244935543,0.5743639921722113,0.6107011070110702
369,"C/ CONSELL DE CENT, 482","C/ CONSELL DE CENT, 482",8013.0,27,801902020,el Fort Pienc,0.2400553383357163,0.1103518961393918,0.3205785218084501,0.0002277644915157,0.0137797517367042,0.651012891344383,0.6279926335174953,0.5610820692463772,0.6512915129151291,0.6228169145987715,62.28,76.8,Alto,127,14,3,132.87380230269284,316.0918397785987,4938.153235674655,179.5315658445551,185,1417,40405,733,4.8,-0.0560526315789474,0.7532228360957642,0.45119705340699817,0.7882136279926335,0.8637200736648251,1.0,0.04972375690607733,0.6279926335174953,0.40791896869244937,0.39502762430939226,0.7173112338858195,0.7240704500978474,0.6512915129151291
52,"PL. SANT MIQUEL, 4","PL. SANT MIQUEL, 4",8002.0,32,801901027,el Barri Gòtic,0.382819547812359,0.0066531348669373,0.0621335137573297,0.0269508344609833,0.0930311231393775,0.3434622467771639,0.996316758747698,0.46870055825251467,0.9022140221402214,0.6217982189430937,62.18,76.52,Alto,128,8,4,278.8203533698934,1327.7902884176024,267.127036416224,257.8825621660367,665,1425,31335,624,4.3,-0.3123030303030303,0.39042357274401474,0.567219152854512,0.5046040515653776,0.425414364640884,0.16574585635359115,0.007366482504604033,0.996316758747698,0.425414364640884,0.1141804788213628,0.5534069981583793,0.7818003913894325,0.9022140221402214
422,"C/ JORDI GIRONA, 29","C/ JORDI GIRONA, 29",8034.0,44,801904053,Pedralbes,0.2619523048836147,0.1900958466453674,0.3774532177088087,0.0025102692834322,0.0612733911455956,0.5544812768569675,0.5322283609576427,0.8078957231874813,0.6180811808118081,0.6218116450579907,62.18,76.52,Alto,128,21,2,329.3805761155781,351.14446339542883,1063.8290203343124,69.41681340906732,152,1619,56053,791,2.4,-0.0275675675675675,0.858195211786372,0.2955801104972376,0.39594843462246776,0.8489871086556169,0.43278084714548803,0.4953959484346224,0.5322283609576427,0.6629834254143646,0.8103130755064457,0.7661141804788214,0.9921722113502935,0.6180811808118081
371,"C/ DELS ENAMORATS, 49","C/ DELS ENAMORATS, 49",8013.0,36,801902024,la Sagrada Família,0.3531151888125883,0.06833277046043,0.164358887763143,0.0050658561296859,0.0227400652932567,0.7117863720073664,0.580110497237569,0.33327792253660715,0.959409594095941,0.6213837742605134,62.14,76.24,Alto,130,13,5,354.5111339478677,230.62047673914603,3341.7532783332776,48.38101912842926,170,1052,39487,474,5.1,-0.4223846153846153,0.7053406998158379,0.6464088397790055,0.3443830570902394,0.9023941068139963,0.9779005524861878,0.6942909760589319,0.580110497237569,0.0718232044198895,0.3388581952117864,0.34806629834254144,0.5743639921722113,0.959409594095941
110,"AV. ROMA,  136","AV. ROMA,  136",8011.0,17,801902097,l'Antiga Esquerra de l'Eixample,0.25743983581052,0.1332583005064715,0.4148564997186269,0.0173325830050647,0.06381541924592,0.5047575199508901,0.9300184162062615,0.4696952496278917,0.6309963099630996,0.6212429949358148,62.12,76.06,Alto,131,9,6,444.4076193817882,1255.674597395622,2661.195501285782,93.2755478471036,382,1050,45213,498,4.2,-0.044078947368421,0.4539594843462247,0.6942909760589319,0.1896869244935543,0.4456721915285451,0.9171270718232044,0.32780847145488035,0.9300184162062615,0.06998158379373849,0.585635359116022,0.3738489871086556,0.8493150684931507,0.6309963099630996
217,"C/ RECTOR UBACH, 24","C/ RECTOR UBACH, 24",8021.0,27,801905074,Sant Gervasi - Galvany,0.1643474158410467,0.1878029534438056,0.4770600834178785,0.0,0.0001127268628114,0.5828729281767956,0.35082872928176795,0.8103117240235987,0.8413284132841329,0.6204899001808402,62.05,75.87,Alto,132,5,6,105.17492865623797,707.1289099690039,1150.620574286693,50.19632916289571,105,1535,70737,825,3.2,-0.2414054054054053,0.15469613259668508,0.6942909760589319,0.8453038674033149,0.6685082872928176,0.46408839779005523,0.6703499079189688,0.35082872928176795,0.5662983425414365,0.9171270718232044,0.8047882136279927,0.9530332681017613,0.8413284132841329
206,"AV. DIAGONAL, 650"," AV. DIAGONAL, 650",8017.0,33,801904023,les Corts,0.1727719916297138,0.359806240847133,0.6127069956066239,0.0084488002703616,0.0257970034921707,0.5331491712707183,0.6482504604051565,0.49441972732482087,0.9575645756457565,0.6159044432241092,61.59,75.69,Alto,133,31,0,592.2161295318049,89.31929592852268,1187.0951725498635,50.25118078421602,193,1015,90951,507,5.1,-0.4222162162162162,0.9337016574585635,0.06261510128913444,0.07918968692449357,0.9760589318600368,0.47882136279926335,0.6685082872928176,0.6482504604051565,0.053406998158379376,0.9521178637200737,0.39779005524861877,0.5743639921722113,0.9575645756457565
26,"C/ DOS DE MAIG, 230-232","C/ DOS DE MAIG, 230-232",8013.0,18,801910016,el Camp de l'Arpa del Clot,0.4332369109783738,0.0761861828017581,0.2362222472669897,0.0620985010706638,0.2084976896201961,0.7406384284837323,0.6114180478821363,0.3105802186158654,0.8357933579335793,0.6150920202838436,61.51,75.51,Alto,134,10,8,43.70123572344033,583.6657285875123,3481.583403280537,72.18272011862457,179,1166,43747,411,5.9,-0.2252702702702703,0.5202578268876611,0.7780847145488029,0.9594843462246777,0.7292817679558011,0.9852670349907919,0.4714548802946593,0.6114180478821363,0.1685082872928177,0.5488029465930019,0.24125230202578268,0.28375733855185914,0.8357933579335793
188,PG. SANT ANTONI /PL. SANTS,PG. SANT ANTONI /PL. SANTS,8014.0,27,801903090,Sants,0.3696608485880516,0.0562316880775298,0.1906693711967545,0.0259184133423484,0.0887987378859589,0.6287599754450582,0.8434622467771639,0.41464529882186735,0.5350553505535056,0.614851180388554,61.49,75.32,Alto,135,8,8,20.17656678735853,1548.9462491822223,716.7221138442711,24.377574158190463,300,905,47932,398,4.6,0.0254736842105263,0.39042357274401474,0.7780847145488029,0.988950276243094,0.3609576427255985,0.3296500920810313,0.9244935543278084,0.8434622467771639,0.009208103130755065,0.6648250460405156,0.2311233885819521,0.7534246575342466,0.5350553505535056
24,"C/ MARINA, 199","C/ MARINA, 199",8013.0,40,801902020,el Fort Pienc,0.2321650124069479,0.0596661403113016,0.1873449131513647,0.0,0.0003383713061132,0.6881522406384285,0.5478821362799263,0.5610820692463772,0.6439114391143912,0.6146810514721845,61.47,75.14,Alto,136,14,3,67.60424374480446,228.83371735463567,4639.392684529746,143.03490016738112,157,1417,40405,733,4.8,-0.0515897435897435,0.7532228360957642,0.45119705340699817,0.9023941068139963,0.9079189686924494,0.998158379373849,0.11602209944751385,0.5478821362799263,0.40791896869244937,0.39502762430939226,0.7173112338858195,0.7240704500978474,0.6439114391143912
90,"C/ ROSSELLÓ, 108-110","C/ ROSSELLÓ, 108-110",8036.0,18,801902103,l'Antiga Esquerra de l'Eixample,0.1699559757866826,0.1791985592075641,0.5433363349842414,0.0054029716343989,0.0120441242683475,0.5425107427869859,0.651012891344383,0.6504042735689599,0.6623616236162362,0.6145872947462162,61.46,74.95,Alto,137,12,2,37.55869080672649,772.5344403622079,1380.9164200200416,131.83956746178697,194,1585,40096,776,4.2,-0.0607179487179487,0.6482504604051565,0.2955801104972376,0.9686924493554327,0.6353591160220995,0.5561694290976059,0.151012891344383,0.651012891344383,0.6197053406998159,0.3756906077348066,0.7569060773480663,0.8493150684931507,0.6623616236162362
153,"C/ PUJADES, 173/RBLA POBLE NOU","C/ PUJADES, 173/RBLA POBLE NOU",8005.0,23,801910064,el Poblenou,0.546907400961826,0.0119517420227759,0.051978802570752,0.1253805389559138,0.2533543804262036,0.4660834868017188,0.9281767955801105,0.5581687227225712,0.5166051660516605,0.6122063748640211,61.22,74.77,Alto,138,12,2,298.8544244877829,511.1238684944972,1267.4703612246658,150.44798039334918,381,1583,45506,619,5.2,0.0385384615384615,0.6482504604051565,0.2955801104972376,0.4659300184162063,0.7661141804788214,0.5230202578268877,0.09760589318600366,0.9281767955801105,0.6169429097605893,0.5966850828729282,0.5395948434622467,0.4794520547945206,0.5166051660516605
53,PL. CARLES PI I SUNYER,PL. CARLES PI I SUNYER,8002.0,21,801901023,el Barri Gòtic,0.4723151304646127,0.0072039621791985,0.0632597928860873,0.0276902296262944,0.1609635299414678,0.47483118477593617,0.9852670349907919,0.6735808529118148,0.1955719557195572,0.6102386800051629,61.02,74.59,Alto,139,13,39,279.80050441494234,1338.8638144842616,452.0100843304693,226.1841484016548,542,1878,34825,917,4.3,0.2941538461538461,0.7053406998158379,0.9797421731123389,0.49907918968692444,0.41436464088397795,0.23204419889502761,0.018416206261510082,0.9852670349907919,0.8278084714548803,0.19244935543278086,0.8922651933701657,0.7818003913894325,0.1955719557195572
113,"RONDA DE SANT PAU , 51","RONDA DE SANT PAU, 51",8015.0,34,801902169,Sant Antoni,0.4250894276629571,0.0251126126126126,0.105518018018018,0.0459459459459459,0.109572072072072,0.5722836095764273,0.8674033149171271,0.48703612603748836,0.4649446494464945,0.6086508210073776,60.87,74.4,Alto,140,18,13,297.11874340566266,2361.36348043647,1367.8253419753896,64.95831310053948,326,1476,41613,597,5.2,0.0707027027027027,0.8250460405156538,0.8738489871086557,0.4714548802946593,0.18600368324125227,0.5524861878453039,0.5248618784530387,0.8674033149171271,0.5,0.4558011049723757,0.5128913443830571,0.4794520547945206,0.4649446494464945
58,"C/ VALLDONZELLA, 2","C/ VALLDONZELLA, 2",8001.0,21,801901021,el Raval,0.3746827547640555,0.0446025293586269,0.1517615176151761,0.0276648599819331,0.0910117434507678,0.6439533456108042,0.9742173112338858,0.5032678855239969,0.09225092250922506,0.6085926085296359,60.86,74.22,Alto,141,40,39,193.34339512482808,1546.5612796288056,1063.119611167246,75.69746498779882,485,2008,33778,946,7.4,0.447,0.9594843462246777,0.9797421731123389,0.6813996316758748,0.3646408839779005,0.430939226519337,0.4475138121546961,0.9742173112338858,0.8683241252302025,0.17771639042357273,0.9014732965009208,0.06555772994129161,0.09225092250922506
390,"C/ COMERÇ, 36","C/ COMERÇ, 36",8003.0,25,801901055,"Sant Pere, Santa Caterina i la Ribera",0.6373820673900628,0.0076527698458023,0.0311821816105082,0.0863506567675613,0.3805825242718446,0.468232044198895,0.8931860036832413,0.3548189073050952,0.8837638376383764,0.6084470188624538,60.84,74.03,Alto,142,11,3,432.78375198191566,650.633101726863,551.1704726854971,55.56166244682212,346,1224,41259,522,,-0.2792432432432432,0.5902394106813996,0.45119705340699817,0.20257826887661146,0.6961325966850829,0.2541436464088398,0.6151012891344383,0.8931860036832413,0.20257826887661143,0.43462246777163904,0.427255985267035,,0.8837638376383764
37,PG. DE COLOM - VIA LAIETANA,PG. DE COLOM - VIA LAIETANA,8002.0,24,801901030,el Barri Gòtic,0.699644950405771,0.0,0.0007889990982867,0.1203787195671776,0.331605049594229,0.6660527931246163,0.7467771639042358,0.6636821420462531,0.1439114391143912,0.6073200199483966,60.73,73.85,Alto,143,16,4,323.2069452420828,1130.108222667592,2438.041070017228,30.48581070888944,239,2409,31201,839,4.3,0.3549729729729729,0.8029465930018416,0.567219152854512,0.4051565377532228,0.4935543278084714,0.8655616942909761,0.861878453038674,0.7467771639042358,0.9392265193370166,0.09944751381215469,0.8342541436464088,0.7818003913894325,0.1439114391143912
164,"C/ INDEPENDÈNCIA, 379","C/ INDEPENDÈNCIA, 379",8026.0,27,801910008,el Camp de l'Arpa del Clot,0.3687736588456984,0.1067086897793786,0.2932237730751914,0.0551553354344889,0.1384511481314723,0.5833333333333334,0.5598526703499079,0.4816207342696406,0.9464944649446494,0.6065091875632512,60.65,73.66,Alto,144,10,4,203.7840864575336,1121.7525036285963,2906.140783878952,98.49914666272451,161,1622,39180,668,5.9,-0.3914871794871795,0.5202578268876611,0.567219152854512,0.6648250460405156,0.49907918968692444,0.9465930018416207,0.3020257826887661,0.5598526703499079,0.6703499079189686,0.3278084714548803,0.6445672191528545,0.28375733855185914,0.9464944649446494
208,"AV. DIAGONAL, 630","AV. DIAGONAL, 630",8017.0,33,801905057,Sant Gervasi - Galvany,0.0936601836568003,0.30168038795534,0.6369685350174805,0.0,0.0009022217209879,0.4970841006752609,0.3406998158379374,0.8335621844287552,0.9188191881918819,0.6053678135317967,60.54,73.48,Alto,145,29,0,734.4751200645619,239.79335339340835,1648.486554231563,79.97456018657279,104,1536,98221,838,3.2,-0.349972972972973,0.923572744014733,0.06261510128913444,0.029465930018416242,0.8987108655616943,0.6611418047882136,0.4069981583793738,0.3406998158379374,0.5718232044198895,0.9825046040515654,0.8268876611418048,0.9530332681017613,0.9188191881918819
432,"C/ MARTÍ I FRANQUÈS, 1","C/ MARTÍ I FRANQUÈS, 1",8028.0,28,801904049,la Maternitat i Sant Ramon,0.208941919603265,0.2729000380083618,0.5028506271379704,0.0320537184847333,0.0585328772329912,0.6398096992019645,0.3821362799263352,0.5739707106637403,0.948339483394834,0.6052110648774316,60.52,73.3,Alto,146,35,7,137.39907122087317,177.63798646259136,576.3237455375069,124.518683008885,110,1108,82214,653,5.0,-0.3978684210526316,0.9419889502762431,0.7366482504604052,0.7790055248618785,0.9429097605893186,0.26335174953959484,0.17495395948434622,0.3821362799263352,0.11694290976058933,0.9419889502762431,0.6068139963167587,0.6301369863013699,0.948339483394834
225,"C/ VILADOMAT, 200","C/ VILADOMAT, 200",8029.0,25,801902121,la Nova Esquerra de l'Eixample,0.2620017804909068,0.0957649752003052,0.3180719827038026,0.0123362584255373,0.0339565051507058,0.48956414978514423,0.651012891344383,0.5028250496444698,0.9686346863468634,0.6051021406240433,60.51,73.11,Alto,147,5,3,420.9572779560153,1035.736150744889,3018.552868758813,54.50455017495975,194,1201,50019,524,4.9,-0.4405135135135135,0.15469613259668508,0.45119705340699817,0.22283609576427255,0.5340699815837937,0.9521178637200737,0.6224677716390423,0.651012891344383,0.18968692449355432,0.7108655616942909,0.43462246777163904,0.6761252446183953,0.9686346863468634
103,"C/ ARAGÓ, 629","C/ ARAGÓ, 629",8026.0,20,801910026,el Clot,0.3266576454668471,0.0997970230040595,0.2846188543076229,0.0325890843482183,0.095850248082995,0.7147022713321055,0.7569060773480663,0.4777072904390697,0.3044280442804428,0.6044633435550872,60.45,72.93,Alto,148,16,12,130.3404899237729,481.4312818472199,2342.138885367308,115.02440924364124,242,1503,44907,599,5.9,0.192157894736842,0.8029465930018416,0.8572744014732965,0.7937384898710865,0.7771639042357275,0.8471454880294659,0.2099447513812155,0.7569060773480663,0.5257826887661142,0.5810313075506446,0.5202578268876611,0.28375733855185914,0.3044280442804428
380,"C/ DURAN I BAS, 2","C/ DURAN I BAS, 2",8002.0,24,801901023,el Barri Gòtic,0.5293145643041585,0.0114464099895941,0.0339923690600069,0.0257833275523181,0.093768065672332,0.49324739103744636,0.9760589318600368,0.6735808529118148,0.12730627306273068,0.6041424740154787,60.41,72.74,Alto,149,13,39,244.0332400286499,1324.2582629899275,491.91248333074645,190.9227322275776,487,1878,34825,917,4.3,0.372972972972973,0.7053406998158379,0.9797421731123389,0.570902394106814,0.427255985267035,0.24125230202578268,0.03499079189686927,0.9760589318600368,0.8278084714548803,0.19244935543278086,0.8922651933701657,0.7818003913894325,0.12730627306273068
67,"C/ ROCAFORT, 214 | C/ ROSSELLÓ","C/ ROCAFORT, 214 | C/ ROSSELLÓ",8029.0,23,801902114,la Nova Esquerra de l'Eixample,0.2111570187175604,0.1141923120279562,0.3871040468943749,0.0077781535339871,0.028745350016909,0.483425414364641,0.6049723756906077,0.6467016610625178,0.8118081180811808,0.6038886219280828,60.39,72.47,Alto,150,9,1,147.43465637177232,788.4477373842892,2044.243325653728,139.69021120354043,178,1535,46552,730,4.9,-0.1986944444444444,0.4539594843462247,0.16482504604051565,0.7569060773480663,0.6243093922651934,0.7734806629834254,0.1270718232044199,0.6049723756906077,0.5662983425414365,0.6316758747697975,0.712707182320442,0.6761252446183953,0.8118081180811808
186,"C/CONSELL DE CENT, 6","C/CONSELL DE CENT, 6",8014.0,26,801903047,Hostafrancs,0.3720928214384892,0.052797833935018,0.1837770758122743,0.057874548736462,0.1372969314079422,0.5848680171884592,0.5681399631675875,0.4741447816544313,0.9243542435424354,0.6039281287528308,60.39,72.47,Alto,150,8,19,40.47286664151857,1770.0185292630836,897.017816251876,63.88600149164771,166,1673,36070,570,5.2,-0.3578205128205128,0.39042357274401474,0.9401473296500921,0.9613259668508287,0.30570902394106814,0.3812154696132597,0.5303867403314917,0.5681399631675875,0.7081031307550645,0.2274401473296501,0.48158379373848986,0.4794520547945206,0.9243542435424354
514,"C/ ARAGÓ, 614","C/ ARAGÓ, 614",8018.0,24,801910039,el Clot,0.3712317940611945,0.0627752060517105,0.2011967934966693,0.0366941402280681,0.0846787851416958,0.7090239410681399,0.7817679558011049,0.49267045802654674,0.23800738007380073,0.602469089841832,60.25,72.19,Alto,152,15,12,99.49694290281973,450.7553263430602,2128.116765108197,121.89117104251856,251,1771,39563,636,5.9,0.2538421052631579,0.7799263351749539,0.8572744014732965,0.85451197053407,0.7937384898710865,0.7882136279926335,0.18047882136279925,0.7817679558011049,0.7734806629834254,0.3443830570902394,0.569060773480663,0.28375733855185914,0.23800738007380073
99,"C/ VIRIAT,  53","C/ VIRIAT,  53",8014.0,21,801903107,Sants,0.2708148768583992,0.1797271394745743,0.4399594091780358,0.0474687112414026,0.0965159544480775,0.7311233885819522,0.496316758747698,0.5780891293927698,0.518450184501845,0.602262185714077,60.23,72.01,Alto,153,12,15,16.74616856586277,1152.634588611607,1613.4355613617377,45.62136754799582,139,1532,41589,624,4.6,0.0363055555555554,0.6482504604051565,0.9005524861878453,0.996316758747698,0.48066298342541436,0.6482504604051565,0.7127071823204421,0.496316758747698,0.5543278084714549,0.45119705340699817,0.5534069981583793,0.7534246575342466,0.518450184501845
82,"C/ CALÀBRIA, 112","C/ CALÀBRIA, 112",8015.0,40,801902145,la Nova Esquerra de l'Eixample,0.4292361894024802,0.0361894024802705,0.1063134160090191,0.0254791431792559,0.0700112739571589,0.7189993861264581,0.8655616942909761,0.48233702017853985,0.09040590405904059,0.6021853493704954,60.22,71.82,Alto,154,18,8,124.08127167047606,1617.1805558020596,2354.3582310620395,45.34461024893442,322,1185,47168,521,4.9,0.4559142857142856,0.8250460405156538,0.7780847145488029,0.8066298342541436,0.3388581952117864,0.848987108655617,0.7163904235727441,0.8655616942909761,0.1841620626151013,0.6500920810313076,0.4189686924493554,0.6761252446183953,0.09040590405904059
235,"AV. PARAL.LEL, 98","AV. PARAL.LEL, 98",8015.0,21,801902170,Sant Antoni,0.4585410310699142,0.0310421286031042,0.1311704983078539,0.0534484770685027,0.2267475784805695,0.488182934315531,0.9373848987108656,0.49117977244632816,0.481549815498155,0.6002376671244576,60.02,71.64,Alto,155,13,11,281.5806907709477,2519.7188706110483,1212.634681922824,109.11803865837608,388,1446,44855,541,5.2,0.058157894736842,0.7053406998158379,0.8388581952117864,0.4935543278084714,0.15469613259668513,0.4990791896869245,0.2375690607734806,0.9373848987108656,0.4548802946593002,0.578268876611418,0.4521178637200737,0.4794520547945206,0.481549815498155
278,"TRAVESSERA DE GRÀCIA, 368","TRAVESSERA DE GRÀCIA, 368",8025.0,27,801907004,el Baix Guinardó,0.2534333024064461,0.1341683592868427,0.3917851500789889,0.0133152787181223,0.0412999322951929,0.48189073050951503,0.7780847145488029,0.43547074850526,0.8468634686346863,0.5990801417370489,59.91,71.45,Medio,156,11,2,382.1557278362824,1098.8565125249158,1811.6200529144207,71.18266595051571,250,1463,38880,556,5.2,-0.245157894736842,0.5902394106813996,0.2955801104972376,0.2983425414364641,0.5174953959484346,0.7053406998158379,0.4843462246777164,0.7780847145488029,0.4843462246777164,0.31123388581952116,0.46685082872928174,0.4794520547945206,0.8468634686346863
201,"C/ NUMÀNCIA, 136","C/ NUMÀNCIA, 136",8029.0,24,801904022,les Corts,0.1509682933243172,0.2033134227431534,0.5404034712047785,0.0074382959540178,0.018370336977347,0.39871086556169427,0.8241252302025782,0.6555615321130345,0.584870848708487,0.5972011208317692,59.72,71.27,Medio,157,16,0,505.4716670394054,265.9746702868898,827.2606316324507,130.62481305847396,289,1589,49500,751,5.1,-0.0049459459459459,0.8029465930018416,0.06261510128913444,0.12154696132596687,0.8895027624309393,0.36095764272559855,0.15469613259668513,0.8241252302025782,0.6243093922651933,0.6961325966850829,0.7274401473296501,0.5743639921722113,0.584870848708487
306,"C/ DOCTOR SALVADOR CARDENAL, 1-5","C/ DOCTOR SALVADOR CARDENAL, 1-5",8028.0,30,801904049,la Maternitat i Sant Ramon,0.1512020133723987,0.2547892720306513,0.5966869506423259,0.0095785440613026,0.0303132747351814,0.685389809699202,0.4125230202578269,0.5739707106637403,0.7361623616236163,0.596934220368655,59.69,70.99,Medio,158,20,4,396.3160580711229,181.4463560260396,1576.1775068755449,30.558776390037217,116,1108,82214,653,5.0,-0.1184571428571428,0.8453038674033149,0.567219152854512,0.26335174953959484,0.9392265193370166,0.6408839779005525,0.856353591160221,0.4125230202578269,0.11694290976058933,0.9419889502762431,0.6068139963167587,0.6301369863013699,0.7361623616236163
561,"C/ MANILA, 53","C/ MANILA, 53",8034.0,24,801904050,Pedralbes,0.2242683110809383,0.1903145508033491,0.4536094138945463,0.0,0.0030549898167006,0.5460405156537753,0.39686924493554326,0.9384205850659344,0.47970479704797053,0.5968923575363864,59.69,70.99,Medio,158,44,2,240.21873426503865,232.39228658634147,564.0501758143735,104.25184174670854,112,1917,98221,1002,2.4,0.058875,0.9806629834254144,0.2955801104972376,0.5819521178637201,0.9005524861878453,0.2578268876611418,0.2596685082872928,0.39686924493554326,0.8517495395948435,0.9825046040515654,0.927255985267035,0.9921722113502935,0.47970479704797053
402,PG. DE COLOM (VIA LAIETANA),PG. DE COLOM (VIA LAIETANA),8002.0,31,801901030,el Barri Gòtic,0.5530140845070423,0.000225352112676,0.0565633802816901,0.028056338028169,0.1944788732394366,0.6626764886433395,0.7348066298342542,0.6636821420462531,0.10147601476014756,0.5967803662093177,59.68,70.72,Medio,160,16,4,313.95454504950646,1122.277636556976,2446.883074342431,35.47697653534918,235,2409,31201,839,4.3,0.427081081081081,0.8029465930018416,0.567219152854512,0.43830570902394106,0.49723756906077343,0.8692449355432781,0.8011049723756907,0.7348066298342542,0.9392265193370166,0.09944751381215469,0.8342541436464088,0.7818003913894325,0.10147601476014756
45,"C/ SARDENYA, 66","C/ SARDENYA, 66",8005.0,27,801910051,la Vila Olímpica del Poblenou,0.3894004501739308,0.0136430262712819,0.0633667831773593,0.0164618333521253,0.0517532980042845,0.5514119091467158,0.47605893186003684,0.5772579674418772,0.929889298892989,0.5958067878607773,59.58,70.53,Medio,161,7,4,463.9627053242856,159.3701346091319,2579.754013453371,79.38709612508833,134,1575,49710,660,5.4,-0.3629230769230769,0.3029465930018416,0.567219152854512,0.16574585635359118,0.9484346224677717,0.9060773480662984,0.41804788213627997,0.47605893186003684,0.6114180478821363,0.7016574585635359,0.6270718232044199,0.3688845401174168,0.929889298892989
211,"C/ SANCHO DE ÁVILA, 60-64","C/ SANCHO DE ÁVILA, 60-64",8018.0,28,801910043,el Parc i la Llacuna del Poblenou,0.5498077974716119,0.0074307588380995,0.0428957442017563,0.0740824138707498,0.1915109209637469,0.44643953345610804,0.7569060773480663,0.696604714692961,0.4981549815498155,0.594354781952367,59.44,70.35,Medio,162,2,4,428.43764631487153,307.4375376602014,2177.5690694219365,119.88453081319372,242,2337,41674,1406,5.3,0.0462564102564102,0.03222836095764273,0.567219152854512,0.2099447513812155,0.8710865561694291,0.8084714548802947,0.1896869244935543,0.7569060773480663,0.9208103130755064,0.4622467771639042,0.996316758747698,0.4070450097847358,0.4981549815498155
96,"GRAN VIA DE LES CORTS CATALANES,  368","GRAN VIA DE LES CORTS CATALANES, 368",8010.0,21,801903024,el Poble-sec,0.2924414210128495,0.0890022675736961,0.3108843537414966,0.0006802721088435,0.0361678004535147,0.7670349907918967,0.6648250460405156,0.4537504549992251,0.29889298892988925,0.5929400703765825,59.29,70.07,Medio,163,41,17,38.88056203180326,2049.1052708122625,1670.0893799130884,32.43264464512386,206,1908,32309,650,6.2,0.1965405405405405,0.9650092081031307,0.9244935543278084,0.9668508287292817,0.24309392265193375,0.6685082872928176,0.8342541436464088,0.6648250460405156,0.8434622467771639,0.14548802946593,0.5902394106813996,0.235812133072407,0.29889298892988925
373,"AV. PARAL.LEL, 132","AV. PARAL.LEL, 132",8015.0,30,801902171,Sant Antoni,0.5114973365994012,0.0080485244371865,0.0614720634550332,0.041059139157821,0.1670360433920447,0.5348373235113567,0.8314917127071824,0.43501034334872224,0.5940959409594095,0.5929329683868624,59.29,70.07,Medio,163,17,3,69.12070264637526,2430.3082326380386,1654.5822105030668,117.46990909401563,292,1528,37974,537,5.2,-0.013078947368421,0.8167587476979742,0.45119705340699817,0.8987108655616943,0.17863720073664824,0.6666666666666666,0.19705340699815843,0.8314917127071824,0.5414364640883977,0.27440147329650094,0.4447513812154696,0.4794520547945206,0.5940959409594095
226,"C/ MONTMANY, 1","C/ MONTMANY, 1",8012.0,27,801906060,la Vila de Gràcia,0.1843033509700176,0.2175581132927104,0.4883773414579102,0.0021439855563078,0.0227939517039043,0.3006445672191529,0.9788213627992634,0.5929464308239,0.6199261992619927,0.5911564768217932,59.12,69.8,Medio,165,5,2,364.3079936637876,785.2291765381228,841.3909269450855,192.36223484276985,500,1648,40507,720,5.1,-0.0295128205128205,0.15469613259668508,0.2955801104972376,0.32780847145488035,0.6261510128913443,0.3664825046040516,0.03314917127071826,0.9788213627992634,0.6924493554327809,0.40515653775322286,0.6998158379373849,0.5743639921722113,0.6199261992619927
158,"RAMBLA DE PRIM, 19","RAMBLA DE PRIM, 19",8019.0,31,801910092,el Besòs i el Maresme,0.535507130500516,0.0174628210905813,0.0728931951329427,0.0589229382604776,0.1775574583145561,0.6832412523020258,0.5920810313075506,0.2690982546049525,0.9077490774907749,0.590591621407451,59.06,69.61,Medio,166,11,2,137.28640572650417,126.24154595019183,2500.4682568367207,58.72450458230332,172,1408,41125,234,6.3,-0.3364871794871795,0.5902394106813996,0.2955801104972376,0.7808471454880295,0.9668508287292817,0.8858195211786372,0.580110497237569,0.5920810313075506,0.39686924493554326,0.4171270718232044,0.05985267034990792,0.20254403131115462,0.9077490774907749
428,"C/ PUJADES, 103","C/ PUJADES, 103",8005.0,33,801910056,el Poblenou,0.5777987479442969,0.0,0.005302944826808,0.0720974839219226,0.1951935010718718,0.5587783916513199,0.5736648250460405,0.5570177098312268,0.7287822878228782,0.5875604139707106,58.76,69.43,Medio,167,9,3,171.34432827973686,765.0793165433754,1359.08951059407,62.74345208861988,169,1762,38490,698,5.2,-0.1140857142857142,0.4539594843462247,0.45119705340699817,0.7127071823204421,0.6408839779005524,0.5506445672191529,0.5432780847145489,0.5736648250460405,0.7697974217311234,0.2983425414364641,0.6804788213627992,0.4794520547945206,0.7287822878228782
76,"C/ CÒRSEGA, 216","C/ CÒRSEGA, 216",8036.0,31,801902087,l'Antiga Esquerra de l'Eixample,0.1713534717501081,0.1479770089034148,0.4096697847402231,0.0002254029076975,0.0074382959540178,0.5610804174340086,0.7311233885819521,0.6510948813037665,0.2952029520295203,0.5862131563777606,58.62,69.15,Medio,168,13,4,394.52305494436246,837.7707933653904,1427.946641685211,53.00291406749449,234,1356,51481,707,4.2,0.1998974358974359,0.7053406998158379,0.567219152854512,0.26703499079189685,0.6077348066298343,0.583793738489871,0.6353591160220995,0.7311233885819521,0.3425414364640884,0.7255985267034991,0.6869244935543278,0.8493150684931507,0.2952029520295203
126,PG. DE COLOM /VIA LAIETANA,PG. DE COLOM /VIA LAIETANA,8002.0,23,801901030,el Barri Gòtic,0.6352991917974053,0.0003381805884342,0.0167963025588997,0.1696539285311689,0.3927403900349453,0.6586863106200123,0.7311233885819521,0.6636821420462531,0.04612546125461259,0.5861604105622475,58.62,69.15,Medio,168,16,4,307.4741018118539,1116.8650532966983,2452.264584384496,40.60700413701006,234,2409,31201,839,4.3,0.5660000000000001,0.8029465930018416,0.567219152854512,0.4493554327808471,0.5027624309392265,0.8710865561694291,0.7587476979742174,0.7311233885819521,0.9392265193370166,0.09944751381215469,0.8342541436464088,0.7818003913894325,0.04612546125461259
75,"AV. JOSEP TARRADELLAS, 58","AV. JOSEP TARRADELLAS, 58",8029.0,21,801902125,la Nova Esquerra de l'Eixample,0.2054198100814472,0.1341065195360882,0.4079495552302669,0.0012385992568404,0.016664790001126,0.5793431553100062,0.5368324125230203,0.6635064492761458,0.551660516605166,0.5856038972990685,58.56,68.88,Medio,170,10,5,208.84301904819003,797.0238534134369,2004.834876243692,102.52249014618644,153,1567,48038,730,4.9,0.0121499999999999,0.5202578268876611,0.6464088397790055,0.6537753222836096,0.6206261510128914,0.7624309392265194,0.2725598526703499,0.5368324125230203,0.5985267034990792,0.6666666666666666,0.712707182320442,0.6761252446183953,0.551660516605166
129,"C/ MANSO, 46","C/ MANSO, 46",8015.0,23,801902172,Sant Antoni,0.6276377921899798,0.0054078413699864,0.0288418206399278,0.1799233889139252,0.3835060838215412,0.6402701043585021,0.858195211786372,0.4119900855218346,0.2859778597785978,0.5845375398193171,58.45,68.69,Medio,171,16,5,235.01479232843107,2251.5368259774737,2001.969961396289,33.13793153583112,312,1434,37406,568,5.2,0.2117567567567567,0.8029465930018416,0.6464088397790055,0.5966850828729282,0.20810313075506448,0.7605893186003683,0.8268876611418048,0.858195211786372,0.43738489871086556,0.2550644567219153,0.47605893186003684,0.4794520547945206,0.2859778597785978
382,"C/ LOPE DE VEGA, 79","C/ LOPE DE VEGA, 79",8005.0,27,801910070,el Poblenou,0.6193697695868132,0.0027416038382453,0.0122229837788439,0.1378798263650902,0.2989490518620059,0.5457335788827501,0.6813996316758748,0.48772673377229503,0.6734317343173432,0.5843031041186064,58.43,68.51,Medio,172,11,1,64.3641519071015,432.34073437846246,1714.400139841103,140.67794612881832,212,1585,39894,578,5.2,-0.0734166666666666,0.5902394106813996,0.16482504604051565,0.9079189686924494,0.8084714548802947,0.6832412523020258,0.11970534069981587,0.6813996316758748,0.6197053406998159,0.35911602209944754,0.49263351749539597,0.4794520547945206,0.6734317343173432
385,"C/ CASANOVA, 119","C/ CASANOVA, 119",8036.0,30,801902099,l'Antiga Esquerra de l'Eixample,0.1909496057593417,0.086618672151754,0.3286481544966289,0.0,0.0014855445091989,0.5190300798035604,0.7605893186003683,0.7397228739372841,0.1789667896678967,0.5835835945158436,58.36,68.32,Medio,173,15,2,360.23251572768635,1116.6770767768826,2533.349766781188,95.9094067464855,243,1534,56357,752,4.2,0.3135555555555556,0.7799263351749539,0.2955801104972376,0.3351749539594844,0.5046040515653776,0.8895027624309392,0.30939226519337015,0.7605893186003683,0.5616942909760589,0.8158379373848987,0.7320441988950276,0.8493150684931507,0.1789667896678967
112,"C/ FLORIDABLANCA,  49","C/ FLORIDABLANCA, 49",8015.0,20,801902158,Sant Antoni,0.5470113463562989,0.0229266580886653,0.088431395484852,0.1317113112644753,0.2958240729909931,0.5775015346838551,0.7219152854511971,0.5572479124094957,0.4095940959409594,0.5833554509956664,58.34,68.14,Medio,174,24,7,280.8809508146853,1992.197888440512,1396.7380527549485,66.04647644203182,232,1507,44494,671,5.2,0.1142631578947368,0.8885819521178637,0.7366482504604052,0.4953959484346224,0.26335174953959484,0.565377532228361,0.5156537753222836,0.7219152854511971,0.5303867403314917,0.572744014732965,0.6464088397790055,0.4794520547945206,0.4095940959409594
418,Time Out Market PG. LLUíS COMPANYS,Time Out Market PG. LLUíS COMPANYS,8018.0,27,801901055,"Sant Pere, Santa Caterina i la Ribera",0.385401720104702,0.0271190420286452,0.0972059168818971,0.0084526884245127,0.044611411129373,0.7295887047268262,0.785451197053407,0.3548189073050952,0.28044280442804426,0.5824899934082214,58.25,67.96,Medio,175,13,7,134.6616916134684,657.7432310524628,1820.1338735772083,41.33512217506398,252,1224,41259,522,,0.214051282051282,0.7053406998158379,0.7366482504604052,0.7863720073664825,0.6869244935543278,0.712707182320442,0.7495395948434622,0.785451197053407,0.20257826887661143,0.43462246777163904,0.427255985267035,,0.28044280442804426
191,"C/ ENTENÇA, 137","C/ ENTENÇA, 137",8015.0,37,801902134,la Nova Esquerra de l'Eixample,0.1849912899692784,0.092335478044926,0.3016141776724235,0.0,0.0,0.617096378146102,0.5626151012891344,0.524924497158282,0.6051660516605166,0.5786435397120673,57.86,67.77,Medio,176,7,7,306.272970853424,1190.21544045808,2753.27088470703,34.26483313218871,162,1393,43598,584,4.9,-0.0175526315789473,0.3029465930018416,0.7366482504604052,0.45488029465930013,0.4696132596685083,0.9226519337016574,0.8158379373848987,0.5626151012891344,0.3812154696132597,0.5414364640883977,0.5009208103130756,0.6761252446183953,0.6051660516605166
337,"C/ CARME KARR, 12-14","C/ CARME KARR, 12-14",8034.0,23,801905010,Sarrià,0.1154615968342407,0.2496193042052243,0.6433173245870915,0.0,0.0002342743352465,0.474524248004911,0.3747697974217311,0.7319140060474353,0.8892988929889298,0.57614927161735,57.61,67.59,Medio,177,7,8,120.87404041277256,1283.7858404997885,230.3723954108247,86.25964295880081,109,1433,62171,676,2.8,-0.2831891891891891,0.3029465930018416,0.7780847145488029,0.8139963167587477,0.43830570902394106,0.15101289134438306,0.3627992633517495,0.3747697974217311,0.43462246777163904,0.860036832412523,0.6574585635359116,0.9755381604696673,0.8892988929889298
151,"C/ PALLARS, 182","C/ PALLARS, 182",8005.0,31,801910058,el Poblenou,0.5791735133878021,0.005791277626758,0.0242288145609266,0.110388842926368,0.2190048457629121,0.6129527317372622,0.6731123388581952,0.26535104316456015,0.8450184501845018,0.5759020691414058,57.59,67.4,Medio,178,11,1,125.57736517465598,634.202910458762,1059.767021437247,8.972042228029979,209,1096,37272,396,5.2,-0.2450526315789473,0.5902394106813996,0.16482504604051565,0.8011049723756907,0.7053406998158379,0.425414364640884,0.990791896869245,0.6731123388581952,0.10405156537753223,0.2513812154696133,0.2265193370165746,0.4794520547945206,0.8450184501845018
417,"C/ VILLAR, 2","C/ VILLAR, 2",8041.0,32,801907035,el Guinardó,0.2684016674280493,0.1188899040657834,0.2858611238008223,0.0,0.0051393330287802,0.6224677716390423,0.496316758747698,0.5449138294536766,0.6494464944649446,0.5755883412937501,57.56,67.22,Medio,179,11,2,213.66036927377405,1459.0083980555685,2388.5013032344505,13.50184953742532,139,1662,45286,620,5.5,-0.0541621621621621,0.5902394106813996,0.2955801104972376,0.6427255985267035,0.3848987108655617,0.85451197053407,0.9668508287292817,0.496316758747698,0.7034990791896869,0.5893186003683242,0.5414364640883977,0.3454011741682974,0.6494464944649446
286,"C/ BOLÍVIA, 76","C/ BOLÍVIA, 76",8018.0,19,801910042,el Parc i la Llacuna del Poblenou,0.4818270303634593,0.0369869192602616,0.1659900766801984,0.0816418583671628,0.208615245827695,0.5810313075506445,0.6325966850828729,0.6611535176395541,0.3210332103321033,0.5749534898731478,57.5,67.03,Medio,180,14,3,249.85193203631417,149.43581719641008,1481.7029119626636,128.7735099822966,186,3124,38142,1176,5.3,0.1783157894736842,0.7532228360957642,0.45119705340699817,0.5616942909760589,0.9558011049723757,0.6058931860036832,0.15837937384898715,0.6325966850828729,0.9871086556169429,0.287292817679558,0.9631675874769797,0.4070450097847358,0.3210332103321033
229,"C/ DE LA SANTACREU, 2 (PL. DE LA VIRREINA)","C/ DE LA SANTACREU, 2 (PL. DE LA VIRREINA)",8024.0,28,801906052,la Vila de Gràcia,0.1638691013408973,0.16471119133574,0.4552120938628158,0.0034972924187725,0.016696750902527,0.2455494168201351,0.9465930018416207,0.5068506665513401,0.8173431734317343,0.5719046890000477,57.19,66.85,Medio,181,2,1,473.2930208688867,1147.9216158612694,0.0,58.31173623367466,402,1427,40013,677,5.1,-0.2055263157894736,0.03222836095764273,0.16482504604051565,0.15469613259668513,0.4843462246777164,0.05156537753222836,0.5856353591160222,0.9465930018416207,0.427255985267035,0.3664825046040516,0.6593001841620626,0.5743639921722113,0.8173431734317343
339,"C/ RAMON TURRÓ, 246","C/ RAMON TURRÓ, 246",8005.0,27,801910071,el Poblenou,0.7163975798903597,0.0011281588447653,0.0037229241877256,0.0647563176895306,0.444268953068592,0.4447513812154696,0.7817679558011049,0.6118059234592195,0.4372693726937269,0.5696468591445545,56.96,66.67,Medio,182,11,1,277.44684609312344,669.9668307206656,1635.1906700271502,163.49727664203488,251,1749,50486,574,5.2,0.0881578947368421,0.5902394106813996,0.16482504604051565,0.5101289134438305,0.6813996316758748,0.6537753222836096,0.06813996316758753,0.7817679558011049,0.7670349907918969,0.7136279926335175,0.4871086556169429,0.4794520547945206,0.4372693726937269
426,"C/ DE RIBES, 59 B","C/ DE RIBES, 59 B",8013.0,33,801902011,el Fort Pienc,0.272556589893528,0.0375126732004055,0.156471781007097,0.0009012053621719,0.0070969922271037,0.6629834254143646,0.4162062615101289,0.41168059594987627,0.8634686346863468,0.5685362084629809,56.85,66.48,Medio,183,13,4,363.4756952269699,330.160671343039,3317.345625803735,63.11469816513131,119,1048,45758,419,4.8,-0.2595897435897435,0.7053406998158379,0.567219152854512,0.33333333333333337,0.858195211786372,0.9742173112338858,0.5395948434622468,0.4162062615101289,0.06813996316758748,0.6077348066298343,0.24677716390423574,0.7240704500978474,0.8634686346863468
5,"PG. LLUIS COMPANYS, 11 (ARC TRIOMF)","PG. LLUIS COMPANYS, 11 (ARC TRIOMF)",8018.0,39,801901055,"Sant Pere, Santa Caterina i la Ribera",0.174814493460951,0.064152273528375,0.2962049112912701,0.0,0.0022324051227822,0.7265193370165745,0.7744014732965009,0.3548189073050952,0.20848708487084866,0.5678599258368273,56.79,66.21,Medio,184,13,7,128.05977293359618,650.9335575681486,1812.034238093005,44.93827826889036,249,1224,41259,522,,0.2824615384615385,0.7053406998158379,0.7366482504604052,0.7992633517495396,0.6924493554327809,0.7071823204419889,0.718232044198895,0.7744014732965009,0.20257826887661143,0.43462246777163904,0.427255985267035,,0.20848708487084866
445,"C/ VILAMARÍ, 2","C/ VILAMARÍ, 2",8015.0,24,801902154,Sant Antoni,0.4343353241679814,0.0224250619788145,0.1147171512283074,0.0481180978138381,0.1231688077529862,0.6559238796807858,0.6648250460405156,0.26120739675572036,0.7121771217712177,0.5679080368530167,56.79,66.21,Medio,184,37,18,215.096434976015,2059.850995663835,1414.1587177682684,55.948660892849325,206,963,38924,396,5.2,-0.0970526315789473,0.9465930018416207,0.9318600368324125,0.6353591160220995,0.23941068139963173,0.572744014732965,0.6095764272559853,0.6648250460405156,0.02578268876611418,0.31307550644567217,0.2265193370165746,0.4794520547945206,0.7121771217712177
146,"C/ PERE IV, 488","C/ PERE IV, 488",8019.0,24,801910094,Provençals del Poblenou,0.5014535466538353,0.0027667508721279,0.0371706964994586,0.0093828942619992,0.1332852159268615,0.46869244935543275,0.5948434622467772,0.677017223297402,0.5710332103321033,0.5676625102102617,56.77,65.93,Medio,186,5,0,647.4208582941873,267.05991332986656,1642.8779991015667,8.205716117146217,173,3020,43728,1251,6.3,0.0044736842105263,0.15469613259668508,0.06261510128913444,0.05524861878453036,0.8876611418047882,0.6593001841620626,0.992633517495396,0.5948434622467772,0.9788213627992634,0.5460405156537753,0.9806629834254144,0.20254403131115462,0.5710332103321033
142,"C/ SANCHO DE ÁVILA,  104 - C/ BADAJOZ","C/ SANCHO DE ÁVILA,  104 - C/ BADAJOZ",8018.0,51,801910042,el Parc i la Llacuna del Poblenou,0.576777285792999,0.0003385622390249,0.0014671030357747,0.0318248504683444,0.1002144227513824,0.3772252915899324,0.7430939226519337,0.6611535176395541,0.5608856088560885,0.5672235534577615,56.72,65.75,Medio,187,5,3,445.15456449160985,448.6289714292167,1127.6604953865258,114.05255407541456,238,3124,38142,1176,5.3,0.0091891891891891,0.15469613259668508,0.45119705340699817,0.18784530386740328,0.7955801104972375,0.4585635359116022,0.2154696132596685,0.7430939226519337,0.9871086556169429,0.287292817679558,0.9631675874769797,0.4070450097847358,0.5608856088560885
447,"C/ ALMOGÀVERS, 63","C/ ALMOGÀVERS, 63",8018.0,27,801902001,el Fort Pienc,0.3076349386929591,0.0179749715585893,0.1358361774744027,0.0021615472127417,0.0119453924914675,0.9248004910988336,0.27716390423572745,0.464396986373449,0.37084870848708484,0.5646977008099485,56.47,65.56,Medio,188,38,8,70.00621527634756,77.43618504587168,3109.071567656921,10.7645132809084,91,1290,41726,501,4.8,0.1397631578947368,0.9493554327808471,0.7780847145488029,0.8968692449355433,0.9852670349907919,0.9613259668508287,0.9779005524861879,0.27716390423572745,0.283609576427256,0.46685082872928174,0.3830570902394107,0.7240704500978474,0.37084870848708484
387,"C/ NÀPOLS, 125","C/ NÀPOLS, 125",8013.0,32,801902007,el Fort Pienc,0.2403762245242653,0.0513455691926584,0.1853394887963067,0.0012385992568404,0.0039409976354014,0.6979742173112338,0.6169429097605893,0.5334577598541119,0.21033210332103325,0.5634409589607621,56.34,65.29,Medio,189,19,8,280.1878871124911,616.4337283074747,2816.5727980178835,77.24793945406334,180,1167,51559,596,4.8,0.2779722222222222,0.8351749539594844,0.7780847145488029,0.49723756906077343,0.7127071823204421,0.9337016574585635,0.430939226519337,0.6169429097605893,0.1721915285451197,0.7283609576427256,0.509208103130755,0.7240704500978474,0.21033210332103325
454,"C/ SARDENYA, 402","C/ SARDENYA, 402",8025.0,27,801907003,el Baix Guinardó,0.1551418550630351,0.228014863191082,0.5038846976691814,0.0,0.0,0.44689993861264576,0.6114180478821363,0.44513925679255284,0.9520295202952029,0.5633587327273787,56.34,65.29,Medio,189,7,2,450.515748459395,915.2970053125742,2430.606753192342,72.31210312310792,179,1255,45343,553,5.2,-0.4168108108108108,0.3029465930018416,0.2955801104972376,0.17863720073664824,0.572744014732965,0.8637200736648251,0.4677716390423573,0.6114180478821363,0.24585635359116023,0.5920810313075506,0.4631675874769797,0.4794520547945206,0.9520295202952029
604,"C/ CÒRSEGA, 578","C/ CÒRSEGA, 578",,28,801902036,la Sagrada Família,0.2222995926647454,0.1920432773582779,0.4279274202637214,0.006874788684774,0.0157782035388256,0.5498772252915899,0.8609576427255985,0.45022083229719656,0.2841328413284133,0.5628715738070172,56.29,64.92,Medio,191,7,5,319.670799931712,831.1437617275955,2251.0396356081,71.91332032240189,314,1137,48252,515,5.1,0.2121944444444444,0.3029465930018416,0.6464088397790055,0.429097605893186,0.6132596685082873,0.8287292817679558,0.47882136279926335,0.8609576427255985,0.13720073664825047,0.6758747697974218,0.4134438305709024,0.5743639921722113,0.2841328413284133
608,"C/ PAMPLONA, 116 (xamfrà)","C/ PAMPLONA, 116 (xamfrà)",8018.0,24,801910043,el Parc i la Llacuna del Poblenou,0.4908475619135518,0.0028841716658975,0.0762574988463313,0.0575680664513151,0.1753576372865713,0.5587783916513198,0.6942909760589319,0.696604714692961,0.13099630996309963,0.5629458062604001,56.29,64.92,Medio,191,2,5,337.3185496929092,211.6601072139534,2786.9544041009526,74.61776122471754,218,2337,41674,1406,5.3,0.371051282051282,0.03222836095764273,0.6464088397790055,0.3812154696132597,0.9152854511970534,0.9244935543278084,0.4530386740331491,0.6942909760589319,0.9208103130755064,0.4622467771639042,0.996316758747698,0.4070450097847358,0.13099630996309963
160,"AV.DEDUARD MARISTANY,1 /FORUM","AV. D'EDUARD MARISTANY, 1 /FORUM",8019.0,33,801910080,el Besòs i el Maresme,0.4830776173285198,0.0173736462093862,0.0830324909747292,0.095442238267148,0.1756543321299639,0.6077348066298341,0.5046040515653776,0.7442363761519138,0.2509225092250923,0.5625556656335287,56.26,64.64,Medio,193,11,1,240.33115517848395,103.09525552606158,2187.794203516149,63.91167637446209,142,2258,72348,1080,6.3,0.2418157894736842,0.5902394106813996,0.16482504604051565,0.580110497237569,0.9705340699815838,0.8121546961325967,0.5285451197053407,0.5046040515653776,0.9106813996316758,0.921731123388582,0.9419889502762431,0.20254403131115462,0.2509225092250923
602,"C/ ROSSELLÓ, 497 (xamfrà)","C/ ROSSELLÓ, 497 (xamfrà)",,20,801902037,la Sagrada Família,0.2346762346027799,0.2263532602553961,0.4739518589671149,0.0185331675895581,0.0402305345236749,0.5662983425414365,0.7937384898710865,0.43019320798780425,0.38745387453874536,0.5623054255350373,56.23,64.46,Medio,194,13,4,294.8015123411308,762.3967255361697,2815.9768242868995,160.1621657220706,261,1143,49845,450,5.1,0.1277692307692307,0.7053406998158379,0.567219152854512,0.47513812154696133,0.6427255985267035,0.9318600368324125,0.07550644567219156,0.7937384898710865,0.15193370165745856,0.7062615101289135,0.2882136279926335,0.5743639921722113,0.38745387453874536
50,"AV. PARAL.LEL, 54","AV. PARAL.LEL, 54",8004.0,18,801901003,el Raval,0.4686526479750779,0.0283878504672897,0.1336448598130841,0.0378504672897196,0.2154205607476635,0.5862492326580724,0.6961325966850829,0.4093452335902953,0.525830258302583,0.5604312277445572,56.04,64.27,Medio,195,10,11,141.72216928083176,2225.370189487508,1108.918411988297,43.06397007798157,219,3370,28028,628,7.4,0.0304871794871794,0.5202578268876611,0.8388581952117864,0.7697974217311234,0.2136279926335175,0.44935543278084716,0.725598526703499,0.6961325966850829,0.994475138121547,0.016574585635359115,0.5607734806629834,0.06555772994129161,0.525830258302583
358,"C/ GOMBAU, 24","C/ GOMBAU, 24",8003.0,26,801901048,"Sant Pere, Santa Caterina i la Ribera",0.6319806953609771,0.0104760796182051,0.029449423815621,0.0826446280991735,0.2383890117564893,0.4992326580724371,0.9208103130755064,0.5039901780233272,0.19003690036900367,0.5594370881554119,55.94,64.09,Medio,196,7,4,363.9766308765172,837.6846128832328,352.895407311874,7.136064662464024,374,2035,25955,664,,0.3012368421052631,0.3029465930018416,0.567219152854512,0.32965009208103135,0.6095764272559853,0.1878453038674033,0.998158379373849,0.9208103130755064,0.8729281767955801,0.0,0.6390423572744015,,0.19003690036900367
284,"AV. DIAGONAL, 652","AV. DIAGONAL, 652",8034.0,27,801904023,les Corts,0.1501315295001878,0.4491544532130778,0.6682074408117249,0.0054114994363021,0.0170236753100338,0.6375076734192756,0.4576427255985267,0.49441972732482087,0.6531365313653137,0.5591137786323803,55.91,63.9,Medio,197,29,2,472.154092970816,40.48906838131754,1195.4633273568338,14.274656689056318,129,1015,90951,507,5.1,-0.0572972972972972,0.923572744014733,0.2955801104972376,0.15837937384898715,0.998158379373849,0.4843462246777164,0.9650092081031307,0.4576427255985267,0.053406998158379376,0.9521178637200737,0.39779005524861877,0.5743639921722113,0.6531365313653137
554,"C/ AVENIR, 35","C/ AVENIR, 35",8021.0,23,801905065,Sant Gervasi - Galvany,0.1005924402663533,0.3549549549549549,0.7360360360360361,0.000563063063063,0.00259009009009,0.34561080417434004,0.8066298342541437,0.8059378750364901,0.22509225092250917,0.5578695464220539,55.79,63.72,Medio,198,7,2,463.66855104241904,499.4947396323623,592.3827562900697,102.8628801599048,279,1568,62996,829,3.2,0.2636216216216215,0.3029465930018416,0.2955801104972376,0.1694290976058932,0.7697974217311234,0.26887661141804786,0.26703499079189685,0.8066298342541437,0.6003683241252302,0.861878453038674,0.8084714548802947,0.9530332681017613,0.22509225092250917
6,"PG. LLUIS COMPANYS, 18 (ARC TRIOMF)","PG. LLUIS COMPANYS, 18  (ARC TRIOMF)",8018.0,39,801901055,"Sant Pere, Santa Caterina i la Ribera",0.232319393928427,0.0312867560573982,0.1507880498706186,0.002470007057163,0.0102328863796753,0.7160834868017187,0.7173112338858195,0.3548189073050952,0.25461254612546125,0.5568536375971495,55.69,63.54,Medio,199,13,7,81.02499021548077,604.5458330206063,1740.6997317083376,59.82780502735328,230,1224,41259,522,,0.237578947368421,0.7053406998158379,0.7366482504604052,0.8802946593001841,0.7200736648250461,0.6906077348066298,0.56353591160221,0.7173112338858195,0.20257826887661143,0.43462246777163904,0.427255985267035,,0.25461254612546125
403,"C/ VALLESPIR, 49","C/ VALLESPIR, 49",8014.0,22,801903109,Sants,0.3047600995871028,0.0938803110560126,0.2621435816522033,0.0173560238927082,0.0641271272399413,0.462707182320442,0.64548802946593,0.5371130704609097,0.6568265682656826,0.556121774033717,55.61,63.35,Medio,200,8,16,236.6608664516663,1150.0392034868487,123.07021168259686,102.45332806534137,192,1448,42224,545,4.6,-0.060025641025641,0.39042357274401474,0.9125230202578268,0.5911602209944751,0.48250460405156537,0.12154696132596685,0.2780847145488029,0.64548802946593,0.4594843462246777,0.48066298342541436,0.4548802946593002,0.7534246575342466,0.6568265682656826
609,"C/ ÀVILA, 94","C/ ÀVILA, 94",8018.0,24,801910042,el Parc i la Llacuna del Poblenou,0.554015826472689,0.0125183263787075,0.0442088643284087,0.0825532874703958,0.1845043419420322,0.4789748311847759,0.6537753222836096,0.6611535176395541,0.3948339483394834,0.555598493146385,55.56,63.17,Medio,201,7,3,344.24758766056425,579.5681041796608,1458.9079562857064,78.39356487459713,195,3124,38142,1176,5.3,0.1242777777777777,0.3029465930018416,0.45119705340699817,0.3664825046040515,0.7311233885819521,0.5985267034990792,0.423572744014733,0.6537753222836096,0.9871086556169429,0.287292817679558,0.9631675874769797,0.4070450097847358,0.3948339483394834
133,"GRAN VIA DE LES CORTS CATALANES,  902","GRAN VIA DE LES CORTS CATALANES, 902",8018.0,16,801910098,Provençals del Poblenou,0.5223968897903989,0.0110434978589136,0.0703177822853279,0.0600631057020509,0.31947261663286,0.3443830570902395,0.6685082872928176,0.4868698936473098,0.9704797047970479,0.5549505709361728,55.5,62.98,Medio,202,5,3,492.7676416987012,82.67204902307297,754.3055886925309,273.9119618215514,207,1728,48902,457,6.3,-0.4584375,0.15469613259668508,0.45119705340699817,0.13075506445672191,0.9815837937384899,0.3443830570902394,0.0036832412523020164,0.6685082872928176,0.7532228360957642,0.6887661141804788,0.3029465930018416,0.20254403131115462,0.9704797047970479
222,"C/ DEL CANÓ, 1","C/ DEL CANÓ, 1",8012.0,27,801906050,la Vila de Gràcia,0.1735800486804042,0.1886684252781282,0.4870971441679091,0.0010322284665672,0.0186948044500516,0.36249232658072444,1.0,0.3790882356121136,0.5424354243542435,0.5530096868594184,55.3,62.71,Medio,203,6,5,381.6005593209494,895.5350937865506,0.0,85.25810421632653,738,1235,37181,558,5.1,0.0211025641025641,0.22283609576427257,0.6464088397790055,0.3001841620626151,0.583793738489871,0.05156537753222836,0.37016574585635365,1.0,0.22375690607734808,0.24861878453038674,0.4696132596685083,0.5743639921722113,0.5424354243542435
230,"C/ DE NIL FABRA, 16-20","C/ DE NIL FABRA, 16-20",8012.0,26,801906038,la Vila de Gràcia,0.1530977556808235,0.1099226217569412,0.4855484751934456,0.0,0.0,0.4198895027624309,0.6427255985267035,0.5528911822051155,0.7140221402214022,0.5529688421830159,55.3,62.71,Medio,203,13,3,112.17538732949173,1549.4757194576894,0.0,142.0616602793907,191,1418,43138,721,5.1,-0.0978717948717948,0.7053406998158379,0.45119705340699817,0.8342541436464088,0.3591160220994475,0.05156537753222836,0.11786372007366486,0.6427255985267035,0.4125230202578269,0.5230202578268877,0.7016574585635359,0.5743639921722113,0.7140221402214022
203,"AV. DIAGONAL, 668","AV. DIAGONAL, 668",8034.0,33,801904024,les Corts,0.1041487105821191,0.35,0.6422121896162528,0.0001128668171557,0.0003386004514672,0.6559238796807857,0.4622467771639042,0.49073648607251885,0.566420664206642,0.5527822733283771,55.28,62.43,Medio,205,47,2,214.6145764607324,191.3979377265341,817.435569144292,43.0784647803192,130,984,97678,501,5.1,0.0077027027027027,0.9843462246777164,0.2955801104972376,0.6408839779005524,0.9355432780847146,0.35543278084714547,0.7237569060773481,0.4622467771639042,0.0432780847145488,0.9622467771639043,0.3830570902394107,0.5743639921722113,0.566420664206642
148,"RONDA SANT PAU, 79","RONDA SANT PAU, 79",8015.0,27,801902169,Sant Antoni,0.54531313207138,0.0114851931088841,0.0525841684494989,0.0827609503434298,0.1704762977142213,0.5896255371393492,0.856353591160221,0.48703612603748836,0.06826568265682653,0.5524562196967235,55.25,62.25,Medio,206,13,5,159.65208748236677,2261.6378343118454,966.8158537752494,30.58140163952593,310,1476,41613,597,5.2,0.4812820512820512,0.7053406998158379,0.6464088397790055,0.7348066298342542,0.20073664825046045,0.39594843462246776,0.85451197053407,0.856353591160221,0.5,0.4558011049723757,0.5128913443830571,0.4794520547945206,0.06826568265682653
143,"C/ SANCHO DE ÁVILA, 170 / LLACUNA","C/ SANCHO DE ÁVILA, 170 / LLACUNA",8018.0,27,801910042,el Parc i la Llacuna del Poblenou,0.6864967658797182,0.00022519986488,0.0093457943925233,0.1276883233870059,0.3379123972525616,0.41405770411295273,0.7034990791896869,0.6611535176395541,0.44095940959409596,0.552227257085958,55.22,62.06,Medio,207,10,1,416.7144419026783,384.70052830687337,1066.7522548432512,98.90884037277134,223,3124,38142,1176,5.3,0.0848461538461538,0.5202578268876611,0.16482504604051565,0.2320441988950276,0.8305709023941068,0.43646408839779005,0.3001841620626151,0.7034990791896869,0.9871086556169429,0.287292817679558,0.9631675874769797,0.4070450097847358,0.44095940959409596
240,"C/ JOSEP ESTIVILL, 32","C/ JOSEP ESTIVILL, 32",8027.0,27,801909090,Navas,0.3524590505998956,0.0590422535211267,0.176,0.0061971830985915,0.068056338028169,0.7622774708410067,0.5368324125230203,0.3047255949227492,0.49630996309963105,0.5516331111207393,55.16,61.88,Medio,208,25,12,181.18191848298,1094.7950233473234,2361.158536030907,41.3144774967898,153,1449,35890,381,5.6,0.0478157894736841,0.8931860036832413,0.8572744014732965,0.6979742173112339,0.5211786372007366,0.850828729281768,0.7532228360957642,0.5368324125230203,0.46408839779005523,0.21915285451197053,0.21178637200736647,0.3238747553816047,0.49630996309963105
507,"C/ SARDENYA, 494","C/ SARDENYA, 494",8024.0,24,801907018,el Baix Guinardó,0.1560517325524646,0.2983444081540714,0.5653789841198333,0.0001126252956414,0.0136276607726095,0.5686003683241253,0.3747697974217311,0.4798998461111532,0.9169741697416974,0.5502236652579195,55.02,61.69,Medio,209,9,5,189.1639093534972,1392.9763245535023,1760.7218195742264,62.968014279194186,109,1561,39775,583,5.2,-0.3499487179487179,0.4539594843462247,0.6464088397790055,0.6832412523020257,0.39410681399631675,0.6924493554327809,0.5414364640883977,0.3747697974217311,0.5911602209944752,0.34990791896869244,0.4990791896869245,0.4794520547945206,0.9169741697416974
44,"AV. MERIDIANA, 71","AV. MERIDIANA, 71",8018.0,21,801902013,el Fort Pienc,0.297699995060834,0.0735277169528638,0.2605739310821712,0.024547654719373,0.0679958511006108,0.6175567833026397,0.6390423572744015,0.35320914106958157,0.5571955719557196,0.5477870845352776,54.78,61.51,Medio,210,6,3,63.03205521896473,130.88532377309417,2809.6131157006207,111.71322801784244,189,1079,37995,463,4.8,0.0095405405405405,0.22283609576427257,0.45119705340699817,0.9134438305709024,0.9631675874769797,0.9300184162062615,0.22467771639042355,0.6390423572744015,0.09023941068139964,0.27808471454880296,0.32044198895027626,0.7240704500978474,0.5571955719557196
610,"C/ ÀVILA, 102","C/ ÀVILA, 102",8018.0,27,801910042,el Parc i la Llacuna del Poblenou,0.4105321202095395,0.0293255131964809,0.1236183171667042,0.0874125874125874,0.137265959846605,0.3802946593001842,0.7375690607734806,0.6611535176395541,0.43173431734317347,0.5475439229597991,54.75,61.33,Medio,211,5,3,400.4292934494897,527.1715763660658,1385.1336075633428,147.4157835037066,236,3124,38142,1176,5.3,0.0944594594594594,0.15469613259668508,0.45119705340699817,0.2559852670349908,0.7532228360957642,0.5580110497237569,0.1086556169429097,0.7375690607734806,0.9871086556169429,0.287292817679558,0.9631675874769797,0.4070450097847358,0.43173431734317347
194,"C/ JOAN GÜELL, 98","C/ JOAN GÜELL, 98",8028.0,24,801904032,les Corts,0.2441893264131784,0.1170032720297867,0.3508969874760239,0.0088006318402346,0.022452894053932,0.46869244935543275,0.5736648250460405,0.5558838157226108,0.6715867158671587,0.5471675248466381,54.72,61.14,Medio,212,5,5,306.9959545764603,895.3767946014527,659.0968971224258,50.8534172670938,169,1462,48131,582,5.1,-0.0717567567567567,0.15469613259668508,0.6464088397790055,0.4530386740331491,0.5856353591160222,0.3149171270718232,0.6574585635359116,0.5736648250460405,0.47974217311233885,0.6721915285451197,0.4972375690607735,0.5743639921722113,0.6715867158671587
419,PG. DE LLUIS COMPANYS (ARC DE TRIOMF ),PG. DE LLUIS COMPANYS (ARC DE TRIOMF),8018.0,33,801901055,"Sant Pere, Santa Caterina i la Ribera",0.5647489972737264,0.0032972209138012,0.0255534620819594,0.0136599152143193,0.1068064060292039,0.7403314917127072,0.7117863720073665,0.3548189073050952,0.1420664206642066,0.5470773050271939,54.71,60.96,Medio,213,13,6,88.11972364426589,591.4119577989743,1545.4252479580716,34.49297202740945,228,1224,41259,522,,0.3564594594594594,0.7053406998158379,0.6942909760589319,0.8710865561694291,0.7274401473296501,0.6316758747697975,0.8121546961325967,0.7117863720073665,0.20257826887661143,0.43462246777163904,0.427255985267035,,0.1420664206642066
165,"C/ DEL DOCTOR TRUETA, 222","C/ DEL DOCTOR TRUETA, 222",8005.0,27,801910061,el Poblenou,0.6112591258375341,0.0064167510976021,0.0287065180682201,0.088483620398514,0.3162219970730609,0.3086249232658072,0.7513812154696132,0.582800398597341,0.6974169741697417,0.5461766727852323,54.62,60.77,Medio,214,11,0,502.2790335074727,905.807032009383,1061.9635106238134,162.26326461382718,241,1641,48067,578,5.2,-0.0915,0.5902394106813996,0.06261510128913444,0.12338858195211788,0.576427255985267,0.429097605893186,0.06998158379373853,0.7513812154696132,0.6887661141804788,0.6703499079189686,0.49263351749539597,0.4794520547945206,0.6974169741697417
386,AV. PARAL.LEL 164,AV. PARAL.LEL 164,8015.0,18,801902155,Sant Antoni,0.3587212212212212,0.0449324324324324,0.2597972972972973,0.0494369369369369,0.0966216216216216,0.5403621853898097,0.7219152854511971,0.5593197356139156,0.23616236162361626,0.5448598743962539,54.49,60.59,Medio,215,14,13,310.65763931077373,2205.698241426452,1435.6524960762529,85.46517998842975,232,1689,41484,645,5.2,0.2555675675675675,0.7532228360957642,0.8738489871086557,0.4456721915285451,0.21731123388581952,0.585635359116022,0.3664825046040515,0.7219152854511971,0.7348066298342542,0.44567219152854515,0.5773480662983426,0.4794520547945206,0.23616236162361626
122,"C/ NÀPOLS, 344","C/ NÀPOLS, 344",8025.0,33,801906076,el Camp d'en Grassot i Gràcia Nova,0.2808269995452665,0.1061717251494979,0.253638722780097,0.0009026289066907,0.0216630937605776,0.5128913443830571,0.6611418047882136,0.49868140323563015,0.4907749077490775,0.5430840087023925,54.31,60.41,Medio,216,7,2,278.03784633426267,779.6957931284609,2419.582548810465,71.582514626956,205,1251,47495,517,4.9,0.0537297297297297,0.3029465930018416,0.2955801104972376,0.5082872928176796,0.6298342541436464,0.860036832412523,0.48066298342541436,0.6611418047882136,0.24125230202578268,0.6611418047882136,0.4162062615101289,0.6761252446183953,0.4907749077490775
205,"C/ DE CAN SEGALAR, 4","C/ DE CAN SEGALAR, 4",8028.0,37,801904027,les Corts,0.1024042634183479,0.1783661971830986,0.5434366197183098,0.0,0.0,0.6042050337630448,0.5322283609576427,0.5204326186692039,0.45202952029520294,0.5424414347680577,54.24,60.22,Medio,217,42,5,364.8996330762933,193.04549511441863,1112.7172210193091,99.67556628036144,152,1268,51748,598,5.1,0.077027027027027,0.9696132596685083,0.6464088397790055,0.3259668508287292,0.9337016574585635,0.4548802946593002,0.2946593001841621,0.5322283609576427,0.2578268876611418,0.7329650092081031,0.5165745856353591,0.5743639921722113,0.45202952029520294
603,"C/ CÒRSEGA, 612 (xamfrà)","C/ CÒRSEGA, 612 (xamfrà)",8025.0,24,801902037,la Sagrada Família,0.2454047914085089,0.1836205925425256,0.3947279486312943,0.0076602455784611,0.009462656302805,0.5374462860650705,0.7403314917127072,0.43019320798780425,0.40405904059040587,0.5413462311364634,54.13,60.04,Medio,218,10,2,161.74814825691965,889.7728016676193,3124.614521510044,140.10091229462978,237,1143,49845,450,5.1,0.1202777777777777,0.5202578268876611,0.2955801104972376,0.7274401473296501,0.5930018416206262,0.9650092081031307,0.12338858195211788,0.7403314917127072,0.15193370165745856,0.7062615101289135,0.2882136279926335,0.5743639921722113,0.40405904059040587
304,"PG. MANUEL GIRONA, 7","PG. MANUEL GIRONA, 7",8034.0,26,801905017,Sarrià,0.2107648970747562,0.2037183098591549,0.4749295774647887,0.0249014084507042,0.0623098591549295,0.23419275629220382,0.5248618784530387,0.7940687021800319,0.8616236162361623,0.5409436522959633,54.09,59.85,Medio,219,5,0,515.6665369438066,407.9639007491054,256.1106627759541,153.7559131764807,148,1444,98221,791,2.8,-0.2571052631578947,0.15469613259668508,0.06261510128913444,0.11602209944751385,0.8213627992633518,0.16206261510128914,0.08839779005524862,0.5248618784530387,0.4521178637200737,0.9825046040515654,0.7661141804788214,0.9755381604696673,0.8616236162361623
13,"C/ MARINA, 25-33","C/ MARINA, 25-33",8005.0,54,801910054,la Vila Olímpica del Poblenou,0.4611224775294652,0.0059017941454202,0.0292728989612842,0.0370632672332389,0.0956090651558073,0.6829343155310005,0.20994475138121546,0.3990811718617667,0.988929889298893,0.5396229746414296,53.96,59.67,Medio,220,15,2,269.1419686333302,308.9747745649702,1957.2455880494967,27.337727209534894,76,942,63952,471,5.4,-0.6534210526315789,0.7799263351749539,0.2955801104972376,0.5230202578268877,0.8674033149171271,0.7440147329650092,0.8876611418047882,0.20994475138121546,0.01565377532228361,0.8738489871086557,0.3379373848987109,0.3688845401174168,0.988929889298893
89,"C/ ROSSELLÓ,  101","C/ ROSSELLÓ,  101",8036.0,24,801902110,la Nova Esquerra de l'Eixample,0.1881220657276995,0.128112676056338,0.4024788732394366,0.0005633802816901,0.0027042253521126,0.4676181706568447,0.5976058931860037,0.7309558047089265,0.28228782287822873,0.5381499576353624,53.81,59.48,Medio,221,7,3,225.96851781313103,742.8278765583618,1626.6245927969169,137.53102918617066,175,1774,45731,875,4.9,0.2137105263157894,0.3029465930018416,0.45119705340699817,0.6114180478821363,0.6556169429097606,0.6500920810313076,0.13443830570902393,0.5976058931860037,0.7780847145488029,0.6049723756906077,0.8646408839779005,0.6761252446183953,0.28228782287822873
409,"C/ JOAN D'ÀUSTRIA, 31B","C/ JOAN D'ÀUSTRIA, 31B",8005.0,27,801910052,la Vila Olímpica del Poblenou,0.457962524877023,0.0162216965190942,0.0813337839360144,0.0167849498704517,0.0998084938605384,0.4545733578882751,0.425414364640884,0.7895047446057815,0.49446494464944646,0.5370001942699796,53.7,59.3,Medio,222,7,2,311.5380759888227,410.6022749009683,1796.186205473406,127.71977441233896,121,2395,64642,1200,5.4,0.0513076923076922,0.3029465930018416,0.2955801104972376,0.4438305709023941,0.8195211786372008,0.7016574585635359,0.16390423572744017,0.425414364640884,0.930939226519337,0.8830570902394107,0.9751381215469613,0.3688845401174168,0.49446494464944646
152,"C/ PUJADES, 121","C/ PUJADES, 121",8005.0,39,801910058,el Poblenou,0.5801350683577665,0.000450805815395,0.0101431308463879,0.0682970810323453,0.1585709455651978,0.556476365868631,0.6556169429097606,0.26535104316456015,0.7416974169741697,0.5362633371187265,53.63,59.12,Medio,223,11,1,20.97415824360852,745.2542338348286,1299.209070942422,79.81625314917144,199,1096,37272,396,5.2,-0.1229142857142857,0.5902394106813996,0.16482504604051565,0.9871086556169429,0.6537753222836096,0.5340699815837937,0.4088397790055248,0.6556169429097606,0.10405156537753223,0.2513812154696133,0.2265193370165746,0.4794520547945206,0.7416974169741697
216,"C/ MADRAZO, 131","C/ MADRAZO, 131",8021.0,27,801905064,Sant Gervasi - Galvany,0.2078133613992883,0.1597880018042399,0.4122688317546233,0.0048488949030221,0.0190572846188543,0.5059852670349908,0.5211786372007366,0.7912049100272819,0.18450184501845024,0.5328660070220189,53.29,58.93,Medio,224,5,2,252.6278923126833,517.1655199252131,620.2851407474509,11.308595963320103,146,1429,69413,876,3.2,0.3060526315789474,0.15469613259668508,0.2955801104972376,0.5580110497237569,0.7642725598526703,0.287292817679558,0.9760589318600368,0.5211786372007366,0.429097605893186,0.9152854511970534,0.8674033149171271,0.9530332681017613,0.18450184501845024
198,"C/ VALLESPIR, 194","C/ VALLESPIR, 194",8014.0,27,801904010,les Corts,0.1448799284502286,0.1601218686526743,0.4698713608666215,0.0005642067253441,0.0031595576619273,0.5644567219152854,0.7034990791896869,0.38944735163421307,0.41328413284132837,0.5327890803025241,53.28,58.75,Medio,225,8,5,226.42710346967883,527.8698495052506,1245.5099512869697,72.10217781970329,223,852,57131,346,5.1,0.1102105263157895,0.39042357274401474,0.6464088397790055,0.6095764272559853,0.7513812154696132,0.5138121546961326,0.47513812154696133,0.7034990791896869,0.003683241252302026,0.8213627992633518,0.15837937384898712,0.5743639921722113,0.41328413284132837
435,"AV. DOCTOR MARAÑON, 25 | PAU GARGALLO","AV. DOCTOR MARAÑON, 25 |PAU GARGALLO",8028.0,28,801904047,la Maternitat i Sant Ramon,0.248808316021708,0.2164355765979032,0.4669146657648517,0.028745350016909,0.0683124788637132,0.7542971147943524,0.30386740331491713,0.7120922576250663,0.0977859778597786,0.532661802091986,53.27,58.56,Medio,226,43,5,54.432129253248256,200.82655694572875,1313.0445839300216,67.49407644876689,95,1775,54809,675,5.0,0.432027027027027,0.9751381215469613,0.6464088397790055,0.9318600368324125,0.9244935543278084,0.5414364640883977,0.5064456721915285,0.30386740331491713,0.7817679558011049,0.7808471454880295,0.6556169429097606,0.6301369863013699,0.0977859778597786
327,"C/ REUS, 23","C/ REUS, 23",8022.0,24,801905043,Sant Gervasi - la Bonanova,0.1110985957798302,0.2788916422617706,0.6340391980175715,0.0,0.0,0.2753222836095765,0.4530386740331492,0.6927205529907414,0.9944649446494465,0.5319723477167414,53.2,58.29,Medio,227,7,2,387.7865169900621,1588.6330196705785,0.0,84.92800224857322,128,1376,55005,712,3.3,-0.7346842105263157,0.3029465930018416,0.2955801104972376,0.28360957642725604,0.3462246777163904,0.05156537753222836,0.37200736648250465,0.4530386740331492,0.3701657458563536,0.7863720073664825,0.6896869244935543,0.9246575342465754,0.9944649446494465
421,"C/ VALLESPIR, 13","C/ VALLESPIR, 13",8014.0,25,801903107,Sants,0.3372291737120956,0.0687633863149588,0.2601735993687296,0.0137526772629917,0.0747379100439634,0.5758133824432167,0.6786372007366482,0.5780891293927698,0.10885608856088558,0.5320446796716132,53.2,58.29,Medio,227,9,16,221.30157953028413,1339.4181772691209,291.8176145392315,29.273394343081662,211,1532,41589,624,4.6,0.4018055555555555,0.4539594843462247,0.9125230202578268,0.6261510128913443,0.41252302025782683,0.1731123388581952,0.8766114180478821,0.6786372007366482,0.5543278084714549,0.45119705340699817,0.5534069981583793,0.7534246575342466,0.10885608856088558
81,"C/ VILAMARÍ,  61","C/ VILAMARÍ,  61",8015.0,21,801902148,la Nova Esquerra de l'Eixample,0.3221105662298684,0.054136184580754,0.2230725942599887,0.0480585256049521,0.117388857625211,0.5265500306936771,0.6988950276243094,0.6174659336223705,0.11808118081180807,0.5310949281762282,53.11,58.01,Medio,229,8,20,320.0025295341787,1535.1047465162048,2494.252805122793,134.71125618911532,222,1488,45765,691,4.9,0.3872777777777778,0.39042357274401474,0.9493554327808471,0.423572744014733,0.37016574585635365,0.8821362799263351,0.14364640883977897,0.6988950276243094,0.5101289134438306,0.6095764272559853,0.6740331491712708,0.6761252446183953,0.11808118081180807
97,"C/ TARRAGONA, 141","C/ TARRAGONA, 141",8014.0,21,801903048,Hostafrancs,0.3092687368692437,0.094574357792881,0.3104481050570211,0.0245363437392005,0.1045962446722727,0.6734192756292203,0.425414364640884,0.42902507631373143,0.5442804428044281,0.5309486731295452,53.09,57.83,Medio,230,9,20,60.11412559514805,1563.1849735294095,1648.594388817955,47.491991150793815,121,1283,43851,508,5.2,0.021,0.4539594843462247,0.9493554327808471,0.9189686924493554,0.35359116022099446,0.6629834254143646,0.7016574585635359,0.425414364640884,0.27716390423572745,0.5570902394106814,0.40239410681399634,0.4794520547945206,0.5442804428044281
175,"C/ LLULL, 309","C/ LLULL, 309",8019.0,27,801910076,Diagonal Mar i el Front Marítim del Poblenou,0.6321133412042503,0.004840613931523,0.0115702479338842,0.0517119244391971,0.1922077922077922,0.5822590546347451,0.18047882136279927,0.6063986405884536,0.8523985239852399,0.52836981320776,52.84,57.64,Medio,231,10,1,168.32783268153156,307.7073372932048,2464.848056739733,89.56229566380145,70,2243,43788,946,7.4,-0.247108108108108,0.5202578268876611,0.16482504604051565,0.718232044198895,0.8692449355432781,0.8747697974217311,0.3462246777163904,0.18047882136279927,0.9051565377532228,0.5534069981583793,0.9014732965009208,0.06555772994129161,0.8523985239852399
563,"C/ ENTENÇA, 301","C/ ENTENÇA, 301",8029.0,24,801904021,les Corts,0.2406576769728428,0.1121642969984202,0.3340103814037463,0.0036109230422026,0.0230196343940419,0.4065377532228361,0.6915285451197053,0.5772926555016163,0.4538745387453874,0.5275746945951312,52.76,57.46,Medio,232,27,0,799.9418842370602,205.35955294551573,640.8768496770219,113.82759727110717,216,1229,65253,661,5.1,0.0766756756756756,0.9106813996316758,0.06261510128913444,0.018416206261510082,0.9171270718232044,0.31123388581952116,0.21915285451197053,0.6915285451197053,0.21731123388581952,0.8858195211786372,0.6316758747697975,0.5743639921722113,0.4538745387453874
331,"C/ CASTELLNOU, 65","C/ CASTELLNOU, 65",8017.0,31,801905023,les Tres Torres,0.1248431823884276,0.3052643444932927,0.6514485401871266,0.0,0.000563634314057,0.5112031921424186,0.19152854511970535,0.676836575090189,0.8690036900369004,0.5263629508078551,52.64,57.27,Medio,233,5,8,255.2205216864149,917.1508561586196,1424.0413457135803,76.81308724957688,73,1374,55164,661,3.3,-0.2661714285714286,0.15469613259668508,0.7780847145488029,0.5524861878453038,0.567219152854512,0.578268876611418,0.43646408839779005,0.19152854511970535,0.36279926335174956,0.7882136279926335,0.6316758747697975,0.9246575342465754,0.8690036900369004
132,PL. VALENTÍ ALMIRALL,PL.VALENTÍ ALMIRALL,8018.0,27,801910036,el Clot,0.5319270893041385,0.0107761091367648,0.0491803278688524,0.0677519202109366,0.187320875845466,0.3988643339472069,0.6703499079189686,0.4452487269031582,0.7158671586715868,0.5258822493877922,52.59,57.09,Medio,234,3,12,385.69563243073446,134.1109980309801,393.5464235338164,222.36513856326903,208,1399,50758,505,5.9,-0.1009166666666666,0.058931860036832415,0.8572744014732965,0.28729281767955805,0.9594843462246777,0.20994475138121546,0.02025782688766109,0.6703499079189686,0.3848987108655617,0.7200736648250461,0.39226519337016574,0.28375733855185914,0.7158671586715868
187,"C/ DE SANT PAU, 89 - 97","C/ DE SANT PAU, 89 - 97",8001.0,15,801901004,el Raval,0.5042525241151522,0.044476973313816,0.1478437112937732,0.0999887400067559,0.213939871636077,0.49969306322897483,0.7780847145488029,0.5046491009936102,0.19926199261992616,0.5254653249087334,52.55,56.91,Medio,235,10,8,216.60500749871903,2149.58334744076,1208.9678372865046,90.13130809358708,250,2881,31203,880,7.4,0.2928947368421052,0.5202578268876611,0.7780847145488029,0.6335174953959484,0.22651933701657456,0.4972375690607735,0.3425414364640884,0.7780847145488029,0.9714548802946593,0.10957642725598526,0.8720073664825047,0.06555772994129161,0.19926199261992616
145,"C/ MARROC, 103","C/ MARROC, 103",8020.0,27,801910101,Provençals del Poblenou,0.5420606333483416,0.0034894191805493,0.0314047726249437,0.0275776677172444,0.1113237280504277,0.39241866175567836,0.6832412523020258,0.41573729696222694,0.7546125461254612,0.5252830508493698,52.53,56.72,Medio,236,7,0,594.9205236138774,301.3403067106969,1061.5948114252471,55.96518660722964,213,1674,40206,479,6.3,-0.1369487179487179,0.3029465930018416,0.06261510128913444,0.07734806629834257,0.8766114180478821,0.427255985267035,0.6077348066298343,0.6832412523020258,0.7200736648250461,0.3848987108655617,0.35543278084714547,0.20254403131115462,0.7546125461254612
384,"C/ VILAMARÍ, 85","C/ VILAMARÍ, 85",8015.0,26,801902133,la Nova Esquerra de l'Eixample,0.2324475051389021,0.0924568722516631,0.3024016236328786,0.0,0.0065396324275566,0.6091160220994475,0.5267034990791897,0.3605598562743042,0.6014760147601477,0.5252278487872023,52.52,56.54,Medio,237,15,7,279.69649213299743,1309.2883511734674,2636.3616138110488,99.77565346852371,149,760,45568,352,4.9,-0.0171842105263157,0.7799263351749539,0.7366482504604052,0.5009208103130756,0.430939226519337,0.9134438305709024,0.2928176795580111,0.5267034990791897,0.001841620626151013,0.6022099447513812,0.16206261510128914,0.6761252446183953,0.6014760147601477
425,"C/ DE CERVELLÓ, 5","C/ DE CERVELLÓ, 5",8001.0,24,801901001,el Raval,0.6040939622499907,0.002138917032534,0.0208262974220421,0.092086006979624,0.2575706405493639,0.6477900552486188,0.6049723756906077,0.15220895366396012,0.7250922509225093,0.5247856893140349,52.48,56.35,Medio,238,11,3,78.84462513344222,1879.7553913367508,1832.928277326072,15.516310359221956,178,1272,30768,375,7.4,-0.1085675675675675,0.5902394106813996,0.45119705340699817,0.8821362799263351,0.28545119705340705,0.716390423572744,0.9613259668508287,0.6049723756906077,0.26335174953959484,0.08287292817679558,0.19705340699815838,0.06555772994129161,0.7250922509225093
365,"C/ VILADOMAT, 244","C/ VILADOMAT, 244",8029.0,31,801902110,la Nova Esquerra de l'Eixample,0.136883735496981,0.11402122375254,0.4157823436441634,0.0,0.0,0.45089011663597295,0.6187845303867403,0.7309558047089265,0.19188191881918815,0.5240289124193854,52.4,56.17,Medio,239,4,3,365.32433522611,598.850952190773,1694.0654897461714,76.94876873585125,181,1774,45731,875,4.9,0.2977368421052631,0.09392265193370165,0.45119705340699817,0.3241252302025782,0.725598526703499,0.6758747697974218,0.43462246777163904,0.6187845303867403,0.7780847145488029,0.6049723756906077,0.8646408839779005,0.6761252446183953,0.19188191881918815
450,"C/ CRISTOBAL DE MOURA, 84","C/ CRISTOBAL DE MOURA, 84",8019.0,27,801910095,Provençals del Poblenou,0.5532952563070317,0.0037364130434782,0.0183423913043478,0.0598958333333333,0.2206748188405797,0.4412216083486801,0.7744014732965009,0.21868388996406857,0.8007380073800738,0.5228096048441915,52.28,55.99,Medio,240,4,1,389.9736066148095,331.74902459738934,1495.596610868249,52.53355483421959,249,1287,36471,344,6.3,-0.1876315789473684,0.09392265193370165,0.16482504604051565,0.2780847145488029,0.85451197053407,0.6114180478821363,0.6445672191528545,0.7744014732965009,0.27992633517495397,0.23756906077348067,0.15469613259668508,0.20254403131115462,0.8007380073800738
429,"C/ GRAN CAPITÀ, 9","C/ GRAN CAPITÀ, 9",8034.0,28,801904053,Pedralbes,0.2004700627287826,0.1194265718478383,0.4437295405802009,0.01851224743199,0.0664860593746472,0.5285451197053407,0.3250460405156538,0.8078957231874813,0.36162361623616235,0.5224697752580774,52.25,55.8,Medio,241,13,4,448.5300122527421,614.3086310420387,1208.4214656258928,67.9640595711347,100,1619,56053,791,2.4,0.1484594594594594,0.7053406998158379,0.567219152854512,0.18416206261510126,0.714548802946593,0.4953959484346225,0.5046040515653776,0.3250460405156538,0.6629834254143646,0.8103130755064457,0.7661141804788214,0.9921722113502935,0.36162361623616235
423,"C/ HONDURAS, 32-34","C/ HONDURAS, 32-34",8027.0,32,801909066,la Sagrera,0.3041835830283623,0.0229871912168344,0.137580054894785,0.0013723696248856,0.005946935041171,0.6055862492326581,0.43370165745856354,0.37194474777726116,0.7232472324723247,0.5218538734112352,52.19,55.62,Medio,242,24,16,224.2244484352764,1210.9125685690449,1812.3089840679304,182.00564423961967,123,1363,44037,415,5.6,-0.1082432432432432,0.8885819521178637,0.9125230202578268,0.6151012891344383,0.4622467771639043,0.7090239410681399,0.046040515653775316,0.43370165745856354,0.35543278084714547,0.565377532228361,0.2430939226519337,0.3238747553816047,0.7232472324723247
30,"C/ CASTILLEJOS, 180","C/ CASTILLEJOS, 180",8013.0,29,801902022,la Sagrada Família,0.2641778623231482,0.0563547735108786,0.2019973843776007,0.006776839852574,0.0218761146118178,0.6055862492326581,0.6233885819521179,0.45183225034507857,0.27306273062730624,0.5217198048998254,52.17,55.34,Medio,243,8,7,327.2395077908651,204.51119015762683,3377.2505620494526,115.77363329708028,183,1260,46783,471,5.1,0.2207435897435897,0.39042357274401474,0.7366482504604052,0.4014732965009208,0.9189686924493554,0.9815837937384899,0.20441988950276246,0.6233885819521179,0.2532228360957643,0.641804788213628,0.3379373848987109,0.5743639921722113,0.27306273062730624
456,"C/ MÚRCIA, 1","C/ MÚRCIA, 1",8026.0,21,801910028,el Clot,0.4082431437066189,0.0845658800948402,0.2249068533363441,0.0408716269617251,0.2085356215422829,0.7096378146101903,0.5046040515653776,0.4836925574740605,0.17527675276752763,0.5217389002885552,52.17,55.34,Medio,243,10,8,194.35655896526305,859.4719237529085,2271.7757406046767,31.2141645941515,142,1684,42066,537,5.9,0.315078947368421,0.5202578268876611,0.7780847145488029,0.6795580110497237,0.6003683241252302,0.8324125230202578,0.847145488029466,0.5046040515653776,0.7329650092081031,0.4732965009208103,0.4447513812154696,0.28375733855185914,0.17527675276752763
315,"C/ DEL GUINARDÓ, 32-38","C/ DEL GUINARDÓ, 32-38",8041.0,27,801910005,el Camp de l'Arpa del Clot,0.3324659944790546,0.1041432109885161,0.2793289799594686,0.0297230353523981,0.0802747129024994,0.6631368937998773,0.46685082872928174,0.4153223917282042,0.45940959409594095,0.5215526570587197,52.16,55.06,Medio,245,11,4,123.92525308738122,1290.5904125385257,2562.643754884576,49.50692800280965,131,1543,41476,478,5.9,0.0738529411764706,0.5902394106813996,0.567219152854512,0.8084714548802947,0.43646408839779005,0.8968692449355433,0.6795580110497237,0.46685082872928174,0.580110497237569,0.4438305709023941,0.35359116022099446,0.28375733855185914,0.45940959409594095
166,"C/ BILBAO, 2","C/ BILBAO, 2",8005.0,27,801910071,el Poblenou,0.7070280240625458,0.0005659309564233,0.0059988681380871,0.1714770797962648,0.3849462365591398,0.38321055862492326,0.580110497237569,0.6118059234592195,0.5922509225092252,0.520940439069304,52.09,54.88,Medio,246,6,1,419.6370730383576,779.44706355397,1482.8449778197803,75.9236697033782,170,1749,50486,574,5.2,-0.0099999999999999,0.22283609576427257,0.16482504604051565,0.22651933701657456,0.6316758747697975,0.6077348066298343,0.4456721915285451,0.580110497237569,0.7670349907918969,0.7136279926335175,0.4871086556169429,0.4794520547945206,0.5922509225092252
121,"C/ CASTILLEJOS, 258","C/ CASTILLEJOS, 258",8013.0,21,801902032,la Sagrada Família,0.3097624141425515,0.1163157302105618,0.3218106069136358,0.0503321698006981,0.1365837180497691,0.5839472068753837,0.7569060773480663,0.37701641240769374,0.2140221402214022,0.5199654658785346,52.0,54.7,Medio,247,10,4,344.8108879726972,532.942412149377,3023.030150724893,89.13861814713394,242,1036,43925,459,5.1,0.2757368421052631,0.5202578268876611,0.567219152854512,0.3646408839779005,0.7476979742173112,0.9558011049723757,0.34806629834254144,0.7569060773480663,0.06261510128913444,0.5616942909760589,0.30939226519337015,0.5743639921722113,0.2140221402214022
106,"PL JOANIC - C / BRUNIQUER, 59"," PL  JOANIC - C / BRUNIQUER, 59",8024.0,20,801906063,la Vila de Gràcia,0.1583897540058677,0.1620401715188445,0.5617242157526517,0.0121868652674339,0.0378018505980591,0.4851135666052793,0.8195211786372008,0.48889486544636773,0.14760147601476015,0.5190339807349539,51.9,54.51,Medio,248,5,2,122.86433818796972,895.0604757762329,1328.770242646821,65.97435369638191,284,1418,39193,664,5.1,0.3536052631578947,0.15469613259668508,0.2955801104972376,0.8103130755064457,0.587476979742173,0.5451197053406999,0.5174953959484346,0.8195211786372008,0.4125230202578269,0.3296500920810313,0.6390423572744015,0.5743639921722113,0.14760147601476015
55,"LA RAMBLA, 56","LA RAMBLA, 56",8002.0,27,801901029,el Barri Gòtic,0.5479709654368348,0.0103802324269434,0.0494189326413178,0.0450186167212005,0.1712738350445673,0.29880294659300183,0.9871086556169429,0.4256526761162347,0.40774907749077494,0.5189337258644613,51.89,54.33,Medio,249,1,5,178.192197273369,1613.648709825262,0.0,186.49579530258345,548,1358,30067,611,4.3,0.1194358974358974,0.011970534069981584,0.6464088397790055,0.7016574585635359,0.3425414364640884,0.05156537753222836,0.03867403314917128,0.9871086556169429,0.34990791896869244,0.03867403314917127,0.5322283609576427,0.7818003913894325,0.40774907749077494
147,"RAMBLA PRIM, 79","RAMBLA PRIM, 79",8019.0,33,801910089,el Besòs i el Maresme,0.5758259721694999,0.0021442275138246,0.0127525110032727,0.068163864123688,0.188240604897867,0.5923879680785759,0.1703499079189687,0.5188680520266837,0.9280442804428044,0.5188469208803353,51.88,54.14,Medio,250,10,1,319.72171340602114,152.57565223943155,1204.8014873370475,7.937773273198818,68,4729,27321,871,6.3,-0.3592631578947368,0.5202578268876611,0.16482504604051565,0.427255985267035,0.9521178637200737,0.49355432780847147,0.996316758747698,0.1703499079189687,1.0,0.01289134438305709,0.860036832412523,0.20254403131115462,0.9280442804428044
4,"C/ RIBES, 13","C/ RIBES, 13",8013.0,21,801902001,el Fort Pienc,0.3995478660566617,0.0244700045105999,0.1218989625620207,0.0111637347767253,0.0601037437979251,0.6875383670963782,0.5626151012891344,0.464396986373449,0.13837638376383765,0.5181479079639538,51.81,53.96,Medio,251,42,8,118.06702039259396,479.40760701184297,1510.327554601003,128.52149659390955,162,1290,41726,501,4.8,0.3618974358974359,0.9696132596685083,0.7780847145488029,0.8213627992633518,0.7790055248618785,0.6169429097605893,0.16022099447513816,0.5626151012891344,0.283609576427256,0.46685082872928174,0.3830570902394107,0.7240704500978474,0.13837638376383765
231,"C/ PAU ALSINA, 54","C/ PAU ALSINA, 54",8025.0,24,801906079,el Camp d'en Grassot i Gràcia Nova,0.2720864308778253,0.1993692273034467,0.4203649470601487,0.0211759405271457,0.0760306375309754,0.5573971761817066,0.4696132596685083,0.40383794098885295,0.6955719557195572,0.5177876051858712,51.78,53.78,Medio,252,6,5,322.5898229523684,1225.2888344201274,1489.387101087784,3.9164728670562607,132,1053,43595,465,4.9,-0.0902307692307692,0.22283609576427257,0.6464088397790055,0.4088397790055248,0.45672191528545125,0.6095764272559853,1.0,0.4696132596685083,0.07458563535911603,0.5386740331491713,0.3259668508287293,0.6761252446183953,0.6955719557195572
144,"C/ CASTELLA,  28 / DIAGONAL","C/ CASTELLA,  28 / DIAGONAL",8018.0,27,801910068,el Poblenou,0.5861432120999883,0.0027014858171994,0.0167717244484466,0.0453624493471409,0.1490319675821702,0.46178637200736644,0.5920810313075506,0.6067414667373042,0.36900369003690037,0.5166814082193271,51.67,53.5,Medio,253,9,0,519.9424152297668,65.4336554897495,2236.618186978579,93.52591499827317,172,1607,54807,598,5.2,0.140078947368421,0.4539594843462247,0.06261510128913444,0.11049723756906082,0.996316758747698,0.8213627992633518,0.3259668508287292,0.5920810313075506,0.6519337016574586,0.7790055248618785,0.5165745856353591,0.4794520547945206,0.36900369003690037
334,"PG. BONANOVA, 100","PG. BONANOVA, 100",8017.0,26,801905008,Sarrià,0.1507349117759212,0.2709553853086976,0.6270842721946823,0.000788643533123,0.0190401081568274,0.507059545733579,0.35082872928176795,0.8221534167288349,0.30627306273062727,0.5166573369189975,51.67,53.5,Medio,253,9,8,339.0095080910456,1454.0380083774803,833.7980875956122,49.44963634521794,105,1578,97195,760,2.8,0.1887837837837837,0.4539594843462247,0.7780847145488029,0.3775322283609577,0.3867403314917127,0.36464088397790057,0.6813996316758748,0.35082872928176795,0.6132596685082873,0.9594843462246777,0.7403314917127072,0.9755381604696673,0.30627306273062727
342,"C/ ROC BORONAT, 134","C/ ROC BORONAT, 134",8018.0,43,801910042,el Parc i la Llacuna del Poblenou,0.427140336086048,0.0252195451474893,0.0702544471965773,0.048637694213015,0.0943481197928394,0.48956414978514423,0.6390423572744015,0.6611535176395541,0.12915129151291516,0.5157691148802267,51.58,53.22,Medio,255,11,1,446.1121562942457,203.3514250068188,1555.086728059861,76.77698675724297,189,3124,38142,1176,5.3,0.3714473684210526,0.5902394106813996,0.16482504604051565,0.18600368324125227,0.9226519337016574,0.6335174953959485,0.44014732965009207,0.6390423572744015,0.9871086556169429,0.287292817679558,0.9631675874769797,0.4070450097847358,0.12915129151291516
566,"C/ CRISTÓBAL DE MOURA, 163 (xamfrà)","C/ CRISTÓBAL DE MOURA, 163 (xamfrà)",8019.0,17,801910094,Provençals del Poblenou,0.6477016674177557,0.0040558810274898,0.0273771969355565,0.108382154123479,0.2738846327174403,0.4131368937998772,0.6114180478821363,0.677017223297402,0.3228782287822878,0.5151384649421847,51.51,53.04,Medio,256,5,0,588.9951525280687,478.5826755834518,1358.9724754272925,31.107146822119045,179,3020,43728,1251,6.3,0.1749210526315789,0.15469613259668508,0.06261510128913444,0.08103130755064458,0.7808471454880295,0.5488029465930019,0.850828729281768,0.6114180478821363,0.9788213627992634,0.5460405156537753,0.9806629834254144,0.20254403131115462,0.3228782287822878
199,"C/ MEJÍA LEQUERICA, 2","C/ MEJÍA LEQUERICA, 2",8028.0,27,801904048,la Maternitat i Sant Ramon,0.1811323601523895,0.0872468032137603,0.3608690732148919,0.0029421749462487,0.0074685979404775,0.4691528545119706,0.32136279926335176,0.6029762355256187,0.7970479704797048,0.5148454533483879,51.48,52.85,Medio,257,7,3,410.2891508057703,664.6752506825629,707.6399425402612,35.33401140581936,99,1402,55617,651,5.0,-0.1847948717948718,0.3029465930018416,0.45119705340699817,0.24677716390423576,0.6832412523020257,0.3259668508287293,0.8047882136279927,0.32136279926335176,0.38950276243093923,0.7918968692449355,0.6003683241252302,0.6301369863013699,0.7970479704797048
405,"C/ COMTE BORRELL, 198","C/ COMTE BORRELL, 198",8029.0,26,801902118,la Nova Esquerra de l'Eixample,0.2534378292939936,0.085958904109589,0.3115296803652968,0.0052511415525114,0.0358447488584474,0.43047882136279925,0.7173112338858195,0.619998161983328,0.19372693726937273,0.5140539770346725,51.41,52.67,Medio,258,8,2,366.4132384385832,1062.472152941026,3018.577834792383,151.6081158854293,230,1357,55573,683,4.9,0.2965945945945946,0.39042357274401474,0.2955801104972376,0.3222836095764272,0.5285451197053407,0.9539594843462247,0.09208103130755063,0.7173112338858195,0.3462246777163904,0.7900552486187845,0.6675874769797422,0.6761252446183953,0.19372693726937273
346,"PG. ZONA FRANCA, 182","PG. ZONA FRANCA, 182",8038.0,36,801903035,la Marina de Port,0.4086153189137589,0.0061044539905041,0.0359484512774135,0.0130002260908885,0.071896902554827,0.4229588704726826,0.6206261510128913,0.3864560695995647,0.7583025830258303,0.5135515472724275,51.36,52.49,Medio,259,7,2,39.70776700902638,2934.1281531475925,1193.066701666643,84.10612806690226,182,2135,39118,376,7.2,-0.1455384615384615,0.3029465930018416,0.2955801104972376,0.9631675874769797,0.11970534069981587,0.48250460405156537,0.37384898710865566,0.6206261510128913,0.8987108655616943,0.32228360957642727,0.20349907918968693,0.12133072407045009,0.7583025830258303
313,"C/ FELIU DE CASANOVA, 1","C/ FELIU DE CASANOVA, 1",8028.0,29,801903073,Sants - Badal,0.336920587754848,0.0888788630724114,0.2393413038574328,0.0719602977667493,0.134558989397699,0.4244935543278085,0.7071823204419889,0.4846268826156058,0.4446494464944649,0.5132224617533014,51.32,52.3,Medio,260,6,5,204.93556238601468,1379.2715494429342,0.0,59.72370275953483,224,1506,39954,455,4.6,0.0812972972972973,0.22283609576427257,0.6464088397790055,0.6593001841620626,0.3996316758747698,0.05156537753222836,0.567219152854512,0.7071823204419889,0.5285451197053407,0.36095764272559855,0.2955801104972376,0.7534246575342466,0.4446494464944649
54,"C/ SANT OLEGUER, 2","C/ SANT OLEGUER, 2",8001.0,19,801901004,el Raval,0.4532532865075221,0.0112714156898106,0.0862263300270513,0.0568079350766456,0.2768259693417493,0.5211786372007366,0.7034990791896869,0.5046491009936102,0.17158671586715868,0.5101875754461559,51.02,52.12,Medio,261,9,13,309.4329614155915,2044.518778734076,739.7367905079304,39.92921978690092,223,2881,31203,880,7.4,0.3195897435897436,0.4539594843462247,0.8738489871086557,0.4475138121546961,0.24493554327808476,0.3388581952117864,0.7679558011049724,0.7034990791896869,0.9714548802946593,0.10957642725598526,0.8720073664825047,0.06555772994129161,0.17158671586715868
218,"C/ CONSELL DE CENT, 566","C/ CONSELL DE CENT, 566",8013.0,39,801902022,la Sagrada Família,0.3305780350159715,0.0645415634151836,0.1629871592701058,0.019148456859653,0.0503491777427348,0.5796500920810314,0.5874769797421732,0.45183225034507857,0.30996309963099633,0.5091993046948233,50.92,51.93,Medio,262,9,5,340.3194546868161,293.54458930717544,2957.300954243572,122.71387428463083,171,1260,46783,471,5.1,0.1877297297297297,0.4539594843462247,0.6464088397790055,0.37200736648250465,0.8802946593001841,0.9484346224677717,0.17679558011049723,0.5874769797421732,0.2532228360957643,0.641804788213628,0.3379373848987109,0.5743639921722113,0.30996309963099633
333,"PASSATGE DE SENILLOSA, 3-5","PASSATGE DE SENILLOSA, 3-5",8034.0,27,801905015,Sarrià,0.1101874838051773,0.1800947867298578,0.5902730760550666,0.0,0.0,0.4536525475751995,0.31583793738489874,0.7586175051266248,0.540590405904059,0.5084808131648096,50.85,51.75,Medio,263,5,6,335.59539200380675,840.4744780163393,389.4918598321117,49.881755379233496,97,1461,68824,685,2.8,0.0214615384615384,0.15469613259668508,0.6942909760589319,0.3848987108655617,0.6058931860036832,0.20626151012891344,0.6758747697974217,0.31583793738489874,0.47513812154696133,0.9134438305709024,0.6703499079189686,0.9755381604696673,0.540590405904059
195,"C/ VALLESPIR, 130","C/ VALLESPIR, 130",8014.0,27,801904005,les Corts,0.1616806694462289,0.1343385103729736,0.4155991384196803,0.0009069266523069,0.0020405849676907,0.6068139963167588,0.580110497237569,0.4092447733653365,0.3191881918819188,0.5076019451438798,50.76,51.57,Medio,264,4,9,47.35653132610133,849.4842947104933,462.3534368596115,16.52857820555678,170,1153,46785,433,5.1,0.1795135135135135,0.09392265193370165,0.8066298342541437,0.9465930018416207,0.6040515653775322,0.23388581952117865,0.9558011049723757,0.580110497237569,0.15469613259668508,0.6445672191528545,0.26335174953959484,0.5743639921722113,0.3191881918819188
163,"AV. ICÀRIA, 202","AV. ICÀRIA, 202",8005.0,27,801910055,la Vila Olímpica del Poblenou,0.5381616604140964,0.0134828914570586,0.0436211194198957,0.0985723997280761,0.2161794697484704,0.3772252915899325,0.21915285451197053,0.811143786963056,0.7730627306273062,0.5055624220193289,50.56,51.38,Medio,265,8,0,632.4594321270071,1045.7220841573264,858.142691293995,31.52331283921588,77,2580,73872,1381,5.4,-0.1621052631578947,0.39042357274401474,0.06261510128913444,0.06813996316758753,0.5322283609576427,0.3701657458563536,0.8397790055248618,0.21915285451197053,0.9585635359116023,0.929097605893186,0.9880294659300184,0.3688845401174168,0.7730627306273062
513,"VIA AUGUSTA, 317","VIA AUGUSTA, 317",8017.0,28,801905011,Sarrià,0.0805192608226328,0.3405886996729446,0.7340701477388069,0.0,0.0004511108604939,0.5260896255371393,0.31123388581952116,0.7111957740032364,0.43357933579335795,0.5047756842626918,50.48,51.2,Medio,266,7,8,117.99053663081084,1238.5458674670003,1253.1276564758796,101.33749260074626,96,1338,64572,682,2.8,0.0944054054054054,0.3029465930018416,0.7780847145488029,0.8232044198895028,0.4493554327808471,0.5193370165745856,0.28360957642725604,0.31123388581952116,0.3259668508287293,0.8802946593001841,0.6629834254143646,0.9755381604696673,0.43357933579335795
239,"C/ INDÚSTRIA, 329","C/ INDÚSTRIA, 329",8027.0,35,801909087,Navas,0.3765888226767595,0.0789177001127395,0.2192784667418263,0.0510710259301014,0.1100338218714769,0.5638428483732351,0.425414364640884,0.3291270682192502,0.7896678966789668,0.5044305396475108,50.44,51.01,Medio,267,7,14,246.6253859990649,1271.024510453614,2146.856820472735,81.8381154305294,121,1243,43777,381,5.6,-0.1794166666666666,0.3029465930018416,0.8885819521178637,0.56353591160221,0.4419889502762431,0.8011049723756906,0.3848987108655617,0.425414364640884,0.2302025782688766,0.5506445672191529,0.21178637200736647,0.3238747553816047,0.7896678966789668
98," C/ DOLORS BATLLE I SUNYER, 2"," C/ DOLORS BATLLE I SUNYER, 2",8014.0,21,801903107,Sants,0.1676142824653172,0.211848987946327,0.5415055719808961,0.0037525585626563,0.0276324766886513,0.6312154696132596,0.5230202578268877,0.5780891293927698,0.04981549815498154,0.5036750858928024,50.37,50.74,Medio,268,12,14,90.13940671409298,1153.0724837971677,1318.7700863874577,86.83271958189721,147,1532,41589,624,4.6,0.5479459459459459,0.6482504604051565,0.8885819521178637,0.8674033149171271,0.47882136279926335,0.5432780847145487,0.3609576427255985,0.5230202578268877,0.5543278084714549,0.45119705340699817,0.5534069981583793,0.7534246575342466,0.04981549815498154
388,"C/ RIERA ALTA, 6","C/ RIERA ALTA, 6",8001.0,35,801901014,el Raval,0.3788036117381489,0.0348758465011286,0.123589164785553,0.0146726862302483,0.0572234762979683,0.2851442602823819,0.8287292817679558,0.29539495734720134,0.8191881918819188,0.5037097796599108,50.37,50.74,Medio,268,1,2,335.1759276885228,1980.29074502292,410.7581052263129,63.68120530583393,291,1937,29916,390,7.4,-0.2057567567567567,0.011970534069981584,0.2955801104972376,0.3867403314917127,0.26519337016574585,0.21915285451197053,0.5322283609576427,0.8287292817679558,0.858195211786372,0.03683241252302026,0.22099447513812154,0.06555772994129161,0.8191881918819188
210,"C/ VILARDELL, 18","C/ VILARDELL, 18",8014.0,31,801903051,Hostafrancs,0.2886609558160505,0.0676284941388638,0.241546438232642,0.0,0.0,0.5715162676488644,0.5478821362799263,0.48565491056787513,0.30073800738007384,0.503525656496064,50.35,50.46,Medio,270,8,9,142.10705835697797,1836.6503861496576,608.6785378871629,26.71685881145914,157,1848,34911,541,5.2,0.1957941176470588,0.39042357274401474,0.8066298342541437,0.7661141804788214,0.2928176795580111,0.27992633517495397,0.8931860036832413,0.5478821362799263,0.8139963167587477,0.19705340699815838,0.4521178637200737,0.4794520547945206,0.30073800738007384
322,"C/ SANTALÓ, 165","C/ SANTALÓ, 165",8021.0,23,801905052,Sant Gervasi - Galvany,0.159474257454888,0.1682464454976303,0.494583615436696,0.0,0.0027081922816519,0.42387968078575816,0.1261510128913444,0.729510619051223,0.9372693726937269,0.5028637021647162,50.29,50.28,Medio,271,5,5,411.3577169576382,1025.3837231326015,0.0,25.49959270496862,58,1372,98221,658,3.2,-0.3687837837837838,0.15469613259668508,0.6464088397790055,0.24125230202578274,0.5377532228360957,0.05156537753222836,0.9116022099447514,0.1261510128913444,0.35911602209944754,0.9825046040515654,0.6233885819521179,0.9530332681017613,0.9372693726937269
302,"C/ CAVALLERS, 41","C/ CAVALLERS, 41",8034.0,39,801904053,Pedralbes,0.2177622430187544,0.2421919043860638,0.5027624309392266,0.034502198669523,0.0612244897959183,0.2613566605279312,0.425414364640884,0.8078957231874813,0.6863468634686347,0.5027543826621624,50.28,50.09,Medio,272,7,0,679.5807946910552,747.1402616680679,598.8803389192848,108.90058450207864,121,1619,56053,791,2.4,-0.0871052631578947,0.3029465930018416,0.06261510128913444,0.03499079189686927,0.6519337016574586,0.27624309392265195,0.23941068139963173,0.425414364640884,0.6629834254143646,0.8103130755064457,0.7661141804788214,0.9921722113502935,0.6863468634686347
475,"C/ CAMPO FLORIDO, 66","C/ CAMPO FLORIDO, 66",8027.0,19,801909082,el Congrés i els Indians,0.263957856812714,0.1116865570817383,0.4004728664715154,0.0166629137581625,0.0490880432335059,0.5374462860650706,0.39686924493554326,0.5248735913043792,0.559040590405904,0.5023979977436409,50.24,49.91,Medio,273,13,4,219.59682306732287,1884.935423196116,963.5515660966666,51.75698806216374,112,1883,39239,607,5.3,0.0095,0.7053406998158379,0.567219152854512,0.6298342541436464,0.2817679558011049,0.39226519337016574,0.6482504604051565,0.39686924493554326,0.8305709023941068,0.3314917127071823,0.5303867403314917,0.4070450097847358,0.559040590405904
161,"C/ RAMON TURRÓ, 91","C/ RAMON TURRÓ, 91",8005.0,27,801910052,la Vila Olímpica del Poblenou,0.52971692793504,0.0047366640351866,0.0408255328747039,0.0843577309123717,0.1770610127438818,0.38888888888888884,0.3876611418047882,0.7895047446057815,0.46863468634686345,0.500697785665783,50.07,49.72,Medio,274,5,3,373.7170389619761,819.3369057155566,1509.4423902811864,119.93741464656988,111,2395,64642,1200,5.4,0.0684411764705882,0.15469613259668508,0.45119705340699817,0.30755064456721914,0.6169429097605893,0.6151012891344383,0.18784530386740328,0.3876611418047882,0.930939226519337,0.8830570902394107,0.9751381215469613,0.3688845401174168,0.46863468634686345
118,"C/ PUJADES,  3","C/ PUJADES,  3",8018.0,27,801910048,el Parc i la Llacuna del Poblenou,0.4172385492517506,0.0304101838755304,0.1037246581801037,0.0109618104667609,0.0708392267798208,0.5583179864947821,0.43370165745856354,0.5672308657058525,0.3634686346863468,0.5001647212672298,50.02,49.54,Medio,275,10,2,327.6173067370131,220.77991502402404,2564.094374577636,93.68340656257028,123,1579,45412,673,5.3,0.1482499999999999,0.5202578268876611,0.2955801104972376,0.3996316758747698,0.9116022099447514,0.9005524861878453,0.3222836095764272,0.43370165745856354,0.6151012891344383,0.5948434622467772,0.6519337016574586,0.4070450097847358,0.3634686346863468
441,"C/ WATT, 2","C/ WATT, 2",8014.0,18,801903106,Sants,0.3839692554203595,0.0861874718341595,0.2395223073456512,0.0395448400180261,0.1297881928796755,0.5623081645181093,0.6022099447513812,0.404055980221499,0.3413284132841329,0.4995736008171783,49.96,49.36,Medio,276,7,14,107.17303237924916,1676.937740051778,240.24265955648664,30.4236339077906,177,1244,38980,460,4.6,0.162078947368421,0.3029465930018416,0.8885819521178637,0.8379373848987108,0.3259668508287292,0.15469613259668508,0.8637200736648251,0.6022099447513812,0.23296500920810312,0.3149171270718232,0.3149171270718232,0.7534246575342466,0.3413284132841329
372,"C/ RIBES, 77","C/ RIBES, 77",8013.0,27,801902013,el Fort Pienc,0.4525399017802332,0.0098987108655616,0.0523710865561694,0.0105893186003683,0.0751611418047882,0.6568446899938613,0.3342541436464088,0.35320914106958157,0.6236162361623616,0.49530389810120323,49.53,49.17,Medio,277,12,5,322.7604729443745,318.8132922875069,3885.785802756696,81.77086208818194,102,1079,37995,463,4.8,-0.0353333333333333,0.6482504604051565,0.6464088397790055,0.4069981583793738,0.860036832412523,0.990791896869245,0.3885819521178637,0.3342541436464088,0.09023941068139964,0.27808471454880296,0.32044198895027626,0.7240704500978474,0.6236162361623616
455,"C/ PROVENÇA, 595","C/ PROVENÇA, 595",8026.0,22,801910013,el Camp de l'Arpa del Clot,0.4141362867251192,0.0707275803722504,0.2267343485617597,0.0820078962210942,0.1946982515510434,0.5038367096378146,0.5478821362799263,0.3225507526858469,0.6660516605166051,0.49385881969216916,49.39,48.99,Medio,278,6,16,339.783106011979,950.5049790461976,2406.5090202638617,150.8732260658948,157,1306,39547,484,5.9,-0.0643611111111111,0.22283609576427257,0.9125230202578268,0.37384898710865566,0.5616942909760589,0.858195211786372,0.09392265193370164,0.5478821362799263,0.3001841620626151,0.3416206261510129,0.36464088397790057,0.28375733855185914,0.6660516605166051
155,"C/ PUJADES, 311/ FLUVIÀ","C/ PUJADES, 311/ FLUVIÀ",8019.0,32,801910076,Diagonal Mar i el Front Marítim del Poblenou,0.6180485125084516,0.000901510029299,0.0069867027270678,0.0181428893396439,0.2328149650664863,0.5512584407612032,0.40699815837937386,0.6063986405884536,0.3118081180811808,0.4930608717205551,49.31,48.8,Medio,279,10,1,186.1314444319512,223.9983098959038,2543.2201496472453,137.6944800989087,113,2243,43788,946,7.4,0.1854,0.5202578268876611,0.16482504604051565,0.6869244935543278,0.9097605893186004,0.8931860036832413,0.13259668508287292,0.40699815837937386,0.9051565377532228,0.5534069981583793,0.9014732965009208,0.06555772994129161,0.3118081180811808
321,"C/ SANT HERMENEGILD, 30","C/ SANT HERMENEGILD, 30",8006.0,27,801905087,el Putxet i el Farró,0.1754454138253777,0.1648240072202166,0.4395306859205776,0.0007897111913357,0.0031588447653429,0.5058317986494781,0.2900552486187845,0.7351188223719065,0.39667896678966785,0.4928364922934403,49.28,48.62,Medio,280,5,6,129.36491289799957,1217.1937627986708,116.92578824443083,34.50255926097351,93,1519,54351,798,4.2,0.1237948717948717,0.15469613259668508,0.6942909760589319,0.7974217311233885,0.45856353591160226,0.11970534069981584,0.8103130755064457,0.2900552486187845,0.5368324125230203,0.7734806629834254,0.7808471454880295,0.8493150684931507,0.39667896678966785
128,"RAMBLA DE GUIPÚSCOA, 43/FLUVIA","RAMBLA DE GUIPÚSCOA, 43/FLUVIA",8020.0,43,801910111,Sant Martí de Provençals,0.50824576708557,0.0056325335135744,0.0262476061732567,0.0027036160865157,0.0526078630167849,0.5205647636586863,0.4889502762430939,0.1791890562324983,0.940959409594096,0.49037641183855263,49.04,48.43,Medio,281,7,2,130.07134240567143,521.3878395133705,1790.9822441283272,102.66184235597244,138,1229,37058,253,6.4,-0.3714736842105263,0.3029465930018416,0.2955801104972376,0.7955801104972375,0.7587476979742174,0.6998158379373849,0.27071823204419887,0.4889502762430939,0.21731123388581952,0.24493554327808473,0.07642725598526703,0.17808219178082196,0.940959409594096
8,"PG. PUJADES, 2","PG. PUJADES, 2",8003.0,27,801901055,"Sant Pere, Santa Caterina i la Ribera",0.5305866211038625,0.0138630009319664,0.0507921714818266,0.0884203168685927,0.2468546132339235,0.6057397176181706,0.6593001841620626,0.3548189073050952,0.15867158671586712,0.4893394120405292,48.93,48.16,Medio,282,11,6,392.392565594846,438.0302032043005,1245.4456459105097,40.14243607000221,203,1224,41259,522,,0.3394358974358974,0.5902394106813996,0.6942909760589319,0.27071823204419887,0.8029465930018416,0.5119705340699816,0.7642725598526703,0.6593001841620626,0.20257826887661143,0.43462246777163904,0.427255985267035,,0.15867158671586712
439,"RBLA. BADAL, 73 | C/ CONSTITUCIÓ","RBLA. BADAL, 73 | C/ CONSTITUCIÓ",8014.0,18,801903066,la Bordeta,0.4819528922930589,0.0620635278215814,0.1981302095066456,0.1004730795224149,0.2291056544266726,0.2748618784530387,0.4622467771639042,0.5147446778605486,0.992619926199262,0.48934251014456603,48.93,48.16,Medio,282,5,1,477.0701145035746,2022.2058153653832,84.73913447036719,34.70536081937866,130,2254,38648,528,5.3,-0.6644285714285714,0.15469613259668508,0.16482504604051565,0.149171270718232,0.2541436464088398,0.11786372007366483,0.8084714548802947,0.4622467771639042,0.9079189686924494,0.30570902394106814,0.43830570902394106,0.4070450097847358,0.992619926199262
336,"AV. JOSEP VICENÇ FOIX, 52","AV. JOSEP VICENÇ FOIX, 52",8034.0,23,801905006,Sarrià,0.2098454499037743,0.2013324299909665,0.502710027100271,0.0010162601626016,0.0215672990063233,0.2546040515653775,0.13351749539594843,0.8734885916827944,0.9797047970479705,0.48781865937476343,48.78,47.88,Medio,284,3,2,449.1760899146776,908.485549118021,0.0,85.66305742228151,59,1715,98221,808,2.8,-0.5101052631578947,0.058931860036832415,0.2955801104972376,0.18232044198895025,0.574585635359116,0.05156537753222836,0.3646408839779005,0.13351749539594843,0.7486187845303868,0.9825046040515654,0.787292817679558,0.9755381604696673,0.9797047970479705
273,"AV. MERIDIANA, 404","AV. MERIDIANA, 404",8030.0,35,801909049,Sant Andreu,0.292386211782132,0.0395582103009128,0.1577820353882565,0.0005635072692437,0.0162290093542206,0.6631368937998773,0.39686924493554326,0.27808471454880296,0.5793357933579335,0.4877367717047336,48.77,47.7,Medio,285,27,7,35.940037263876015,2357.947933849264,1137.1032761133058,45.82458141845607,112,1246,41945,311,,0.0040526315789473,0.9106813996316758,0.7366482504604052,0.9705340699815838,0.18784530386740328,0.4622467771639042,0.7108655616942909,0.39686924493554326,0.23664825046040516,0.4714548802946593,0.1261510128913444,,0.5793357933579335
168,SELVA DE MAR / PG. DEL TAULAT,SELVA DE MAR / PG. DEL TAULAT,8019.0,27,801910079,Diagonal Mar i el Front Marítim del Poblenou,0.685982893132194,0.0013531799729364,0.0063148398737032,0.0317997293640054,0.2516914749661705,0.46424186617556784,0.21915285451197053,0.4860026921538312,0.9907749077490775,0.4873897759902608,48.74,47.51,Medio,286,4,1,471.2429790111861,490.80613339101376,1527.2802658257986,12.643405554855065,77,1674,49550,551,7.4,-0.6602368421052631,0.09392265193370165,0.16482504604051565,0.16022099447513816,0.7734806629834254,0.6243093922651933,0.9686924493554327,0.21915285451197053,0.7200736648250461,0.6979742173112339,0.4604051565377532,0.06555772994129161,0.9907749077490775
416,"RAMBLA DEL RAVAL, 20","RAMBLA DEL RAVAL, 20",8001.0,27,801901004,el Raval,0.3792751084417751,0.0381756756756756,0.159572072072072,0.0234234234234234,0.0909909909909909,0.3913443830570902,0.7651933701657458,0.5046491009936102,0.21771217712177127,0.4870879784280862,48.71,47.33,Medio,287,1,10,349.2344541645066,2068.08432256829,621.192672799539,53.57500187150894,247,2881,31203,880,7.4,0.2742647058823529,0.011970534069981584,0.8232044198895028,0.35543278084714547,0.2357274401473296,0.2937384898710866,0.6279926335174955,0.7651933701657458,0.9714548802946593,0.10957642725598526,0.8720073664825047,0.06555772994129161,0.21771217712177127
354,"RAMBLA DEL BRASIL, 5","RAMBLA DEL BRASIL, 5",8028.0,27,801903083,Sants - Badal,0.3719494364655655,0.0982404692082111,0.2286262124971802,0.0942928039702233,0.1353485224452966,0.38459177409453654,0.6850828729281768,0.4183285400741694,0.5055350553505535,0.48629023248625736,48.63,47.15,Medio,288,6,6,222.53581454484043,1364.4419082035588,0.0,94.20072247734824,214,1302,40096,420,4.6,0.0429230769230769,0.22283609576427257,0.6942909760589319,0.6206261510128914,0.4033149171270718,0.05156537753222836,0.3149171270718232,0.6850828729281768,0.2946593001841621,0.3756906077348066,0.24953959484346225,0.7534246575342466,0.5055350553505535
330,"C/ PAU ALCOVER, 94","C/ PAU ALCOVER, 94",8017.0,27,801905026,les Tres Torres,0.1264437155173497,0.2665988010406063,0.6167854315122724,0.0,0.0036195000565546,0.2460098219766728,0.30386740331491713,0.7125179747218648,0.9612546125461254,0.48438797408294976,48.44,46.96,Medio,289,6,2,462.75023754947966,1328.6272439202935,532.2350842945771,143.2593549884924,95,1361,98221,650,3.3,-0.4259487179487179,0.22283609576427257,0.2955801104972376,0.1712707182320442,0.423572744014733,0.24861878453038674,0.11418047882136284,0.30386740331491713,0.35267034990791896,0.9825046040515654,0.5902394106813996,0.9246575342465754,0.9612546125461254
28,"C/ SARDENYA, 362","C/ SARDENYA, 362",8025.0,23,801902044,la Sagrada Família,0.2520607328948492,0.1348231827111984,0.3823673870333988,0.0,0.0252946954813359,0.45733578882750153,0.7624309392265194,0.37333317115539166,0.25276752767527677,0.4819236828363948,48.19,46.78,Medio,290,3,4,286.0605447460028,660.25983731266,1953.88443603441,115.67713370151148,245,1230,40072,468,5.1,0.2385128205128205,0.058931860036832415,0.567219152854512,0.4861878453038674,0.6850828729281768,0.7384898710865562,0.20810313075506448,0.7624309392265194,0.22099447513812154,0.3683241252302026,0.3296500920810313,0.5743639921722113,0.25276752767527677
156,"C/ SELVA DE MAR, 46","C/ SELVA DE MAR, 46",8019.0,27,801910236,Diagonal Mar i el Front Marítim del Poblenou,0.572557191696272,0.0046322449440741,0.0377358490566037,0.0894814145294317,0.2009942379392159,0.6097298956414979,0.44751381215469616,0.228866412227496,0.6586715867158672,0.4813012575774524,48.13,46.59,Medio,291,8,1,125.4012741341797,133.8211611362318,2077.70733737964,61.54324348546777,127,1472,33996,363,7.4,-0.0601538461538461,0.39042357274401474,0.16482504604051565,0.8029465930018416,0.9613259668508287,0.7808471454880295,0.5580110497237569,0.44751381215469616,0.49263351749539597,0.1841620626151013,0.1731123388581952,0.06555772994129161,0.6586715867158672
7,"PG. PUJADES,  1 (JUTJATS)","PG. PUJADES,  1 (JUTJATS)",8003.0,27,801901055,"Sant Pere, Santa Caterina i la Ribera",0.551401506328131,0.0057069648264616,0.032611227579781,0.0726764500349406,0.1982296762170976,0.5765807243707796,0.7117863720073665,0.3548189073050952,0.08394833948339486,0.48104682428039747,48.1,46.41,Medio,292,11,6,407.7032540093765,461.7345091030348,1187.3811689512563,50.92024878432586,228,1224,41259,522,,0.4663947368421052,0.5902394106813996,0.6942909760589319,0.24861878453038677,0.7900552486187845,0.48066298342541436,0.6556169429097606,0.7117863720073665,0.20257826887661143,0.43462246777163904,0.427255985267035,,0.08394833948339486
442,"C/ MINERIA, 30","C/ MINERIA, 30",8038.0,18,801903213,la Marina de Port,0.4250149359976611,0.0421004461732067,0.2224001830454181,0.0844296991190939,0.1875071502116462,0.6361264579496623,0.35082872928176795,0.33834373074136936,0.5682656826568266,0.4801772276866901,48.02,46.22,Medio,293,22,4,301.72347611785585,2648.600626975505,2440.4809023174225,25.787903050529223,105,2299,32420,355,7.2,0.0059714285714285,0.8701657458563536,0.567219152854512,0.46040515653775327,0.14548802946592998,0.8674033149171271,0.9060773480662984,0.35082872928176795,0.9152854511970534,0.15285451197053407,0.16390423572744015,0.12133072407045009,0.5682656826568266
180,"GRAN VIA DE LES CORTS CATALANES, 179 (D)","GRAN VIA DE LES CORTS CATALANES, 179 (D)",8014.0,51,801903063,la Bordeta,0.5270956241734229,0.0007038123167155,0.0079765395894428,0.0064516129032258,0.0659237536656891,0.6497851442602824,0.36095764272559855,0.5527281032749132,0.1605166051660517,0.47992372776613457,47.99,46.04,Medio,294,28,2,18.74009691037896,2479.9187153018715,1727.538765574119,31.45218421784983,107,1890,41222,623,5.3,0.3362631578947369,0.91804788213628,0.2955801104972376,0.990791896869245,0.16390423572744017,0.6869244935543278,0.843462246777164,0.36095764272559855,0.8324125230202578,0.42357274401473294,0.5478821362799263,0.4070450097847358,0.1605166051660517
263,"PG. TORRAS I BAGES, 29","PG. TORRAS I BAGES, 29",8030.0,20,801909038,Sant Andreu,0.2587476045541652,0.0796978920076654,0.3291624394093112,0.0038327133355878,0.0127381354976891,0.3548189073050952,0.3342541436464088,0.5303867403314917,0.9261992619926199,0.47927672785015146,47.93,45.86,Medio,295,5,3,139.71734416273728,2506.475235152132,639.5867351178132,102.2187526252352,102,1680,43429,465,,-0.3592105263157895,0.15469613259668508,0.45119705340699817,0.7753222836095764,0.15837937384898715,0.30939226519337015,0.2799263351749539,0.3342541436464088,0.7311233885819521,0.5340699815837937,0.3259668508287293,,0.9261992619926199
193,"C/ FÍGOLS, 1","C/ FÍGOLS, 1",8028.0,27,801904034,les Corts,0.1913364486371589,0.1070019167888149,0.3755778554515729,0.0009020182658698,0.0065396324275566,0.42863720073664835,0.5478821362799263,0.6023847365329239,0.2767527675276753,0.4791026535901907,47.91,45.67,Medio,296,9,3,351.2311458267792,767.6353748659648,1017.8497420037232,103.02351760608045,157,1415,61713,645,5.1,0.2186052631578947,0.4539594843462247,0.45119705340699817,0.35174953959484345,0.6390423572744015,0.4106813996316759,0.26519337016574585,0.5478821362799263,0.40515653775322286,0.852670349907919,0.5773480662983426,0.5743639921722113,0.2767527675276753
242,"C/ RAMON ALBÓ, 1","C/ RAMON ALBÓ, 1",8027.0,27,801909079,el Congrés i els Indians,0.3213547490766155,0.0747941445562671,0.2556038426349497,0.0054894784995425,0.0304208600182982,0.6626764886433395,0.2421731123388582,0.435554990936055,0.514760147601476,0.4785828189841185,47.86,45.49,Medio,297,14,6,12.76661193860841,2252.250071549033,1089.6938884631866,28.720585292460072,83,1539,40574,476,5.3,0.038974358974359,0.7532228360957642,0.6942909760589319,1.0,0.20441988950276246,0.4438305709023941,0.8802946593001841,0.2421731123388582,0.576427255985267,0.40699815837937386,0.35174953959484345,0.4070450097847358,0.514760147601476
434,"C/ ROGER, 24","C/ ROGER, 24",8028.0,27,801903083,Sants - Badal,0.3323961880626171,0.0909954858636255,0.2611071513423616,0.0460917082442385,0.0956284153005464,0.40745856353591164,0.7513812154696132,0.4183285400741694,0.2878228782287823,0.47821136785783214,47.82,45.3,Medio,298,9,3,136.4081310242626,1099.615575638312,134.90201975765183,144.9965337596664,241,1302,40096,420,4.6,0.2085142857142857,0.4539594843462247,0.45119705340699817,0.7826887661141805,0.5138121546961326,0.13075506445672191,0.11233885819521183,0.7513812154696132,0.2946593001841621,0.3756906077348066,0.24953959484346225,0.7534246575342466,0.2878228782287823
238,"C/ ESPRONCEDA, 298","C/ ESPRONCEDA, 298",8027.0,27,801909094,Navas,0.3833043390565514,0.0369866122078511,0.1655321080099841,0.0010211027910142,0.062287270251872,0.48112338858195214,0.3406998158379374,0.5137495359908892,0.6402214022140221,0.47803873429299326,47.8,45.12,Medio,299,7,4,329.0079769836672,774.2399659762578,1922.8887221201733,107.01626340080286,104,1895,40084,604,5.6,-0.0509743589743589,0.3029465930018416,0.567219152854512,0.39779005524861877,0.6335174953959484,0.7366482504604052,0.24861878453038677,0.3406998158379374,0.8351749539594844,0.3710865561694291,0.5248618784530387,0.3238747553816047,0.6402214022140221
117,"C/ ROSA SENSAT, 12","C/ ROSA SENSAT, 12",8005.0,21,801910055,la Vila Olímpica del Poblenou,0.6411034364039335,0.0005648441030275,0.0199954812471757,0.1212155445097153,0.3340488025305015,0.41344383057090245,0.31123388581952116,0.811143786963056,0.3505535055350554,0.47788278472571843,47.79,44.94,Medio,300,13,0,562.5591971213601,553.0997720158446,1103.2268741188077,77.14545478168739,96,2580,73872,1381,5.4,0.1579736842105263,0.7053406998158379,0.06261510128913444,0.09392265193370164,0.7403314917127072,0.44567219152854515,0.43278084714548803,0.31123388581952116,0.9585635359116023,0.929097605893186,0.9880294659300184,0.3688845401174168,0.3505535055350554
391,"C/ GRAN DE LA SAGRERA, 74","C/ GRAN DE LA SAGRERA, 74",8027.0,27,801909062,la Sagrera,0.4434049694419397,0.0327998196573489,0.0937781785392245,0.0218665464382326,0.0633453561767358,0.5662983425414364,0.2421731123388582,0.40486371646971053,0.7749077490774907,0.47619978945326846,47.62,44.75,Medio,301,7,16,368.9675268089719,1332.8455900702304,1283.348676158612,25.255747526472053,83,1450,41135,513,5.6,-0.1628205128205128,0.3029465930018416,0.9125230202578268,0.3186003683241252,0.419889502762431,0.5285451197053407,0.9152854511970534,0.2421731123388582,0.46685082872928174,0.4208103130755064,0.40791896869244937,0.3238747553816047,0.7749077490774907
135,"GRAN VIA DE LES CORTS CATALANES,  981","GRAN VIA DE LES CORTS CATALANES,  981",8018.0,21,801910107,Sant Martí de Provençals,0.4144676466326416,0.037642285585484,0.1722078214808971,0.0601825763552349,0.1239715992336301,0.44613259668508287,0.31123388581952116,0.4165279144277101,0.9132841328413284,0.475079478827786,47.51,44.57,Medio,302,4,2,357.6859501733337,92.01227462264843,620.4328940516638,49.24052433949741,96,1441,48046,492,6.4,-0.3409210526315789,0.09392265193370165,0.2955801104972376,0.3370165745856354,0.9742173112338858,0.289134438305709,0.6869244935543278,0.31123388581952116,0.44751381215469616,0.6685082872928176,0.3720073664825046,0.17808219178082196,0.9132841328413284
280,"C/ SANT ANTONI Mª CLARET, 290-296","C/ SANT ANTONI Mª CLARET, 290-296",8041.0,27,801907039,el Guinardó,0.315645583784746,0.1195925841153582,0.268711375600824,0.0298695353627832,0.1242847333485923,0.6490178023327194,0.430939226519337,0.4763134611295513,0.1346863468634686,0.4741723547581941,47.42,44.38,Medio,303,11,6,288.5016038706757,1344.7558544141946,2150.480688566803,25.3610268773586,122,1532,42817,591,5.5,0.3655428571428571,0.5902394106813996,0.6942909760589319,0.4843462246777164,0.4088397790055248,0.8029465930018416,0.9134438305709024,0.430939226519337,0.5543278084714549,0.5,0.505524861878453,0.3454011741682974,0.1346863468634686
396,"C/ JOAN MIRÓ, 2-12","C/ JOAN MIRÓ, 2-12",8005.0,32,801910055,la Vila Olímpica del Poblenou,0.4985255055409573,0.0,0.0017136981606306,0.0528961498914657,0.1224722952130698,0.521025168815224,0.2900552486187845,0.811143786963056,0.09963099630996308,0.472603217427283,47.26,44.2,Medio,304,13,2,413.5954898811462,438.4509630251215,1597.4871222555091,76.34421674840178,93,2580,73872,1381,5.4,0.4274736842105263,0.7053406998158379,0.2955801104972376,0.2375690607734806,0.8011049723756907,0.6445672191528545,0.4419889502762431,0.2900552486187845,0.9585635359116023,0.929097605893186,0.9880294659300184,0.3688845401174168,0.09963099630996308
449,"C/ BOLIVIA, 120","C/ BOLIVIA, 120",8018.0,27,801910097,Provençals del Poblenou,0.523136155639816,0.0027030070953936,0.0195968014416037,0.0590156549160941,0.2252505912828021,0.48634131368938,0.5976058931860037,0.4615476100377334,0.24723247232472323,0.47209270644592577,47.21,44.01,Medio,305,10,0,633.3537047787497,274.8976826883574,1589.8706318915492,42.21804691624254,175,1475,47256,577,6.3,0.2433513513513513,0.5202578268876611,0.06261510128913444,0.06629834254143652,0.8858195211786372,0.6427255985267035,0.7403314917127072,0.5976058931860037,0.496316758747698,0.6574585635359116,0.48987108655616945,0.20254403131115462,0.24723247232472323
582,"C/ JUDEA, 1","C/ JUDEA, 1",8035.0,31,801907092,Sant Genís dels Agudells,0.1550756661675558,0.238395673726904,0.4228255971158179,0.0,0.0,0.5748925721301412,0.4889502762430939,0.18455984906639566,0.6826568265682658,0.4719884555581617,47.2,43.83,Medio,306,13,6,58.88188497586643,3647.755747118211,200.8255115248689,22.454819945881617,138,1329,29068,247,5.6,-0.0834210526315789,0.7053406998158379,0.6942909760589319,0.9226519337016574,0.04972375690607733,0.143646408839779,0.9337016574585635,0.4889502762430939,0.32044198895027626,0.022099447513812154,0.0718232044198895,0.3238747553816047,0.6826568265682658
347,"C/ ALTS FORNS, 77","C/ ALTS FORNS, 77",8038.0,32,801903034,la Marina de Port,0.4914788752256318,0.0034972924187725,0.036326714801444,0.0366651624548736,0.0993907942238267,0.42955801104972374,0.5543278084714549,0.20551684308022763,0.8671586715867159,0.4703802674933313,47.04,43.65,Medio,307,9,4,276.474371415298,3207.9070297510166,986.3333583612396,61.65400504076711,159,1435,35738,223,7.2,-0.2642647058823529,0.4539594843462247,0.567219152854512,0.5119705340699816,0.08839779005524862,0.4014732965009208,0.5543278084714549,0.5543278084714549,0.4419889502762431,0.20810313075506445,0.05064456721915286,0.12133072407045009,0.8671586715867159
69,"CARRER DE LA MARINA,25-33","CARRER DE LA MARINA,25-33",8005.0,43,801910054,la Vila Olímpica del Poblenou,0.3502478078536027,0.0036299765807962,0.0412177985948477,0.035831381733021,0.0599531615925058,0.6352056476365868,0.20257826887661143,0.3990811718617667,0.6457564575645757,0.46960030549208626,46.96,43.46,Medio,308,12,2,268.0626149592899,280.96454662302864,1965.704360878645,45.94169376625562,75,942,63952,471,5.4,-0.0516111111111111,0.6482504604051565,0.2955801104972376,0.5248618784530387,0.8821362799263351,0.7513812154696132,0.70902394106814,0.20257826887661143,0.01565377532228361,0.8738489871086557,0.3379373848987109,0.3688845401174168,0.6457564575645757
508,"C/ SARDENYA, 465","C/ SARDENYA, 465",8025.0,27,801906079,el Camp d'en Grassot i Gràcia Nova,0.2406487751860212,0.1530474040632054,0.390744920993228,0.0044018058690744,0.0301354401805869,0.41835481890730514,0.5101289134438306,0.40383794098885295,0.6273062730627306,0.4690118411851372,46.9,43.28,Medio,309,4,5,333.0595286444419,1188.462595251465,2017.6504629945373,135.4688050636112,143,1053,43595,465,4.9,-0.0403421052631578,0.09392265193370165,0.6464088397790055,0.39226519337016574,0.4714548802946593,0.7661141804788214,0.13996316758747696,0.5101289134438306,0.07458563535911603,0.5386740331491713,0.3259668508287293,0.6761252446183953,0.6273062730627306
248,"C/ PALÈNCIA, 31","C/ PALÈNCIA, 31",8027.0,27,801909064,la Sagrera,0.3004958567395229,0.0349059790564125,0.1536989077806553,0.0004503997297601,0.0049543970273617,0.5531000613873541,0.3406998158379374,0.27134622107376216,0.8154981549815499,0.4689212539607313,46.89,43.09,Medio,310,9,12,377.9559229342499,985.3164599917512,1701.541725246009,72.10900936256856,104,1104,43564,298,5.6,-0.2014473684210526,0.4539594843462247,0.8572744014732965,0.30386740331491713,0.5524861878453038,0.6777163904235728,0.4732965009208103,0.3406998158379374,0.11049723756906077,0.5359116022099447,0.1151012891344383,0.3238747553816047,0.8154981549815499
59,"C/ AGUSTÍ DURAN I SANPERE, 1","C/ AGUSTÍ DURAN I SANPERE, 1",8001.0,22,801901018,el Raval,0.5082799393320333,0.0122574055158324,0.0676427193281125,0.0391556009533537,0.1645670184996027,0.35911602209944754,0.8968692449355433,0.193415215174089,0.4704797047970479,0.46883367848177193,46.88,42.91,Medio,311,1,12,416.3651382498686,1898.6159374506744,420.5020894087141,62.241345794149886,352,1448,30169,379,7.4,0.066725,0.011970534069981584,0.8572744014732965,0.2338858195211786,0.2799263351749539,0.22283609576427257,0.5488029465930018,0.8968692449355433,0.4594843462246777,0.04143646408839779,0.20718232044198895,0.06555772994129161,0.4704797047970479
567,"C/ RAMON TURRÓ, 182 (xamfrà)","C/ RAMON TURRÓ, 182 (xamfrà)",8005.0,23,801910057,el Poblenou,0.6244391323941454,0.0021406038756196,0.0260252365930599,0.0962145110410094,0.2449301487156376,0.4886433394720688,0.6261510128913443,0.36387774666363937,0.3302583025830258,0.46807110409142383,46.81,42.73,Medio,312,9,1,298.1949007892769,903.8251317719684,1536.8907694492186,52.9959359936142,184,1357,36549,504,5.2,0.1703846153846153,0.4539594843462247,0.16482504604051565,0.4677716390423573,0.5782688766114181,0.6298342541436464,0.6372007366482504,0.6261510128913443,0.3462246777163904,0.24033149171270718,0.38950276243093923,0.4794520547945206,0.3302583025830258
490,"PG. VALL D'HEBRÓN, 168","PG. VALL D'HEBRÓN, 168",8035.0,50,801907101,la Vall d'Hebron,0.1746394312154384,0.2371064213971335,0.4156415754429522,0.0,0.0,0.5440454266421116,0.26243093922651933,0.260032958161695,0.977859778597786,0.4677108404614605,46.77,42.54,Medio,313,14,8,285.8383130449271,3809.990246320952,588.4122871406739,21.34654746052827,88,1352,39871,371,6.5,-0.4932105263157895,0.7532228360957642,0.7780847145488029,0.4880294659300184,0.036832412523020275,0.26703499079189685,0.9410681399631676,0.26243093922651933,0.3370165745856354,0.35451197053406996,0.1832412523020258,0.1653620352250489,0.977859778597786
202,"C/ DE LES CORTS, 20","C/ DE LES CORTS, 20",8028.0,27,801904029,les Corts,0.1468212241082903,0.1621225777377196,0.5060838215412348,0.0,0.0004506534474988,0.5087476979742173,0.580110497237569,0.477154533954655,0.16420664206642066,0.4670089483989951,46.7,42.36,Medio,314,7,5,219.13854301142263,341.51098044263097,989.766328658027,114.33370663526404,170,1082,59632,506,5.1,0.3321052631578947,0.3029465930018416,0.6464088397790055,0.6316758747697975,0.8526703499079189,0.40515653775322286,0.2136279926335175,0.580110497237569,0.09668508287292818,0.8434622467771639,0.39410681399631675,0.5743639921722113,0.16420664206642066
130,"RAMBLA DE GUIPÚSCOA, 103 / CANTÀBRIA","RAMBLA DE GUIPÚSCOA, 103 /CANTÀBRIA",8020.0,24,801910131,la Verneda i la Pau,0.4657642413987591,0.0184997179921037,0.0846023688663282,0.0741116751269035,0.1430344049633389,0.6220073664825047,0.2900552486187845,0.24587752682242955,0.7675276752767528,0.46681492342069303,46.68,42.17,Medio,315,5,2,132.6779504648348,466.7986527712882,1853.090227143228,9.701982517558688,93,1030,47232,205,6.2,-0.1533589743589744,0.15469613259668508,0.2955801104972376,0.7900552486187845,0.7845303867403315,0.7219152854511971,0.9852670349907919,0.2900552486187845,0.06077348066298342,0.6519337016574586,0.034990791896869246,0.235812133072407,0.7675276752767528
303,"C/ CAVALLERS, 67","C/ CAVALLERS, 67",8034.0,27,801904056,Pedralbes,0.1803807639488919,0.24343514031331,0.568240730305421,0.0126225628310605,0.0516172658627296,0.3305709023941068,0.4106813996316759,0.8599215058762475,0.21586715867158668,0.4657306160156562,46.57,41.9,Medio,316,8,0,678.2235549816718,877.819880693172,338.2406401713423,45.43238000184438,114,1603,98221,834,2.4,0.2743421052631579,0.39042357274401474,0.06261510128913444,0.036832412523020275,0.5948434622467771,0.1841620626151013,0.714548802946593,0.4106813996316759,0.643646408839779,0.9825046040515654,0.8213627992633518,0.9921722113502935,0.21586715867158668
497,"PTGE. MALUQUER, 16","PTGE. MALUQUER, 16",8022.0,27,801905035,Sant Gervasi - la Bonanova,0.0767872572222848,0.2952778090837372,0.7150907246703483,0.0,0.0,0.4266421117249846,0.3821362799263352,0.596495875274351,0.47785977859778594,0.46566174469358407,46.57,41.9,Medio,316,8,3,107.1588941671324,2012.539586066636,0.0,59.616805160630975,110,981,98221,529,3.3,0.0596666666666666,0.39042357274401474,0.45119705340699817,0.8397790055248618,0.2578268876611418,0.05156537753222836,0.569060773480663,0.3821362799263352,0.037753222836095765,0.9825046040515654,0.44106813996316757,0.9246575342465754,0.47785977859778594
179,"PG. ZONA FRANCA, 244","PG. ZONA FRANCA, 244",8038.0,16,801903212,la Marina de Port,0.5179668997406113,0.0333822036765535,0.1291304838163978,0.0739821811210104,0.2343520920266155,0.45119705340699817,0.2900552486187845,0.37333452263823874,0.9354243542435424,0.4640800646432365,46.41,41.62,Medio,318,21,3,369.8384892510699,2620.5540791234616,2247.2300607691755,149.22523535483396,93,2213,34921,442,7.2,-0.3672702702702702,0.858195211786372,0.45119705340699817,0.3167587476979742,0.15285451197053412,0.8250460405156538,0.10313075506445668,0.2900552486187845,0.9023941068139963,0.19889502762430938,0.27071823204419887,0.12133072407045009,0.9354243542435424
276,PLAÇA ALFONS X EL SAVI / RONDA DEL GUIN,PLAÇA ALFONS X EL SAVI / RONDA DEL GUINARDO,8024.0,27,801907016,el Baix Guinardó,0.1836343115124153,0.2284424379232505,0.4707674943566591,0.0,0.0,0.5603130755064457,0.32136279926335176,0.43547074850526,0.5221402214022139,0.463638996579741,46.36,41.44,Medio,319,9,3,25.13941942133449,1522.4262386084004,1784.708338966248,80.18269571204279,99,1307,49277,435,5.2,0.0315135135135135,0.4539594843462247,0.45119705340699817,0.9797421731123389,0.37569060773480667,0.6979742173112339,0.4033149171270718,0.32136279926335176,0.30478821362799263,0.6915285451197053,0.26611418047882135,0.4794520547945206,0.5221402214022139
307,C/ PINTOR RIBALTA | AV. XILE,C/ PINTOR RIBALTA | AV. XILE,8028.0,32,801904043,la Maternitat i Sant Ramon,0.1665820929183581,0.1182904826341903,0.4110284167794316,0.002255299954894,0.0082318448353631,0.35834868017188454,0.43646408839779005,0.6655913368147532,0.41512915129151295,0.46320526705702236,46.32,41.25,Medio,320,6,2,386.2254968930122,200.5427548564541,992.5714297041764,245.429210656778,124,1530,55668,714,5.0,0.1059743589743589,0.22283609576427257,0.2955801104972376,0.28545119705340705,0.9263351749539595,0.40699815837937386,0.012891344383057057,0.43646408839779005,0.5441988950276243,0.7946593001841621,0.6933701657458563,0.6301369863013699,0.41512915129151295
518,"C/ LLOBREGÓS, 115","C/ LLOBREGÓS, 115",8032.0,27,801907070,el Carmel,0.0831319316611776,0.290318945114392,0.666516398061535,0.0,0.0,0.47774708410067523,0.580110497237569,0.17573601755846516,0.7047970479704797,0.4618926653298169,46.19,41.07,Medio,321,9,4,91.27171186987684,3037.58346832473,0.0,33.61537240285081,170,1375,31636,205,6.4,-0.0940588235294117,0.4539594843462247,0.567219152854512,0.8655616942909761,0.10497237569060769,0.05156537753222836,0.8232044198895028,0.580110497237569,0.3664825046040516,0.12338858195211787,0.034990791896869246,0.17808219178082196,0.7047970479704797
389,RECINTE PARC DE LA CIUTADELLA,RECINTE PARC DE LA CIUTADELLA,8003.0,27,801901043,"Sant Pere, Santa Caterina i la Ribera",0.6647386998561344,0.0,0.0007904245709123,0.059620596205962,0.1675700090334236,0.2840699815837937,0.4419889502762431,0.6537753222836096,0.5867158671586716,0.46137294176809174,46.14,40.88,Medio,322,0,3,419.7300505397175,316.61148129086587,257.30599231470705,301.1112461189204,126,1602,42945,831,,-0.0077692307692307,0.0009208103130755065,0.45119705340699817,0.22467771639042355,0.861878453038674,0.16390423572744015,0.0018416206261510082,0.4419889502762431,0.6353591160220995,0.5119705340699816,0.8139963167587477,,0.5867158671586716
138,"GRAN VIA DE LES CORTS CATALANES,  1118","GRAN VIA DE LES CORTS CATALANES, 1118",8020.0,21,801910102,Provençals del Poblenou,0.514315972616211,0.0237149665267218,0.0762509928514694,0.0777260864631794,0.1827981391126744,0.4765193370165746,0.4189686924493554,0.42586621040605754,0.533210332103321,0.45797204348515247,45.8,40.7,Medio,323,8,2,490.161023801681,97.46318423371038,1063.8944305395507,53.30464464895044,120,2492,36855,459,6.3,0.0265135135135134,0.39042357274401474,0.2955801104972376,0.13443830570902393,0.9723756906077348,0.43462246777163904,0.6316758747697975,0.4189686924493554,0.9484346224677717,0.2430939226519337,0.30939226519337015,0.20254403131115462,0.533210332103321
184,"C/ QUETZAL, 22-24","C/ QUETZAL, 22-24",8014.0,27,801903065,la Bordeta,0.3692395640345167,0.0359396124380351,0.1754168544389364,0.029968454258675,0.0857368183866606,0.34975445058317983,0.47605893186003684,0.32137451211469226,0.9059040590405905,0.45765802755388374,45.77,40.52,Medio,324,21,2,401.1385592304717,2182.648598499636,403.97897003753945,106.8724230923802,134,1300,41881,301,5.3,-0.3328157894736842,0.858195211786372,0.2955801104972376,0.2541436464088398,0.22283609576427255,0.21731123388581952,0.2504604051565378,0.47605893186003684,0.29097605893186,0.4696132596685083,0.11786372007366483,0.4070450097847358,0.9059040590405905
47,"C/ RAMON TRIAS FARGAS, 21","C/ RAMON TRIAS FARGAS, 21",8005.0,47,801910054,la Vila Olímpica del Poblenou,0.38778024913169,0.0009031384059607,0.0465116279069767,0.0179498758184691,0.0397380898622713,0.515193370165746,0.3296500920810313,0.3990811718617667,0.6328413284132841,0.4574266948057032,45.74,40.33,Medio,325,5,2,450.325246685701,152.08146293480564,1437.6410840006583,25.02515969401735,101,942,63952,471,5.4,-0.046027027027027,0.15469613259668508,0.2955801104972376,0.18047882136279925,0.9539594843462247,0.5874769797421732,0.9189686924493554,0.3296500920810313,0.01565377532228361,0.8738489871086557,0.3379373848987109,0.3688845401174168,0.6328413284132841
100,"C/ TARRAGONA,  159-173","C/ TARRAGONA,  159-173",8014.0,22,801903048,Hostafrancs,0.2429705215419501,0.0990929705215419,0.3688208616780045,0.0166666666666666,0.0725623582766439,0.6829343155310007,0.35082872928176795,0.42902507631373143,0.1531365313653137,0.45696094153952216,45.7,40.15,Medio,326,14,15,156.78849511047855,1379.7611662706604,2037.7411799257427,63.49836244697797,105,1283,43851,508,5.2,0.3445526315789474,0.7532228360957642,0.9005524861878453,0.7403314917127072,0.39779005524861877,0.7697974217311234,0.5359116022099448,0.35082872928176795,0.27716390423572745,0.5570902394106814,0.40239410681399634,0.4794520547945206,0.1531365313653137
185,"C/GAVÀ, 81","C/GAVÀ, 81",8014.0,17,801903059,la Bordeta,0.3922010295277025,0.0765852010361527,0.26286744002703,0.0939294965649284,0.2040770357022187,0.43769183548189067,0.39686924493554326,0.21686254158062226,0.9981549815498155,0.4563483362801754,45.63,39.96,Medio,327,27,2,282.98760626291295,2184.700890160154,1034.880817339564,100.77684213927428,112,1106,34662,347,5.3,-0.8931315789473684,0.9106813996316758,0.2955801104972376,0.4917127071823204,0.22099447513812154,0.42173112338858193,0.28545119705340705,0.39686924493554326,0.11233885819521179,0.1878453038674033,0.16022099447513813,0.4070450097847358,0.9981549815498155
114,"PL. JEAN GENET,  1","PL. JEAN GENET,  1",8001.0,20,801901001,el Raval,0.6159070447895566,0.004501462975467,0.0208192662615349,0.0549178483006977,0.2756020706729687,0.5534069981583792,0.6114180478821363,0.15220895366396012,0.474169741697417,0.4557246609965694,45.57,39.78,Medio,328,10,11,149.60437215077266,1921.9976092278205,1282.3798442725083,80.0675426734891,179,1272,30768,375,7.4,0.0638888888888888,0.5202578268876611,0.8388581952117864,0.7532228360957642,0.2762430939226519,0.5267034990791897,0.4051565377532228,0.6114180478821363,0.26335174953959484,0.08287292817679558,0.19705340699815838,0.06555772994129161,0.474169741697417
137,"GRAN VIA DE LES CORTS CATALANES , 1041","GRAN VIA DE LES CORTS CATALANES, 1041",8020.0,25,801910105,Sant Martí de Provençals,0.3589588732394366,0.0189295774647887,0.0975774647887323,0.0014647887323943,0.0326760563380281,0.40822590546347454,0.5009208103130756,0.4331025000630692,0.5239852398523985,0.45498268048411206,45.5,39.59,Medio,329,5,4,473.9427025099051,389.9577678631184,620.7529603891821,74.37489549023121,140,2080,40134,448,6.4,0.0307368421052631,0.15469613259668508,0.567219152854512,0.15285451197053412,0.8268876611418048,0.29097605893186,0.45672191528545125,0.5009208103130756,0.8895027624309392,0.3812154696132597,0.283609576427256,0.17808219178082196,0.5239852398523985
17,"AV. MERIDIANA, 47 (D)","AV. MERIDIANA, 47 (D)",8013.0,42,801902013,el Fort Pienc,0.359026369168357,0.0100292990759522,0.0385395537525354,0.0002253775073247,0.0163398692810457,0.5816451810926949,0.5046040515653776,0.35320914106958157,0.24354243542435428,0.4545604768548361,45.46,39.41,Medio,330,6,3,373.3015119529854,81.38180005034849,3279.1299659335405,62.08886600571865,142,1079,37995,463,4.8,0.2472820512820512,0.22283609576427257,0.45119705340699817,0.30939226519337015,0.9834254143646409,0.9723756906077348,0.5506445672191529,0.5046040515653776,0.09023941068139964,0.27808471454880296,0.32044198895027626,0.7240704500978474,0.24354243542435428
338,"AV. JOSEP VICENÇ FOIX, 63","AV. JOSEP VICENÇ FOIX, 63",8034.0,36,801905006,Sarrià,0.0945617137625264,0.3139180494412462,0.6549271926854047,0.0004515182300485,0.0057568574331188,0.4178944137507674,0.2965009208103131,0.8734885916827944,0.10516605166051662,0.4545353306851229,45.45,39.23,Medio,331,6,2,120.51100790813152,1231.4339378374434,0.0,50.285747960756055,94,1715,98221,808,2.8,0.4125641025641026,0.22283609576427257,0.2955801104972376,0.8176795580110497,0.4530386740331491,0.05156537753222836,0.6666666666666667,0.2965009208103131,0.7486187845303868,0.9825046040515654,0.787292817679558,0.9755381604696673,0.10516605166051662
408,"C/ RAMON TRIAS FARGAS, 23","C/ RAMON TRIAS FARGAS, 23",8005.0,39,801910054,la Vila Olímpica del Poblenou,0.3833596629805161,0.0108327691266079,0.0671406003159557,0.0165876777251184,0.0546152110133152,0.5224063842848373,0.2292817679558011,0.3990811718617667,0.7601476014760148,0.45395510967548725,45.4,39.04,Medio,332,9,2,264.7761709925141,154.78245312524535,1918.2832446005664,126.11951275910992,79,942,63952,471,5.4,-0.1479736842105262,0.4539594843462247,0.2955801104972376,0.5340699815837937,0.9502762430939227,0.7329650092081031,0.1675874769797422,0.2292817679558011,0.01565377532228361,0.8738489871086557,0.3379373848987109,0.3688845401174168,0.7601476014760148
283,"C/ FULTON, 1","C/ FULTON, 1",8032.0,20,801907117,Horta,0.2924259488681157,0.1066561549724068,0.3406915193152382,0.0152044149115891,0.0299583286406126,0.439073050951504,0.3683241252302026,0.6161734655263755,0.35424354243542433,0.45293649688748455,45.29,38.86,Medio,333,11,3,122.72985247308657,3440.522993761901,0.0,50.71362763090769,108,2732,41495,811,6.0,0.1562432432432432,0.5902394106813996,0.45119705340699817,0.8121546961325967,0.06629834254143652,0.05156537753222836,0.6629834254143646,0.3683241252302026,0.9668508287292817,0.44751381215469616,0.7900552486187845,0.26027397260273977,0.35424354243542433
415,"RAMBLA DEL RAVAL, 13","RAMBLA DEL RAVAL, 13",8001.0,25,801901007,el Raval,0.5142992445597023,0.0095839440748675,0.0584056827150749,0.0,0.2230240162363287,0.43477593615715165,0.8397790055248618,0.2903305006252861,0.1162361623616236,0.4521343785467836,45.21,38.67,Medio,334,1,12,410.34935297613936,2029.287917235377,621.192672799539,19.45277243285929,297,1871,29286,417,7.4,0.3876666666666666,0.011970534069981584,0.8572744014732965,0.24493554327808476,0.2523020257826888,0.2937384898710866,0.9484346224677717,0.8397790055248618,0.8232044198895028,0.027624309392265192,0.24493554327808473,0.06555772994129161,0.1162361623616236
289,"C/ MÚRCIA, 64","C/ MÚRCIA, 64",8027.0,27,801909094,Navas,0.3939824932644164,0.0017171401810802,0.0691539182016859,0.0024976584452076,0.0287230721198876,0.4439840392879067,0.31860036832412525,0.5137495359908892,0.5885608856088561,0.45176602267084937,45.18,38.49,Medio,335,7,4,348.5655951484916,827.0038438391058,1641.5255408973926,128.2932546452671,98,1895,40084,604,5.6,-0.008076923076923,0.3029465930018416,0.567219152854512,0.3609576427255985,0.6151012891344383,0.6556169429097606,0.16206261510128916,0.31860036832412525,0.8351749539594844,0.3710865561694291,0.5248618784530387,0.3238747553816047,0.5885608856088561
448,"C/ RAMÓN TURRÓ, 160","C/ RAMÓN TURRÓ, 160",8005.0,27,801910057,el Poblenou,0.6876657161438791,0.0027014858171994,0.0128320576316974,0.1453174245835209,0.3639126519585772,0.3813689379987722,0.48250460405156537,0.36387774666363937,0.7029520295202952,0.45051752040641574,45.05,38.31,Medio,336,6,1,291.9139119167773,983.2577006426066,1675.5848468412617,118.91472599745664,136,1357,36549,504,5.2,-0.0938974358974358,0.22283609576427257,0.16482504604051565,0.48066298342541436,0.5543278084714549,0.6721915285451197,0.1933701657458563,0.48250460405156537,0.3462246777163904,0.24033149171270718,0.38950276243093923,0.4794520547945206,0.7029520295202952
249,"C/ ANTILLES, 8","C/ ANTILLES, 8",8027.0,27,801909057,la Sagrera,0.3696855046499876,0.0261585297102266,0.1259443003720825,0.0138685308377494,0.0499492614725448,0.48204419889502764,0.141804788213628,0.3993388545912575,0.974169741697417,0.45012684156909355,45.01,38.03,Medio,337,6,11,238.47842900729327,1742.390058840733,627.6935788348259,54.17019347764813,60,1616,39129,453,5.6,-0.4705135135135135,0.22283609576427257,0.8388581952117864,0.587476979742173,0.3149171270718232,0.30386740331491713,0.6243093922651934,0.141804788213628,0.6565377532228361,0.3250460405156538,0.2918968692449355,0.3238747553816047,0.974169741697417
353,C/ MUNNÉ  2-6,C/ MUNNÉ  2-6,8028.0,31,801903080,Sants - Badal,0.38868747315468,0.0674791243511622,0.1774994357932746,0.0590160234709997,0.1565109456104716,0.4964702271332106,0.5423572744014733,0.424544009687429,0.23062730627306272,0.4500839964598087,45.01,38.03,Medio,337,11,3,342.0673852567132,916.5440091074618,556.1087570505957,41.79294756483272,155,1440,37495,404,4.6,0.257576923076923,0.5902394106813996,0.45119705340699817,0.3683241252302025,0.570902394106814,0.2559852670349908,0.7421731123388582,0.5423572744014733,0.44567219152854515,0.26151012891344383,0.23756906077348067,0.7534246575342466,0.23062730627306272
277,"TRAVESSERA DE GRÀCIA, 328","TRAVESSERA DE GRÀCIA, 328",8025.0,27,801907003,el Baix Guinardó,0.2209522854684144,0.1770809835325964,0.4240920369952628,0.0,0.025265057523122,0.3420810313075507,0.6003683241252302,0.44513925679255284,0.455719557195572,0.44946318976642424,44.95,37.75,Medio,339,7,0,519.7557207694257,989.9061278882313,2175.279043703672,113.92795847699188,176,1255,45343,553,5.2,0.0763783783783783,0.3029465930018416,0.06261510128913444,0.11233885819521183,0.5506445672191529,0.8066298342541437,0.21731123388581952,0.6003683241252302,0.24585635359116023,0.5920810313075506,0.4631675874769797,0.4794520547945206,0.455719557195572
381,"C/ AGUSTÍ DURAN I SANPERE, 10","C/ AGUSTÍ DURAN I SANPERE, 10",8001.0,41,801901018,el Raval,0.412769764123601,0.0041133455210237,0.0230804387568555,0.0014853747714808,0.0269652650822669,0.33271945979128303,0.8867403314917127,0.193415215174089,0.4188191881918819,0.4493135758221818,44.93,37.57,Medio,340,1,20,422.2977519561697,1869.8550689227743,380.4059936267537,93.11491738747462,340,1448,30169,379,7.4,0.1053421052631579,0.011970534069981584,0.9493554327808471,0.21731123388581952,0.29097605893186007,0.19705340699815838,0.32965009208103135,0.8867403314917127,0.4594843462246777,0.04143646408839779,0.20718232044198895,0.06555772994129161,0.4188191881918819
281,"C/ D'ESCORNALBOU, 51","C/ D'ESCORNALBOU, 51",8041.0,24,801907036,el Guinardó,0.2925877885555305,0.1520415068802165,0.3657793819084142,0.0422964132641552,0.0746672682156553,0.40623081645181097,0.2826887661141805,0.3968935716267889,0.9114391143911439,0.44879223735204776,44.88,37.38,Medio,341,3,2,293.9595406117832,1811.986942419312,1252.6707538261608,37.199548521278594,92,1343,45873,457,5.5,-0.3404722222222222,0.058931860036832415,0.2955801104972376,0.47882136279926335,0.3001841620626151,0.5174953959484346,0.7863720073664825,0.2826887661141805,0.3278084714548803,0.6114180478821363,0.3029465930018416,0.3454011741682974,0.9114391143911439
241,"C/ TEODOR LLORENTE, 1","C/ TEODOR LLORENTE, 1",8041.0,33,801907042,el Guinardó,0.3326607672033539,0.0823569175304191,0.2415502478593961,0.0134069400630914,0.0456286615592609,0.5010742786985881,0.496316758747698,0.3681182493431793,0.37822878228782286,0.4482190669103986,44.82,37.2,Medio,342,11,3,438.9263193516018,1661.5810679997255,1715.1910125539994,40.788346745490365,139,1431,39056,499,5.5,0.1316315789473684,0.5902394106813996,0.45119705340699817,0.1952117863720073,0.32780847145488035,0.6850828729281768,0.7569060773480663,0.496316758747698,0.43278084714548803,0.31860036832412525,0.3756906077348066,0.3454011741682974,0.37822878228782286
410,PG.DE COLOM (LES RAMBLES),PG.DE COLOM (LES RAMBLES),8039.0,38,801901030,el Barri Gòtic,0.5308896113141285,0.0235572587917042,0.0813796212804328,0.073151487826871,0.2028854824165915,0.5348373235113567,0.3296500920810313,0.6636821420462531,0.06457564575645758,0.44521246862426456,44.52,37.02,Medio,343,7,3,245.150306797208,1660.164318228043,1835.307300674481,31.71341839464141,101,2409,31201,839,4.3,0.495258064516129,0.3029465930018416,0.45119705340699817,0.569060773480663,0.32965009208103135,0.7182320441988951,0.8379373848987108,0.3296500920810313,0.9392265193370166,0.09944751381215469,0.8342541436464088,0.7818003913894325,0.06457564575645758
157,"C/ LLULL, 465","C/ LLULL, 465",8019.0,33,801910081,el Besòs i el Maresme,0.691359043952982,0.0,0.0,0.1317970257690998,0.3529344988080372,0.6243093922651933,0.09760589318600368,0.38719217725688626,0.6992619926199262,0.44459710379652906,44.46,36.83,Medio,344,10,2,185.88753056085264,230.32651595632328,2128.4681490042035,62.32637840076526,52,2080,33850,444,6.3,-0.0919210526315789,0.5202578268876611,0.2955801104972376,0.6887661141804788,0.9042357274401474,0.7900552486187845,0.5469613259668509,0.09760589318600368,0.8895027624309392,0.18139963167587478,0.27532228360957645,0.20254403131115462,0.6992619926199262
361,PG. DE COLOM (LES RAMBLES),PG. DE COLOM (LES RAMBLES),8039.0,33,801901030,el Barri Gòtic,0.5880495091762697,0.016,0.0419154929577464,0.0422535211267605,0.1710422535211267,0.5385205647636587,0.3250460405156538,0.6636821420462531,0.047970479704797064,0.44285981526347684,44.29,36.65,Medio,345,7,3,252.66642251148576,1647.3891308594768,1830.0628784804,29.52994381206552,100,2409,31201,839,4.3,0.5488387096774193,0.3029465930018416,0.45119705340699817,0.5561694290976059,0.33333333333333337,0.714548802946593,0.8729281767955801,0.3250460405156538,0.9392265193370166,0.09944751381215469,0.8342541436464088,0.7818003913894325,0.047970479704797064
178,"PG. DE GARCIA FÀRIA, 85","PG. DE GARCIA FÀRIA, 85",8019.0,27,801910080,Diagonal Mar i el Front Marítim del Poblenou,0.6367057606214979,0.0033795201081446,0.0144192857947504,0.1351808043257857,0.307648980511434,0.2605893186003683,0.14917127071823205,0.7099898008094481,0.9095940959409594,0.4424356437831928,44.24,36.46,Medio,346,4,0,656.7889362405151,567.911444854426,1300.1917778680331,155.37664491411485,62,2258,72348,1080,7.4,-0.3404324324324324,0.09392265193370165,0.06261510128913444,0.047882136279926324,0.7366482504604052,0.5359116022099447,0.0865561694290976,0.14917127071823205,0.9106813996316758,0.921731123388582,0.9419889502762431,0.06555772994129161,0.9095940959409594
399,"C/ PAVIA, 3","C/ PAVIA, 3",8028.0,27,801903097,Sants,0.5213031952702307,0.0416572589749379,0.1204560848950101,0.0488823662226236,0.1744186046511628,0.42587476979742167,0.6390423572744015,0.43766555664875506,0.15498154981549817,0.4414803803822115,44.15,36.28,Medio,347,8,8,71.77719825473582,1704.5141564504395,167.26838877283149,189.4406933946968,189,1564,30181,482,4.6,0.3425833333333333,0.39042357274401474,0.7780847145488029,0.8913443830570902,0.3222836095764272,0.13627992633517497,0.036832412523020275,0.6390423572744015,0.5939226519337016,0.04419889502762431,0.35911602209944754,0.7534246575342466,0.15498154981549817
40,"C/ DOCTOR AIGUADER, 2","C/ DOCTOR AIGUADER, 2",8039.0,18,801901042,la Barceloneta,0.6109610454573876,0.0004501969611705,0.0094541361845807,0.0727068092290377,0.374563871693866,0.6008287292817679,0.4889502762430939,0.28894928515567275,0.2398523985239852,0.4407428053769082,44.07,36.1,Medio,348,14,2,141.72878220322596,710.4184149803375,1440.8089200774596,63.67955925249641,138,1628,33251,421,7.4,0.250974358974359,0.7532228360957642,0.2955801104972376,0.7679558011049724,0.6648250460405156,0.5893186003683242,0.5340699815837937,0.4889502762430939,0.6721915285451197,0.16574585635359115,0.2523020257826888,0.06555772994129161,0.2398523985239852
177,"C/ ROSSELLÓ, 557","C/ ROSSELLÓ, 557",8026.0,37,801910013,el Camp de l'Arpa del Clot,0.3783296974786336,0.0711471349769222,0.1838342902172689,0.0273556231003039,0.0674321738151525,0.5122774708410067,0.5193370165745856,0.3225507526858469,0.33394833948339486,0.4398613080319697,43.99,35.91,Medio,349,8,9,400.2152568980583,1008.8264640981776,2591.1515777913246,126.45578675846936,145,1306,39547,484,5.9,0.1669459459459459,0.39042357274401474,0.8066298342541437,0.2578268876611418,0.5451197053406998,0.9079189686924494,0.16574585635359118,0.5193370165745856,0.3001841620626151,0.3416206261510129,0.36464088397790057,0.28375733855185914,0.33394833948339486
335,"C/ SANTA AMÈLIA, 2","C/ SANTA AMÈLIA, 2",8034.0,27,801905017,Sarrià,0.1479504758598744,0.1769070554543087,0.5304608174954439,0.0,0.0,0.281767955801105,0.22467771639042358,0.7940687021800319,0.5710332103321033,0.4389603707228161,43.9,35.73,Medio,350,4,0,584.1476375933527,678.1663598397829,0.0,44.19659165551189,78,1444,98221,791,2.8,0.0044736842105263,0.09392265193370165,0.06261510128913444,0.0865561694290976,0.6758747697974217,0.05156537753222836,0.7200736648250461,0.22467771639042358,0.4521178637200737,0.9825046040515654,0.7661141804788214,0.9755381604696673,0.5710332103321033
41,PL. POETA BOSCÀ | C/ ATLÀNTIDA,PL. POETA BOSCÀ | C/ ATLÀNTIDA,8003.0,25,801901039,la Barceloneta,0.7616230838593328,0.0005635707844905,0.0033814247069431,0.1359332732191163,0.5394499549143372,0.3132289748311848,0.6233885819521179,0.16602110836009268,0.8782287822878229,0.4387168811121407,43.87,35.54,Medio,351,8,1,479.7475559743336,935.3289507097462,663.4743561583208,99.3647425562121,183,1253,31406,402,7.4,-0.2749999999999999,0.39042357274401474,0.16482504604051565,0.14548802946592998,0.56353591160221,0.31860036832412525,0.2965009208103131,0.6233885819521179,0.2430939226519337,0.11970534069981584,0.23572744014732966,0.06555772994129161,0.8782287822878229
318,"C/ CASTILLEJOS, 388","C/ CASTILLEJOS, 388",8025.0,32,801907012,el Baix Guinardó,0.1534616469261139,0.1561195713479977,0.4450084602368866,0.0,0.0,0.3515960712093309,0.5101289134438306,0.4218887963873963,0.5479704797047971,0.4382586243367921,43.83,35.36,Medio,352,7,5,425.8351295105077,1391.2708864584208,827.9658077477014,120.60571872070884,143,1479,37594,527,5.2,0.0142,0.3029465930018416,0.6464088397790055,0.2154696132596685,0.39594843462246776,0.36279926335174956,0.18600368324125227,0.5101289134438306,0.5046040515653776,0.26703499079189685,0.43646408839779005,0.4794520547945206,0.5479704797047971
498,"C/ ESTEVE TERRADAS, 42","C/ ESTEVE TERRADAS, 42",8023.0,26,801906006,Vallcarca i els Penitents,0.2268555537786307,0.1852621852621852,0.4625779625779626,0.0,0.0115500115500115,0.4413750767341928,0.43830570902394106,0.4618489907126099,0.3726937269372693,0.4354240108316956,43.54,35.17,Medio,353,12,6,382.8947035121794,2483.1878083100746,951.8709487824088,73.21866267800516,125,977,62157,448,4.9,0.1376944444444444,0.6482504604051565,0.6942909760589319,0.2928176795580111,0.16206261510128916,0.3885819521178637,0.4622467771639043,0.43830570902394106,0.03038674033149171,0.8572744014732965,0.283609576427256,0.6761252446183953,0.3726937269372693
451,"C/ PALLARS, 504","C/ PALLARS, 504",8019.0,24,801910091,el Besòs i el Maresme,0.6594737039537849,0.0014629754670267,0.0060769750168804,0.12525320729237,0.275827143821742,0.5966850828729281,0.09023941068139964,0.3434536873857997,0.7859778597785978,0.4351597324891143,43.52,34.99,Medio,354,10,2,141.4705111321678,367.4432284794133,729.0953383510716,34.0509728061699,51,1874,34764,345,6.3,-0.174325,0.5202578268876611,0.2955801104972376,0.7716390423572744,0.8416206261510129,0.3314917127071823,0.8195211786372008,0.09023941068139964,0.8250460405156538,0.18968692449355432,0.15653775322283608,0.20254403131115462,0.7859778597785978
452,"GRAN VIA DE LES CORTS CATALANES, 1157 (D)","GRAN VIA DE LES CORTS CATALANES, 1157 (D)",8020.0,54,801910088,el Besòs i el Maresme,0.3891523162487944,0.0032121142594929,0.0184696569920844,0.0008030285648732,0.0026385224274406,0.5581645181092695,0.14917127071823205,0.28452182734896725,0.8708487084870848,0.43440816212810685,43.44,34.81,Medio,355,12,1,106.54201409527404,71.01036285532395,849.0629069271911,91.7652114813982,62,1605,36128,231,6.3,-0.2702368421052632,0.6482504604051565,0.16482504604051565,0.8416206261510129,0.992633517495396,0.3683241252302026,0.33333333333333337,0.14917127071823205,0.6482504604051565,0.2302025782688766,0.0570902394106814,0.20254403131115462,0.8708487084870848
343,CAMPANA DE LA MAQUINISTA (SAO PAULO I P,CAMPANA DE LA MAQUINISTA (SAO PAULO I PL. DE,8030.0,27,801909008,el Bon Pastor,0.5923290284523764,0.0160397605331526,0.0304981362250084,0.0920591889754885,0.2288489777476561,0.2902087170042971,0.2716390423572744,0.6826132632724625,0.6254612546125462,0.4339553155508201,43.4,34.62,Medio,356,7,0,539.8344663578027,2252.019173339902,583.6607773576927,35.487704144167296,90,1857,53554,559,4.9,-0.0389473684210526,0.3029465930018416,0.06261510128913444,0.10497237569060769,0.20626151012891347,0.26519337016574585,0.7992633517495396,0.2716390423572744,0.8167587476979742,0.7651933701657458,0.4723756906077348,0.6761252446183953,0.6254612546125462
167,"C/ BAC DE RODA, 11","C/ BAC DE RODA, 11",8005.0,20,801910078,Diagonal Mar i el Front Marítim del Poblenou,0.6946911632100992,0.0036068530207394,0.0208521190261496,0.1207168620378719,0.3624887285843102,0.34468999386126464,0.06445672191528545,0.6931850125958201,0.8136531365313653,0.4320999019589238,43.21,34.35,Medio,357,6,0,620.2499885982164,752.4509143771838,1610.576121869958,79.4723929399409,45,2379,60819,1060,7.4,-0.1999230769230769,0.22283609576427257,0.06261510128913444,0.07182320441988954,0.6482504604051565,0.6464088397790055,0.41620626151012896,0.06445672191528545,0.9263351749539595,0.848987108655617,0.9318600368324125,0.06555772994129161,0.8136531365313653
504,"C/ MASSENS, 76","C/ MASSENS, 76",8024.0,28,801906028,la Vila de Gràcia,0.1876076216224915,0.2432127971161428,0.4896924636701588,0.0036048214486876,0.0190379632758814,0.20948434622467774,0.44751381215469616,0.4087843682087987,0.9649446494464945,0.4321357636864851,43.21,34.35,Medio,357,7,0,597.8989364432881,1543.0710919144783,48.76468478494459,90.7422097368042,127,1261,38837,580,5.1,-0.4348378378378379,0.3029465930018416,0.06261510128913444,0.07550644567219156,0.3664825046040515,0.11233885819521179,0.3370165745856354,0.44751381215469616,0.2559852670349908,0.30939226519337015,0.4953959484346225,0.5743639921722113,0.9649446494464945
323,"C/ VALLMAJOR, 13","C/ VALLMAJOR, 13",8021.0,27,801905052,Sant Gervasi - Galvany,0.1192919996465048,0.1698670605612998,0.6332234973298488,0.0003408703556414,0.0006817407112828,0.5052179251074278,0.04419889502762431,0.729510619051223,0.4114391143911439,0.43196951946598316,43.2,34.07,Medio,359,5,3,215.0059666845311,757.936033042412,1523.9350729645876,65.67057299670869,40,1372,98221,658,3.2,0.1115833333333333,0.15469613259668508,0.45119705340699817,0.6372007366482504,0.6445672191528545,0.6224677716390423,0.5211786372007366,0.04419889502762431,0.35911602209944754,0.9825046040515654,0.6233885819521179,0.9530332681017613,0.4114391143911439
228,"PL. DEL NORD, 5","PL. DEL NORD, 5",8024.0,21,801906033,la Vila de Gràcia,0.1245433642771187,0.2738041516245487,0.6394404332129964,0.0,0.0152301444043321,0.2707182320441989,0.785451197053407,0.43825029822721484,0.1974169741697417,0.4302893011610863,43.03,33.89,Medio,360,7,2,463.8990238983226,1344.4296184182033,0.0,81.17447561285138,252,1200,43374,548,5.1,0.2931538461538461,0.3029465930018416,0.2955801104972376,0.1675874769797422,0.4106813996316758,0.05156537753222836,0.39594843462246776,0.785451197053407,0.1878453038674033,0.5322283609576427,0.4585635359116022,0.5743639921722113,0.1974169741697417
581,"AV. JORDÀ, 18","AV. JORDÀ, 18",8035.0,28,801907093,Sant Genís dels Agudells,0.1722217748429698,0.2356257046223224,0.4613303269447576,0.0,0.0,0.3720073664825046,0.4843462246777164,0.34570165385460927,0.6125461254612545,0.42959646672114615,42.96,33.7,Medio,361,5,6,350.2314921797063,3855.163928610229,0.0,20.97437728584878,137,1620,35958,359,5.6,-0.0237297297297297,0.15469613259668508,0.6942909760589319,0.35359116022099446,0.03499079189686927,0.05156537753222836,0.9429097605893186,0.4843462246777164,0.6685082872928176,0.22099447513812154,0.1694290976058932,0.3238747553816047,0.6125461254612545
127,"C/ ARAGÓ, 659 / NAVAS DE TOLOSA","C/ ARAGÓ, 659 /NAVAS DE TOLOSA",8026.0,27,801910031,el Clot,0.3642184132711872,0.0262742444745151,0.1291159224176815,0.0108254397834912,0.0479251240414975,0.5484960098219767,0.5156537753222836,0.32093933463796476,0.18634686346863472,0.4290739104480491,42.91,33.52,Medio,362,7,14,384.6900287972962,497.94247022627246,2193.769165536506,113.16602762832908,144,1456,37159,445,5.9,0.3047428571428571,0.3029465930018416,0.8885819521178637,0.29097605893186007,0.7716390423572744,0.8139963167587477,0.22283609576427255,0.5156537753222836,0.4732965009208103,0.24677716390423574,0.27992633517495397,0.28375733855185914,0.18634686346863472
49,"C/ ROSA SENSAT, 20","C/ ROSA SENSAT, 20",8005.0,21,801910053,la Vila Olímpica del Poblenou,0.6438112438789716,0.002596229822779,0.0469578959250479,0.0945930691951687,0.2875042329834067,0.33778391651319833,0.2826887661141805,0.7397809876997041,0.3671586715867159,0.42891560997109796,42.89,33.24,Medio,363,7,0,573.7235472665176,545.3853031969915,985.0866746123728,77.3275857490642,92,1693,84079,958,5.4,0.1438918918918919,0.3029465930018416,0.06261510128913444,0.09023941068139962,0.7440147329650092,0.3996316758747698,0.427255985267035,0.2826887661141805,0.7375690607734806,0.9465930018416207,0.9060773480662984,0.3688845401174168,0.3671586715867159
356,"C/ CAMÈLIES, 73","C/ CAMÈLIES, 73",8024.0,35,801907019,el Baix Guinardó,0.2133417101617372,0.2062471808750564,0.4070816418583671,0.0051871898962562,0.0154488046910239,0.5234806629834254,0.4189686924493554,0.46286485531925636,0.16789667896678961,0.4288611208313703,42.89,33.24,Medio,363,11,3,252.07871599345447,1701.9995047025957,1198.7044188008028,42.95990084312432,120,1420,42863,538,5.2,0.3266315789473684,0.5902394106813996,0.45119705340699817,0.5598526703499079,0.3241252302025782,0.4861878453038674,0.7292817679558011,0.4189686924493554,0.42173112338858193,0.5027624309392266,0.44751381215469616,0.4794520547945206,0.16789667896678961
227,"C/ DEL TORRENT DE LES FLORS, 102","C/ DEL TORRENT DE LES FLORS, 102",8024.0,18,801906030,la Vila de Gràcia,0.2351901969628627,0.2229364005412719,0.4989851150202977,0.0480378890392422,0.1377988272440234,0.3307243707796194,0.6325966850828729,0.4133884197741763,0.34317343173431736,0.4287258207472767,42.87,32.97,Medio,365,4,2,414.5718496242576,1273.724412021114,0.0,29.68621520314441,186,1259,38630,604,5.1,0.162051282051282,0.09392265193370165,0.2955801104972376,0.2357274401473296,0.44014732965009207,0.05156537753222836,0.8674033149171271,0.6325966850828729,0.2504604051565378,0.30386740331491713,0.5248618784530387,0.5743639921722113,0.34317343173431736
340,"C/ SANT ADRIÀ, 113","C/ SANT ADRIÀ, 113",8030.0,24,801909010,el Bon Pastor,0.5775350896945133,0.0032650303985588,0.0306237333933798,0.1078585904075658,0.2175185768970952,0.4320135052179251,0.16482504604051565,0.40429834614539073,0.8948339483394834,0.4277106671236729,42.77,32.78,Medio,366,6,1,15.012768718465294,1829.4979443510376,73.96687811243841,35.74221530498424,67,1735,32710,189,4.9,-0.2950277777777778,0.22283609576427257,0.16482504604051565,0.998158379373849,0.2965009208103131,0.1141804788213628,0.7955801104972375,0.16482504604051565,0.7559852670349908,0.1574585635359116,0.027624309392265192,0.6761252446183953,0.8948339483394834
288,PL. VIRREI AMAT,PL. VIRREI AMAT,8016.0,32,801908013,Vilapicina i la Torre Llobeta,0.2955259524346258,0.064697926059513,0.1931920649233543,0.0014652840396753,0.0145401262398557,0.6140270104358502,0.30386740331491713,0.15159267748573735,0.6549815498154982,0.4270217063250359,42.7,32.6,Medio,367,13,8,39.424656530536566,2821.672131628285,1199.9983171424176,54.524329265907966,95,1096,37533,275,6.6,-0.0587567567567567,0.7053406998158379,0.7780847145488029,0.9650092081031307,0.1270718232044199,0.4880294659300184,0.6206261510128914,0.30386740331491713,0.10405156537753223,0.26335174953959484,0.09023941068139964,0.1487279843444227,0.6549815498154982
251,"C/ CARDENAL TEDESCHINI, 13","C/ CARDENAL TEDESCHINI, 13",8027.0,33,801909070,la Sagrera,0.2585872231262302,0.0592142294269953,0.2051108859619498,0.0002251491613193,0.0009005966452774,0.45948434622467776,0.15653775322283608,0.30633701297063143,1.0,0.4265382127270041,42.65,32.41,Medio,368,7,13,296.5186628305571,1881.4914626134755,882.2521558797713,76.31432662067843,64,1655,29201,364,5.6,-1.063263157894737,0.3029465930018416,0.8738489871086557,0.4732965009208103,0.28360957642725604,0.37937384898710863,0.4438305709023941,0.15653775322283608,0.7007366482504604,0.02578268876611418,0.17495395948434622,0.3238747553816047,1.0
246," C/ GARCILASO, 56","C/ GARCILASO, 56",8027.0,18,801909057,la Sagrera,0.3915492770395201,0.0590207111217526,0.2163294624685741,0.0366335448341913,0.1113372441039147,0.6348987108655617,0.36095764272559855,0.3993388545912575,0.09409594095940954,0.42640306427607205,42.64,32.23,Medio,369,16,16,85.2156367195927,1523.0850218417804,1135.934086221978,82.03110879830503,107,1616,39129,453,5.6,0.4469722222222222,0.8029465930018416,0.9125230202578268,0.8766114180478821,0.37384898710865566,0.4604051565377532,0.3830570902394107,0.36095764272559855,0.6565377532228361,0.3250460405156538,0.2918968692449355,0.3238747553816047,0.09409594095940954
87,"C/ ROCAFORT, 187","C/ ROCAFORT, 187",8029.0,25,801902128,la Nova Esquerra de l'Eixample,0.3049465270741867,0.0876955983338962,0.2908927164246313,0.0261173027130473,0.0686704942024091,0.4034683855125844,0.570902394106814,0.4468858231251329,0.20295202952029523,0.4261037936654355,42.61,32.04,Medio,370,6,1,256.0851442216991,1067.6294739645125,2490.089198939231,159.32049220401467,167,1246,42814,500,4.9,0.2887631578947368,0.22283609576427257,0.16482504604051565,0.5488029465930018,0.5248618784530387,0.8802946593001841,0.07918968692449357,0.570902394106814,0.23664825046040516,0.4972375690607735,0.3775322283609576,0.6761252446183953,0.20295202952029523
39,PL. PAU VILA (D),PL. PAU VILA (D),8039.0,44,801901032,la Barceloneta,0.7970874283374284,0.0,0.0043918918918918,0.1986486486486486,0.4439189189189189,0.5108962553713935,0.5570902394106814,0.35616843801018483,0.12361623616236161,0.4256707941595585,42.57,31.77,Medio,371,14,2,145.5673811734999,854.1470194018245,1224.817630676314,132.90367765484518,160,1637,30477,656,7.4,0.3773428571428571,0.7532228360957642,0.2955801104972376,0.7605893186003683,0.6022099447513812,0.5082872928176796,0.14548802946592998,0.5570902394106814,0.6795580110497238,0.06353591160220995,0.6160220994475138,0.06555772994129161,0.12361623616236161
247,"C/ FELIPE II, 112","C/ FELIPE II, 112",8027.0,32,801909068,la Sagrera,0.3848948953174246,0.0389464205312922,0.124606033318325,0.0100180099054479,0.0488518685276902,0.6655923879680786,0.3296500920810313,0.37470717871648773,0.11070110701107017,0.42565181953986775,42.57,31.77,Medio,371,26,18,159.94391853213125,1598.27232524623,1895.221837307984,87.52149574150417,101,1455,41418,431,5.6,0.3993142857142857,0.8996316758747698,0.9318600368324125,0.7329650092081031,0.3443830570902394,0.7274401473296501,0.3572744014732965,0.3296500920810313,0.4714548802946593,0.4419889502762431,0.26151012891344383,0.3238747553816047,0.11070110701107017
392,"C/ RAMON TURRÓ, 4","C/ RAMON TURRÓ, 4",8005.0,19,801910054,la Vila Olímpica del Poblenou,0.5071397122695955,0.014243725977843,0.0717838571105584,0.1340718969025548,0.2893963373276057,0.4964702271332106,0.3406998158379374,0.3990811718617667,0.4280442804428044,0.4229164684879704,42.29,31.49,Medio,373,5,2,472.3484334306195,176.35191480519086,1633.506129755721,39.18258711085672,104,942,63952,471,5.4,0.1001315789473683,0.15469613259668508,0.2955801104972376,0.15653775322283614,0.9447513812154696,0.6519337016574586,0.7753222836095764,0.3406998158379374,0.01565377532228361,0.8738489871086557,0.3379373848987109,0.3688845401174168,0.4280442804428044
134,"C/ BAC DE RODA, 157","C/ BAC DE RODA, 157",8018.0,21,801910100,Provençals del Poblenou,0.5189591844485315,0.013672097527629,0.0773612851771676,0.1106300558277315,0.2451862823288139,0.34975445058317983,0.35082872928176795,0.33263416620716246,0.8597785977859779,0.42224657124424214,42.22,31.31,Medio,374,4,2,493.9233854722227,66.69628665870123,624.57331039623,100.39335056143952,105,1598,36058,444,6.3,-0.2563846153846154,0.09392265193370165,0.2955801104972376,0.1289134438305709,0.994475138121547,0.2983425414364641,0.28729281767955805,0.35082872928176795,0.6279926335174953,0.22467771639042358,0.27532228360957645,0.20254403131115462,0.8597785977859779
212,"AV. SARRIÀ, 163","AV. SARRIÀ, 163",8017.0,24,801904024,les Corts,0.2919108531500056,0.1076298884255606,0.3505015214696269,0.0033810436154626,0.0420376422855854,0.42955801104972374,0.09023941068139964,0.49073648607251885,0.8321033210332103,0.4204047762108645,42.04,31.12,Medio,375,10,0,611.7255833871427,330.360393342985,469.3197502133685,32.87947634717641,51,984,97678,501,5.1,-0.2224210526315789,0.5202578268876611,0.06261510128913444,0.07366482504604055,0.856353591160221,0.23572744014732966,0.8287292817679558,0.09023941068139964,0.0432780847145488,0.9622467771639043,0.3830570902394107,0.5743639921722113,0.8321033210332103
136,"GRAN VIA DE LES CORTS CATALANES,  1062","GRAN VIA DE LES CORTS CATALANES,  1062",8020.0,31,801910104,Provençals del Poblenou,0.4071938725338442,0.0071130179519024,0.0410974370554363,0.0147905611380828,0.043694253133115,0.3842848373235113,0.496316758747698,0.37775387154786233,0.44280442804428044,0.4194380148437611,41.94,30.94,Medio,376,5,0,564.3209165714843,374.31951992335206,616.9709004582952,29.56627758476362,139,1519,46201,338,6.3,0.0841578947368421,0.15469613259668508,0.06261510128913444,0.09208103130755063,0.8397790055248618,0.285451197053407,0.8710865561694291,0.496316758747698,0.5368324125230203,0.6261510128913443,0.14548802946593,0.20254403131115462,0.44280442804428044
139,"GRAN VIA DE LES CORTS CATALANES,  1131","GRAN VIA DE LES CORTS CATALANES,  1131",8020.0,35,801910124,la Verneda i la Pau,0.349155544106519,0.0152146962695818,0.0661557534092189,0.0,0.0,0.43186003683241253,0.36095764272559855,0.18026979201579973,0.8819188191881919,0.4187456944549228,41.87,30.76,Medio,377,6,3,390.8227079543884,229.4535011308302,1029.6158421116602,93.69331087551616,107,1071,40251,173,6.2,-0.2761842105263157,0.22283609576427257,0.45119705340699817,0.2744014732965009,0.9060773480662984,0.4162062615101289,0.3204419889502762,0.36095764272559855,0.08379373848987108,0.3867403314917127,0.014732965009208104,0.235812133072407,0.8819188191881919
290,"PL. DELS JARDINS D'ALFÀBIA, 1","PL. DELS JARDINS D'ALFÀBIA, 1",8016.0,17,801908033,Porta,0.1425316438927783,0.2347708591374845,0.6004954397027362,0.0005629996622002,0.0016889989866006,0.5408225905463474,0.18047882136279927,0.2247871865010289,0.8505535055350554,0.4181874344874369,41.82,30.57,Medio,378,16,3,70.6527673696254,3450.7573467306447,860.3509020776868,50.71913866398669,70,1418,31357,241,5.7,-0.2462857142857142,0.8029465930018416,0.45119705340699817,0.8931860036832413,0.0644567219152854,0.3720073664825046,0.6611418047882136,0.18047882136279927,0.4125230202578269,0.11786372007366483,0.06445672191528545,0.30430528375733856,0.8505535055350554
46,"C/ VILLENA, 1","C/ VILLENA, 1",8005.0,54,801910054,la Vila Olímpica del Poblenou,0.2395022140784853,0.0123683005038937,0.0258818140174072,0.0011452130096197,0.0017178195144296,0.5426642111724985,0.19152854511970535,0.3990811718617667,0.5313653136531366,0.41728970020371303,41.73,30.29,Medio,379,9,2,225.6556490122609,110.02231497452824,1960.893326116558,122.67190289202163,73,942,63952,471,5.4,0.0268947368421052,0.4539594843462247,0.2955801104972376,0.6132596685082873,0.9686924493554327,0.7458563535911602,0.17863720073664824,0.19152854511970535,0.01565377532228361,0.8738489871086557,0.3379373848987109,0.3688845401174168,0.5313653136531366
440,"C/ SELVA DE MAR, 230","C/ SELVA DE MAR, 230",8020.0,27,801910119,Sant Martí de Provençals,0.5031400058457555,0.0095828635851183,0.0517474633596392,0.0188275084554678,0.1005636978579481,0.5119705340699815,0.4723756906077348,0.1115094982214486,0.6143911439114391,0.41731965571850527,41.73,30.29,Medio,379,5,4,297.5046988817741,603.8985336750147,1396.0555569185638,57.34043868012024,133,1071,31682,224,6.4,-0.0261578947368421,0.15469613259668508,0.567219152854512,0.4696132596685083,0.721915285451197,0.56353591160221,0.5948434622467771,0.4723756906077348,0.08379373848987108,0.1289134438305709,0.055248618784530384,0.17808219178082196,0.6143911439114391
57,"LA RAMBLA, 1","LA RAMBLA, 1",8002.0,37,801901001,el Raval,0.7354401847518244,0.0,0.0,0.0001137785868699,0.1214017521902378,0.5827194597912829,0.4530386740331492,0.15220895366396012,0.39852398523985244,0.41504231563720423,41.5,30.02,Medio,381,11,3,105.33958005684484,1768.4489583671434,2250.5594961976444,72.0025236754625,128,1272,30768,375,7.4,0.1232105263157894,0.5902394106813996,0.45119705340699817,0.843462246777164,0.30755064456721914,0.8268876611418048,0.47697974217311234,0.4530386740331492,0.26335174953959484,0.08287292817679558,0.19705340699815838,0.06555772994129161,0.39852398523985244
131,"RBLA. GUIPÚSCOA, 158","RBLA. GUIPÚSCOA, 158",8020.0,29,801910140,la Verneda i la Pau,0.4901605365709761,0.0139576767221972,0.064948221521837,0.0211616389013957,0.1063710040522287,0.6922958870472682,0.11141804788213629,0.24587752682242958,0.5461254612546125,0.41354627333087723,41.35,29.83,Medio,382,8,2,61.986228177403184,423.94634665158,2279.350136400646,26.005641749597537,56,1531,32579,213,6.2,0.0146285714285714,0.39042357274401474,0.2955801104972376,0.9171270718232044,0.8158379373848987,0.8342541436464088,0.9005524861878453,0.11141804788213629,0.5469613259668509,0.15469613259668508,0.04604051565377532,0.235812133072407,0.5461254612546125
197,"C/ GELABERT, 1","C/ GELABERT, 1",8029.0,27,801904017,les Corts,0.1498432261593122,0.1320031563521587,0.4342238755495434,0.0,0.0001127268628114,0.42480049109883367,0.5524861878453039,0.45988934058448927,0.07564575645756455,0.41312091746067475,41.31,29.65,Medio,383,10,1,480.36870448207753,531.7445452361949,2239.2246002068,132.8317105114816,158,1116,53313,501,5.1,0.4763611111111111,0.5202578268876611,0.16482504604051565,0.14364640883977897,0.7495395948434622,0.8232044198895028,0.147329650092081,0.5524861878453039,0.12338858195211787,0.7587476979742173,0.3830570902394107,0.5743639921722113,0.07564575645756455
275,"AV. RIO DE JANEIRO, 3","AV. RIO DE JANEIRO, 3",8016.0,32,801908020,Porta,0.1455210211902615,0.076307484220018,0.2986925157799819,0.0,0.0,0.6309085328422345,0.39686924493554326,0.2298516432229442,0.2324723247232472,0.41236905724289097,41.24,29.47,Medio,384,27,7,75.64250090847592,2455.92378609172,979.8647555975036,49.25922808982016,112,1279,35100,331,5.7,0.2568648648648649,0.9106813996316758,0.7366482504604052,0.8858195211786372,0.1694290976058932,0.39779005524861877,0.6850828729281768,0.39686924493554326,0.27255985267034993,0.2007366482504604,0.141804788213628,0.30430528375733856,0.2324723247232472
293,"C/ GRANOLLERS, 1","C/ GRANOLLERS, 1",8032.0,24,801907122,Horta,0.2048385565052231,0.1849572649572649,0.4414814814814815,0.0033048433048433,0.0177777777777777,0.42065684468999387,0.40699815837937386,0.20871490199046394,0.7398523985239853,0.4121360205125551,41.21,29.28,Medio,385,10,4,272.90987475038776,3259.2254549480526,0.0,37.223453285057154,113,1183,37457,315,6.0,-0.1215,0.5202578268876611,0.567219152854512,0.5156537753222836,0.0847145488029466,0.05156537753222836,0.7845303867403315,0.40699815837937386,0.18232044198895028,0.2596685082872928,0.13259668508287292,0.26027397260273977,0.7398523985239853
272,"C/ CONCEPCIÓ ARENAL, 281","C/ CONCEPCIÓ ARENAL, 281",8033.0,26,801909048,Sant Andreu,0.3648257577070373,0.0339040324397386,0.1549898625816625,0.0064203649470601,0.0473079522414958,0.49984653161448733,0.1869244935543278,0.24677716390423574,0.8542435424354243,0.41150823179502505,41.15,29.1,Medio,386,26,7,212.6327230956533,2469.959409925524,504.273112702226,97.59979387336074,71,1280,39061,338,,-0.2476923076923076,0.8996316758747698,0.7366482504604052,0.6464088397790055,0.1675874769797422,0.2430939226519337,0.30570902394106814,0.1869244935543278,0.27440147329650094,0.32044198895027626,0.14548802946593,,0.8542435424354243
170,"AV. LITORAL, 40 (D)","AV. LITORAL, 40 (D)",8005.0,54,801910055,la Vila Olímpica del Poblenou,0.4546443681509224,0.0016385767790262,0.0211844569288389,0.0097144194756554,0.0559456928838951,0.256292203806016,0.19152854511970535,0.811143786963056,0.4723247232472325,0.4112190628398808,41.12,28.91,Medio,387,6,0,670.3185488831016,708.8867342666681,655.8264888111187,110.23993275562192,73,2580,73872,1381,5.4,0.063972972972973,0.22283609576427257,0.06261510128913444,0.0423572744014733,0.6666666666666667,0.31307550644567217,0.23020257826887658,0.19152854511970535,0.9585635359116023,0.929097605893186,0.9880294659300184,0.3688845401174168,0.4723247232472325
182,"C/ SANT PERE D´ABANTO, 2","C/ SANT PERE D´ABANTO, 2",8014.0,33,801903055,Hostafrancs,0.4002844327754075,0.0311371841155234,0.1067238267148014,0.0524593862815884,0.1013086642599278,0.47790055248618785,0.3747697974217311,0.40623502106511267,0.31549815498154976,0.40984112123910915,40.98,28.73,Medio,388,23,3,429.0685081863947,2203.709948874073,1520.334708426984,70.3967938474303,109,1499,37423,485,5.2,0.1809166666666666,0.8802946593001841,0.45119705340699817,0.20810313075506448,0.21915285451197053,0.6187845303867403,0.4898710865561694,0.3747697974217311,0.5193370165745856,0.2578268876611418,0.3683241252302026,0.4794520547945206,0.31549815498154976
243,"C/ ALEXANDRE GALÍ, 1-5","C/ ALEXANDRE GALÍ, 1-5",8027.0,27,801909078,el Congrés i els Indians,0.3182756937403777,0.0618452179790469,0.1996169877210769,0.0045060268108595,0.0149825391461079,0.5004604051565377,0.2292817679558011,0.35360287307233496,0.5830258302583026,0.4083361766005676,40.83,28.55,Medio,389,10,7,63.61821600292914,1974.4607211090488,916.2844894349842,121.266372221895,79,1372,40639,409,5.3,-0.0046923076923076,0.5202578268876611,0.7366482504604052,0.9116022099447514,0.26887661141804786,0.3830570902394107,0.18232044198895025,0.2292817679558011,0.35911602209944754,0.4088397790055249,0.23941068139963168,0.4070450097847358,0.5830258302583026
214,"C/ JOSÉ DE  AGULLÓ, 9","C/ JOSÉ DE  AGULLÓ, 9",8017.0,25,801905021,les Tres Torres,0.2650146693748589,0.1139697585195215,0.2988038817422703,0.0010155721056194,0.0315955766192733,0.5085942295887047,0.0570902394106814,0.6545069249981079,0.3487084870848709,0.4082135445209746,40.82,28.36,Medio,390,6,3,357.6631334864366,578.1801996620436,1387.7493803071638,41.61472205784116,42,1163,93278,643,3.3,0.1613947368421052,0.22283609576427257,0.45119705340699817,0.3388581952117864,0.7329650092081031,0.5616942909760589,0.7440147329650092,0.0570902394106814,0.16298342541436464,0.9567219152854513,0.5736648250460405,0.9246575342465754,0.3487084870848709
558,"RBLA MUNTANYA, 49","RBLA MUNTANYA, 49",8041.0,36,801907045,el Guinardó,0.1436164833775755,0.1750853242320819,0.406712172923777,0.0,0.0,0.5868631062001228,0.3821362799263352,0.3754847318477834,0.0719557195571956,0.405600698047152,40.56,28.18,Medio,391,12,4,181.56817239929129,1996.3793716348075,917.155679708078,15.288730765930564,110,1491,39286,459,5.5,0.4804722222222222,0.6482504604051565,0.567219152854512,0.6961325966850829,0.26151012891344383,0.3848987108655617,0.9631675874769797,0.3821362799263352,0.5138121546961326,0.3333333333333333,0.30939226519337015,0.3454011741682974,0.0719557195571956
256,"C/ MALATS, 28-30","C/ MALATS, 28-30",8030.0,32,801909041,Sant Andreu,0.2702475205680153,0.0174687253465569,0.1430181449340696,0.0,0.0,0.4370779619398404,0.4419889502762431,0.26427255985267034,0.503690036900369,0.4050961697462278,40.51,27.99,Medio,392,5,3,149.10343547889596,2447.8720638107216,78.89899014755852,12.41160248905075,126,1318,38566,368,,0.0448918918918919,0.15469613259668508,0.45119705340699817,0.7550644567219152,0.17495395948434622,0.11602209944751381,0.9705340699815838,0.4419889502762431,0.3139963167587477,0.3011049723756906,0.17771639042357273,,0.503690036900369
192,"C/ JOAN GÜELL, 50","C/ JOAN GÜELL, 50",8028.0,21,801903089,Sants,0.3707030705002307,0.0717827360829389,0.2297723687176019,0.0486815415821501,0.166779355420329,0.332719459791283,0.5322283609576427,0.4201701607003204,0.3321033210332104,0.40436693949642133,40.44,27.81,Medio,393,3,7,352.6806134745596,1190.2579601457223,599.7340615477007,148.51505274965723,152,1124,42894,455,4.6,0.1700263157894737,0.058931860036832415,0.7366482504604052,0.34990791896869244,0.4677716390423573,0.27808471454880296,0.10497237569060769,0.5322283609576427,0.1252302025782689,0.5064456721915286,0.2955801104972376,0.7534246575342466,0.3321033210332104
258,"C/ FERNANDO PESSOA, 41","C/ FERNANDO PESSOA, 41",8030.0,27,801909031,Sant Andreu,0.162221721383317,0.0527383367139959,0.329727293216137,0.0,0.0,0.52255985267035,0.020257826887661142,0.2906691221608349,0.9501845018450185,0.40315536097349924,40.32,27.62,Medio,394,10,4,229.27976685986792,2797.6150021877456,1023.561282845565,26.638670660965865,32,1127,46173,306,,-0.4133513513513513,0.5202578268876611,0.567219152854512,0.6058931860036832,0.13075506445672191,0.4143646408839779,0.8968692449355433,0.020257826887661142,0.1279926335174954,0.6233885819521179,0.12062615101289134,,0.9501845018450185
183,"C/ GAVÀ, 1","C/ GAVÀ, 1",8014.0,30,801903057,la Bordeta,0.4452238637645201,0.0393594225780985,0.1361227021540543,0.0228938761700687,0.1428893650614638,0.4800491098833641,0.39686924493554326,0.3059509393706775,0.38929889298892983,0.402117068484072,40.21,27.44,Medio,395,23,5,348.8759582350379,2060.2748334324,1216.87824150217,104.64042148806828,112,1392,36321,376,5.3,0.1273421052631579,0.8802946593001841,0.6464088397790055,0.3591160220994475,0.2375690607734806,0.5009208103130756,0.2559852670349908,0.39686924493554326,0.37937384898710863,0.23388581952117865,0.20349907918968693,0.4070450097847358,0.38929889298892983
446,"PG. JOAN DE BORBÓ, 42","PG. JOAN DE BORBÓ, 42",8003.0,15,801901033,la Barceloneta,0.6938085034397203,0.0025938874478403,0.0135333258148189,0.1944287808728995,0.6004285553174693,0.3551258440761203,0.5874769797421732,0.07163805126985329,0.7490774907749078,0.4014344267958849,40.14,27.26,Medio,396,8,0,513.5000928680347,1106.6425559902884,627.5947923711606,41.37894318773712,171,1019,27310,343,7.4,-0.1313030303030302,0.39042357274401474,0.06261510128913444,0.11786372007366486,0.5101289134438305,0.3020257826887661,0.7476979742173112,0.5874769797421732,0.0570902394106814,0.011049723756906077,0.15285451197053407,0.06555772994129161,0.7490774907749078
329,"C/ DE LES ESCOLES PIES, 99","C/ DE LES ESCOLES PIES, 99",8017.0,27,801905030,les Tres Torres,0.1723109449918828,0.2138407520670517,0.5843243855476271,0.00113263110205,0.0149507305470608,0.24877225291589933,0.2513812154696133,0.7148200005045536,0.4833948339483395,0.4011298176063574,40.11,27.07,Medio,397,7,0,550.0852280344728,1542.8021178707188,212.89906730809227,66.5336852995397,85,1320,98221,663,3.3,0.0571714285714285,0.3029465930018416,0.06261510128913444,0.10128913443830567,0.3683241252302025,0.14548802946593,0.5119705340699816,0.2513812154696133,0.31675874769797424,0.9825046040515654,0.6353591160220995,0.9246575342465754,0.4833948339483395
255,"C/ IRLANDA, 34","C/ IRLANDA, 34",8030.0,15,801909050,Sant Andreu,0.3025265607988887,0.0629575402635432,0.2938393963284154,0.0164432931636445,0.068250929158689,0.464548802946593,0.24677716390423574,0.3670963781461019,0.5535055350553506,0.39908629680219454,39.91,26.89,Bajo,398,24,7,227.4225691885531,2297.8953944485447,472.3760770840484,140.60133474118413,84,1430,40493,440,,0.0100882352941176,0.8885819521178637,0.7366482504604052,0.6077348066298343,0.1952117863720073,0.23756906077348067,0.12154696132596687,0.24677716390423574,0.430939226519337,0.4014732965009208,0.26887661141804786,,0.5535055350553506
348,JARDINS DE CAN FERRERO/PG.DE LA ZONA FR,JARDINS DE CAN FERRERO/PG.DE LA ZONA FRANCA,8038.0,33,801903031,la Marina de Port,0.3590610328638497,0.0367323943661971,0.1494084507042253,0.0252394366197183,0.0627605633802816,0.5483425414364641,0.26611418047882135,0.33673231269348725,0.3745387453874539,0.39881232460395766,39.88,26.61,Bajo,399,9,4,145.07441867889375,3364.9099121795616,1216.96089867195,22.86555822556587,89,2278,34605,311,7.2,0.1373333333333333,0.4539594843462247,0.567219152854512,0.7624309392265194,0.07366482504604055,0.5027624309392266,0.9300184162062615,0.26611418047882135,0.9134438305709024,0.1860036832412523,0.1261510128913444,0.12133072407045009,0.3745387453874539
473,"PG. FABRA I PUIG, 449","PG. FABRA I PUIG, 449",8042.0,21,801908051,la Guineueta,0.1273615023474178,0.2368450704225352,0.5657464788732395,0.0,0.0,0.41682013505217924,0.20994475138121546,0.2160169638126953,0.9760147601476015,0.39877969008888065,39.88,26.61,Bajo,399,15,2,319.90850207545736,4066.8503935051326,385.2307458298662,38.05151900934888,76,1310,41662,252,8.3,-0.4814615384615385,0.7799263351749539,0.2955801104972376,0.425414364640884,0.016574585635359074,0.20441988950276244,0.7790055248618785,0.20994475138121546,0.31031307550644566,0.4585635359116022,0.07366482504604052,0.021526418786692814,0.9760147601476015
141,"C/ BILBAO, 174","C/ BILBAO, 174",8018.0,32,801910099,Provençals del Poblenou,0.4595822075875267,0.0070921985815602,0.040639423618147,0.0246538331644714,0.0561747157491838,0.3176795580110497,0.5156537753222836,0.12061759162152713,0.8560885608856088,0.39866897117266137,39.87,26.34,Bajo,401,5,0,647.2580278083582,180.5483987606007,622.7080105625681,81.29062250050846,144,1081,33685,149,6.3,-0.2533684210526316,0.15469613259668508,0.06261510128913444,0.057090239410681365,0.9410681399631676,0.2965009208103131,0.39410681399631675,0.5156537753222836,0.09392265193370165,0.17495395948434622,0.011049723756906077,0.20254403131115462,0.8560885608856088
274,"RAMBLA FABRA I PUIG, 67","RAMBLA FABRA I PUIG, 67",8030.0,32,801909054,Sant Andreu,0.2614227076468583,0.0285194864219975,0.1625951596409499,0.0322690603340529,0.0454493807521872,0.6395027624309392,0.3406998158379374,0.2225291589932474,0.20664206642066418,0.3956295205217245,39.56,26.15,Bajo,402,27,7,113.59733618219272,2223.834009374166,1267.5225203401403,54.55832163134826,104,998,42884,298,,0.2858205128205128,0.9106813996316758,0.7366482504604052,0.8305709023941068,0.2154696132596685,0.5248618784530387,0.6187845303867403,0.3406998158379374,0.04788213627992634,0.5046040515653776,0.1151012891344383,,0.20664206642066418
328,"C/ ARTESA DE SEGRE, 2","C/ ARTESA DE SEGRE, 2",8022.0,27,801905044,Sant Gervasi - la Bonanova,0.1087910329611102,0.3263983628922237,0.681218735788995,0.0,0.0069349704411095,0.3514426028238183,0.3683241252302026,0.6146818789575923,0.17712177121771222,0.39532467771794194,39.53,25.97,Bajo,403,7,2,498.7111479889969,1394.497004476949,382.8709714577536,36.6842770503369,108,1218,59313,588,3.3,0.3146486486486486,0.3029465930018416,0.2955801104972376,0.1270718232044199,0.39226519337016574,0.20257826887661143,0.7882136279926335,0.3683241252302026,0.19337016574585636,0.8379373848987108,0.5027624309392266,0.9246575342465754,0.17712177121771222
309,"C/ SANT RAMON NONAT,  26","C/ SANT RAMON NONAT,  26",8028.0,22,801904044,la Maternitat i Sant Ramon,0.2981195826315573,0.0717352010845006,0.2332806145503841,0.018300948938093,0.0514008133755083,0.3802946593001842,0.3747697974217311,0.5373685007189889,0.2232472324723247,0.3946247901610932,39.46,25.78,Bajo,404,10,2,431.3264380273959,447.836290493306,31.19451177396909,87.96377803126622,109,1524,44138,514,5.0,0.2653589743589743,0.5202578268876611,0.2955801104972376,0.20441988950276246,0.7974217311233885,0.11049723756906077,0.35359116022099446,0.3747697974217311,0.5395948434622467,0.569060773480663,0.4106813996316759,0.6301369863013699,0.2232472324723247
332,"C/ DOCTOR ROUX, 86","C/ DOCTOR ROUX, 86",8017.0,27,801905027,les Tres Torres,0.1772624216717282,0.2199006098938332,0.563361192681274,0.0,0.0004517732098486,0.384438305709024,0.14917127071823205,0.7115971644087893,0.29151291512915134,0.3934724530492864,39.35,25.6,Bajo,405,4,8,266.6626038461995,1211.2864185709163,989.7495971950829,183.65688223624144,62,1308,98221,661,3.3,0.2048421052631578,0.09392265193370165,0.7780847145488029,0.5285451197053407,0.46040515653775327,0.40331491712707185,0.0423572744014733,0.14917127071823205,0.30755064456721914,0.9825046040515654,0.6316758747697975,0.9246575342465754,0.29151291512915134
213,"C/ SANTA FE DE NOU MÈXIC, 2","C/ SANTA FE DE NOU MÈXIC, 2",8017.0,33,801905021,les Tres Torres,0.1926797278465448,0.1922903516681695,0.421663660955816,0.0,0.0034941388638412,0.4089932473910374,0.141804788213628,0.6545069249981079,0.3376383763837638,0.39287132134736164,39.29,25.41,Bajo,406,8,1,482.1611646880268,376.04715126199056,1415.5976442083202,89.9593843565316,60,1163,93278,643,3.3,0.1651621621621621,0.39042357274401474,0.16482504604051565,0.14180478821362796,0.8360957642725598,0.576427255985267,0.3443830570902394,0.141804788213628,0.16298342541436464,0.9567219152854513,0.5736648250460405,0.9246575342465754,0.3376383763837638
537,"AV. ESTADI, 12","AV. ESTADI, 12",8038.0,40,801903024,el Poble-sec,0.3430506745266977,0.0682462305861013,0.1613195782791066,0.0046479990930733,0.0268677020745947,0.22375690607734808,0.21915285451197053,0.4537504549992251,0.9723247232472325,0.3923894529919556,39.24,25.23,Bajo,407,5,0,742.1084384577322,2940.3154789426326,0.0,22.5243385879827,77,1908,32309,650,6.2,-0.4610270270270271,0.15469613259668508,0.06261510128913444,0.027624309392265234,0.11418047882136284,0.05156537753222836,0.9318600368324125,0.21915285451197053,0.8434622467771639,0.14548802946593,0.5902394106813996,0.235812133072407,0.9723247232472325
503,"C/ MAIGNON, 31-41","C/ MAIGNON, 31-41",8024.0,30,801906021,la Salut,0.1081736909323116,0.2067838629704755,0.5540906017579446,0.0012395762902862,0.0047329276538201,0.23281154082259056,0.23388581952117865,0.5038409142511163,0.8376383763837638,0.391561479188545,39.16,25.05,Bajo,408,6,2,477.28075674589854,1757.495809612519,0.0,85.45027591795933,80,1299,53734,569,5.2,-0.2315897435897436,0.22283609576427257,0.2955801104972376,0.147329650092081,0.31123388581952116,0.05156537753222836,0.3683241252302025,0.23388581952117865,0.289134438305709,0.7679558011049724,0.47882136279926335,0.4794520547945206,0.8376383763837638
250,"C/ PORTUGAL, 3","C/ PORTUGAL, 3",8027.0,27,801909062,la Sagrera,0.4643816867791631,0.0504731861198738,0.1400405588102749,0.0534024335286165,0.1484903109508787,0.3802946593001842,0.23848987108655617,0.40486371646971053,0.6476014760147601,0.3910817490463452,39.11,24.86,Bajo,409,9,2,467.5809381940094,1533.110465275713,1033.4791547094944,58.89468721700238,82,1450,41135,513,5.6,-0.0523947368421052,0.4539594843462247,0.2955801104972376,0.16206261510128916,0.37200736648250465,0.4198895027624309,0.5782688766114181,0.23848987108655617,0.46685082872928174,0.4208103130755064,0.40791896869244937,0.3238747553816047,0.6476014760147601
291,"C/ CUBELLES, 2","C/ CUBELLES, 2",8031.0,27,801908009,Vilapicina i la Torre Llobeta,0.1673089756423089,0.1333333333333333,0.4068693693693693,0.0,0.0083333333333333,0.5936157151626765,0.2826887661141805,0.37696100161096757,0.12177121771217714,0.3909436248950504,39.09,24.68,Bajo,410,13,10,86.1806891338014,2506.552004235707,1240.2881502069497,69.6309790243113,92,1699,37696,475,6.6,0.3815945945945946,0.7053406998158379,0.8232044198895028,0.8747697974217311,0.15653775322283614,0.5101289134438306,0.4917127071823204,0.2826887661141805,0.7403314917127072,0.26887661141804786,0.34990791896869244,0.1487279843444227,0.12177121771217714
311,"C/ GALLEGO, 2","C/ GALLEGO, 2",8028.0,24,801904043,la Maternitat i Sant Ramon,0.2245440872344425,0.080428652002256,0.3070501974055273,0.0042865200225606,0.0154540327129159,0.3933394720687538,0.18047882136279927,0.6655913368147532,0.2693726937269373,0.38959225882749254,38.96,24.49,Bajo,411,15,0,679.8904332793009,509.9083233775616,823.2152123814947,87.07386271320574,70,1530,55668,714,5.0,0.2248387096774193,0.7799263351749539,0.06261510128913444,0.03314917127071826,0.7679558011049724,0.3572744014732965,0.3591160220994475,0.18047882136279927,0.5441988950276243,0.7946593001841621,0.6933701657458563,0.6301369863013699,0.2693726937269373
314,"RAMBLA DEL BRASIL, 44","RAMBLA DEL BRASIL, 44",8028.0,24,801903093,Sants,0.2596576191012501,0.1196080639711679,0.3573600630701655,0.0057438900777114,0.0461763712129744,0.32044198895027626,0.5156537753222836,0.5014316708292338,0.1512915129151291,0.3891197846077454,38.91,24.31,Bajo,412,5,3,363.9419588848726,1104.4811475241984,158.8966713922526,90.45455301192202,144,1402,44019,456,4.6,0.3497948717948718,0.15469613259668508,0.45119705340699817,0.33149171270718236,0.5119705340699816,0.13443830570902393,0.3388581952117864,0.5156537753222836,0.38950276243093923,0.56353591160221,0.2992633517495396,0.7534246575342466,0.1512915129151291
162,"C/ RAMON TURRÓ, 292","C/ RAMON TURRÓ, 292",8005.0,27,801910072,el Poblenou,0.6992213282535863,0.000112790435371,0.0048499887209564,0.1492217459959395,0.4111211369275885,0.4551872314303253,0.10865561694290976,0.6599182623174148,0.2490774907749077,0.3888206244319312,38.88,24.13,Bajo,413,10,2,421.7643105760344,519.7058104805212,1863.360435495358,114.75177519565408,55,1986,45558,717,5.2,0.2429189189189189,0.5202578268876611,0.2955801104972376,0.21915285451197053,0.7605893186003683,0.7237569060773481,0.2117863720073665,0.10865561694290976,0.8637200736648251,0.6003683241252302,0.6961325966850829,0.4794520547945206,0.2490774907749077
326,"C/ BALMES, 409","C/ BALMES, 409",8022.0,32,801905035,Sant Gervasi - la Bonanova,0.0714637509850275,0.2841382415850501,0.6967240797028031,0.0,0.0,0.3278084714548803,0.2292817679558011,0.596495875274351,0.45018450184501846,0.38870505109349884,38.87,23.94,Bajo,414,3,3,198.09080055011245,1737.183763834421,0.0,79.5680445641706,79,981,98221,529,3.3,0.0774864864864864,0.058931860036832415,0.45119705340699817,0.6740331491712708,0.3186003683241252,0.05156537753222836,0.41252302025782683,0.2292817679558011,0.037753222836095765,0.9825046040515654,0.44106813996316757,0.9246575342465754,0.45018450184501846
260,"CARRER DEL CINCA, 7","CARRER DEL CINCA, 7",8030.0,27,801909025,Sant Andreu,0.2675337572813913,0.0446146913023884,0.1874718341595313,0.0039432176656151,0.009576385759351,0.44367710251688147,0.425414364640884,0.30325352977286685,0.3394833948339483,0.3883764687094385,38.84,23.76,Bajo,415,7,3,132.02816161888305,2264.385128775917,616.1309453263002,53.05938793293613,121,1178,42658,400,,0.1649459459459459,0.3029465930018416,0.45119705340699817,0.7918968692449355,0.19889502762430944,0.283609576427256,0.6335174953959484,0.425414364640884,0.18047882136279927,0.4953959484346225,0.23388581952117865,,0.3394833948339483
397,AV. LITORAL (PG MARÍTIM DEL PORT OLÍMPI,AV. LITORAL (PG MARÍTIM DEL PORT OLÍMPIC),8005.0,27,801910055,la Vila Olímpica del Poblenou,0.5266848884542408,0.0242608891897991,0.1078763258858045,0.1173549988715865,0.2049198826450011,0.2816144874155924,0.1703499079189687,0.811143786963056,0.28966789667896675,0.38738867881780853,38.74,23.57,Bajo,416,9,0,583.750075141696,634.1758511176337,629.0106125702948,161.6746478916977,68,2580,73872,1381,5.4,0.20521875,0.4539594843462247,0.06261510128913444,0.08839779005524862,0.7071823204419889,0.30570902394106814,0.07182320441988954,0.1703499079189687,0.9585635359116023,0.929097605893186,0.9880294659300184,0.3688845401174168,0.28966789667896675
502,"AV. VALLCARCA, 11","AV. VALLCARCA, 11",8023.0,19,801906001,Vallcarca i els Penitents,0.1982897258932651,0.2251663096177697,0.5208027962566242,0.0166873379185928,0.0542338482354267,0.4139042357274401,0.5285451197053407,0.4254769833461274,0.023985239852398532,0.38696979424533084,38.7,23.39,Bajo,417,14,2,238.86644670646325,1761.4946899265017,236.8980630113572,81.82740416790735,151,1083,43059,509,4.9,0.747421052631579,0.7532228360957642,0.2955801104972376,0.5856353591160222,0.30939226519337015,0.15285451197053407,0.3867403314917127,0.5285451197053407,0.09944751381215469,0.5211786372007366,0.40515653775322286,0.6761252446183953,0.023985239852398532
500,"C/ ARGENTERA, 23","C/ ARGENTERA, 23",8023.0,23,801906006,Vallcarca i els Penitents,0.2407849519822341,0.1641673243883188,0.4239485849588454,0.0,0.0219866952305784,0.4857274401473297,0.39686924493554326,0.4618489907126099,0.0018450184501844769,0.38496091573113134,38.5,23.2,Bajo,418,10,3,73.05139953947238,2175.0120972905584,752.9420388509262,70.94085165185066,112,977,62157,448,4.9,1.4834615384615386,0.5202578268876611,0.45119705340699817,0.8895027624309393,0.22467771639042355,0.3425414364640884,0.4861878453038674,0.39686924493554326,0.03038674033149171,0.8572744014732965,0.283609576427256,0.6761252446183953,0.0018450184501844769
312,"C/ ARIZALA, 77","C/ ARIZALA, 77",8028.0,36,801904039,la Maternitat i Sant Ramon,0.2479489973571813,0.0677488445496561,0.2062901589448765,0.000563634314057,0.0082290609852327,0.4131368937998772,0.36095764272559855,0.3877368248442191,0.32472324723247237,0.3804800168072823,38.05,23.02,Bajo,419,14,0,501.30049006158174,733.661535324065,382.70777044107496,49.86832589735978,107,1076,44514,424,5.0,0.1744736842105263,0.7532228360957642,0.06261510128913444,0.1252302025782689,0.6593001841620626,0.2007366482504604,0.6777163904235728,0.36095764272559855,0.0865561694290976,0.574585635359116,0.2596685082872928,0.6301369863013699,0.32472324723247237
506,"C/ GARRIGA I ROCA, 2","C/ GARRIGA I ROCA, 2",8041.0,15,801907029,el Guinardó,0.2727450537877078,0.2115775220040623,0.5107199277815392,0.0576619273301737,0.1374407582938388,0.3457642725598527,0.4419889502762431,0.3533852843339712,0.3929889298892989,0.37880939353189685,37.88,22.84,Bajo,420,6,2,393.1789061071751,2054.0839903913698,0.0,7.948735641382937,126,1247,43038,459,5.5,0.1244324324324324,0.22283609576427257,0.2955801104972376,0.26887661141804786,0.24125230202578274,0.05156537753222836,0.994475138121547,0.4419889502762431,0.23941068139963168,0.5193370165745856,0.30939226519337015,0.3454011741682974,0.3929889298892989
173,"AV.LITORAL, 84","AV.LITORAL, 84",8005.0,27,801910059,el Poblenou,0.5610019237768419,0.0148572765559195,0.0211745437529246,0.0015208235844642,0.1409686476368741,0.1697360343769183,0.10313075506445672,0.6477175256691643,0.8763837638376384,0.3785772467909724,37.86,22.56,Bajo,421,4,0,789.77750782719,1139.4499529741272,690.2763471303446,200.49502468840143,53,1714,46556,752,5.2,-0.274,0.09392265193370165,0.06261510128913444,0.02025782688766109,0.4898710865561694,0.32228360957642727,0.029465930018416242,0.10313075506445672,0.7449355432780848,0.6344383057090239,0.7320441988950276,0.4794520547945206,0.8763837638376384
569,"C/ QUATRE CAMINS, 46","C/ QUATRE CAMINS, 46",8022.0,28,801905032,Sant Gervasi - la Bonanova,0.0942216715476458,0.3292408200045055,0.6716602838477135,0.0,0.0,0.20027624309392267,0.2826887661141805,0.8637610686445167,0.14575645756457567,0.3785726124072336,37.86,22.56,Bajo,421,1,0,523.1103746416628,2258.344527440913,0.0,40.038886906788704,92,1722,98221,820,3.3,0.3547027027027026,0.011970534069981584,0.06261510128913444,0.1068139963167587,0.20257826887661146,0.05156537753222836,0.7661141804788214,0.2826887661141805,0.7513812154696132,0.9825046040515654,0.7965009208103131,0.9246575342465754,0.14575645756457567
233,"C/ NOU DE LA RAMBLA, 164","C/ NOU DE LA RAMBLA, 164",8004.0,27,801903017,el Poble-sec,0.3746147238643827,0.0842428376534788,0.2401091405184174,0.098681218735789,0.1924738517507958,0.36678944137507674,0.6325966850828729,0.34693645868246636,0.02583025830258301,0.3771341291679991,37.71,22.28,Bajo,423,2,8,382.4563348565241,2717.357117147332,0.0,25.791351335131296,186,1586,31347,515,6.2,0.7407105263157895,0.03222836095764273,0.7780847145488029,0.2965009208103131,0.13812154696132595,0.05156537753222836,0.9042357274401474,0.6325966850828729,0.6224677716390423,0.11602209944751381,0.4134438305709024,0.235812133072407,0.02583025830258301
252,"RAMBLA DE L'ONZE DE SETEMBRE, 31","RAMBLA DE L'ONZE DE SETEMBRE, 31",8030.0,33,801909020,Sant Andreu,0.4476068463667111,0.0165727170236753,0.067869222096956,0.0,0.0685456595264938,0.5259361571516267,0.08011049723756906,0.20534069981583794,0.8081180811808117,0.37665816644354283,37.67,22.1,Bajo,424,8,1,26.94256788492562,1746.6219828606572,1112.044220302697,30.54267358926098,48,1063,40490,322,,-0.1968918918918919,0.39042357274401474,0.16482504604051565,0.9760589318600368,0.31307550644567217,0.4530386740331492,0.858195211786372,0.08011049723756906,0.07826887661141804,0.39871086556169427,0.13904235727440148,,0.8081180811808117
254,"RAMBLA DE L'ONZE DE SETEMBRE, 69","RAMBLA DE L'ONZE DE SETEMBRE, 69",8030.0,26,801909021,Sant Andreu,0.4941718376260963,0.0207300585849481,0.096777827850383,0.0134069400630914,0.1497296079315006,0.33563535911602216,0.19705340699815838,0.3723143032535297,0.7767527675276753,0.3763272183826811,37.63,21.92,Bajo,425,8,1,265.569013185777,1926.896392437536,598.7369099538809,83.1113899067367,74,1361,44694,372,,-0.1663947368421052,0.39042357274401474,0.16482504604051565,0.5322283609576427,0.2744014732965009,0.27440147329650094,0.3775322283609577,0.19705340699815838,0.35267034990791896,0.576427255985267,0.1878453038674033,,0.7767527675276753
564,"C/ CARRERA, 1","C/ CARRERA, 1",8004.0,28,801903020,el Poble-sec,0.5537193431780973,0.0024963122659707,0.0369908090321116,0.0502666515375014,0.1215250198570293,0.6614487415592388,0.26611418047882135,0.22147605352592864,0.1328413284132841,0.3733308173089137,37.33,21.73,Bajo,426,11,11,259.7421713441117,2041.906908496274,2128.8605966108807,15.818898203747054,89,1156,39638,338,6.2,0.3665526315789473,0.5902394106813996,0.8388581952117864,0.5395948434622468,0.24861878453038677,0.7918968692449355,0.9594843462246777,0.26611418047882135,0.15837937384898712,0.3462246777163904,0.14548802946593,0.235812133072407,0.1328413284132841
232,"C/ PALAUDÀRIES, 2","C/ PALAUDÀRIES, 2",8004.0,27,801903019,el Poble-sec,0.6368959674120819,0.0051836826684696,0.0297498309668695,0.0981519044399368,0.2715798963263466,0.4607120933087783,0.4622467771639042,0.2810985212975677,0.17343173431734316,0.3731003174210418,37.31,21.55,Bajo,427,10,11,318.4580509521361,2146.8021001069933,1496.1147175381625,138.84590561382265,130,1464,33354,398,6.2,0.3187105263157894,0.5202578268876611,0.8388581952117864,0.43278084714548803,0.22836095764272557,0.6132596685082873,0.13075506445672191,0.4622467771639042,0.4861878453038674,0.1712707182320442,0.2311233885819521,0.235812133072407,0.17343173431734316
460,"C/ MIREIA, 28","C/ MIREIA, 28",8033.0,15,801909003,la Trinitat Vella,0.1782786731282166,0.1835906683196213,0.5422066944663586,0.0,0.0042826552462526,0.46025168815224066,0.016574585635359115,0.23627434020607413,0.985239852398524,0.3720863001734211,37.21,21.36,Bajo,428,19,4,398.0578100299713,3857.178355225448,192.1831653611883,24.43864350685134,31,2123,28431,188,9.9,-0.5964285714285714,0.8351749539594844,0.567219152854512,0.26151012891344383,0.03314917127071826,0.141804788213628,0.9226519337016574,0.016574585635359115,0.8968692449355433,0.01841620626151013,0.02394106813996317,0.005870841487279899,0.985239852398524
316,"C/ CANTÀBRIA, 55","C/ CANTÀBRIA, 55",8020.0,26,801910134,la Verneda i la Pau,0.5075441954734827,0.0343429793942123,0.1006643396013962,0.0636189618286229,0.1616935029838982,0.3776856967464702,0.2559852670349908,0.2032900498426874,0.8302583025830258,0.37154756846813797,37.15,21.18,Bajo,429,3,2,437.5786383650389,860.0404899553087,1295.5823111527443,58.662444035918185,86,1407,30670,292,6.2,-0.2202702702702703,0.058931860036832415,0.2955801104972376,0.19889502762430944,0.5985267034990792,0.5322283609576427,0.5819521178637201,0.2559852670349908,0.39410681399631675,0.07550644567219153,0.10773480662983426,0.235812133072407,0.8302583025830258
33,"C/ PONTEVEDRA, 58B | C/ JUDICI","C/ PONTEVEDRA, 58B | C/ JUDICI",8003.0,21,801901032,la Barceloneta,0.708382925338566,0.0002251745102454,0.0121594235532537,0.1026795766719207,0.4990993019590182,0.20748925721301414,0.4723756906077348,0.35616843801018483,0.603321033210332,0.3702554271605846,37.03,20.99,Bajo,430,8,0,722.4802547326258,1198.645282122104,434.25416447583655,165.1814612047258,133,1637,30477,656,7.4,-0.0175428571428571,0.39042357274401474,0.06261510128913444,0.03130755064456725,0.4659300184162063,0.2283609576427256,0.06629834254143652,0.4723756906077348,0.6795580110497238,0.06353591160220995,0.6160220994475138,0.06555772994129161,0.603321033210332
493,"PG. VALL D'HEBRÓN, 80","PG. VALL D'HEBRÓN, 80",8023.0,24,801906010,Vallcarca i els Penitents,0.1122232246908011,0.348934250592083,0.7107251607082441,0.0,0.0,0.4131368937998772,0.44751381215469616,0.42409576787651415,0.05166051660516602,0.37024938532853446,37.02,20.81,Bajo,431,13,3,241.370670958512,3088.315663134172,413.0671677297678,77.53306968688003,127,976,57552,356,4.9,0.538578947368421,0.7053406998158379,0.45119705340699817,0.574585635359116,0.10128913443830567,0.22099447513812154,0.425414364640884,0.44751381215469616,0.027624309392265192,0.8268876611418048,0.16574585635359115,0.6761252446183953,0.05166051660516602
244,"C/ FELIP II, 214","C/ FELIP II, 214",8027.0,27,801909076,el Congrés i els Indians,0.3038825002846408,0.059091426619606,0.221450529431857,0.0037572583399749,0.0162814528065581,0.6212400245549418,0.24677716390423574,0.288225340843974,0.1254612546125461,0.3700038229731639,37.0,20.63,Bajo,432,15,12,241.1403017514845,2362.302612862663,1868.252995879438,56.13709781154974,84,1306,36001,391,5.3,0.3755,0.7799263351749539,0.8572744014732965,0.5782688766114181,0.18416206261510126,0.7255985267034991,0.6022099447513812,0.24677716390423574,0.3001841620626151,0.22283609576427257,0.22283609576427257,0.4070450097847358,0.1254612546125461
565,"C/ FRA JUNÍPER SERRA, 53 | C/ SANTANDER","C/ FRA JUNÍPER SERRA, 53 | C/ SANTANDER",8020.0,28,801909015,el Bon Pastor,0.5809292805569881,0.0112815884476534,0.0650947653429602,0.0362138989169675,0.1028880866425992,0.26197053406998155,0.18047882136279927,0.388874773401376,0.9003690036900369,0.36908343616904293,36.91,20.44,Bajo,433,5,1,439.1901895453276,1379.2641058494194,382.1126031821794,73.83060246998146,70,1792,29712,223,4.9,-0.2982068965517241,0.15469613259668508,0.16482504604051565,0.1933701657458563,0.4014732965009208,0.19889502762430938,0.45856353591160226,0.18047882136279927,0.7955801104972375,0.03314917127071823,0.05064456721915286,0.6761252446183953,0.9003690036900369
437,"PG. ZONA FRANCA, 9","PG. ZONA FRANCA, 9",8038.0,36,801903025,la Marina del Prat Vermell,0.4403001918519355,0.0040627468682992,0.0304706015122446,0.0350976187789188,0.0665839070082383,0.27716390423572745,0.16482504604051565,0.41323975666100843,0.8228782287822878,0.3649553014752288,36.5,20.26,Bajo,434,5,0,558.9380975242799,4013.7089007932072,1249.113738263354,34.483586354988674,67,1462,30218,388,4.1,-0.2099736842105262,0.15469613259668508,0.06261510128913444,0.09576427255985265,0.02025782688766109,0.5156537753222836,0.8139963167587477,0.16482504604051565,0.47974217311233885,0.04788213627992634,0.21731123388581952,0.9080234833659491,0.8228782287822878
341,"PG. D'ENRIC SANCHIS, 33","PG. D'ENRIC SANCHIS, 33",8030.0,27,801909014,el Bon Pastor,0.4417114988849847,0.0343040914775772,0.1182776487403966,0.0083973557262819,0.0376987671967125,0.3627992633517496,0.11141804788213629,0.5345930054455749,0.507380073800738,0.3645895165751509,36.46,20.07,Bajo,435,7,1,266.2681360570758,1558.3871361388285,0.0,39.84917387839277,56,2930,29576,547,4.9,0.0429090909090908,0.3029465930018416,0.16482504604051565,0.5303867403314917,0.3572744014732965,0.05156537753222836,0.7697974217311234,0.11141804788213629,0.9760589318600368,0.029465930018416207,0.4567219152854512,0.6761252446183953,0.507380073800738
174,"PG. DE GARCIA FÀRIA, 21/ESPRONCEDA","PG. DE GARCIA FÀRIA, 21/ESPRONCEDA",8005.0,27,801910078,Diagonal Mar i el Front Marítim del Poblenou,0.6058713590815415,0.0040549673349853,0.0061950889840054,0.1035143050236539,0.2158143726064429,0.27747084100675257,0.15653775322283608,0.6931850125958201,0.3579335793357934,0.36323552270739645,36.32,19.89,Bajo,436,6,0,662.1944581654683,900.1409875470148,1653.4714543454625,153.04504526270588,64,2379,60819,1060,7.4,0.1524324324324324,0.22283609576427257,0.06261510128913444,0.04419889502762431,0.580110497237569,0.6648250460405156,0.09023941068139962,0.15653775322283608,0.9263351749539595,0.848987108655617,0.9318600368324125,0.06555772994129161,0.3579335793357934
300,"C/ DE MALADETA, 1","C/ DE MALADETA, 1",8016.0,18,801908025,Porta,0.2928108994828255,0.110222021864082,0.3330327961230699,0.0081145046771103,0.0587174574552011,0.4616329036218539,0.18047882136279927,0.15204317176806392,0.7804428044280443,0.36176843521457125,36.18,19.71,Bajo,437,13,6,272.07227196090025,2848.75800981602,732.1831706744483,81.344259310632,70,1129,30928,256,5.7,-0.1700526315789473,0.7053406998158379,0.6942909760589319,0.5193370165745856,0.1252302025782689,0.3333333333333333,0.39226519337016574,0.18047882136279927,0.13075506445672191,0.09208103130755065,0.08103130755064457,0.30430528375733856,0.7804428044280443
279,"C/ MAS CASANOVAS, 137","C/ MAS CASANOVAS, 137",8041.0,27,801907039,el Guinardó,0.2795812042881475,0.0642470694319206,0.3010595130748422,0.0083408476104598,0.0335888187556357,0.4749846531614487,0.2716390423572744,0.4763134611295513,0.044280442804428,0.3598748208988777,35.99,19.52,Bajo,438,6,2,43.92328714809452,1632.3562512356025,1110.1324998722616,58.01209835802595,90,1532,42817,591,5.5,0.5782820512820513,0.22283609576427257,0.2955801104972376,0.9576427255985267,0.3351749539594844,0.45119705340699817,0.587476979742173,0.2716390423572744,0.5543278084714549,0.5,0.505524861878453,0.3454011741682974,0.044280442804428
171,"AV. LITORAL, 172","AV. LITORAL, 172",8005.0,54,801910055,la Vila Olímpica del Poblenou,0.3981133307220263,0.0034077555816686,0.035840188014101,0.0212690951821386,0.0384253819036427,0.2768569674647023,0.06445672191528545,0.811143786963056,0.2933579335793358,0.35980375586913155,35.98,19.34,Bajo,439,8,0,962.9552391835822,1098.1825598311495,25.21130570663954,59.14672380090587,45,2580,73872,1381,5.4,0.2043823529411765,0.39042357274401474,0.06261510128913444,0.009208103130755041,0.5193370165745856,0.10681399631675875,0.572744014732965,0.06445672191528545,0.9585635359116023,0.929097605893186,0.9880294659300184,0.3688845401174168,0.2933579335793358
512,"C/ D'ALACANT, 12","C/ D'ALACANT, 12",8017.0,27,801905025,les Tres Torres,0.1011188007537539,0.2589550536162446,0.6562856490987908,0.0046771617613506,0.014715947980835,0.47191528545119715,0.08287292817679558,0.6621036100809808,0.05535055350553508,0.3597170674981934,35.97,19.15,Bajo,440,9,3,300.84696815596004,1108.0864363892897,1217.052237726889,75.27640249344529,49,1227,98221,605,3.3,0.5366666666666666,0.4539594843462247,0.45119705340699817,0.4640883977900553,0.5082872928176796,0.5046040515653776,0.4493554327808471,0.08287292817679558,0.212707182320442,0.9825046040515654,0.5285451197053407,0.9246575342465754,0.05535055350553508
377,PL. ICTÍNEO,PL. ICTÍNEO,8039.0,28,801901030,el Barri Gòtic,0.6759283963381081,0.0,0.0,0.0312828294618886,0.1093731761410061,0.23403928790669123,0.03314917127071823,0.6636821420462531,0.6900369003690037,0.35962711415193527,35.96,18.97,Bajo,441,1,0,511.3946057263472,1303.755224078537,125.5154841149634,51.52402366175142,36,2409,31201,839,4.3,-0.087590909090909,0.011970534069981584,0.06261510128913444,0.11970534069981587,0.43278084714548803,0.1270718232044199,0.6500920810313076,0.03314917127071823,0.9392265193370166,0.09944751381215469,0.8342541436464088,0.7818003913894325,0.6900369003690037
237,"C/ RIUS I TAULET, 4","C/ RIUS I TAULET, 4",8004.0,27,801903024,el Poble-sec,0.3418140935895804,0.0548682703321878,0.1864833906071019,0.013516609392898,0.0445589919816723,0.43508287292817677,0.21915285451197053,0.4537504549992251,0.2601476014760148,0.359526973124063,35.95,18.78,Bajo,442,14,14,320.4015026754611,2336.3532760823664,626.2289093824611,167.0931587941322,77,1908,32309,650,6.2,0.2329459459459459,0.7532228360957642,0.8885819521178637,0.419889502762431,0.1896869244935543,0.3001841620626151,0.05893186003683237,0.21915285451197053,0.8434622467771639,0.14548802946593,0.5902394106813996,0.235812133072407,0.2601476014760148
351,"C/ JANE ADDAMS, 26/ CRTA. DEL PRAT","C/ JANE ADDAMS, 26/ CRTA. DEL PRAT",8038.0,33,801903028,la Marina de Port,0.4439071203412463,0.0052969683308914,0.0731432435478417,0.0446297757241068,0.0802434351403133,0.4292510742786986,0.21915285451197053,0.5770638044061945,0.06088560885608851,0.35842488205549905,35.84,18.6,Bajo,443,21,2,316.5189154548752,2624.714851450216,1461.7245429538384,109.7757308429525,77,2557,42402,764,7.2,0.5098928571428571,0.858195211786372,0.2955801104972376,0.43646408839779005,0.151012891344383,0.6003683241252302,0.2338858195211786,0.21915285451197053,0.9511970534069981,0.4871086556169429,0.7486187845303868,0.12133072407045009,0.06088560885608851
176,"PG. DE GARCIA FÀRIA, 37/JOSEP FERRATER","PG. DE GARCIA FÀRIA, 37/JOSEP FERRATER",8019.0,31,801910078,Diagonal Mar i el Front Marítim del Poblenou,0.5482525366403608,0.0050732807215332,0.0315670800450958,0.0431792559188275,0.2060879368658399,0.2458563535911602,0.11786372007366483,0.6931850125958201,0.4630996309963099,0.35827685157372374,35.83,18.42,Bajo,444,4,0,649.8866324846796,705.384499957274,1369.3445046094346,183.9947168550365,57,2379,60819,1060,7.4,0.0717435897435897,0.09392265193370165,0.06261510128913444,0.05340699815837935,0.6703499079189688,0.5543278084714549,0.04051565377532229,0.11786372007366483,0.9263351749539595,0.848987108655617,0.9318600368324125,0.06555772994129161,0.4630996309963099
267,"PG. TORRAS I BAGES, 129","PG. TORRAS I BAGES, 129",8030.0,24,801909032,Sant Andreu,0.1807439433329565,0.0414829885837006,0.2872160054255679,0.0,0.0,0.5489564149785144,0.020257826887661142,0.4297114794352363,0.3560885608856088,0.35804035595604566,35.8,18.14,Bajo,445,11,4,26.52304649372376,3028.3942190615508,1427.2142203687154,72.22992325386065,32,2101,35241,374,,0.1532702702702702,0.5902394106813996,0.567219152854512,0.9779005524861879,0.1068139963167587,0.58195211786372,0.4696132596685083,0.020257826887661142,0.8941068139963168,0.20441988950276244,0.19060773480662985,,0.3560885608856088
325,"C/ ALT DE GIRONELLA, 13","C/ ALT DE GIRONELLA, 13",8017.0,23,801905022,les Tres Torres,0.1264166494951576,0.310539381629429,0.6979237192507335,0.0001128413450688,0.0075603701196118,0.3003376304481277,0.09760589318600368,0.8299212896389919,0.14022140221402213,0.3580331766951969,35.8,18.14,Bajo,445,5,2,313.01288699376136,637.0917864739881,331.44094693165806,206.03369511730844,52,1552,98221,837,3.3,0.3584054054054054,0.15469613259668508,0.2955801104972376,0.44014732965009207,0.7034990791896869,0.18232044198895028,0.025782688766114226,0.09760589318600368,0.5874769797421732,0.9825046040515654,0.8250460405156538,0.9246575342465754,0.14022140221402213
125,"PG. MARíTIM, 31 B (ANNEXA A LA 12)"," PG. MARíTIM, 31 B (ANNEXA A LA  12)",8003.0,29,801901036,la Barceloneta,0.4298874024395487,0.1171936982885639,0.2288337300238014,0.0834183384336393,0.1736370848917601,0.512584407612032,0.13351749539594843,0.11123289473210007,0.7822878228782288,0.3579353136279576,35.79,17.86,Bajo,447,9,2,382.88401731403866,517.8117690963725,662.9227154913351,17.307014891500472,59,1137,32134,292,7.4,-0.171060606060606,0.4539594843462247,0.2955801104972376,0.2946593001841621,0.7624309392265194,0.31675874769797424,0.9521178637200737,0.13351749539594843,0.13720073664825047,0.13443830570902393,0.10773480662983426,0.06555772994129161,0.7822878228782288
355,"C/ RIERA BLANCA, 123","C/ RIERA BLANCA, 123",8028.0,27,801903072,Sants - Badal,0.4256430543326144,0.0513380039049041,0.1835304927070173,0.0099919604915585,0.2124727230963592,0.32949662369551874,0.20994475138121546,0.33936905572794474,0.6937269372693726,0.3567113106611275,35.67,17.68,Bajo,448,2,4,458.16538408495,1495.885463492485,0.0,39.615456456568296,76,1277,32837,360,4.6,-0.0898,0.03222836095764273,0.567219152854512,0.17495395948434622,0.3793738489871087,0.05156537753222836,0.7716390423572744,0.20994475138121546,0.27071823204419887,0.16206261510128914,0.1712707182320442,0.7534246575342466,0.6937269372693726
491,"C/ PARE MARIANA, 24","C/ PARE MARIANA, 24",8035.0,27,801907101,la Vall d'Hebron,0.0588033931135824,0.5027051397655545,0.8594454463480613,0.0,0.0,0.37891344383057096,0.40699815837937386,0.260032958161695,0.38007380073800734,0.3563885545866681,35.64,17.5,Bajo,449,8,2,49.34223859142322,4012.487680713135,127.27463630429584,69.47902460413657,113,1352,39871,371,6.5,0.131076923076923,0.39042357274401474,0.2955801104972376,0.9429097605893186,0.02209944751381221,0.1289134438305709,0.4935543278084714,0.40699815837937386,0.3370165745856354,0.35451197053406996,0.1832412523020258,0.1653620352250489,0.38007380073800734
461,"AV. RIO DE JANEIRO, 118","AV. RIO DE JANEIRO, 118",8016.0,28,801908095,la Prosperitat,0.1858085250338295,0.1103969327920613,0.3378439332431213,0.0,0.0,0.4762124002455494,0.03683241252302026,0.15734774194245926,0.9391143911439115,0.3560865373738989,35.61,17.31,Bajo,450,22,4,418.9951099523757,3184.9831168155447,701.1945861048238,38.74791171608561,37,1010,40339,210,6.6,-0.37,0.8701657458563536,0.567219152854512,0.22836095764272557,0.09023941068139962,0.3241252302025783,0.7771639042357275,0.03683241252302026,0.049723756906077346,0.39042357274401474,0.040515653775322284,0.1487279843444227,0.9391143911439115
568,"C/ ROMÁN MACAYA, 8","C/ ROMÁN MACAYA, 8",8022.0,24,801905033,Sant Gervasi - la Bonanova,0.0903923673899939,0.3852848101265823,0.7860533453887885,0.0,0.0001130198915009,0.3101596071209331,0.2559852670349908,0.7035400741693787,0.040590405904059046,0.3545257586790278,35.45,17.13,Bajo,451,12,1,484.49488844968016,2449.1171776120605,0.0,49.3819305460301,86,1385,88497,632,3.3,0.5874473684210526,0.6482504604051565,0.16482504604051565,0.13996316758747696,0.1731123388581952,0.05156537753222836,0.6832412523020257,0.2559852670349908,0.3756906077348066,0.9484346224677717,0.565377532228361,0.9246575342465754,0.040590405904059046
257,"C/ SANT ADRIÀ, 2-8","C/ SANT ADRIÀ, 2-8",8030.0,23,801909024,Sant Andreu,0.2830908085302165,0.040977147360126,0.1916019362827873,0.0014634695485759,0.0210514465833614,0.25644567219152853,0.4576427255985267,0.25168815224063845,0.5774907749077491,0.35371232096298866,35.37,16.94,Bajo,452,7,3,321.83762816515406,2264.580002421102,243.87676377084847,229.46134554455145,129,1115,42249,342,,0.0041621621621621,0.3029465930018416,0.45119705340699817,0.41436464088397795,0.19705340699815843,0.15653775322283608,0.016574585635359074,0.4576427255985267,0.12154696132596685,0.48250460405156537,0.15101289134438306,,0.5774907749077491
324,"C/ REINA VICTORIA, 31","C/ REINA VICTORIA, 31",8021.0,27,801905054,Sant Gervasi - Galvany,0.1799276937835924,0.1759981902499717,0.4278927723108245,0.0002262187535346,0.0011310937676733,0.5649171270718233,0.0055248618784530384,0.5642251678541697,0.07011070110701112,0.35067510707434546,35.07,16.76,Bajo,453,7,3,91.9507125049492,713.1826895891419,2130.787348039523,93.9450527041045,20,987,98221,444,3.2,0.4805263157894736,0.3029465930018416,0.45119705340699817,0.861878453038674,0.6629834254143646,0.7937384898710865,0.3167587476979742,0.0055248618784530384,0.04604051565377532,0.9825046040515654,0.27532228360957645,0.9530332681017613,0.07011070110701112
457,"C/ GRANADELLA, 10-19 | C/ SAS","C/ GRANADELLA, 10-19 | C/ SAS",8030.0,18,801909010,el Bon Pastor,0.4987477616239027,0.0103685337540854,0.0732559450016905,0.0405725233855516,0.1406514144032458,0.31860036832412525,0.2596685082872928,0.40429834614539073,0.48616236162361626,0.3504261967651571,35.04,16.57,Bajo,454,7,1,258.1800255299016,2073.851169461872,188.0417455052891,64.95464971846363,87,1735,32710,189,4.9,0.056,0.3029465930018416,0.16482504604051565,0.5432780847145489,0.2338858195211786,0.13996316758747698,0.5267034990791897,0.2596685082872928,0.7559852670349908,0.1574585635359116,0.027624309392265192,0.6761252446183953,0.48616236162361626
501,"C/ ELISA, 1","C/ ELISA, 1",8023.0,16,801905092,el Putxet i el Farró,0.1804913783387805,0.2194297306435253,0.5719598782824299,0.0027048348923701,0.0081145046771103,0.3354818907305095,0.141804788213628,0.7731022477862712,0.022140221402214055,0.34946645396598525,34.95,16.39,Bajo,455,5,4,236.54097102034908,1449.8458695391196,0.0,104.46405008926236,60,1490,77999,819,4.2,0.7500263157894738,0.15469613259668508,0.567219152854512,0.5930018416206262,0.3885819521178637,0.05156537753222836,0.2578268876611418,0.141804788213628,0.5119705340699816,0.9373848987108656,0.7937384898710865,0.8493150684931507,0.022140221402214055
471,"PG. VALLDAURA, 171","PG. VALLDAURA, 171",8042.0,24,801908056,la Guineueta,0.1274715115840314,0.1850803712927326,0.5086031242925062,0.0,0.0,0.3615715162676489,0.23572744014732966,0.15754550893240063,0.8247232472324724,0.3485767550484805,34.86,16.21,Bajo,456,12,3,260.61606178597,3724.550368379224,740.0519299193204,132.17590559963813,81,1344,35178,253,8.3,-0.213,0.6482504604051565,0.45119705340699817,0.5377532228360957,0.0423572744014733,0.3406998158379374,0.149171270718232,0.23572744014732966,0.3296500920810313,0.20257826887661143,0.07642725598526703,0.021526418786692814,0.8247232472324724
253,"C/ ONZE DE SETEMBRE, 37-39","C/ ONZE DE SETEMBRE, 37-39",8030.0,27,801909020,Sant Andreu,0.4195571232608269,0.0346729708431836,0.1140380502082629,0.0663064280085556,0.1296859169199594,0.42679558011049723,0.16114180478821363,0.20534069981583794,0.7103321033210332,0.3475488946878419,34.75,16.02,Bajo,457,8,1,101.70491597083596,1811.2869386869504,1165.0066482278046,82.59900924788742,66,1063,40490,322,,-0.0964102564102563,0.39042357274401474,0.16482504604051565,0.8526703499079189,0.3020257826887661,0.4696132596685083,0.3812154696132597,0.16114180478821363,0.07826887661141804,0.39871086556169427,0.13904235727440148,,0.7103321033210332
499,"AV. VALLCARCA, 196","AV. VALLCARCA, 196",8023.0,27,801906012,Vallcarca i els Penitents,0.1104551816339746,0.2368866328257191,0.5774393683023125,0.0,0.0,0.44383057090239414,0.2559852670349908,0.5023646444879322,0.016605166051660514,0.34741895260431777,34.74,15.84,Bajo,458,6,3,223.5824917335438,2645.499878996256,813.0848335172767,29.607712183747328,86,1101,63096,483,4.9,0.8443243243243244,0.22283609576427257,0.45119705340699817,0.6187845303867403,0.147329650092081,0.35359116022099446,0.8692449355432781,0.2559852670349908,0.10865561694290976,0.8637200736648251,0.36095764272559855,0.6761252446183953,0.016605166051660514
577,"PTGE. CALAFELL, 3","PTGE. CALAFELL, 3",8032.0,23,801907076,el Carmel,0.1185187723669974,0.3426415944150433,0.6352888188267087,0.0,0.0007881995270802,0.45089011663597295,0.5874769797421732,0.14995332879235096,0.020295202952029467,0.345213398399026,34.52,15.65,Bajo,459,8,4,32.9222377870836,3007.012191625926,0.0,55.78529845355002,171,1335,30766,181,6.4,0.7913055555555556,0.39042357274401474,0.567219152854512,0.9742173112338858,0.1086556169429097,0.05156537753222836,0.6132596685082873,0.5874769797421732,0.32228360957642727,0.07734806629834254,0.022099447513812154,0.17808219178082196,0.020295202952029467
469,"C/ SANT FRANCESC XAVIER, 1","C/ SANT FRANCESC XAVIER, 1",8016.0,12,801908087,la Prosperitat,0.3201848303843119,0.1327623126338329,0.4378451482024118,0.0101431308463879,0.0902738645328524,0.4192756292203806,0.20257826887661143,0.09542324838813146,0.8210332103321033,0.3444018310931344,34.44,15.47,Bajo,460,10,2,231.36672975488952,3555.150298643972,864.0951302316416,50.41258448061768,75,1138,30484,178,6.6,-0.2059736842105263,0.5202578268876611,0.2955801104972376,0.6022099447513812,0.057090239410681365,0.3756906077348066,0.6648250460405156,0.20257826887661143,0.14548802946593,0.06998158379373849,0.017495395948434623,0.1487279843444227,0.8210332103321033
266,"C/ RIERA D'HORTA, 2","C/ RIERA D'HORTA, 2",8027.0,34,801909075,el Congrés i els Indians,0.205013056232421,0.0377724523564989,0.1553121077256647,0.0,0.0,0.45564763658686314,0.2513812154696133,0.3775439412122981,0.1697416974169742,0.34216921658842603,34.22,15.29,Bajo,461,7,7,239.60578189795228,2128.172034253707,1401.269738742951,95.48751324155803,85,1448,40305,422,5.3,0.3248717948717948,0.3029465930018416,0.7366482504604052,0.583793738489871,0.23020257826887658,0.569060773480663,0.31123388581952116,0.2513812154696133,0.4594843462246777,0.3885819521178637,0.2550644567219153,0.4070450097847358,0.1697416974169742
483,"BAIXADA DE LA PLANA, 35","BAIXADA DE LA PLANA, 35",8032.0,32,801907119,Horta,0.2142444482020065,0.0631270431743884,0.2190282944425656,0.0,0.0,0.49984653161448733,0.39686924493554326,0.20756388909911958,0.1070110701107011,0.34210623009034147,34.21,15.1,Bajo,462,11,3,98.2508855233796,3488.220194900883,0.0,9.245981571589429,112,1244,35556,314,6.0,0.4025945945945945,0.5902394106813996,0.45119705340699817,0.856353591160221,0.06077348066298338,0.05156537753222836,0.988950276243094,0.39686924493554326,0.23296500920810312,0.20626151012891344,0.13075506445672191,0.26027397260273977,0.1070110701107011
352,"C/RADI,10/GRAN VIA DE LES CORTS CATALA","C/RADI,10/GRAN VIA DE LES CORTS CATALANES",8038.0,28,801903028,la Marina de Port,0.3666669353668563,0.017040966030922,0.1015686717074822,0.0313734341496445,0.0638754090960388,0.439073050951504,0.0847145488029466,0.5770638044061945,0.14944649446494462,0.34153713030505334,34.15,14.92,Bajo,463,21,2,491.4840183392059,2449.6099287642983,1290.6241742575946,52.09116360500001,50,2557,42402,764,7.2,0.3523529411764705,0.858195211786372,0.2955801104972376,0.13259668508287292,0.1712707182320442,0.5303867403314917,0.6464088397790055,0.0847145488029466,0.9511970534069981,0.4871086556169429,0.7486187845303868,0.12133072407045009,0.14944649446494462
12,"PG. MARITIM, 23 (HOSPITAL DEL MAR)","PG. MARITIM, 23 (HOSPITAL DEL MAR)",8003.0,26,801901036,la Barceloneta,0.4671966120522077,0.0482851985559566,0.1876128158844765,0.1333483754512635,0.2157039711191336,0.5009208103130754,0.1261510128913444,0.11123289473210007,0.7011070110701108,0.3398343121759541,33.98,14.73,Bajo,464,9,2,390.93108561790166,524.6288392247196,610.9709161501803,19.53824049796864,58,1137,32134,292,7.4,-0.0935833333333333,0.4539594843462247,0.2955801104972376,0.2725598526703499,0.7550644567219152,0.281767955801105,0.9465930018416207,0.1261510128913444,0.13720073664825047,0.13443830570902393,0.10773480662983426,0.06555772994129161,0.7011070110701108
479,"PG. FABRA I PUIG, 344","PG. FABRA I PUIG, 344",8031.0,18,801908045,el Turó de la Peira,0.2137893471564871,0.1167455487942303,0.4411764705882353,0.0,0.0153256704980842,0.3129220380601596,0.070902394106814,0.28318611180186903,0.9446494464944649,0.33974225677239633,33.97,14.55,Bajo,465,3,1,91.88493970162835,3336.9505076189275,0.0,50.823541461176205,46,1643,30500,262,5.9,-0.390578947368421,0.058931860036832415,0.16482504604051565,0.8637200736648251,0.07918968692449357,0.05156537753222836,0.6593001841620626,0.070902394106814,0.6906077348066298,0.0718232044198895,0.0865561694290976,0.28375733855185914,0.9446494464944649
538,"AV. ESTADI, 38","AV. ESTADI, 38",8038.0,24,801903024,el Poble-sec,0.1275802860485301,0.3329559606022869,0.6185893807313484,0.0011321181931393,0.0071323446167779,0.16175567833026397,0.141804788213628,0.4537504549992251,0.8745387453874539,0.3366841100269237,33.67,14.36,Bajo,466,3,0,939.8432467579564,2968.465548915909,0.0,50.08191852392155,60,1908,32309,650,6.2,-0.2732,0.058931860036832415,0.06261510128913444,0.011049723756906049,0.11233885819521183,0.05156537753222836,0.6740331491712708,0.141804788213628,0.8434622467771639,0.14548802946593,0.5902394106813996,0.235812133072407,0.8745387453874539
505,"C/ CAMÈLIES, 78","C/ CAMÈLIES, 78",8024.0,27,801907016,el Baix Guinardó,0.2282887412911053,0.1898007429922323,0.427333108184172,0.0046155578070471,0.0377124845209951,0.40131982811540823,0.27716390423572745,0.43547074850526,0.11992619926199266,0.33660953291493867,33.66,14.18,Bajo,467,10,3,275.87155056483226,1739.9344154571986,446.0033910347478,83.9422567467823,91,1307,49277,435,5.2,0.3818918918918919,0.5202578268876611,0.45119705340699817,0.5138121546961326,0.3167587476979742,0.2302025782688766,0.37569060773480667,0.27716390423572745,0.30478821362799263,0.6915285451197053,0.26611418047882135,0.4794520547945206,0.11992619926199266
215,"C/ GANDUXER, 29","C/ GANDUXER, 29",8021.0,21,801905056,Sant Gervasi - Galvany,0.1216424358540891,0.3022652992223599,0.6488222698072805,0.0034937450693113,0.0093542206694466,0.34422958870472686,0.20994475138121546,0.6279912820346484,0.035055350553505504,0.3352226669836462,33.52,14.0,Bajo,468,4,1,452.50215446595377,399.5289777187055,2133.795733563476,254.0946917058752,76,1155,74102,556,3.2,0.6536666666666666,0.09392265193370165,0.16482504604051565,0.17679558011049723,0.8232044198895028,0.7974217311233885,0.009208103130755041,0.20994475138121546,0.15653775322283608,0.9355432780847146,0.46685082872928174,0.9530332681017613,0.035055350553505504
431,"AV. JOAN XXIII, 17","AV. JOAN XXIII, 17",8028.0,20,801904049,la Maternitat i Sant Ramon,0.2987938225679179,0.320820651561267,0.4342238755495434,0.034268966294668,0.0969451020178108,0.34008594229588707,0.11786372007366483,0.5739707106637403,0.26199261992619927,0.33128758047684165,33.13,13.81,Bajo,469,2,2,443.61796192869616,362.81074544495567,937.2207937696724,99.8453290468519,57,1108,82214,653,5.0,0.2326216216216216,0.03222836095764273,0.2955801104972376,0.1915285451197053,0.843462246777164,0.3867403314917127,0.29097605893186007,0.11786372007366483,0.11694290976058933,0.9419889502762431,0.6068139963167587,0.6301369863013699,0.26199261992619927
299,"C/ DE L'ESCULTOR ORDÓÑEZ, 55","C/ DE L'ESCULTOR ORDÓÑEZ, 55",8016.0,27,801908035,Porta,0.2368082690445179,0.1153065825067628,0.2957619477006312,0.001127141568981,0.0133002705139765,0.4280233271945979,0.11786372007366483,0.5613433559301266,0.07380073800738007,0.3306800442201641,33.07,13.63,Bajo,470,10,9,345.14089738657555,3171.530776476012,0.0,42.36686817164209,57,4343,30782,867,5.7,0.4798684210526315,0.5202578268876611,0.8066298342541437,0.3627992633517495,0.09208103130755063,0.05156537753222836,0.7348066298342542,0.11786372007366483,0.998158379373849,0.08839779005524862,0.85451197053407,0.30430528375733856,0.07380073800738007
488,"AV. CAN MARCET, 36","AV. CAN MARCET, 36",8035.0,27,801907098,la Vall d'Hebron,0.1448737867321539,0.3252142534957149,0.6659900766801985,0.0014659449706811,0.0039467749210645,0.43124616329036214,0.03130755064456722,0.6474638973882143,0.03690036900369009,0.32616407451037566,32.62,13.44,Bajo,471,8,3,97.30121626002654,4350.08713593497,314.5727026658999,46.92060710406658,35,2055,54299,793,6.5,0.6216153846153846,0.39042357274401474,0.45119705340699817,0.858195211786372,0.0036832412523020164,0.17863720073664824,0.7053406998158379,0.03130755064456722,0.8793738489871087,0.7707182320441989,0.7744014732965009,0.1653620352250489,0.03690036900369009
264,"C/ FERRAN JUNOY, 10","C/ FERRAN JUNOY, 10",8030.0,33,801909008,el Bon Pastor,0.3440549804698621,0.0003757985719654,0.0505449079293498,0.0058248778654641,0.012401352874859,0.24769797421731124,0.04419889502762431,0.6826132632724625,0.3819188191881919,0.32568515342930937,32.57,13.26,Bajo,472,3,3,253.18015114533392,2331.053707861038,291.98578531966984,171.96993533950908,40,1857,53554,559,4.9,0.1309459459459459,0.058931860036832415,0.45119705340699817,0.5543278084714549,0.1915285451197053,0.17495395948434622,0.05524861878453036,0.04419889502762431,0.8167587476979742,0.7651933701657458,0.4723756906077348,0.6761252446183953,0.3819188191881919
436,"PG. ZONA FRANCA, 54","PG. ZONA FRANCA, 54",8038.0,27,801903032,la Marina de Port,0.3381746121332982,0.0290100462806185,0.1318433231741731,0.0276554915904729,0.0742747488429845,0.47559852670349906,0.141804788213628,0.238435811772677,0.4206642066420664,0.32461926533911084,32.46,13.08,Bajo,473,8,2,174.19073983576033,3659.257756704717,1218.922189651709,25.651946844099275,60,1637,30788,237,7.2,0.1046315789473684,0.39042357274401474,0.2955801104972376,0.7053406998158379,0.047882136279926324,0.5064456721915286,0.9079189686924494,0.141804788213628,0.6795580110497238,0.09023941068139964,0.06261510128913444,0.12133072407045009,0.4206642066420664
285,"C/ MALATS, 98-100","C/ MALATS, 98-100",8030.0,16,801909041,Sant Andreu,0.2787318268905669,0.1238588977797813,0.376197452947143,0.0,0.0294150794545249,0.30954573357888276,0.0570902394106814,0.26427255985267034,0.9040590405904059,0.3242905626570078,32.43,12.89,Bajo,474,6,2,417.516043425197,2688.398478790045,123.96492822341044,31.47554444637131,42,1318,38566,368,,-0.3196052631578948,0.22283609576427257,0.2955801104972376,0.23020257826887658,0.14180478821362796,0.1252302025782689,0.8416206261510129,0.0570902394106814,0.3139963167587477,0.3011049723756906,0.17771639042357273,,0.9040590405904059
345,PL. TERESA DE CLARAMUNT/C/ DELS FERROCA,PL. TERESA DE CLARAMUNT/C/ DELS FERROCARILS,8038.0,32,801903037,la Marina de Port,0.4263360072308214,0.0349113094565585,0.1336572138741385,0.0337814936165405,0.126313410914021,0.3712400245549417,0.3683241252302026,0.13875809538225342,0.448339483394834,0.32395548625656867,32.4,12.71,Bajo,475,8,2,306.2213546638278,2851.3478623944666,1561.0787699224943,93.64511937789588,108,962,40350,178,7.2,0.0798421052631579,0.39042357274401474,0.2955801104972376,0.45672191528545125,0.12338858195211788,0.6372007366482505,0.3241252302025782,0.3683241252302026,0.02394106813996317,0.39226519337016574,0.017495395948434623,0.12133072407045009,0.448339483394834
190,"AV. LITORAL, 72","AV. LITORAL, 72",8005.0,29,801910059,el Poblenou,0.4086887610997094,0.0069534472598703,0.077430760164997,0.014614024749558,0.076370064820271,0.13228974831184775,0.06445672191528545,0.6477175256691643,0.6605166051660516,0.3234224645801669,32.34,12.52,Bajo,476,4,0,918.7866925670722,1309.6968500802898,219.863747887982,180.31007808440103,45,1714,46556,752,5.2,-0.060235294117647,0.09392265193370165,0.06261510128913444,0.012891344383057057,0.429097605893186,0.14732965009208104,0.047882136279926324,0.06445672191528545,0.7449355432780848,0.6344383057090239,0.7320441988950276,0.4794520547945206,0.6605166051660516
411,"C/ JOSEP PLA, 67","C/ JOSEP PLA, 67",8019.0,24,801910235,Diagonal Mar i el Front Marítim del Poblenou,0.5393781654473833,0.0165447383230163,0.0568373663477771,0.028137310073157,0.122228474957794,0.5244014732965009,0.30386740331491713,0.10041337355346287,0.2564575645756457,0.3230793445572172,32.31,12.34,Bajo,477,8,2,377.5812713319378,278.031469548603,1532.0651617872982,52.8235297914109,95,1222,30442,261,7.4,0.2345128205128205,0.39042357274401474,0.2955801104972376,0.30570902394106814,0.8839779005524862,0.6279926335174953,0.6427255985267035,0.30386740331491713,0.19521178637200737,0.0570902394106814,0.08379373848987108,0.06555772994129161,0.2564575645756457
540,"C/ MANDONI, 6","C/ MANDONI, 6",8004.0,20,801903043,la Font de la Guatlla,0.4009301014656144,0.0273957158962795,0.1529875986471251,0.0219842164599774,0.1236753100338218,0.47605893186003684,0.2965009208103131,0.32309359829605044,0.0073800738007380184,0.32262626699771446,32.26,12.15,Bajo,478,30,2,317.5523284408036,2390.453542860942,1029.7572579360929,56.79058081591513,94,1451,39034,481,6.6,1.1844615384615385,0.929097605893186,0.2955801104972376,0.43462246777163904,0.18047882136279925,0.4180478821362799,0.5985267034990792,0.2965009208103131,0.4696132596685083,0.31675874769797424,0.3572744014732965,0.1487279843444227,0.0073800738007380184
467,PL. JESÚS CARRASCO,PL. JESÚS CARRASCO,8042.0,20,801908075,Verdun,0.1062899908592321,0.3112431444241316,0.6633912248628885,0.0,0.0,0.4794352363413137,0.10681399631675875,0.2525065501868651,0.40590405904059046,0.3185180782014543,31.85,11.97,Bajo,479,13,6,210.70594661736425,3898.5765540969846,486.2065145784135,60.62042557157402,54,1798,29170,254,7.3,0.1195,0.7053406998158379,0.6942909760589319,0.6500920810313076,0.027624309392265234,0.23941068139963168,0.5598526703499079,0.10681399631675875,0.7992633517495396,0.02394106813996317,0.07918968692449356,0.10763209393346385,0.40590405904059046
526,C/ TARONGERS | AV. MIRAMAR (TELEFÈRIC),C/ TARONGERS | AV. MIRAMAR (TELEFÈRIC),8038.0,28,801903024,el Poble-sec,0.1926135995857337,0.133212505663797,0.44777979157227,0.0,0.0005663797009515,0.15285451197053404,0.070902394106814,0.4537504549992251,0.8911439114391144,0.3183338781820638,31.83,11.79,Bajo,480,3,0,801.366273434127,3130.9836552658417,0.0,53.532868543920536,46,1908,32309,650,6.2,-0.2852702702702702,0.058931860036832415,0.06261510128913444,0.016574585635359074,0.09760589318600366,0.05156537753222836,0.6298342541436464,0.070902394106814,0.8434622467771639,0.14548802946593,0.5902394106813996,0.235812133072407,0.8911439114391144
470,"C/ GÒNGORA, 23","C/ GÒNGORA, 23",8042.0,24,801908078,Verdun,0.0833476599808978,0.3799426934097421,0.7303151862464183,0.0,0.0,0.39625537139349293,0.09023941068139964,0.16272754466200318,0.7509225092250922,0.31456949520733707,31.46,11.6,Bajo,481,13,6,334.81059894917087,3891.6616035347774,179.02120247586208,78.59920662904256,51,1477,26754,205,7.3,-0.1335142857142857,0.7053406998158379,0.6942909760589319,0.3885819521178637,0.029465930018416242,0.13812154696132597,0.421731123388582,0.09023941068139964,0.5027624309392266,0.0055248618784530384,0.034990791896869246,0.10763209393346385,0.7509225092250922
516,"C/ SANT ADRIÀ, 88","C/ SANT ADRIÀ, 88",8030.0,21,801909015,el Bon Pastor,0.5447625484800206,0.0099132589838909,0.0537343697194998,0.0802072772332995,0.2424242424242424,0.32458563535911605,0.16114180478821363,0.388874773401376,0.422509225092251,0.31448550068692566,31.45,11.42,Bajo,482,5,1,395.125038389765,1877.0102148305475,763.9098487398943,43.007819130293896,66,1792,29712,223,4.9,0.1036486486486486,0.15469613259668508,0.16482504604051565,0.26519337016574585,0.28729281767955805,0.34806629834254144,0.7274401473296501,0.16114180478821363,0.7955801104972375,0.03314917127071823,0.05064456721915286,0.6761252446183953,0.422509225092251
310,C/ JOSEP SAMITIER | AV. JOAN XXIII,C/ JOSEP SAMITIER | AV. JOAN XXIII,8028.0,27,801904049,la Maternitat i Sant Ramon,0.2133420213943502,0.3051764971241683,0.5327619262433743,0.0175933235592646,0.0537949701139054,0.3753836709637815,0.08011049723756906,0.5739707106637403,0.11254612546125464,0.3117865056318391,31.18,11.23,Bajo,483,4,0,518.9050961578255,356.68098759693174,1082.495656610942,48.05899663577571,48,1108,82214,653,5.0,0.3982631578947369,0.09392265193370165,0.06261510128913444,0.11418047882136284,0.8453038674033149,0.44014732965009207,0.6961325966850829,0.08011049723756906,0.11694290976058933,0.9419889502762431,0.6068139963167587,0.6301369863013699,0.11254612546125464
282,"PG. FONT D´EN- FARGAS, 1","PG. FONT D´EN- FARGAS, 1",8031.0,27,801907054,la Font d'en Fargues,0.1479807112718505,0.1512206148282097,0.4177215189873418,0.0,0.0,0.21040515653775324,0.3876611418047882,0.5243190328428351,0.053505535055350606,0.30966267870842207,30.97,11.05,Bajo,484,8,1,367.6687858964957,3098.9938087890696,0.0,109.33074489727872,111,1569,57475,613,6.9,0.5375,0.39042357274401474,0.16482504604051565,0.3204419889502762,0.09944751381215466,0.05156537753222836,0.2357274401473296,0.3876611418047882,0.6031307550644567,0.8241252302025782,0.5349907918968693,0.13502935420743645,0.053505535055350606
10,"C/ 60, NÚMERO 25","C/ 60, NÚMERO 25",8040.0,43,801903025,la Marina del Prat Vermell,0.3367412492428553,0.0,0.0292028413575374,0.0,0.0,0.19567219152854518,0.027624309392265192,0.41323975666100843,0.8653136531365313,0.3084983315187889,30.85,10.87,Bajo,485,4,2,438.2459338185031,4303.381515922226,737.1234961227622,108.29466132255185,34,1462,30218,388,4.1,-0.2605135135135135,0.09392265193370165,0.2955801104972376,0.19705340699815843,0.0055248618784530246,0.3370165745856354,0.24493554327808476,0.027624309392265192,0.47974217311233885,0.04788213627992634,0.21731123388581952,0.9080234833659491,0.8653136531365313
35,"C/ SANT RAMON DE PENYAFORT, 1","C/ SANT RAMON DE PENYAFORT, 1",8930.0,54,801910081,el Besòs i el Maresme,0.514282556010228,0.0,0.0029282576866764,0.0179074220069827,0.0908886135826106,0.3807550644567219,0.011049723756906077,0.38719217725688626,0.5018450184501845,0.3081015005808284,30.81,10.68,Bajo,486,4,2,384.7511299646101,195.3525110777119,1162.2428295178377,115.68885518096928,25,2080,33850,444,6.3,0.0452272727272727,0.09392265193370165,0.2955801104972376,0.28913443830570906,0.9318600368324125,0.4677716390423573,0.20626151012891347,0.011049723756906077,0.8895027624309392,0.18139963167587478,0.27532228360957645,0.20254403131115462,0.5018450184501845
297,"C/ TURÓ BLAU, 1-3","C/ TURÓ BLAU, 1-3",8016.0,24,801908083,la Prosperitat,0.2082156042796865,0.149751356238698,0.3833634719710669,0.0,0.0,0.40147329650092084,0.07550644567219153,0.11729249332367474,0.7952029520295203,0.3079958313287169,30.8,10.5,Bajo,487,14,3,349.001470626568,3405.635669576216,1414.758882408588,116.26825463746142,47,1240,30608,179,6.6,-0.1838918918918918,0.7532228360957642,0.45119705340699817,0.3572744014732965,0.06998158379373853,0.574585635359116,0.20257826887661146,0.07550644567219153,0.2265193370165746,0.07366482504604052,0.020257826887661142,0.1487279843444227,0.7952029520295203
515,"C/ SANT ADRIÀ, 43","C/ SANT ADRIÀ, 43",8030.0,24,801909015,el Bon Pastor,0.4053658765989466,0.0347629796839729,0.1748306997742663,0.0207674943566591,0.069864559819413,0.468232044198895,0.15285451197053407,0.388874773401376,0.05719557195571956,0.3078928726059487,30.79,10.31,Bajo,488,7,3,140.79769346586764,2081.749250947346,761.5787059455794,47.38173610779482,63,1792,29712,223,4.9,0.522361111111111,0.3029465930018416,0.45119705340699817,0.7734806629834254,0.2320441988950276,0.3462246777163904,0.7034990791896869,0.15285451197053407,0.7955801104972375,0.03314917127071823,0.05064456721915286,0.6761252446183953,0.05719557195571956
124,C/ NOVA  BOCANA,C/ NOVA  BOCANA,8039.0,31,801901032,la Barceloneta,0.4707696565184304,0.0329608307935432,0.1578056214019641,0.0770967377807879,0.2481092674116717,0.24739103744628607,0.04419889502762431,0.35616843801018483,0.8025830258302583,0.3070661502401911,30.71,10.13,Bajo,489,3,0,1231.962156066897,1958.2455700085784,634.6023455817422,37.57939789229172,40,1637,30477,656,7.4,-0.1893529411764705,0.058931860036832415,0.06261510128913444,0.0018416206261510082,0.2725598526703499,0.30755064456721914,0.7808471454880295,0.04419889502762431,0.6795580110497238,0.06353591160220995,0.6160220994475138,0.06555772994129161,0.8025830258302583
458,"C/ TUCUMÁN, 21","C/ TUCUMÁN, 21",8030.0,24,801909009,el Bon Pastor,0.3565691579303348,0.0192762935407507,0.1469958291060759,0.0431743884567692,0.1130650433998421,0.14073050951503988,0.20994475138121546,0.3706887697181348,0.7435424354243543,0.3059454239187547,30.59,9.94,Bajo,490,5,1,476.13769529566207,2939.2614365814893,224.24713484395176,148.07755866514876,76,1352,40499,242,4.9,-0.1234473684210526,0.15469613259668508,0.16482504604051565,0.151012891344383,0.11786372007366486,0.14917127071823205,0.1068139963167587,0.20994475138121546,0.3370165745856354,0.40331491712707185,0.06629834254143646,0.6761252446183953,0.7435424354243543
472,"VIA FAVÈNCIA, 186","VIA FAVÈNCIA, 186",8042.0,24,801908057,la Guineueta,0.1066202712348322,0.2538036740673954,0.5996844359292235,0.0,0.0,0.39487415592387975,0.09023941068139964,0.12186410930072476,0.7527675276752768,0.3041469637201805,30.41,9.76,Bajo,491,13,2,352.88550731979217,4089.1046509847047,0.0,16.791207837435593,51,1165,36223,243,8.3,-0.1353157894736842,0.7053406998158379,0.2955801104972376,0.34806629834254144,0.014732965009208066,0.05156537753222836,0.9539594843462247,0.09023941068139964,0.16574585635359115,0.23204419889502761,0.06813996316758748,0.021526418786692814,0.7527675276752768
480,"PG. FABRA I PUIG, 385","PG. FABRA I PUIG, 385",8031.0,28,801907106,Horta,0.1911078717201166,0.1510204081632653,0.4103174603174603,0.0,0.0010204081632653,0.27255985267034993,0.06445672191528545,0.2298935391912006,0.8874538745387454,0.3021015948920558,30.21,9.58,Bajo,492,4,3,466.907939270655,3788.960358136123,0.0,32.0500102542741,45,1066,42100,291,6.0,-0.281,0.09392265193370165,0.45119705340699817,0.16390423572744017,0.03867403314917128,0.05156537753222836,0.8360957642725598,0.06445672191528545,0.08103130755064457,0.47697974217311234,0.10128913443830571,0.26027397260273977,0.8874538745387454
294,SEU DEL DISTRICTE (NOU BARRIS),SEU DEL DISTRICTE (NOU BARRIS),8042.0,24,801908215,la Guineueta,0.1491991512693405,0.1514195583596214,0.5092383956737269,0.0,0.0,0.3462246777163904,0.24677716390423574,0.24041843710919625,0.3856088560885609,0.3008188658673787,30.08,9.39,Bajo,493,13,3,237.35824177865567,3587.2981476677296,308.5490383992678,149.5275758656863,84,1512,37830,316,8.3,0.1285675675675675,0.7053406998158379,0.45119705340699817,0.5893186003683242,0.05340699815837935,0.17679558011049723,0.10128913443830567,0.24677716390423574,0.5331491712707183,0.2716390423572744,0.13535911602209943,0.021526418786692814,0.3856088560885609
572,"AV. CAN MARCET, 3","AV. CAN MARCET, 3",8035.0,24,801907098,la Vall d'Hebron,0.1021589991928975,0.2843825665859564,0.6330508474576271,0.0,0.0002421307506053,0.30632289748311853,0.06445672191528545,0.6474638973882143,0.10332103321033215,0.30069132392651626,30.07,9.21,Bajo,494,5,3,323.85965157326285,4172.60754994696,678.4986546764151,68.73657089459131,45,2055,54299,793,6.5,0.4166666666666667,0.15469613259668508,0.45119705340699817,0.4033149171270718,0.009208103130755041,0.32044198895027626,0.49907918968692444,0.06445672191528545,0.8793738489871087,0.7707182320441989,0.7744014732965009,0.1653620352250489,0.10332103321033215
31,PL. DEL MAR,PL. DEL MAR,8003.0,18,801901032,la Barceloneta,0.6623979770667467,0.0018026137899954,0.0340243352861649,0.1827399729607931,0.4968454258675079,0.18201350521792511,0.2965009208103131,0.35616843801018483,0.48616236162361626,0.29979642077494073,29.98,9.02,Bajo,495,3,0,854.4946443750266,1444.7121956991728,422.5806357602032,90.16729472772182,94,1637,30477,656,7.4,0.056,0.058931860036832415,0.06261510128913444,0.014732965009208066,0.39042357274401474,0.22467771639042358,0.3406998158379374,0.2965009208103131,0.6795580110497238,0.06353591160220995,0.6160220994475138,0.06555772994129161,0.48616236162361626
476,"C/ PERIODISTES, 9","C/ PERIODISTES, 9",8032.0,18,801907050,el Guinardó,0.2827827827827828,0.2154279279279279,0.4363738738738739,0.0302927927927927,0.084009009009009,0.4195825659914058,0.19705340699815838,0.23091751269492886,0.3025830258302583,0.29923408189480255,29.92,8.84,Bajo,496,6,4,256.2356958936104,2226.123936814836,400.7490777199739,41.163705336206505,74,1138,37569,358,5.5,0.1931578947368421,0.22283609576427257,0.567219152854512,0.5469613259668509,0.2117863720073665,0.2136279926335175,0.7550644567219152,0.19705340699815838,0.14548802946593,0.26519337016574585,0.16758747697974216,0.3454011741682974,0.3025830258302583
295,"C/ SANT ISCLE, 60","C/ SANT ISCLE, 60",8031.0,27,801908038,el Turó de la Peira,0.1783043746766144,0.1025236593059936,0.3436232537178909,0.0,0.0,0.3402394106813997,0.09760589318600368,0.28732975821070883,0.5498154981549815,0.2977900313109152,29.78,8.66,Bajo,497,10,10,426.9920409259392,3285.704428744904,0.0,88.55508650722375,52,1536,33283,311,5.9,0.0131282051282051,0.5202578268876611,0.8232044198895028,0.2117863720073665,0.08287292817679559,0.05156537753222836,0.35174953959484345,0.09760589318600368,0.5718232044198895,0.16758747697974216,0.1261510128913444,0.28375733855185914,0.5498154981549815
292,"C/ AMILCAR, 1","C/ AMILCAR, 1",8031.0,12,801908010,Vilapicina i la Torre Llobeta,0.2904037558685446,0.1798309859154929,0.4758309859154929,0.0445070422535211,0.124169014084507,0.44321669736034375,0.1703499079189687,0.18704387453914434,0.35239852398523985,0.2973340682884345,29.73,8.47,Bajo,498,12,7,245.4768308890688,2994.561749853789,244.4914245175751,76.80465959432057,68,1026,40981,311,6.6,0.1569999999999999,0.6482504604051565,0.7366482504604052,0.567219152854512,0.11049723756906082,0.15837937384898712,0.43830570902394106,0.1703499079189687,0.058931860036832415,0.4143646408839779,0.1261510128913444,0.1487279843444227,0.35239852398523985
268,"C/ FERNANDO PESSOA, 72","C/ FERNANDO PESSOA, 72",8030.0,27,801909031,Sant Andreu,0.1830077628027847,0.0414461087960355,0.2725532154521906,0.0,0.0001126252956414,0.46255371393492944,0.008287292817679558,0.2906691221608349,0.3911439114391144,0.29530449033772105,29.53,8.29,Bajo,499,12,6,336.0084691516883,3163.1546600234296,1201.4762284527485,72.620151538707,21,1127,46173,306,,0.1266842105263158,0.6482504604051565,0.6942909760589319,0.3830570902394107,0.09392265193370164,0.49171270718232046,0.4640883977900553,0.008287292817679558,0.1279926335174954,0.6233885819521179,0.12062615101289134,,0.3911439114391144
485,"PG. VALLDAURA, 26","PG. VALLDAURA, 26",8031.0,27,801907109,Horta,0.1012849584278155,0.1908562307604606,0.6527191882339528,0.0,0.0,0.40224063842848373,0.03683241252302026,0.3148382905724161,0.4003690036900369,0.2887572497773339,28.88,8.1,Bajo,500,12,1,65.16818432835652,4394.623330408033,0.0,52.911821547223575,37,1602,33451,374,6.0,0.1222105263157894,0.6482504604051565,0.16482504604051565,0.9060773480662984,0.0018416206261510082,0.05156537753222836,0.6408839779005524,0.03683241252302026,0.6353591160220995,0.1731123388581952,0.19060773480662985,0.26027397260273977,0.4003690036900369
270,"CRTA. DE RIBES, 77 (TRINITAT VELLA)","270 - CRTA. DE RIBES, 77 (TRINITAT VELLA)",8033.0,27,801909005,la Trinitat Vella,0.1433244871730676,0.0832582244254168,0.3997296079315007,0.0,0.0,0.44106813996316757,0.03683241252302026,0.22982866801454557,0.4298892988929889,0.2855225139554485,28.55,7.92,Bajo,501,18,3,322.31113115235644,3570.281281446106,0.0,30.610541976691568,37,1571,35830,279,9.9,0.0977647058823529,0.8250460405156538,0.45119705340699817,0.4106813996316758,0.05524861878453036,0.05156537753222836,0.8526703499079189,0.03683241252302026,0.6077348066298343,0.21178637200736647,0.09392265193370165,0.005870841487279899,0.4298892988929889
539,"C/ FRANÇA XICA, 4","C/ FRANÇA XICA, 4",8004.0,16,801903006,el Poble-sec,0.4673906230412435,0.0942710292089758,0.26137645731478,0.0979064811332581,0.3773348376582675,0.3031000613873542,0.3821362799263352,0.26452393566220855,0.059040590405904037,0.2766061639435955,27.66,7.73,Bajo,502,2,3,311.924503797309,2637.130119728204,1.547294748817061,52.97497568397254,110,1346,36397,422,6.2,0.5204705882352941,0.03222836095764273,0.45119705340699817,0.4419889502762431,0.149171270718232,0.10497237569060773,0.6390423572744015,0.3821362799263352,0.3314917127071823,0.23572744014732966,0.2550644567219153,0.235812133072407,0.059040590405904037
234,"PG. DE L´EXPOSICIÓ,34","PG. DE L´EXPOSICIÓ, 34",8004.0,23,801903024,el Poble-sec,0.4766986297344682,0.0729894120297364,0.2090560937148006,0.1519486370804235,0.2769767965758054,0.1979742173112339,0.36095764272559855,0.4537504549992251,0.009225092250922495,0.27435176432777614,27.44,7.55,Bajo,503,3,3,405.1796738600773,2788.7118591897192,0.0,108.85118688572425,107,1908,32309,650,6.2,1.1695263157894735,0.058931860036832415,0.45119705340699817,0.2504604051565378,0.13443830570902393,0.05156537753222836,0.24125230202578274,0.36095764272559855,0.8434622467771639,0.14548802946593,0.5902394106813996,0.235812133072407,0.009225092250922495
269,"VIA BARCINO, 121","VIA BARCINO, 121",8033.0,20,801909005,la Trinitat Vella,0.2299019055135866,0.0466794452587664,0.2071259443003721,0.0,0.0,0.36095764272559855,0.027624309392265192,0.22982866801454557,0.5553505535055351,0.27400100233149244,27.4,7.37,Bajo,504,10,2,87.45912111927426,3409.3345325758573,878.6420283040595,197.4260961578285,34,1571,35830,279,9.9,0.0097142857142857,0.5202578268876611,0.2955801104972376,0.8729281767955801,0.06813996316758753,0.3775322283609576,0.03130755064456725,0.027624309392265192,0.6077348066298343,0.21178637200736647,0.09392265193370165,0.005870841487279899,0.5553505535055351
404,"C/ JUAN GRIS, 28","C/ JUAN GRIS, 28",8014.0,32,801903064,la Bordeta,0.3018084686513306,0.0224402345511953,0.1212223725755525,0.0027063599458728,0.0128552097428958,0.27163904235727443,0.15653775322283608,0.39365812169111947,0.2583025830258303,0.2713680210074095,27.14,7.18,Bajo,505,20,0,554.0822150607306,2246.267435781492,736.3435408789788,159.38111564274948,64,1170,41233,634,5.3,0.2344545454545454,0.8453038674033149,0.06261510128913444,0.09944751381215466,0.2099447513812155,0.3351749539594843,0.07734806629834257,0.15653775322283608,0.17495395948434622,0.425414364640884,0.567219152854512,0.4070450097847358,0.2583025830258303
466,"C/ PABLO IGLESIAS, 21","C/ PABLO IGLESIAS, 21",8016.0,30,801908090,la Prosperitat,0.1685416901514297,0.0924360275053545,0.3467478300078909,0.0,0.0,0.27041129527317376,0.1261510128913444,0.1214361397325145,0.7564575645756457,0.2700093761879224,27.0,7.0,Bajo,506,9,2,231.39532445783863,3501.2511008740566,370.7820393313772,216.43336527352588,58,1141,32819,189,6.6,-0.1432162162162162,0.4539594843462247,0.2955801104972376,0.6003683241252302,0.05893186003683237,0.18968692449355432,0.023941068139963217,0.1261510128913444,0.14917127071823205,0.16022099447513813,0.027624309392265192,0.1487279843444227,0.7564575645756457
459,"PG. SANTA COLOMA, 105","PG. SANTA COLOMA, 105",8030.0,39,801909005,la Trinitat Vella,0.2983101745371857,0.0023694008800631,0.0288841250141035,0.0,0.0204219790138779,0.33548189073050955,0.008287292817679558,0.22982866801454557,0.6070110701107011,0.26799931248033976,26.8,6.81,Bajo,507,8,3,269.4551248794974,3245.5940068014725,1201.051507883623,160.54637562538943,21,1571,35830,279,9.9,-0.0222432432432432,0.39042357274401474,0.45119705340699817,0.5211786372007366,0.0865561694290976,0.48987108655616945,0.07366482504604055,0.008287292817679558,0.6077348066298343,0.21178637200736647,0.09392265193370165,0.005870841487279899,0.6070110701107011
400,MOLL ORIENTAL,MOLL ORIENTAL,8039.0,44,801901032,la Barceloneta,0.4011364936104727,0.0727439094132448,0.1888367837126844,0.0067482557474551,0.1594418391856342,0.24309392265193372,0.040515653775322284,0.35616843801018483,0.5,0.2592538958745536,25.93,6.63,Bajo,508,3,0,1294.8464944626808,2043.47989545754,565.1014241794869,32.679555339784095,39,1637,30477,656,7.4,0.0459333333333333,0.058931860036832415,0.06261510128913444,0.0,0.24677716390423576,0.2596685082872928,0.8305709023941068,0.040515653775322284,0.6795580110497238,0.06353591160220995,0.6160220994475138,0.06555772994129161,0.5
468,"C/ NOU BARRIS, 23","C/ NOU BARRIS, 23",8042.0,18,801908067,les Roquetes,0.1018727295502943,0.3576099210822999,0.720293122886133,0.0,0.0,0.4145181092694905,0.1261510128913444,0.2736851873876017,0.08671586715867163,0.2580477683878589,25.8,6.45,Bajo,509,11,7,163.07265069521495,4098.258054991648,322.3929580227548,108.36072663873084,58,1770,31663,268,7.3,0.4611052631578947,0.5902394106813996,0.7366482504604052,0.7237569060773481,0.012891344383057057,0.18047882136279927,0.24309392265193375,0.1261510128913444,0.7716390423572744,0.1270718232044199,0.08839779005524862,0.10763209393346385,0.08671586715867163
424,"PG. MARÍTIM DE LA BARCELONETA, 6","PG. MARÍTIM DE LA BARCELONETA,6",8003.0,27,801901035,la Barceloneta,0.6729524795911064,0.0,0.0021598272138228,0.0982153006706831,0.469023530749119,0.28790669122160834,0.35082872928176795,0.11813897208016635,0.2656826568265682,0.25786166579203174,25.79,6.26,Bajo,510,5,0,651.510412171927,893.2006286052869,377.6655360963487,50.09744556301131,105,1138,26681,423,7.4,0.230655172413793,0.15469613259668508,0.06261510128913444,0.05156537753222834,0.5911602209944751,0.19521178637200737,0.6721915285451197,0.35082872928176795,0.14548802946593,0.003683241252302026,0.2578268876611418,0.06555772994129161,0.2656826568265682
573," AV. MARTÍ CODOLAR, 2 | COLL I ALENTORN"," AV. MARTÍ CODOLAR, 2 | COLL I ALENTORN",8035.0,20,801907101,la Vall d'Hebron,0.0527423981640849,0.461503155479059,0.8962707974756168,0.0,0.0,0.4037753222836096,0.20257826887661143,0.260032958161695,0.005535055350553542,0.257804427861423,25.78,6.08,Bajo,511,7,6,388.01125809299,3355.5312330087654,825.2862114908611,46.027667744370014,75,1352,39871,371,6.5,1.2177435897435898,0.3029465930018416,0.6942909760589319,0.2817679558011049,0.07734806629834257,0.35911602209944754,0.7071823204419889,0.20257826887661143,0.3370165745856354,0.35451197053406996,0.1832412523020258,0.1653620352250489,0.005535055350553542
344,"C/ CIUTAT D'ASUNCIÓN, 73 / POTOSÍ","C/ CIUTAT D'ASUNCIÓN, 73 / POTOSÍ",8030.0,27,801909007,Baró de Viver,0.5166541541541542,0.0051801801801801,0.0593468468468468,0.0382882882882882,0.1141891891891891,0.12400245549416822,0.2716390423572744,0.1427625390578543,0.7269372693726937,0.25604184518264506,25.6,5.89,Bajo,512,5,0,746.3854563663721,2689.3724123248435,537.2700564940087,145.60424986857026,90,1290,26095,95,5.9,-0.1140263157894736,0.15469613259668508,0.06261510128913444,0.025782688766114226,0.13996316758747696,0.2504604051565378,0.11049723756906082,0.2716390423572744,0.283609576427256,0.001841620626151013,0.001841620626151013,0.28375733855185914,0.7269372693726937
477,"C/ AMILCAR, 78","C/ AMILCAR, 78",8032.0,26,801907052,la Font d'en Fargues,0.1603112975352723,0.1401532221721496,0.4366831906264083,0.0,0.0,0.3615715162676489,0.10313075506445672,0.36386783578942816,0.08118081180811809,0.25547680017836605,25.55,5.71,Bajo,513,6,9,320.1691451228672,2673.8588097285688,0.0,65.08177631474996,53,1172,55776,472,6.9,0.4678611111111111,0.22283609576427257,0.8066298342541437,0.421731123388582,0.14364640883977897,0.05156537753222836,0.5230202578268877,0.10313075506445672,0.17679558011049723,0.7974217311233885,0.3462246777163904,0.13502935420743645,0.08118081180811809
259,"C/ DE BARTRINA, 14","C/ DE BARTRINA, 14",8030.0,24,801909040,Sant Andreu,0.3234120228502251,0.038020655998184,0.1504937010554988,0.0015889229372375,0.0127113834979003,0.2542971147943523,0.07550644567219153,0.5049109883364027,0.09594095940959413,0.24849949259161097,24.85,5.43,Bajo,514,10,0,522.4513736327905,2898.198709792933,268.1394289506092,62.504873965252806,47,1535,44928,484,,0.4450571428571429,0.5202578268876611,0.06261510128913444,0.1086556169429097,0.12154696132596687,0.16758747697974216,0.5451197053406998,0.07550644567219153,0.5662983425414365,0.583793738489871,0.36464088397790057,,0.09594095940959413
478,"C/ ESCULTOR LLIMONA, 7","C/ ESCULTOR LLIMONA, 7",8031.0,30,801908006,Vilapicina i la Torre Llobeta,0.2463232254913012,0.0973960094690564,0.2598354187802953,0.0120617743208206,0.0192762935407507,0.28299570288520565,0.2292817679558011,0.3507179076883156,0.029520295202952074,0.24847645920129396,24.85,5.43,Bajo,514,6,7,339.6576864613693,2939.968128120057,0.0,118.78607857554633,79,1566,39670,459,6.6,0.7162307692307692,0.22283609576427257,0.7366482504604052,0.37569060773480667,0.11602209944751385,0.05156537753222836,0.1952117863720073,0.2292817679558011,0.5966850828729282,0.34806629834254144,0.30939226519337015,0.1487279843444227,0.029520295202952074
296,"C/ DE ROSSELLÓ I PORCEL, 1 | AV. MERIDIANA","C/ DE ROSSELLÓ I PORCEL, 1 | AV. MERIDIANA",8016.0,33,801908029,Porta,0.2178874674516019,0.0762141967621419,0.2520547945205479,0.0022415940224159,0.0052303860523038,0.19214241866175566,0.09023941068139964,0.200385713204528,0.6918819188191883,0.24368841532597463,24.37,5.16,Bajo,516,8,0,585.0549927250885,2799.7301429426466,395.470614397284,102.52110794177192,51,1411,30320,212,5.7,-0.0876944444444444,0.39042357274401474,0.06261510128913444,0.0847145488029466,0.1289134438305709,0.21178637200736647,0.2744014732965009,0.09023941068139964,0.4014732965009208,0.052486187845303865,0.0432780847145488,0.30430528375733856,0.6918819188191883
519,"C/ PEDRELL, 52","C/ PEDRELL, 52",8032.0,24,801907054,la Font d'en Fargues,0.2116424627486574,0.1664397549353301,0.410596777853415,0.0091899251191286,0.012933968686181,0.18308778391651317,0.1703499079189687,0.5243190328428351,0.03874538745387457,0.24355976767931176,24.36,4.97,Bajo,517,2,0,659.7459346622977,2795.03403275103,0.0,39.46910238687322,68,1569,57475,613,6.9,0.6040000000000001,0.03222836095764273,0.06261510128913444,0.046040515653775316,0.13259668508287292,0.05156537753222836,0.7734806629834254,0.1703499079189687,0.6031307550644567,0.8241252302025782,0.5349907918968693,0.13502935420743645,0.03874538745387457
301,"C/ MARIE CURIE, 8-14","C/ MARIE CURIE, 8-14",8042.0,27,801908215,la Guineueta,0.1521664747216797,0.1507435781883731,0.463609734114466,0.0,0.0,0.2983425414364641,0.30386740331491713,0.24041843710919625,0.01845018450184499,0.2432588772840675,24.33,4.79,Bajo,518,13,3,341.64052922580527,3689.2325149521553,371.933032772385,205.49684024792413,95,1512,37830,316,8.3,0.8337894736842105,0.7053406998158379,0.45119705340699817,0.37016574585635365,0.04419889502762431,0.19152854511970535,0.027624309392265234,0.30386740331491713,0.5331491712707183,0.2716390423572744,0.13535911602209943,0.021526418786692814,0.01845018450184499
32,LA BARCELONETA (CN BARCELONETA),LA BARCELONETA (CN BARCELONETA),8003.0,35,801901032,la Barceloneta,0.5786310194878402,0.0177001127395715,0.0710259301014656,0.1157835400225479,0.2636978579481398,0.21608348680171882,0.1869244935543278,0.35616843801018483,0.21217712177121772,0.24322902153741238,24.32,4.6,Bajo,519,3,0,971.8251819265588,1565.819591272061,422.9316264937992,57.512074641124464,71,1637,30477,656,7.4,0.2773529411764706,0.058931860036832415,0.06261510128913444,0.0055248618784530246,0.35174953959484345,0.2265193370165746,0.5911602209944751,0.1869244935543278,0.6795580110497238,0.06353591160220995,0.6160220994475138,0.06555772994129161,0.21217712177121772
357,"C/ CARDENER, 59","C/ CARDENER, 59",8024.0,27,801906026,la Salut,0.2061006596322581,0.1455446659907626,0.4192857947504788,0.0,0.0227554353948406,0.1959791282995703,0.2716390423572744,0.3707838240117056,0.07933579335793361,0.24109878050078462,24.11,4.42,Bajo,520,7,0,642.3312824728174,1561.2961960850112,287.69858144068866,113.59049771171006,90,982,46812,462,5.2,0.4732972972972973,0.3029465930018416,0.06261510128913444,0.06261510128913439,0.35543278084714547,0.1712707182320442,0.22099447513812154,0.2716390423572744,0.040515653775322284,0.6464088397790055,0.31675874769797424,0.4794520547945206,0.07933579335793361
444,"C/ LLEIDA, 40","C/ LLEIDA, 40",8004.0,27,801903005,el Poble-sec,0.3916801525472633,0.0345489443378119,0.1580670655978322,0.007225922998758,0.0614203454894433,0.33317986494782076,0.17495395948434622,0.17888857654618645,0.22693726937269376,0.2391141771452745,23.91,4.24,Bajo,521,7,6,486.4945770040093,2488.7724701446264,0.0,51.37100470695774,69,1096,32872,381,6.2,0.2598108108108108,0.3029465930018416,0.6942909760589319,0.13627992633517494,0.16022099447513816,0.05156537753222836,0.6537753222836096,0.17495395948434622,0.10405156537753223,0.16390423572744015,0.21178637200736647,0.235812133072407,0.22693726937269376
298,"C/ ANDREU NIN, 22","C/ ANDREU NIN, 22",8016.0,32,801908029,Porta,0.2956286615592609,0.05396575033799,0.1778954484001802,0.000788643533123,0.0187021180712032,0.3502148557397176,0.23848987108655617,0.200385713204528,0.027675276752767486,0.23644538709458734,23.64,4.05,Bajo,522,10,2,458.1893006064004,2788.5840963064898,1057.045602886819,61.7126100632819,82,1411,30320,212,5.7,0.7328378378378378,0.5202578268876611,0.2955801104972376,0.1731123388581952,0.13627992633517494,0.42357274401473294,0.5524861878453038,0.23848987108655617,0.4014732965009208,0.052486187845303865,0.0432780847145488,0.30430528375733856,0.027675276752767486
482,"PG. UNIVERSAL, 29 | C/ DOCTOR LETAMENDI","PG. UNIVERSAL, 29 | C/ DOCTOR LETAMENDI",8042.0,23,801907105,Horta,0.3589576579135528,0.1306600585717504,0.2930840279342194,0.0009011038522189,0.0394232935345798,0.269950890116636,0.05064456721915286,0.22137604379525216,0.48892988929889303,0.23582744768925779,23.58,3.87,Bajo,523,12,1,431.2127362179203,4149.56511942228,0.0,63.19661001466541,41,978,42471,281,6.0,0.0552777777777777,0.6482504604051565,0.16482504604051565,0.20626151012891347,0.011049723756906049,0.05156537753222836,0.5377532228360957,0.05064456721915286,0.03406998158379374,0.49263351749539597,0.09852670349907919,0.26027397260273977,0.48892988929889303
463,"C/ PEDROSA, 24","C/ PEDROSA, 24",8033.0,24,801908107,la Trinitat Nova,0.1121649679124197,0.2883352208380521,0.5960362400906002,0.0373725934314835,0.0520951302378255,0.45319214241866174,0.013812154696132596,0.2089811441113189,0.13653136531365317,0.23479527934544248,23.48,3.68,Bajo,524,11,4,21.489577443174262,3889.251914840351,518.507217787142,99.31141165266364,26,1789,28579,156,9.5,0.3621315789473684,0.5902394106813996,0.567219152854512,0.9852670349907919,0.03130755064456725,0.24677716390423574,0.2983425414364641,0.013812154696132596,0.7900552486187845,0.020257826887661142,0.01289134438305709,0.012720156555772966,0.13653136531365317
11,"PG. MARITIM, 11 (DAVANT PL. BRUGADA)","PG. MARITIM, 11 (DAVANT PL. BRUGADA)",8003.0,34,801901036,la Barceloneta,0.4311798128342246,0.0268181818181818,0.0917045454545454,0.0321590909090909,0.17125,0.31629834254143646,0.11786372007366483,0.11123289473210007,0.42435424354243545,0.2316317101223093,23.16,3.5,Bajo,525,5,2,486.10884554456266,613.3866660808515,573.3922349828803,91.95308374915706,57,1137,32134,292,7.4,0.1032162162162162,0.15469613259668508,0.2955801104972376,0.13812154696132595,0.7163904235727441,0.26151012891344383,0.33149171270718236,0.11786372007366483,0.13720073664825047,0.13443830570902393,0.10773480662983426,0.06555772994129161,0.42435424354243545
462,"C/ PALAMÓS, 33","C/ PALAMÓS, 33",8033.0,28,801908104,la Trinitat Nova,0.1594400695685782,0.153646714011949,0.4129184984781873,0.0,0.0,0.39947820748925716,0.013812154696132596,0.05060177026233182,0.47601476014760147,0.22732306788299633,22.73,3.31,Bajo,526,7,4,278.3093561185124,3623.127147258095,0.0,25.14743389194641,26,1174,26883,102,9.5,0.0599444444444444,0.3029465930018416,0.567219152854512,0.5064456721915285,0.05156537753222834,0.05156537753222836,0.9171270718232044,0.013812154696132596,0.17863720073664824,0.007366482504604052,0.003683241252302026,0.012720156555772966,0.47601476014760147
349,"C/ DE L'ENERGIA, 2 / ALTS FORNS","C/ DE L'ENERGIA, 2 / ALTS FORNS",8038.0,32,801903029,la Marina de Port,0.4596562711482066,0.0159034513873223,0.0627114820663207,0.0347394540942928,0.0956462891946763,0.20027624309392267,0.05064456721915286,0.1290895870949606,0.7214022140221402,0.2232405557647223,22.32,3.13,Bajo,527,1,4,372.10342207882826,3075.281532629611,347.1897998402645,218.070576614456,41,1166,34892,190,7.2,-0.1074594594594594,0.011970534069981584,0.567219152854512,0.31123388581952116,0.10313075506445668,0.1860036832412523,0.02209944751381221,0.05064456721915286,0.1685082872928177,0.19521178637200737,0.03130755064456722,0.12133072407045009,0.7214022140221402
517,"AV. RASOS DE PEGUERA, 10","AV. RASOS DE PEGUERA, 10",8033.0,20,801908115,Ciutat Meridiana,0.4122691441441441,0.0070945945945945,0.1073198198198198,0.0364864864864864,0.0752252252252252,0.45457335788827496,0.027624309392265192,0.17863720073664824,0.07749077490774903,0.22228966902928693,22.23,2.95,Bajo,528,14,4,136.35481668241275,5316.888200286007,0.0,59.57030170709589,34,1653,27144,124,10.4,0.4737894736842105,0.7532228360957642,0.567219152854512,0.7845303867403315,0.0,0.05156537753222836,0.570902394106814,0.027624309392265192,0.6979742173112339,0.009208103130755065,0.007366482504604052,0.0,0.07749077490774903
544,"C/ MONTFAR, 1","C/ MONTFAR, 1",8004.0,20,801903042,la Font de la Guatlla,0.3838056206088993,0.0507025761124121,0.1854800936768149,0.027751756440281,0.0854800936768149,0.2097912829957029,0.31583793738489874,0.2597878892721094,0.01291512915129156,0.21927067508544176,21.93,2.76,Bajo,529,6,2,425.8584424591744,2444.016847833566,123.57982499178829,111.18305484551374,97,1302,38367,456,6.6,1.043605263157895,0.22283609576427257,0.2955801104972376,0.2136279926335175,0.17679558011049723,0.12338858195211787,0.22651933701657456,0.31583793738489874,0.2946593001841621,0.2965009208103131,0.2992633517495396,0.1487279843444227,0.01291512915129156
398,PG. MARÍTIM DE LA BARCELONETA/ANDREA DÒ,PG. MARÍTIM DE LA BARCELONETA/ANDREA DÒRIA,8003.0,36,801901036,la Barceloneta,0.5997593283816562,0.0009048750141386,0.0048637032009953,0.0029408437959506,0.0685442823210044,0.3597298956414978,0.19705340699815838,0.11123289473210007,0.08856088560885611,0.21626117174841725,21.63,2.58,Bajo,530,5,0,635.2794187961188,751.3077640666794,548.7213003365575,11.602058596641514,74,1137,32134,292,7.4,0.4565806451612903,0.15469613259668508,0.06261510128913444,0.0644567219152854,0.6500920810313076,0.2523020257826888,0.9742173112338858,0.19705340699815838,0.13720073664825047,0.13443830570902393,0.10773480662983426,0.06555772994129161,0.08856088560885611
116,"C/ DEL DR. AIGUADER, 72 / PG. SALVAT","C/ DEL DR. AIGUADER, 72 / PG. SALVAT PAPASSEIT",8003.0,34,801901036,la Barceloneta,0.5474673663931976,0.001468097120271,0.0212309429700734,0.015923207227555,0.1221908526256352,0.3531307550644567,0.13351749539594843,0.11123289473210007,0.18081180811808117,0.21190513302228414,21.19,2.39,Bajo,531,5,2,338.9472748944994,421.12754356446897,1154.0030618693995,272.4381248542653,59,1137,32134,292,7.4,0.3063684210526315,0.15469613259668508,0.2955801104972376,0.3793738489871087,0.8176795580110497,0.46593001841620624,0.0055248618784530246,0.13351749539594843,0.13720073664825047,0.13443830570902393,0.10773480662983426,0.06555772994129161,0.18081180811808117
486,"C/ PORTO, 35 | AV. ESTATUT DE CATALUNYA","C/ PORTO, 35 | AV. ESTATUT DE CATALUNYA",8032.0,28,801907112,Horta,0.2254001352569882,0.0732642019837691,0.171663660955816,0.0,0.0,0.29419889502762436,0.11786372007366483,0.2966522868891748,0.03321033210332103,0.21158016481587658,21.16,2.21,Bajo,532,9,3,334.0448082077228,3684.3753481314993,284.1109312253777,105.62989401955636,57,1229,43884,340,6.0,0.6765263157894736,0.4539594843462247,0.45119705340699817,0.39042357274401474,0.046040515653775316,0.1694290976058932,0.2541436464088398,0.11786372007366483,0.21731123388581952,0.5598526703499079,0.14917127071823205,0.26027397260273977,0.03321033210332103
474,"VIA FAVÈNCIA, 47","VIA FAVÈNCIA, 47",8042.0,24,801908062,Canyelles,0.1041877981892633,0.2807393215372478,0.6331567677223037,0.0,0.0,0.47682627378759973,0.0570902394106814,0.10727485196757883,0.011070110701106972,0.209640985275391,20.96,2.03,Bajo,533,13,2,17.447506335247578,4263.486909923221,0.0,35.264305654551734,42,1082,38677,142,9.0,1.0907714285714285,0.7053406998158379,0.2955801104972376,0.994475138121547,0.007366482504604033,0.05156537753222836,0.8066298342541436,0.0570902394106814,0.09668508287292818,0.30755064456721914,0.009208103130755065,0.015655577299412915,0.011070110701106972
487,"C/ LISBOA, 128","C/ LISBOA, 128",8032.0,27,801907102,el Carmel,0.1270562797667497,0.1965513355122281,0.5744393102671025,0.0,0.0,0.26503990178023334,0.26243093922651933,0.16468629380155908,0.014760147601476037,0.20175729602032266,20.18,1.84,Bajo,534,7,4,357.2207736554066,3390.1098565592138,391.58598637335655,149.83957946540858,88,647,40693,246,6.4,0.9481538461538462,0.3029465930018416,0.567219152854512,0.3406998158379374,0.07182320441988954,0.20810313075506445,0.09944751381215466,0.26243093922651933,0.0,0.4106813996316759,0.06998158379373849,0.17808219178082196,0.014760147601476037
376,WORLD  TRADE CENTER,WORLD  TRADE CENTER,8039.0,43,801901001,el Raval,0.2721398188118135,0.1995252091340719,0.3257969703820936,0.0231743160750621,0.0527922224734343,0.15392879066912216,0.0027624309392265192,0.15220895366396012,0.6771217712177122,0.19418618856764625,19.42,1.66,Muy bajo,535,2,0,652.0895764703779,1998.550728716571,30.030378816312247,79.68871100957324,12,1272,30768,375,7.4,-0.0780833333333332,0.03222836095764273,0.06261510128913444,0.04972375690607733,0.2596685082872928,0.10865561694290976,0.4106813996316758,0.0027624309392265192,0.26335174953959484,0.08287292817679558,0.19705340699815838,0.06555772994129161,0.6771217712177122
489,"C/ JORGE MANRIQUE, 15","C/ JORGE MANRIQUE, 15",8035.0,27,801907101,la Vall d'Hebron,0.134064017159055,0.2084584885257719,0.5603748648323922,0.0,0.0,0.3012584407612032,0.02394106813996317,0.260032958161695,0.08394833948339486,0.1890262117643449,18.9,1.47,Muy bajo,536,2,5,411.2140554070549,3921.6010663516167,250.982554073796,47.57088698411263,33,1352,39871,371,6.5,0.4663947368421052,0.03222836095764273,0.6464088397790055,0.24309392265193375,0.025782688766114226,0.16022099447513813,0.6998158379373849,0.02394106813996317,0.3370165745856354,0.35451197053406996,0.1832412523020258,0.1653620352250489,0.08394833948339486
271,"VIA DE BÀRCINO, 54","VIA DE BÀRCINO, 54",8033.0,21,801909002,la Trinitat Vella,0.3909650041629737,0.0199661590524534,0.0975747320924985,0.0030456852791878,0.0258319232938522,0.1775629220380602,0.05064456721915286,0.238346163410494,0.33579335793357934,0.18476370906076967,18.48,1.29,Muy bajo,537,4,2,318.7589970255024,3758.6371660569466,0.0,130.77429881680774,41,2101,27575,206,9.9,0.1665555555555555,0.09392265193370165,0.2955801104972376,0.430939226519337,0.04051565377532229,0.05156537753222836,0.15285451197053412,0.05064456721915286,0.8941068139963168,0.014732965009208104,0.03867403314917127,0.005870841487279899,0.33579335793357934
464,"AV. RIO DE JANEIRO, 96","AV. RIO DE JANEIRO, 96",8016.0,24,801908092,la Prosperitat,0.2161751992181627,0.1281010374379792,0.3421290031574199,0.0,0.0041723049165539,0.2639656230816452,0.13351749539594843,0.0979554767490891,0.21955719557195574,0.18318979045062853,18.32,1.1,Muy bajo,538,5,0,549.8585126854675,3147.7197457748007,861.8662488749064,36.39186702135735,59,946,35831,117,6.6,0.266027027027027,0.15469613259668508,0.06261510128913444,0.10313075506445668,0.09576427255985265,0.3738489871086556,0.7937384898710865,0.13351749539594843,0.022099447513812154,0.2154696132596685,0.0055248618784530384,0.1487279843444227,0.21955719557195574
527,"PG. OLIMPIC, 8","PG. OLIMPIC, 8",8038.0,36,801903024,el Poble-sec,0.2263775817880295,0.1324061510628675,0.2678652193577566,0.0020352781546811,0.0031659882406151,0.1622160834868017,0.020257826887661142,0.4537504549992251,0.0,0.17527769969210216,17.53,0.92,Muy bajo,539,2,0,1228.7290202785064,3479.958456756826,0.0,40.37264905619696,32,1908,32309,650,6.2,1.491947368421053,0.03222836095764273,0.06261510128913444,0.0036832412523020164,0.06261510128913439,0.05156537753222836,0.7605893186003683,0.020257826887661142,0.8434622467771639,0.14548802946593,0.5902394106813996,0.235812133072407,0.0
375,WORLD TRADE CENTER,WORLD TRADE CENTER,8039.0,43,801901001,el Raval,0.3040392509418591,0.1608661149529532,0.3359029588482031,0.0225598004761364,0.0558893549484185,0.15024554941682014,0.0027624309392265192,0.15220895366396012,0.53690036900369,0.1718638437972372,17.19,0.74,Muy bajo,540,2,0,645.2184482886495,1977.484524603303,0.0,77.32148126883541,12,1272,30768,375,7.4,0.0232916666666666,0.03222836095764273,0.06261510128913444,0.05893186003683237,0.26703499079189685,0.05156537753222836,0.429097605893186,0.0027624309392265192,0.26335174953959484,0.08287292817679558,0.19705340699815838,0.06555772994129161,0.53690036900369
484,"C/ EDUARD TODA, 33 | C/ DOCTOR LETAMENDI","C/ EDUARD TODA, 33 | C/ DOCTOR LETAMENDI",8031.0,27,801907110,Horta,0.0754328442604618,0.2909878090463711,0.6547795374273669,0.0,0.0,0.1071209330877839,0.10313075506445672,0.20848469941219505,0.3653136531365314,0.17019323817036702,17.02,0.55,Muy bajo,541,1,1,398.81494895391313,4037.8661784183,0.0,137.17160843967284,53,893,42289,261,6.0,0.1481891891891892,0.011970534069981584,0.16482504604051565,0.2596685082872928,0.018416206261510082,0.05156537753222836,0.13627992633517494,0.10313075506445672,0.0055248618784530384,0.4843462246777164,0.08379373848987108,0.26027397260273977,0.3653136531365314
536,Estación de TESTING (no usuarios),Rafael Barradas 5,8908.0,2,801903025,la Marina del Prat Vermell,0.9117647058823528,0.0,1.0,1.0,1.0,0.03391651319828116,0.0,0.41323975666100843,,0.13550672798194177,13.55,0.37,Muy bajo,542,0,0,970.0316322190614,3296.892813334813,0.0,916.9739679304372,0,1462,30218,388,4.1,,0.0009208103130755065,0.06261510128913444,0.007366482504604033,0.08103130755064458,0.05156537753222836,0.0,0.0,0.47974217311233885,0.04788213627992634,0.21731123388581952,0.9080234833659491,
481,"PG. FABRA I PUIG, 411","PG. FABRA I PUIG, 411",8031.0,27,801907105,Horta,0.2416444394354909,0.0990645779330553,0.3187197114842781,0.0,0.0,0.11694290976058934,0.05064456721915286,0.22137604379525216,0.04243542435424352,0.11530048482294405,11.53,0.18,Muy bajo,543,4,0,626.0750232045989,3930.1906784590233,0.0,80.62227165953865,41,978,42471,281,6.0,0.5822564102564102,0.09392265193370165,0.06261510128913444,0.06998158379373853,0.023941068139963217,0.05156537753222836,0.3996316758747698,0.05064456721915286,0.03406998158379374,0.49263351749539597,0.09852670349907919,0.26027397260273977,0.04243542435424352
541,"C/ MARBRE, 2","C/ MARBRE, 2",8038.0,28,801903038,la Marina de Port,0.2386050953352109,0.0086109222750963,0.1633809200090641,0.0001133016088828,0.0122365737593473,0.20165745856353592,0.07550644567219153,0.06256104197525525,0.0036900369003689537,0.1056504879441546,10.57,0.0,Muy bajo,544,3,0,752.0858705882728,3358.9416310688216,0.0,21.596322113323613,47,902,31515,66,7.2,1.4066944444444445,0.058931860036832415,0.06261510128913444,0.023941068139963217,0.07550644567219156,0.05156537753222836,0.9373848987108655,0.07550644567219153,0.007366482504604052,0.12154696132596685,0.0,0.12133072407045009,0.0036900369003689537
