station_id,name,address,post_code,capacity,census_section,neighborhood,bikes_ratio_capacity_mean,pct_empty,pct_near_empty,pct_full,pct_near_full,bikes_available_mean,docks_available_mean,n_observations,bus_count_300m,bus_unique_lines_300m,bus_nearest_m,metro_count_500m,metro_unique_lines_500m,metro_nearest_m,tram_count_500m,tram_unique_lines_500m,tram_nearest_m,poi_count_300m,bike_lane_len_300m,bike_lane_nearest_m,mean_altitude_150m,mean_slope_150m,physical_configuration,cross_street,is_charging_station,short_name,nearby_distance,last_updated,income_2022_house,income_2022_pers,f,m,10-19,20-29,30-39,40-49,50-59,60-69,70+,total_population,education_primary,education_secondary,education_college,household_avg_m2,non_spanish_population,cars,others,motos,population,cars_abs,motos_abs,others_abs,unemployment_percentage,unemployment,bikes_available_std,bikes_available_min,bikes_available_max,docks_available_std,docks_available_min,docks_available_max,mechanical_bikes_mean,ebikes_mean,bikes_ratio_capacity_std,docks_ratio_capacity_mean,docks_ratio_capacity_std
1,"GRAN VIA CORTS CATALANES, 760","GRAN VIA CORTS CATALANES, 760",8013.0,46,801902008,el Fort Pienc,0.1913431588165633,0.0585946440833142,0.2024490730144197,0.0001144426642252,0.0067521171892881,8.801785305561914,33.99164568551156,8738,28,12,74.76330624560006,2,1,259.6449469798871,2,1,439.6236946489888,160,4385.783497293769,7.945045010698148,31.97297297297297,-0.1208918918918919,ELECTRICBIKESTATION,02-Eixample/05-el Fort Pienc,True,1,1000,1774994105,52884,20725,968,879,161,272,280,308,232,226,235,1847,125,741,834,89.3,520,302,23,165,1847,557.79,304.76,42.48,4.8,,6.892947597527717,0,46,7.469340561940124,0,46,4.500801098649577,4.300984206912337,0.1498466869027764,0.7389488192502514,0.162376968737829
10,"C/ 60, NÚMERO 25","C/ 60, NÚMERO 25",8040.0,43,801903025,la Marina del Prat Vermell,0.3367412492428553,0.0,0.0292028413575374,0.0,0.0,14.47987371744278,27.95974743488556,8869,7,4,108.29466132255185,2,1,438.2459338185031,0,0,4303.381515922226,34,737.1234961227622,152.66164739777724,11.54054054054054,-0.2605135135135135,ELECTRICBIKESTATION,03-Sants-Montjuïc/12-la Marina del Prat Vermell,True,10,1000,1774994105,30218,12529,708,754,125,155,266,244,236,178,99,1462,452,791,388,89.6,464,4272,4005,612,1462,6245.66,894.74,5855.31,4.1,,6.625081658023602,1,34,6.449122819534137,9,42,3.4065847333408503,11.073288984101929,0.1540716664656654,0.6502266845322222,0.1499796004542821
100,"C/ TARRAGONA,  159-173","C/ TARRAGONA,  159-173",8014.0,22,801903048,Hostafrancs,0.2429705215419501,0.0990929705215419,0.3688208616780045,0.0166666666666666,0.0725623582766439,5.345351473922903,11.432766439909296,8820,40,14,63.49836244697797,15,5,156.78849511047855,0,0,1379.7611662706604,105,2037.7411799257427,9.740006645797967,40.76315789473684,0.3445526315789474,ELECTRICBIKESTATION,03-Sants-Montjuïc/15-Hostafrancs,True,100,1000,1774994105,43851,20352,683,600,73,172,243,189,138,222,175,1283,170,559,508,72.1,333,338,62,157,1283,433.65,201.43,79.55,5.2,,4.687054926949846,0,19,5.056872722367671,0,21,1.5921768707482993,3.753174603174603,0.2130479512249923,0.5196712018140589,0.2298578510167128
101,"AV. DIAGONAL, 602","AV. DIAGONAL, 602",8021.0,24,801905059,Sant Gervasi - Galvany,0.1578665010164897,0.2619155184097583,0.5588434605827874,0.005534221820646,0.0176191551840975,3.7887960243957535,16.70668624350576,8854,48,33,42.69790920212494,0,0,642.5683760531798,6,3,73.2888893735873,232,2337.8902908458317,16.438676276628076,74.43589743589743,-0.4176153846153846,ELECTRICBIKESTATION,05-Sarrià-StGervasi/26-Sant Gervasi - Galvany,True,101,1000,1774994105,65718,29106,824,659,168,169,200,195,241,190,202,1483,71,533,761,130.4,309,519,142,294,1483,769.68,436.0,210.59,3.2,,4.516258873533078,0,22,4.956711562597161,0,24,0.7693697763722611,3.019426248023492,0.1881774530638787,0.69611192681274,0.2065296484415479
102,"AV. DIAGONAL,  612","AV. DIAGONAL,  612",8021.0,24,801905059,Sant Gervasi - Galvany,0.0937665381416799,0.3539351326831481,0.7278294397822636,0.0021546836017237,0.007371286005897,2.2503969154003176,19.20514855976412,8818,46,31,42.29677910622973,0,0,677.1788832427325,6,3,88.57573965626857,209,2480.67776846891,25.515427330865027,75.73529411764706,-0.4205588235294117,ELECTRICBIKESTATION,05-Sarrià-StGervasi/26-Sant Gervasi - Galvany,True,102,1000,1774994105,65718,29106,824,659,168,169,200,195,241,190,202,1483,71,533,761,130.4,309,519,142,294,1483,769.68,436.0,210.59,3.2,,3.314950848491058,0,21,3.625735113839601,0,24,0.3036969834429576,1.94669993195736,0.1381229520204603,0.800214523323505,0.1510722964099834
103,"C/ ARAGÓ, 629","C/ ARAGÓ, 629",8026.0,20,801910026,el Clot,0.3266576454668471,0.0997970230040595,0.2846188543076229,0.0325890843482183,0.095850248082995,6.533152909336942,11.164749661705006,8868,36,16,115.02440924364124,12,4,130.3404899237729,4,2,481.4312818472199,242,2342.138885367308,13.011920211912148,27.31578947368421,0.192157894736842,ELECTRICBIKESTATION,10-SantMartí/65-el Clot,True,103,1000,1774994105,44907,18716,774,729,130,186,255,253,228,181,152,1503,195,694,599,72.9,429,302,32,118,1503,453.91,177.35,48.1,5.9,,5.267933951799375,0,20,5.477846345066326,0,20,3.056269733874605,3.4768831754623366,0.2633966975899679,0.5582374830852503,0.2738923172533167
104,"C/ VALÈNCIA,  621","C/ VALÈNCIA, 621",8026.0,26,801910026,el Clot,0.372044298114337,0.0436269307864638,0.1668435326022874,0.0272373540856031,0.0766419054356797,9.673151750972762,13.889989388043864,8481,38,16,33.42192849074001,12,4,74.47330437815675,0,0,607.0941965489344,215,2537.6350514234528,29.778176847136667,33.55263157894737,-0.0874999999999999,ELECTRICBIKESTATION,10-SantMartí/65-el Clot,True,104,1000,1774994105,44907,18716,774,729,130,186,255,253,228,181,152,1503,195,694,599,72.9,429,302,32,118,1503,453.91,177.35,48.1,5.9,,6.662075649816599,0,24,6.992654165324562,0,26,3.612899422237944,6.060252328734819,0.2562336788391,0.5342303610786101,0.2689482371278681
105,"RDA. DE SANT PERE, 26","RDA. DE SANT PERE, 26",8010.0,21,801902075,la Dreta de l'Eixample,0.3361653740117358,0.1361793196665915,0.2964631673800405,0.0430277089434557,0.1210858301419238,7.059472854246452,11.146767289930164,8878,74,35,11.631956401964969,23,4,51.96393116184113,0,0,1147.5297110576655,293,1816.5215856136304,3.163594480572587,32.54054054054054,-0.0805675675675675,ELECTRICBIKESTATION,02-Eixample/07-la Dreta de l'Eixample,True,105,1000,1774994105,54726,23374,617,575,108,178,229,188,171,128,120,1192,70,388,648,118.7,429,317,58,212,1192,377.86,252.7,69.14,4.2,,5.777019558322425,0,21,5.906730305890461,0,21,4.466208605541789,2.593264248704663,0.2750961694439242,0.5307984423776269,0.2812728717090698
106,"PL JOANIC - C / BRUNIQUER, 59"," PL  JOANIC - C / BRUNIQUER, 59",8024.0,20,801906063,la Vila de Gràcia,0.1583897540058677,0.1620401715188445,0.5617242157526517,0.0121868652674339,0.0378018505980591,3.167795080117355,10.618709095012411,8862,21,5,65.97435369638191,2,1,122.86433818796972,0,0,895.0604757762329,284,1328.770242646821,44.12017172181177,69.84210526315789,0.3536052631578947,ELECTRICBIKESTATION,06-Gràcia/31-la Vila de Gràcia,True,106,1000,1774994105,39193,18446,767,651,116,173,283,280,176,143,140,1418,128,517,664,67.8,384,238,25,160,1418,337.48,226.88,35.45,5.1,,3.1568393464473834,0,18,3.953953136395637,0,19,0.3425863236289777,2.825208756488377,0.1578419673223693,0.5309354547506205,0.197697656819782
107,"TRAV. DE GRÀCIA, 92 / VIA AUGUSTA","TRAV. DE GRÀCIA, 92 / VIA AUGUSTA",8006.0,20,801905068,Sant Gervasi - Galvany,0.1220380601596071,0.2428483732351135,0.681890730509515,0.001964395334561,0.0093308778391651,2.4407612031921424,14.716390423572744,8145,26,10,72.37029411858522,5,3,119.02927680620746,0,0,1062.9876801814823,707,1402.8115889106573,15.121612808666432,72.2,0.174325,ELECTRICBIKESTATION,05-Sarrià-StGervasi/26-Sant Gervasi - Galvany,True,107,1000,1774994105,58498,26182,770,700,159,192,229,215,213,181,145,1470,68,488,843,113.2,330,534,71,345,1470,784.98,507.15,104.37,3.2,,3.087414787298362,0,20,3.3824793766705867,0,20,0.2314303253529772,2.209330877839165,0.1543707393649182,0.7358195211786372,0.1691239688335286
108,"C / INDÚSTRIA, 10","C / INDÚSTRIA, 10",8037.0,21,801906068,el Camp d'en Grassot i Gràcia Nova,0.1755684255684255,0.1913288288288288,0.4882882882882883,0.0009009009009009,0.0139639639639639,3.686936936936937,13.35641891891892,8880,24,7,67.04472993895884,6,2,404.0119014622416,1,1,466.3394318110393,345,1642.870532722277,16.53406640580702,61.23076923076923,-0.0637435897435897,ELECTRICBIKESTATION,06-Gràcia/32-el Camp d'en Grassot i Gràcia Nova,True,108,1000,1774994105,49970,22239,819,656,127,200,257,253,185,152,175,1475,140,529,754,85.8,375,253,34,207,1475,373.18,305.32,50.15,4.9,,3.579384426000356,0,18,4.375969432235261,0,21,0.5461711711711712,3.140765765765766,0.1704468774285883,0.6360199485199486,0.2083794967731071
109,"C/ LONDRES,  53","C/ LONDRES,  53",8036.0,24,801902108,l'Antiga Esquerra de l'Eixample,0.1264120291661944,0.2224866825342853,0.5951490422758698,0.0,0.0018134421398617,3.033888699988666,17.427518984472403,8823,51,20,88.88740927223732,2,1,413.4578592870869,6,3,383.35529682797534,264,2575.755994119904,13.5591756722711,62.142857142857146,-0.1177142857142857,ELECTRICBIKESTATION,02-Eixample/08-l'Antiga Esquerra de l'Eixample,True,109,1000,1774994105,55925,25292,804,693,123,217,209,205,185,185,248,1497,75,553,804,102.9,321,398,38,217,1497,595.81,324.85,56.89,4.2,,3.5161135582309924,0,20,4.203039437274716,1,24,0.677547319505837,2.356341380482829,0.1465047315929577,0.7261466243530168,0.175126643219779
11,"PG. MARITIM, 11 (DAVANT PL. BRUGADA)","PG. MARITIM, 11 (DAVANT PL. BRUGADA)",8003.0,34,801901036,la Barceloneta,0.4311798128342246,0.0268181818181818,0.0917045454545454,0.0321590909090909,0.17125,14.660113636363636,14.764204545454543,8800,20,5,91.95308374915706,2,1,486.10884554456266,0,0,613.3866660808515,57,573.3922349828803,3.217594522469862,6.486486486486487,0.1032162162162162,ELECTRICBIKESTATION,01-CiutatVella/03-la Barceloneta,True,11,1000,1774994105,32134,14159,597,540,73,203,198,173,156,142,133,1137,254,513,292,60.3,345,237,31,215,1137,269.47,244.46,35.25,7.4,,8.800670504464245,0,31,9.29799695669612,0,31,10.448522727272728,4.211590909090909,0.2588432501313013,0.4342413101604278,0.2734704987263562
110,"AV. ROMA,  136","AV. ROMA,  136",8011.0,17,801902097,l'Antiga Esquerra de l'Eixample,0.25743983581052,0.1332583005064715,0.4148564997186269,0.0173325830050647,0.06381541924592,4.376477208778841,10.435678109172764,8885,21,9,93.2755478471036,6,2,444.4076193817882,0,0,1255.674597395622,382,2661.195501285782,35.96404743322733,43.63157894736842,-0.044078947368421,ELECTRICBIKESTATION,02-Eixample/08-l'Antiga Esquerra de l'Eixample,True,110,1000,1774994105,45213,19923,548,502,82,155,218,169,150,106,106,1050,89,425,498,74.1,347,229,26,177,1050,240.45,185.85,27.3,4.2,,3.871118246247909,0,15,4.109247788098557,0,17,1.5568936409679237,2.819583567810917,0.2277128380145821,0.6138634181866331,0.2417204581234437
111,C/ ARAGÓ 147,C/ ARAGÓ 147,8015.0,19,801902139,la Nova Esquerra de l'Eixample,0.3179972936400541,0.0745376635092467,0.2828146143437077,0.030446549391069,0.1182904826341903,6.041948579161028,9.573184483536313,8868,21,10,79.56650432697117,4,1,435.1380700802368,0,0,1264.3330757368226,395,2805.932711550758,18.19183772277633,42.39473684210526,0.0522894736842105,ELECTRICBIKESTATION,02-Eixample/09-la Nova Esquerra de l'Eixample,True,111,1000,1774994105,42143,19477,848,791,93,286,399,221,211,161,169,1639,135,638,771,71.0,549,236,27,150,1639,386.8,245.85,44.25,4.9,,4.545155757791609,0,18,4.933978269764002,0,19,1.978687415426252,4.063261163734777,0.2392187240942952,0.5038518149229636,0.2596830668296842
112,"C/ FLORIDABLANCA,  49","C/ FLORIDABLANCA, 49",8015.0,20,801902158,Sant Antoni,0.5470113463562989,0.0229266580886653,0.088431395484852,0.1317113112644753,0.2958240729909931,10.94022692712598,6.650836355129255,8549,62,24,66.04647644203182,7,2,280.8809508146853,0,0,1992.1978884405116,232,1396.7380527549485,23.94571339864368,34.18421052631579,0.1142631578947368,ELECTRICBIKESTATION,02-Eixample/10-Sant Antoni,True,112,1000,1774994105,44494,18509,772,735,104,175,263,245,199,187,231,1507,186,653,671,80.7,468,253,68,142,1507,381.27,213.99,102.48,5.2,,5.2894290705467055,0,20,5.362401674813941,0,20,7.0738098023160605,3.86641712480992,0.2644714535273351,0.3325418177564627,0.268120083740697
113,"RONDA DE SANT PAU , 51","RONDA DE SANT PAU, 51",8015.0,34,801902169,Sant Antoni,0.4250894276629571,0.0251126126126126,0.105518018018018,0.0459459459459459,0.109572072072072,14.45304054054054,17.180405405405406,8880,39,18,64.95831310053948,13,2,297.11874340566266,0,0,2361.36348043647,326,1367.8253419753896,9.70681399959237,24.83783783783784,0.0707027027027027,ELECTRICBIKESTATION,02-Eixample/10-Sant Antoni,True,113,1000,1774994105,41613,19018,738,738,105,189,287,253,224,156,168,1476,203,583,597,76.5,420,195,33,131,1476,287.82,193.36,48.71,5.2,,9.3701667296618,0,33,9.945855165581303,0,34,9.79864864864865,4.654391891891892,0.2755931391077,0.5053060413354531,0.292525151928862
114,"PL. JEAN GENET,  1","PL. JEAN GENET,  1",8001.0,20,801901001,el Raval,0.6159070447895566,0.004501462975467,0.0208192662615349,0.0549178483006977,0.2756020706729687,12.318140895791132,5.459261760072024,8886,21,10,80.0675426734891,11,2,149.60437215077266,0,0,1921.9976092278205,179,1282.3798442725083,125.01199132216205,16.38888888888889,0.0638888888888888,ELECTRICBIKESTATION,01-CiutatVella/01-el Raval,True,114,1000,1774994105,30768,12551,583,689,85,205,290,206,160,86,122,1272,240,526,375,76.7,603,288,139,410,1272,366.34,521.52,176.81,7.4,,4.01964248190568,0,19,3.96471142959913,0,18,10.072023407607473,2.24611748818366,0.2009821240952834,0.2729630880036012,0.1982355714799564
115,"AV. MARQUÉS DE L'ARGENTERA,  3","AV. MARQUÉS DE L'ARGENTERA,  3",8003.0,21,801901043,"Sant Pere, Santa Caterina i la Ribera",0.6300064495324089,0.0020316027088036,0.0119638826185101,0.1015801354401805,0.3029345372460497,13.230135440180588,5.958013544018058,8860,37,16,25.99511914264375,4,2,112.9311466484442,0,0,784.5991063378415,299,1908.267886359484,13.721286048888407,17.07894736842105,-0.1562894736842105,ELECTRICBIKESTATION,"01-CiutatVella/04-Sant Pere, Santa Caterina i la Ribera",True,115,1000,1774994105,42945,19719,777,825,84,247,413,314,180,130,106,1602,126,521,831,81.9,741,223,83,3552,1602,357.25,5690.3,132.97,,,4.4464143927908975,0,21,4.86984196534113,0,21,11.597178329571106,1.632957110609481,0.2117340187043287,0.2837149306675266,0.2318972364448155
116,"C/ DEL DR. AIGUADER, 72 / PG. SALVAT","C/ DEL DR. AIGUADER, 72 / PG. SALVAT PAPASSEIT",8003.0,34,801901036,la Barceloneta,0.5474673663931976,0.001468097120271,0.0212309429700734,0.015923207227555,0.1221908526256352,18.61389045736872,13.013664596273292,8855,10,5,272.4381248542653,2,1,338.9472748944994,4,2,421.12754356446897,59,1154.0030618693995,105.36863142156334,7.578947368421052,0.3063684210526315,ELECTRICBIKESTATION,01-CiutatVella/03-la Barceloneta,True,116,1000,1774994105,32134,14159,597,540,73,203,198,173,156,142,133,1137,254,513,292,60.3,345,237,31,215,1137,269.47,244.46,35.25,7.4,,8.009403296430259,0,34,8.307244849217383,0,33,14.35776397515528,4.256126482213439,0.235570685189126,0.3827548410668615,0.2443307308593346
117,"C/ ROSA SENSAT, 12","C/ ROSA SENSAT, 12",8005.0,21,801910055,la Vila Olímpica del Poblenou,0.6411034364039335,0.0005648441030275,0.0199954812471757,0.1212155445097153,0.3340488025305015,13.463172164482604,6.708766380478988,8852,24,13,77.14545478168739,0,0,562.5591971213601,0,0,553.0997720158446,96,1103.2268741188077,103.95429306272864,10.736842105263158,0.1579736842105263,ELECTRICBIKESTATION,10-SantMartí/67-la Vila Olímpica del Poblenou,True,117,1000,1774994105,73872,27080,1291,1289,295,410,246,326,434,401,277,2580,111,780,1381,115.4,568,424,33,198,2580,1093.92,510.84,85.14,5.4,,5.168530158801714,0,21,5.468154327864844,0,21,11.17702214188884,2.2861500225937643,0.2461204837524621,0.3194650657370946,0.2603883013268976
118,"C/ PUJADES,  3","C/ PUJADES,  3",8018.0,27,801910048,el Parc i la Llacuna del Poblenou,0.4172385492517506,0.0304101838755304,0.1037246581801037,0.0109618104667609,0.0708392267798208,11.265440829797264,12.540664780763793,8484,24,10,93.68340656257028,2,1,327.6173067370131,8,2,220.77991502402404,123,2564.094374577636,9.185529845437811,17.52777777777778,0.1482499999999999,ELECTRICBIKESTATION,10-SantMartí/66-el Parc i la Llacuna del Poblenou,True,118,1000,1774994105,45412,20141,768,811,125,216,285,247,218,179,171,1579,168,567,673,75.8,407,267,34,187,1579,421.59,295.27,53.69,5.3,,6.531367086007102,0,27,6.770752875481521,0,27,8.264497878359265,3.000942951438001,0.2419024846669292,0.4644690659542145,0.2507686250178337
119,"C/ SARDENYA,  178","C/ SARDENYA,  178",8013.0,39,801902009,el Fort Pienc,0.2914237387297367,0.0248503332203772,0.1152151812944764,0.0,0.0064384954252795,11.365525810459731,21.62385631989156,8853,60,41,116.27300197268887,4,2,370.3199681280328,8,2,375.09691041042686,138,3160.937090519998,17.185815576264158,28.81578947368421,-0.6068421052631578,ELECTRICBIKESTATION,02-Eixample/05-el Fort Pienc,True,119,1000,1774994105,48694,19911,909,830,123,238,288,276,217,232,216,1739,148,703,730,83.1,514,272,31,157,1739,473.01,273.02,53.91,4.8,,7.212521421772646,0,32,7.712931857788422,1,36,7.556647464136451,3.80887834632328,0.184936446712119,0.5544578543561939,0.1977674835330364
12,"PG. MARITIM, 23 (HOSPITAL DEL MAR)","PG. MARITIM, 23 (HOSPITAL DEL MAR)",8003.0,26,801901036,la Barceloneta,0.4671966120522077,0.0482851985559566,0.1876128158844765,0.1333483754512635,0.2157039711191336,12.1471119133574,12.34826263537906,8864,20,9,19.53824049796864,2,1,390.93108561790166,0,0,524.6288392247196,58,610.9709161501803,23.21517867674524,7.972222222222222,-0.0935833333333333,ELECTRICBIKESTATION,01-CiutatVella/03-la Barceloneta,True,12,1000,1774994105,32134,14159,597,540,73,203,198,173,156,142,133,1137,254,513,292,60.3,345,237,31,215,1137,269.47,244.46,35.25,7.4,,8.53161561996765,0,26,8.455870094497298,0,26,5.797044223826715,6.350067689530686,0.3281390623064478,0.47493317828381,0.3252257728652804
120,"C/ LEPANT,  278","C/ LEPANT,  278",8013.0,21,801902027,la Sagrada Família,0.1746157068737714,0.141551996390706,0.4549966162869389,0.0043988269794721,0.0115046244078502,3.666929844349199,14.619219490187232,8866,38,12,79.14453306182641,4,2,113.91643954486744,1,1,473.6257783026723,320,2331.276131659268,36.96634212197958,45.026315789473685,0.1883421052631579,ELECTRICBIKESTATION,02-Eixample/06-la Sagrada Família,True,120,1000,1774994105,43187,18438,1030,960,164,243,352,295,289,275,232,1990,215,897,795,83.1,575,250,23,112,1990,497.5,222.88,45.77,5.1,,3.4083511755805924,0,21,3.5787882480222097,0,21,0.8764944732686668,2.7904353710805325,0.1623024369324088,0.6961533090565348,0.1704184880010575
121,"C/ CASTILLEJOS, 258","C/ CASTILLEJOS, 258",8013.0,21,801902032,la Sagrada Família,0.3097624141425515,0.1163157302105618,0.3218106069136358,0.0503321698006981,0.1365837180497691,6.5050106969935815,10.52404008557595,8881,26,10,89.13861814713394,4,2,344.8108879726972,0,0,532.942412149377,242,3023.030150724893,4.355182347438194,44.60526315789474,0.2757368421052631,ELECTRICBIKESTATION,02-Eixample/06-la Sagrada Família,True,121,1000,1774994105,43925,19674,574,462,70,119,211,130,138,135,163,1036,160,492,459,77.5,312,231,20,135,1036,239.32,139.86,20.72,5.1,,5.330369675836676,0,20,5.710756381657801,0,20,1.327778403332958,5.177232293660624,0.2538271274207945,0.5011447659798071,0.2719407800789435
122,"C/ NÀPOLS, 344","C/ NÀPOLS, 344",8025.0,33,801906076,el Camp d'en Grassot i Gràcia Nova,0.2808269995452665,0.1061717251494979,0.253638722780097,0.0009026289066907,0.0216630937605776,9.267290984993794,20.425589529504684,8863,17,7,71.582514626956,2,1,278.03784633426267,0,0,779.6957931284609,205,2419.582548810465,8.879403718132895,68.1891891891892,0.0537297297297297,ELECTRICBIKESTATION,06-Gràcia/32-el Camp d'en Grassot i Gràcia Nova,True,122,1000,1774994105,47495,21088,658,593,99,133,180,186,144,135,262,1251,95,525,517,80.1,235,311,24,189,1251,389.06,236.44,30.02,4.9,,7.925159036401889,0,32,8.026717658993354,0,32,3.16811463387115,6.099176351122645,0.2401563344364207,0.6189572584698388,0.243233868454344
123,"C/ PROVENÇA, 317","C/ PROVENÇA, 317",8037.0,21,801902060,la Dreta de l'Eixample,0.1190824635606803,0.2017336485421592,0.6238883260159855,0.0009005966452774,0.0019137678712146,2.500731734774288,13.411009793988518,8883,31,12,42.24474414710252,4,1,52.29950497086632,1,1,71.78924234326131,380,3089.862927182165,37.90234788201531,53.36842105263158,-0.087078947368421,ELECTRICBIKESTATION,02-Eixample/07-la Dreta de l'Eixample,True,123,1000,1774994105,49792,21540,850,714,132,234,267,232,196,184,181,1564,100,593,795,100.5,469,285,39,185,1564,445.74,289.34,61.0,4.2,,2.4901233691473945,0,16,3.050952196356508,0,20,0.7313970505459867,1.769334684228301,0.1185773032927329,0.6386195139994533,0.1452834379217382
124,C/ NOVA  BOCANA,C/ NOVA  BOCANA,8039.0,31,801901032,la Barceloneta,0.4707696565184304,0.0329608307935432,0.1578056214019641,0.0770967377807879,0.2481092674116717,14.59385935207134,12.822440456033412,8859,9,3,37.57939789229172,0,0,1231.962156066897,0,0,1958.2455700085784,40,634.6023455817422,27.744566806986185,4.588235294117647,-0.1893529411764705,ELECTRICBIKESTATION,01-CiutatVella/03-la Barceloneta,True,124,1000,1774994105,30477,15532,797,840,57,276,445,261,237,137,163,1637,261,726,656,46.4,823,260,83,219,1637,425.62,358.5,135.87,7.4,,9.809673931170911,0,30,9.95920612941016,0,29,8.580765323399932,6.013094028671407,0.3164410945539008,0.4136271114849488,0.3212647138519411
125,"PG. MARíTIM, 31 B (ANNEXA A LA 12)"," PG. MARíTIM, 31 B (ANNEXA A LA  12)",8003.0,29,801901036,la Barceloneta,0.4298874024395487,0.1171936982885639,0.2288337300238014,0.0834183384336393,0.1736370848917601,12.466734670746913,15.52249801654766,8823,23,9,17.307014891500472,2,1,382.88401731403866,0,0,517.8117690963725,59,662.9227154913351,20.07608688421855,8.151515151515152,-0.171060606060606,ELECTRICBIKESTATION,01-CiutatVella/03-la Barceloneta,True,125,1000,1774994105,32134,14159,597,540,73,203,198,173,156,142,133,1137,254,513,292,60.3,345,237,31,215,1137,269.47,244.46,35.25,7.4,,9.744944958078795,0,29,9.927984191857565,0,29,7.4157316105633,5.051003060183611,0.3360325847613379,0.5352585522947468,0.3423442824778484
126,PG. DE COLOM /VIA LAIETANA,PG. DE COLOM /VIA LAIETANA,8002.0,23,801901030,el Barri Gòtic,0.6352991917974053,0.0003381805884342,0.0167963025588997,0.1696539285311689,0.3927403900349453,14.611881411340322,6.162213955585616,8871,48,16,40.60700413701006,4,2,307.4741018118539,0,0,1116.8650532966983,234,2452.264584384496,6.625765801927988,8.621621621621621,0.5660000000000001,ELECTRICBIKESTATION,01-CiutatVella/02-el Barri Gòtic,True,126,1000,1774994105,31201,12469,1172,1237,165,510,497,388,302,205,198,2409,393,1028,839,93.6,1264,192,60,220,2409,462.53,529.98,144.54,4.3,,5.34798856602016,0,23,5.605979796914861,0,23,13.380002254537256,1.2318791568030665,0.2325212420008766,0.2679223458950268,0.2437382520397759
127,"C/ ARAGÓ, 659 / NAVAS DE TOLOSA","C/ ARAGÓ, 659 /NAVAS DE TOLOSA",8026.0,27,801910031,el Clot,0.3642184132711872,0.0262742444745151,0.1291159224176815,0.0108254397834912,0.0479251240414975,9.833897158322056,13.327920613441588,8868,18,7,113.16602762832908,14,4,384.6900287972962,2,2,497.94247022627246,144,2193.769165536506,26.9488547505107,24.457142857142856,0.3047428571428571,ELECTRICBIKESTATION,10-SantMartí/65-el Clot,True,127,1000,1774994105,37159,17139,738,718,94,157,276,218,214,200,192,1456,226,684,445,62.5,342,266,34,124,1456,387.3,180.54,49.5,5.9,,6.043956971176,0,25,6.187572235526286,0,27,4.106337392873252,5.727559765448805,0.2238502581917033,0.4936266893867255,0.2291693420565296
128,"RAMBLA DE GUIPÚSCOA, 43/FLUVIA","RAMBLA DE GUIPÚSCOA, 43/FLUVIA",8020.0,43,801910111,Sant Martí de Provençals,0.50824576708557,0.0056325335135744,0.0262476061732567,0.0027036160865157,0.0526078630167849,21.85456798467951,17.94851864368593,8877,18,7,102.66184235597244,2,1,130.07134240567143,0,0,521.3878395133705,138,1790.9822441283272,18.620838748365426,21.473684210526315,-0.3714736842105263,ELECTRICBIKESTATION,10-SantMartí/72-Sant Martí de Provençals,True,128,1000,1774994105,37058,15551,628,601,109,141,182,186,172,167,179,1229,244,666,253,76.7,234,339,28,138,1229,416.63,169.6,34.41,6.4,,10.103906138251093,0,42,10.066472809940786,0,41,11.757913709586571,10.096654275092936,0.2349745613546762,0.4174074103182774,0.2341040188358316
129,"C/ MANSO, 46","C/ MANSO, 46",8015.0,23,801902172,Sant Antoni,0.6276377921899798,0.0054078413699864,0.0288418206399278,0.1799233889139252,0.3835060838215412,14.435669220369537,5.958314556106354,8876,38,16,33.13793153583112,5,2,235.01479232843107,0,0,2251.5368259774737,312,2001.969961396289,0.3482772030014964,29.18918918918919,0.2117567567567567,ELECTRICBIKESTATION,02-Eixample/10-Sant Antoni,True,129,1000,1774994105,37406,17377,756,678,94,152,306,270,224,137,142,1434,167,586,568,69.2,415,217,23,140,1434,311.18,200.76,32.98,5.2,,5.782677065359474,0,23,5.590944150514299,0,21,10.734903109508789,3.700766110860748,0.2514207419721511,0.2590571546133197,0.2430845282832308
13,"C/ MARINA, 25-33","C/ MARINA, 25-33",8005.0,54,801910054,la Vila Olímpica del Poblenou,0.4611224775294652,0.0059017941454202,0.0292728989612842,0.0370632672332389,0.0956090651558073,24.900613786591123,27.998937677053824,8472,41,15,27.337727209534894,2,1,269.1419686333302,4,2,308.9747745649702,76,1957.2455880494972,7.415582815602842,14.263157894736842,-0.6534210526315789,ELECTRICBIKESTATION,01-CiutatVella/67-la Vila Olímpica del Poblenou,True,13,1000,1774994105,63952,24193,497,445,92,143,124,124,161,137,75,942,55,306,471,109.4,232,360,53,175,942,339.12,164.85,49.93,5.4,,15.534168480099476,0,54,15.642721056277772,0,54,15.303234183191693,9.597379603399434,0.2876697866685087,0.5184988458713672,0.2896800195607
130,"RAMBLA DE GUIPÚSCOA, 103 / CANTÀBRIA","RAMBLA DE GUIPÚSCOA, 103 /CANTÀBRIA",8020.0,24,801910131,la Verneda i la Pau,0.4657642413987591,0.0184997179921037,0.0846023688663282,0.0741116751269035,0.1430344049633389,11.17834179357022,11.026959954878736,8865,15,5,9.701982517558688,2,1,132.6779504648348,4,2,466.7986527712882,93,1853.090227143228,11.193621064797505,19.28205128205128,-0.1533589743589744,ELECTRICBIKESTATION,10-SantMartí/73-la Verneda i la Pau,True,130,1000,1774994105,47232,18546,537,493,71,103,111,116,153,234,197,1030,200,599,205,87.7,102,393,27,134,1030,404.79,138.02,27.81,6.2,,6.35604122949595,0,24,6.722807211072283,0,24,4.829328821206993,6.3490129723632265,0.2648350512289966,0.459456664786614,0.2801169671280131
131,"RBLA. GUIPÚSCOA, 158","RBLA. GUIPÚSCOA, 158",8020.0,29,801910140,la Verneda i la Pau,0.4901605365709761,0.0139576767221972,0.064948221521837,0.0211616389013957,0.1063710040522287,14.214655560558308,11.864025213867627,8884,19,8,26.005641749597537,2,2,61.986228177403184,4,2,423.94634665158,56,2279.350136400646,8.33777117696847,20.88571428571429,0.0146285714285714,ELECTRICBIKESTATION,10-SantMartí/73-la Verneda i la Pau,True,131,1000,1774994105,32579,12489,771,760,156,215,190,240,255,186,179,1531,389,863,213,75.5,434,254,14,92,1531,388.87,140.85,21.43,6.2,,7.071510799201834,0,28,7.328693863057476,0,29,5.552453849617289,8.662201710941018,0.2438451999724769,0.4091043177195733,0.2527135814847406
132,PL. VALENTÍ ALMIRALL,PL.VALENTÍ ALMIRALL,8018.0,27,801910036,el Clot,0.5319270893041385,0.0107761091367648,0.0491803278688524,0.0677519202109366,0.187320875845466,14.362031411211738,10.451335549696203,8723,4,3,222.36513856326903,12,4,385.69563243073446,6,3,134.1109980309801,208,393.5464235338164,71.8364856954455,18.694444444444443,-0.1009166666666666,ELECTRICBIKESTATION,10-SantMartí/65-el Clot,True,132,1000,1774994105,50758,18989,703,696,177,194,181,225,286,143,74,1399,117,616,505,73.8,262,320,25,166,1399,447.68,232.23,34.98,5.9,,7.511732814661148,0,27,7.2686995792006845,0,27,11.030379456608966,3.331651954602774,0.2782123264689319,0.3870865018406002,0.26921109552595
133,"GRAN VIA DE LES CORTS CATALANES,  902","GRAN VIA DE LES CORTS CATALANES, 902",8018.0,16,801910098,Provençals del Poblenou,0.5223968897903989,0.0110434978589136,0.0703177822853279,0.0600631057020509,0.31947261663286,8.358350236646382,5.075952219968447,8874,5,5,273.9119618215514,3,1,492.7676416987012,8,3,82.67204902307297,207,754.3055886925309,22.6609400760006,18.5,-0.4584375,ELECTRICBIKESTATION,10-SantMartí/71-Provençals del Poblenou,True,133,1000,1774994105,48902,18363,898,830,129,269,194,183,387,286,179,1728,268,845,457,88.9,163,368,24,189,1728,635.9,326.59,41.47,6.3,,3.8851778353785886,0,15,3.6218592055750314,0,16,6.363308541807528,1.9950416948388552,0.2428236147111618,0.3172470137480279,0.2263662003484394
134,"C/ BAC DE RODA, 157","C/ BAC DE RODA, 157",8018.0,21,801910100,Provençals del Poblenou,0.5189591844485315,0.013672097527629,0.0773612851771676,0.1106300558277315,0.2451862823288139,10.898142873419165,7.971402529338043,8777,10,4,100.39335056143952,2,1,493.9233854722227,4,2,66.69628665870123,105,624.57331039623,6.759625582511946,18.0,-0.2563846153846154,ELECTRICBIKESTATION,10-SantMartí/71-Provençals del Poblenou,True,134,1000,1774994105,36058,14556,842,756,172,154,264,307,183,143,226,1598,268,726,444,72.4,394,284,43,135,1598,453.83,215.73,68.71,6.3,,5.588752497776932,0,21,5.784765910583876,0,21,7.294861570012532,3.603281303406631,0.2661310713227117,0.3795905966351449,0.2754650433611369
135,"GRAN VIA DE LES CORTS CATALANES,  981","GRAN VIA DE LES CORTS CATALANES,  981",8018.0,21,801910107,Sant Martí de Provençals,0.4144676466326416,0.037642285585484,0.1722078214808971,0.0601825763552349,0.1239715992336301,8.703820579285473,10.61726586272963,8873,8,4,49.24052433949741,2,1,357.6859501733337,4,2,92.01227462264843,96,620.4328940516638,37.128614753680495,20.18421052631579,-0.3409210526315789,ELECTRICBIKESTATION,10-SantMartí/72-Sant Martí de Provençals,True,135,1000,1774994105,48046,19238,745,696,146,148,210,211,220,224,167,1441,186,655,492,83.4,209,339,35,147,1441,488.5,211.83,50.44,6.4,,5.782089277367446,0,21,5.89931139925059,0,21,3.4343514031331006,5.269469176152373,0.2753375846365446,0.5055840887014109,0.2809195904405042
136,"GRAN VIA DE LES CORTS CATALANES,  1062","GRAN VIA DE LES CORTS CATALANES,  1062",8020.0,31,801910104,Provençals del Poblenou,0.4071938725338442,0.0071130179519024,0.0410974370554363,0.0147905611380828,0.043694253133115,12.62301004854917,15.913966354296036,8857,13,5,29.56627758476362,0,0,564.3209165714843,8,2,374.31951992335206,139,616.9709004582952,34.42464077925157,15.552631578947368,0.0841578947368421,ELECTRICBIKESTATION,10-SantMartí/71-Provençals del Poblenou,True,136,1000,1774994105,46201,18096,799,720,108,172,214,146,217,457,131,1519,253,846,338,87.2,123,396,15,150,1519,601.52,227.85,22.78,6.3,,6.797099972698331,0,31,6.949362288709305,0,31,7.618945466862368,5.0040645816868015,0.2192612894418814,0.5133537533643883,0.2241729770551392
137,"GRAN VIA DE LES CORTS CATALANES , 1041","GRAN VIA DE LES CORTS CATALANES, 1041",8020.0,25,801910105,Sant Martí de Provençals,0.3589588732394366,0.0189295774647887,0.0975774647887323,0.0014647887323943,0.0326760563380281,8.973971830985915,14.412394366197184,8875,13,5,74.37489549023121,4,1,473.9427025099051,8,2,389.9577678631184,140,620.7529603891821,43.059862610386105,16.68421052631579,0.0307368421052631,ELECTRICBIKESTATION,10-SantMartí/72-Sant Martí de Provençals,True,137,1000,1774994105,40134,16381,1103,977,190,265,245,280,409,281,266,2080,372,1089,448,73.4,256,345,28,135,2080,717.6,280.8,58.24,6.4,,5.540912511459893,0,24,5.5337454800168,0,24,4.128676056338028,4.845295774647887,0.221636500458395,0.5764957746478873,0.2213498192006719
138,"GRAN VIA DE LES CORTS CATALANES,  1118","GRAN VIA DE LES CORTS CATALANES, 1118",8020.0,21,801910102,Provençals del Poblenou,0.514315972616211,0.0237149665267218,0.0762509928514694,0.0777260864631794,0.1827981391126744,10.80063542494043,9.44683989560876,8813,19,8,53.30464464895044,2,1,490.161023801681,8,2,97.46318423371038,120,1063.8944305395507,37.5144686280164,16.324324324324323,0.0265135135135134,ELECTRICBIKESTATION,10-SantMartí/71-Provençals del Poblenou,True,138,1000,1774994105,36855,14502,1288,1204,220,262,354,402,381,324,354,2492,529,1328,459,68.2,476,292,25,121,2492,727.66,301.53,62.3,6.3,,5.879296522837759,0,21,5.806322806341804,0,21,6.1032565528196985,4.697378872120731,0.2799665010875122,0.4498495188385124,0.2764915622067523
139,"GRAN VIA DE LES CORTS CATALANES,  1131","GRAN VIA DE LES CORTS CATALANES,  1131",8020.0,35,801910124,la Verneda i la Pau,0.349155544106519,0.0152146962695818,0.0661557534092189,0.0,0.0,12.220444043728165,21.53116195198918,8873,13,6,93.69331087551616,3,2,390.8227079543884,8,2,229.4535011308302,107,1029.6158421116602,160.76470343529078,19.18421052631579,-0.2761842105263157,ELECTRICBIKESTATION,10-SantMartí/73-la Verneda i la Pau,True,139,1000,1774994105,40251,16294,556,515,93,107,148,153,123,212,154,1071,209,551,173,83.1,113,347,22,144,1071,371.64,154.22,23.56,6.2,,6.499798944751271,0,30,6.568186723862694,3,35,6.053645892032007,6.166798151696157,0.1857085412786073,0.6151760557711194,0.1876624778246483
14,"AV. MARQUÉS DE  L'ARGENTERA, 15","AV. MARQUÉS DE  L'ARGENTERA, 15",8003.0,27,801901043,"Sant Pere, Santa Caterina i la Ribera",0.5712883609816402,0.0014659449706811,0.0426251691474966,0.0436400541271989,0.1489625620207487,15.424785746504286,10.73849797023004,8868,30,14,30.35654748513477,2,2,102.29983406931376,0,0,646.8233516576933,236,1085.0936557600908,4.525615536003084,18.34210526315789,-0.5111842105263158,ELECTRICBIKESTATION,"01-CiutatVella/04-Sant Pere, Santa Caterina i la Ribera",True,14,1000,1774994105,42945,19719,777,825,84,247,413,314,180,130,106,1602,126,521,831,81.9,741,223,83,3552,1602,357.25,5690.3,132.97,,,7.146289396346806,0,27,7.37046383152355,0,27,13.495489400090213,1.929296346414073,0.2646773850498821,0.3977221470455571,0.2729801419082808
140,"C/ VILADOMAT,  122","C/ VILADOMAT, 122",8015.0,27,801902144,la Nova Esquerra de l'Eixample,0.3948828904896347,0.0299216338161956,0.1317976727618142,0.0170980764663975,0.0637615768226074,10.661838043220138,12.765970078366184,8422,49,21,19.86133234348073,8,1,221.0643119702385,0,0,1648.311486914275,364,2642.413545323006,36.10075635987863,35.3421052631579,0.0392105263157894,ELECTRICBIKESTATION,02-Eixample/09-la Nova Esquerra de l'Eixample,True,140,1000,1774994105,49659,21458,734,688,92,248,264,219,183,169,151,1422,101,525,761,104.9,489,233,24,151,1422,331.33,214.72,34.13,4.9,,6.651921540171158,0,26,6.6537494532437,0,27,5.963547850866777,4.69829019235336,0.2463674644507838,0.4728137066061549,0.2464351649349512
141,"C/ BILBAO, 174","C/ BILBAO, 174",8018.0,32,801910099,Provençals del Poblenou,0.4595822075875267,0.0070921985815602,0.040639423618147,0.0246538331644714,0.0561747157491838,14.706630642800857,15.36643026004728,8883,9,5,81.29062250050846,0,0,647.2580278083582,10,3,180.5483987606007,144,622.7080105625681,6.57535356836908,15.473684210526317,-0.2533684210526316,ELECTRICBIKESTATION,10-SantMartí/71-Provençals del Poblenou,True,141,1000,1774994105,33685,12941,559,522,128,140,111,152,204,146,107,1081,270,533,149,80.1,101,237,26,102,1081,256.2,110.26,28.11,6.3,,7.662871467539281,0,32,7.333947782842595,0,31,9.547337611167398,5.1592930316334575,0.2394647333606025,0.4802009456264775,0.2291858682138311
142,"C/ SANCHO DE ÁVILA,  104 - C/ BADAJOZ","C/ SANCHO DE ÁVILA,  104 - C/ BADAJOZ",8018.0,51,801910042,el Parc i la Llacuna del Poblenou,0.576777285792999,0.0003385622390249,0.0014671030357747,0.0318248504683444,0.1002144227513824,29.41564157544295,20.65669788962871,8861,7,5,114.05255407541456,3,2,445.15456449160985,8,3,448.6289714292167,238,1127.6604953865258,14.47351638244866,11.405405405405403,0.0091891891891891,ELECTRICBIKESTATION,10-SantMartí/66-el Parc i la Llacuna del Poblenou,True,142,1000,1774994105,38142,15637,1618,1506,267,250,563,798,348,185,261,3124,388,1315,1176,74.6,1046,262,79,103,3124,818.49,321.77,246.8,5.3,,13.136787696366948,0,52,13.029718050703964,0,51,22.0004514163187,7.415190159124252,0.2575840724777835,0.4050332919535041,0.2554846676608627
143,"C/ SANCHO DE ÁVILA, 170 / LLACUNA","C/ SANCHO DE ÁVILA, 170 / LLACUNA",8018.0,27,801910042,el Parc i la Llacuna del Poblenou,0.6864967658797182,0.00022519986488,0.0093457943925233,0.1276883233870059,0.3379123972525616,18.535412678752397,5.8258079045152575,8881,20,10,98.90884037277134,1,1,416.7144419026783,4,1,384.70052830687337,223,1066.7522548432512,41.45312034820096,9.205128205128204,0.0848461538461538,ELECTRICBIKESTATION,10-SantMartí/68-el Poblenou,True,143,1000,1774994105,38142,15637,1618,1506,267,250,563,798,348,185,261,3124,388,1315,1176,74.6,1046,262,79,103,3124,818.49,321.77,246.8,5.3,,5.580987601022113,0,27,5.46618932794604,0,25,15.246481252111248,3.288931426641144,0.2067032444823007,0.2157706631301947,0.2024514565905934
144,"C/ CASTELLA,  28 / DIAGONAL","C/ CASTELLA,  28 / DIAGONAL",8018.0,27,801910068,el Poblenou,0.5861432120999883,0.0027014858171994,0.0167717244484466,0.0453624493471409,0.1490319675821702,15.825866726699685,8.682913102206214,8884,16,9,93.52591499827317,0,0,519.9424152297668,6,3,65.4336554897495,172,2236.618186978579,35.00519330463248,9.236842105263158,0.140078947368421,ELECTRICBIKESTATION,10-SantMartí/68-el Poblenou,True,144,1000,1774994105,54807,20639,819,788,253,136,187,320,316,124,108,1607,139,611,598,87.0,246,287,22,134,1607,461.21,215.34,35.35,5.2,,5.98009396163296,0,27,5.941019029127884,0,26,11.787483115713645,4.038383610986043,0.2214849615419614,0.3215893741557857,0.2200377418195513
145,"C/ MARROC, 103","C/ MARROC, 103",8020.0,27,801910101,Provençals del Poblenou,0.5420606333483416,0.0034894191805493,0.0314047726249437,0.0275776677172444,0.1113237280504277,14.635637100405225,10.181449797388565,8884,17,7,55.96518660722964,0,0,594.9205236138774,6,3,301.3403067106969,213,1061.5948114252471,110.86785916686736,10.051282051282053,-0.1369487179487179,ELECTRICBIKESTATION,10-SantMartí/71-Provençals del Poblenou,True,145,1000,1774994105,40206,14575,824,850,162,192,315,316,207,111,164,1674,240,754,479,75.6,522,346,279,135,1674,579.2,225.99,467.05,6.3,,6.47601031428149,0,26,6.290032238723397,0,27,9.85029266096353,4.785344439441693,0.2398522338622772,0.3770907332366134,0.2329641569897557
146,"C/ PERE IV, 488","C/ PERE IV, 488",8019.0,24,801910094,Provençals del Poblenou,0.5014535466538353,0.0027667508721279,0.0371706964994586,0.0093828942619992,0.1332852159268615,12.03488511969205,8.832190544929627,8313,14,5,8.205716117146217,0,0,647.4208582941873,4,2,267.05991332986656,173,1642.8779991015667,16.733499062155975,11.18421052631579,0.0044736842105263,ELECTRICBIKESTATION,10-SantMartí/71-Provençals del Poblenou,True,146,1000,1774994105,43728,18002,1494,1526,262,280,601,772,354,193,132,3020,267,1195,1251,71.4,1129,286,113,115,3020,863.72,347.3,341.26,6.3,,5.398172382985801,0,23,5.0233203252202605,0,22,8.88247323469265,3.1524118849993985,0.2249238492910736,0.3680079393720678,0.2093050135508448
147,"RAMBLA PRIM, 79","RAMBLA PRIM, 79",8019.0,33,801910089,el Besòs i el Maresme,0.5758259721694999,0.0021442275138246,0.0127525110032727,0.068163864123688,0.188240604897867,19.0022570815935,12.019975172102471,8861,22,10,7.937773273198818,1,1,319.72171340602114,4,2,152.57565223943155,68,1204.8014873370475,18.606842372342083,13.236842105263158,-0.3592631578947368,ELECTRICBIKESTATION,10-SantMartí/70-el Besòs i el Maresme,True,147,1000,1774994105,27321,10732,1751,2978,388,868,1119,900,543,329,185,4729,2036,4001,871,57.5,5724,90,35,33,4729,425.61,156.06,165.52,6.3,,8.466531872490489,0,33,8.571248755951718,0,33,12.823834781627356,6.178422299966144,0.2565615718936503,0.364241671881893,0.2597348107864161
148,"RONDA SANT PAU, 79","RONDA SANT PAU, 79",8015.0,27,801902169,Sant Antoni,0.54531313207138,0.0114851931088841,0.0525841684494989,0.0827609503434298,0.1704762977142213,14.72345456592726,10.486882107870736,8881,33,13,30.58140163952593,5,2,159.65208748236677,0,0,2261.6378343118454,310,966.8158537752494,11.909671450622003,24.512820512820515,0.4812820512820512,ELECTRICBIKESTATION,02-Eixample/10-Sant Antoni,True,148,1000,1774994105,41613,19018,738,738,105,189,287,253,224,156,168,1476,203,583,597,76.5,420,195,33,131,1476,287.82,193.36,48.71,5.2,,7.318469819372269,0,27,7.496956753188955,0,27,11.212701272379237,3.510753293548024,0.2710544377545277,0.3884030410322494,0.2776650649329245
149,"C/ PUJADES, 57B","C/ PUJADES, 57B",8019.0,27,801910043,el Parc i la Llacuna del Poblenou,0.4750079712698652,0.0061169007702763,0.0485953783416402,0.0002265518803806,0.1213185319438151,12.825215224286362,10.431128228364296,8828,9,7,31.125100678312933,2,1,103.1775802376661,0,0,539.0298798044535,186,1401.2243372468895,7.957137646984467,12.973684210526317,-0.048578947368421,ELECTRICBIKESTATION,10-SantMartí/66-el Parc i la Llacuna del Poblenou,True,149,1000,1774994105,41674,17509,1182,1155,218,452,470,483,248,138,107,2337,221,1121,1406,77.2,1493,308,139,184,2337,719.8,430.01,324.84,5.3,,6.175552936516717,0,25,6.354872388745926,0,25,9.174558223833255,3.650657000453104,0.228724182833952,0.3863380825320109,0.2353656440276273
15,"C/ DIPUTACIÓ, 272","C/ DIPUTACIÓ, 272",8009.0,27,801902078,la Dreta de l'Eixample,0.3277522954942309,0.1588089330024814,0.32359575907963,0.0010151139183397,0.0827881795623731,8.849311978344236,17.32348296864426,8866,80,26,81.77076058700084,37,6,202.0506931031146,0,0,771.573955429281,333,3144.51175404226,15.350861739415665,39.60526315789474,0.0698421052631578,ELECTRICBIKESTATION,02-Eixample/07-la Dreta de l'Eixample,True,15,1000,1774994105,56001,24597,733,652,122,289,228,195,177,131,162,1385,94,468,724,125.2,564,604,417,551,1385,836.54,763.14,577.54,4.2,,8.353786614201272,0,27,8.353446123436742,0,27,5.460974509361606,3.3883374689826304,0.3093995042296763,0.6416104803201577,0.3093868934606202
150,"C/ ESPRONCEDA, 124","C/ ESPRONCEDA, 124",8005.0,27,801910069,el Poblenou,0.6060473396958819,0.0025892153551728,0.0242035348418327,0.0843183609141055,0.2653382866148823,16.36327817178881,8.480693459416864,8883,17,11,16.248625197376043,1,1,321.82629801190825,4,1,204.27979709399332,166,2563.4991358089333,74.63064825392662,9.444444444444445,-0.1857222222222222,ELECTRICBIKESTATION,10-SantMartí/68-el Poblenou,True,150,1000,1774994105,52603,21319,1400,1294,372,200,371,656,371,215,158,2694,287,968,1073,74.2,650,222,21,100,2694,598.07,269.4,56.57,5.2,,6.816875603256739,0,27,6.89253435446999,0,27,11.155578070471687,5.207700101317123,0.2524768741946933,0.3140997577561801,0.2552790501655551
151,"C/ PALLARS, 182","C/ PALLARS, 182",8005.0,31,801910058,el Poblenou,0.5791735133878021,0.005791277626758,0.0242288145609266,0.110388842926368,0.2190048457629121,17.954378915021866,10.950478666824251,8461,30,11,8.972042228029979,1,1,125.57736517465598,0,0,634.202910458762,209,1059.767021437247,81.85992627776332,11.36842105263158,-0.2450526315789473,ELECTRICBIKESTATION,10-SantMartí/68-el Poblenou,True,151,1000,1774994105,37272,16611,544,552,86,94,222,254,143,100,88,1096,117,478,396,66.5,311,327,60,571,1096,358.39,625.82,65.76,5.2,,8.098086560480825,0,31,7.884016288181831,0,31,13.081787022810545,4.8725918922113225,0.2612285987251874,0.3532412473169113,0.2543231060703822
152,"C/ PUJADES, 121","C/ PUJADES, 121",8005.0,39,801910058,el Poblenou,0.5801350683577665,0.000450805815395,0.0101431308463879,0.0682970810323453,0.1585709455651978,22.62526766595289,13.40358390623239,8873,25,11,79.81625314917144,1,1,20.97415824360852,0,0,745.2542338348286,199,1299.209070942422,14.084900433239982,11.771428571428572,-0.1229142857142857,ELECTRICBIKESTATION,10-SantMartí/68-el Poblenou,True,152,1000,1774994105,37272,16611,544,552,86,94,222,254,143,100,88,1096,117,478,396,66.5,311,327,60,571,1096,358.39,625.82,65.76,5.2,,9.281679448015302,0,38,9.693625988747156,0,37,16.59010481235208,6.035162853600811,0.2379917807183406,0.3436816386213434,0.2485545125319783
153,"C/ PUJADES, 173/RBLA POBLE NOU","C/ PUJADES, 173/RBLA POBLE NOU",8005.0,23,801910064,el Poblenou,0.546907400961826,0.0119517420227759,0.051978802570752,0.1253805389559138,0.2533543804262036,12.578870222121996,8.461382342992446,8869,28,12,150.44798039334918,2,1,298.8544244877829,0,0,511.1238684944972,381,1267.4703612246658,14.169897494846245,12.282051282051285,0.0385384615384615,ELECTRICBIKESTATION,10-SantMartí/68-el Poblenou,True,153,1000,1774994105,45506,19677,822,761,137,194,314,282,226,165,120,1583,176,661,619,75.3,486,286,38,131,1583,452.74,207.37,60.15,5.2,,6.156965027070361,0,23,6.298595681671599,0,22,8.595670312323824,3.9831999097981736,0.2676941316117548,0.3678861888257584,0.2738519861596346
154,"C/ PUJADES, 191","C/ PUJADES, 191",8005.0,32,801910065,el Poblenou,0.675462623929698,0.0018026137899954,0.0161108607480847,0.069175304191077,0.2365930599369085,21.614803965750337,8.253943217665615,8876,18,10,66.91629618638905,2,1,180.3509006084728,2,1,481.8767368858983,376,1184.1600744104312,14.178942019508831,13.447368421052632,-0.1711578947368421,ELECTRICBIKESTATION,10-SantMartí/68-el Poblenou,True,154,1000,1774994105,46351,19096,760,733,169,141,224,286,223,184,143,1493,218,627,521,72.9,369,271,24,129,1493,404.6,192.6,35.83,5.2,,7.3740467209840945,0,31,6.894681452874114,0,30,17.697836863452004,3.916967102298333,0.2304389600307529,0.2579357255520504,0.215458795402316
155,"C/ PUJADES, 311/ FLUVIÀ","C/ PUJADES, 311/ FLUVIÀ",8019.0,32,801910076,Diagonal Mar i el Front Marítim del Poblenou,0.6180485125084516,0.000901510029299,0.0069867027270678,0.0181428893396439,0.2328149650664863,19.77755240027045,8.924160468785216,8874,25,10,137.6944800989087,1,1,186.1314444319512,4,1,223.9983098959038,113,2543.2201496472453,21.78951977589904,8.82857142857143,0.1854,ELECTRICBIKESTATION,10-SantMartí/69-Diagonal Mar i el Front Marítim del Poblenou,True,155,1000,1774994105,43788,19707,1153,1090,157,129,524,710,160,102,78,2243,113,721,946,97.4,407,271,30,122,2243,607.85,273.65,67.29,7.4,,6.93208093001671,0,31,7.071991859446684,0,30,14.712869055668245,5.064683344602209,0.2166275290630221,0.278880014649538,0.2209997456077088
156,"C/ SELVA DE MAR, 46","C/ SELVA DE MAR, 46",8019.0,27,801910236,Diagonal Mar i el Front Marítim del Poblenou,0.572557191696272,0.0046322449440741,0.0377358490566037,0.0894814145294317,0.2009942379392159,15.459044175799344,9.645124844650322,8851,17,8,61.54324348546777,1,1,125.4012741341797,4,1,133.8211611362318,127,2077.7073373796397,0.2617097448426337,11.102564102564102,-0.0601538461538461,ELECTRICBIKESTATION,10-SantMartí/69-Diagonal Mar i el Front Marítim del Poblenou,True,156,1000,1774994105,33996,15427,771,701,102,124,227,233,198,124,370,1472,379,700,363,70.8,371,269,33,103,1472,395.97,151.62,48.58,7.4,,7.195980544043425,0,27,7.072252912504146,0,26,11.252287877076036,4.206756298723308,0.2665177979275347,0.3572268460981601,0.2619352930557082
157,"C/ LLULL, 465","C/ LLULL, 465",8019.0,33,801910081,el Besòs i el Maresme,0.691359043952982,0.0,0.0,0.1317970257690998,0.3529344988080372,22.814848450448405,9.656147122261324,8809,16,10,62.32637840076526,2,1,185.88753056085264,4,1,230.32651595632328,52,2128.4681490042035,65.06569412503268,10.473684210526317,-0.0919210526315789,ELECTRICBIKESTATION,10-SantMartí/70-el Besòs i el Maresme,True,157,1000,1774994105,33850,13150,1020,1060,220,281,336,374,306,198,177,2080,445,1022,444,75.0,812,237,25,94,2080,492.96,195.52,52.0,6.3,,8.735342061622216,4,33,8.744788701368211,0,29,18.958905664661145,3.855942785787263,0.2647073352006737,0.2926105188564037,0.2649935970111575
158,"RAMBLA DE PRIM, 19","RAMBLA DE PRIM, 19",8019.0,31,801910092,el Besòs i el Maresme,0.535507130500516,0.0174628210905813,0.0728931951329427,0.0589229382604776,0.1775574583145561,16.600721045516,14.152208201892744,8876,19,11,58.72450458230332,2,1,137.28640572650417,4,1,126.24154595019183,172,2500.4682568367207,22.438632029440704,10.35897435897436,-0.3364871794871795,ELECTRICBIKESTATION,10-SantMartí/70-el Besòs i el Maresme,True,158,1000,1774994105,41125,16663,745,663,66,140,193,134,164,421,208,1408,355,737,234,87.5,214,354,33,113,1408,498.43,159.1,46.46,6.3,,9.734173607351734,0,31,9.673191452140996,0,31,10.19862550698513,6.40209553853087,0.314005600237153,0.4565228452223466,0.312038433940032
159,"AV. DIAGONAL, 26","AV. DIAGONAL, 26",8019.0,36,801910092,el Besòs i el Maresme,0.6801167281025101,0.0169262017603249,0.0178289325208756,0.082487023245317,0.2081922816519973,24.484202211690363,9.62480252764613,8862,24,12,41.322486225850135,2,1,82.12874006758427,4,1,83.94366398867578,227,2853.897040581287,36.65971035112438,11.0,-0.3559117647058823,ELECTRICBIKESTATION,10-SantMartí/70-el Besòs i el Maresme,True,159,1000,1774994105,41125,16663,745,663,66,140,193,134,164,421,208,1408,355,737,234,87.5,214,354,33,113,1408,498.43,159.1,46.46,6.3,,7.1529573948992615,0,36,7.463800979754891,0,36,20.355111712931617,4.129090498758745,0.1986932609694247,0.2673556257679481,0.2073278049931915
160,"AV.DEDUARD MARISTANY,1 /FORUM","AV. D'EDUARD MARISTANY, 1 /FORUM",8019.0,33,801910080,el Besòs i el Maresme,0.4830776173285198,0.0173736462093862,0.0830324909747292,0.095442238267148,0.1756543321299639,15.941561371841155,15.672044223826717,8864,18,11,63.91167637446209,1,1,240.33115517848395,4,1,103.09525552606158,142,2187.794203516149,19.666996597168907,7.342105263157895,0.2418157894736842,ELECTRICBIKESTATION,10-SantMartí/70-el Besòs i el Maresme,True,160,1000,1774994105,72348,25420,1150,1108,311,183,306,422,352,224,148,2258,145,708,1080,109.6,1038,334,37,145,2258,754.17,327.41,83.55,6.3,,10.131927504564883,0,33,10.054907548469368,0,33,7.1887409747292415,8.752820397111913,0.3070281061989353,0.474910431025052,0.3046941681354353
161,"C/ RAMON TURRÓ, 91","C/ RAMON TURRÓ, 91",8005.0,27,801910052,la Vila Olímpica del Poblenou,0.52971692793504,0.0047366640351866,0.0408255328747039,0.0843577309123717,0.1770610127438818,14.30235705424608,10.616104657719635,8867,7,5,119.93741464656988,3,1,373.7170389619761,0,0,819.3369057155566,111,1509.4423902811864,15.573616726813691,10.176470588235292,0.0684411764705882,ELECTRICBIKESTATION,10-SantMartí/67-la Vila Olímpica del Poblenou,True,161,1000,1774994105,64642,25800,1192,1203,289,320,304,386,431,321,141,2395,128,750,1200,68.5,592,365,43,189,2395,874.18,452.66,102.98,5.4,,7.039785591870927,0,27,7.106225846154084,0,27,10.32874703958498,3.973610014661103,0.2607327996989235,0.3931890613970235,0.2631935498575588
162,"C/ RAMON TURRÓ, 292","C/ RAMON TURRÓ, 292",8005.0,27,801910072,el Poblenou,0.6992213282535863,0.000112790435371,0.0048499887209564,0.1492217459959395,0.4111211369275885,18.87897586284683,5.3427701330927135,8866,16,10,114.75177519565408,2,1,421.7643105760344,0,0,519.7058104805212,55,1863.360435495358,8.365100910551547,9.567567567567568,0.2429189189189189,ELECTRICBIKESTATION,10-SantMartí/69-Diagonal Mar i el Front Marítim del Poblenou,True,162,1000,1774994105,45558,18256,977,1009,207,200,319,379,311,191,167,1986,257,773,717,67.2,565,283,26,133,1986,562.04,264.14,51.64,5.2,,4.88162341471511,0,26,5.365126488806649,0,27,14.84558989397699,4.03338596886984,0.1808008672116704,0.1978803752997301,0.1987083884743199
163,"AV. ICÀRIA, 202","AV. ICÀRIA, 202",8005.0,27,801910055,la Vila Olímpica del Poblenou,0.5381616604140964,0.0134828914570586,0.0436211194198957,0.0985723997280761,0.2161794697484704,14.530364831180602,9.010083843190571,8826,23,8,31.52331283921588,0,0,632.4594321270071,0,0,1045.7220841573264,77,858.142691293995,25.06191549268426,11.18421052631579,-0.1621052631578947,ELECTRICBIKESTATION,10-SantMartí/67-la Vila Olímpica del Poblenou,True,163,1000,1774994105,73872,27080,1291,1289,295,410,246,326,434,401,277,2580,111,780,1381,115.4,568,424,33,198,2580,1093.92,510.84,85.14,5.4,,6.646632086942818,0,27,6.762587487250324,0,27,10.538409245411286,3.991955585769318,0.2461715587756598,0.3337068090070582,0.2504662032314929
164,"C/ INDEPENDÈNCIA, 379","C/ INDEPENDÈNCIA, 379",8026.0,27,801910008,el Camp de l'Arpa del Clot,0.3687736588456984,0.1067086897793786,0.2932237730751914,0.0551553354344889,0.1384511481314723,9.956888788833858,14.529716343989191,8884,28,10,98.49914666272451,4,1,203.7840864575336,0,0,1121.7525036285963,161,2906.140783878952,7.792306933142239,60.51282051282051,-0.3914871794871795,ELECTRICBIKESTATION,10-SantMartí/64-el Camp de l'Arpa del Clot,True,164,1000,1774994105,39180,18248,859,763,121,196,277,296,178,175,264,1622,189,715,668,66.2,437,256,26,122,1622,415.23,197.88,42.17,5.9,,8.55303424126193,0,25,8.542990164498232,0,27,1.7134173795587573,8.2434714092751,0.3167790459726642,0.5381376423699702,0.3164070431295647
165,"C/ DEL DOCTOR TRUETA, 222","C/ DEL DOCTOR TRUETA, 222",8005.0,27,801910061,el Poblenou,0.6112591258375341,0.0064167510976021,0.0287065180682201,0.088483620398514,0.3162219970730609,16.50399639761342,7.382640999662276,8883,15,11,162.26326461382718,0,0,502.2790335074727,0,0,905.807032009383,241,1061.9635106238134,78.88484379704553,11.5,-0.0915,ELECTRICBIKESTATION,10-SantMartí/68-el Poblenou,True,165,1000,1774994105,48067,19768,852,789,145,156,194,292,249,227,231,1641,207,718,578,82.0,328,329,33,162,1641,539.89,265.84,54.15,5.2,,6.150779485789267,0,27,6.737731670339018,0,27,12.458628841607563,4.0453675560058535,0.227806647621825,0.2734311481356398,0.2495456174199634
166,"C/ BILBAO, 2","C/ BILBAO, 2",8005.0,27,801910071,el Poblenou,0.7070280240625458,0.0005659309564233,0.0059988681380871,0.1714770797962648,0.3849462365591398,19.089756649688734,6.313638936049802,8835,10,6,75.9236697033782,1,1,419.6370730383576,0,0,779.44706355397,170,1482.8449778197803,15.85873797621425,9.567567567567568,-0.0099999999999999,ELECTRICBIKESTATION,10-SantMartí/68-el Poblenou,True,166,1000,1774994105,50486,20015,894,855,172,199,222,260,313,272,167,1749,210,791,574,80.5,278,329,33,153,1749,575.42,267.6,57.72,5.2,,6.074380697460915,0,27,6.227335237108433,0,26,16.298132427843804,2.791624221844935,0.2249770628689228,0.2338384791129556,0.2306420458188308
167,"C/ BAC DE RODA, 11","C/ BAC DE RODA, 11",8005.0,20,801910078,Diagonal Mar i el Front Marítim del Poblenou,0.6946911632100992,0.0036068530207394,0.0208521190261496,0.1207168620378719,0.3624887285843102,13.893823264201984,5.7982416591523895,8872,8,6,79.4723929399409,0,0,620.2499885982164,0,0,752.4509143771838,45,1610.576121869958,9.836916760035631,9.153846153846152,-0.1999230769230769,ELECTRICBIKESTATION,10-SantMartí/68-el Poblenou,True,167,1000,1774994105,60819,22874,1205,1174,371,211,252,497,442,209,130,2379,123,799,1060,85.8,626,341,25,134,2379,811.24,318.79,59.48,7.4,,5.073354166816965,0,21,5.0570062492471095,0,21,10.686767357980164,3.2070559062218216,0.2536677083408479,0.2899120829576194,0.2528503124623552
168,SELVA DE MAR / PG. DEL TAULAT,SELVA DE MAR / PG. DEL TAULAT,8019.0,27,801910079,Diagonal Mar i el Front Marítim del Poblenou,0.685982893132194,0.0013531799729364,0.0063148398737032,0.0317997293640054,0.2516914749661705,18.52153811456924,6.782250789354984,8868,11,4,12.643405554855065,1,1,471.2429790111861,1,1,490.80613339101376,77,1527.2802658257986,2.7922617644910317,12.68421052631579,-0.6602368421052631,ELECTRICBIKESTATION,10-SantMartí/69-Diagonal Mar i el Front Marítim del Poblenou,True,168,1000,1774994105,49550,19420,840,834,210,174,188,240,344,230,178,1674,227,703,551,85.3,264,319,37,139,1674,534.01,232.69,61.94,7.4,,5.291554691840607,0,26,5.465564470252546,0,26,12.02063599458728,6.500902119981958,0.1959835071052084,0.2511944736798142,0.2024283137130575
17,"AV. MERIDIANA, 47 (D)","AV. MERIDIANA, 47 (D)",8013.0,42,801902013,el Fort Pienc,0.359026369168357,0.0100292990759522,0.0385395537525354,0.0002253775073247,0.0163398692810457,15.079107505070994,24.52929907595222,8874,6,6,62.08886600571865,3,1,373.3015119529854,14,3,81.38180005034849,142,3279.1299659335405,12.560761880982213,15.333333333333334,0.2472820512820512,ELECTRICBIKESTATION,02-Eixample/66-el Parc i la Llacuna del Poblenou,True,17,1000,1774994105,37995,17082,559,520,103,160,242,177,146,104,83,1079,115,475,463,67.2,373,256,106,177,1079,276.22,190.98,114.37,4.8,,8.492267924896183,0,39,8.905396334636581,0,41,11.352377732702276,3.7267297723687176,0.2021968553546708,0.5840309303798148,0.2120332460627758
170,"AV. LITORAL, 40 (D)","AV. LITORAL, 40 (D)",8005.0,54,801910055,la Vila Olímpica del Poblenou,0.4546443681509224,0.0016385767790262,0.0211844569288389,0.0097144194756554,0.0559456928838951,24.550795880149813,27.33181179775281,8544,12,6,110.23993275562192,0,0,670.3185488831016,0,0,708.8867342666681,73,655.8264888111187,42.14391454539354,8.486486486486486,0.063972972972973,ELECTRICBIKESTATION,10-SantMartí/67-la Vila Olímpica del Poblenou,True,170,1000,1774994105,73872,27080,1291,1289,295,410,246,326,434,401,277,2580,111,780,1381,115.4,568,424,33,198,2580,1093.92,510.84,85.14,5.4,,12.833293727819262,0,52,12.873493332009094,0,52,18.90191947565543,5.648876404494382,0.2376535875522085,0.5061446629213483,0.2383980246668336
171,"AV. LITORAL, 172","AV. LITORAL, 172",8005.0,54,801910055,la Vila Olímpica del Poblenou,0.3981133307220263,0.0034077555816686,0.035840188014101,0.0212690951821386,0.0384253819036427,21.498119858989423,30.729964747356053,8510,16,8,59.14672380090587,0,0,962.9552391835822,0,0,1098.1825598311495,45,25.21130570663954,283.9545289748698,5.911764705882353,0.2043823529411765,ELECTRICBIKESTATION,10-SantMartí/67-la Vila Olímpica del Poblenou,True,171,1000,1774994105,73872,27080,1291,1289,295,410,246,326,434,401,277,2580,111,780,1381,115.4,568,424,33,198,2580,1093.92,510.84,85.14,5.4,,12.091414791509267,0,53,12.786537033952968,0,53,14.74641598119859,6.751703877790835,0.2239150887316533,0.5690734212473343,0.236787722850981
173,"AV.LITORAL, 84","AV.LITORAL, 84",8005.0,27,801910059,el Poblenou,0.5610019237768419,0.0148572765559195,0.0211745437529246,0.0015208235844642,0.1409686476368741,15.14705194197473,10.803228825456246,8548,10,4,200.49502468840143,0,0,789.77750782719,0,0,1139.4499529741272,53,690.2763471303446,84.65048719758313,7.567567567567567,-0.274,ELECTRICBIKESTATION,10-SantMartí/68-el Poblenou,True,173,1000,1774994105,46556,19531,881,833,141,184,337,345,253,140,145,1714,213,635,752,70.8,725,288,43,129,1714,493.63,221.11,73.7,5.2,,6.652396295495492,0,26,6.909068848166824,0,27,11.374824520355638,3.772227421619092,0.2463850479813145,0.4001195861280091,0.2558914388209936
174,"PG. DE GARCIA FÀRIA, 21/ESPRONCEDA","PG. DE GARCIA FÀRIA, 21/ESPRONCEDA",8005.0,27,801910078,Diagonal Mar i el Front Marítim del Poblenou,0.6058713590815415,0.0040549673349853,0.0061950889840054,0.1035143050236539,0.2158143726064429,16.358526695201622,8.523316062176166,8878,13,6,153.04504526270588,0,0,662.1944581654683,0,0,900.1409875470148,64,1653.4714543454625,160.2623217691163,7.594594594594595,0.1524324324324324,ELECTRICBIKESTATION,10-SantMartí/69-Diagonal Mar i el Front Marítim del Poblenou,True,174,1000,1774994105,60819,22874,1205,1174,371,211,252,497,442,209,130,2379,123,799,1060,85.8,626,341,25,134,2379,811.24,318.79,59.48,7.4,,5.683633059090437,0,27,5.644919873275851,0,25,11.367537733723813,4.99098896147781,0.2105049281144604,0.3156783726731913,0.2090711064176239
175,"C/ LLULL, 309","C/ LLULL, 309",8019.0,27,801910076,Diagonal Mar i el Front Marítim del Poblenou,0.6321133412042503,0.004840613931523,0.0115702479338842,0.0517119244391971,0.1922077922077922,17.067060212514757,8.900236127508855,8470,20,10,89.56229566380145,1,1,168.32783268153156,4,1,307.7073372932048,70,2464.848056739733,115.14752296089436,11.37837837837838,-0.247108108108108,ELECTRICBIKESTATION,10-SantMartí/69-Diagonal Mar i el Front Marítim del Poblenou,True,175,1000,1774994105,43788,19707,1153,1090,157,129,524,710,160,102,78,2243,113,721,946,97.4,407,271,30,122,2243,607.85,273.65,67.29,7.4,,6.477240733088532,0,27,6.421793058534262,0,27,13.414285714285716,3.652774498229044,0.2398978049292038,0.3296383750929205,0.2378441873531213
176,"PG. DE GARCIA FÀRIA, 37/JOSEP FERRATER","PG. DE GARCIA FÀRIA, 37/JOSEP FERRATER",8019.0,31,801910078,Diagonal Mar i el Front Marítim del Poblenou,0.5482525366403608,0.0050732807215332,0.0315670800450958,0.0431792559188275,0.2060879368658399,16.995828635851183,12.283540022547914,8870,10,4,183.9947168550365,0,0,649.8866324846796,0,0,705.384499957274,57,1369.3445046094346,161.37027379364946,8.076923076923077,0.0717435897435897,ELECTRICBIKESTATION,10-SantMartí/69-Diagonal Mar i el Front Marítim del Poblenou,True,176,1000,1774994105,60819,22874,1205,1174,371,211,252,497,442,209,130,2379,123,799,1060,85.8,626,341,25,134,2379,811.24,318.79,59.48,7.4,,8.80278944439925,0,31,8.907701872476572,0,31,10.408342728297631,6.587485907553552,0.2839609498193306,0.3962432265338036,0.2873452216927918
177,"C/ ROSSELLÓ, 557","C/ ROSSELLÓ, 557",8026.0,37,801910013,el Camp de l'Arpa del Clot,0.3783296974786336,0.0711471349769222,0.1838342902172689,0.0273556231003039,0.0674321738151525,13.998198806709444,20.23032759202972,8883,13,8,126.45578675846936,9,2,400.2152568980583,0,0,1008.8264640981776,145,2591.1515777913246,74.28710039392644,46.37837837837838,0.1669459459459459,ELECTRICBIKESTATION,10-SantMartí/64-el Camp de l'Arpa del Clot,True,177,1000,1774994105,39547,18080,696,610,100,139,229,214,189,138,184,1306,185,574,484,69.1,345,264,25,146,1306,344.78,190.68,32.65,5.9,,10.406595365865902,0,36,10.515451952344698,0,37,2.532702915681639,11.465495891027803,0.2812593342125916,0.5467656105953979,0.284201404117424
178,"PG. DE GARCIA FÀRIA, 85","PG. DE GARCIA FÀRIA, 85",8019.0,27,801910080,Diagonal Mar i el Front Marítim del Poblenou,0.6367057606214979,0.0033795201081446,0.0144192857947504,0.1351808043257857,0.307648980511434,17.191055536780443,8.147234426044834,8877,10,4,155.37664491411485,0,0,656.7889362405151,0,0,567.911444854426,62,1300.1917778680331,138.79990885224336,9.16216216216216,-0.3404324324324324,ELECTRICBIKESTATION,10-SantMartí/69-Diagonal Mar i el Front Marítim del Poblenou,True,178,1000,1774994105,72348,25420,1150,1108,311,183,306,422,352,224,148,2258,145,708,1080,109.6,1038,334,37,145,2258,754.17,327.41,83.55,7.4,,6.50026839160264,0,27,6.665159700347432,0,27,11.407570125042245,5.7834854117382,0.2407506811704689,0.3017494231868457,0.2468577666795346
179,"PG. ZONA FRANCA, 244","PG. ZONA FRANCA, 244",8038.0,16,801903212,la Marina de Port,0.5179668997406113,0.0333822036765535,0.1291304838163978,0.0739821811210104,0.2343520920266155,8.28747039584978,7.198376000902222,8867,84,21,149.22523535483396,3,2,369.8384892510699,0,0,2620.5540791234616,93,2247.2300607691755,11.834780552866288,22.135135135135137,-0.3672702702702702,ELECTRICBIKESTATION,03-Sants-Montjuïc/13-la Marina de Port,True,179,1000,1774994105,34921,14166,1163,1050,204,259,305,346,324,249,364,2213,564,1162,442,73.7,650,246,20,136,2213,544.4,300.97,44.26,7.2,,4.644213196534296,0,16,4.73819495002437,0,16,5.222623209653772,3.064847186196008,0.2902633247833935,0.4498985000563889,0.2961371843765231
18,"C/ ROSSELLÓ, 453","C/ ROSSELLÓ, 453",8025.0,27,801902047,la Sagrada Família,0.1795334159810661,0.1861828017581426,0.45429956046433,0.0005635072692437,0.0031556407077651,4.847402231488786,19.983432886284238,8873,18,12,70.40362537565653,4,2,173.57898365449677,0,0,651.9678316505456,338,1848.341204671136,102.8547838335602,55.7027027027027,-0.1167837837837837,ELECTRICBIKESTATION,02-Eixample/06-la Sagrada Família,True,18,1000,1774994105,45913,18239,984,883,162,262,312,254,272,213,249,1867,212,812,747,80.1,524,243,22,151,1867,453.68,281.92,41.07,5.1,,4.930529360269476,0,23,5.188691193579676,0,27,1.016116307900372,3.8312859235884154,0.182612198528499,0.7401271439364531,0.1921737479103589
180,"GRAN VIA DE LES CORTS CATALANES, 179 (D)","GRAN VIA DE LES CORTS CATALANES, 179 (D)",8014.0,51,801903063,la Bordeta,0.5270956241734229,0.0007038123167155,0.0079765395894428,0.0064516129032258,0.0659237536656891,26.881876832844576,20.746392961876836,8525,74,28,31.45218421784983,2,2,18.74009691037896,0,0,2479.9187153018715,107,1727.538765574119,8.200102245054676,19.31578947368421,0.3362631578947369,ELECTRICBIKESTATION,03-Sants-Montjuïc/16-la Bordeta,True,180,1000,1774994105,41222,16190,971,919,171,184,359,376,236,143,155,1890,281,733,623,73.3,402,209,37,111,1890,395.01,209.79,69.93,5.3,,12.797515458890402,0,49,12.81369269589672,0,49,20.05231671554252,6.829560117302052,0.2509316756645183,0.40679201886033,0.2512488763901317
182,"C/ SANT PERE D´ABANTO, 2","C/ SANT PERE D´ABANTO, 2",8014.0,33,801903055,Hostafrancs,0.4002844327754075,0.0311371841155234,0.1067238267148014,0.0524593862815884,0.1013086642599278,13.209386281588449,16.162454873646208,8864,88,23,70.3967938474303,3,1,429.0685081863947,0,0,2203.709948874073,109,1520.334708426984,26.64508290290864,33.888888888888886,0.1809166666666666,ELECTRICBIKESTATION,03-Sants-Montjuïc/15-Hostafrancs,True,182,1000,1774994105,37423,16735,778,721,72,203,285,228,185,228,180,1499,227,724,485,68.2,444,247,29,136,1499,370.25,203.86,43.47,5.2,,8.953900382600498,0,32,8.939931836756227,0,31,4.557310469314079,8.652075812274369,0.2713303146242579,0.4897713598074608,0.2709070253562499
183,"C/ GAVÀ, 1","C/ GAVÀ, 1",8014.0,30,801903057,la Bordeta,0.4452238637645201,0.0393594225780985,0.1361227021540543,0.0228938761700687,0.1428893650614638,13.356715912935604,14.923311153716028,8867,69,23,104.64042148806828,5,1,348.8759582350379,0,0,2060.2748334324,112,1216.87824150217,10.18671230620036,31.42105263157895,0.1273421052631579,ELECTRICBIKESTATION,03-Sants-Montjuïc/16-la Bordeta,True,183,1000,1774994105,36321,16272,721,671,88,151,241,203,172,227,221,1392,308,670,376,68.8,255,267,25,127,1392,371.66,176.78,34.8,5.3,,9.184665298675895,0,30,9.336358489642295,0,30,5.90989060561633,7.446825307319274,0.3061555099558637,0.4974437051238675,0.3112119496547433
184,"C/ QUETZAL, 22-24","C/ QUETZAL, 22-24",8014.0,27,801903065,la Bordeta,0.3692395640345167,0.0359396124380351,0.1754168544389364,0.029968454258675,0.0857368183866606,9.969468228931952,15.507097791798108,8876,27,21,106.8724230923802,2,2,401.1385592304717,0,0,2182.648598499636,134,403.97897003753945,173.63533268825944,25.026315789473685,-0.3328157894736842,ELECTRICBIKESTATION,03-Sants-Montjuïc/16-la Bordeta,True,184,1000,1774994105,41881,17058,680,620,88,168,191,139,182,317,152,1300,230,673,301,69.7,145,333,22,183,1300,432.9,237.9,28.6,5.3,,7.559079800096701,0,27,7.585579743052626,0,27,4.205159981973862,5.764308246958089,0.2799659185220999,0.5743369552517817,0.2809473978908383
185,"C/GAVÀ, 81","C/GAVÀ, 81",8014.0,17,801903059,la Bordeta,0.3922010295277025,0.0765852010361527,0.26286744002703,0.0939294965649284,0.2040770357022187,6.667417501970943,7.929721815519766,8879,84,27,100.77684213927428,2,2,282.98760626291295,0,0,2184.700890160154,112,1034.880817339564,14.60758464090206,31.92105263157895,-0.8931315789473684,ELECTRICBIKESTATION,03-Sants-Montjuïc/16-la Bordeta,True,185,1000,1774994105,34662,15522,566,540,103,118,184,173,166,123,159,1106,211,545,347,67.6,250,264,26,141,1106,291.98,155.95,28.76,5.3,,4.796029792081937,0,16,4.991027615467169,0,16,2.407816195517513,4.25960130645343,0.2821193995342316,0.4664542244423392,0.2935898597333641
186,"C/CONSELL DE CENT, 6","C/CONSELL DE CENT, 6",8014.0,26,801903047,Hostafrancs,0.3720928214384892,0.052797833935018,0.1837770758122743,0.057874548736462,0.1372969314079422,9.674413357400722,11.08980144404332,8864,20,8,63.88600149164771,19,6,40.47286664151857,0,0,1770.0185292630836,166,897.017816251876,5.956349794144212,38.12820512820513,-0.3578205128205128,ELECTRICBIKESTATION,03-Sants-Montjuïc/15-Hostafrancs,True,186,1000,1774994105,36070,15838,846,827,106,233,358,284,221,196,165,1673,248,786,570,68.7,474,230,38,156,1673,384.79,260.99,63.57,5.2,,6.570582563510161,0,25,6.86842640547568,0,24,2.788244584837545,6.886168772563177,0.2527147139811597,0.426530824770897,0.2641702463644494
187,"C/ DE SANT PAU, 89 - 97","C/ DE SANT PAU, 89 - 97",8001.0,15,801901004,el Raval,0.5042525241151522,0.044476973313816,0.1478437112937732,0.0999887400067559,0.213939871636077,7.563787861727283,6.874225875464474,8881,25,10,90.13130809358708,8,2,216.60500749871903,0,0,2149.58334744076,250,1208.9678372865046,98.47564923377232,17.105263157894736,0.2928947368421052,ELECTRICBIKESTATION,01-CiutatVella/01-el Raval,True,187,1000,1774994105,31203,12214,1287,1594,263,527,645,483,381,192,151,2881,552,1200,880,65.0,1494,147,22,110,2881,423.51,316.91,63.38,7.4,,4.406563927879384,0,15,4.389182421750888,0,15,5.525841684494989,2.037946177232293,0.2937709285252924,0.458281725030965,0.2926121614500587
188,PG. SANT ANTONI /PL. SANTS,PG. SANT ANTONI /PL. SANTS,8014.0,27,801903090,Sants,0.3696608485880516,0.0562316880775298,0.1906693711967545,0.0259184133423484,0.0887987378859589,9.980842911877394,13.964277665089025,8874,32,8,24.377574158190463,8,2,20.17656678735853,0,0,1548.9462491822223,300,716.7221138442711,1.3266184232401457,41.026315789473685,0.0254736842105263,ELECTRICBIKESTATION,03-Sants-Montjuïc/18-Sants,True,188,1000,1774994105,47932,20585,479,426,77,138,116,98,171,140,121,905,86,438,398,82.2,153,256,17,129,905,231.68,116.74,15.39,4.6,,7.280123383012342,0,25,7.323963807200767,0,26,1.7820599504169483,8.198782961460447,0.2696341993708273,0.5171954690773712,0.2712579187852126
189,"C/ BRUC, 130","C/ BRUC, 130",8037.0,28,801902063,la Dreta de l'Eixample,0.162887760857304,0.2280879864636209,0.5501410039481105,0.0039481105470953,0.0060913705583756,4.560857304004512,20.796051889452905,8865,37,12,59.00240735157228,8,3,164.36178758057477,1,1,197.18263149720647,357,3362.3716355531587,36.4741701269468,51.648648648648646,0.0041891891891891,ELECTRICBIKESTATION,02-Eixample/07-la Dreta de l'Eixample,True,189,1000,1774994105,65709,27244,577,461,91,134,140,141,151,146,154,1038,89,387,622,153.0,337,381,40,270,1038,395.48,280.26,41.52,4.2,,5.607995934246122,0,26,5.620232253559428,0,27,3.3639029892837,1.1969543147208122,0.2002855690802181,0.7427161389090323,0.2007225804842652
19,"C/ ROSSELLÓ, 354","C/ ROSSELLÓ, 354",8025.0,30,801902054,la Sagrada Família,0.2115039597642908,0.091768944938633,0.3454565927260443,0.0004503997297601,0.0015763990541605,6.345118792928724,21.402995158202906,8881,15,8,243.82427873958383,5,3,198.72264833678315,2,1,432.8090457021714,241,2063.732472579913,94.35083357383954,54.108108108108105,-0.1527567567567567,ELECTRICBIKESTATION,02-Eixample/06-la Sagrada Família,True,19,1000,1774994105,45937,19388,922,850,121,231,333,291,220,208,213,1772,144,696,897,78.4,570,263,27,169,1772,466.04,299.47,47.84,5.1,,5.575982227735068,0,29,5.75383421251726,0,30,1.8593626843823892,4.485756108546335,0.1858660742578356,0.7134331719400968,0.1917944737505755
190,"AV. LITORAL, 72","AV. LITORAL, 72",8005.0,29,801910059,el Poblenou,0.4086887610997094,0.0069534472598703,0.077430760164997,0.014614024749558,0.076370064820271,11.851974071891574,13.959811431938716,8485,8,4,180.31007808440103,0,0,918.7866925670722,0,0,1309.6968500802898,45,219.863747887982,134.45137089975205,3.911764705882353,-0.060235294117647,ELECTRICBIKESTATION,10-SantMartí/68-el Poblenou,True,190,1000,1774994105,46556,19531,881,833,141,184,337,345,253,140,145,1714,213,635,752,70.8,725,288,43,129,1714,493.63,221.11,73.7,5.2,,7.043226132323778,0,28,7.199613115115415,0,29,7.587507365939894,4.26446670595168,0.2428698666318542,0.4813728079978867,0.248262521210877
191,"C/ ENTENÇA, 137","C/ ENTENÇA, 137",8015.0,37,801902134,la Nova Esquerra de l'Eixample,0.1849912899692784,0.092335478044926,0.3016141776724235,0.0,0.0,6.844677728863303,27.511570154644996,8859,9,7,34.26483313218871,7,2,306.272970853424,0,0,1190.21544045808,162,2753.27088470703,54.429897367351344,45.078947368421055,-0.0175526315789473,ELECTRICBIKESTATION,02-Eixample/09-la Nova Esquerra de l'Eixample,True,191,1000,1774994105,43598,19320,720,673,86,196,233,198,166,222,205,1393,133,606,584,71.4,345,284,19,165,1393,395.61,229.84,26.47,4.9,,6.095261277609435,0,30,6.341610729874556,3,37,1.813635850547466,5.031041878315837,0.1647367912867419,0.7435559501255404,0.1713948845912047
192,"C/ JOAN GÜELL, 50","C/ JOAN GÜELL, 50",8028.0,21,801903089,Sants,0.3707030705002307,0.0717827360829389,0.2297723687176019,0.0486815415821501,0.166779355420329,7.784764480504846,9.1938246562993,8874,6,3,148.51505274965723,7,3,352.6806134745596,0,0,1190.2579601457223,152,599.7340615477007,7.337657752922987,45.21052631578947,0.1700263157894737,ELECTRICBIKESTATION,03-Sants-Montjuïc/18-Sants,True,192,1000,1774994105,42894,19060,600,524,79,127,182,156,142,162,198,1124,131,507,455,75.1,177,293,22,153,1124,329.33,171.97,24.73,4.6,,5.366316384039877,0,20,5.538922261680168,0,21,2.20182555780933,5.582938922695515,0.2555388754304702,0.4378011741094905,0.2637582029371506
193,"C/ FÍGOLS, 1","C/ FÍGOLS, 1",8028.0,27,801904034,les Corts,0.1913364486371589,0.1070019167888149,0.3755778554515729,0.0009020182658698,0.0065396324275566,5.166084113203293,19.59194948697711,8869,23,9,103.02351760608045,3,1,351.2311458267792,0,0,767.6353748659648,157,1017.8497420037232,35.2876942780305,55.28947368421053,0.2186052631578947,ELECTRICBIKESTATION,04-LesCorts/19-les Corts,True,193,1000,1774994105,61713,25026,739,676,129,138,145,197,168,192,349,1415,91,525,645,102.1,135,381,13,193,1415,539.12,273.1,18.4,5.1,,4.681203092476795,0,25,4.78217759050686,0,27,1.1319201713834706,4.034163941819822,0.1733778923139559,0.72562775877693,0.1771176885372905
194,"C/ JOAN GÜELL, 98","C/ JOAN GÜELL, 98",8028.0,24,801904032,les Corts,0.2441893264131784,0.1170032720297867,0.3508969874760239,0.0088006318402346,0.022452894053932,5.860543833916281,16.34390161344917,8863,9,5,50.8534172670938,5,1,306.9959545764603,0,0,895.3767946014527,169,659.0968971224258,5.890025782415462,54.45945945945946,-0.0717567567567567,ELECTRICBIKESTATION,04-LesCorts/19-les Corts,True,194,1000,1774994105,48131,20508,798,664,102,162,231,208,197,230,214,1462,173,654,582,72.4,263,309,33,151,1462,451.76,220.76,48.25,5.1,,5.431459139491667,0,23,5.498074054807054,0,24,1.0601376509082705,4.800406183008011,0.2263107974788198,0.6809959005603822,0.2290864189502943
195,"C/ VALLESPIR, 130","C/ VALLESPIR, 130",8014.0,27,801904005,les Corts,0.1616806694462289,0.1343385103729736,0.4155991384196803,0.0009069266523069,0.0020405849676907,4.365378075048181,20.848883346559347,8821,13,4,16.52857820555678,9,2,47.35653132610133,0,0,849.4842947104933,170,462.3534368596115,280.8960206966556,51.7027027027027,0.1795135135135135,ELECTRICBIKESTATION,04-LesCorts/19-les Corts,True,195,1000,1774994105,46785,20483,609,544,89,123,158,163,163,157,207,1153,142,519,433,74.7,180,281,48,153,1153,323.99,176.41,55.34,5.1,,4.144381034235344,0,24,4.238356887334723,0,27,0.6097948078449156,3.755583267203265,0.1534955938605687,0.7721808646873831,0.1569761810123969
196,"C/ BERLÍN, 38","C/ BERLÍN, 38",8029.0,27,801903113,Sants,0.1891379195079556,0.1115749097472924,0.3664259927797834,0.0086868231046931,0.0138763537906137,5.106723826714801,18.25361010830325,8864,25,12,55.2543302017186,10,3,120.51542292653076,0,0,835.0718068869345,179,1680.116721252498,6.546431593429758,54.97435897435897,-0.4293076923076923,ELECTRICBIKESTATION,03-Sants-Montjuïc/18-Sants,True,196,1000,1774994105,53534,23793,751,684,121,204,215,204,201,193,206,1435,130,556,673,103.0,278,309,28,167,1435,443.42,239.64,40.18,4.6,,4.738056050674709,0,25,4.984460614982328,0,26,0.9351308664259927,4.171592960288809,0.1754835574323966,0.6760596336408611,0.1846096524067534
197,"C/ GELABERT, 1","C/ GELABERT, 1",8029.0,27,801904017,les Corts,0.1498432261593122,0.1320031563521587,0.4342238755495434,0.0,0.0001127268628114,4.045767106301431,19.827189719310116,8871,19,10,132.8317105114816,1,1,480.36870448207753,0,0,531.7445452361949,158,2239.2246002068,6.981863949969214,59.0,0.4763611111111111,ELECTRICBIKESTATION,04-LesCorts/19-les Corts,True,197,1000,1774994105,53313,23387,605,511,105,92,181,169,133,138,201,1116,97,409,501,79.9,183,365,24,196,1116,407.34,218.74,26.78,5.1,,3.657911666875705,0,19,3.938679951005023,1,27,0.5655506707248338,3.480216435576598,0.1354782098842853,0.7343403599744486,0.1458770352224088
198,"C/ VALLESPIR, 194","C/ VALLESPIR, 194",8014.0,27,801904010,les Corts,0.1448799284502286,0.1601218686526743,0.4698713608666215,0.0005642067253441,0.0031595576619273,3.911758068156173,20.53227262468969,8862,15,8,72.10217781970329,5,1,226.42710346967883,0,0,527.8698495052506,223,1245.5099512869697,43.24579964769556,62.55263157894737,0.1102105263157895,ELECTRICBIKESTATION,04-LesCorts/19-les Corts,True,198,1000,1774994105,57131,23761,463,389,75,97,117,114,113,121,142,852,68,377,346,85.3,118,322,22,164,852,274.34,139.73,18.74,5.1,,4.008919561009223,0,25,4.280091332113527,0,27,0.4915368991198375,3.420221169036335,0.1484785022596007,0.7604545416551736,0.1585219011893897
199,"C/ MEJÍA LEQUERICA, 2","C/ MEJÍA LEQUERICA, 2",8028.0,27,801904048,la Maternitat i Sant Ramon,0.1811323601523895,0.0872468032137603,0.3608690732148919,0.0029421749462487,0.0074685979404775,4.890573724114518,19.008373882539324,8837,21,7,35.33401140581936,3,1,410.2891508057703,0,0,664.6752506825629,99,707.6399425402612,118.51720822933017,58.84615384615385,-0.1847948717948718,ELECTRICBIKESTATION,04-LesCorts/20-la Maternitat i Sant Ramon,True,199,1000,1774994105,55617,22929,734,668,103,165,188,187,190,203,259,1402,105,581,651,82.5,211,334,17,210,1402,468.27,294.42,23.83,5.0,,4.323773658504729,0,25,4.88045617330616,0,27,0.6991060314586398,4.191467692655879,0.1601397651298053,0.7040138475014565,0.1807576360483766
2,"C/ ROGER DE FLOR, 126","C/ ROGER DE FLOR, 126",8013.0,29,801902007,el Fort Pienc,0.187323577261026,0.089066546560072,0.3367863979281612,0.0,0.0005629996622002,5.432383740569756,19.951131629321026,8881,44,20,58.59770747448398,8,3,152.1897537164584,0,0,577.0857446796272,211,2866.243499260326,16.236355794213626,32.87179487179487,-0.047025641025641,ELECTRICBIKESTATION,02-Eixample/05-el Fort Pienc,True,2,1000,1774994105,51559,23045,630,537,82,144,222,192,126,158,172,1167,82,421,596,87.2,302,287,30,151,1167,334.93,176.22,35.01,4.8,,4.582866230533133,0,23,4.804310085454401,2,28,3.265060240963856,2.1673234996059003,0.158029870018383,0.6879700561834835,0.1656658650156686
20,"C/ CARTAGENA, 308","C/ CARTAGENA, 308",8025.0,18,801902038,la Sagrada Família,0.2501688808826841,0.221233956316145,0.469038504841252,0.0105832019815356,0.0648502589506867,4.503039855888313,11.397883359603693,8882,23,13,56.87654918183395,2,1,47.40937590458274,0,0,1019.5197602734476,233,3113.237667389056,20.604119309606222,62.6578947368421,-0.2182368421052631,ELECTRICBIKESTATION,02-Eixample/06-la Sagrada Família,True,20,1000,1774994105,48901,20868,770,702,105,243,221,193,260,230,139,1472,124,637,651,73.3,322,282,192,181,1472,415.1,266.43,282.62,5.1,,4.536089539742921,0,17,4.698641299885345,0,18,0.3252645800495384,4.177775275838775,0.2520049744301619,0.6332157422002052,0.2610356277714084
200,"C/ JOAN GÜELL, 174","C/ JOAN GÜELL, 174",8028.0,24,801904031,les Corts,0.2355591931963573,0.1206818694965003,0.3819146534206367,0.0088055994581169,0.038044705351095,5.6534206367125766,15.199480695416572,8858,14,5,29.27534965919896,5,1,45.69366177940495,0,0,601.4439593110685,192,1332.3859797561622,18.40055943489972,62.31578947368421,-0.0089210526315789,ELECTRICBIKESTATION,04-LesCorts/19-les Corts,True,200,1000,1774994105,48653,21221,907,883,146,211,299,295,233,227,233,1790,353,1099,665,72.1,978,211,28,122,1790,377.69,218.38,50.12,5.1,,5.482479523614263,0,22,5.445580151594944,0,23,1.207721833370964,4.445698803341612,0.2284366468172606,0.6333116956423572,0.2268991729831228
201,"C/ NUMÀNCIA, 136","C/ NUMÀNCIA, 136",8029.0,24,801904022,les Corts,0.1509682933243172,0.2033134227431534,0.5404034712047785,0.0074382959540178,0.018370336977347,3.623239039783613,16.330102558323002,8873,24,16,130.62481305847396,0,0,505.4716670394054,12,3,265.9746702868898,289,827.2606316324507,1.9530605321469128,70.5945945945946,-0.0049459459459459,ELECTRICBIKESTATION,04-LesCorts/19-les Corts,True,201,1000,1774994105,49500,22615,830,759,147,221,270,224,186,182,245,1589,125,634,751,74.4,448,329,32,193,1589,522.78,306.68,50.85,5.1,,4.163902589331807,0,21,4.21569763897493,0,23,0.6216612194297306,3.0015778203538828,0.173495941222159,0.6804209399301251,0.175654068290622
202,"C/ DE LES CORTS, 20","C/ DE LES CORTS, 20",8028.0,27,801904029,les Corts,0.1468212241082903,0.1621225777377196,0.5060838215412348,0.0,0.0004506534474988,3.96417305092384,21.11795853988283,8876,23,7,114.33370663526404,5,1,219.13854301142263,6,3,341.51098044263097,170,989.766328658027,99.41362315247032,66.55263157894737,0.3321052631578947,ELECTRICBIKESTATION,04-LesCorts/19-les Corts,True,202,1000,1774994105,59632,25953,591,491,89,92,126,173,116,161,231,1082,62,402,506,92.3,119,633,132,272,1082,684.91,294.3,142.82,5.1,,4.293494679952707,0,25,4.448129816333707,1,27,0.4629337539432177,3.501239296980622,0.1590183214797307,0.7821466125882529,0.1647455487531001
203,"AV. DIAGONAL, 668","AV. DIAGONAL, 668",8034.0,33,801904024,les Corts,0.1041487105821191,0.35,0.6422121896162528,0.0001128668171557,0.0003386004514672,3.436907449209932,26.911286681715577,8860,122,47,43.0784647803192,2,1,214.61457646073237,12,3,191.3979377265341,130,817.435569144292,17.76758929000608,78.56756756756756,0.0077027027027027,ELECTRICBIKESTATION,04-LesCorts/19-les Corts,True,203,1000,1774994105,97678,34765,524,460,121,105,82,127,126,148,199,984,47,322,501,133.3,90,1051,121,295,984,1034.18,290.28,119.06,5.1,,4.876343479748704,0,28,5.06858115068886,0,33,0.391647855530474,3.045259593679458,0.1477679842348096,0.8154935358095629,0.1535933682026929
204,"AV. DIAGONAL, 672","AV. DIAGONAL, 672",8034.0,33,801904050,Pedralbes,0.152847265741378,0.2846649338908351,0.6167928579500509,0.0055373488529777,0.0228274381286021,5.043959769465476,25.458695897841565,8849,121,47,27.0460514101512,2,1,52.33380505609341,12,3,73.40293350305093,154,1175.3497309974202,9.393963233249524,77.1470588235294,0.7090882352941177,ELECTRICBIKESTATION,04-LesCorts/21-Pedralbes,True,204,1000,1774994105,98221,34765,1011,906,235,174,157,312,291,195,366,1917,74,662,1002,132.1,236,458,31,249,1917,877.99,477.33,59.43,2.4,,7.71867685445845,0,33,7.658992526300825,0,33,0.9355859419143406,4.108373827551136,0.2338992986199539,0.7714756332679262,0.2320906826151758
205,"C/ DE CAN SEGALAR, 4","C/ DE CAN SEGALAR, 4",8028.0,37,801904027,les Corts,0.1024042634183479,0.1783661971830986,0.5434366197183098,0.0,0.0,3.788957746478873,31.215098591549296,8875,71,42,99.67556628036144,5,1,364.8996330762933,12,3,193.04549511441863,152,1112.7172210193091,152.30853370688274,73.45945945945945,0.077027027027027,ELECTRICBIKESTATION,04-LesCorts/19-les Corts,True,205,1000,1774994105,51748,23851,666,602,113,152,200,205,175,154,145,1268,106,469,598,77.3,333,341,39,154,1268,432.39,195.27,49.45,5.1,,4.526257725674555,0,24,4.8863622037092815,9,37,1.2094647887323944,2.5794929577464787,0.1223312898830964,0.8436513132851161,0.1320638433434942
206,"AV. DIAGONAL, 650"," AV. DIAGONAL, 650",8017.0,33,801904023,les Corts,0.1727719916297138,0.359806240847133,0.6127069956066239,0.0084488002703616,0.0257970034921707,5.701475723780557,25.057677143179003,8877,47,31,50.25118078421602,0,0,592.2161295318049,12,3,89.31929592852268,193,1187.0951725498635,17.154026745281698,79.16216216216216,-0.4222162162162162,ELECTRICBIKESTATION,04-LesCorts/19-les Corts,True,206,1000,1774994105,90951,32986,528,487,132,115,106,131,143,119,185,1015,48,343,507,149.6,171,646,85,282,1015,655.69,286.23,86.28,5.1,,8.407148068827883,0,33,8.425778523374206,0,33,0.6329841162554917,5.068491607525065,0.2547620626917545,0.7593235497933032,0.2553266219204305
207,"AV. DIAGONAL, 634","AV. DIAGONAL, 634",8017.0,24,801904023,les Corts,0.1924350148591205,0.3031260580069969,0.5911296693375465,0.0136553436406726,0.0607154948651393,4.618440356618891,16.926644848211264,8861,58,28,24.772048118262955,0,0,768.3818481950461,12,3,36.34117484439311,200,1449.9436214179598,5.853037577839988,77.73684210526316,-0.5146052631578947,ELECTRICBIKESTATION,04-LesCorts/19-les Corts,True,207,1000,1774994105,90951,32986,528,487,132,115,106,131,143,119,185,1015,48,343,507,149.6,171,646,85,282,1015,655.69,286.23,86.28,5.1,,6.258582791692239,0,24,6.553997962673877,0,25,0.5182259338675093,4.100214422751383,0.2607742829871756,0.7052768686754692,0.2730832484447447
208,"AV. DIAGONAL, 630","AV. DIAGONAL, 630",8017.0,33,801905057,Sant Gervasi - Galvany,0.0936601836568003,0.30168038795534,0.6369685350174805,0.0,0.0009022217209879,3.090786060674411,27.107026051652195,8867,71,29,79.97456018657279,0,0,734.4751200645619,12,3,239.79335339340835,104,1648.486554231563,3.040465471723204,75.37837837837837,-0.349972972972973,ELECTRICBIKESTATION,05-Sarrià-StGervasi/26-Sant Gervasi - Galvany,True,208,1000,1774994105,98221,34765,817,719,169,217,151,183,239,199,280,1536,60,527,838,134.4,219,521,41,304,1536,800.26,466.94,62.98,3.2,,4.22820598261202,0,29,4.647213936261871,1,33,0.6526446374196458,2.438141423254765,0.1281274540185458,0.8214250318682483,0.1408246647352081
209,"C/ DIPUTACIÓ, 200","C/ DIPUTACIÓ, 200",8011.0,26,801902092,l'Antiga Esquerra de l'Eixample,0.1926367564665436,0.1435325903411009,0.3771248452099516,0.0070921985815602,0.0167736125182933,5.008555668130136,20.053472925813352,8883,103,35,103.1700685826864,12,2,255.74491485804205,0,0,1511.9924977653134,398,2080.104566683985,16.11836184725559,38.48571428571429,-0.1909714285714285,ELECTRICBIKESTATION,02-Eixample/08-l'Antiga Esquerra de l'Eixample,True,209,1000,1774994105,46768,21086,827,866,100,295,373,254,219,188,169,1693,136,622,883,94.7,674,257,48,196,1693,435.1,331.83,81.26,4.2,,5.151360757141399,0,26,5.195693056844398,0,26,2.1852977597658447,2.8232579083642912,0.1981292598900537,0.7712874202235905,0.1998343483401685
21,"C/ SANT ANTONI MARIA CLARET, 214"," C/ SANT ANTONI MARIA CLARET, 214   ",8025.0,21,801902041,la Sagrada Família,0.2495132978295496,0.179186845365469,0.4104065773172654,0.0087847730600292,0.0284941997972744,5.239779254420543,14.418402973307805,8879,25,13,23.59625521345877,2,1,160.59814192996157,0,0,1136.579408973777,254,2131.702170665641,33.27665877596747,68.87179487179488,-0.004025641025641,ELECTRICBIKESTATION,02-Eixample/06-la Sagrada Família,True,21,1000,1774994105,40835,18547,823,712,115,177,262,249,188,207,236,1535,185,693,664,73.5,449,260,29,158,1535,399.1,242.53,44.52,5.1,,4.966258191923863,0,21,5.048030547405836,0,21,0.2276157224912715,5.012163531929271,0.236488485329708,0.6865906177765622,0.240382407019325
210,"C/ VILARDELL, 18","C/ VILARDELL, 18",8014.0,31,801903051,Hostafrancs,0.2886609558160505,0.0676284941388638,0.241546438232642,0.0,0.0,8.948489630297566,19.89055455365194,8872,24,8,26.71685881145914,9,2,142.10705835697797,0,0,1836.6503861496576,157,608.6785378871629,123.88151135906809,34.61764705882353,0.1957941176470588,ELECTRICBIKESTATION,03-Sants-Montjuïc/15-Hostafrancs,True,210,1000,1774994105,34911,14179,931,917,167,257,369,317,273,153,153,1848,319,758,541,65.7,563,204,35,125,1848,376.99,231.0,64.68,5.2,,6.954475050542286,0,25,6.965337051610828,4,30,1.9664111812443643,6.982078449053201,0.2243379048562027,0.6416307920532883,0.2246882919874464
211,"C/ SANCHO DE ÁVILA, 60-64","C/ SANCHO DE ÁVILA, 60-64",8018.0,28,801910043,el Parc i la Llacuna del Poblenou,0.5498077974716119,0.0074307588380995,0.0428957442017563,0.0740824138707498,0.1915109209637469,15.394618329205134,11.431546948885384,8882,2,2,119.88453081319372,4,2,428.43764631487153,10,3,307.4375376602014,242,2177.5690694219365,13.974353080927392,11.897435897435898,0.0462564102564102,ELECTRICBIKESTATION,10-SantMartí/66-el Parc i la Llacuna del Poblenou,True,211,1000,1774994105,41674,17509,1182,1155,218,452,470,483,248,138,107,2337,221,1121,1406,77.2,1493,308,139,184,2337,719.8,430.01,324.84,5.3,,7.677823700564806,0,28,7.636450678170504,0,27,11.115627111011031,4.2789912181941006,0.2742079893058867,0.4082695338887638,0.272730381363232
212,"AV. SARRIÀ, 163","AV. SARRIÀ, 163",8017.0,24,801904024,les Corts,0.2919108531500056,0.1076298884255606,0.3505015214696269,0.0033810436154626,0.0420376422855854,7.005860475600136,12.986137721176604,8873,25,10,32.87947634717641,0,0,611.7255833871427,6,3,330.360393342985,51,469.3197502133685,31.819981470710385,87.8157894736842,-0.2224210526315789,ELECTRICBIKESTATION,04-LesCorts/19-les Corts,True,212,1000,1774994105,97678,34765,524,460,121,105,82,127,126,148,199,984,47,322,501,133.3,90,1051,121,295,984,1034.18,290.28,119.06,5.1,,6.16166790762736,0,23,5.586572678294587,0,23,2.331793080130734,4.674067395469401,0.2567361628178071,0.5410890717156918,0.2327738615956079
213,"C/ SANTA FE DE NOU MÈXIC, 2","C/ SANTA FE DE NOU MÈXIC, 2",8017.0,33,801905021,les Tres Torres,0.1926797278465448,0.1922903516681695,0.421663660955816,0.0,0.0034941388638412,6.3584310189359785,25.147317403065824,8872,22,8,89.9593843565316,1,1,482.1611646880268,6,3,376.04715126199056,60,1415.5976442083202,51.20226013723845,83.08108108108108,0.1651621621621621,ELECTRICBIKESTATION,05-Sarrià-StGervasi/24-les Tres Torres,True,213,1000,1774994105,93278,34765,610,553,164,124,109,162,183,135,161,1163,55,399,643,124.9,276,386,27,185,1163,448.92,215.16,31.4,3.3,,6.804864988031013,0,32,6.892449263815142,1,33,2.989066726780884,3.369364292155095,0.2062080299403335,0.7620399213050251,0.2088620989034892
214,"C/ JOSÉ DE  AGULLÓ, 9","C/ JOSÉ DE  AGULLÓ, 9",8017.0,25,801905021,les Tres Torres,0.2650146693748589,0.1139697585195215,0.2988038817422703,0.0010155721056194,0.0315955766192733,6.6253667343714735,14.794741593319792,8862,18,6,41.61472205784116,3,1,357.6631334864366,0,0,578.1801996620436,42,1387.7493803071638,15.400687991387064,88.84210526315789,0.1613947368421052,ELECTRICBIKESTATION,05-Sarrià-StGervasi/24-les Tres Torres,True,214,1000,1774994105,93278,34765,610,553,164,124,109,162,183,135,161,1163,55,399,643,124.9,276,386,27,185,1163,448.92,215.16,31.4,3.3,,5.692058326683773,0,22,5.760342092076321,0,24,4.133378469871361,2.491988264500113,0.2276823330673512,0.5917896637327917,0.2304136836830525
215,"C/ GANDUXER, 29","C/ GANDUXER, 29",8021.0,21,801905056,Sant Gervasi - Galvany,0.1216424358540891,0.3022652992223599,0.6488222698072805,0.0034937450693113,0.0093542206694466,2.554491152935873,15.766707990533078,8873,6,4,254.0946917058752,1,1,452.50215446595377,12,3,399.5289777187055,76,2133.795733563476,10.62980585361057,78.88888888888889,0.6536666666666666,ELECTRICBIKESTATION,05-Sarrià-StGervasi/26-Sant Gervasi - Galvany,True,215,1000,1774994105,74102,31537,669,486,135,104,136,165,181,136,191,1155,53,407,556,132.4,247,419,21,279,1155,483.94,322.24,24.26,3.2,,3.198777936868994,0,18,3.656939460136589,0,21,0.2719486081370449,2.282542544798828,0.1523227588985235,0.7507956185968132,0.1741399742922189
216,"C/ MADRAZO, 131","C/ MADRAZO, 131",8021.0,27,801905064,Sant Gervasi - Galvany,0.2078133613992883,0.1597880018042399,0.4122688317546233,0.0048488949030221,0.0190572846188543,5.610960757780785,16.836265223274694,8868,16,5,11.308595963320103,2,1,252.6278923126833,0,0,517.1655199252131,146,620.2851407474509,226.6365587808455,81.63157894736842,0.3060526315789474,ELECTRICBIKESTATION,05-Sarrià-StGervasi/26-Sant Gervasi - Galvany,True,216,1000,1774994105,69413,30658,782,647,151,208,207,217,202,173,162,1429,84,513,876,93.6,433,316,20,236,1429,451.56,337.24,28.58,3.2,,5.661714812458286,0,26,5.790117474661804,0,26,2.831529093369418,2.7794316644113666,0.2096931412021588,0.6235653786398035,0.2144487953578446
217,"C/ RECTOR UBACH, 24","C/ RECTOR UBACH, 24",8021.0,27,801905074,Sant Gervasi - Galvany,0.1643474158410467,0.1878029534438056,0.4770600834178785,0.0,0.0001127268628114,4.437380227708263,20.97756735430053,8871,15,5,50.19632916289571,6,2,105.17492865623797,0,0,707.1289099690039,105,1150.620574286693,65.42613008548355,95.02702702702705,-0.2414054054054053,ELECTRICBIKESTATION,05-Sarrià-StGervasi/26-Sant Gervasi - Galvany,True,217,1000,1774994105,70737,28797,843,692,195,196,165,230,229,199,199,1535,67,501,825,107.0,287,412,26,256,1535,632.42,392.96,39.91,3.2,,4.792762355256882,0,23,4.948420948914471,2,27,1.4707473791004395,2.9666328486078237,0.177509716861366,0.7769469390481678,0.1832748499597954
218,"C/ CONSELL DE CENT, 566","C/ CONSELL DE CENT, 566",8013.0,39,801902022,la Sagrada Família,0.3305780350159715,0.0645415634151836,0.1629871592701058,0.019148456859653,0.0503491777427348,12.892543365622888,21.38679882856499,8878,12,9,122.71387428463083,5,2,340.3194546868161,8,3,293.54458930717544,171,2957.300954243572,14.687201561914735,27.62162162162162,0.1877297297297297,ELECTRICBIKESTATION,02-Eixample/06-la Sagrada Família,True,218,1000,1774994105,46783,18928,648,612,94,201,218,171,186,155,148,1260,166,566,471,76.8,363,248,45,149,1260,312.48,187.74,56.7,5.1,,9.682683702266385,0,38,9.925188977206789,0,39,6.719418788015319,6.173124577607569,0.2482739410837537,0.5483794571426921,0.2544920250565836
219,"C/ LAFORJA, 74-76","C/ LAFORJA, 74-76",8021.0,26,801905072,Sant Gervasi - Galvany,0.1015429741738406,0.2657942238267148,0.6548962093862816,0.0013537906137184,0.0055279783393501,2.640117328519856,22.31261281588448,8864,10,7,29.15834674697074,10,2,380.8075649712536,0,0,683.6994385384453,229,0.0,311.22361550682814,84.1891891891892,-0.2967027027027027,ELECTRICBIKESTATION,05-Sarrià-StGervasi/26-Sant Gervasi - Galvany,True,219,1000,1774994105,61721,25491,872,723,169,184,185,227,245,197,242,1595,74,554,856,98.5,297,343,18,238,1595,547.08,379.61,28.71,3.2,,3.656063856085734,0,25,3.698601268973973,0,26,0.1616651624548736,2.478452166064982,0.1406178406186818,0.8581774159955567,0.1422538949605377
22,"C/ SARDENYA, 292","C/ SARDENYA, 292",8013.0,19,801902051,la Sagrada Família,0.3009448212540354,0.0924029262802476,0.3140123804164322,0.0406302757456387,0.1075970737197524,5.717951603826674,9.12886888013506,8885,47,13,182.69726700981377,6,2,241.3521550372256,4,1,214.7507061438011,222,4275.847987873613,6.514834427350696,41.3421052631579,-0.2451578947368421,ELECTRICBIKESTATION,02-Eixample/06-la Sagrada Família,True,22,1000,1774994105,38227,16481,940,835,115,306,393,256,226,181,200,1775,226,777,755,76.9,703,239,29,189,1775,424.22,335.48,51.48,5.1,,4.37721046903488,0,18,4.540198227759294,0,18,1.6283624085537425,4.089589195272932,0.2303794983702556,0.4804667831650031,0.2389578014610154
220,"C/ TUSET, 19","C/ TUSET, 19",8006.0,27,801905067,Sant Gervasi - Galvany,0.1721848216263199,0.2228365113392756,0.4964458986799052,0.0085749746135619,0.0230170371206137,4.64899018391064,18.553875662868105,8863,26,11,125.36121346531822,4,2,353.84590118715965,0,0,803.4906762144243,654,1781.5247664534106,19.85322044147921,71.8157894736842,-0.1307894736842104,ELECTRICBIKESTATION,05-Sarrià-StGervasi/26-Sant Gervasi - Galvany,True,220,1000,1774994105,71430,28470,655,570,126,174,135,184,173,140,176,1225,65,419,723,136.1,353,787,196,350,1225,964.08,428.75,240.1,3.2,,5.474680734312092,0,25,5.7207650168205495,0,26,0.5095340178269209,4.139456166083719,0.2027659531226699,0.6871805801062261,0.2118801858081682
221,"GRAN DE GRÀCIA, 155 (METRO FONTANA)","GRAN DE GRÀCIA, 155 (METRO FONTANA)",8012.0,24,801906041,la Vila de Gràcia,0.1359775099496883,0.2221220995719756,0.5647668393782384,0.0031538634827663,0.0126154539310655,3.2634602387925207,14.978373507546744,8878,36,11,53.78807180172879,11,3,70.1342613961028,0,0,1332.0868142706104,339,504.2758073398344,239.66039548521303,81.83333333333333,0.0275277777777777,ELECTRICBIKESTATION,06-Gràcia/31-la Vila de Gràcia,True,221,1000,1774994105,47246,20811,879,773,163,251,257,249,224,174,181,1652,124,590,869,89.8,458,216,15,175,1652,356.83,289.1,24.78,5.1,,3.738807660144092,0,21,4.247150111864462,0,24,0.2933093038972741,2.970150934895247,0.1557836525060038,0.624098896147781,0.1769645879943525
222,"C/ DEL CANÓ, 1","C/ DEL CANÓ, 1",8012.0,27,801906050,la Vila de Gràcia,0.1735800486804042,0.1886684252781282,0.4870971441679091,0.0010322284665672,0.0186948044500516,4.686661314370914,16.786558091524256,8719,10,6,85.25810421632653,5,3,381.6005593209494,0,0,895.5350937865506,738,0.0,389.1113560374524,69.94871794871794,0.0211025641025641,ELECTRICBIKESTATION,06-Gràcia/31-la Vila de Gràcia,True,222,1000,1774994105,37181,17172,638,597,88,183,291,232,126,116,101,1235,113,523,558,67.2,430,161,29,155,1235,198.84,191.42,35.82,5.1,,5.173209512799974,0,24,6.08788755861971,0,27,0.8513591008143135,3.8353022135566,0.1916003523259258,0.6217243737601577,0.2254773169859153
223,"C/ DE BONAVISTA, 14","C/ DE BONAVISTA, 14",8012.0,32,801906045,la Vila de Gràcia,0.1798882286361064,0.1255234861346915,0.4005659309564233,0.0014714204867006,0.0119977362761743,5.756423316355405,19.41120543293718,8835,27,12,106.56479661391045,14,2,266.7549196559737,0,0,638.8239299021793,465,1185.7169223861204,138.74498919266907,63.78378378378378,-0.0671621621621621,ELECTRICBIKESTATION,06-Gràcia/31-la Vila de Gràcia,True,223,1000,1774994105,44044,20873,645,582,91,171,304,198,153,107,107,1227,81,384,647,89.4,377,290,63,192,1227,355.83,235.58,77.3,5.1,,5.637448597521626,0,27,6.2112378769103325,0,31,2.2173174872665533,3.539105829088851,0.1761702686725508,0.6066001697792869,0.1941011836534479
224,"C / GIRONA, 176","C / GIRONA, 176",8037.0,26,801902058,la Dreta de l'Eixample,0.1271982665222102,0.1953802816901408,0.5647323943661972,0.0,0.0024788732394366,3.307154929577465,19.1487323943662,8875,29,9,55.902831353269306,4,1,202.0326971497298,1,1,303.05689363327866,413,2014.258905987507,14.149370920298386,58.16216216216216,-0.0138648648648648,ELECTRICBIKESTATION,02-Eixample/07-la Dreta de l'Eixample,True,224,1000,1774994105,52619,23306,658,615,115,125,207,194,194,154,179,1273,80,504,682,85.9,311,273,32,179,1273,347.53,227.87,40.74,4.2,,3.888760519723205,0,22,4.655541569159018,1,26,1.1083943661971831,2.1987605633802816,0.1495677122970461,0.736489707475623,0.1790592911215014
225,"C/ VILADOMAT, 200","C/ VILADOMAT, 200",8029.0,25,801902121,la Nova Esquerra de l'Eixample,0.2620017804909068,0.0957649752003052,0.3180719827038026,0.0123362584255373,0.0339565051507058,6.550044512272669,15.848022383314255,7863,9,5,54.50455017495975,3,1,420.9572779560153,0,0,1035.736150744889,194,3018.552868758813,8.370162510490125,49.16216216216216,-0.4405135135135135,ELECTRICBIKESTATION,02-Eixample/09-la Nova Esquerra de l'Eixample,True,225,1000,1774994105,50019,22931,627,574,103,151,193,169,180,162,155,1201,107,489,524,79.7,268,327,36,166,1201,392.73,199.37,43.24,4.9,,5.611704813949483,0,21,5.776131674296133,0,25,1.6276230446394506,4.922421467633219,0.2244681925579789,0.6339208953325703,0.231045266971845
226,"C/ MONTMANY, 1","C/ MONTMANY, 1",8012.0,27,801906060,la Vila de Gràcia,0.1843033509700176,0.2175581132927104,0.4883773414579102,0.0021439855563078,0.0227939517039043,4.976190476190476,16.701308959602798,8862,8,5,192.36223484276985,2,1,364.3079936637876,0,0,785.2291765381228,500,841.3909269450855,22.420532638565945,66.28205128205128,-0.0295128205128205,ELECTRICBIKESTATION,06-Gràcia/31-la Vila de Gràcia,True,226,1000,1774994105,40507,18255,870,778,115,226,329,287,246,149,177,1648,195,663,720,67.1,457,262,31,216,1648,431.78,355.97,51.09,5.1,,5.546959464764809,0,26,6.211906729654667,0,26,0.6777251184834123,4.298465357707064,0.2054429431394378,0.6185669985038074,0.2300706196168392
227,"C/ DEL TORRENT DE LES FLORS, 102","C/ DEL TORRENT DE LES FLORS, 102",8024.0,18,801906030,la Vila de Gràcia,0.2351901969628627,0.2229364005412719,0.4989851150202977,0.0480378890392422,0.1377988272440234,4.233423545331529,8.630920162381596,8868,15,4,29.68621520314441,2,1,414.5718496242576,0,0,1273.724412021114,186,0.0,312.95540209886144,85.02564102564102,0.162051282051282,ELECTRICBIKESTATION,06-Gràcia/31-la Vila de Gràcia,True,227,1000,1774994105,38630,17996,657,602,76,164,258,257,144,135,119,1259,133,486,604,65.6,426,228,25,169,1259,287.05,212.77,31.48,5.1,,4.196735336969853,0,15,4.414456419031049,0,16,0.1994812810103743,4.033942264321155,0.2331519631649921,0.4794955645767554,0.2452475788350574
228,"PL. DEL NORD, 5","PL. DEL NORD, 5",8024.0,21,801906033,la Vila de Gràcia,0.1245433642771187,0.2738041516245487,0.6394404332129964,0.0,0.0152301444043321,2.6154106498194944,14.0625,8864,12,7,81.17447561285138,2,1,463.8990238983226,0,0,1344.4296184182033,252,0.0,462.7987266528076,85.1025641025641,0.2931538461538461,ELECTRICBIKESTATION,06-Gràcia/31-la Vila de Gràcia,True,228,1000,1774994105,43374,19715,656,544,81,165,245,194,138,153,142,1200,121,500,548,65.8,323,227,26,184,1200,272.4,220.8,31.2,5.1,,3.035536171650779,0,15,3.896166934002543,1,20,0.1289485559566787,2.486462093862816,0.14454934150718,0.6696428571428571,0.1855317587620258
229,"C/ DE LA SANTACREU, 2 (PL. DE LA VIRREINA)","C/ DE LA SANTACREU, 2 (PL. DE LA VIRREINA)",8024.0,28,801906052,la Vila de Gràcia,0.1638691013408973,0.16471119133574,0.4552120938628158,0.0034972924187725,0.016696750902527,4.588334837545126,18.30606949458484,8864,6,2,58.31173623367466,1,1,473.2930208688867,0,0,1147.9216158612694,402,0.0,398.9298666419972,79.55263157894737,-0.2055263157894736,ELECTRICBIKESTATION,06-Gràcia/31-la Vila de Gràcia,True,229,1000,1774994105,40013,19662,768,659,96,187,270,240,192,164,164,1427,126,525,677,70.3,399,230,32,172,1427,328.21,245.44,45.66,5.1,,4.867937013392298,0,25,5.369508204001243,0,28,0.615072202166065,3.973262635379061,0.1738548933354393,0.6537881962351728,0.1917681501429013
23,"C/ BRUC, 45","C/ BRUC, 45",8010.0,27,801902072,la Dreta de l'Eixample,0.2208266479475865,0.1090929602888086,0.3438628158844765,0.0028203971119133,0.0113944043321299,5.962319494584838,18.77448104693141,8864,55,22,68.2980198888241,19,3,289.54904559016325,0,0,756.9917670320435,281,2901.33929843596,16.965123335557855,38.18918918918919,-0.1799189189189189,ELECTRICBIKESTATION,02-Eixample/07-la Dreta de l'Eixample,True,23,1000,1774994105,63483,26310,565,592,106,175,150,154,186,184,127,1157,64,390,651,128.0,337,349,79,206,1157,403.79,238.34,91.4,4.2,,5.475777383788371,0,26,6.003667573016947,0,27,3.6779106498194944,2.284408844765343,0.2028065697699397,0.6953511498863484,0.2223580582598862
230,"C/ DE NIL FABRA, 16-20","C/ DE NIL FABRA, 16-20",8012.0,26,801906038,la Vila de Gràcia,0.1530977556808235,0.1099226217569412,0.4855484751934456,0.0,0.0,3.980541647701411,18.728152025489305,8788,30,13,142.0616602793907,3,1,112.17538732949173,0,0,1549.4757194576894,191,0.0,334.044600865584,92.43589743589745,-0.0978717948717948,ELECTRICBIKESTATION,06-Gràcia/31-la Vila de Gràcia,True,230,1000,1774994105,43138,18926,800,618,108,185,276,236,187,136,163,1418,112,530,721,73.6,413,213,19,146,1418,302.03,207.03,26.94,5.1,,4.019578700643318,0,22,4.491656785055447,3,26,0.1035502958579881,3.876991351843423,0.1545991807939738,0.7203135394418964,0.172756030194441
231,"C/ PAU ALSINA, 54","C/ PAU ALSINA, 54",8025.0,24,801906079,el Camp d'en Grassot i Gràcia Nova,0.2720864308778253,0.1993692273034467,0.4203649470601487,0.0211759405271457,0.0760306375309754,6.530074341067808,15.407524217166028,8878,11,6,3.9164728670562607,5,1,322.5898229523684,0,0,1225.2888344201274,132,1489.387101087784,5.079773267230087,90.76923076923076,-0.0902307692307692,ELECTRICBIKESTATION,06-Gràcia/32-el Camp d'en Grassot i Gràcia Nova,True,231,1000,1774994105,43595,19906,580,473,74,117,196,185,126,117,149,1053,90,447,465,69.8,227,263,27,198,1053,276.94,208.49,28.43,4.9,,6.753796992393024,0,23,6.868988989001458,0,24,0.149695877449876,6.380378463617932,0.2814082080163759,0.6419801757152512,0.2862078745417274
232,"C/ PALAUDÀRIES, 2","C/ PALAUDÀRIES, 2",8004.0,27,801903019,el Poble-sec,0.6368959674120819,0.0051836826684696,0.0297498309668695,0.0981519044399368,0.2715798963263466,17.196191120126212,8.596236195627677,8874,38,10,138.84590561382265,11,2,318.4580509521361,0,0,2146.8021001069933,130,1496.1147175381625,18.664611707348637,14.578947368421051,0.3187105263157894,ELECTRICBIKESTATION,03-Sants-Montjuïc/11-el Poble-sec,True,232,1000,1774994105,33354,13576,752,712,112,209,281,286,184,148,126,1464,249,637,398,64.0,525,205,28,99,1464,300.12,144.94,40.99,6.2,,7.202716150427807,0,27,7.1863689598195375,0,27,14.096010818120352,3.10018030200586,0.2667672648306588,0.3183791183565805,0.2661618133266492
233,"C/ NOU DE LA RAMBLA, 164","C/ NOU DE LA RAMBLA, 164",8004.0,27,801903017,el Poble-sec,0.3746147238643827,0.0842428376534788,0.2401091405184174,0.098681218735789,0.1924738517507958,10.114597544338336,12.597089586175535,8796,3,2,25.791351335131296,8,2,382.4563348565241,0,0,2717.357117147332,186,0.0,321.8264727541659,35.63157894736842,0.7407105263157895,ELECTRICBIKESTATION,03-Sants-Montjuïc/11-el Poble-sec,True,233,1000,1774994105,31347,12964,771,815,130,255,342,286,202,145,109,1586,268,665,515,54.8,702,177,35,115,1586,280.72,182.39,55.51,6.2,,8.033602579218787,0,27,8.285634777156291,0,27,0.988631195998181,9.125966348340157,0.297540836267362,0.4665588735620569,0.3068753621168988
234,"PG. DE L´EXPOSICIÓ,34","PG. DE L´EXPOSICIÓ, 34",8004.0,23,801903024,el Poble-sec,0.4766986297344682,0.0729894120297364,0.2090560937148006,0.1519486370804235,0.2769767965758054,10.964068483892769,10.01588195539536,8878,9,3,108.85118688572425,3,1,405.1796738600773,0,0,2788.7118591897192,107,0.0,370.864357841705,43.578947368421055,1.1695263157894735,ELECTRICBIKESTATION,03-Sants-Montjuïc/11-el Poble-sec,True,234,1000,1774994105,32309,13670,940,968,173,245,370,400,280,174,117,1908,344,789,650,58.0,692,245,60,175,1908,467.46,333.9,114.48,6.2,,7.684272885204495,0,23,7.670944440206919,0,23,0.9276864158594278,10.03638206803334,0.3340988210958471,0.4354731284954504,0.3335193234872566
235,"AV. PARAL.LEL, 98","AV. PARAL.LEL, 98",8015.0,21,801902170,Sant Antoni,0.4585410310699142,0.0310421286031042,0.1311704983078539,0.0534484770685027,0.2267475784805695,9.6293616524682,7.88295016921461,8569,30,13,109.11803865837608,11,2,281.5806907709477,0,0,2519.7188706110483,388,1212.634681922824,21.020243675472287,24.86842105263158,0.058157894736842,ELECTRICBIKESTATION,02-Eixample/11-el Poble-sec,True,235,1000,1774994105,44855,18882,758,688,107,170,246,235,222,182,184,1446,235,614,541,76.6,383,211,40,137,1446,305.11,198.1,57.84,5.2,,5.324801173813353,0,19,5.379262136832117,0,20,6.375072937332244,3.254288715135955,0.2535619606577792,0.37537857948641,0.2561553398491479
236,"AV. PARAL.LEL, 194","AV. PARAL.LEL, 194",8015.0,26,801902150,Sant Antoni,0.247148025088704,0.1044321642043532,0.3082214954325025,0.0056388857561745,0.0146611029660539,6.425848652306304,18.600428555317468,8867,72,40,37.49142333248374,18,4,67.21858999346355,0,0,2041.470092000911,239,1735.5161029257151,9.068442005004009,38.02702702702703,-0.2343513513513513,ELECTRICBIKESTATION,02-Eixample/10-Sant Antoni,True,236,1000,1774994105,42418,16973,721,722,106,232,284,211,185,179,158,1443,176,617,628,81.0,522,215,22,121,1443,310.24,174.6,31.75,5.2,,5.83418130474224,0,26,5.8618707981857705,0,26,2.7719634600203,3.653885192286004,0.2243915886439331,0.715401098281441,0.2254565691609913
237,"C/ RIUS I TAULET, 4","C/ RIUS I TAULET, 4",8004.0,27,801903024,el Poble-sec,0.3418140935895804,0.0548682703321878,0.1864833906071019,0.013516609392898,0.0445589919816723,9.22898052691867,15.990034364261168,8730,24,14,167.0931587941322,14,4,320.4015026754611,0,0,2336.3532760823664,77,626.2289093824611,238.2791597490752,41.35135135135136,0.2329459459459459,ELECTRICBIKESTATION,03-Sants-Montjuïc/11-el Poble-sec,True,237,1000,1774994105,32309,13670,940,968,173,245,370,400,280,174,117,1908,344,789,650,58.0,692,245,60,175,1908,467.46,333.9,114.48,6.2,,6.770912733330334,0,27,6.819121365520369,0,27,2.577434135166094,6.651546391752578,0.2507745456789013,0.5922234949726359,0.2525600505748283
238,"C/ ESPRONCEDA, 298","C/ ESPRONCEDA, 298",8027.0,27,801909094,Navas,0.3833043390565514,0.0369866122078511,0.1655321080099841,0.0010211027910142,0.062287270251872,10.349217154526889,13.195144088949398,8814,18,7,107.01626340080286,4,2,329.0079769836672,0,0,774.2399659762578,104,1922.8887221201735,32.226348170768475,28.435897435897434,-0.0509743589743589,ELECTRICBIKESTATION,09-SantAndreu/63-Navas,True,238,1000,1774994105,40084,17271,990,905,178,213,300,263,326,199,301,1895,263,988,604,77.2,410,277,28,138,1895,524.92,261.51,53.06,5.6,,6.8665209793250135,0,24,6.687632196228737,0,27,5.529044701611073,4.820172452915815,0.254315591826852,0.4887090403314592,0.2476900813418054
239,"C/ INDÚSTRIA, 329","C/ INDÚSTRIA, 329",8027.0,35,801909087,Navas,0.3765888226767595,0.0789177001127395,0.2192784667418263,0.0510710259301014,0.1100338218714769,13.180608793686584,18.762457722660653,8870,16,7,81.8381154305294,14,3,246.6253859990649,0,0,1271.024510453614,121,2146.856820472735,3.6559101211439327,43.69444444444444,-0.1794166666666666,ELECTRICBIKESTATION,09-SantAndreu/63-Navas,True,239,1000,1774994105,43777,18286,636,607,98,140,199,183,164,165,201,1243,168,604,381,84.7,210,287,24,141,1243,356.74,175.26,29.83,5.6,,10.244593902070818,0,34,10.555132058197996,0,35,2.67271702367531,10.507891770011272,0.2927026829163088,0.5360702206474472,0.3015752016627991
24,"C/ MARINA, 199","C/ MARINA, 199",8013.0,40,801902020,el Fort Pienc,0.2321650124069479,0.0596661403113016,0.1873449131513647,0.0,0.0003383713061132,9.286600496277917,27.254116850891045,8866,31,14,143.03490016738112,3,1,67.60424374480446,4,1,228.83371735463567,157,4639.392684529746,19.84428941544308,34.0,-0.0515897435897435,ELECTRICBIKESTATION,02-Eixample/05-el Fort Pienc,True,24,1000,1774994105,40405,18059,736,681,104,239,332,214,178,148,114,1417,131,593,733,71.6,649,228,24,154,1417,323.08,218.22,34.01,4.8,,6.627982078594853,0,36,6.927962864857624,2,40,3.704827430633882,5.581773065644033,0.1656995519648716,0.6813529212722761,0.1731990716214406
240,"C/ JOSEP ESTIVILL, 32","C/ JOSEP ESTIVILL, 32",8027.0,27,801909090,Navas,0.3524590505998956,0.0590422535211267,0.176,0.0061971830985915,0.068056338028169,9.516394366197185,14.66456338028169,8875,45,25,41.3144774967898,12,3,181.18191848298,0,0,1094.7950233473234,153,2361.158536030907,57.47527940562064,38.1578947368421,0.0478157894736841,ELECTRICBIKESTATION,09-SantAndreu/63-Navas,True,240,1000,1774994105,35890,15825,766,683,103,167,204,236,194,190,250,1449,251,785,381,73.3,359,289,25,131,1449,418.76,189.82,36.22,5.6,,7.027862099261974,0,26,7.21540189276333,0,27,2.942535211267605,6.573859154929577,0.2602911888615541,0.5431319770474701,0.2672371071393823
241,"C/ TEODOR LLORENTE, 1","C/ TEODOR LLORENTE, 1",8041.0,33,801907042,el Guinardó,0.3326607672033539,0.0823569175304191,0.2415502478593961,0.0134069400630914,0.0456286615592609,10.97780531771068,19.67034700315457,8876,25,11,40.788346745490365,3,2,438.9263193516018,0,0,1661.5810679997255,139,1715.1910125539994,8.086545808165788,57.86842105263158,0.1316315789473684,ELECTRICBIKESTATION,07-Horta-Guinardó/35-el Guinardó,True,241,1000,1774994105,39056,17455,780,651,91,160,252,269,193,175,171,1431,205,735,499,69.4,303,272,36,167,1431,389.23,238.98,51.52,5.5,,9.22116748984556,0,32,9.24289714553588,0,33,2.9210229833258223,8.056782334384858,0.2794293178741081,0.5960711213077144,0.2800877922889669
242,"C/ RAMON ALBÓ, 1","C/ RAMON ALBÓ, 1",8027.0,27,801909079,el Congrés i els Indians,0.3213547490766155,0.0747941445562671,0.2556038426349497,0.0054894784995425,0.0304208600182982,8.676578225068619,16.926578225068617,8744,48,14,28.720585292460072,6,2,12.76661193860841,0,0,2252.250071549033,83,1089.6938884631866,5.17633935377774,65.56410256410257,0.038974358974359,ELECTRICBIKESTATION,09-SantAndreu/62-el Congrés i els Indians,True,242,1000,1774994105,40574,17221,805,734,126,188,217,247,237,190,228,1539,210,806,476,70.8,293,251,28,120,1539,386.29,184.68,43.09,5.3,,7.341378882765795,0,26,7.424613409159889,0,27,3.793572735590119,4.883005489478499,0.2719029215839179,0.626910304632171,0.2749856818207367
243,"C/ ALEXANDRE GALÍ, 1-5","C/ ALEXANDRE GALÍ, 1-5",8027.0,27,801909078,el Congrés i els Indians,0.3182756937403777,0.0618452179790469,0.1996169877210769,0.0045060268108595,0.0149825391461079,8.593443730990199,16.79644023881942,8877,22,10,121.266372221895,7,3,63.61821600292914,0,0,1974.4607211090492,79,916.2844894349842,52.79103266559847,51.61538461538461,-0.0046923076923076,ELECTRICBIKESTATION,09-SantAndreu/62-el Congrés i els Indians,True,243,1000,1774994105,40639,17243,722,650,118,191,180,207,256,150,174,1372,171,740,409,70.1,283,278,41,151,1372,381.42,207.17,56.25,5.3,,5.8925115210975,0,26,5.966512825279568,0,27,1.79486312943562,6.798580601554579,0.2182411674480555,0.6220903792155341,0.2209819564918363
244,"C/ FELIP II, 214","C/ FELIP II, 214",8027.0,27,801909076,el Congrés i els Indians,0.3038825002846408,0.059091426619606,0.221450529431857,0.0037572583399749,0.0162814528065581,8.204827507685302,16.14767163839235,8783,42,15,56.13709781154974,12,2,241.1403017514845,0,0,2362.302612862663,84,1868.252995879438,22.056345621279885,54.61764705882353,0.3755,ELECTRICBIKESTATION,09-SantAndreu/62-el Congrés i els Indians,True,244,1000,1774994105,36001,15637,673,633,116,136,212,223,237,169,94,1306,193,692,391,71.7,247,257,29,118,1306,335.64,154.11,37.87,5.3,,5.997423299614702,0,24,6.3757992777086105,0,27,2.52897643174314,5.675851075942161,0.2221267888746184,0.59806191253305,0.2361407139892072
246," C/ GARCILASO, 56","C/ GARCILASO, 56",8027.0,18,801909057,la Sagrera,0.3915492770395201,0.0590207111217526,0.2163294624685741,0.0366335448341913,0.1113372441039147,7.047886986711362,8.597270441757452,8353,34,16,82.03110879830503,16,4,85.2156367195927,0,0,1523.0850218417804,107,1135.934086221978,1.7388307721199605,36.86111111111112,0.4469722222222222,ELECTRICBIKESTATION,09-SantAndreu/61-la Sagrera,True,246,1000,1774994105,39129,15694,830,786,133,223,250,256,227,180,229,1616,269,812,453,75.9,456,258,25,129,1616,416.93,208.46,40.4,5.6,,4.697899959897356,0,18,4.641290015544149,0,18,2.69867113611876,4.349215850592602,0.2609944422165192,0.4776261356531918,0.2578494453080087
247,"C/ FELIPE II, 112","C/ FELIPE II, 112",8027.0,32,801909068,la Sagrera,0.3848948953174246,0.0389464205312922,0.124606033318325,0.0100180099054479,0.0488518685276902,12.316636650157587,16.875731652408824,8884,61,26,87.52149574150417,18,4,159.94391853213125,0,0,1598.27232524623,101,1895.221837307984,5.2159807467865535,39.51428571428571,0.3993142857142857,ELECTRICBIKESTATION,09-SantAndreu/61-la Sagrera,True,247,1000,1774994105,41418,17428,738,717,130,153,191,231,236,207,193,1455,223,736,431,75.1,246,284,22,136,1455,413.22,197.88,32.01,5.6,,7.85620444870641,0,30,8.142024299400303,0,32,3.7824178298063935,8.534218820351192,0.2455063890220753,0.5273666141377757,0.2544382593562594
248,"C/ PALÈNCIA, 31","C/ PALÈNCIA, 31",8027.0,27,801909064,la Sagrera,0.3004958567395229,0.0349059790564125,0.1536989077806553,0.0004503997297601,0.0049543970273617,8.11338813196712,17.55928386442968,8881,14,9,72.10900936256856,12,3,377.9559229342499,0,0,985.3164599917512,104,1701.541725246009,45.61167588274943,28.76315789473684,-0.2014473684210526,ELECTRICBIKESTATION,09-SantAndreu/61-la Sagrera,True,248,1000,1774994105,43564,17479,573,531,73,111,165,137,144,214,179,1104,176,555,298,85.8,163,367,41,163,1104,405.17,179.95,45.26,5.6,,5.10684069301791,0,24,5.5076424896137,0,27,4.429456142326314,3.683931989640806,0.1891422478895524,0.6503438468307289,0.2039867588745819
249,"C/ ANTILLES, 8","C/ ANTILLES, 8",8027.0,27,801909057,la Sagrera,0.3696855046499876,0.0261585297102266,0.1259443003720825,0.0138685308377494,0.0499492614725448,9.981508625549669,14.350659600856916,8869,14,6,54.17019347764813,11,3,238.47842900729327,0,0,1742.390058840733,60,627.6935788348259,235.8239049263367,46.13513513513514,-0.4705135135135135,ELECTRICBIKESTATION,09-SantAndreu/61-la Sagrera,True,249,1000,1774994105,39129,15694,830,786,133,223,250,256,227,180,229,1616,269,812,453,75.9,456,258,25,129,1616,416.93,208.46,40.4,5.6,,6.379013214178976,0,27,6.377001915690241,0,27,2.9647085353478406,7.016800090201826,0.2362597486732952,0.5315059111428488,0.2361852561366759
25,"C/ BRUC, 102","C/ BRUC, 102",8009.0,21,801902065,la Dreta de l'Eixample,0.1086006104593465,0.3192519995493973,0.7204010363861665,0.0,0.0001126506702714,2.2806128196462767,17.69392812887237,8877,14,7,165.99759260492962,13,4,235.12339231346297,1,1,346.53629775070283,329,2386.6486149581783,64.91409802194329,45.08108108108108,0.2885945945945946,ELECTRICBIKESTATION,02-Eixample/07-la Dreta de l'Eixample,True,25,1000,1774994105,48394,20692,917,827,127,262,308,285,267,189,179,1744,126,560,910,98.1,543,255,94,163,1744,444.72,284.27,163.94,4.2,,3.1564292612368323,0,19,3.2462999828852586,2,21,1.1782133603694942,1.1023994592767827,0.1503061552969919,0.8425680061367793,0.1545857134707268
250,"C/ PORTUGAL, 3","C/ PORTUGAL, 3",8027.0,27,801909062,la Sagrera,0.4643816867791631,0.0504731861198738,0.1400405588102749,0.0534024335286165,0.1484903109508787,12.538305543037405,12.394096439837766,8876,25,9,58.89468721700238,2,2,467.5809381940094,0,0,1533.110465275713,82,1033.4791547094944,39.527101741861664,32.78947368421053,-0.0523947368421052,ELECTRICBIKESTATION,09-SantAndreu/61-la Sagrera,True,250,1000,1774994105,41135,17392,748,702,160,143,248,277,179,148,144,1450,184,632,513,69.9,298,224,18,108,1450,324.8,156.6,26.1,5.6,,7.784636195035426,0,27,7.957701208535801,0,27,3.966538981523209,8.571766561514195,0.2883198590753857,0.4590406088828802,0.2947296743902141
251,"C/ CARDENAL TEDESCHINI, 13","C/ CARDENAL TEDESCHINI, 13",8027.0,33,801909070,la Sagrera,0.2585872231262302,0.0592142294269953,0.2051108859619498,0.0002251491613193,0.0009005966452774,8.533378363165598,21.466959360576386,8883,15,7,76.31432662067843,13,3,296.5186628305571,0,0,1881.4914626134755,64,882.2521558797713,81.67019606665141,51.8421052631579,-1.063263157894737,ELECTRICBIKESTATION,09-SantAndreu/61-la Sagrera,True,251,1000,1774994105,29201,12562,879,776,128,204,265,256,247,201,227,1655,383,858,364,54.1,527,216,20,92,1655,357.48,152.26,33.1,5.6,,6.283378362935322,0,29,6.513829645169425,0,33,2.388720027017899,6.144658336147698,0.1904054049374345,0.6505139200174662,0.197388777126346
252,"RAMBLA DE L'ONZE DE SETEMBRE, 31","RAMBLA DE L'ONZE DE SETEMBRE, 31",8030.0,33,801909020,Sant Andreu,0.4476068463667111,0.0165727170236753,0.067869222096956,0.0,0.0685456595264938,14.771025930101466,15.714430665163473,8870,29,8,30.54267358926098,1,1,26.94256788492562,0,0,1746.6219828606572,48,1112.044220302697,54.57273715000937,33.648648648648646,-0.1968918918918919,ELECTRICBIKESTATION,09-SantAndreu/60-Sant Andreu,True,252,1000,1774994105,40490,17829,569,494,81,99,123,179,150,130,226,1063,172,522,322,74.7,96,276,29,118,1063,293.39,125.43,30.83,,,8.080159582424239,0,31,8.100365830266782,1,32,9.331792559188274,5.439233370913191,0.2448533206795224,0.4761948686413174,0.2454656312202054
253,"C/ ONZE DE SETEMBRE, 37-39","C/ ONZE DE SETEMBRE, 37-39",8030.0,27,801909020,Sant Andreu,0.4195571232608269,0.0346729708431836,0.1140380502082629,0.0663064280085556,0.1296859169199594,11.328042328042327,14.644714623438029,8883,31,8,82.59900924788742,1,1,101.70491597083596,0,0,1811.2869386869504,66,1165.0066482278046,74.7907974124562,34.58974358974359,-0.0964102564102563,ELECTRICBIKESTATION,09-SantAndreu/60-Sant Andreu,True,253,1000,1774994105,40490,17829,569,494,81,99,123,179,150,130,226,1063,172,522,322,74.7,96,276,29,118,1063,293.39,125.43,30.83,,,8.126131360139551,0,27,8.174415407487773,0,27,5.932567826184847,5.395474501857481,0.3009678281533159,0.5423968379051122,0.3027561262032513
254,"RAMBLA DE L'ONZE DE SETEMBRE, 69","RAMBLA DE L'ONZE DE SETEMBRE, 69",8030.0,26,801909021,Sant Andreu,0.4941718376260963,0.0207300585849481,0.096777827850383,0.0134069400630914,0.1497296079315006,12.848467778278504,10.544840018026138,8876,23,8,83.1113899067367,1,1,265.569013185777,0,0,1926.896392437536,74,598.7369099538809,219.2434259997652,37.39473684210526,-0.1663947368421052,ELECTRICBIKESTATION,09-SantAndreu/60-Sant Andreu,True,254,1000,1774994105,44694,18484,726,635,132,127,187,218,206,170,214,1361,155,697,372,69.7,192,352,40,152,1361,479.07,206.87,54.44,,,7.0350846249495405,0,24,7.139599181339063,0,26,6.710680486705724,6.1377872915727805,0.2705801778826738,0.4055707699240822,0.274599968513041
255,"C/ IRLANDA, 34","C/ IRLANDA, 34",8030.0,15,801909050,Sant Andreu,0.3025265607988887,0.0629575402635432,0.2938393963284154,0.0164432931636445,0.068250929158689,4.537898411983331,7.055974771933776,8879,33,24,140.60133474118413,7,3,227.4225691885531,0,0,2297.8953944485447,84,472.3760770840484,166.49844180529522,41.47058823529412,0.0100882352941176,ELECTRICBIKESTATION,09-SantAndreu/60-Sant Andreu,True,255,1000,1774994105,40493,17934,734,696,123,134,224,236,190,207,204,1430,203,724,440,66.3,230,277,30,136,1430,396.11,194.48,42.9,,,2.897532900927709,0,14,3.12442255152978,0,14,1.166798062844915,3.3711003491384166,0.1931688600618466,0.4703983181289184,0.2082948367686525
256,"C/ MALATS, 28-30","C/ MALATS, 28-30",8030.0,32,801909041,Sant Andreu,0.2702475205680153,0.0174687253465569,0.1430181449340696,0.0,0.0,8.64792065817649,22.73019271948608,8873,15,5,12.41160248905075,3,2,149.10343547889596,0,0,2447.8720638107216,126,78.89899014755852,235.9564570528967,36.7027027027027,0.0448918918918919,ELECTRICBIKESTATION,09-SantAndreu/60-Sant Andreu,True,256,1000,1774994105,38566,16634,706,612,143,125,169,234,191,155,195,1318,178,684,368,64.3,161,294,36,143,1318,387.49,188.47,47.45,,,5.880000262004267,0,28,5.942105732245812,4,32,6.168939479319283,2.478981178857208,0.1837500081876333,0.71031852248394,0.1856908041326816
257,"C/ SANT ADRIÀ, 2-8","C/ SANT ADRIÀ, 2-8",8030.0,23,801909024,Sant Andreu,0.2830908085302165,0.040977147360126,0.1916019362827873,0.0014634695485759,0.0210514465833614,6.51108859619498,15.588539907688844,8883,15,7,229.46134554455145,3,2,321.83762816515406,0,0,2264.580002421102,129,243.87676377084847,217.79682753167955,34.54054054054054,0.0041621621621621,ELECTRICBIKESTATION,09-SantAndreu/60-Sant Andreu,True,257,1000,1774994105,42249,18475,606,509,113,108,162,187,161,128,163,1115,167,534,342,83.0,133,306,23,116,1115,341.19,129.34,25.64,,,4.685896783082866,0,23,4.70310989307706,0,23,3.589553078914781,2.9215355172801982,0.2037346427427329,0.6777626046821236,0.2044830388294369
258,"C/ FERNANDO PESSOA, 41","C/ FERNANDO PESSOA, 41",8030.0,27,801909031,Sant Andreu,0.162221721383317,0.0527383367139959,0.329727293216137,0.0,0.0,4.3799864773495605,21.26504394861393,8874,17,10,26.638670660965865,4,1,229.27976685986792,0,0,2797.6150021877456,32,1023.561282845565,16.54940468980361,28.97297297297297,-0.4133513513513513,ELECTRICBIKESTATION,09-SantAndreu/60-Sant Andreu,True,258,1000,1774994105,46173,18590,559,568,219,94,73,223,216,103,117,1127,175,516,306,88.0,61,332,36,121,1127,374.16,136.37,40.57,,,3.1551539877467745,0,18,3.3254076662959124,8,27,1.7375478927203063,2.642438584629254,0.1168575551017323,0.7875942203190344,0.1231632468998485
259,"C/ DE BARTRINA, 14","C/ DE BARTRINA, 14",8030.0,24,801909040,Sant Andreu,0.3234120228502251,0.038020655998184,0.1504937010554988,0.0015889229372375,0.0127113834979003,7.761888548405403,14.536828963795257,8811,14,10,62.504873965252806,0,0,522.4513736327905,0,0,2898.198709792933,47,268.1394289506092,268.20952399012054,44.8,0.4450571428571429,ELECTRICBIKESTATION,09-SantAndreu/60-Sant Andreu,True,259,1000,1774994105,44928,18312,814,721,157,153,209,306,231,161,165,1535,228,731,484,64.5,215,281,29,126,1535,431.34,193.41,44.52,,,4.818975477309908,0,23,4.776275067337559,0,24,2.3261831801157644,5.435705368289638,0.2007906448879129,0.6057012068248023,0.1990114611390647
26,"C/ DOS DE MAIG, 230-232","C/ DOS DE MAIG, 230-232",8013.0,18,801910016,el Camp de l'Arpa del Clot,0.4332369109783738,0.0761861828017581,0.2362222472669897,0.0620985010706638,0.2084976896201961,7.798264397610729,8.329088245238363,8873,21,10,72.18272011862457,8,3,43.70123572344033,0,0,583.6657285875123,179,3481.583403280537,28.758456063573767,40.2972972972973,-0.2252702702702703,ELECTRICBIKESTATION,10-SantMartí/64-el Camp de l'Arpa del Clot,True,26,1000,1774994105,43747,19121,585,581,69,141,184,152,178,200,170,1166,145,536,411,73.6,277,284,78,167,1166,331.14,194.72,90.95,5.9,,5.347324458353761,0,18,5.506278307801449,0,18,2.727713287501409,5.070551110109321,0.2970735810196537,0.4627271247354646,0.305904350433414
260,"CARRER DEL CINCA, 7","CARRER DEL CINCA, 7",8030.0,27,801909025,Sant Andreu,0.2675337572813913,0.0446146913023884,0.1874718341595313,0.0039432176656151,0.009576385759351,7.2234114465975665,18.543826047769265,8876,29,7,53.05938793293613,3,2,132.02816161888305,0,0,2264.385128775917,121,616.1309453263002,148.525271030625,29.72972972972973,0.1649459459459459,ELECTRICBIKESTATION,09-SantAndreu/60-Sant Andreu,True,260,1000,1774994105,42658,18871,622,556,113,112,157,237,174,138,138,1178,140,556,400,70.5,161,285,50,135,1178,335.73,159.03,58.9,,,5.346516307947013,0,27,5.371704182257328,0,27,3.140491212257774,4.082920234339793,0.1980191225165558,0.6868083721396024,0.1989520067502713
261,"C/ VILLARROEL, 39","C/ VILLARROEL, 39",8011.0,32,801902163,Sant Antoni,0.3181895093062605,0.0183869148336153,0.0887760857304004,0.0032712915961646,0.0131979695431472,10.182064297800338,19.90547095318669,8865,95,29,51.4416743149955,14,2,150.58303754706904,0,0,1836.1474604307211,296,2043.368097185033,105.31937446100116,34.714285714285715,0.2182285714285714,ELECTRICBIKESTATION,02-Eixample/10-Sant Antoni,True,261,1000,1774994105,45275,20167,873,833,103,270,320,288,219,191,210,1706,226,693,752,94.2,533,258,25,191,1706,440.15,325.85,42.65,5.2,,6.255991245937043,0,31,6.500735731920611,0,32,5.679977439368303,4.502086858432036,0.1954997264355326,0.6220459672870841,0.2031479916225191
262,"C/ ENTENÇA, 70","C/ ENTENÇA, 70",8015.0,24,801902147,la Nova Esquerra de l'Eixample,0.5180436579501052,0.0107078449053201,0.0515103697024346,0.0380973850315599,0.1370604147880973,12.433047790802524,9.756875563570784,8872,32,19,107.41308973157956,16,2,246.0805853201848,0,0,1613.8777376322137,267,2805.143607705163,18.52573220790343,38.37837837837838,-0.0685135135135135,ELECTRICBIKESTATION,02-Eixample/09-la Nova Esquerra de l'Eixample,True,262,1000,1774994105,43652,18757,1025,955,151,270,349,327,289,253,218,1980,196,860,834,76.1,523,227,25,158,1980,449.46,312.84,49.5,4.9,,6.066016319093795,0,24,5.812388091420534,0,24,7.607867448151488,4.825180342651037,0.2527506799622415,0.4065364818154493,0.2421828371425218
263,"PG. TORRAS I BAGES, 29","PG. TORRAS I BAGES, 29",8030.0,20,801909038,Sant Andreu,0.2587476045541652,0.0796978920076654,0.3291624394093112,0.0038327133355878,0.0127381354976891,5.174952091083306,14.463307406154886,8871,19,5,102.2187526252352,3,2,139.71734416273728,0,0,2506.475235152132,102,639.5867351178132,9.714413070109124,36.26315789473684,-0.3592105263157895,ELECTRICBIKESTATION,09-SantAndreu/60-Sant Andreu,True,263,1000,1774994105,43429,17709,901,779,166,141,230,300,224,219,222,1680,220,785,465,77.3,152,306,21,125,1680,514.08,210.0,35.28,,,4.317141241081841,0,19,4.577871959261117,0,20,2.3405478525532635,2.8344042385300416,0.2158570620540922,0.7231653703077443,0.228893597963056
264,"C/ FERRAN JUNOY, 10","C/ FERRAN JUNOY, 10",8030.0,33,801909008,el Bon Pastor,0.3440549804698621,0.0003757985719654,0.0505449079293498,0.0058248778654641,0.012401352874859,11.353814355505447,19.451897782788425,5322,11,3,171.96993533950908,3,2,253.18015114533392,0,0,2331.053707861038,40,291.98578531966984,164.32952851479374,19.54054054054054,0.1309459459459459,ELECTRICBIKESTATION,09-SantAndreu/59-el Bon Pastor,True,264,1000,1773938704,53554,19072,924,933,403,123,141,516,306,91,72,1857,112,784,559,81.5,141,400,27,126,1857,742.8,233.98,50.14,4.9,,5.944249661201113,0,31,6.448066217582181,0,32,6.81999248402856,4.5338218714768885,0.1801287776121549,0.5894514479632856,0.1953959459873388
265,"C/ CASANOVA, 55","C/ CASANOVA, 55",8011.0,27,801902096,l'Antiga Esquerra de l'Eixample,0.259238348556325,0.0779132791327913,0.2676151761517615,0.0161472448057813,0.0446025293586269,6.999435411020777,15.840221318879856,8856,59,23,156.5767263340411,12,2,256.49686696201314,0,0,1573.490976814407,349,2495.148106983375,14.57842593569573,39.05263157894737,-0.0963947368421052,ELECTRICBIKESTATION,02-Eixample/08-l'Antiga Esquerra de l'Eixample,True,265,1000,1774994105,45528,19754,674,652,79,196,292,196,163,153,165,1326,130,572,623,82.2,471,243,25,284,1326,322.22,376.58,33.15,4.2,,5.976927189697849,0,25,6.208270409347112,0,25,3.883468834688347,3.11596657633243,0.221367673692512,0.5866748636622168,0.2299359410869295
266,"C/ RIERA D'HORTA, 2","C/ RIERA D'HORTA, 2",8027.0,34,801909075,el Congrés i els Indians,0.205013056232421,0.0377724523564989,0.1553121077256647,0.0,0.0,6.970443911902317,25.14618281410476,8763,15,7,95.48751324155803,7,3,239.60578189795228,0,0,2128.172034253707,85,1401.269738742951,29.174798857218768,45.92307692307692,0.3248717948717948,ELECTRICBIKESTATION,09-SantAndreu/62-el Congrés i els Indians,True,266,1000,1774994105,40305,15121,728,720,139,161,219,235,215,196,156,1448,190,771,422,79.7,314,247,30,98,1448,357.66,141.9,43.44,5.3,,4.572120402782224,0,24,4.642402297161819,9,34,2.056715736619879,4.913728175282437,0.1344741294935943,0.7395936121795518,0.1365412440341712
267,"PG. TORRAS I BAGES, 129","PG. TORRAS I BAGES, 129",8030.0,24,801909032,Sant Andreu,0.1807439433329565,0.0414829885837006,0.2872160054255679,0.0,0.0,4.337854639990957,18.80230586639539,8847,36,11,72.22992325386065,4,1,26.52304649372376,0,0,3028.3942190615508,32,1427.2142203687154,112.49259587946509,34.2972972972973,0.1532702702702702,ELECTRICBIKESTATION,09-SantAndreu/60-Sant Andreu,True,267,1000,1774994105,35241,14096,1097,1004,278,175,301,430,323,178,148,2101,346,1054,374,78.3,309,247,31,99,2101,518.95,208.0,65.13,,,2.7551188147870134,0,15,2.660222583123791,8,24,1.9914095173505144,2.3464451226404432,0.1147966172827921,0.7834294110998078,0.1108426076301582
268,"C/ FERNANDO PESSOA, 72","C/ FERNANDO PESSOA, 72",8030.0,27,801909031,Sant Andreu,0.1830077628027847,0.0414461087960355,0.2725532154521906,0.0,0.0001126252956414,4.941209595675189,21.373127604459963,8879,22,12,72.620151538707,6,1,336.0084691516883,0,0,3163.1546600234296,21,1201.4762284527485,24.38566672572379,27.473684210526315,0.1266842105263158,ELECTRICBIKESTATION,09-SantAndreu/60-Sant Andreu,True,268,1000,1774994105,46173,18590,559,568,219,94,73,223,216,103,117,1127,175,516,306,88.0,61,332,36,121,1127,374.16,136.37,40.57,,,3.755709199232924,0,22,3.844945135045474,1,27,1.153620903254871,3.7875886924203175,0.1391003407123305,0.7915973186837022,0.1424053753720548
269,"VIA BARCINO, 121","VIA BARCINO, 121",8033.0,20,801909005,la Trinitat Vella,0.2299019055135866,0.0466794452587664,0.2071259443003721,0.0,0.0,4.598038110271733,15.346938775510203,8869,23,10,197.4260961578285,2,1,87.45912111927426,0,0,3409.3345325758573,34,878.6420283040595,199.14396677780147,30.257142857142856,0.0097142857142857,ELECTRICBIKESTATION,09-SantAndreu/57-la Trinitat Vella,True,269,1000,1774994105,35830,13581,785,786,168,185,223,319,226,153,139,1571,304,838,279,67.5,342,303,49,108,1571,476.01,169.67,76.98,9.9,,2.5829933251399395,0,12,2.5858177568771463,8,20,3.0855789829744054,1.5124591272973278,0.1291496662569969,0.7673469387755102,0.1292908878438566
27,"C/ PROVENÇA, 322","C/ PROVENÇA, 322",8037.0,17,801902063,la Dreta de l'Eixample,0.0766652979588593,0.3956316145012384,0.823800945732943,0.0003377617653681,0.0011258725512272,1.303310065300608,13.354537266381444,8882,31,11,94.85245690327224,14,3,230.56877145008625,1,1,304.316072688608,329,3536.207286302737,24.282503094535745,54.31578947368421,0.2578157894736842,ELECTRICBIKESTATION,02-Eixample/07-la Dreta de l'Eixample,True,27,1000,1774994105,65709,27244,577,461,91,134,140,141,151,146,154,1038,89,387,622,153.0,337,381,40,270,1038,395.48,280.26,41.52,4.2,,1.635412176022804,0,14,1.998213427582057,0,17,0.3873001576221572,0.9160099076784508,0.0962007162366352,0.7855610156694968,0.1175419663283557
270,"CRTA. DE RIBES, 77 (TRINITAT VELLA)","270 - CRTA. DE RIBES, 77 (TRINITAT VELLA)",8033.0,27,801909005,la Trinitat Vella,0.1433244871730676,0.0832582244254168,0.3997296079315007,0.0,0.0,3.8697611536728256,21.888125281658404,8876,36,18,30.610541976691568,3,2,322.31113115235644,0,0,3570.281281446106,37,0.0,354.75058356250673,42.85294117647059,0.0977647058823529,ELECTRICBIKESTATION,09-SantAndreu/57-la Trinitat Vella,True,270,1000,1774994105,35830,13581,785,786,168,185,223,319,226,153,139,1571,304,838,279,67.5,342,303,49,108,1571,476.01,169.67,76.98,9.9,,3.031244691934756,0,17,3.411627316546602,8,27,1.1436457863902658,2.7261153672825595,0.1122683219235095,0.8106713067280891,0.1263565672795035
271,"VIA DE BÀRCINO, 54","VIA DE BÀRCINO, 54",8033.0,21,801909002,la Trinitat Vella,0.3909650041629737,0.0199661590524534,0.0975747320924985,0.0030456852791878,0.0258319232938522,8.210265087422448,11.501410039481106,8865,21,4,130.77429881680774,2,1,318.7589970255024,0,0,3758.6371660569466,41,0.0,476.6526259064119,41.333333333333336,0.1665555555555555,ELECTRICBIKESTATION,09-SantAndreu/57-la Trinitat Vella,True,271,1000,1774994105,27575,9668,1025,1076,226,300,332,329,303,192,181,2101,560,1071,206,61.5,752,256,33,111,2101,537.86,233.21,69.33,9.9,,4.43573833538356,0,20,5.060824001379247,0,21,4.600225606316977,3.610039481105471,0.2112256350182658,0.5476861923562432,0.2409916191132975
272,"C/ CONCEPCIÓ ARENAL, 281","C/ CONCEPCIÓ ARENAL, 281",8033.0,26,801909048,Sant Andreu,0.3648257577070373,0.0339040324397386,0.1549898625816625,0.0064203649470601,0.0473079522414958,9.48546970038297,15.29995494480739,8878,35,26,97.59979387336074,7,3,212.6327230956533,0,0,2469.959409925524,71,504.273112702226,203.00985493835117,45.1025641025641,-0.2476923076923076,ELECTRICBIKESTATION,09-SantAndreu/60-Sant Andreu,True,272,1000,1774994105,39061,17191,682,598,106,127,165,188,189,192,215,1280,171,693,338,69.1,169,296,18,127,1280,378.88,162.56,23.04,,,6.665012965938815,0,26,6.83131881477686,0,26,2.4673349853570623,7.018134715025907,0.2563466525361083,0.588459805569515,0.2627430313375724
273,"AV. MERIDIANA, 404","AV. MERIDIANA, 404",8030.0,35,801909049,Sant Andreu,0.292386211782132,0.0395582103009128,0.1577820353882565,0.0005635072692437,0.0162290093542206,10.23351741237462,23.21819001465119,8873,44,27,45.82458141845607,7,3,35.940037263876015,0,0,2357.947933849264,112,1137.1032761133058,5.928745112757633,46.0,0.0040526315789473,ELECTRICBIKESTATION,09-SantAndreu/60-Sant Andreu,True,273,1000,1774994105,41945,16481,669,577,105,148,179,186,162,163,208,1246,196,605,311,78.9,216,278,27,108,1246,346.39,134.57,33.64,,,7.870887735910289,0,34,7.91577894915689,0,35,3.641158570945565,6.592358841429054,0.224882506740294,0.6633768575614625,0.2261651128330546
274,"RAMBLA FABRA I PUIG, 67","RAMBLA FABRA I PUIG, 67",8030.0,32,801909054,Sant Andreu,0.2614227076468583,0.0285194864219975,0.1625951596409499,0.0322690603340529,0.0454493807521872,8.365526644699466,19.326212930348824,8801,42,27,54.55832163134826,7,3,113.59733618219272,0,0,2223.834009374166,104,1267.5225203401403,34.640873765549784,42.74358974358975,0.2858205128205128,ELECTRICBIKESTATION,09-SantAndreu/60-Sant Andreu,True,274,1000,1774994105,42884,18557,519,479,73,116,134,152,150,142,154,998,159,499,298,77.4,149,267,26,122,998,266.47,121.76,25.95,,,5.980395061289103,0,31,7.330419517612966,0,31,2.719463697307124,5.646062947392342,0.1868873456652844,0.6039441540734007,0.2290756099254051
275,"AV. RIO DE JANEIRO, 3","AV. RIO DE JANEIRO, 3",8016.0,32,801908020,Porta,0.1455210211902615,0.076307484220018,0.2986925157799819,0.0,0.0,4.656672678088368,25.519950405770963,8872,38,27,49.25922808982016,7,3,75.64250090847592,0,0,2455.92378609172,112,979.8647555975036,22.65207951775167,48.2972972972973,0.2568648648648649,ELECTRICBIKESTATION,08-NouBarris/45-Porta,True,275,1000,1774994105,35100,15213,666,613,107,136,216,222,203,126,171,1279,218,714,331,68.0,293,251,25,135,1279,321.03,172.67,31.98,5.7,,3.303704840346529,0,16,3.6851707505228855,13,32,2.102457168620379,2.5542155094679893,0.103240776260829,0.7974984501803426,0.1151615859538401
276,PLAÇA ALFONS X EL SAVI / RONDA DEL GUIN,PLAÇA ALFONS X EL SAVI / RONDA DEL GUINARDO,8024.0,27,801907016,el Baix Guinardó,0.1836343115124153,0.2284424379232505,0.4707674943566591,0.0,0.0,4.958126410835215,19.23702031602709,8860,28,9,80.18269571204279,3,1,25.13941942133449,0,0,1522.4262386084004,99,1784.708338966248,32.28123686705684,104.13513513513512,0.0315135135135135,ELECTRICBIKESTATION,07-Horta-Guinardó/33-el Baix Guinardó,True,276,1000,1774994105,49277,19850,657,650,117,149,182,182,181,190,203,1307,142,617,435,84.5,179,338,31,207,1307,441.77,270.55,40.52,5.2,,5.341540398806562,0,23,5.984989476460083,3,27,0.4059819413092551,4.55214446952596,0.1978348295854282,0.7124822339269291,0.2216662769059297
277,"TRAVESSERA DE GRÀCIA, 328","TRAVESSERA DE GRÀCIA, 328",8025.0,27,801907003,el Baix Guinardó,0.2209522854684144,0.1770809835325964,0.4240920369952628,0.0,0.025265057523122,5.965711707647191,19.29742837807354,8866,19,7,113.92795847699188,0,0,519.7557207694257,0,0,989.9061278882313,176,2175.279043703672,15.706766892407774,73.21621621621621,0.0763783783783783,ELECTRICBIKESTATION,07-Horta-Guinardó/33-el Baix Guinardó,True,277,1000,1774994105,45343,18735,662,593,127,166,199,209,139,173,137,1255,110,543,553,74.4,345,238,26,160,1255,298.69,200.8,32.63,5.2,,6.3502719107139685,0,25,6.498927686004026,1,27,0.2676517031355741,5.698060004511618,0.2351952559523685,0.7147195695582792,0.2407010254075569
278,"TRAVESSERA DE GRÀCIA, 368","TRAVESSERA DE GRÀCIA, 368",8025.0,27,801907004,el Baix Guinardó,0.2534333024064461,0.1341683592868427,0.3917851500789889,0.0133152787181223,0.0412999322951929,6.842699164974047,17.29417738659445,8862,25,11,71.18266595051571,2,1,382.1557278362824,0,0,1098.8565125249158,250,1811.6200529144207,15.556466093338813,76.63157894736842,-0.245157894736842,ELECTRICBIKESTATION,07-Horta-Guinardó/33-el Baix Guinardó,True,278,1000,1774994105,38880,17020,784,679,104,203,237,246,199,175,188,1463,183,675,556,67.0,441,243,18,139,1463,355.51,203.36,26.33,5.2,,6.770428362997625,0,25,7.021595009231553,0,27,0.2782667569397427,6.564432408034304,0.2507566060369482,0.640525088392387,0.2600590744159831
279,"C/ MAS CASANOVAS, 137","C/ MAS CASANOVAS, 137",8041.0,27,801907039,el Guinardó,0.2795812042881475,0.0642470694319206,0.3010595130748422,0.0083408476104598,0.0335888187556357,7.548692515779982,15.939021641118124,8872,14,6,58.01209835802595,2,1,43.92328714809452,0,0,1632.3562512356025,90,1110.1324998722616,42.613105865359856,83.33333333333333,0.5782820512820513,ELECTRICBIKESTATION,07-Horta-Guinardó/35-el Guinardó,True,279,1000,1774994105,42817,18311,806,726,139,226,262,231,255,189,138,1532,125,749,591,74.2,318,307,43,135,1532,470.32,206.82,65.88,5.5,,6.301189557200909,0,25,6.616608456256295,0,27,2.942966636609558,4.605725879170424,0.2333773910074406,0.5903341348562268,0.2450595724539374
28,"C/ SARDENYA, 362","C/ SARDENYA, 362",8025.0,23,801902044,la Sagrada Família,0.2520607328948492,0.1348231827111984,0.3823673870333988,0.0,0.0252946954813359,5.797396856581533,14.631262278978388,8144,9,3,115.67713370151148,4,2,286.0605447460028,0,0,660.25983731266,245,1953.88443603441,3.687555044703468,60.58974358974359,0.2385128205128205,ELECTRICBIKESTATION,02-Eixample/06-la Sagrada Família,True,28,1000,1774994105,40072,16881,656,574,84,181,190,205,128,146,188,1230,141,558,468,75.4,381,257,25,137,1230,316.11,168.51,30.75,5.1,,5.263552647076369,0,21,5.424684221010065,1,23,0.3553536345776031,5.442043222003929,0.228850115090277,0.6361418382164518,0.23585583569609
280,"C/ SANT ANTONI Mª CLARET, 290-296","C/ SANT ANTONI Mª CLARET, 290-296",8041.0,27,801907039,el Guinardó,0.315645583784746,0.1195925841153582,0.268711375600824,0.0298695353627832,0.1242847333485923,8.522430762188144,13.632753490501258,8738,41,11,25.3610268773586,6,2,288.5016038706757,0,0,1344.7558544141946,122,2150.480688566803,15.74563202205585,64.11428571428571,0.3655428571428571,ELECTRICBIKESTATION,07-Horta-Guinardó/35-el Guinardó,True,280,1000,1774994105,42817,18311,806,726,139,226,262,231,255,189,138,1532,125,749,591,74.2,318,307,43,135,1532,470.32,206.82,65.88,5.5,,6.9421991348594325,0,24,7.303509467239607,0,26,2.5526436255436025,5.969787136644541,0.2571184864762755,0.504916795944491,0.2705003506385043
281,"C/ D'ESCORNALBOU, 51","C/ D'ESCORNALBOU, 51",8041.0,24,801907036,el Guinardó,0.2925877885555305,0.1520415068802165,0.3657793819084142,0.0422964132641552,0.0746672682156553,7.022106925332732,14.28186329799233,8866,14,3,37.199548521278594,2,1,293.9595406117832,0,0,1811.986942419312,92,1252.6707538261608,10.995663555585942,81.66666666666667,-0.3404722222222222,ELECTRICBIKESTATION,07-Horta-Guinardó/35-el Guinardó,True,281,1000,1774994105,45873,19535,717,626,103,150,204,194,209,191,186,1343,156,682,457,71.8,262,308,24,165,1343,413.64,221.6,32.23,5.5,,6.460689992317697,0,23,6.649085308035872,0,24,0.558763816828333,6.463343108504398,0.2691954163465712,0.595077637416347,0.2770452211681606
282,"PG. FONT D´EN- FARGAS, 1","PG. FONT D´EN- FARGAS, 1",8031.0,27,801907054,la Font d'en Fargues,0.1479807112718505,0.1512206148282097,0.4177215189873418,0.0,0.0,3.995479204339964,21.58951175406872,8848,18,8,109.33074489727872,1,1,367.6687858964957,0,0,3098.9938087890696,111,0.0,723.1227305631861,84.23684210526316,0.5375,ELECTRICBIKESTATION,07-Horta-Guinardó/36-la Font d'en Fargues,True,282,1000,1774994105,57475,23089,806,763,182,170,180,235,255,187,227,1569,141,691,613,76.8,197,375,40,248,1569,588.38,389.11,62.76,6.9,,3.450727291303691,0,20,3.683706923521966,5,27,0.6967676311030742,3.29871157323689,0.1278047144927288,0.7996115464469894,0.1364335897600726
283,"C/ FULTON, 1","C/ FULTON, 1",8032.0,20,801907117,Horta,0.2924259488681157,0.1066561549724068,0.3406915193152382,0.0152044149115891,0.0299583286406126,5.848518977362316,12.802004730262418,8879,33,11,50.71362763090769,3,1,122.72985247308657,0,0,3440.522993761901,108,0.0,519.9788942644433,88.24324324324324,0.1562432432432432,ELECTRICBIKESTATION,07-Horta-Guinardó/43-Horta,True,283,1000,1774994105,41495,17932,1282,1450,195,469,585,503,333,244,160,2732,850,2902,811,65.5,3639,94,13,49,2732,256.81,133.87,35.52,6.0,,4.919711972868394,0,20,4.797403981801966,0,20,3.782633179412096,2.0658857979502194,0.2459855986434206,0.6401002365131209,0.2398701990900979
284,"AV. DIAGONAL, 652","AV. DIAGONAL, 652",8034.0,27,801904023,les Corts,0.1501315295001878,0.4491544532130778,0.6682074408117249,0.0054114994363021,0.0170236753100338,4.0535512965050735,22.076324689966174,8870,55,29,14.274656689056318,2,1,472.154092970816,18,3,40.48906838131754,129,1195.4633273568338,15.31881511738506,78.35135135135135,-0.0572972972972972,ELECTRICBIKESTATION,04-LesCorts/19-les Corts,True,284,1000,1774994105,90951,32986,528,487,132,115,106,131,143,119,185,1015,48,343,507,149.6,171,646,85,282,1015,655.69,286.23,86.28,5.1,,6.427787053210175,0,26,6.521855225195291,0,27,0.2948139797068771,3.758737316798196,0.2380661871559321,0.8176416551839325,0.2415501935257516
285,"C/ MALATS, 98-100","C/ MALATS, 98-100",8030.0,16,801909041,Sant Andreu,0.2787318268905669,0.1238588977797813,0.376197452947143,0.0,0.0294150794545249,4.459709230249071,10.709906457793306,8873,8,6,31.47554444637131,2,1,417.516043425197,0,0,2688.398478790045,42,123.96492822341044,179.46745347341204,44.13157894736842,-0.3196052631578948,ELECTRICBIKESTATION,09-SantAndreu/60-Sant Andreu,True,285,1000,1774994105,38566,16634,706,612,143,125,169,234,191,155,195,1318,178,684,368,64.3,161,294,36,143,1318,387.49,188.47,47.45,,,3.603359913423703,0,14,3.6732727552839615,1,16,0.6146737292911079,3.8450355009579615,0.2252099945889814,0.6693691536120816,0.2295795472052476
286,"C/ BOLÍVIA, 76","C/ BOLÍVIA, 76",8018.0,19,801910042,el Parc i la Llacuna del Poblenou,0.4818270303634593,0.0369869192602616,0.1659900766801984,0.0816418583671628,0.208615245827695,9.154713576905728,8.661028416779432,8868,28,14,128.7735099822966,3,1,249.85193203631417,8,3,149.43581719641008,186,1481.7029119626636,37.816753675970325,11.578947368421051,0.1783157894736842,ELECTRICBIKESTATION,10-SantMartí/66-el Parc i la Llacuna del Poblenou,True,286,1000,1774994105,38142,15637,1618,1506,267,250,563,798,348,185,261,3124,388,1315,1176,74.6,1046,262,79,103,3124,818.49,321.77,246.8,5.3,,5.632937070058687,0,19,5.685163494050237,0,19,6.428845286423094,2.725868290482634,0.2964703721083522,0.455843600883128,0.2992191312658012
287,"Mercado Time Out GRAN VIA , 632","Mercado Time Out GRAN VIA , 632",8007.0,16,801902077,la Dreta de l'Eixample,0.2970915492957746,0.2104788732394366,0.4500281690140845,0.0780845070422535,0.1867042253521126,4.753464788732394,7.673352112676056,8875,104,52,103.27898092584576,59,9,49.80944672579583,0,0,1045.8742388300482,340,2138.165900703112,11.97236401818948,38.94736842105263,-0.1576842105263158,ELECTRICBIKESTATION,02-Eixample/07-la Dreta de l'Eixample,True,287,1000,1774994105,52902,22220,824,850,99,372,358,227,194,174,145,1674,115,548,972,120.1,839,512,223,239,1674,857.09,400.09,373.3,4.2,,4.529752654589285,0,16,4.380458991908164,0,16,2.040338028169014,2.71312676056338,0.2831095409118303,0.4795845070422535,0.2737786869942602
288,PL. VIRREI AMAT,PL. VIRREI AMAT,8016.0,32,801908013,Vilapicina i la Torre Llobeta,0.2955259524346258,0.064697926059513,0.1931920649233543,0.0014652840396753,0.0145401262398557,9.456830477908026,18.013863841298466,8872,43,13,54.524329265907966,8,1,39.424656530536566,0,0,2821.672131628285,95,1199.9983171424176,1.580904794408946,64.8108108108108,-0.0587567567567567,ELECTRICBIKESTATION,08-NouBarris/44-Vilapicina i la Torre Llobeta,True,288,1000,1774994105,37533,15859,585,511,100,114,135,172,156,146,187,1096,189,593,275,75.2,220,250,21,105,1096,274.0,115.08,23.02,6.6,,6.999407885750292,0,31,7.294791896386038,0,31,4.313570784490532,5.143259693417494,0.2187314964296966,0.5629332450405771,0.2279622467620637
289,"C/ MÚRCIA, 64","C/ MÚRCIA, 64",8027.0,27,801909094,Navas,0.3939824932644164,0.0017171401810802,0.0691539182016859,0.0024976584452076,0.0287230721198876,10.637527318139243,14.381361223852638,6406,15,7,128.2932546452671,4,2,348.5655951484916,0,0,827.0038438391058,98,1641.5255408973926,18.506384544886416,26.435897435897434,-0.008076923076923,ELECTRICBIKESTATION,09-SantAndreu/63-Navas,True,289,1000,1774249802,40084,17271,990,905,178,213,300,263,326,199,301,1895,263,988,604,77.2,410,277,28,138,1895,524.92,261.51,53.06,5.6,,5.683704996526826,0,24,5.746197663892684,0,27,5.934124258507649,4.703403059631595,0.2105075924639568,0.5326430082908384,0.2128221356997294
29,"C/ PROVENÇA, 388-390","C/ PROVENÇA, 388-390",8025.0,23,801902056,la Dreta de l'Eixample,0.2033502771512859,0.1314279284347924,0.4083492742207719,0.0063013390345448,0.0272307865421402,4.677056374479577,13.586249578035332,8887,36,11,139.9427686744125,6,2,162.53986912489054,3,1,353.8764589653408,292,3447.8664205743157,1.1893461048790666,50.44736842105263,0.2444210526315789,ELECTRICBIKESTATION,02-Eixample/07-la Dreta de l'Eixample,True,29,1000,1774994105,47577,20737,737,674,105,211,301,251,185,119,129,1411,106,483,772,97.2,492,227,43,155,1411,320.3,218.7,60.67,4.2,,4.393911033978374,0,20,4.703732573564765,0,23,1.2888488803870823,3.3882074940924944,0.1910396101729722,0.5907065033928406,0.2045101118941206
290,"PL. DELS JARDINS D'ALFÀBIA, 1","PL. DELS JARDINS D'ALFÀBIA, 1",8016.0,17,801908033,Porta,0.1425316438927783,0.2347708591374845,0.6004954397027362,0.0005629996622002,0.0016889989866006,2.4230379461772324,12.543970273617836,8881,52,16,50.71913866398669,3,1,70.6527673696254,0,0,3450.7573467306447,70,860.3509020776868,110.78416034354274,76.11428571428571,-0.2462857142857142,ELECTRICBIKESTATION,08-NouBarris/45-Porta,True,290,1000,1774994105,31357,12695,740,678,143,150,177,254,226,179,171,1418,310,767,241,62.0,344,240,24,97,1418,340.32,137.55,34.03,5.7,,2.331232478527789,0,14,2.5473241482452424,0,17,0.2534624479225312,2.169575498254701,0.1371313222663405,0.7378806043304609,0.1498425969556028
291,"C/ CUBELLES, 2","C/ CUBELLES, 2",8031.0,27,801908009,Vilapicina i la Torre Llobeta,0.1673089756423089,0.1333333333333333,0.4068693693693693,0.0,0.0083333333333333,4.517342342342342,20.76295045045045,8880,49,13,69.6309790243113,10,2,86.1806891338014,0,0,2506.552004235707,92,1240.2881502069497,79.0431613062338,66.94594594594595,0.3815945945945946,ELECTRICBIKESTATION,08-NouBarris/44-Vilapicina i la Torre Llobeta,True,291,1000,1774994105,37696,14885,865,834,158,205,279,304,273,197,154,1699,234,861,475,75.4,381,213,29,129,1699,361.89,219.17,49.27,6.6,,4.435232107477458,0,26,4.606390360609812,1,27,1.3396396396396395,3.1777027027027027,0.1642678558324982,0.7689981648314982,0.1706070503929558
292,"C/ AMILCAR, 1","C/ AMILCAR, 1",8031.0,12,801908010,Vilapicina i la Torre Llobeta,0.2904037558685446,0.1798309859154929,0.4758309859154929,0.0445070422535211,0.124169014084507,3.4848450704225358,6.97656338028169,8875,30,12,76.80465959432057,7,1,245.4768308890688,0,0,2994.561749853789,68,244.4914245175751,197.04766981319835,69.86486486486487,0.1569999999999999,ELECTRICBIKESTATION,08-NouBarris/44-Vilapicina i la Torre Llobeta,True,292,1000,1774994105,40981,18209,535,491,82,117,136,159,187,132,142,1026,153,560,311,69.6,170,270,101,161,1026,277.02,165.19,103.63,6.6,,3.066219645484223,0,12,3.2260127981317086,0,12,0.6625352112676056,2.8223098591549296,0.2555183037903514,0.5813802816901409,0.2688343998443095
293,"C/ GRANOLLERS, 1","C/ GRANOLLERS, 1",8032.0,24,801907122,Horta,0.2048385565052231,0.1849572649572649,0.4414814814814815,0.0033048433048433,0.0177777777777777,4.916125356125356,17.94735042735043,8775,39,10,37.223453285057154,4,1,272.90987475038776,0,0,3259.2254549480526,113,0.0,668.161268159485,88.23529411764706,-0.1215,ELECTRICBIKESTATION,07-Horta-Guinardó/43-Horta,True,293,1000,1774994105,37457,16328,627,556,101,111,159,189,192,132,195,1183,207,655,315,69.5,190,272,22,145,1183,321.78,171.54,26.03,6.0,,5.450172873145806,0,23,5.439868316496709,0,24,3.643646723646724,1.2724786324786326,0.2270905363810745,0.7478062678062678,0.2266611798540296
294,SEU DEL DISTRICTE (NOU BARRIS),SEU DEL DISTRICTE (NOU BARRIS),8042.0,24,801908215,la Guineueta,0.1491991512693405,0.1514195583596214,0.5092383956737269,0.0,0.0,3.580779630464173,19.71913023884633,8876,32,13,149.5275758656863,3,1,237.35824177865567,0,0,3587.2981476677296,84,308.5490383992678,256.37437742336107,80.4054054054054,0.1285675675675675,ELECTRICBIKESTATION,08-NouBarris/48-la Guineueta,True,294,1000,1774994105,37830,16049,858,654,181,147,213,245,177,158,202,1512,219,769,316,76.5,384,242,22,105,1512,365.9,158.76,33.26,8.3,,3.7000659454337455,0,19,3.8437187346417385,3,24,1.1449977467327626,2.4357818837314107,0.1541694143930725,0.821630426618597,0.1601549472767396
295,"C/ SANT ISCLE, 60","C/ SANT ISCLE, 60",8031.0,27,801908038,el Turó de la Peira,0.1783043746766144,0.1025236593059936,0.3436232537178909,0.0,0.0,4.81421811626859,20.285488958990538,8876,36,10,88.55508650722375,10,2,426.9920409259392,0,0,3285.704428744904,52,0.0,431.8610713456444,74.25641025641026,0.0131282051282051,ELECTRICBIKESTATION,08-NouBarris/46-el Turó de la Peira,True,295,1000,1774994105,33283,12569,817,719,163,194,219,276,247,156,137,1536,289,823,311,68.6,451,219,20,115,1536,336.38,176.64,30.72,5.9,,3.972421061518709,0,19,4.043489930049697,7,27,0.9717214961694456,3.842496620099144,0.1471267059821739,0.7513144058885384,0.1497588862981371
296,"C/ DE ROSSELLÓ I PORCEL, 1 | AV. MERIDIANA","C/ DE ROSSELLÓ I PORCEL, 1 | AV. MERIDIANA",8016.0,33,801908029,Porta,0.2178874674516019,0.0762141967621419,0.2520547945205479,0.0022415940224159,0.0052303860523038,7.1902864259028645,22.641220423412204,8030,9,8,102.52110794177192,0,0,585.0549927250885,0,0,2799.7301429426466,51,395.470614397284,14.474619083059904,45.69444444444444,-0.0876944444444444,ELECTRICBIKESTATION,08-NouBarris/45-Porta,True,296,1000,1774994105,30320,13017,745,666,180,134,148,253,265,155,156,1411,374,751,212,76.5,226,293,47,137,1411,413.42,193.31,66.32,5.7,,5.746321174640765,0,28,6.4363613591166695,0,33,3.685803237858032,3.504483188044832,0.1741309446860839,0.6860975885882485,0.1950412533065659
297,"C/ TURÓ BLAU, 1-3","C/ TURÓ BLAU, 1-3",8016.0,24,801908083,la Prosperitat,0.2082156042796865,0.149751356238698,0.3833634719710669,0.0,0.0,4.997174502712477,17.876808318264015,8848,46,14,116.26825463746142,3,1,349.001470626568,0,0,3405.635669576216,47,1414.758882408588,8.587663200493775,72.78378378378379,-0.1838918918918918,ELECTRICBIKESTATION,08-NouBarris/52-la Prosperitat,True,297,1000,1774994105,30608,12650,650,590,122,142,203,206,160,129,177,1240,284,683,179,57.5,401,230,53,96,1240,285.2,119.04,65.72,6.6,,4.502977794279664,0,20,4.661598287567745,3,24,0.3831374321880651,4.614037070524413,0.1876240747616528,0.7448670132610006,0.1942332619819888
298,"C/ ANDREU NIN, 22","C/ ANDREU NIN, 22",8016.0,32,801908029,Porta,0.2956286615592609,0.05396575033799,0.1778954484001802,0.000788643533123,0.0187021180712032,9.46011716989635,19.043600721045514,8876,23,10,61.7126100632819,2,2,458.1893006064004,0,0,2788.5840963064898,82,1057.045602886819,34.84026253748252,43.02702702702703,0.7328378378378378,ELECTRICBIKESTATION,08-NouBarris/45-Porta,True,298,1000,1774994105,30320,13017,745,666,180,134,148,253,265,155,156,1411,374,751,212,76.5,226,293,47,137,1411,413.42,193.31,66.32,5.7,,7.137845033050743,0,31,7.342058095165384,0,31,5.516674177557459,3.943442992338891,0.2230576572828357,0.5951125225326723,0.2294393154739182
299,"C/ DE L'ESCULTOR ORDÓÑEZ, 55","C/ DE L'ESCULTOR ORDÓÑEZ, 55",8016.0,27,801908035,Porta,0.2368082690445179,0.1153065825067628,0.2957619477006312,0.001127141568981,0.0133002705139765,6.393823264201984,18.459197475202885,8872,30,10,42.36686817164209,9,2,345.14089738657555,0,0,3171.530776476012,57,0.0,303.60378246188657,59.92105263157895,0.4798684210526315,ELECTRICBIKESTATION,08-NouBarris/45-Porta,True,299,1000,1774994105,30782,14624,2022,2321,235,858,987,767,578,327,271,4343,1596,4151,867,61.2,5284,67,6,31,4343,290.98,134.63,26.06,5.7,,5.418210395578411,0,26,5.72616810633922,0,27,2.448940486925158,3.944882777276826,0.2006744590954966,0.6836739805630698,0.2120803002347863
3," C/ NÀPOLS, 82","C/ NÀPOLS, 82",8013.0,27,801902002,el Fort Pienc,0.3911426639621366,0.0366238449402749,0.1235068740139734,0.0160018030200586,0.0587108406581023,10.560851926977689,14.5727969348659,8874,47,39,47.86810879736748,10,3,211.2655459643287,4,2,465.4039862650085,128,1521.438453937027,20.786424028956404,23.94736842105263,0.0041842105263157,ELECTRICBIKESTATION,02-Eixample/05-el Fort Pienc,True,3,1000,1774994105,43266,19019,1567,1999,228,624,755,637,483,293,304,3566,915,3099,1474,77.7,4158,97,11,49,3566,345.9,174.73,39.23,4.8,,6.8065113576874,0,27,7.169074935519355,0,27,7.907144466982195,2.6537074599954926,0.2520930132476812,0.5397332198098481,0.265521293908124
30,"C/ CASTILLEJOS, 180","C/ CASTILLEJOS, 180",8013.0,29,801902022,la Sagrada Família,0.2641778623231482,0.0563547735108786,0.2019973843776007,0.006776839852574,0.0218761146118178,7.6611580073712995,17.522530020211626,8411,15,8,115.77363329708028,7,2,327.2395077908651,8,3,204.51119015762683,183,3377.2505620494526,1.2594573335245962,26.05128205128205,0.2207435897435897,ELECTRICBIKESTATION,02-Eixample/05-el Fort Pienc,True,30,1000,1774994105,46783,18928,648,612,94,201,218,171,186,155,148,1260,166,566,471,76.8,363,248,45,149,1260,312.48,187.74,56.7,5.1,,5.419196735727923,0,26,6.144480045138837,0,29,3.884555938651765,3.776602068719534,0.1868688529561349,0.6042251731107458,0.2118786222461675
300,"C/ DE MALADETA, 1","C/ DE MALADETA, 1",8016.0,18,801908025,Porta,0.2928108994828255,0.110222021864082,0.3330327961230699,0.0081145046771103,0.0587174574552011,5.27059619069086,11.875690296404825,8873,31,13,81.344259310632,6,1,272.07227196090025,0,0,2848.75800981602,70,732.1831706744483,31.660836487794157,58.78947368421053,-0.1700526315789473,ELECTRICBIKESTATION,08-NouBarris/45-Porta,True,300,1000,1774994105,30928,13405,628,501,106,122,178,208,167,97,149,1129,237,638,256,61.3,318,228,30,99,1129,257.41,111.77,33.87,5.7,,4.366614707304268,0,18,4.567866733168765,0,18,1.2754423532063563,3.995153837484504,0.2425897059613479,0.6597605720224902,0.2537703740649319
301,"C/ MARIE CURIE, 8-14","C/ MARIE CURIE, 8-14",8042.0,27,801908215,la Guineueta,0.1521664747216797,0.1507435781883731,0.463609734114466,0.0,0.0,4.1084948174853535,22.877647589004056,8876,32,13,205.49684024792415,3,1,341.64052922580527,0,0,3689.2325149521553,95,371.933032772385,234.509336631017,80.6842105263158,0.8337894736842105,ELECTRICBIKESTATION,08-NouBarris/48-la Guineueta,True,301,1000,1774994105,37830,16049,858,654,181,147,213,245,177,158,202,1512,219,769,316,76.5,384,242,22,105,1512,365.9,158.76,33.26,8.3,,4.243895625892101,0,24,4.245071711355775,3,27,1.0098017124831005,3.098693105002253,0.1571813194774855,0.8473202810742243,0.1572248781983629
302,"C/ CAVALLERS, 41","C/ CAVALLERS, 41",8034.0,39,801904053,Pedralbes,0.2177622430187544,0.2421919043860638,0.5027624309392266,0.034502198669523,0.0612244897959183,8.492727477731425,28.63919269365205,8869,20,7,108.90058450207864,0,0,679.5807946910552,0,0,747.1402616680679,121,598.8803389192848,12.004592306957267,117.26315789473684,-0.0871052631578947,ELECTRICBIKESTATION,04-LesCorts/21-Pedralbes,True,302,1000,1774994105,56053,21547,832,787,195,258,290,222,186,165,155,1619,100,596,791,108.5,525,354,36,223,1619,573.13,361.04,58.28,2.4,,11.017929276992538,0,39,11.338228018257997,0,39,0.9040478069680912,7.588679670763333,0.2825110071023728,0.7343382741962063,0.2907237953399492
303,"C/ CAVALLERS, 67","C/ CAVALLERS, 67",8034.0,27,801904056,Pedralbes,0.1803807639488919,0.24343514031331,0.568240730305421,0.0126225628310605,0.0516172658627296,4.870280626620083,19.09489462414065,8873,19,8,45.43238000184438,0,0,678.2235549816718,0,0,877.819880693172,114,338.2406401713423,20.176212522984564,111.5,0.2743421052631579,ELECTRICBIKESTATION,04-LesCorts/21-Pedralbes,True,303,1000,1774994105,98221,34765,819,784,238,222,151,239,250,194,163,1603,118,722,834,140.5,719,478,45,298,1603,766.23,477.69,72.13,2.4,,6.686406787694539,0,26,6.867499176710414,0,27,0.1096585145948382,4.760622112025245,0.2476446958405382,0.7072183194126167,0.2543518213596456
304,"PG. MANUEL GIRONA, 7","PG. MANUEL GIRONA, 7",8034.0,26,801905017,Sarrià,0.2107648970747562,0.2037183098591549,0.4749295774647887,0.0249014084507042,0.0623098591549295,5.479887323943662,17.207661971830987,8875,11,5,153.7559131764807,0,0,515.6665369438066,6,3,407.9639007491054,148,256.1106627759541,27.596514608006288,88.5,-0.2571052631578947,ELECTRICBIKESTATION,04-LesCorts/23-Sarrià,True,304,1000,1774994105,98221,34765,772,672,204,156,171,188,219,182,198,1444,44,441,791,121.5,199,513,35,350,1444,740.77,505.4,50.54,2.8,,6.627548857895785,0,25,6.5268492387649255,0,25,0.3512112676056338,5.128676056338028,0.2549057253036843,0.6618331527627302,0.2510326630294209
305,"AV. DIAGONAL, 680","AV. DIAGONAL, 680",8034.0,27,801904052,Pedralbes,0.1830818988002086,0.3974084507042253,0.6407887323943662,0.0253521126760563,0.0727887323943662,4.9432112676056335,19.993464788732396,8875,93,44,91.57905335345804,2,1,214.9354854404461,18,3,197.34317325701969,143,1307.590614628803,11.86463869002584,80.0,-0.1531081081081081,ELECTRICBIKESTATION,04-LesCorts/21-Pedralbes,True,305,1000,1774994105,98221,34765,1134,922,282,233,166,298,295,227,394,2056,75,729,1076,137.4,341,568,56,284,2056,1167.81,583.9,115.14,2.4,,7.67183424103486,0,27,7.763068118490398,0,27,0.3275492957746478,4.615661971830986,0.2841420089272166,0.7404986958789775,0.2875210414255696
306,"C/ DOCTOR SALVADOR CARDENAL, 1-5","C/ DOCTOR SALVADOR CARDENAL, 1-5",8028.0,30,801904049,la Maternitat i Sant Ramon,0.1512020133723987,0.2547892720306513,0.5966869506423259,0.0095785440613026,0.0303132747351814,4.536060401171963,20.93430245661483,8874,35,20,30.558776390037217,4,1,396.3160580711229,18,3,181.4463560260396,116,1576.1775068755449,39.77155380130239,70.77142857142857,-0.1184571428571428,ELECTRICBIKESTATION,04-LesCorts/20-la Maternitat i Sant Ramon,True,306,1000,1774994105,82214,31161,601,507,133,147,122,165,136,136,162,1108,38,381,653,115.8,351,470,105,228,1108,520.76,252.62,116.34,5.0,,6.334321515561634,0,28,6.649376772703407,0,29,0.5761775974757719,3.9598828036961913,0.2111440505187209,0.697810081887161,0.221645892423447
307,C/ PINTOR RIBALTA | AV. XILE,C/ PINTOR RIBALTA | AV. XILE,8028.0,32,801904043,la Maternitat i Sant Ramon,0.1665820929183581,0.1182904826341903,0.4110284167794316,0.002255299954894,0.0082318448353631,5.330626973387461,24.62359043752819,8868,8,6,245.429210656778,2,1,386.2254968930122,12,3,200.5427548564541,124,992.5714297041764,15.637412512687844,65.82051282051282,0.1059743589743589,ELECTRICBIKESTATION,04-LesCorts/20-la Maternitat i Sant Ramon,True,307,1000,1774994105,55668,23558,827,703,123,155,161,200,192,250,335,1530,172,570,714,93.5,194,409,27,165,1530,625.77,252.45,41.31,5.0,,6.015473841224564,0,30,6.140488485144076,0,32,0.3871222372575552,4.943504736129905,0.1879835575382676,0.7694872011727559,0.1918902651607523
308,"C/ CARDENAL REIG, 11","C/ CARDENAL REIG, 11",8028.0,27,801904046,la Maternitat i Sant Ramon,0.2225709939574246,0.0604719764011799,0.2594735647832993,0.0005672793283412,0.0061266167460857,6.009416836850465,18.337871567960065,8814,21,9,61.5567422800804,2,1,195.45117082522344,12,3,263.40043890194727,118,714.7219655625137,31.53494561594196,66.63636363636364,-0.3663333333333333,ELECTRICBIKESTATION,04-LesCorts/20-la Maternitat i Sant Ramon,True,308,1000,1774994105,63304,25273,1211,1110,229,211,262,303,266,349,528,2321,183,859,1075,99.7,262,430,28,215,2321,998.03,499.02,64.99,5.0,,4.787747448735846,0,25,4.626499265958665,0,27,0.6161788064442931,5.393238030406172,0.1773239795828093,0.6791804284429653,0.1713518246651361
309,"C/ SANT RAMON NONAT,  26","C/ SANT RAMON NONAT,  26",8028.0,22,801904044,la Maternitat i Sant Ramon,0.2981195826315573,0.0717352010845006,0.2332806145503841,0.018300948938093,0.0514008133755083,6.558630817894262,12.18504292815183,8852,25,10,87.96377803126622,2,1,431.3264380273959,6,3,447.836290493306,109,31.19451177396909,275.64830845263066,58.256410256410255,0.2653589743589743,ELECTRICBIKESTATION,04-LesCorts/20-la Maternitat i Sant Ramon,True,309,1000,1774994105,44138,18188,797,727,117,196,222,221,195,241,214,1524,187,721,514,67.8,326,316,45,160,1524,481.58,243.84,68.58,5.0,,4.895733209768089,0,21,5.131365483538019,0,22,1.031518300948938,5.527112516945323,0.2225333277167313,0.553865587643265,0.233243885615364
31,PL. DEL MAR,PL. DEL MAR,8003.0,18,801901032,la Barceloneta,0.6623979770667467,0.0018026137899954,0.0340243352861649,0.1827399729607931,0.4968454258675079,11.923163587201442,4.4446822893195135,8876,8,3,90.16729472772182,0,0,854.4946443750266,0,0,1444.7121956991728,94,422.5806357602032,75.61628407179879,7.486486486486487,0.056,ELECTRICBIKESTATION,01-CiutatVella/03-la Barceloneta,True,31,1000,1774994105,30477,15532,797,840,57,276,445,261,237,137,163,1637,261,726,656,46.4,823,260,83,219,1637,425.62,358.5,135.87,7.4,,4.489582276957873,0,18,4.483658453452674,0,18,9.764646237043712,2.158517350157729,0.2494212376087713,0.246926793851084,0.2490921363029266
310,C/ JOSEP SAMITIER | AV. JOAN XXIII,C/ JOSEP SAMITIER | AV. JOAN XXIII,8028.0,27,801904049,la Maternitat i Sant Ramon,0.2133420213943502,0.3051764971241683,0.5327619262433743,0.0175933235592646,0.0537949701139054,5.760234577647457,18.94304725386264,8867,4,4,48.05899663577571,0,0,518.9050961578255,6,3,356.68098759693174,48,1082.495656610942,17.73304168620412,53.94736842105263,0.3982631578947369,ELECTRICBIKESTATION,04-LesCorts/20-la Maternitat i Sant Ramon,True,310,1000,1774994105,82214,31161,601,507,133,147,122,165,136,136,162,1108,38,381,653,115.8,351,470,105,228,1108,520.76,252.62,116.34,5.0,,7.28444862869222,0,27,7.467489043050268,0,27,0.5061463854742303,5.254088192173227,0.2697943936552675,0.7015943427356531,0.276573668261121
311,"C/ GALLEGO, 2","C/ GALLEGO, 2",8028.0,24,801904043,la Maternitat i Sant Ramon,0.2245440872344425,0.080428652002256,0.3070501974055273,0.0042865200225606,0.0154540327129159,5.3890580936266215,15.33581500282008,8865,29,15,87.07386271320574,0,0,679.8904332793009,0,0,509.9083233775616,70,823.2152123814947,31.91255192395457,50.516129032258064,0.2248387096774193,ELECTRICBIKESTATION,04-LesCorts/20-la Maternitat i Sant Ramon,True,311,1000,1774994105,55668,23558,827,703,123,155,161,200,192,250,335,1530,172,570,714,93.5,194,409,27,165,1530,625.77,252.45,41.31,5.0,,4.356117563275457,0,21,4.637578985487866,0,23,1.1416807670614777,4.247377326565144,0.1815048984698108,0.6389922917841699,0.1932324577286609
312,"C/ ARIZALA, 77","C/ ARIZALA, 77",8028.0,36,801904039,la Maternitat i Sant Ramon,0.2479489973571813,0.0677488445496561,0.2062901589448765,0.000563634314057,0.0082290609852327,8.926163904858528,24.562394318566117,8871,22,14,49.86832589735978,0,0,501.30049006158174,0,0,733.661535324065,107,382.70777044107496,186.88011929471804,50.23684210526316,0.1744736842105263,ELECTRICBIKESTATION,04-LesCorts/20-la Maternitat i Sant Ramon,True,312,1000,1774994105,44514,19023,572,504,102,110,182,173,149,136,130,1076,124,470,424,74.1,209,339,31,184,1076,364.76,197.98,33.36,5.0,,7.25705066604363,0,34,7.43745976461352,0,36,2.413707586517867,6.512456318340661,0.2015847407234346,0.682288731071281,0.2065961045725977
313,"C/ FELIU DE CASANOVA, 1","C/ FELIU DE CASANOVA, 1",8028.0,29,801903073,Sants - Badal,0.336920587754848,0.0888788630724114,0.2393413038574328,0.0719602977667493,0.134558989397699,9.770697044890593,15.487029099932323,8866,25,6,59.72370275953483,5,2,204.93556238601468,0,0,1379.2715494429342,224,0.0,364.8408785429425,40.13513513513514,0.0812972972972973,ELECTRICBIKESTATION,03-Sants-Montjuïc/17-Sants - Badal,True,313,1000,1774994105,39954,17174,774,732,113,166,278,217,196,255,183,1506,259,729,455,68.3,307,254,24,118,1506,382.52,177.71,36.14,4.6,,8.254201801975407,0,28,8.496394566265252,0,28,3.340063162643808,6.430633882246785,0.2846276483439793,0.5340354862045629,0.2929791229746645
314,"RAMBLA DEL BRASIL, 44","RAMBLA DEL BRASIL, 44",8028.0,24,801903093,Sants,0.2596576191012501,0.1196080639711679,0.3573600630701655,0.0057438900777114,0.0461763712129744,6.231782858430004,15.446446671922514,8879,12,5,90.45455301192202,3,1,363.9419588848726,0,0,1104.4811475241984,144,158.8966713922526,141.57636695416733,47.58974358974359,0.3497948717948718,ELECTRICBIKESTATION,03-Sants-Montjuïc/18-Sants,True,314,1000,1774994105,44019,18653,755,647,114,169,188,199,216,232,200,1402,205,660,456,69.9,202,307,25,167,1402,430.41,234.13,35.05,4.6,,5.940371561713022,0,24,6.05540877038803,0,24,0.7509854713368622,5.4807973870931415,0.2475154817380418,0.6436019446634381,0.252308698766168
315,"C/ DEL GUINARDÓ, 32-38","C/ DEL GUINARDÓ, 32-38",8041.0,27,801910005,el Camp de l'Arpa del Clot,0.3324659944790546,0.1041432109885161,0.2793289799594686,0.0297230353523981,0.0802747129024994,8.976581850934474,15.086579599189372,8882,27,11,49.50692800280965,4,2,123.92525308738122,0,0,1290.5904125385257,131,2562.643754884576,24.878999063055456,50.61764705882353,0.0738529411764706,ELECTRICBIKESTATION,10-SantMartí/64-el Camp de l'Arpa del Clot,True,315,1000,1774994105,41476,17870,832,711,107,165,243,240,187,259,236,1543,238,756,478,74.5,290,317,26,154,1543,489.13,237.62,40.12,5.9,,7.241900445403889,0,26,7.663574263111941,0,27,0.9419049763566764,8.034676874577798,0.2682185350149582,0.5587622073773841,0.2838360838189603
316,"C/ CANTÀBRIA, 55","C/ CANTÀBRIA, 55",8020.0,26,801910134,la Verneda i la Pau,0.5075441954734827,0.0343429793942123,0.1006643396013962,0.0636189618286229,0.1616935029838982,13.196149082310551,10.756221146267311,8881,6,3,58.662444035918185,2,1,437.5786383650389,0,0,860.0404899553087,86,1295.5823111527443,19.75057749098293,21.83783783783784,-0.2202702702702703,ELECTRICBIKESTATION,10-SantMartí/73-la Verneda i la Pau,True,316,1000,1774994105,30670,13695,769,638,130,159,190,239,245,115,219,1407,338,793,292,61.7,318,240,28,103,1407,337.68,144.92,39.4,6.2,,7.365125916327411,0,26,7.284541966699232,0,25,5.61130503321698,7.58484404909357,0.2832740737049004,0.4137008133179735,0.2801746910268936
318,"C/ CASTILLEJOS, 388","C/ CASTILLEJOS, 388",8025.0,32,801907012,el Baix Guinardó,0.1534616469261139,0.1561195713479977,0.4450084602368866,0.0,0.0,4.910772701635646,24.55600676818951,8865,20,7,120.60571872070884,5,2,425.8351295105077,0,0,1391.2708864584208,143,827.9658077477014,157.71301389443258,90.37142857142857,0.0142,ELECTRICBIKESTATION,07-Horta-Guinardó/33-el Baix Guinardó,True,318,1000,1774994105,37594,16813,798,681,107,157,260,267,166,180,215,1479,188,671,527,63.7,346,258,21,162,1479,381.58,239.6,31.06,5.2,,4.872290754247917,0,22,4.910416369916812,10,32,0.3767625493513818,4.534010152284264,0.1522590860702474,0.7673752115059221,0.1534505115599003
319,"C/ SAGUÉS, 1","C/ SAGUÉS, 1",8021.0,31,801905061,Sant Gervasi - Galvany,0.1127480160541663,0.2053662402354805,0.5367372353673724,0.0075851918940337,0.0078116155326616,3.4951884976791576,21.876372693309182,8833,51,26,34.104837762972416,0,0,588.9294444103073,6,3,255.60721145906055,281,1995.732805370924,67.56422015917643,71.33333333333333,0.0938974358974358,ELECTRICBIKESTATION,05-Sarrià-StGervasi/26-Sant Gervasi - Galvany,True,319,1000,1774994105,54826,26184,779,619,86,200,256,201,211,184,161,1398,81,555,682,83.0,368,361,73,297,1398,504.68,415.21,102.05,3.2,,3.935422524054908,0,25,4.648795511041038,0,29,0.5437563681648364,2.951432129514321,0.1269491136791906,0.705689441719651,0.1499611455174528
32,LA BARCELONETA (CN BARCELONETA),LA BARCELONETA (CN BARCELONETA),8003.0,35,801901032,la Barceloneta,0.5786310194878402,0.0177001127395715,0.0710259301014656,0.1157835400225479,0.2636978579481398,20.25208568207441,12.410597519729423,8870,8,3,57.512074641124464,0,0,971.8251819265588,0,0,1565.819591272061,71,422.9316264937992,34.053081953089595,6.852941176470588,0.2773529411764706,ELECTRICBIKESTATION,01-CiutatVella/03-la Barceloneta,True,32,1000,1774994105,30477,15532,797,840,57,276,445,261,237,137,163,1637,261,726,656,46.4,823,260,83,219,1637,425.62,358.5,135.87,7.4,,10.35836797813575,0,35,10.205966630247367,0,35,15.335851183765502,4.916234498308906,0.2959533708038788,0.3545885005636978,0.2915990465784961
320,"C/ MADRAZO, 39","C/ MADRAZO, 39",8006.0,27,801905071,Sant Gervasi - Galvany,0.0888052838391438,0.246726862302483,0.6296839729119639,0.000451467268623,0.0010158013544018,2.397742663656885,19.65112866817156,8860,28,10,121.1107080906938,9,3,182.64194862485311,0,0,1024.6677066083748,285,1387.2443562121978,83.08647768896171,83.42105263157895,0.1004999999999999,ELECTRICBIKESTATION,05-Sarrià-StGervasi/26-Sant Gervasi - Galvany,True,320,1000,1774994105,54842,23788,844,714,146,205,248,262,224,175,166,1558,83,584,935,94.0,569,341,45,240,1558,531.28,373.92,70.11,3.2,,2.6147090346653123,0,20,3.108393588734453,0,27,0.2001128668171557,2.197629796839729,0.0968410753579745,0.7278195803026503,0.1151256884716464
321,"C/ SANT HERMENEGILD, 30","C/ SANT HERMENEGILD, 30",8006.0,27,801905087,el Putxet i el Farró,0.1754454138253777,0.1648240072202166,0.4395306859205776,0.0007897111913357,0.0031588447653429,4.737026173285199,18.724165162454877,8864,11,5,34.50255926097351,6,2,129.36491289799957,0,0,1217.1937627986708,93,116.92578824443083,287.7970186987093,97.43589743589745,0.1237948717948717,ELECTRICBIKESTATION,05-Sarrià-StGervasi/27-el Putxet i el Farró,True,321,1000,1774994105,54351,23720,828,691,145,208,249,212,210,173,190,1519,74,580,798,97.3,353,307,22,268,1519,466.33,407.09,33.42,4.2,,4.832335049879271,0,27,4.933914892947102,0,27,0.2598149819494584,4.47721119133574,0.1789753722177512,0.6934875986094398,0.1827375886276709
322,"C/ SANTALÓ, 165","C/ SANTALÓ, 165",8021.0,23,801905052,Sant Gervasi - Galvany,0.159474257454888,0.1682464454976303,0.494583615436696,0.0,0.0027081922816519,3.667907921462424,17.92631460167005,8862,20,5,25.49959270496862,5,2,411.3577169576382,0,0,1025.3837231326015,58,0.0,337.4570637548837,121.43243243243244,-0.3687837837837838,ELECTRICBIKESTATION,05-Sarrià-StGervasi/26-Sant Gervasi - Galvany,True,322,1000,1774994105,98221,34765,754,618,188,196,139,149,210,170,204,1372,67,459,658,158.0,178,420,26,307,1372,576.24,421.2,35.67,3.2,,3.741591830326688,0,22,3.9027635614580767,1,24,0.3121191604603927,3.355788761002031,0.1626779056663778,0.7794049826813066,0.169685372237307
323,"C/ VALLMAJOR, 13","C/ VALLMAJOR, 13",8021.0,27,801905052,Sant Gervasi - Galvany,0.1192919996465048,0.1698670605612998,0.6332234973298488,0.0003408703556414,0.0006817407112828,3.22088399045563,21.996250426087943,8801,13,5,65.67057299670869,3,1,215.0059666845311,0,0,757.936033042412,40,1523.9350729645876,33.84096469464604,103.61111111111111,0.1115833333333333,ELECTRICBIKESTATION,05-Sarrià-StGervasi/26-Sant Gervasi - Galvany,True,323,1000,1774994105,98221,34765,754,618,188,196,139,149,210,170,204,1372,67,459,658,158.0,178,420,26,307,1372,576.24,421.2,35.67,3.2,,3.901436237909327,0,24,4.113653489297182,0,27,0.1400977161686172,3.080786274287013,0.1444976384410861,0.8146759417069609,0.1523575366406364
324,"C/ REINA VICTORIA, 31","C/ REINA VICTORIA, 31",8021.0,27,801905054,Sant Gervasi - Galvany,0.1799276937835924,0.1759981902499717,0.4278927723108245,0.0002262187535346,0.0011310937676733,4.858047732156996,20.505146476642917,8841,16,7,93.9450527041045,3,1,91.9507125049492,0,0,713.1826895891419,20,2130.787348039523,28.84570963430724,94.73684210526316,0.4805263157894736,ELECTRICBIKESTATION,05-Sarrià-StGervasi/26-Sant Gervasi - Galvany,True,324,1000,1774994105,98221,34765,544,443,116,150,88,109,170,135,132,987,50,367,444,234.3,145,545,39,381,987,537.92,376.05,38.49,3.2,,5.00634043581335,0,25,5.195303481213902,0,27,1.9778305621536023,2.880217170003393,0.1854200161412353,0.7594498695052931,0.1924186474523664
325,"C/ ALT DE GIRONELLA, 13","C/ ALT DE GIRONELLA, 13",8017.0,23,801905022,les Tres Torres,0.1264166494951576,0.310539381629429,0.6979237192507335,0.0001128413450688,0.0075603701196118,2.9075829383886256,19.026743398781317,8862,18,5,206.03369511730844,2,1,313.01288699376136,0,0,637.0917864739881,52,331.44094693165806,243.46150155440824,93.91891891891892,0.3584054054054054,ELECTRICBIKESTATION,05-Sarrià-StGervasi/24-les Tres Torres,True,325,1000,1774994105,98221,34765,821,731,171,182,200,207,200,183,237,1552,85,488,837,113.9,207,456,27,295,1552,707.71,457.84,41.9,3.3,,4.365319078420303,0,22,4.262923377473309,0,23,1.0545023696682465,1.853080568720379,0.1897964816704477,0.8272497129904919,0.1853444946727526
326,"C/ BALMES, 409","C/ BALMES, 409",8022.0,32,801905035,Sant Gervasi - la Bonanova,0.0714637509850275,0.2841382415850501,0.6967240797028031,0.0,0.0,2.2868400315208826,27.178205561184285,8883,10,3,79.5680445641706,3,1,198.09080055011245,0,0,1737.183763834421,79,0.0,685.062605897922,129.02702702702703,0.0774864864864864,ELECTRICBIKESTATION,05-Sarrià-StGervasi/25-Sant Gervasi - la Bonanova,True,326,1000,1774994105,98221,34765,503,478,143,109,82,97,145,128,230,981,43,362,529,153.7,116,479,31,328,981,469.9,321.77,30.41,3.3,,3.2707021970721453,0,24,3.68118234026445,5,32,0.3167848699763593,1.9700551615445232,0.1022094436585045,0.8493189237870089,0.115036948133264
327,"C/ REUS, 23","C/ REUS, 23",8022.0,24,801905043,Sant Gervasi - la Bonanova,0.1110985957798302,0.2788916422617706,0.6340391980175715,0.0,0.0,2.666366298715927,19.716152286551026,8878,16,7,84.92800224857322,2,1,387.7865169900621,0,0,1588.6330196705785,128,0.0,353.1990431525883,130.76315789473685,-0.7346842105263157,ELECTRICBIKESTATION,05-Sarrià-StGervasi/25-Sant Gervasi - la Bonanova,True,327,1000,1774994105,55005,23574,753,623,148,192,207,173,221,148,168,1376,59,510,712,83.5,299,300,27,260,1376,412.8,357.76,37.15,3.3,,3.160741514050667,0,17,3.247284699669264,5,24,0.0429150709619283,2.6234512277539985,0.131697563085444,0.8215063452729593,0.1353035291528866
328,"C/ ARTESA DE SEGRE, 2","C/ ARTESA DE SEGRE, 2",8022.0,27,801905044,Sant Gervasi - la Bonanova,0.1087910329611102,0.3263983628922237,0.681218735788995,0.0,0.0069349704411095,2.9373578899499773,22.201455206912232,8796,24,7,36.6842770503369,2,1,498.7111479889969,0,0,1394.497004476949,108,382.8709714577536,230.86954321689856,120.05405405405403,0.3146486486486486,ELECTRICBIKESTATION,05-Sarrià-StGervasi/25-Sant Gervasi - la Bonanova,True,328,1000,1774994105,59313,24686,658,560,118,169,174,199,155,141,123,1218,65,453,588,95.1,248,307,24,275,1218,373.93,334.95,29.23,3.3,,4.445212999682743,0,21,5.385481729535841,1,27,1.3739199636198272,1.56343792633015,0.1646375185067678,0.8222761187745271,0.1994622862791062
329,"C/ DE LES ESCOLES PIES, 99","C/ DE LES ESCOLES PIES, 99",8017.0,27,801905030,les Tres Torres,0.1723109449918828,0.2138407520670517,0.5843243855476271,0.00113263110205,0.0149507305470608,4.652395514780836,21.034771774832937,8829,11,7,66.5336852995397,0,0,550.0852280344728,0,0,1542.8021178707188,85,212.89906730809227,207.9741576341632,130.54285714285714,0.0571714285714285,ELECTRICBIKESTATION,05-Sarrià-StGervasi/24-les Tres Torres,True,329,1000,1774994105,98221,34765,706,614,232,162,112,181,197,139,170,1320,44,418,663,163.3,102,468,23,352,1320,617.76,464.64,30.36,3.3,,6.255149232116432,0,26,6.271897074753641,0,26,0.3699173179295503,4.282478196851286,0.2316721937820907,0.7790656212901088,0.2322924842501353
33,"C/ PONTEVEDRA, 58B | C/ JUDICI","C/ PONTEVEDRA, 58B | C/ JUDICI",8003.0,21,801901032,la Barceloneta,0.708382925338566,0.0002251745102454,0.0121594235532537,0.1026795766719207,0.4990993019590182,14.876041432109885,4.215492006304887,8882,29,8,165.1814612047258,0,0,722.4802547326258,0,0,1198.645282122104,133,434.25416447583655,168.5395984405946,7.542857142857143,-0.0175428571428571,ELECTRICBIKESTATION,01-CiutatVella/03-la Barceloneta,True,33,1000,1774994105,30477,15532,797,840,57,276,445,261,237,137,163,1637,261,726,656,46.4,823,260,83,219,1637,425.62,358.5,135.87,7.4,,4.27845819787031,0,20,4.217453030731505,0,19,11.837874352623285,3.0381670794866023,0.2037361046604909,0.2007377145859469,0.2008310967015002
330,"C/ PAU ALCOVER, 94","C/ PAU ALCOVER, 94",8017.0,27,801905026,les Tres Torres,0.1264437155173497,0.2665988010406063,0.6167854315122724,0.0,0.0036195000565546,3.4139803189684423,22.150887908607626,8841,14,6,143.2593549884924,2,1,462.75023754947966,0,0,1328.6272439202935,95,532.2350842945771,43.50278599151606,121.64102564102564,-0.4259487179487179,ELECTRICBIKESTATION,05-Sarrià-StGervasi/24-les Tres Torres,True,330,1000,1774994105,98221,34765,703,658,200,180,110,197,227,130,174,1361,59,446,650,150.9,123,472,26,360,1361,642.39,489.96,35.39,3.3,,4.602537565287664,0,24,4.647004527439679,1,27,0.5497115710892433,2.864268747879199,0.1704643542699135,0.8204032558743565,0.1721112787940622
331,"C/ CASTELLNOU, 65","C/ CASTELLNOU, 65",8017.0,31,801905023,les Tres Torres,0.1248431823884276,0.3052643444932927,0.6514485401871266,0.0,0.000563634314057,3.870138654041258,24.516289031676248,8871,15,5,76.81308724957688,8,2,255.2205216864149,0,0,917.1508561586196,73,1424.0413457135803,42.81666642665577,107.34285714285714,-0.2661714285714286,ELECTRICBIKESTATION,05-Sarrià-StGervasi/24-les Tres Torres,True,331,1000,1774994105,55164,22821,753,621,153,147,205,211,178,142,189,1374,76,508,661,86.5,238,375,33,224,1374,515.25,307.78,45.34,3.3,,5.682489567160308,0,28,5.753890857840224,1,31,0.9933491150941268,2.876789538947131,0.1833061150696868,0.7908480332798791,0.1856093825109745
332,"C/ DOCTOR ROUX, 86","C/ DOCTOR ROUX, 86",8017.0,27,801905027,les Tres Torres,0.1772624216717282,0.2199006098938332,0.563361192681274,0.0,0.0004517732098486,4.786085385136661,21.798735035012424,8854,9,4,183.65688223624144,8,2,266.6626038461995,0,0,1211.2864185709163,62,989.7495971950829,227.8003119089622,114.15789473684212,0.2048421052631578,ELECTRICBIKESTATION,05-Sarrià-StGervasi/24-les Tres Torres,True,332,1000,1774994105,98221,34765,688,620,208,180,99,181,200,133,173,1308,55,425,661,162.3,148,497,19,305,1308,650.08,398.94,24.85,3.3,,6.032133218586422,0,24,5.998732365737936,2,27,1.6466004065958888,3.1394849785407724,0.2234123414291271,0.807360556852312,0.2221752728051095
333,"PASSATGE DE SENILLOSA, 3-5","PASSATGE DE SENILLOSA, 3-5",8034.0,27,801905015,Sarrià,0.1101874838051773,0.1800947867298578,0.5902730760550666,0.0,0.0,2.975062062739788,21.43805010155721,8862,16,5,49.881755379233496,6,2,335.59539200380675,0,0,840.4744780163393,97,389.4918598321117,134.9715340200307,107.23076923076924,0.0214615384615384,ELECTRICBIKESTATION,05-Sarrià-StGervasi/23-Sarrià,True,333,1000,1774994105,68824,26270,782,679,222,139,174,233,194,159,160,1461,80,502,685,93.5,248,335,16,231,1461,489.44,337.49,23.38,2.8,,3.1698252994891933,0,22,3.3535507815705263,3,27,0.4291356352967727,2.545926427443016,0.1174009370181182,0.79400185561323,0.1242055845026119
334,"PG. BONANOVA, 100","PG. BONANOVA, 100",8017.0,26,801905008,Sarrià,0.1507349117759212,0.2709553853086976,0.6270842721946823,0.000788643533123,0.0190401081568274,3.919107706173952,19.716538981523207,8876,26,9,49.44963634521794,8,2,339.0095080910456,0,0,1454.0380083774803,105,833.7980875956122,14.402725103725189,128.0,0.1887837837837837,ELECTRICBIKESTATION,05-Sarrià-StGervasi/23-Sarrià,True,334,1000,1774994105,97195,34765,832,746,224,174,171,261,234,150,180,1578,103,520,760,98.2,259,355,36,247,1578,560.19,389.77,56.81,2.8,,5.6420745293971,0,24,5.70039595439675,0,26,0.1621225777377196,3.756985128436233,0.2170028665152726,0.7583284223662773,0.2192459982460291
335,"C/ SANTA AMÈLIA, 2","C/ SANTA AMÈLIA, 2",8034.0,27,801905017,Sarrià,0.1479504758598744,0.1769070554543087,0.5304608174954439,0.0,0.0,3.99466284821661,20.17065868263473,7682,15,4,44.19659165551189,0,0,584.1476375933527,0,0,678.1663598397829,78,0.0,376.5639273721487,100.6842105263158,0.0044736842105263,ELECTRICBIKESTATION,05-Sarrià-StGervasi/23-Sarrià,True,335,1000,1774994105,98221,34765,772,672,204,156,171,188,219,182,198,1444,44,441,791,121.5,199,513,35,350,1444,740.77,505.4,50.54,2.8,,4.722294214157918,0,22,4.680736191981771,3,27,0.9910179640718564,3.003644884144754,0.1748997857095523,0.7470614326901752,0.1733605997030279
336,"AV. JOSEP VICENÇ FOIX, 52","AV. JOSEP VICENÇ FOIX, 52",8034.0,23,801905006,Sarrià,0.2098454499037743,0.2013324299909665,0.502710027100271,0.0010162601626016,0.0215672990063233,4.8264453477868114,15.888324299909666,8856,10,3,85.66305742228151,2,1,449.1760899146776,0,0,908.485549118021,59,0.0,379.7201113163218,110.13157894736842,-0.5101052631578947,ELECTRICBIKESTATION,05-Sarrià-StGervasi/23-Sarrià,True,336,1000,1774994105,98221,34765,863,852,302,231,119,248,270,183,196,1715,132,590,808,146.6,378,493,29,304,1715,845.5,521.36,49.74,2.8,,5.266132981434616,0,22,5.390798282677475,0,23,1.3172990063233965,3.5091463414634148,0.228962303540635,0.6907967086917246,0.2343825340294548
337,"C/ CARME KARR, 12-14","C/ CARME KARR, 12-14",8034.0,23,801905010,Sarrià,0.1154615968342407,0.2496193042052243,0.6433173245870915,0.0,0.0002342743352465,2.6556167271875366,19.089258521728944,8537,26,7,86.25964295880081,8,2,120.87404041277256,0,0,1283.7858404997885,109,230.3723954108247,281.39722172394875,126.35135135135135,-0.2831891891891891,ELECTRICBIKESTATION,05-Sarrià-StGervasi/23-Sarrià,True,337,1000,1774994105,62171,24335,751,682,196,142,122,279,182,143,207,1433,72,500,676,82.9,241,336,42,248,1433,481.49,355.38,60.19,2.8,,3.151283808430449,0,21,3.2454998222692715,2,23,0.1123345437507321,2.5432821834368045,0.1370123394969763,0.829967761814302,0.141108687924751
338,"AV. JOSEP VICENÇ FOIX, 63","AV. JOSEP VICENÇ FOIX, 63",8034.0,36,801905006,Sarrià,0.0945617137625264,0.3139180494412462,0.6549271926854047,0.0004515182300485,0.0057568574331188,3.404221695450954,30.78801219099221,8859,25,6,50.285747960756055,2,1,120.51100790813152,0,0,1231.4339378374434,94,0.0,411.6599505162034,120.94871794871794,0.4125641025641026,ELECTRICBIKESTATION,05-Sarrià-StGervasi/23-Sarrià,True,338,1000,1774994105,98221,34765,863,852,302,231,119,248,270,183,196,1715,132,590,808,146.6,378,493,29,304,1715,845.5,521.36,49.74,2.8,,5.195538428806533,0,33,5.710778618045566,0,36,0.3925951010272039,3.01162659442375,0.1443205119112924,0.8552225608608948,0.1586327393901543
339,"C/ RAMON TURRÓ, 246","C/ RAMON TURRÓ, 246",8005.0,27,801910071,el Poblenou,0.7163975798903597,0.0011281588447653,0.0037229241877256,0.0647563176895306,0.444268953068592,19.34273465703971,5.435807761732852,8864,14,11,163.49727664203488,1,1,277.44684609312344,0,0,669.9668307206656,251,1635.1906700271502,1.784796342250311,10.105263157894736,0.0881578947368421,ELECTRICBIKESTATION,10-SantMartí/68-el Poblenou,True,339,1000,1774994105,50486,20015,894,855,172,199,222,260,313,272,167,1749,210,791,574,80.5,278,329,33,153,1749,575.42,267.6,57.72,5.2,,5.315232349018863,0,27,5.537859343884694,0,26,16.241087545126355,3.101647111913357,0.1968604573710688,0.201326213397513,0.2051059016253588
34,"C/ SANT PERE MÉS ALT, 4","C/ SANT PERE MÉS ALT, 4",8003.0,21,801901050,"Sant Pere, Santa Caterina i la Ribera",0.4647962054827558,0.0092290377039954,0.0485087225661226,0.0499718626899268,0.1537422622397299,9.760720315137872,8.435227912211593,8885,35,22,71.51640737207177,21,3,103.344314908845,0,0,1155.352145851958,383,1018.7121883696065,40.65779910618763,28.105263157894736,-0.3631052631578947,ELECTRICBIKESTATION,"01-CiutatVella/04-Sant Pere, Santa Caterina i la Ribera",True,34,1000,1774994105,30410,13534,761,771,89,317,392,232,169,132,123,1532,172,613,683,70.3,857,156,20,112,1532,238.99,171.58,30.64,,,4.745021460134261,0,21,4.834752133527344,0,19,7.672369161508159,2.088351153629713,0.2259534028635351,0.4016775196291234,0.2302262920727304
340,"C/ SANT ADRIÀ, 113","C/ SANT ADRIÀ, 113",8030.0,24,801909010,el Bon Pastor,0.5775350896945133,0.0032650303985588,0.0306237333933798,0.1078585904075658,0.2175185768970952,13.86084215266832,9.303422652555732,8882,16,6,35.74221530498424,1,1,15.012768718465294,0,0,1829.4979443510376,67,73.96687811243841,273.69927691175366,21.47222222222222,-0.2950277777777778,ELECTRICBIKESTATION,09-SantAndreu/59-el Bon Pastor,True,340,1000,1774994105,32710,13544,877,858,169,211,182,264,273,259,250,1735,484,910,189,76.5,209,333,54,102,1735,577.76,176.97,93.69,4.9,,6.504915734508895,0,24,6.418354879169251,0,24,9.350709299707272,4.5101328529610445,0.2710381556045373,0.3876426105231554,0.267431453298719
341,"PG. D'ENRIC SANCHIS, 33","PG. D'ENRIC SANCHIS, 33",8030.0,27,801909014,el Bon Pastor,0.4417114988849847,0.0343040914775772,0.1182776487403966,0.0083973557262819,0.0376987671967125,11.926210469894588,13.295158120421654,5597,14,7,39.84917387839277,1,1,266.2681360570758,0,0,1558.3871361388285,56,0.0,315.558390862102,18.363636363636363,0.0429090909090908,ELECTRICBIKESTATION,09-SantAndreu/59-el Bon Pastor,True,341,1000,1774994105,29576,11570,1309,1621,249,528,551,504,424,226,237,2930,1013,2678,547,58.0,3045,118,28,42,2930,345.74,123.06,82.04,4.9,,6.02304552225271,0,25,6.371543671727682,0,27,7.782562086832232,4.143648383062355,0.2230757600834335,0.4924132637193205,0.2359830989528776
342,"C/ ROC BORONAT, 134","C/ ROC BORONAT, 134",8018.0,43,801910042,el Parc i la Llacuna del Poblenou,0.427140336086048,0.0252195451474893,0.0702544471965773,0.048637694213015,0.0943481197928394,18.367034451700068,22.27482548975456,8882,22,11,76.77698675724297,1,1,446.1121562942457,4,1,203.35142500681877,189,1555.086728059861,133.22482994967064,9.578947368421051,0.3714473684210526,ELECTRICBIKESTATION,10-SantMartí/66-el Parc i la Llacuna del Poblenou,True,342,1000,1774994105,38142,15637,1618,1506,267,250,563,798,348,185,261,3124,388,1315,1176,74.6,1046,262,79,103,3124,818.49,321.77,246.8,5.3,,11.858782605443627,0,43,12.108069798158573,0,42,12.400810628236885,5.966223823463184,0.2757856419870617,0.5180191974361525,0.2815830185618275
343,CAMPANA DE LA MAQUINISTA (SAO PAULO I P,CAMPANA DE LA MAQUINISTA (SAO PAULO I PL. DE,8030.0,27,801909008,el Bon Pastor,0.5923290284523764,0.0160397605331526,0.0304981362250084,0.0920591889754885,0.2288489777476561,15.992883768214163,7.504122896193381,8853,17,7,35.487704144167296,0,0,539.8344663578027,0,0,2252.019173339902,90,583.6607773576927,67.06854185070448,20.894736842105264,-0.0389473684210526,ELECTRICBIKESTATION,09-SantAndreu/59-el Bon Pastor,True,343,1000,1774994105,53554,19072,924,933,403,123,141,516,306,91,72,1857,112,784,559,81.5,141,400,27,126,1857,742.8,233.98,50.14,4.9,,6.284727754321004,0,26,5.8709873906407815,0,24,10.575737038292104,5.41714672992206,0.232767694604482,0.2779304776367918,0.2174439774311399
344,"C/ CIUTAT D'ASUNCIÓN, 73 / POTOSÍ","C/ CIUTAT D'ASUNCIÓN, 73 / POTOSÍ",8030.0,27,801909007,Baró de Viver,0.5166541541541542,0.0051801801801801,0.0593468468468468,0.0382882882882882,0.1141891891891891,13.949662162162165,11.730067567567568,8880,17,5,145.60424986857026,0,0,746.3854563663721,0,0,2689.3724123248435,90,537.2700564940087,12.474634625319004,21.394736842105264,-0.1140263157894736,ELECTRICBIKESTATION,09-SantAndreu/58-Baró de Viver,True,344,1000,1774994105,26095,10426,663,627,142,165,164,245,191,144,99,1290,376,628,95,66.9,244,282,50,121,1290,363.78,156.09,64.5,5.9,,7.2547524841214495,0,27,7.282886057261998,0,26,5.079842342342342,8.86981981981982,0.2686945364489427,0.4344469469469469,0.2697365206393331
345,PL. TERESA DE CLARAMUNT/C/ DELS FERROCA,PL. TERESA DE CLARAMUNT/C/ DELS FERROCARILS,8038.0,32,801903037,la Marina de Port,0.4263360072308214,0.0349113094565585,0.1336572138741385,0.0337814936165405,0.126313410914021,13.642752231386284,15.876737091854029,8851,30,8,93.64511937789588,2,1,306.2213546638278,0,0,2851.3478623944666,108,1561.0787699224943,205.15506643879348,28.92105263157895,0.0798421052631579,ELECTRICBIKESTATION,03-Sants-Montjuïc/13-la Marina de Port,True,345,1000,1774994105,40350,16232,498,464,84,141,109,98,213,185,91,962,166,569,178,63.7,121,343,39,134,962,329.97,128.91,37.52,7.2,,9.058506521594346,0,32,9.76790848529438,0,32,6.819907355101119,6.822844876285165,0.2830783287998233,0.4961480341204383,0.3052471401654493
346,"PG. ZONA FRANCA, 182","PG. ZONA FRANCA, 182",8038.0,36,801903035,la Marina de Port,0.4086153189137589,0.0061044539905041,0.0359484512774135,0.0130002260908885,0.071896902554827,14.71015148089532,19.573931720551663,8846,26,7,84.10612806690226,2,1,39.70776700902638,0,0,2934.1281531475925,182,1193.066701666643,18.44149473556847,19.102564102564106,-0.1455384615384615,ELECTRICBIKESTATION,03-Sants-Montjuïc/13-la Marina de Port,True,346,1000,1774994105,39118,15421,1102,1033,158,260,248,314,300,386,329,2135,558,1125,376,82.7,420,314,35,166,2135,670.39,354.41,74.73,7.2,,9.060208309237982,0,35,9.2508362028938,0,36,7.147863441103324,7.562288039791996,0.251672453034389,0.5437203255708795,0.2569676723026066
347,"C/ ALTS FORNS, 77","C/ ALTS FORNS, 77",8038.0,32,801903034,la Marina de Port,0.4914788752256318,0.0034972924187725,0.036326714801444,0.0366651624548736,0.0993907942238267,15.727324007220217,14.396660649819497,8864,29,9,61.65400504076711,4,1,276.474371415298,0,0,3207.9070297510166,159,986.3333583612396,158.9870795244467,20.94117647058824,-0.2642647058823529,ELECTRICBIKESTATION,03-Sants-Montjuïc/13-la Marina de Port,True,347,1000,1774994105,35738,14373,747,688,116,188,191,200,230,260,152,1435,356,768,223,76.0,295,321,59,172,1435,460.64,246.82,84.66,7.2,,8.591365996500436,0,32,8.266950667177579,0,32,7.583370938628159,8.143953068592058,0.2684801873906386,0.4498956453068592,0.2583422083492993
348,JARDINS DE CAN FERRERO/PG.DE LA ZONA FR,JARDINS DE CAN FERRERO/PG.DE LA ZONA FRANCA,8038.0,33,801903031,la Marina de Port,0.3590610328638497,0.0367323943661971,0.1494084507042253,0.0252394366197183,0.0627605633802816,11.849014084507042,19.11087323943662,8875,33,9,22.86555822556587,4,1,145.07441867889375,0,0,3364.9099121795616,89,1216.96089867195,10.72802422235782,13.666666666666666,0.1373333333333333,ELECTRICBIKESTATION,03-Sants-Montjuïc/13-la Marina de Port,True,348,1000,1774994105,34605,14441,1166,1112,234,241,260,323,358,390,313,2278,586,1172,311,77.2,304,326,40,152,2278,742.63,346.26,91.12,7.2,,8.92464432967656,0,33,8.808782399783373,0,33,4.926422535211268,6.922591549295775,0.2704437675659569,0.5791173708920189,0.2669327999934357
349,"C/ DE L'ENERGIA, 2 / ALTS FORNS","C/ DE L'ENERGIA, 2 / ALTS FORNS",8038.0,32,801903029,la Marina de Port,0.4596562711482066,0.0159034513873223,0.0627114820663207,0.0347394540942928,0.0956462891946763,14.709000676742612,15.239341303857431,8866,2,1,218.070576614456,4,1,372.10342207882826,0,0,3075.281532629611,41,347.1897998402645,273.9765523750181,11.81081081081081,-0.1074594594594594,ELECTRICBIKESTATION,03-Sants-Montjuïc/13-la Marina de Port,True,349,1000,1774994105,34892,13990,581,585,109,148,164,181,225,173,72,1166,314,636,190,77.3,176,259,27,122,1166,301.99,142.25,31.48,7.2,,8.502607156287144,0,33,8.760703663551553,0,33,4.731220392510715,9.977780284231898,0.2657064736339732,0.4762294157455448,0.273771989485986
35,"C/ SANT RAMON DE PENYAFORT, 1","C/ SANT RAMON DE PENYAFORT, 1",8930.0,54,801910081,el Besòs i el Maresme,0.514282556010228,0.0,0.0029282576866764,0.0179074220069827,0.0908886135826106,27.771258024552317,23.172429327626983,8879,6,4,115.68885518096928,2,1,384.7511299646101,2,1,195.3525110777119,25,1162.2428295178377,38.638784850227296,7.409090909090909,0.0452272727272727,ELECTRICBIKESTATION,10-SantMartí/70-el Besòs i el Maresme,True,35,1000,1774994105,33850,13150,1020,1060,220,281,336,374,306,198,177,2080,445,1022,444,75.0,812,237,25,94,2080,492.96,195.52,52.0,6.3,,13.23070807145535,1,54,13.191063975679732,0,51,14.643315688703684,13.127942335848632,0.2450131124343578,0.4291190616227219,0.2442789625125873
350,"C/ LONDRES, 63","C/ LONDRES, 63",8036.0,31,801902107,l'Antiga Esquerra de l'Eixample,0.1441309255079007,0.2197516930022573,0.5275395033860045,0.0006772009029345,0.0011286681715575,4.468058690744921,23.61918735891648,8860,45,20,66.51243860882636,2,1,421.520437894833,6,3,427.3219436368732,282,2628.350609335743,7.84328689732778,61.86842105263158,0.1617631578947368,ELECTRICBIKESTATION,02-Eixample/08-l'Antiga Esquerra de l'Eixample,True,350,1000,1774994105,55974,24473,828,704,149,172,233,219,220,179,243,1532,99,569,780,104.1,320,323,32,211,1532,494.84,323.25,49.02,4.2,,5.31661464743725,0,26,5.607462193828774,0,30,2.162076749435666,2.305981941309255,0.1715036983044269,0.761909269642467,0.1808858772202825
351,"C/ JANE ADDAMS, 26/ CRTA. DEL PRAT","C/ JANE ADDAMS, 26/ CRTA. DEL PRAT",8038.0,33,801903028,la Marina de Port,0.4439071203412463,0.0052969683308914,0.0731432435478417,0.0446297757241068,0.0802434351403133,14.648934971261127,17.766257184717684,8873,44,21,109.7757308429525,2,1,316.5189154548752,0,0,2624.714851450216,77,1461.7245429538384,134.87959912442437,15.035714285714286,0.5098928571428571,ELECTRICBIKESTATION,03-Sants-Montjuïc/13-la Marina de Port,True,351,1000,1774994105,42402,17225,1291,1266,365,270,288,497,445,202,229,2557,374,1096,764,79.6,595,278,32,131,2557,710.85,334.97,81.82,7.2,,9.193488161502428,0,33,9.364543867863794,0,33,5.779555956271836,8.869379014989294,0.2785905503485581,0.5383714298399298,0.2837740566019324
352,"C/RADI,10/GRAN VIA DE LES CORTS CATALA","C/RADI,10/GRAN VIA DE LES CORTS CATALANES",8038.0,28,801903028,la Marina de Port,0.3666669353668563,0.017040966030922,0.1015686717074822,0.0313734341496445,0.0638754090960388,10.266674190271978,15.327615393296467,8861,52,21,52.09116360500001,2,1,491.4840183392059,0,0,2449.6099287642983,50,1290.6241742575946,124.35696721835144,16.294117647058822,0.3523529411764705,ELECTRICBIKESTATION,03-Sants-Montjuïc/13-la Marina de Port,True,352,1000,1774994105,42402,17225,1291,1266,365,270,288,497,445,202,229,2557,374,1096,764,79.6,595,278,32,131,2557,710.85,334.97,81.82,7.2,,6.795039095394856,0,27,7.040514266831042,0,28,3.4867396456381896,6.779934544633789,0.2426799676926731,0.5474148354748738,0.2514469381011092
353,C/ MUNNÉ  2-6,C/ MUNNÉ  2-6,8028.0,31,801903080,Sants - Badal,0.38868747315468,0.0674791243511622,0.1774994357932746,0.0590160234709997,0.1565109456104716,12.04931166779508,15.059241706161137,8862,19,11,41.79294756483272,3,1,342.0673852567132,0,0,916.5440091074618,155,556.1087570505957,30.310623605372125,50.80769230769231,0.257576923076923,ELECTRICBIKESTATION,03-Sants-Montjuïc/17-Sants - Badal,True,353,1000,1774994105,37495,16015,794,646,102,192,219,216,205,202,204,1440,284,730,404,69.0,329,278,15,119,1440,400.32,171.36,21.6,4.6,,9.135955713962847,0,31,9.064427870767052,0,29,2.420898217106748,9.628413450688331,0.2947082488375117,0.485781990521327,0.2924008990570023
354,"RAMBLA DEL BRASIL, 5","RAMBLA DEL BRASIL, 5",8028.0,27,801903083,Sants - Badal,0.3719494364655655,0.0982404692082111,0.2286262124971802,0.0942928039702233,0.1353485224452966,10.042634784570268,14.403338596886984,8866,25,6,94.20072247734824,6,2,222.53581454484043,0,0,1364.4419082035588,214,0.0,364.06362941628777,41.12820512820513,0.0429230769230769,ELECTRICBIKESTATION,03-Sants-Montjuïc/17-Sants - Badal,True,354,1000,1774994105,40096,17304,684,618,70,153,215,208,151,221,185,1302,193,614,420,71.4,256,292,26,134,1302,380.18,174.47,33.85,4.6,,8.24017563737866,0,27,8.29919682424315,0,27,2.563388224678547,7.479246559891721,0.3051916902732829,0.5334569850698883,0.3073776601571538
355,"C/ RIERA BLANCA, 123","C/ RIERA BLANCA, 123",8028.0,27,801903072,Sants - Badal,0.4256430543326144,0.0513380039049041,0.1835304927070173,0.0099919604915585,0.2124727230963592,11.492362466980593,11.973125071781324,8707,3,2,39.615456456568296,4,2,458.16538408495,0,0,1495.885463492485,76,0.0,492.4377694486024,35.95,-0.0898,ELECTRICBIKESTATION,03-Sants-Montjuïc/17-Sants - Badal,True,355,1000,1774994105,32837,14622,665,612,102,160,208,219,170,175,149,1277,251,598,360,59.6,306,222,19,117,1277,283.49,149.41,24.26,4.6,,8.056801009791519,0,26,8.185954133760857,0,27,2.030550132077639,9.461812334902952,0.2984000373996856,0.4434490767326416,0.3031834864355871
356,"C/ CAMÈLIES, 73","C/ CAMÈLIES, 73",8024.0,35,801907019,el Baix Guinardó,0.2133417101617372,0.2062471808750564,0.4070816418583671,0.0051871898962562,0.0154488046910239,7.466959855660803,25.05514208389716,8868,41,11,42.95990084312432,3,1,252.07871599345452,0,0,1701.9995047025957,120,1198.7044188008028,11.573101316583603,118.6842105263158,0.3266315789473684,ELECTRICBIKESTATION,07-Horta-Guinardó/33-el Baix Guinardó,True,356,1000,1774994105,42863,17923,723,697,126,161,216,253,187,166,206,1420,149,718,538,75.8,341,261,20,190,1420,370.62,269.8,28.4,5.2,,7.93122944444772,0,33,8.115607916836185,0,35,0.5241317095173658,6.942828146143437,0.226606555555649,0.7158612023970616,0.2318745119096059
357,"C/ CARDENER, 59","C/ CARDENER, 59",8024.0,27,801906026,la Salut,0.2061006596322581,0.1455446659907626,0.4192857947504788,0.0,0.0227554353948406,5.56471781007097,15.962374676129324,8877,27,7,113.59049771171006,0,0,642.3312824728174,0,0,1561.2961960850112,90,287.69858144068866,12.5942864031473,102.72972972972973,0.4732972972972973,ELECTRICBIKESTATION,06-Gràcia/31-la Vila de Gràcia,True,357,1000,1774994105,46812,21054,532,450,77,116,185,152,111,108,164,982,90,422,462,80.7,246,247,13,155,982,242.55,152.21,12.77,5.2,,5.425081429747486,0,22,5.546004017422764,1,25,0.0795313732116706,5.4851864368593,0.2009289418424993,0.5911990620788637,0.2054075562008432
358,"C/ GOMBAU, 24","C/ GOMBAU, 24",8003.0,26,801901048,"Sant Pere, Santa Caterina i la Ribera",0.6319806953609771,0.0104760796182051,0.029449423815621,0.0826446280991735,0.2383890117564893,16.431498079385403,7.549295774647887,8591,11,7,7.136064662464024,4,2,363.9766308765172,0,0,837.6846128832328,374,352.895407311874,212.0818060069832,19.18421052631579,0.3012368421052631,ELECTRICBIKESTATION,"01-CiutatVella/04-Sant Pere, Santa Caterina i la Ribera",True,358,1000,1774994105,25955,11647,1016,1019,162,362,444,385,263,132,137,2035,370,827,664,62.4,1009,144,25,113,2035,293.04,229.96,50.88,,,6.4646746424546295,0,26,6.46252628710909,0,26,14.56733791176813,1.8641601676172737,0.2486413324021014,0.2903575297941495,0.2485587033503491
359,"C/ MÉNDEZ NÚÑEZ, 16","C/ MÉNDEZ NÚÑEZ, 16",8003.0,26,801901052,"Sant Pere, Santa Caterina i la Ribera",0.4458564206619668,0.0077781535339871,0.0565888851313267,0.0362980498252733,0.122985007327246,11.592266937211138,10.622703190170215,8871,56,26,60.071931874635766,11,3,213.0622046776344,0,0,898.6524674676652,282,1424.5151717240549,10.313268171212988,29.83783783783784,-0.1664864864864864,ELECTRICBIKESTATION,"01-CiutatVella/04-Sant Pere, Santa Caterina i la Ribera",True,359,1000,1774994105,44209,19034,1184,1244,211,448,507,421,320,201,172,2428,193,791,1162,106.5,1072,243,39,153,2428,590.0,371.48,94.69,,,6.095428910996107,0,26,6.059142817039633,0,26,8.523729004621801,3.068537932589336,0.2344395734998496,0.4085655073142391,0.2330439545015244
36,"AV. DE LA CATEDRAL, 6","AV. DE LA CATEDRAL, 6",8002.0,21,801901025,el Barri Gòtic,0.5259591622306921,0.0162107396149949,0.0925363053022627,0.1353146459529438,0.3530338849487786,11.045142406844535,6.147134976922211,8883,21,8,59.73465539042256,3,1,201.8766551542628,0,0,1141.5248044542311,553,593.8998343824585,40.39570425252382,26.97435897435897,-0.2435384615384615,ELECTRICBIKESTATION,01-CiutatVella/02-el Barri Gòtic,True,36,1000,1774994105,33298,14845,612,644,71,301,328,183,143,101,68,1256,97,553,625,84.3,752,1219,908,473,1256,1531.06,594.09,1140.45,4.3,,5.046740526852844,0,19,5.430557856590055,0,20,9.66531577169875,1.3798266351457842,0.2403209774691824,0.2927207131867719,0.2585979931709551
360,"C/ BAILÉN, 62","C/ BAILÉN, 62",8009.0,30,801902069,la Dreta de l'Eixample,0.1750789711191336,0.0781814079422382,0.3740974729241877,0.0011281588447653,0.0062048736462093,5.252369133574007,21.1711416967509,8864,54,20,139.43320095330012,3,2,173.0234701837055,0,0,553.528224659692,307,2714.4643974671844,25.49354379483153,37.68421052631579,0.0743157894736842,ELECTRICBIKESTATION,02-Eixample/07-la Dreta de l'Eixample,True,360,1000,1774994105,51046,22385,702,594,119,176,199,208,166,170,156,1296,100,456,697,100.5,372,304,22,175,1296,393.98,226.8,28.51,4.2,,5.249376856236149,0,27,5.977763319028471,0,30,3.1192463898916967,2.1331227436823106,0.1749792285412047,0.7057047232250301,0.199258777300948
361,PG. DE COLOM (LES RAMBLES),PG. DE COLOM (LES RAMBLES),8039.0,33,801901030,el Barri Gòtic,0.5880495091762697,0.016,0.0419154929577464,0.0422535211267605,0.1710422535211267,19.4056338028169,11.755042253521127,8875,26,7,29.52994381206552,3,1,252.66642251148576,0,0,1647.3891308594768,100,1830.0628784804,5.307809269099214,9.580645161290322,0.5488387096774193,ELECTRICBIKESTATION,01-CiutatVella/02-el Barri Gòtic,True,361,1000,1774994105,31201,12469,1172,1237,165,510,497,388,302,205,198,2409,393,1028,839,93.6,1264,192,60,220,2409,462.53,529.98,144.54,4.3,,8.908252703436931,0,32,9.488065061873272,0,33,17.994591549295773,1.4110422535211269,0.2699470516193012,0.3562134016218523,0.2875171230870699
362,"C/ BAILÉN, 100","C/ BAILÉN, 100",8009.0,32,801902065,la Dreta de l'Eixample,0.1920713682432432,0.0823198198198198,0.3433558558558559,0.0,0.0051801801801801,6.146283783783784,22.79527027027027,8880,33,10,81.10320374528177,7,3,222.29534672123748,3,1,311.8366604897522,357,2695.7667786155475,46.1927252038418,43.86842105263158,-0.0747105263157894,ELECTRICBIKESTATION,02-Eixample/07-la Dreta de l'Eixample,True,362,1000,1774994105,48394,20692,917,827,127,262,308,285,267,189,179,1744,126,560,910,98.1,543,255,94,163,1744,444.72,284.27,163.94,4.2,,5.928174830988628,0,29,6.21510464710378,1,32,3.0547297297297296,3.091554054054054,0.1852554634683946,0.7123521959459459,0.1942220202219931
363,"C/ BRUC, 20","C/ BRUC, 20",8010.0,24,801902076,la Dreta de l'Eixample,0.4608711385365482,0.0162267169466346,0.0619357787681407,0.0285681636384413,0.1132442006627814,11.060907324877157,10.559250371386128,8751,72,30,99.99568875620616,7,3,109.42226772408584,0,0,1026.11429943456,238,2467.053470919512,116.32825976355907,33.63157894736842,0.0224473684210526,ELECTRICBIKESTATION,02-Eixample/07-la Dreta de l'Eixample,True,363,1000,1774994105,66463,26807,809,741,146,227,236,231,253,169,177,1550,81,493,901,134.7,537,333,107,191,1550,516.15,296.05,165.85,4.2,,5.537617191493519,0,24,5.935953683708761,0,24,8.34807450577077,2.712832819106388,0.2307340496455638,0.4399687654744219,0.2473314034878651
364,"PG. DE GRÀCIA, 61","PG. DE GRÀCIA, 61",8007.0,33,801902081,la Dreta de l'Eixample,0.2417410493162945,0.1981738248224551,0.4569947018374478,0.0114981400067636,0.0508398151279449,7.9774546274377185,22.035058054334343,8871,36,13,34.01616439887371,25,4,182.83282220417348,0,0,693.6915911652518,384,2425.1089543296207,24.35323498070366,49.8235294117647,0.3327941176470588,ELECTRICBIKESTATION,02-Eixample/07-la Dreta de l'Eixample,True,364,1000,1774994105,59415,26267,1086,969,158,338,370,258,297,252,256,2055,99,664,1188,124.3,728,525,132,297,2055,1078.88,610.33,271.26,4.2,,9.274271857180448,0,31,9.341522734876357,0,32,2.6293540750760904,5.348100552361628,0.2810385411266804,0.6677290319495256,0.2830764465114053
365,"C/ VILADOMAT, 244","C/ VILADOMAT, 244",8029.0,31,801902110,la Nova Esquerra de l'Eixample,0.136883735496981,0.11402122375254,0.4157823436441634,0.0,0.0,4.243395800406412,24.052269135244977,8858,12,4,76.94876873585125,3,1,365.32433522611,0,0,598.850952190773,181,1694.0654897461714,107.0430597951474,51.55263157894737,0.2977368421052631,ELECTRICBIKESTATION,02-Eixample/09-la Nova Esquerra de l'Eixample,True,365,1000,1774994105,45731,20865,944,830,152,235,324,307,221,200,190,1774,123,669,875,79.3,497,286,43,184,1774,507.36,326.42,76.28,4.9,,3.8806462090641096,0,23,4.417405290808239,5,31,0.7106570331903365,3.532738767216076,0.1251821357762615,0.7758796495240315,0.1424969448647834
367,"C/ MARQUÈS DE SENTMENAT, 46","C/ MARQUÈS DE SENTMENAT, 46",8029.0,32,801904002,les Corts,0.1754577464788732,0.1344225352112676,0.3910985915492957,0.0,0.0,5.614647887323944,23.32169014084507,8875,25,9,43.14142072061299,4,1,355.0239503743093,0,0,619.924168754414,215,1457.837717518457,12.213753882543926,61.23684210526316,-0.1972631578947368,ELECTRICBIKESTATION,04-LesCorts/19-les Corts,True,367,1000,1774994105,52386,21695,951,875,165,200,228,273,251,290,278,1826,148,729,820,82.3,295,646,42,139,1826,1179.6,253.81,76.69,5.1,,5.760372422086692,0,27,6.122450573062653,3,32,1.027380281690141,4.587267605633802,0.1800116381902091,0.7288028169014085,0.1913265804082079
368,"C/ DIPUTACIÓ, 373","C/ DIPUTACIÓ, 373",8013.0,26,801902068,la Dreta de l'Eixample,0.1768424792872742,0.1378999549346552,0.4108832807570978,0.0,0.0098017124831004,4.59790446146913,18.223862100045064,8876,54,19,125.52496149850218,3,2,224.18663889610437,2,1,389.0590480949232,262,3592.9020935527487,4.841200326294295,38.1578947368421,-0.2713157894736842,ELECTRICBIKESTATION,02-Eixample/07-la Dreta de l'Eixample,True,368,1000,1774994105,46633,19626,807,735,100,217,309,245,167,208,171,1542,109,614,768,89.8,504,247,89,141,1542,380.87,217.42,137.24,4.2,,4.222140449395374,0,21,4.637947409126852,1,25,2.5360522757999098,2.0618521856692205,0.1623900172844377,0.7009177730786564,0.1783825926587252
369,"C/ CONSELL DE CENT, 482","C/ CONSELL DE CENT, 482",8013.0,27,801902020,el Fort Pienc,0.2400553383357163,0.1103518961393918,0.3205785218084501,0.0002277644915157,0.0137797517367042,6.481494135064343,16.928595831909806,8781,29,14,179.5315658445551,3,1,132.87380230269284,4,1,316.0918397785987,185,4938.153235674655,10.44389764206481,36.10526315789474,-0.0560526315789474,ELECTRICBIKESTATION,02-Eixample/05-el Fort Pienc,True,369,1000,1774994105,40405,18059,736,681,104,239,332,214,178,148,114,1417,131,593,733,71.6,649,228,24,154,1417,323.08,218.22,34.01,4.8,,5.472505753780893,0,23,6.006566543256281,0,27,2.3972212732035074,4.084272861860836,0.2026853982881813,0.6269850308114743,0.2224654275280098
37,PG. DE COLOM - VIA LAIETANA,PG. DE COLOM - VIA LAIETANA,8002.0,24,801901030,el Barri Gòtic,0.699644950405771,0.0,0.0007889990982867,0.1203787195671776,0.331605049594229,16.791478809738503,6.499661857529306,8872,48,16,30.48581070888944,4,2,323.2069452420828,0,0,1130.108222667592,239,2438.041070017228,3.404785672713262,9.405405405405403,0.3549729729729729,ELECTRICBIKESTATION,"01-CiutatVella/04-Sant Pere, Santa Caterina i la Ribera",True,37,1000,1774994105,31201,12469,1172,1237,165,510,497,388,302,205,198,2409,393,1028,839,93.6,1264,192,60,220,2409,462.53,529.98,144.54,4.3,,5.366200116091924,1,24,5.597316447468007,0,23,14.809963931469792,1.9815148782687104,0.2235916715038294,0.2708192440637211,0.2332215186444998
370,"C/ SARDENYA, 326","C/ SARDENYA, 326",8025.0,32,801902049,la Sagrada Família,0.1420438542136097,0.1356466876971608,0.4134745380802163,0.0005633168093735,0.001577287066246,4.545403334835512,24.781883731410545,8876,19,10,124.8422225706771,4,2,34.02154101040653,2,1,432.8619487126624,308,2183.234908677785,16.061147116160374,50.35135135135136,0.0395405405405405,ELECTRICBIKESTATION,02-Eixample/06-la Sagrada Família,True,370,1000,1774994105,39379,17545,1031,892,117,291,400,281,243,209,258,1923,251,810,840,68.1,760,233,22,150,1923,448.06,288.45,42.31,5.1,,4.468263076926704,0,30,4.725879924374601,0,32,1.1719242902208202,3.373479044614691,0.1396332211539595,0.7744338666065795,0.1476837476367062
371,"C/ DELS ENAMORATS, 49","C/ DELS ENAMORATS, 49",8013.0,36,801902024,la Sagrada Família,0.3531151888125883,0.06833277046043,0.164358887763143,0.0050658561296859,0.0227400652932567,12.71214679725318,20.81537768771811,8883,26,13,48.38101912842926,5,1,354.5111339478677,2,1,230.62047673914603,170,3341.7532783332776,23.212380658953165,36.23076923076923,-0.4223846153846153,ELECTRICBIKESTATION,02-Eixample/06-la Sagrada Família,True,371,1000,1774994105,39487,17186,565,487,52,158,230,153,139,138,111,1052,110,482,474,70.8,436,237,30,163,1052,249.32,171.48,31.56,5.1,,9.05166038131681,0,35,9.160059490419894,0,36,4.642913430147472,8.069233367105708,0.251435010592133,0.5782049357699476,0.2544460969561091
372,"C/ RIBES, 77","C/ RIBES, 77",8013.0,27,801902013,el Fort Pienc,0.4525399017802332,0.0098987108655616,0.0523710865561694,0.0105893186003683,0.0751611418047882,12.2185773480663,13.180593922651934,8688,20,12,81.77086208818194,5,2,322.7604729443745,12,3,318.8132922875069,102,3885.785802756696,4.426885980906032,23.102564102564106,-0.0353333333333333,ELECTRICBIKESTATION,02-Eixample/05-el Fort Pienc,True,372,1000,1774994105,37995,17082,559,520,103,160,242,177,146,104,83,1079,115,475,463,67.2,373,256,106,177,1079,276.22,190.98,114.37,4.8,,6.7015503586234,0,26,6.823699113443448,0,27,9.934737569060774,2.283839779005525,0.2482055688379045,0.4881701452834049,0.2527295967942022
373,"AV. PARAL.LEL, 132","AV. PARAL.LEL, 132",8015.0,30,801902171,Sant Antoni,0.5114973365994012,0.0080485244371865,0.0614720634550332,0.041059139157821,0.1670360433920447,15.344920097982037,12.703371048641085,8573,33,17,117.46990909401563,3,1,69.12070264637526,0,0,2430.3082326380386,292,1654.5822105030668,10.732891447824532,31.973684210526315,-0.013078947368421,ELECTRICBIKESTATION,02-Eixample/10-Sant Antoni,True,373,1000,1774994105,37974,16439,782,746,96,207,282,241,214,153,201,1528,220,688,537,77.7,518,208,22,123,1528,317.82,187.94,33.62,5.2,,8.480778074077165,0,30,8.528784348103226,0,30,9.930012830980989,5.41490726700105,0.2826926024692394,0.4234457016213694,0.2842928116034411
374,"PG. DE GRÀCIA, 89","PG. DE GRÀCIA, 89",8008.0,33,801902083,la Dreta de l'Eixample,0.2358482484005496,0.19812280900147,0.3568924573108673,0.0,0.00836820083682,7.782992197218139,23.06366617663689,8843,40,18,35.610111673432,19,4,155.09861041503137,0,0,646.8642422274813,373,2335.6982711306227,34.91544935782678,57.21052631578947,-0.2226842105263158,ELECTRICBIKESTATION,02-Eixample/07-la Dreta de l'Eixample,True,374,1000,1774994105,66319,28846,963,871,169,341,292,280,219,181,232,1834,85,596,1098,121.9,690,646,308,285,1834,1184.76,522.69,564.87,4.2,,7.264313546619767,0,30,7.637772921652724,1,33,4.9670926156281805,2.8158995815899583,0.2201307135339325,0.6988989750496026,0.2314476642925067
375,WORLD TRADE CENTER,WORLD TRADE CENTER,8039.0,43,801901001,el Raval,0.3040392509418591,0.1608661149529532,0.3359029588482031,0.0225598004761364,0.0558893549484185,13.073687790499942,29.37875524316971,8821,3,2,77.32148126883541,0,0,645.2184482886495,0,0,1977.484524603303,12,0.0,303.26284058285273,8.666666666666666,0.0232916666666666,ELECTRICBIKESTATION,01-CiutatVella/01-el Raval,True,375,1000,1774994105,30768,12551,583,689,85,205,290,206,160,86,122,1272,240,526,375,76.7,603,288,139,410,1272,366.34,521.52,176.81,7.4,,13.499189960312446,0,43,13.622025892849496,0,43,5.776555946037864,7.297131844462079,0.313934650239824,0.6832268661202258,0.3167912998337087
376,WORLD  TRADE CENTER,WORLD  TRADE CENTER,8039.0,43,801901001,el Raval,0.2721398188118135,0.1995252091340719,0.3257969703820936,0.0231743160750621,0.0527922224734343,11.70201220890798,30.32760569749039,8846,3,2,79.68871100957324,0,0,652.0895764703779,0,0,1998.550728716571,12,30.030378816312247,297.0641329382429,8.75,-0.0780833333333332,ELECTRICBIKESTATION,01-CiutatVella/01-el Raval,True,376,1000,1774994105,30768,12551,583,689,85,205,290,206,160,86,122,1272,240,526,375,76.7,603,288,139,410,1272,366.34,521.52,176.81,7.4,,12.80301028136974,0,43,12.776341010632686,0,43,4.530748360841058,7.171263848066923,0.2977444251481338,0.7052931557555905,0.2971242095495969
377,PL. ICTÍNEO,PL. ICTÍNEO,8039.0,28,801901030,el Barri Gòtic,0.6759283963381081,0.0,0.0,0.0312828294618886,0.1093731761410061,18.925995097467023,8.481615501342361,8567,3,1,51.52402366175142,0,0,511.3946057263472,0,0,1303.755224078537,36,125.5154841149634,294.29563158461394,3.0,-0.087590909090909,ELECTRICBIKESTATION,01-CiutatVella/02-el Barri Gòtic,True,377,1000,1774994105,31201,12469,1172,1237,165,510,497,388,302,205,198,2409,393,1028,839,93.6,1264,192,60,220,2409,462.53,529.98,144.54,4.3,,4.154626901381108,8,28,4.540409972960753,0,20,17.335123146959262,1.5908719505077624,0.1483795321921819,0.3029148393336557,0.1621574990343126
378,"PL. JOAQUIM XIRAU I PALAU, 1","PL. JOAQUIM XIRAU I PALAU, 1",8002.0,21,801901030,el Barri Gòtic,0.5610003379520108,0.0,0.008561450940633,0.1096091021741579,0.3341218880252337,11.781007096992226,4.773234200743494,8877,19,7,97.69786862519204,5,1,222.46988322687872,0,0,1618.6276830558425,304,1469.6300477639518,225.68474591650508,19.685714285714287,-0.1943142857142857,ELECTRICBIKESTATION,01-CiutatVella/02-el Barri Gòtic,True,378,1000,1774994105,31201,12469,1172,1237,165,510,497,388,302,205,198,2409,393,1028,839,93.6,1264,192,60,220,2409,462.53,529.98,144.54,4.3,,3.740577433423691,1,20,3.748794615437805,0,16,10.303706207051931,1.477300889940295,0.1781227349249375,0.2272968667020711,0.1785140293065625
379,"AV. JOSEP TARRADELLAS, 27","AV. JOSEP TARRADELLAS, 27",8029.0,21,801903114,Sants,0.2552537572812409,0.0760306375309754,0.3481640009011038,0.013066005857175,0.0366073439963955,5.36032890290606,13.074678981752648,8878,25,13,17.992287745884738,9,4,170.1178516701803,0,0,958.7685392589884,164,2293.286712246217,21.714248162374748,51.0,0.0302894736842105,ELECTRICBIKESTATION,03-Sants-Montjuïc/18-Sants,True,379,1000,1774994105,53105,22436,738,666,111,192,211,173,187,209,241,1404,125,572,629,85.1,274,320,32,203,1404,449.28,285.01,44.93,4.6,,4.708445739989575,0,20,4.881535536026494,0,21,1.2866636629871593,4.073665239918901,0.2242117019042656,0.6226037610358403,0.2324540731441185
380,"C/ DURAN I BAS, 2","C/ DURAN I BAS, 2",8002.0,24,801901023,el Barri Gòtic,0.5293145643041585,0.0114464099895941,0.0339923690600069,0.0257833275523181,0.093768065672332,12.703549543299804,10.133078968666895,8649,35,13,190.9227322275776,39,7,244.0332400286499,0,0,1324.2582629899275,487,491.91248333074645,169.95985627399946,27.2972972972973,0.372972972972973,ELECTRICBIKESTATION,01-CiutatVella/02-el Barri Gòtic,True,380,1000,1774994105,34825,15904,926,952,108,366,481,271,243,173,148,1878,216,753,917,83.0,977,223,43,145,1878,418.79,272.31,80.75,4.3,,5.602359885726919,0,24,5.717888112053603,0,24,10.693490576945312,2.010058966354492,0.2334316619052887,0.4222116236944541,0.2382453380022333
381,"C/ AGUSTÍ DURAN I SANPERE, 10","C/ AGUSTÍ DURAN I SANPERE, 10",8001.0,41,801901018,el Raval,0.412769764123601,0.0041133455210237,0.0230804387568555,0.0014853747714808,0.0269652650822669,16.92356032906764,22.252056672760517,8752,6,1,93.11491738747462,20,5,422.2977519561697,0,0,1869.8550689227743,340,380.4059936267537,140.06275067556933,23.55263157894737,0.1053421052631579,ELECTRICBIKESTATION,01-CiutatVella/01-el Raval,True,381,1000,1774994105,30169,10776,706,742,146,250,271,255,193,116,108,1448,324,671,379,70.2,710,102,31,134,1448,147.7,194.03,44.89,7.4,,8.515943639108148,0,39,8.810541331456081,0,40,13.379113345521024,3.544446983546618,0.2077059424172721,0.5427330895795247,0.2148912519867337
382,"C/ LOPE DE VEGA, 79","C/ LOPE DE VEGA, 79",8005.0,27,801910070,el Poblenou,0.6193697695868132,0.0027416038382453,0.0122229837788439,0.1378798263650902,0.2989490518620059,16.722983778843957,7.518962759881197,8754,19,11,140.67794612881832,1,1,64.3641519071015,2,1,432.34073437846246,212,1714.400139841103,26.48684166812764,13.083333333333334,-0.0734166666666666,ELECTRICBIKESTATION,10-SantMartí/68-el Poblenou,True,382,1000,1774994105,39894,17694,839,746,139,207,278,299,237,164,146,1585,215,693,578,63.5,468,276,24,126,1585,437.46,199.71,38.04,5.2,,6.280099332433917,0,26,6.288463067996259,0,25,11.634224354580764,5.088759424263194,0.2325962715716253,0.2784801022178221,0.2329060395554168
383,"C/ NUMÀNCIA, 2","C/ NUMÀNCIA, 2",8029.0,24,801903113,Sants,0.2451790237163251,0.1470181901911121,0.4327653695602118,0.0231406861616394,0.0610177296799447,5.884296569191803,16.269168777342852,8686,36,12,26.658427759555558,15,4,23.883406048413068,0,0,1119.0197350629353,135,1804.3093240349892,11.123036382922,45.74285714285714,-0.3516571428571429,ELECTRICBIKESTATION,03-Sants-Montjuïc/18-Sants,True,383,1000,1774994105,53534,23793,751,684,121,204,215,204,201,193,206,1435,130,556,673,103.0,278,309,28,167,1435,443.42,239.64,40.18,4.6,,6.1723165832359,0,23,6.238667869617721,0,24,1.8176375777112597,4.066658991480543,0.2571798576348291,0.6778820323892855,0.2599444945674045
384,"C/ VILAMARÍ, 85","C/ VILAMARÍ, 85",8015.0,26,801902133,la Nova Esquerra de l'Eixample,0.2324475051389021,0.0924568722516631,0.3024016236328786,0.0,0.0065396324275566,6.043635133611455,17.389446386289322,8869,23,15,99.77565346852371,7,2,279.69649213299743,0,0,1309.2883511734674,149,2636.3616138110488,9.086279748442015,43.71052631578947,-0.0171842105263157,ELECTRICBIKESTATION,02-Eixample/09-la Nova Esquerra de l'Eixample,True,384,1000,1774994105,45568,20828,411,349,54,83,115,96,97,73,196,760,91,325,352,93.6,127,297,16,166,760,225.72,126.16,12.16,4.9,,5.015471251265447,0,21,5.340744443970783,1,26,1.3888826248731536,4.654752508738302,0.1929027404332864,0.6688248610111278,0.2054132478450299
385,"C/ CASANOVA, 119","C/ CASANOVA, 119",8036.0,30,801902099,l'Antiga Esquerra de l'Eixample,0.1909496057593417,0.086618672151754,0.3286481544966289,0.0,0.0014855445091989,5.728488172780254,21.14089818306479,8751,38,15,95.9094067464855,2,1,360.23251572768635,0,0,1116.6770767768826,243,2533.349766781188,33.44489739598113,46.388888888888886,0.3135555555555556,ELECTRICBIKESTATION,02-Eixample/08-l'Antiga Esquerra de l'Eixample,True,385,1000,1774994105,56357,23186,785,749,127,277,271,220,233,153,154,1534,102,534,752,101.5,405,234,27,225,1534,358.96,345.15,41.42,4.2,,4.979258555230045,0,26,5.143575993859098,1,30,2.7275739915438235,3.00091418123643,0.1659752851743344,0.7046966061021598,0.1714525331286362
386,AV. PARAL.LEL 164,AV. PARAL.LEL 164,8015.0,18,801902155,Sant Antoni,0.3587212212212212,0.0449324324324324,0.2597972972972973,0.0494369369369369,0.0966216216216216,6.456981981981982,9.71768018018018,8880,35,14,85.46517998842975,13,2,310.65763931077373,0,0,2205.698241426452,232,1435.6524960762529,19.385595800701072,35.51351351351352,0.2555675675675675,ELECTRICBIKESTATION,02-Eixample/10-Sant Antoni,True,386,1000,1774994105,41484,17507,877,812,128,208,269,291,228,194,261,1689,227,794,645,78.7,430,216,22,131,1689,364.82,221.26,37.16,5.2,,4.658752190178371,0,18,4.874124792125436,0,18,2.474099099099099,3.982882882882883,0.2588195661210207,0.5398711211211211,0.2707847106736357
387,"C/ NÀPOLS, 125","C/ NÀPOLS, 125",8013.0,32,801902007,el Fort Pienc,0.2403762245242653,0.0513455691926584,0.1853394887963067,0.0012385992568404,0.0039409976354014,7.6920391847764895,21.63900461659723,8881,34,19,77.24793945406334,8,3,280.1878871124911,0,0,616.4337283074747,180,2816.5727980178835,98.18248758609532,31.11111111111111,0.2779722222222222,ELECTRICBIKESTATION,02-Eixample/05-el Fort Pienc,True,387,1000,1774994105,51559,23045,630,537,82,144,222,192,126,158,172,1167,82,421,596,87.2,302,287,30,151,1167,334.93,176.22,35.01,4.8,,5.426979723159234,0,29,6.0938110015501605,0,32,4.748339150996509,2.94370003377998,0.169593116348726,0.6762188942686634,0.1904315937984425
388,"C/ RIERA ALTA, 6","C/ RIERA ALTA, 6",8001.0,35,801901014,el Raval,0.3788036117381489,0.0348758465011286,0.123589164785553,0.0146726862302483,0.0572234762979683,13.258126410835214,19.40496613995485,8860,6,1,63.68120530583393,2,1,335.1759276885228,0,0,1980.29074502292,291,410.7581052263129,131.5553818029584,25.35135135135135,-0.2057567567567567,ELECTRICBIKESTATION,01-CiutatVella/01-el Raval,True,388,1000,1774994105,29916,10901,869,1068,170,305,368,378,307,175,111,1937,403,808,390,61.9,858,91,22,86,1937,176.27,166.58,42.61,7.4,,9.083355975898955,0,34,9.015100534336051,0,34,7.884537246049661,5.373589164785553,0.2595244564542553,0.5544276039987102,0.2575743009810297
389,RECINTE PARC DE LA CIUTADELLA,RECINTE PARC DE LA CIUTADELLA,8003.0,27,801901043,"Sant Pere, Santa Caterina i la Ribera",0.6647386998561344,0.0,0.0007904245709123,0.059620596205962,0.1675700090334236,17.94794489611563,8.443654019873533,8856,0,0,301.1112461189204,3,2,419.7300505397175,8,2,316.61148129086587,126,257.30599231470705,249.71944149893204,13.0,-0.0077692307692307,ELECTRICBIKESTATION,"01-CiutatVella/04-Sant Pere, Santa Caterina i la Ribera",True,389,1000,1774994105,42945,19719,777,825,84,247,413,314,180,130,106,1602,126,521,831,81.9,741,223,83,3552,1602,357.25,5690.3,132.97,,,5.600808631190657,2,27,5.64866212285663,0,24,15.974480578139117,1.973464317976513,0.2074373567107637,0.3127279266619826,0.2092097082539485
39,PL. PAU VILA (D),PL. PAU VILA (D),8039.0,44,801901032,la Barceloneta,0.7970874283374284,0.0,0.0043918918918918,0.1986486486486486,0.4439189189189189,35.071846846846846,7.206418918918919,8880,47,14,132.90367765484518,2,2,145.5673811734999,0,0,854.1470194018245,160,1224.817630676314,16.833398256981525,8.571428571428571,0.3773428571428571,ELECTRICBIKESTATION,01-CiutatVella/03-la Barceloneta,True,39,1000,1774994105,30477,15532,797,840,57,276,445,261,237,137,163,1637,261,726,656,46.4,823,260,83,219,1637,425.62,358.5,135.87,7.4,,9.791175637479508,1,44,9.576401772067562,0,41,32.648085585585584,2.4237612612612613,0.2225267190336251,0.1637822481572481,0.2176454948197181
390,"C/ COMERÇ, 36","C/ COMERÇ, 36",8003.0,25,801901055,"Sant Pere, Santa Caterina i la Ribera",0.6373820673900628,0.0076527698458023,0.0311821816105082,0.0863506567675613,0.3805825242718446,15.93455168475157,6.765733866362079,8755,18,11,55.56166244682212,3,2,432.78375198191566,0,0,650.633101726863,346,551.1704726854971,74.48286511137826,18.864864864864863,-0.2792432432432432,ELECTRICBIKESTATION,"01-CiutatVella/04-Sant Pere, Santa Caterina i la Ribera",True,390,1000,1774994105,41259,18412,607,617,85,132,214,197,157,136,210,1224,155,470,522,84.8,420,239,29,123,1224,292.54,150.55,35.5,,,6.432630949433949,0,24,6.497627202275984,0,25,13.8956025128498,2.0389491719017703,0.2573052379773582,0.2706293546544832,0.2599050880910374
391,"C/ GRAN DE LA SAGRERA, 74","C/ GRAN DE LA SAGRERA, 74",8027.0,27,801909062,la Sagrera,0.4434049694419397,0.0327998196573489,0.0937781785392245,0.0218665464382326,0.0633453561767358,11.971934174932372,12.800834084761046,8872,19,7,25.255747526472053,16,4,368.9675268089719,0,0,1332.8455900702304,83,1283.348676158612,42.07716141662756,29.487179487179485,-0.1628205128205128,ELECTRICBIKESTATION,09-SantAndreu/61-la Sagrera,True,391,1000,1774994105,41135,17392,748,702,160,143,248,277,179,148,144,1450,184,632,513,69.9,298,224,18,108,1450,324.8,156.6,26.1,5.6,,6.430327861224195,0,27,6.465616889490885,0,27,6.283363390441839,5.688570784490532,0.2381602911564514,0.4741049661022609,0.2394672922033664
392,"C/ RAMON TURRÓ, 4","C/ RAMON TURRÓ, 4",8005.0,19,801910054,la Vila Olímpica del Poblenou,0.5071397122695955,0.014243725977843,0.0717838571105584,0.1340718969025548,0.2893963373276057,9.635654533122317,6.966651593940764,8846,19,5,39.18258711085672,2,1,472.3484334306195,10,2,176.35191480519086,104,1633.506129755721,8.119278727560001,15.342105263157896,0.1001315789473683,ELECTRICBIKESTATION,10-SantMartí/67-la Vila Olímpica del Poblenou,True,392,1000,1774994105,63952,24193,497,445,92,143,124,124,161,137,75,942,55,306,471,109.4,232,360,53,175,942,339.12,164.85,49.93,5.4,,4.75724688399026,0,19,5.061288166010924,0,19,7.464842866832466,2.1708116662898487,0.2503814149468553,0.3666658733653034,0.2663835876847856
393,"C/ LLACUNA, 86","C/ LLACUNA, 86",8005.0,32,801910066,el Poblenou,0.6793761258725513,0.0067552353073632,0.0221796892591758,0.0206034676874577,0.2715604593560009,21.74003602792164,8.294978608421527,8882,19,10,26.97161628001623,1,1,321.62585464746263,2,1,424.410297268384,302,1017.511446518199,28.00178253294957,10.23076923076923,-0.0425641025641025,ELECTRICBIKESTATION,10-SantMartí/68-el Poblenou,True,393,1000,1774994105,48165,19051,1031,997,266,208,310,393,312,161,205,2028,207,817,740,78.5,503,268,36,145,2028,543.5,294.06,73.01,5.2,,7.344351906010411,0,32,7.407935531864936,0,30,19.10639495609097,2.633641071830669,0.2295109970628253,0.2592180815131727,0.2314979853707792
394,"C/ DIPUTACIÓ, 226","C/ DIPUTACIÓ, 226",8007.0,27,801902091,l'Antiga Esquerra de l'Eixample,0.2348736117392833,0.0930574400723654,0.3591135232926277,0.0091587516960651,0.0271370420624151,6.341587516960652,16.039914066033468,8844,112,38,136.46493869549013,32,6,197.72497034079183,0,0,1292.134828731346,441,1970.560950739975,13.111054918682672,37.18421052631579,0.2274999999999999,ELECTRICBIKESTATION,02-Eixample/08-l'Antiga Esquerra de l'Eixample,True,394,1000,1774994105,51644,21763,944,1235,114,462,548,314,282,196,167,2179,154,1276,1231,102.9,1562,204,31,119,2179,444.52,259.3,67.55,4.2,,5.950672350762503,0,26,5.984269309939822,0,26,2.864088647670737,3.477498869289914,0.2203952722504628,0.5940708913345729,0.2216396040718459
395,"PL. CATALUNYA, 20","PL. CATALUNYA, 20",8002.0,33,801902077,la Dreta de l'Eixample,0.2500961148806617,0.0960109726825923,0.267001943079209,0.0008000914390216,0.0026288718710709,8.253171791061837,22.37672876900217,8749,74,48,48.486112436721534,47,8,45.345224896759184,0,0,1361.9386334050605,482,145.30966574984154,139.57104459174636,31.33333333333333,0.1797948717948718,ELECTRICBIKESTATION,02-Eixample/02-el Barri Gòtic,True,395,1000,1774994105,52902,22220,824,850,99,372,358,227,194,174,145,1674,115,548,972,120.1,839,512,223,239,1674,857.09,400.09,373.3,4.2,,7.10039882831412,0,30,7.092345207120474,0,33,4.868442107669448,3.384729683392388,0.2151636008580039,0.6780826899697628,0.2149195517309236
396,"C/ JOAN MIRÓ, 2-12","C/ JOAN MIRÓ, 2-12",8005.0,32,801910055,la Vila Olímpica del Poblenou,0.4985255055409573,0.0,0.0017136981606306,0.0528961498914657,0.1224722952130698,15.952816177310636,13.836970181652005,8753,33,13,76.34421674840178,2,1,413.5954898811462,4,2,438.4509630251215,93,1597.4871222555091,2.62464787317004,11.263157894736842,0.4274736842105263,ELECTRICBIKESTATION,10-SantMartí/67-la Vila Olímpica del Poblenou,True,396,1000,1774994105,73872,27080,1291,1289,295,410,246,326,434,401,277,2580,111,780,1381,115.4,568,424,33,198,2580,1093.92,510.84,85.14,5.4,,7.083704884805811,2,30,7.850991422864634,0,29,12.26790814577859,3.684908031532046,0.2213657776501816,0.4324053181766251,0.2453434819645198
397,AV. LITORAL (PG MARÍTIM DEL PORT OLÍMPI,AV. LITORAL (PG MARÍTIM DEL PORT OLÍMPIC),8005.0,27,801910055,la Vila Olímpica del Poblenou,0.5266848884542408,0.0242608891897991,0.1078763258858045,0.1173549988715865,0.2049198826450011,14.2204919882645,10.38964116452268,8862,14,9,161.6746478916977,0,0,583.750075141696,0,0,634.1758511176337,68,629.0106125702948,10.093565852952716,7.65625,0.20521875,ELECTRICBIKESTATION,10-SantMartí/67-la Vila Olímpica del Poblenou,True,397,1000,1774994105,73872,27080,1291,1289,295,410,246,326,434,401,277,2580,111,780,1381,115.4,568,424,33,198,2580,1093.92,510.84,85.14,5.4,,7.58378069801183,0,27,7.635098311262935,0,25,10.98160686075378,3.23888512751072,0.2808807665930308,0.3848015246119511,0.2827814189356641
398,PG. MARÍTIM DE LA BARCELONETA/ANDREA DÒ,PG. MARÍTIM DE LA BARCELONETA/ANDREA DÒRIA,8003.0,36,801901036,la Barceloneta,0.5997593283816562,0.0009048750141386,0.0048637032009953,0.0029408437959506,0.0685442823210044,21.591335821739623,11.063793688496776,8841,30,5,11.602058596641514,0,0,635.2794187961188,0,0,751.3077640666794,74,548.7213003365575,1.5623722801818984,5.870967741935484,0.4565806451612903,ELECTRICBIKESTATION,01-CiutatVella/03-la Barceloneta,True,398,1000,1774994105,32134,14159,597,540,73,203,198,173,156,142,133,1137,254,513,292,60.3,345,237,31,215,1137,269.47,244.46,35.25,7.4,,7.492458473244734,0,33,7.370787548862231,0,34,17.646759416355614,3.9445764053840064,0.2081238464790208,0.3073276024582438,0.2047440985795062
399,"C/ PAVIA, 3","C/ PAVIA, 3",8028.0,27,801903097,Sants,0.5213031952702307,0.0416572589749379,0.1204560848950101,0.0488823662226236,0.1744186046511628,14.075186272296229,10.464551817566042,8858,24,8,189.4406933946968,8,2,71.77719825473582,0,0,1704.5141564504395,189,167.26838877283149,112.6173203017654,33.0,0.3425833333333333,ELECTRICBIKESTATION,03-Sants-Montjuïc/18-Sants,True,399,1000,1774994105,30181,13048,808,756,101,251,351,291,210,119,98,1564,229,759,482,55.9,534,176,35,111,1564,275.26,173.6,54.74,4.6,,7.92949003608885,0,26,7.872153408400527,0,27,5.370060961842403,8.705125310453827,0.2936848161514378,0.3875759932431867,0.2915612373481672
4,"C/ RIBES, 13","C/ RIBES, 13",8013.0,21,801902001,el Fort Pienc,0.3995478660566617,0.0244700045105999,0.1218989625620207,0.0111637347767253,0.0601037437979251,8.390505187189897,10.241091565178168,8868,50,42,128.52149659390955,8,2,118.06702039259396,4,2,479.40760701184297,162,1510.327554601003,44.789391099385696,21.94871794871795,0.3618974358974359,ELECTRICBIKESTATION,02-Eixample/05-el Fort Pienc,True,4,1000,1774994105,41726,17933,679,611,108,155,212,237,172,142,160,1290,176,532,501,80.4,459,346,102,103,1290,446.34,132.87,131.58,4.8,,4.704804401045703,0,21,4.905726179073307,0,21,6.200834460983311,2.189670726206585,0.2240383048116999,0.4876710269132461,0.2336060085273003
40,"C/ DOCTOR AIGUADER, 2","C/ DOCTOR AIGUADER, 2",8039.0,18,801901042,la Barceloneta,0.6109610454573876,0.0004501969611705,0.0094541361845807,0.0727068092290377,0.374563871693866,10.997298818232975,4.267416994935284,8885,49,14,63.67955925249641,2,2,141.72878220322596,0,0,710.4184149803375,138,1440.8089200774596,53.840397456771285,11.487179487179487,0.250974358974359,ELECTRICBIKESTATION,01-CiutatVella/03-la Barceloneta,True,40,1000,1774994105,33251,14731,850,778,111,207,317,218,225,177,264,1628,404,765,421,67.3,454,198,36,121,1628,322.34,196.99,58.61,7.4,,3.3044512972528373,0,18,3.215027909631055,0,16,9.233764772087788,1.7635340461451885,0.1835806276251579,0.2370787219408491,0.1786126616461696
400,MOLL ORIENTAL,MOLL ORIENTAL,8039.0,44,801901032,la Barceloneta,0.4011364936104727,0.0727439094132448,0.1888367837126844,0.0067482557474551,0.1594418391856342,17.650005718860804,23.79183346677342,8743,9,3,32.679555339784095,0,0,1294.8464944626808,0,0,2043.47989545754,39,565.1014241794869,3.649766123022919,3.333333333333333,0.0459333333333333,ELECTRICBIKESTATION,01-CiutatVella/03-la Barceloneta,True,400,1000,1774994105,30477,15532,797,840,57,276,445,261,237,137,163,1637,261,726,656,46.4,823,260,83,219,1637,425.62,358.5,135.87,7.4,,14.56222700842647,0,43,15.05510026635217,0,44,6.422280681688208,11.227725037172595,0.3309597047369651,0.5407234878812142,0.3421613696898212
401,PLA DE PALAU,PLA DE PALAU,8002.0,24,801901043,"Sant Pere, Santa Caterina i la Ribera",0.6063928611642833,0.0009007994595203,0.0103591937844837,0.02792478324513,0.2343204594077243,14.5534286679428,7.763765341740795,8881,50,16,23.875285997290906,4,2,149.80107105132458,0,0,894.0547899758884,278,2296.335750885952,8.274264487674353,12.894736842105264,0.1056578947368421,ELECTRICBIKESTATION,01-CiutatVella/02-el Barri Gòtic,True,401,1000,1774994105,42945,19719,777,825,84,247,413,314,180,130,106,1602,126,521,831,81.9,741,223,83,3552,1602,357.25,5690.3,132.97,,,5.420461921585908,0,24,5.635996555353484,0,24,12.77806553316068,1.775363134782119,0.2258525800660789,0.3234902225725331,0.2348331898063949
402,PG. DE COLOM (VIA LAIETANA),PG. DE COLOM (VIA LAIETANA),8002.0,31,801901030,el Barri Gòtic,0.5530140845070423,0.000225352112676,0.0565633802816901,0.028056338028169,0.1944788732394366,17.143436619718308,12.664338028169016,8875,48,16,35.47697653534918,4,2,313.95454504950646,0,0,1122.277636556976,235,2446.883074342431,3.5757664963730806,9.18918918918919,0.427081081081081,ELECTRICBIKESTATION,01-CiutatVella/02-el Barri Gòtic,True,402,1000,1774994105,31201,12469,1172,1237,165,510,497,388,302,205,198,2409,393,1028,839,93.6,1264,192,60,220,2409,462.53,529.98,144.54,4.3,,9.40058599432155,0,31,9.828969379153378,0,30,15.499830985915493,1.6436056338028169,0.303244709494244,0.4085270331667424,0.3170635283597864
403,"C/ VALLESPIR, 49","C/ VALLESPIR, 49",8014.0,22,801903109,Sants,0.3047600995871028,0.0938803110560126,0.2621435816522033,0.0173560238927082,0.0641271272399413,6.704722190916263,12.848303843119576,8873,14,8,102.45332806534137,16,5,236.6608664516663,0,0,1150.0392034868487,192,123.07021168259686,223.67521193860384,43.8974358974359,-0.060025641025641,ELECTRICBIKESTATION,03-Sants-Montjuïc/18-Sants,True,403,1000,1774994105,42224,18169,746,702,112,167,286,269,197,156,136,1448,194,621,545,66.2,330,251,33,149,1448,363.45,215.75,47.78,4.6,,5.413663417114207,0,21,5.589704331986664,0,21,1.6063338217063,5.098388369209963,0.2460756098688281,0.5840138110508898,0.2540774696357575
404,"C/ JUAN GRIS, 28","C/ JUAN GRIS, 28",8014.0,32,801903064,la Bordeta,0.3018084686513306,0.0224402345511953,0.1212223725755525,0.0027063599458728,0.0128552097428958,9.65787099684258,20.942940911141186,8868,69,20,159.38111564274948,0,0,554.0822150607306,0,0,2246.267435781492,64,736.3435408789788,151.96985295036353,19.63636363636364,0.2344545454545454,ELECTRICBIKESTATION,03-Sants-Montjuïc/16-la Bordeta,True,404,1000,1774994105,41233,16987,605,565,108,120,196,154,191,195,123,1170,205,714,634,71.2,741,310,32,154,1170,362.7,180.18,37.44,5.3,,7.182456577391843,0,31,7.13465143979482,0,32,3.167343256653135,6.490527740189445,0.2244517680434951,0.6544669034731619,0.2229578574935881
405,"C/ COMTE BORRELL, 198","C/ COMTE BORRELL, 198",8029.0,26,801902118,la Nova Esquerra de l'Eixample,0.2534378292939936,0.085958904109589,0.3115296803652968,0.0052511415525114,0.0358447488584474,6.589383561643835,16.799771689497717,8760,18,8,151.6081158854293,2,1,366.4132384385832,0,0,1062.472152941026,230,3018.577834792383,43.51389016639758,46.0,0.2965945945945946,ELECTRICBIKESTATION,02-Eixample/09-la Nova Esquerra de l'Eixample,True,405,1000,1774994105,55573,23707,708,649,111,199,225,191,195,200,151,1357,99,493,683,89.2,283,437,63,175,1357,593.01,237.48,85.49,4.9,,5.885228864608,0,25,6.065675491963567,0,26,1.8029680365296803,4.786415525114156,0.2263549563310773,0.6461450649806815,0.2332952112293676
406,"GRAN VIA DE LES CORTS CATALANES, 592","GRAN VIA DE LES CORTS CATALANES, 592",8007.0,33,801902077,la Dreta de l'Eixample,0.2782564501384852,0.0989419180549302,0.2393066186402521,0.0054029716343989,0.0162089149031967,9.182462854570014,21.467357046375508,8884,104,43,56.04413417283634,51,8,89.69123340426331,0,0,1363.722891659553,403,1961.011479924386,8.606088414905564,34.486486486486484,0.3288378378378379,ELECTRICBIKESTATION,02-Eixample/07-la Dreta de l'Eixample,True,406,1000,1774994105,52902,22220,824,850,99,372,358,227,194,174,145,1674,115,548,972,120.1,839,512,223,239,1674,857.09,400.09,373.3,4.2,,7.613017490856053,0,32,7.801412925075896,0,33,5.292548401620891,3.889914452949122,0.2306974997229113,0.650525971102288,0.2364064522750267
408,"C/ RAMON TRIAS FARGAS, 23","C/ RAMON TRIAS FARGAS, 23",8005.0,39,801910054,la Vila Olímpica del Poblenou,0.3833596629805161,0.0108327691266079,0.0671406003159557,0.0165876777251184,0.0546152110133152,14.951026856240128,22.74159331979237,8862,25,9,126.11951275910992,2,1,264.7761709925141,8,2,154.78245312524535,79,1918.2832446005664,6.696817890261773,12.842105263157896,-0.1479736842105262,ELECTRICBIKESTATION,10-SantMartí/67-la Vila Olímpica del Poblenou,True,408,1000,1774994105,63952,24193,497,445,92,143,124,124,161,137,75,942,55,306,471,109.4,232,360,53,175,942,339.12,164.85,49.93,5.4,,9.824246907238848,0,39,10.051533217404009,0,39,10.90318212593094,4.047844730309185,0.2519037668522783,0.5831177774305736,0.257731620959077
409,"C/ JOAN D'ÀUSTRIA, 31B","C/ JOAN D'ÀUSTRIA, 31B",8005.0,27,801910052,la Vila Olímpica del Poblenou,0.457962524877023,0.0162216965190942,0.0813337839360144,0.0167849498704517,0.0998084938605384,12.364988171679622,12.709473921369831,8877,21,7,127.71977441233896,2,1,311.5380759888227,4,2,410.6022749009683,121,1796.186205473406,27.1202559143333,13.051282051282053,0.0513076923076922,ELECTRICBIKESTATION,10-SantMartí/67-la Vila Olímpica del Poblenou,True,409,1000,1774994105,64642,25800,1192,1203,289,320,304,386,431,321,141,2395,128,750,1200,68.5,592,365,43,189,2395,874.18,452.66,102.98,5.4,,7.200466272924043,0,27,7.454803983901729,0,27,8.875633660020277,3.4893545116593443,0.2666839360342241,0.4707212563470307,0.2761038512556199
41,PL. POETA BOSCÀ | C/ ATLÀNTIDA,PL. POETA BOSCÀ | C/ ATLÀNTIDA,8003.0,25,801901039,la Barceloneta,0.7616230838593328,0.0005635707844905,0.0033814247069431,0.1359332732191163,0.5394499549143372,19.04057709648332,3.609445446348061,8872,47,8,99.3647425562121,1,1,479.7475559743336,0,0,935.3289507097462,183,663.4743561583208,193.7248919807664,13.83783783783784,-0.2749999999999999,ELECTRICBIKESTATION,01-CiutatVella/03-la Barceloneta,True,41,1000,1774994105,31406,14080,597,656,77,235,294,190,161,149,98,1253,208,609,402,52.2,529,213,22,151,1253,266.89,189.2,27.57,7.4,,4.118980541834254,0,25,3.7996215818733226,0,22,16.575743913435527,2.4648331830477908,0.1647592216733707,0.1443778178539224,0.1519848632749325
410,PG.DE COLOM (LES RAMBLES),PG.DE COLOM (LES RAMBLES),8039.0,38,801901030,el Barri Gòtic,0.5308896113141285,0.0235572587917042,0.0813796212804328,0.073151487826871,0.2028854824165915,20.17380522993688,15.959084761045988,8872,26,7,31.71341839464141,3,1,245.150306797208,0,0,1660.164318228043,101,1835.307300674481,5.03147808268261,9.516129032258064,0.495258064516129,ELECTRICBIKESTATION,01-CiutatVella/02-el Barri Gòtic,True,410,1000,1774994105,31201,12469,1172,1237,165,510,497,388,302,205,198,2409,393,1028,839,93.6,1264,192,60,220,2409,462.53,529.98,144.54,4.3,,12.2689673915108,0,37,12.870539570525544,0,37,18.43259693417493,1.7412082957619477,0.3228675629344948,0.4199759147643681,0.338698409750671
411,"C/ JOSEP PLA, 67","C/ JOSEP PLA, 67",8019.0,24,801910235,Diagonal Mar i el Front Marítim del Poblenou,0.5393781654473833,0.0165447383230163,0.0568373663477771,0.028137310073157,0.122228474957794,12.945075970737198,10.435790658413056,8885,11,8,52.8235297914109,2,1,377.5812713319378,4,1,278.031469548603,95,1532.0651617872982,5.810030589255659,10.128205128205128,0.2345128205128205,ELECTRICBIKESTATION,10-SantMartí/69-Diagonal Mar i el Front Marítim del Poblenou,True,411,1000,1774994105,30442,14812,644,578,114,75,175,214,172,143,257,1222,298,601,261,66.0,240,284,35,101,1222,347.05,123.42,42.77,7.4,,6.207350629036589,0,24,6.262858169801201,0,24,7.914462577377603,5.0306133933595945,0.2586396095431903,0.4348246107672106,0.2609524237417169
412,"PL. URQUINAONA, 3","PL. URQUINAONA, 3",8010.0,27,801902077,la Dreta de l'Eixample,0.3070712392229665,0.1073605780085798,0.2846014901783698,0.0099345224655678,0.0705576879656807,8.290923459020094,15.427184466019416,8858,116,55,10.065130632446255,36,5,57.34670495955649,0,0,1109.4108797383924,290,1919.2571969173412,41.682082587771326,33.432432432432435,0.1343783783783783,ELECTRICBIKESTATION,02-Eixample/07-la Dreta de l'Eixample,True,412,1000,1774994105,52902,22220,824,850,99,372,358,227,194,174,145,1674,115,548,972,120.1,839,512,223,239,1674,857.09,400.09,373.3,4.2,,7.018462163297834,0,24,7.216263902808748,0,26,4.871528561752089,3.419394897268006,0.2599430430851042,0.5713772024451635,0.2672690334373613
413,"C/ BRUC, 66","C/ BRUC, 66",8009.0,31,801902071,la Dreta de l'Eixample,0.2270045666756495,0.0974260555430119,0.288665613005193,0.0,0.0,7.037141566945135,23.11684353127117,8858,40,14,175.94564684996703,18,4,169.49385873455677,0,0,617.8136782137005,303,2874.1961266113767,20.673819125081337,42.05555555555556,-0.3422777777777777,ELECTRICBIKESTATION,02-Eixample/07-la Dreta de l'Eixample,True,413,1000,1774994105,57959,24664,813,792,141,235,243,250,232,205,179,1605,83,521,850,116.4,432,333,47,211,1605,534.46,338.66,75.44,4.2,,5.845154636333066,0,25,5.963950895124397,5,31,5.488484985324001,1.5486565816211335,0.1885533753655828,0.7457046300410054,0.1923855127459478
414,"VIVAGYM-C/ CASP, 67","VIVAGYM-C/ CASP, 67",8010.0,33,801902073,la Dreta de l'Eixample,0.2445777572681125,0.0209813874788494,0.1344613649182177,0.0023688663282571,0.0059785673998871,8.071065989847716,22.42053017484489,8865,77,23,93.87049523385006,10,4,139.7010595419195,0,0,739.0260795488592,210,2172.792289198212,39.60745106826753,31.675,0.14905,ELECTRICBIKESTATION,02-Eixample/07-la Dreta de l'Eixample,True,414,1000,1774994105,57060,23724,806,740,129,246,282,263,214,178,138,1546,98,528,891,123.6,532,281,35,188,1546,434.43,290.65,54.11,4.2,,5.252741552814822,0,28,5.525338166833961,0,33,5.609024252679075,2.462041737168641,0.1591739864489336,0.6794100052983302,0.1674344899040597
415,"RAMBLA DEL RAVAL, 13","RAMBLA DEL RAVAL, 13",8001.0,25,801901007,el Raval,0.5142992445597023,0.0095839440748675,0.0584056827150749,0.0,0.2230240162363287,12.857481113992558,8.415492163716316,8869,6,1,19.45277243285929,12,2,410.34935297613936,0,0,2029.287917235377,297,621.192672799539,8.874897801022193,19.35897435897436,0.3876666666666666,ELECTRICBIKESTATION,01-CiutatVella/01-el Raval,True,415,1000,1774994105,29286,10309,749,1122,164,317,406,364,240,137,70,1871,436,843,417,69.4,1107,140,26,92,1871,261.94,172.13,48.65,7.4,,6.0615533092958165,0,23,6.196761629141236,1,23,10.131694666817005,2.7257864471755555,0.2424621323718337,0.3366196865486526,0.2478704651656491
416,"RAMBLA DEL RAVAL, 20","RAMBLA DEL RAVAL, 20",8001.0,27,801901004,el Raval,0.3792751084417751,0.0381756756756756,0.159572072072072,0.0234234234234234,0.0909909909909909,10.240427927927929,14.54177927927928,8880,4,1,53.57500187150894,10,2,349.2344541645066,0,0,2068.08432256829,247,621.192672799539,5.958660128780579,16.970588235294116,0.2742647058823529,ELECTRICBIKESTATION,01-CiutatVella/01-el Raval,True,416,1000,1774994105,31203,12214,1287,1594,263,527,645,483,381,192,151,2881,552,1200,880,65.0,1494,147,22,110,2881,423.51,316.91,63.38,7.4,,7.240185238037656,0,26,7.434062743291873,0,26,6.695382882882883,3.545045045045045,0.2681550088162099,0.5385844177510845,0.2753356571589583
417,"C/ VILLAR, 2","C/ VILLAR, 2",8041.0,32,801907035,el Guinardó,0.2684016674280493,0.1188899040657834,0.2858611238008223,0.0,0.0051393330287802,8.588853357697579,21.27809502055733,8756,38,11,13.50184953742532,2,1,213.66036927377405,0,0,1459.0083980555685,139,2388.5013032344505,18.382713970122644,58.37837837837838,-0.0541621621621621,ELECTRICBIKESTATION,07-Horta-Guinardó/35-el Guinardó,True,417,1000,1774994105,45286,19280,884,778,151,198,234,265,222,231,227,1662,146,773,620,80.2,269,330,35,150,1662,548.46,249.3,58.17,5.5,,7.450379329379933,0,26,7.574128909697331,2,32,2.0808588396528096,6.507994518044769,0.2328243540431229,0.6649404693924166,0.2366915284280416
418,Time Out Market PG. LLUíS COMPANYS,Time Out Market PG. LLUíS COMPANYS,8018.0,27,801901055,"Sant Pere, Santa Caterina i la Ribera",0.385401720104702,0.0271190420286452,0.0972059168818971,0.0084526884245127,0.044611411129373,10.405846442826954,14.013383423338812,8518,36,13,41.33512217506398,7,2,134.6616916134684,0,0,657.7432310524628,252,1820.1338735772083,1.7384781834150422,23.28205128205128,0.214051282051282,ELECTRICBIKESTATION,"01-CiutatVella/04-Sant Pere, Santa Caterina i la Ribera",True,418,1000,1774994105,41259,18412,607,617,85,132,214,197,157,136,210,1224,155,470,522,84.8,420,239,29,123,1224,292.54,150.55,35.5,,,6.14019596101998,0,25,6.270847342510073,0,27,8.429443531345386,1.9764029114815684,0.2274146652229629,0.5190142008644004,0.2322536052781509
419,PG. DE LLUIS COMPANYS (ARC DE TRIOMF ),PG. DE LLUIS COMPANYS (ARC DE TRIOMF),8018.0,33,801901055,"Sant Pere, Santa Caterina i la Ribera",0.5647489972737264,0.0032972209138012,0.0255534620819594,0.0136599152143193,0.1068064060292039,18.636716910032973,13.14284032030146,8492,36,13,34.49297202740945,6,2,88.11972364426589,0,0,591.4119577989743,228,1545.4252479580716,1.1190961523308194,21.405405405405407,0.3564594594594594,ELECTRICBIKESTATION,"01-CiutatVella/04-Sant Pere, Santa Caterina i la Ribera",True,419,1000,1774994105,41259,18412,607,617,85,132,214,197,157,136,210,1224,155,470,522,84.8,420,239,29,123,1224,292.54,150.55,35.5,,,8.26420306921772,0,33,8.438445640079202,0,33,16.37081959491286,2.265897315120113,0.2504303960369011,0.3982678884939836,0.2557104739417944
42,"C/ CIUTAT DE GRANADA, 168| AV.DIAGONAL   ","C/ CIUTAT DE GRANADA, 165 | AV.DIAGONAL ",8018.0,32,801910042,el Parc i la Llacuna del Poblenou,0.4485851094470046,0.0147465437788018,0.0517281105990783,0.0289170506912442,0.1237327188940092,14.354723502304148,11.14205069124424,8680,21,9,25.627857113845533,3,1,204.4912978289481,8,3,127.8033325258581,206,1556.9330594801238,19.14177364934204,17.10810810810811,-0.287027027027027,ELECTRICBIKESTATION,10-SantMartí/66-el Parc i la Llacuna del Poblenou,True,42,1000,1774994105,38142,15637,1618,1506,267,250,563,798,348,185,261,3124,388,1315,1176,74.6,1046,262,79,103,3124,818.49,321.77,246.8,5.3,,7.114690983021889,0,31,7.273197045602842,0,29,10.67741935483871,3.677304147465438,0.222334093219434,0.3481890841013825,0.2272874076750888
420,"GRAN VIA DE LES CORTS CATALANES,368"," GRAN VIA DE LES CORTS CATALANES,368",8010.0,27,801903053,Hostafrancs,0.2844533508099751,0.0824637023593466,0.3026315789473684,0.0057849364791288,0.0288112522686025,7.680240471869329,17.661184210526315,8816,96,41,9.424782915048151,17,4,44.00863886478442,0,0,2020.426609593717,216,1702.4222030985516,10.429249312291748,36.3421052631579,0.2653684210526316,ELECTRICBIKESTATION,03-Sants-Montjuïc/11-el Poble-sec,True,420,1000,1774994105,35887,14806,1068,989,162,294,421,375,268,182,184,2057,315,904,722,68.8,744,211,40,116,2057,434.03,238.61,82.28,5.2,,6.724727676602938,0,26,6.802496599153185,0,27,2.153697822141561,5.526542649727768,0.2490639880223317,0.6541179337231968,0.2519443184871549
421,"C/ VALLESPIR, 13","C/ VALLESPIR, 13",8014.0,25,801903107,Sants,0.3372291737120956,0.0687633863149588,0.2601735993687296,0.0137526772629917,0.0747379100439634,8.43072934280239,13.440762033592604,8871,16,9,29.273394343081662,16,5,221.30157953028413,0,0,1339.4181772691209,211,291.8176145392315,34.381488118878345,39.083333333333336,0.4018055555555555,ELECTRICBIKESTATION,03-Sants-Montjuïc/18-Sants,True,421,1000,1774994105,41589,17236,769,763,136,190,274,243,177,210,184,1532,182,780,624,67.6,522,248,60,132,1532,379.94,202.22,91.92,4.6,,6.638696160930508,0,24,6.667228071098726,0,25,2.5041145304926165,5.926614812309773,0.2655478464372207,0.5376304813437042,0.2666891228439483
422,"C/ JORDI GIRONA, 29","C/ JORDI GIRONA, 29",8034.0,44,801904053,Pedralbes,0.2619523048836147,0.1900958466453674,0.3774532177088087,0.0025102692834322,0.0612733911455956,11.525901414879051,29.4092879963487,8764,23,21,69.41681340906732,2,1,329.3805761155781,12,3,351.14446339542883,152,1063.8290203343124,6.339670312030504,89.70270270270271,-0.0275675675675675,ELECTRICBIKESTATION,04-LesCorts/21-Pedralbes,True,422,1000,1774994105,56053,21547,832,787,195,258,290,222,186,165,155,1619,100,596,791,108.5,525,354,36,223,1619,573.13,361.04,58.28,2.4,,12.51702535803249,0,43,12.463942672190448,0,43,1.4677088087631218,10.058192606115927,0.2844778490461927,0.668392909007925,0.2832714243679652
423,"C/ HONDURAS, 32-34","C/ HONDURAS, 32-34",8027.0,32,801909066,la Sagrera,0.3041835830283623,0.0229871912168344,0.137580054894785,0.0013723696248856,0.005946935041171,9.733874656907592,19.90599268069533,8744,52,24,182.00564423961967,16,4,224.2244484352764,0,0,1210.9125685690449,123,1812.3089840679304,149.09623345915546,34.32432432432432,-0.1082432432432432,ELECTRICBIKESTATION,09-SantAndreu/61-la Sagrera,True,423,1000,1774994105,44037,19006,709,654,95,153,182,243,186,195,188,1363,176,637,415,77.3,190,316,44,113,1363,430.71,154.02,59.97,5.6,,6.361590233704913,0,28,6.536436784009653,0,31,2.591148215919488,7.142726440988106,0.1987996948032785,0.6220622712717292,0.2042636495003016
424,"PG. MARÍTIM DE LA BARCELONETA, 6","PG. MARÍTIM DE LA BARCELONETA,6",8003.0,27,801901035,la Barceloneta,0.6729524795911064,0.0,0.0021598272138228,0.0982153006706831,0.469023530749119,18.169716948959877,4.729453222689553,8797,30,5,50.09744556301131,0,0,651.510412171927,0,0,893.2006286052869,105,377.6655360963487,6.736880414243051,8.517241379310345,0.230655172413793,ELECTRICBIKESTATION,01-CiutatVella/03-la Barceloneta,True,424,1000,1774994105,26681,13613,563,575,54,210,280,201,149,96,99,1138,188,502,423,38.1,575,221,38,158,1138,251.5,179.8,43.24,7.4,,4.37578827557408,1,26,4.671448436950863,0,23,15.099579402068889,3.0701375468909857,0.1620662324286698,0.1751649341736871,0.1730166087759573
425,"C/ DE CERVELLÓ, 5","C/ DE CERVELLÓ, 5",8001.0,24,801901001,el Raval,0.6040939622499907,0.002138917032534,0.0208262974220421,0.092086006979624,0.2575706405493639,14.498255093999775,7.799054373522458,8883,30,11,15.516310359221956,3,1,78.84462513344222,0,0,1879.7553913367508,178,1832.928277326072,58.04031313904677,16.864864864864863,-0.1085675675675675,ELECTRICBIKESTATION,01-CiutatVella/01-el Raval,True,425,1000,1774994105,30768,12551,583,689,85,205,290,206,160,86,122,1272,240,526,375,76.7,603,288,139,410,1272,366.34,521.52,176.81,7.4,,5.874817382588265,0,24,6.038701946222346,0,23,12.62568951930654,1.8725655746932344,0.2447840576078442,0.3249605988967691,0.2516125810925974
426,"C/ DE RIBES, 59 B","C/ DE RIBES, 59 B",8013.0,33,801902011,el Fort Pienc,0.272556589893528,0.0375126732004055,0.156471781007097,0.0009012053621719,0.0070969922271037,8.994367466486425,21.01419398445421,8877,41,13,63.11469816513131,4,2,363.4756952269699,6,3,330.160671343039,119,3317.345625803735,0.964819086262878,27.743589743589745,-0.2595897435897435,ELECTRICBIKESTATION,02-Eixample/05-el Fort Pienc,True,426,1000,1774994105,45758,19653,535,513,68,158,176,141,140,151,152,1048,113,527,419,80.0,268,309,22,143,1048,323.83,149.86,23.06,4.8,,6.362559819743599,0,32,7.24236176367548,0,33,6.025909654162442,2.9684578123239835,0.1928048430225331,0.636793757104673,0.2194655079901656
427,"C/ DE SANT PAU, 119/ RONDA SANT PAU","C/ DE SANT PAU, 119/ RONDA SANT PAU",8001.0,26,801901004,el Raval,0.4678757016075162,0.0313522048043306,0.1219127100484944,0.0841321754821247,0.2449531972482237,12.16476824179542,9.062253298748168,8867,43,12,41.44150698612137,8,2,114.94827109536428,0,0,2372.6656522135704,314,1070.0906466852025,30.02660184697361,23.43243243243243,-0.2969459459459459,ELECTRICBIKESTATION,01-CiutatVella/01-el Raval,True,427,1000,1774994105,31203,12214,1287,1594,263,527,645,483,381,192,151,2881,552,1200,880,65.0,1494,147,22,110,2881,423.51,316.91,63.38,7.4,,6.972815261642232,0,24,6.975155195722091,0,25,9.026728318484269,3.138039923311154,0.268185202370855,0.3485482037980064,0.2682751998354653
428,"C/ PUJADES, 103","C/ PUJADES, 103",8005.0,33,801910056,el Poblenou,0.5777987479442969,0.0,0.005302944826808,0.0720974839219226,0.1951935010718718,19.0673586821618,12.19429087216518,8863,17,9,62.74345208861988,3,1,171.34432827973686,0,0,765.0793165433754,169,1359.08951059407,20.034987854744607,11.514285714285714,-0.1140857142857142,ELECTRICBIKESTATION,10-SantMartí/68-el Poblenou,True,428,1000,1774994105,38490,16464,868,894,136,214,378,392,232,133,99,1762,194,684,698,64.8,645,308,112,271,1762,542.7,477.5,197.34,5.2,,8.397985183471874,1,33,8.536191032113399,0,31,13.517657677987138,5.549701004174659,0.254484399499148,0.3695239658231873,0.2586724555185882
429,"C/ GRAN CAPITÀ, 9","C/ GRAN CAPITÀ, 9",8034.0,28,801904053,Pedralbes,0.2004700627287826,0.1194265718478383,0.4437295405802009,0.01851224743199,0.0664860593746472,5.613161756405915,18.89648944576137,8859,46,13,67.9640595711347,4,3,448.5300122527421,0,0,614.3086310420387,100,1208.4214656258928,36.281103640209615,112.2162162162162,0.1484594594594594,ELECTRICBIKESTATION,04-LesCorts/21-Pedralbes,True,429,1000,1774994105,56053,21547,832,787,195,258,290,222,186,165,155,1619,100,596,791,108.5,525,354,36,223,1619,573.13,361.04,58.28,2.4,,6.575020853614747,0,25,6.895914222712512,0,26,0.0483124506151935,5.564849305790721,0.2348221733433843,0.6748746230629061,0.2462826508111608
43,"C/ CLOT, 1","C/ CLOT, 1",8018.0,27,801910041,el Clot,0.4695953708926071,0.018838127467569,0.0756909193457416,0.0073322053017484,0.0961082910321489,12.679075014100397,11.02459108855048,8865,19,7,28.70881003311529,17,4,294.7950492749238,8,3,393.4917580372397,289,2297.242342239313,37.8078450073227,24.07894736842105,0.0351578947368421,ELECTRICBIKESTATION,10-SantMartí/65-el Clot,True,43,1000,1774994105,40151,17613,789,749,106,175,296,266,186,193,188,1538,183,648,571,74.3,396,261,34,155,1538,401.42,238.39,52.29,5.9,,6.528056364832275,0,26,6.638287362645485,0,27,8.199435984207557,4.479639029892837,0.2417798653641595,0.4083181884648325,0.245862494912795
430," C/ ALFAMBRA, 2 | AV. DIAGONAL","C/ ALFAMBRA, 2 | AV. DIAGONAL",8034.0,28,801904053,Pedralbes,0.239690057349056,0.2215832205683356,0.4972936400541272,0.0129679747406405,0.0698015336039693,6.711321605773568,19.019846639603067,8868,119,43,87.66077481435859,7,3,177.6865134738555,12,3,188.52020222188392,155,1452.0605307491878,57.969057457568354,84.62162162162163,0.0855945945945945,ELECTRICBIKESTATION,04-LesCorts/21-Pedralbes,True,430,1000,1774994105,56053,21547,832,787,195,258,290,222,186,165,155,1619,100,596,791,108.5,525,354,36,223,1619,573.13,361.04,58.28,2.4,,8.00712285329867,0,27,8.133198863995528,0,28,0.1442264321154713,6.567095173658097,0.2859686733320955,0.679280237128681,0.2904713879998404
431,"AV. JOAN XXIII, 17","AV. JOAN XXIII, 17",8028.0,20,801904049,la Maternitat i Sant Ramon,0.2987938225679179,0.320820651561267,0.4342238755495434,0.034268966294668,0.0969451020178108,5.975876451358359,13.510427234810056,8871,3,2,99.8453290468519,2,1,443.61796192869616,12,3,362.81074544495567,57,937.2207937696724,10.37682865960533,60.32432432432432,0.2326216216216216,ELECTRICBIKESTATION,04-LesCorts/20-la Maternitat i Sant Ramon,True,431,1000,1774994105,82214,31161,601,507,133,147,122,165,136,136,162,1108,38,381,653,115.8,351,470,105,228,1108,520.76,252.62,116.34,5.0,,6.416815191324725,0,20,6.345010960611461,0,20,1.1910720324653363,4.784804418893022,0.3208407595662356,0.6755213617405028,0.3172505480305728
432,"C/ MARTÍ I FRANQUÈS, 1","C/ MARTÍ I FRANQUÈS, 1",8028.0,28,801904049,la Maternitat i Sant Ramon,0.208941919603265,0.2729000380083618,0.5028506271379704,0.0320537184847333,0.0585328772329912,5.850373748891423,19.75041175725326,7893,83,35,124.518683008885,7,3,137.39907122087317,24,3,177.63798646259136,110,576.3237455375069,146.5612621083526,72.60526315789474,-0.3978684210526316,ELECTRICBIKESTATION,04-LesCorts/20-la Maternitat i Sant Ramon,True,432,1000,1774994105,82214,31161,601,507,133,147,122,165,136,136,162,1108,38,381,653,115.8,351,470,105,228,1108,520.76,252.62,116.34,5.0,,7.163345512415147,0,26,7.496259509568291,0,28,0.5480805777271,5.302293171164322,0.2558337683005411,0.7053718484733308,0.267723553913154
433,"C/ J. MAYNARD KEYNES, 2|AV. DGNAL.","C/ J. MAYNARD KEYNES, 2|AV. DGNAL.",8034.0,54,801904053,Pedralbes,0.2401540112668763,0.2409516292704927,0.454391701431954,0.0,0.0487089863569737,12.96831660841132,38.20859172398241,8869,84,35,26.43302758195321,7,3,96.45824233073988,18,3,137.33405119739234,131,964.6213093662092,20.425703959119392,77.52777777777777,0.3045,ELECTRICBIKESTATION,04-LesCorts/21-Pedralbes,True,433,1000,1774994105,56053,21547,832,787,195,258,290,222,186,165,155,1619,100,596,791,108.5,525,354,36,223,1619,573.13,361.04,58.28,2.4,,16.507335259957497,0,53,16.351276488949363,1,54,1.1599954899086706,11.808321118502649,0.3056913937029174,0.7075665134070817,0.3028014164620257
434,"C/ ROGER, 24","C/ ROGER, 24",8028.0,27,801903083,Sants - Badal,0.3323961880626171,0.0909954858636255,0.2611071513423616,0.0460917082442385,0.0956284153005464,8.974697077690664,15.83808505583274,8418,28,9,144.9965337596664,3,1,136.4081310242626,0,0,1099.615575638312,241,134.90201975765183,189.72473269419444,47.457142857142856,0.2085142857142857,ELECTRICBIKESTATION,03-Sants-Montjuïc/17-Sants - Badal,True,434,1000,1774994105,40096,17304,684,618,70,153,215,208,151,221,185,1302,193,614,420,71.4,256,292,26,134,1302,380.18,174.47,33.85,4.6,,7.590643572456223,0,27,7.69707076826495,0,27,1.2234497505345687,7.751247327156094,0.2811349471280094,0.5865957428086199,0.2850766951209245
435,"AV. DOCTOR MARAÑON, 25 | PAU GARGALLO","AV. DOCTOR MARAÑON, 25 |PAU GARGALLO",8028.0,28,801904047,la Maternitat i Sant Ramon,0.248808316021708,0.2164355765979032,0.4669146657648517,0.028745350016909,0.0683124788637132,6.966632848607823,17.883553150715816,8871,80,43,67.49407644876689,5,3,54.432129253248256,12,3,200.82655694572875,95,1313.0445839300216,18.06102399457723,76.89189189189189,0.432027027027027,ELECTRICBIKESTATION,04-LesCorts/20-la Maternitat i Sant Ramon,True,435,1000,1774994105,54809,21233,929,846,145,203,211,247,254,276,265,1775,241,741,675,94.2,278,343,77,149,1775,608.83,264.47,136.68,5.0,,7.820852963305209,0,26,7.81201565194207,0,28,0.2398827640626761,6.726750084545147,0.279316177260901,0.6386983268112791,0.2790005589979317
436,"PG. ZONA FRANCA, 54","PG. ZONA FRANCA, 54",8038.0,27,801903032,la Marina de Port,0.3381746121332982,0.0290100462806185,0.1318433231741731,0.0276554915904729,0.0742747488429845,9.130714527599052,14.8335026526696,8859,25,8,25.651946844099275,2,1,174.19073983576033,0,0,3659.257756704717,60,1218.922189651709,3.617446600822372,9.157894736842104,0.1046315789473684,ELECTRICBIKESTATION,03-Sants-Montjuïc/12-la Marina del Prat Vermell,True,436,1000,1774994105,30788,12569,832,805,174,156,280,293,211,200,160,1637,454,781,237,70.6,386,255,62,143,1637,417.44,234.09,101.49,7.2,,6.471036191372081,0,26,6.505476585570508,0,26,2.9308048312450614,6.19990969635399,0.2396680070878556,0.5493889871359111,0.2409435772433519
437,"PG. ZONA FRANCA, 9","PG. ZONA FRANCA, 9",8038.0,36,801903025,la Marina del Prat Vermell,0.4403001918519355,0.0040627468682992,0.0304706015122446,0.0350976187789188,0.0665839070082383,15.850806906669677,18.809163751269608,8861,12,5,34.483586354988674,0,0,558.9380975242799,0,0,4013.7089007932072,67,1249.113738263354,11.261816157667443,11.36842105263158,-0.2099736842105262,ELECTRICBIKESTATION,03-Sants-Montjuïc/12-la Marina del Prat Vermell,True,437,1000,1774994105,30218,12529,708,754,125,155,266,244,236,178,99,1462,452,791,388,89.6,464,4272,4005,612,1462,6245.66,894.74,5855.31,4.1,,7.949209301867719,0,36,8.05538318040971,0,36,4.689651280893805,11.161155625775873,0.2208113694963258,0.5224767708686002,0.2237606439002697
438,"C/ NÀPOLS, 183","C/ NÀPOLS, 183",8013.0,27,801902067,la Dreta de l'Eixample,0.2779369147528351,0.0895522388059701,0.2939846223428313,0.0149253731343283,0.0448891904115784,7.504296698326549,15.087177747625509,8844,32,17,249.25489339790755,4,1,371.69577519793046,2,1,247.11530715460265,260,4365.161478054883,16.990284532833794,40.44444444444444,-0.2169722222222222,ELECTRICBIKESTATION,02-Eixample/07-la Dreta de l'Eixample,True,438,1000,1774994105,42982,19030,826,777,99,228,375,259,181,180,147,1603,127,598,804,74.0,584,240,27,189,1603,384.72,302.97,43.28,4.2,,6.22740708271244,0,24,6.291226449986139,0,26,2.853007688828584,4.651289009497964,0.2306447067671273,0.558784361023167,0.2330083870365237
439,"RBLA. BADAL, 73 | C/ CONSTITUCIÓ","RBLA. BADAL, 73 | C/ CONSTITUCIÓ",8014.0,18,801903066,la Bordeta,0.4819528922930589,0.0620635278215814,0.1981302095066456,0.1004730795224149,0.2291056544266726,8.675152061275062,8.123338589772471,8878,12,5,34.70536081937866,1,1,477.0701145035746,0,0,2022.2058153653832,130,84.73913447036719,38.8457544816616,28.742857142857144,-0.6644285714285714,ELECTRICBIKESTATION,03-Sants-Montjuïc/16-la Bordeta,True,439,1000,1774994105,38648,15224,1161,1093,221,271,289,354,379,295,264,2254,383,1174,528,76.1,424,280,25,139,2254,631.12,313.31,56.35,5.3,,5.565033685988074,0,18,5.629985622956853,0,18,4.387136742509575,4.288015318765488,0.309168538110449,0.4512965883206928,0.3127769790531587
44,"AV. MERIDIANA, 71","AV. MERIDIANA, 71",8018.0,21,801902013,el Fort Pienc,0.297699995060834,0.0735277169528638,0.2605739310821712,0.024547654719373,0.0679958511006108,6.251699896277516,11.914371326495331,8677,10,6,111.71322801784244,3,1,63.03205521896473,12,3,130.88532377309417,189,2809.6131157006207,4.313731837001072,16.486486486486488,0.0095405405405405,ELECTRICBIKESTATION,02-Eixample/05-el Fort Pienc,True,44,1000,1774994105,37995,17082,559,520,103,160,242,177,146,104,83,1079,115,475,463,67.2,373,256,106,177,1079,276.22,190.98,114.37,4.8,,5.124524597889228,0,20,5.020719838487987,0,21,3.244785063962199,3.0069148323153163,0.2440249808518686,0.5673510155473968,0.2390818970708554
440,"C/ SELVA DE MAR, 230","C/ SELVA DE MAR, 230",8020.0,27,801910119,Sant Martí de Provençals,0.5031400058457555,0.0095828635851183,0.0517474633596392,0.0188275084554678,0.1005636978579481,13.5847801578354,11.534160090191657,8870,11,5,57.34043868012024,4,1,297.5046988817741,0,0,603.8985336750147,133,1396.0555569185638,63.63804120158093,17.92105263157895,-0.0261578947368421,ELECTRICBIKESTATION,10-SantMartí/72-Sant Martí de Provençals,True,440,1000,1774994105,31682,13758,570,501,88,105,144,197,183,90,185,1071,219,575,224,62.8,236,253,17,98,1071,270.96,104.96,18.21,6.4,,6.832547191928165,0,26,6.836716068713272,0,27,6.361443066516348,7.223337091319053,0.2530573034047462,0.4271911144515428,0.2532117062486403
441,"C/ WATT, 2","C/ WATT, 2",8014.0,18,801903106,Sants,0.3839692554203595,0.0861874718341595,0.2395223073456512,0.0395448400180261,0.1297881928796755,6.911446597566472,8.434429923388914,8876,24,7,30.4236339077906,14,4,107.17303237924916,0,0,1676.937740051778,177,240.24265955648664,267.0707790783211,37.81578947368421,0.162078947368421,ELECTRICBIKESTATION,03-Sants-Montjuïc/18-Sants,True,441,1000,1774994105,38980,17255,637,607,107,171,239,233,192,117,103,1244,170,521,460,66.5,369,205,41,160,1244,255.02,199.04,51.0,4.6,,4.768374654739785,0,18,4.74516611817338,0,17,1.5669220369535828,5.344524560612888,0.2649097030410995,0.468579440188273,0.2636203398985205
442,"C/ MINERIA, 30","C/ MINERIA, 30",8038.0,18,801903213,la Marina de Port,0.4250149359976611,0.0421004461732067,0.2224001830454181,0.0844296991190939,0.1875071502116462,7.6502688479579,9.29584715707585,8741,49,22,25.787903050529223,4,3,301.72347611785585,0,0,2648.600626975505,105,2440.4809023174225,22.43083623334662,24.485714285714284,0.0059714285714285,ELECTRICBIKESTATION,03-Sants-Montjuïc/13-la Marina de Port,True,442,1000,1774994105,32420,12073,1164,1135,223,346,312,357,361,277,240,2299,559,1123,355,62.8,630,238,31,139,2299,547.16,319.56,71.27,7.2,,5.585387439142664,0,18,5.550361680875911,0,18,3.9410822560347785,3.709186591923121,0.3102993021745926,0.5164359531708805,0.3083534267153287
443,"C/ CASANOVA, 139","C/ CASANOVA, 139",8036.0,32,801902101,l'Antiga Esquerra de l'Eixample,0.2212304379644224,0.0976131501913983,0.3289799594685881,0.0023643323575771,0.012046836298131,7.079374014861518,21.4469714028372,8882,40,14,36.58550056240449,2,1,263.03259643700426,0,0,998.273916344858,233,1708.9886448908956,37.92480280279456,48.0,0.2316315789473684,ELECTRICBIKESTATION,02-Eixample/08-l'Antiga Esquerra de l'Eixample,True,443,1000,1774994105,50737,21523,1088,950,166,303,362,298,264,234,266,2038,240,802,959,81.0,605,243,18,158,2038,495.23,322.0,36.68,4.2,,6.849312192091392,0,30,6.767218015729743,0,32,3.679801846430984,3.3995721684305336,0.214041006002856,0.6702178563386625,0.2114755629915544
444,"C/ LLEIDA, 40","C/ LLEIDA, 40",8004.0,27,801903005,el Poble-sec,0.3916801525472633,0.0345489443378119,0.1580670655978322,0.007225922998758,0.0614203454894433,10.57536411877611,14.212035677994807,8857,14,7,51.37100470695774,6,1,486.4945770040093,0,0,2488.7724701446264,69,0.0,340.8796964194989,45.0,0.2598108108108108,ELECTRICBIKESTATION,03-Sants-Montjuïc/11-el Poble-sec,True,444,1000,1774994105,32872,14786,556,540,75,118,215,188,140,123,153,1096,184,534,381,65.0,393,238,26,128,1096,260.85,140.29,28.5,6.2,,7.045005858665802,0,26,7.06192602048985,0,27,0.8006096872530202,9.774754431523087,0.2609261429135482,0.5263716917775854,0.2615528155736975
445,"C/ VILAMARÍ, 2","C/ VILAMARÍ, 2",8015.0,24,801902154,Sant Antoni,0.4343353241679814,0.0224250619788145,0.1147171512283074,0.0481180978138381,0.1231688077529862,10.424047780031552,11.54011719630381,8874,63,37,55.948660892849325,18,4,215.096434976015,0,0,2059.850995663835,206,1414.1587177682684,7.096529262571528,38.44736842105263,-0.0970526315789473,ELECTRICBIKESTATION,02-Eixample/10-Sant Antoni,True,445,1000,1774994105,38924,16007,493,470,46,147,222,154,116,109,103,963,122,442,396,71.7,378,243,29,149,963,234.01,143.49,27.93,5.2,,6.37999264263765,0,24,6.479994774321192,0,24,4.954135677259409,5.469912102772144,0.2658330267765684,0.4808382165126587,0.2699997822633833
446,"PG. JOAN DE BORBÓ, 42","PG. JOAN DE BORBÓ, 42",8003.0,15,801901033,la Barceloneta,0.6938085034397203,0.0025938874478403,0.0135333258148189,0.1944287808728995,0.6004285553174693,10.407127551595805,2.604262997631668,8867,35,8,41.37894318773712,0,0,513.5000928680347,0,0,1106.6425559902884,171,627.5947923711606,16.906601704701316,11.696969696969695,-0.1313030303030302,ELECTRICBIKESTATION,01-CiutatVella/03-la Barceloneta,True,446,1000,1774994105,27310,13394,488,531,34,187,302,140,126,91,77,1019,157,497,343,42.0,522,216,16,156,1019,220.1,158.96,16.3,7.4,,2.6343928882712784,0,15,2.52727862532436,0,14,8.748618472989737,1.6585090786060674,0.1756261925514189,0.1736175331754445,0.1684852416882904
447,"C/ ALMOGÀVERS, 63","C/ ALMOGÀVERS, 63",8018.0,27,801902001,el Fort Pienc,0.3076349386929591,0.0179749715585893,0.1358361774744027,0.0021615472127417,0.0119453924914675,8.306143344709898,16.525028441410694,8790,46,38,10.7645132809084,8,2,70.00621527634756,8,2,77.43618504587168,91,3109.071567656921,34.94994884638964,18.105263157894736,0.1397631578947368,ELECTRICBIKESTATION,02-Eixample/05-el Fort Pienc,True,447,1000,1774994105,41726,17933,679,611,108,155,212,237,172,142,160,1290,176,532,501,80.4,459,346,102,103,1290,446.34,132.87,131.58,4.8,,5.368618950386631,0,25,5.5547010750032095,0,27,5.449715585893061,2.8564277588168374,0.1988377389032088,0.6120380904226183,0.205729669444563
448,"C/ RAMÓN TURRÓ, 160","C/ RAMÓN TURRÓ, 160",8005.0,27,801910057,el Poblenou,0.6876657161438791,0.0027014858171994,0.0128320576316974,0.1453174245835209,0.3639126519585772,18.566974335884737,6.766996848266547,8884,15,6,118.91472599745664,1,1,291.9139119167773,0,0,983.2577006426066,136,1675.5848468412617,15.754630515716745,10.82051282051282,-0.0938974358974358,ELECTRICBIKESTATION,10-SantMartí/68-el Poblenou,True,448,1000,1774994105,36549,16483,669,688,101,121,268,307,194,121,111,1357,180,523,504,68.1,437,324,96,149,1357,439.67,202.19,130.27,5.2,,6.799430731796593,0,27,6.8254122793798375,0,27,14.765646105357948,3.80132823052679,0.2518307678443178,0.250629512898761,0.2527930473844384
449,"C/ BOLIVIA, 120","C/ BOLIVIA, 120",8018.0,27,801910097,Provençals del Poblenou,0.523136155639816,0.0027030070953936,0.0195968014416037,0.0590156549160941,0.2252505912828021,14.124676202275031,8.792994706611104,8879,14,10,42.21804691624254,0,0,633.3537047787497,8,3,274.8976826883574,175,1589.8706318915492,48.03145204093847,11.432432432432432,0.2433513513513513,ELECTRICBIKESTATION,10-SantMartí/71-Provençals del Poblenou,True,449,1000,1774994105,47256,19539,775,700,200,136,196,285,273,100,155,1475,182,611,577,77.1,302,280,38,122,1475,413.0,179.95,56.05,6.3,,6.026869544313776,0,26,6.211518381781016,0,25,10.603558959342267,3.521117242932762,0.2232173905301386,0.3256664706152261,0.2300562363622598
45,"C/ SARDENYA, 66","C/ SARDENYA, 66",8005.0,27,801910051,la Vila Olímpica del Poblenou,0.3894004501739308,0.0136430262712819,0.0633667831773593,0.0164618333521253,0.0517532980042845,10.513812154696131,13.196865486526102,8869,22,7,79.38709612508833,4,2,463.9627053242856,12,2,159.3701346091319,134,2579.754013453371,11.03143211831845,17.384615384615383,-0.3629230769230769,ELECTRICBIKESTATION,10-SantMartí/67-la Vila Olímpica del Poblenou,True,45,1000,1774994105,49710,19457,785,790,154,183,238,263,237,163,204,1575,169,614,660,82.1,440,296,20,143,1575,466.2,225.22,31.5,5.4,,5.853357197701182,0,25,6.157790911580993,0,27,7.964032021648438,2.5497801330476944,0.2167910073222657,0.488772795797263,0.2280663300585547
450,"C/ CRISTOBAL DE MOURA, 84","C/ CRISTOBAL DE MOURA, 84",8019.0,27,801910095,Provençals del Poblenou,0.5532952563070317,0.0037364130434782,0.0183423913043478,0.0598958333333333,0.2206748188405797,14.938971920289855,10.721127717391305,8832,16,4,52.53355483421959,1,1,389.9736066148095,4,1,331.74902459738934,249,1495.596610868249,27.923706405143456,9.552631578947368,-0.1876315789473684,ELECTRICBIKESTATION,10-SantMartí/71-Provençals del Poblenou,True,450,1000,1774994105,36471,14964,642,645,123,129,210,259,198,133,108,1287,199,602,344,66.4,326,276,88,108,1287,355.21,139.0,113.26,6.3,,7.038130821201824,0,27,7.377813342800299,0,27,9.483129528985508,5.455842391304348,0.2606715118963641,0.3970788043478261,0.2732523460296412
451,"C/ PALLARS, 504","C/ PALLARS, 504",8019.0,24,801910091,el Besòs i el Maresme,0.6594737039537849,0.0014629754670267,0.0060769750168804,0.12525320729237,0.275827143821742,15.82736889489084,7.511928876884988,8886,14,10,34.0509728061699,2,1,141.4705111321678,8,3,367.4432284794133,51,729.0953383510716,21.643317405390757,11.575,-0.174325,ELECTRICBIKESTATION,10-SantMartí/70-el Besòs i el Maresme,True,451,1000,1774994105,34764,13799,927,947,185,194,268,293,294,246,256,1874,466,988,345,70.3,520,292,32,106,1874,547.21,198.64,59.97,6.3,,5.889979700828273,0,24,5.859739647647843,0,23,8.75557056043214,7.071798334458699,0.2454158208678455,0.3129970365368744,0.2441558186519937
452,"GRAN VIA DE LES CORTS CATALANES, 1157 (D)","GRAN VIA DE LES CORTS CATALANES, 1157 (D)",8020.0,54,801910088,el Besòs i el Maresme,0.3891523162487944,0.0032121142594929,0.0184696569920844,0.0008030285648732,0.0026385224274406,21.014225077434897,31.586555007456692,8717,24,12,91.7652114813982,1,1,106.54201409527404,8,2,71.01036285532395,62,849.0629069271911,117.24154097116896,16.36842105263158,-0.2702368421052632,ELECTRICBIKESTATION,10-SantMartí/73-la Verneda i la Pau,True,452,1000,1774994105,36128,14842,808,797,150,194,205,199,274,277,205,1605,344,925,231,81.9,242,293,26,106,1605,470.26,170.13,41.73,6.3,,10.331418573439228,0,54,10.056597204999656,0,53,7.386715613169668,13.627509464265229,0.1913225661748006,0.5849362038417906,0.1862332815740671
454,"C/ SARDENYA, 402","C/ SARDENYA, 402",8025.0,27,801907003,el Baix Guinardó,0.1551418550630351,0.228014863191082,0.5038846976691814,0.0,0.0,4.188830086701948,21.197275081634952,8881,18,7,72.31210312310792,2,1,450.515748459395,0,0,915.2970053125742,179,2430.606753192342,9.639758933393232,72.4054054054054,-0.4168108108108108,ELECTRICBIKESTATION,07-Horta-Guinardó/33-el Baix Guinardó,True,454,1000,1774994105,45343,18735,662,593,127,166,199,209,139,173,137,1255,110,543,553,74.4,345,238,26,160,1255,298.69,200.8,32.63,5.2,,4.483934434375622,0,22,4.6495225713562665,4,27,0.2930976241414255,3.8957324625605225,0.1660716457176153,0.785084262282776,0.1722045396798615
455,"C/ PROVENÇA, 595","C/ PROVENÇA, 595",8026.0,22,801910013,el Camp de l'Arpa del Clot,0.4141362867251192,0.0707275803722504,0.2267343485617597,0.0820078962210942,0.1946982515510434,9.110998307952622,9.799548787366046,8865,11,6,150.8732260658948,16,5,339.783106011979,0,0,950.5049790461976,157,2406.5090202638617,7.598902417150655,42.11111111111112,-0.0643611111111111,ELECTRICBIKESTATION,10-SantMartí/64-el Camp de l'Arpa del Clot,True,455,1000,1774994105,39547,18080,696,610,100,139,229,214,189,138,184,1306,185,574,484,69.1,345,264,25,146,1306,344.78,190.68,32.65,5.9,,6.4090130865674055,0,22,6.586011031924383,0,22,2.108855047941342,7.00214326001128,0.2913187766621551,0.4454340357893657,0.2993641378147448
456,"C/ MÚRCIA, 1","C/ MÚRCIA, 1",8026.0,21,801910028,el Clot,0.4082431437066189,0.0845658800948402,0.2249068533363441,0.0408716269617251,0.2085356215422829,8.573106017838997,9.365360731624705,8857,26,10,31.2141645941515,8,2,194.35655896526305,0,0,859.4719237529085,142,2271.7757406046767,6.552619887810167,34.3421052631579,0.315078947368421,ELECTRICBIKESTATION,10-SantMartí/65-el Clot,True,456,1000,1774994105,42066,16685,869,815,150,232,232,245,307,247,171,1684,203,859,537,70.5,390,287,42,147,1684,483.31,247.55,70.73,5.9,,5.955713116647409,0,21,6.085803343379469,0,21,2.944337811900192,5.628768205938806,0.2836053865070193,0.4459695586487954,0.2898001592085473
457,"C/ GRANADELLA, 10-19 | C/ SAS","C/ GRANADELLA, 10-19 | C/ SAS",8030.0,18,801909010,el Bon Pastor,0.4987477616239027,0.0103685337540854,0.0732559450016905,0.0405725233855516,0.1406514144032458,8.97745970923025,8.350614222923475,8873,29,7,64.95464971846363,1,1,258.1800255299016,0,0,2073.851169461872,87,188.0417455052891,284.8481431138652,20.73684210526316,0.056,ELECTRICBIKESTATION,09-SantAndreu/59-el Bon Pastor,True,457,1000,1774994105,32710,13544,877,858,169,211,182,264,273,259,250,1735,484,910,189,76.5,209,333,54,102,1735,577.76,176.97,93.69,4.9,,4.582249684006116,0,18,4.608283392840445,0,18,3.7677223036177168,5.2097374056125325,0.2545694268892288,0.4639230123846375,0.256015744046692
458,"C/ TUCUMÁN, 21","C/ TUCUMÁN, 21",8030.0,24,801909009,el Bon Pastor,0.3565691579303348,0.0192762935407507,0.1469958291060759,0.0431743884567692,0.1130650433998421,8.557659790328035,14.706684702964717,8871,21,5,148.07755866514876,1,1,476.13769529566207,0,0,2939.2614365814893,76,224.24713484395176,163.12166207375552,23.605263157894736,-0.1234473684210526,ELECTRICBIKESTATION,09-SantAndreu/59-el Bon Pastor,True,458,1000,1774994105,40499,15010,713,639,191,116,127,261,200,108,228,1352,301,678,242,68.1,158,696,276,218,1352,940.99,294.74,373.15,4.9,,6.720295674976179,0,24,6.838454779054719,0,24,2.2994025476270994,6.258257242700935,0.2800123197906734,0.6127785292901965,0.2849356157939463
459,"PG. SANTA COLOMA, 105","PG. SANTA COLOMA, 105",8030.0,39,801909005,la Trinitat Vella,0.2983101745371857,0.0023694008800631,0.0288841250141035,0.0,0.0204219790138779,11.634096806950245,25.597427507615933,8863,20,8,160.54637562538943,3,1,269.4551248794974,0,0,3245.5940068014725,21,1201.051507883623,9.870287726807074,23.97297297297297,-0.0222432432432432,ELECTRICBIKESTATION,09-SantAndreu/57-la Trinitat Vella,True,459,1000,1774994105,35830,13581,785,786,168,185,223,319,226,153,139,1571,304,838,279,67.5,342,303,49,108,1571,476.01,169.67,76.98,9.9,,7.105552133998518,0,35,7.596914806231603,1,37,4.566173981721764,7.067922825228478,0.1821936444615002,0.6563442950670751,0.1947926873392725
46,"C/ VILLENA, 1","C/ VILLENA, 1",8005.0,54,801910054,la Vila Olímpica del Poblenou,0.2395022140784853,0.0123683005038937,0.0258818140174072,0.0011452130096197,0.0017178195144296,12.933119560238204,39.08153916628493,8732,25,9,122.67190289202163,2,1,225.6556490122609,8,2,110.02231497452824,73,1960.893326116558,45.13574798130527,12.473684210526317,0.0268947368421052,ELECTRICBIKESTATION,10-SantMartí/67-la Vila Olímpica del Poblenou,True,46,1000,1774994105,63952,24193,497,445,92,143,124,124,161,137,75,942,55,306,471,109.4,232,360,53,175,942,339.12,164.85,49.93,5.4,,8.861014296899189,0,53,9.60208158120941,0,53,9.704191479615208,3.228928080622996,0.1640928573499851,0.7237322067830543,0.1778163255779515
460,"C/ MIREIA, 28","C/ MIREIA, 28",8033.0,15,801909003,la Trinitat Vella,0.1782786731282166,0.1835906683196213,0.5422066944663586,0.0,0.0042826552462526,2.67418009692325,11.582666516398062,8873,63,19,24.43864350685134,4,3,398.0578100299713,0,0,3857.178355225448,31,192.1831653611883,244.562088185938,57.57142857142857,-0.5964285714285714,ELECTRICBIKESTATION,09-SantAndreu/57-la Trinitat Vella,True,460,1000,1774994105,28431,10264,1019,1104,230,288,329,365,270,172,237,2123,618,1083,188,60.6,718,248,35,109,2123,526.5,231.41,74.31,9.9,,2.323602158407314,0,11,2.5483515002056283,2,15,0.3473458807618618,2.3268342161613886,0.1549068105604875,0.7721777677598708,0.169890100013709
461,"AV. RIO DE JANEIRO, 118","AV. RIO DE JANEIRO, 118",8016.0,28,801908095,la Prosperitat,0.1858085250338295,0.1103969327920613,0.3378439332431213,0.0,0.0,5.202638700947226,21.91294542174109,8868,31,22,38.74791171608561,4,1,418.9951099523757,0,0,3184.9831168155447,37,701.1945861048238,0.079493598049464,56.15384615384615,-0.37,ELECTRICBIKESTATION,08-NouBarris/52-la Prosperitat,True,461,1000,1774994105,40339,16282,511,499,101,100,120,155,157,106,205,1010,198,588,210,73.0,138,293,23,117,1010,295.93,118.17,23.23,6.6,,4.496566591827572,0,20,4.7495145130157805,6,28,0.8240866035182679,4.378552097428958,0.1605916639938423,0.7826051936336104,0.1696255183219922
462,"C/ PALAMÓS, 33","C/ PALAMÓS, 33",8033.0,28,801908104,la Trinitat Nova,0.1594400695685782,0.153646714011949,0.4129184984781873,0.0,0.0,4.464321947920189,23.36794048021644,8871,19,7,25.14743389194641,4,3,278.3093561185124,0,0,3623.127147258095,26,0.0,319.3260539681404,62.5,0.0599444444444444,ELECTRICBIKESTATION,08-NouBarris/53-la Trinitat Nova,True,462,1000,1774994105,26883,11137,601,573,102,163,166,207,173,157,98,1174,336,682,102,56.3,329,279,22,95,1174,327.55,111.53,25.83,9.5,,4.083188757333868,0,18,4.085598242091427,10,28,0.8647277646263104,3.599594183293879,0.1458281699047808,0.8345693028648726,0.1459142229318368
463,"C/ PEDROSA, 24","C/ PEDROSA, 24",8033.0,24,801908107,la Trinitat Nova,0.1121649679124197,0.2883352208380521,0.5960362400906002,0.0373725934314835,0.0520951302378255,2.6919592298980746,18.489014722536805,8830,44,11,99.31141165266364,4,3,21.489577443174262,0,0,3889.251914840351,26,518.507217787142,68.10613243271916,77.21052631578948,0.3621315789473684,ELECTRICBIKESTATION,08-NouBarris/53-la Trinitat Nova,True,463,1000,1774994105,28579,11416,928,861,186,221,225,264,344,242,174,1789,551,961,156,73.9,284,266,33,113,1789,475.87,202.16,59.04,9.5,,3.1347602881650687,0,23,6.134838880907797,0,24,0.0936579841449603,2.5983012457531145,0.1306150120068778,0.7703756134390336,0.2556182867044917
464,"AV. RIO DE JANEIRO, 96","AV. RIO DE JANEIRO, 96",8016.0,24,801908092,la Prosperitat,0.2161751992181627,0.1281010374379792,0.3421290031574199,0.0,0.0041723049165539,5.188204781235904,17.00890843482183,8868,16,5,36.39186702135735,0,0,549.8585126854675,0,0,3147.7197457748007,59,861.8662488749064,8.476092677720997,54.270270270270274,0.266027027027027,ELECTRICBIKESTATION,08-NouBarris/52-la Prosperitat,True,464,1000,1774994105,35831,14608,490,456,82,86,110,117,145,145,201,946,281,496,117,63.5,166,319,28,120,946,301.77,113.52,26.49,6.6,,4.400970886200947,0,21,4.862984479538199,1,24,1.3389715832205684,3.849233198015336,0.1833737869250398,0.7087045181175763,0.202624353314091
465,"C/ ROSSELLÓ, 261","C/ ROSSELLÓ, 261",8008.0,27,801902083,la Dreta de l'Eixample,0.1837785040760359,0.2717232052293474,0.4973515158345543,0.0,0.0037191479770089,4.96201961005297,19.88504451707427,8873,23,15,68.10402066704742,16,3,59.29899500499942,0,0,715.0482839268346,364,2053.585733589513,102.87201548727856,59.43243243243244,0.1213243243243243,ELECTRICBIKESTATION,02-Eixample/07-la Dreta de l'Eixample,True,465,1000,1774994105,66319,28846,963,871,169,341,292,280,219,181,232,1834,85,596,1098,121.9,690,646,308,285,1834,1184.76,522.69,564.87,4.2,,5.567948586890148,0,24,5.737875300402045,1,27,3.206694466358616,1.7553251436943536,0.2062203180329685,0.73648313026201,0.2125139000148909
466,"C/ PABLO IGLESIAS, 21","C/ PABLO IGLESIAS, 21",8016.0,30,801908090,la Prosperitat,0.1685416901514297,0.0924360275053545,0.3467478300078909,0.0,0.0,5.056250704542893,24.747379100439638,8871,26,9,216.43336527352588,2,1,231.39532445783863,0,0,3501.2511008740566,58,370.7820393313772,234.5234274616076,73.78378378378379,-0.1432162162162162,ELECTRICBIKESTATION,08-NouBarris/52-la Prosperitat,True,466,1000,1774994105,32819,13856,590,551,120,126,161,201,150,100,192,1141,293,612,189,64.6,232,285,32,127,1141,325.18,144.91,36.51,6.6,,4.293895025132583,0,24,4.354174564743313,6,30,1.2181264795400744,3.838124225002818,0.143129834171086,0.8249126366813212,0.1451391521581106
467,PL. JESÚS CARRASCO,PL. JESÚS CARRASCO,8042.0,20,801908075,Verdun,0.1062899908592321,0.3112431444241316,0.6633912248628885,0.0,0.0,2.125799817184644,17.678587751371115,8752,49,13,60.62042557157402,6,2,210.70594661736425,0,0,3898.5765540969846,54,486.2065145784135,186.1069693840731,101.61111111111111,0.1195,ELECTRICBIKESTATION,08-NouBarris/51-Verdun,True,467,1000,1774994105,29170,12501,971,827,185,223,218,331,282,189,232,1798,439,1035,254,56.9,509,257,34,84,1798,462.09,151.03,61.13,7.3,,2.305996574921904,0,10,2.511335684171453,8,20,0.1151736745886654,2.010626142595978,0.1152998287460953,0.8839293875685558,0.1255667842085736
468,"C/ NOU BARRIS, 23","C/ NOU BARRIS, 23",8042.0,18,801908067,les Roquetes,0.1018727295502943,0.3576099210822999,0.720293122886133,0.0,0.0,1.8337091319052987,16.103720405862457,8870,37,11,108.36072663873084,7,3,163.07265069521495,0,0,4098.258054991648,58,322.3929580227548,244.33823244442257,118.10526315789474,0.4611052631578947,ELECTRICBIKESTATION,08-NouBarris/50-les Roquetes,True,468,1000,1774994105,31663,12368,916,854,202,234,228,289,272,199,199,1770,426,938,268,68.7,451,294,35,116,1770,520.38,205.32,61.95,7.3,,2.200608802938352,0,11,2.2011942664694386,7,18,0.4701240135287486,1.3635851183765502,0.1222560446076864,0.8946511336590255,0.1222885703594132
469,"C/ SANT FRANCESC XAVIER, 1","C/ SANT FRANCESC XAVIER, 1",8016.0,12,801908087,la Prosperitat,0.3201848303843119,0.1327623126338329,0.4378451482024118,0.0101431308463879,0.0902738645328524,3.842217964611744,7.221796461174349,8873,32,10,50.41258448061768,2,1,231.36672975488952,0,0,3555.150298643972,75,864.0951302316416,40.9590796369593,80.94736842105263,-0.2059736842105263,ELECTRICBIKESTATION,08-NouBarris/52-la Prosperitat,True,469,1000,1774994105,30484,13292,609,529,131,112,139,217,151,148,164,1138,253,692,178,58.5,272,271,39,88,1138,308.4,100.14,44.38,6.6,,3.1113811475697912,0,11,3.0362163331649112,0,12,0.1917051729967316,3.650512791615012,0.2592817622974821,0.6018163717645292,0.2530180277637426
47,"C/ RAMON TRIAS FARGAS, 21","C/ RAMON TRIAS FARGAS, 21",8005.0,47,801910054,la Vila Olímpica del Poblenou,0.38778024913169,0.0009031384059607,0.0465116279069767,0.0179498758184691,0.0397380898622713,18.225671709189434,26.391849175886204,8858,19,5,25.02515969401735,2,1,450.325246685701,8,2,152.08146293480564,101,1437.6410840006583,18.87326102104824,15.18918918918919,-0.046027027027027,ELECTRICBIKESTATION,10-SantMartí/67-la Vila Olímpica del Poblenou,True,47,1000,1774994105,63952,24193,497,445,92,143,124,124,161,137,75,942,55,306,471,109.4,232,360,53,175,942,339.12,164.85,49.93,5.4,,11.554974276715038,0,47,11.623816869167271,0,46,11.913185820727026,6.312485888462406,0.2458505165258511,0.5615287058699193,0.2473152525354733
470,"C/ GÒNGORA, 23","C/ GÒNGORA, 23",8042.0,24,801908078,Verdun,0.0833476599808978,0.3799426934097421,0.7303151862464183,0.0,0.0,2.000343839541548,21.721489971346703,8725,33,13,78.59920662904256,6,2,334.81059894917087,0,0,3891.6616035347774,51,179.02120247586208,289.25517566963447,101.8,-0.1335142857142857,ELECTRICBIKESTATION,08-NouBarris/51-Verdun,True,470,1000,1774994105,26754,11586,772,705,140,174,228,250,237,174,157,1477,368,898,205,51.3,509,217,19,105,1477,320.51,155.08,28.06,7.3,,2.824554169242305,0,15,2.9012720855899,9,24,0.439541547277937,1.5608022922636102,0.1176897570517628,0.905062082139446,0.1208863368995791
471,"PG. VALLDAURA, 171","PG. VALLDAURA, 171",8042.0,24,801908056,la Guineueta,0.1274715115840314,0.1850803712927326,0.5086031242925062,0.0,0.0,3.059316278016753,19.81673081276885,8834,45,12,132.17590559963813,3,1,260.61606178597,0,0,3724.550368379224,81,740.0519299193204,32.97383285822248,88.64102564102564,-0.213,ELECTRICBIKESTATION,08-NouBarris/48-la Guineueta,True,471,1000,1774994105,35178,14348,691,653,135,170,145,212,265,147,183,1344,310,831,253,69.6,234,287,30,107,1344,385.73,143.81,40.32,8.3,,2.8278050111058577,0,15,3.032939045831796,5,24,0.4841521394611727,2.575164138555581,0.1178252087960774,0.825697117198702,0.1263724602429916
472,"VIA FAVÈNCIA, 186","VIA FAVÈNCIA, 186",8042.0,24,801908057,la Guineueta,0.1066202712348322,0.2538036740673954,0.5996844359292235,0.0,0.0,2.558886509635974,20.67767384199256,8873,31,13,16.791207837435593,2,1,352.88550731979217,0,0,4089.1046509847047,51,0.0,443.24539718689056,109.39473684210526,-0.1353157894736842,ELECTRICBIKESTATION,08-NouBarris/48-la Guineueta,True,472,1000,1774994105,36223,15107,617,548,120,131,146,171,232,128,159,1165,280,690,243,79.4,206,269,18,88,1165,313.39,102.52,20.97,8.3,,2.8496966799247043,0,20,2.9447142660481647,3,24,0.3280739321537247,2.2308125774822494,0.118737361663529,0.8615697434163567,0.122696427752007
473,"PG. FABRA I PUIG, 449","PG. FABRA I PUIG, 449",8042.0,21,801908051,la Guineueta,0.1273615023474178,0.2368450704225352,0.5657464788732395,0.0,0.0,2.6745915492957746,18.21284507042253,8875,52,15,38.05151900934888,2,1,319.90850207545736,0,0,4066.8503935051326,76,385.2307458298662,33.59564938897566,103.92307692307692,-0.4814615384615385,ELECTRICBIKESTATION,08-NouBarris/48-la Guineueta,True,473,1000,1774994105,41662,16380,677,633,201,92,97,296,229,114,184,1310,205,691,252,75.6,93,406,35,125,1310,531.86,163.75,45.85,8.3,,2.594749913243912,0,13,2.5951128559183725,8,21,0.4526197183098591,2.221971830985916,0.1235595196782813,0.8672783366867873,0.1235768026627803
474,"VIA FAVÈNCIA, 47","VIA FAVÈNCIA, 47",8042.0,24,801908062,Canyelles,0.1041877981892633,0.2807393215372478,0.6331567677223037,0.0,0.0,2.50050715654232,21.19981967767384,8873,41,13,35.264305654551734,2,1,17.447506335247578,0,0,4263.486909923221,42,0.0,303.35190877815126,111.65714285714286,1.0907714285714285,ELECTRICBIKESTATION,08-NouBarris/49-Canyelles,True,474,1000,1774994105,38677,16049,570,512,91,109,106,137,162,213,217,1082,284,596,142,80.7,71,387,37,131,1082,418.73,141.74,40.03,9.0,,2.9009467943464453,0,16,2.939323263595379,8,24,0.6598670122844584,1.8406401442578608,0.1208727830977682,0.8833258199030768,0.1224718026498081
475,"C/ CAMPO FLORIDO, 66","C/ CAMPO FLORIDO, 66",8027.0,19,801909082,el Congrés i els Indians,0.263957856812714,0.1116865570817383,0.4004728664715154,0.0166629137581625,0.0490880432335059,5.015199279441568,13.2011934249043,8882,26,13,51.75698806216374,4,2,219.59682306732287,0,0,1884.935423196116,112,963.5515660966666,221.40261965906052,58.05555555555556,0.0095,ELECTRICBIKESTATION,09-SantAndreu/62-el Congrés i els Indians,True,475,1000,1774994105,39239,16025,976,907,165,216,292,345,312,220,160,1883,277,930,607,69.1,468,241,37,141,1883,453.8,265.5,69.67,5.3,,4.6433060872161285,0,19,4.818043388705674,0,19,0.9254672371087592,4.089732042332808,0.2443845309061122,0.6947996539423316,0.2535812309845098
476,"C/ PERIODISTES, 9","C/ PERIODISTES, 9",8032.0,18,801907050,el Guinardó,0.2827827827827828,0.2154279279279279,0.4363738738738739,0.0302927927927927,0.084009009009009,5.09009009009009,11.94650900900901,8880,16,6,41.163705336206505,4,2,256.2356958936104,0,0,2226.123936814836,74,400.7490777199739,225.6034138639308,87.3157894736842,0.1931578947368421,ELECTRICBIKESTATION,07-Horta-Guinardó/35-el Guinardó,True,476,1000,1774994105,37569,16523,596,542,94,135,195,192,179,129,125,1138,153,570,358,63.3,316,230,35,166,1138,261.74,188.91,39.83,5.5,,5.002780260103876,0,18,5.122286466844217,0,18,0.0759009009009009,5.014189189189189,0.2779322366724379,0.663694944944945,0.284571470380234
477,"C/ AMILCAR, 78","C/ AMILCAR, 78",8032.0,26,801907052,la Font d'en Fargues,0.1603112975352723,0.1401532221721496,0.4366831906264083,0.0,0.0,4.16809373591708,19.408179360072104,8876,12,6,65.08177631474996,9,2,320.1691451228672,0,0,2673.8588097285688,53,0.0,306.8681926978506,85.58333333333333,0.4678611111111111,ELECTRICBIKESTATION,07-Horta-Guinardó/36-la Font d'en Fargues,True,477,1000,1774994105,55776,21956,586,586,122,93,138,213,159,128,200,1172,144,512,472,76.7,147,348,40,196,1172,407.86,229.71,46.88,6.9,,3.7765951450600874,0,18,3.9849317053325297,6,25,1.0545290671473635,3.1135646687697163,0.1452536594253879,0.7464684369258501,0.1532666040512508
478,"C/ ESCULTOR LLIMONA, 7","C/ ESCULTOR LLIMONA, 7",8031.0,30,801908006,Vilapicina i la Torre Llobeta,0.2463232254913012,0.0973960094690564,0.2598354187802953,0.0120617743208206,0.0192762935407507,7.389696764739037,21.55506707248337,8871,16,6,118.78607857554633,7,1,339.6576864613693,0,0,2939.968128120057,79,0.0,415.3199006258695,81.97435897435898,0.7162307692307692,ELECTRICBIKESTATION,08-NouBarris/44-Vilapicina i la Torre Llobeta,True,478,1000,1774994105,39670,15922,830,736,171,176,228,264,209,185,208,1566,229,800,459,70.3,359,267,38,152,1566,418.12,238.03,59.51,6.6,,6.391985348462585,0,29,6.513924463833526,0,30,3.152519445383835,4.237177319355203,0.2130661782820856,0.7185022357494457,0.2171308154611174
479,"PG. FABRA I PUIG, 344","PG. FABRA I PUIG, 344",8031.0,18,801908045,el Turó de la Peira,0.2137893471564871,0.1167455487942303,0.4411764705882353,0.0,0.0153256704980842,3.848208248816768,12.223574487266172,8874,11,3,50.823541461176205,1,1,91.88493970162835,0,0,3336.9505076189275,46,0.0,610.2416084359522,90.60526315789474,-0.390578947368421,ELECTRICBIKESTATION,08-NouBarris/46-el Turó de la Peira,True,479,1000,1774994105,30500,11488,828,815,157,235,264,263,253,203,120,1643,371,945,262,62.2,526,190,22,90,1643,312.17,147.87,36.15,5.9,,3.30974566647931,0,15,3.824188059579492,1,18,0.5591615956727518,3.289046653144016,0.1838747592488503,0.6790874715147873,0.2124548921988599
48,"AV. MERIDIANA, 40","AV. MERIDIANA, 40",8018.0,21,801910044,el Parc i la Llacuna del Poblenou,0.3657810930845779,0.0415021991654449,0.1795421224765986,0.0400360888688395,0.1347693695725724,7.681402954776137,9.082440509755273,8867,21,9,42.49189440454289,4,2,150.9739419369395,8,2,166.3514263464246,135,2890.3257752038103,20.396136140044543,19.135135135135137,-0.2555945945945945,ELECTRICBIKESTATION,10-SantMartí/66-el Parc i la Llacuna del Poblenou,True,48,1000,1774994105,42072,18058,775,725,95,192,267,210,186,239,215,1500,189,639,617,75.7,422,297,42,132,1500,445.5,198.0,63.0,5.3,,4.91907169467813,0,21,5.163454322881245,0,21,4.854742302920942,2.8266606518551933,0.2342415092703867,0.4324971671312034,0.2458787772800589
480,"PG. FABRA I PUIG, 385","PG. FABRA I PUIG, 385",8031.0,28,801907106,Horta,0.1911078717201166,0.1510204081632653,0.4103174603174603,0.0,0.0010204081632653,5.351020408163265,21.39455782312925,8820,8,4,32.0500102542741,3,1,466.907939270655,0,0,3788.960358136123,45,0.0,676.3116983374272,102.08571428571427,-0.281,ELECTRICBIKESTATION,07-Horta-Guinardó/43-Horta,True,480,1000,1774994105,42100,17216,566,500,125,90,140,184,163,142,136,1066,211,531,291,74.0,122,290,27,141,1066,309.14,150.31,28.78,6.0,,5.1790619745687865,0,24,5.204938677803955,2,28,2.2472789115646257,3.1037414965986394,0.1849664990917431,0.7640913508260447,0.1858906670644263
481,"PG. FABRA I PUIG, 411","PG. FABRA I PUIG, 411",8031.0,27,801907105,Horta,0.2416444394354909,0.0990645779330553,0.3187197114842781,0.0,0.0,6.524399864758255,19.655020849768963,8873,16,4,80.62227165953865,0,0,626.0750232045989,0,0,3930.1906784590233,41,0.0,391.3604943590346,94.35897435897436,0.5822564102564102,ELECTRICBIKESTATION,07-Horta-Guinardó/43-Horta,True,481,1000,1774994105,42471,18480,514,464,82,97,114,141,148,159,168,978,170,474,281,70.2,87,358,23,203,978,350.12,198.53,22.49,6.0,,5.342538253890485,0,20,5.381364778794997,5,27,4.142567339118675,2.381832525639581,0.1978717871811289,0.7279637351766282,0.1993098066220366
482,"PG. UNIVERSAL, 29 | C/ DOCTOR LETAMENDI","PG. UNIVERSAL, 29 | C/ DOCTOR LETAMENDI",8042.0,23,801907105,Horta,0.3589576579135528,0.1306600585717504,0.2930840279342194,0.0009011038522189,0.0394232935345798,8.256026132011714,13.747015093489525,8878,23,12,63.19661001466541,1,1,431.2127362179203,0,0,4149.56511942228,41,0.0,323.344439982363,103.47222222222224,0.0552777777777777,ELECTRICBIKESTATION,07-Horta-Guinardó/43-Horta,True,482,1000,1774994105,42471,18480,514,464,82,97,114,141,148,159,168,978,170,474,281,70.2,87,358,23,203,978,350.12,198.53,22.49,6.0,,6.585347106117295,0,22,6.454089088087095,0,23,4.921266050912368,3.3347600810993465,0.2863194393964037,0.597696308412588,0.2806125690472652
483,"BAIXADA DE LA PLANA, 35","BAIXADA DE LA PLANA, 35",8032.0,32,801907119,Horta,0.2142444482020065,0.0631270431743884,0.2190282944425656,0.0,0.0,6.855822342464209,24.12174501183632,8871,45,11,9.245981571589429,3,1,98.2508855233796,0,0,3488.220194900883,112,0.0,316.7504105953004,92.62162162162164,0.4025945945945945,ELECTRICBIKESTATION,07-Horta-Guinardó/43-Horta,True,483,1000,1774994105,35556,14926,654,590,107,154,209,186,200,121,152,1244,222,662,314,66.3,297,252,34,142,1244,313.49,176.65,42.3,6.0,,4.453120421171871,0,22,4.706929758881196,8,32,5.177206628339533,1.6786157141246758,0.1391600131616209,0.753804531619885,0.1470915549650373
484,"C/ EDUARD TODA, 33 | C/ DOCTOR LETAMENDI","C/ EDUARD TODA, 33 | C/ DOCTOR LETAMENDI",8031.0,27,801907110,Horta,0.0754328442604618,0.2909878090463711,0.6547795374273669,0.0,0.0,2.0366867950324714,24.49436025976985,8777,7,1,137.17160843967284,1,1,398.81494895391313,0,0,4037.8661784183,53,0.0,477.1943881154988,105.64864864864865,0.1481891891891892,ELECTRICBIKESTATION,07-Horta-Guinardó/43-Horta,True,484,1000,1774994105,42289,17676,488,405,84,89,94,132,143,112,175,893,185,465,261,69.9,99,304,20,161,893,271.47,143.77,17.86,6.0,,2.2698578490663324,0,17,2.367451801988316,10,27,0.1884470775891534,1.8482397174433176,0.0840688092246789,0.9071985281396242,0.0876834000736416
485,"PG. VALLDAURA, 26","PG. VALLDAURA, 26",8031.0,27,801907109,Horta,0.1012849584278155,0.1908562307604606,0.6527191882339528,0.0,0.0,2.7346938775510203,22.09303386158933,8771,35,12,52.911821547223575,1,1,65.16818432835652,0,0,4394.623330408033,37,0.0,407.9439773814572,123.86842105263158,0.1222105263157894,ELECTRICBIKESTATION,07-Horta-Guinardó/43-Horta,True,485,1000,1774994105,33451,14478,842,760,152,155,220,267,236,168,284,1602,343,768,374,60.8,304,287,32,140,1602,459.77,224.28,51.26,6.0,,3.2126040378303418,0,19,3.0669103222335847,6,27,0.429939573594801,2.3047543039562197,0.1189853347344572,0.8182605133921973,0.1135892711938367
486,"C/ PORTO, 35 | AV. ESTATUT DE CATALUNYA","C/ PORTO, 35 | AV. ESTATUT DE CATALUNYA",8032.0,28,801907112,Horta,0.2254001352569882,0.0732642019837691,0.171663660955816,0.0,0.0,6.311203787195672,20.855613165013526,8872,24,9,105.62989401955636,3,1,334.0448082077228,0,0,3684.3753481314993,57,284.1109312253777,72.46398846346808,93.39473684210526,0.6765263157894736,ELECTRICBIKESTATION,07-Horta-Guinardó/43-Horta,True,486,1000,1774994105,43884,17437,648,581,133,123,154,168,224,184,161,1229,246,621,340,71.2,195,288,40,128,1229,353.95,157.31,49.16,6.0,,4.164709489746167,0,22,4.093072862621497,6,28,4.502141568981064,1.809062218214608,0.148739624633792,0.7448433273219116,0.1461811736650539
487,"C/ LISBOA, 128","C/ LISBOA, 128",8032.0,27,801907102,el Carmel,0.1270562797667497,0.1965513355122281,0.5744393102671025,0.0,0.0,3.4305195537022426,22.922461399752056,8873,22,7,149.83957946540858,4,2,357.2207736554066,0,0,3390.1098565592138,88,391.58598637335655,169.69022220939178,117.66666666666669,0.9481538461538462,ELECTRICBIKESTATION,07-Horta-Guinardó/42-la Clota,True,487,1000,1774994105,40693,16063,306,341,53,59,121,140,104,43,46,647,109,327,246,71.2,111,283,94,213,647,183.1,137.81,60.82,6.4,,3.9041349277286663,0,17,3.9713618281900014,9,27,2.0925278936098275,1.337991660092415,0.1445975899158766,0.8489800518426688,0.147087475118148
488,"AV. CAN MARCET, 36","AV. CAN MARCET, 36",8035.0,27,801907098,la Vall d'Hebron,0.1448737867321539,0.3252142534957149,0.6659900766801985,0.0014659449706811,0.0039467749210645,3.911592241768155,22.303901668921966,8868,15,8,46.92060710406658,3,1,97.30121626002654,0,0,4350.08713593497,35,314.5727026658999,42.713506904206845,141.02564102564102,0.6216153846153846,ELECTRICBIKESTATION,07-Horta-Guinardó/41-la Vall d'Hebron,True,488,1000,1774994105,54299,21745,1074,981,203,220,226,342,330,246,282,2055,222,836,793,88.9,196,353,30,133,2055,725.42,273.32,61.65,6.5,,5.659053695116104,0,23,5.880256814971677,0,27,1.310103743797925,2.60148849797023,0.2095945813005966,0.826070432182295,0.2177872894433948
489,"C/ JORGE MANRIQUE, 15","C/ JORGE MANRIQUE, 15",8035.0,27,801907101,la Vall d'Hebron,0.134064017159055,0.2084584885257719,0.5603748648323922,0.0,0.0,3.619728463294485,21.66057911810645,8323,6,2,47.57088698411263,5,1,411.2140554070549,0,0,3921.6010663516167,33,250.982554073796,156.43158571874412,124.02631578947368,0.4663947368421052,ELECTRICBIKESTATION,07-Horta-Guinardó/41-la Vall d'Hebron,True,489,1000,1774994105,39871,17038,718,634,102,144,149,211,202,129,321,1352,296,683,371,60.1,230,304,36,114,1352,411.01,154.13,48.67,6.5,,4.548854151445517,0,21,4.859874207650384,3,26,2.3493932476270576,1.2703352156674277,0.1684760796831677,0.8022436710409797,0.179995341024088
49,"C/ ROSA SENSAT, 20","C/ ROSA SENSAT, 20",8005.0,21,801910053,la Vila Olímpica del Poblenou,0.6438112438789716,0.002596229822779,0.0469578959250479,0.0945930691951687,0.2875042329834067,13.520036121458403,6.502088271813975,8859,14,7,77.3275857490642,0,0,573.7235472665176,0,0,545.3853031969915,92,985.0866746123728,179.51603635687917,10.91891891891892,0.1438918918918919,ELECTRICBIKESTATION,10-SantMartí/67-la Vila Olímpica del Poblenou,True,49,1000,1774994105,84079,31542,856,837,147,258,208,190,270,322,187,1693,83,478,958,87.2,357,400,48,195,1693,677.2,330.14,81.26,5.4,,5.426838400663697,0,21,5.224824718172417,0,20,11.112540918839596,2.4074952026188057,0.2584208762220807,0.3096232510387606,0.24880117705583
490,"PG. VALL D'HEBRÓN, 168","PG. VALL D'HEBRÓN, 168",8035.0,50,801907101,la Vall d'Hebron,0.1746394312154384,0.2371064213971335,0.4156415754429522,0.0,0.0,8.731971560771921,39.068840988601735,8861,26,14,21.34654746052827,8,3,285.8383130449271,0,0,3809.990246320952,88,588.4122871406739,9.023685466155824,157.3421052631579,-0.4932105263157895,ELECTRICBIKESTATION,07-Horta-Guinardó/41-la Vall d'Hebron,True,490,1000,1774994105,39871,17038,718,634,102,144,149,211,202,129,321,1352,296,683,371,60.1,230,304,36,114,1352,411.01,154.13,48.67,6.5,,8.6867769602283,0,30,8.571673696222321,19,50,4.0734680058684125,4.658503554903509,0.1737355392045659,0.7813768197720348,0.1714334739244462
491,"C/ PARE MARIANA, 24","C/ PARE MARIANA, 24",8035.0,27,801907101,la Vall d'Hebron,0.0588033931135824,0.5027051397655545,0.8594454463480613,0.0,0.0,1.5876916140667268,24.90148782687105,8872,27,8,69.47902460413657,2,1,49.34223859142322,0,0,4012.487680713135,113,127.27463630429584,225.2530742166155,144.35897435897436,0.131076923076923,ELECTRICBIKESTATION,07-Horta-Guinardó/41-la Vall d'Hebron,True,491,1000,1774994105,39871,17038,718,634,102,144,149,211,202,129,321,1352,296,683,371,60.1,230,304,36,114,1352,411.01,154.13,48.67,6.5,,3.107544717336572,0,18,3.341595560599668,5,27,0.6057258791704238,0.981965734896303,0.1150942487902434,0.9222773269211502,0.1237627985407286
492,PL. TETUAN,PL. TETUAN,8010.0,24,801902073,la Dreta de l'Eixample,0.1664132026585558,0.0929368029739776,0.4157936239720626,0.0015771093838008,0.0040554241297735,3.99391686380534,16.77672637152191,8877,66,21,101.52895043093451,4,3,64.16541925055586,0,0,650.902112432495,248,2503.511968138958,35.000944582415634,32.973684210526315,0.2222894736842105,ELECTRICBIKESTATION,02-Eixample/07-la Dreta de l'Eixample,True,492,1000,1774994105,57060,23724,806,740,129,246,282,263,214,178,138,1546,98,528,891,123.6,532,281,35,188,1546,434.43,290.65,54.11,4.2,,3.397034857252517,0,21,3.6952625430841146,0,23,1.7657992565055762,2.2281176072997635,0.141543119052188,0.6990302654800796,0.1539692726285049
493,"PG. VALL D'HEBRÓN, 80","PG. VALL D'HEBRÓN, 80",8023.0,24,801906010,Vallcarca i els Penitents,0.1122232246908011,0.348934250592083,0.7107251607082441,0.0,0.0,2.6933573925792262,20.72662681854065,8867,45,13,77.53306968688003,3,1,241.370670958512,0,0,3088.315663134172,127,413.0671677297678,48.87951038979,177.94736842105263,0.538578947368421,ELECTRICBIKESTATION,06-Gràcia/28-Vallcarca i els Penitents,True,493,1000,1774994105,57552,23746,508,468,90,106,113,162,134,126,167,976,126,435,356,73.4,185,388,22,211,976,378.69,205.94,21.47,4.9,,4.1329861375931785,0,21,4.105634047020727,3,24,0.973384459230856,1.7199729333483704,0.1722077557330495,0.8636094507725274,0.1710680852925303
494,"RBLA. CATALUNYA, 33 - C/ DIPUTACIÓ","RBLA. CATALUNYA, 33 - C/ DIPUTACIÓ",8007.0,24,801902079,la Dreta de l'Eixample,0.2785219094985117,0.2585057081496552,0.4538261557590143,0.0504125692325082,0.1158584831016163,6.684525827964282,14.137786820391094,8847,58,22,177.87923681508462,41,7,209.92568850518168,0,0,992.6339889837514,434,1986.2254292400016,49.42752762156776,42.78947368421053,-0.1834736842105263,ELECTRICBIKESTATION,02-Eixample/07-la Dreta de l'Eixample,True,494,1000,1774994105,67110,28148,704,715,126,275,279,214,153,115,171,1419,88,420,824,133.4,602,594,234,261,1419,842.89,370.36,332.05,4.2,,7.241892342550443,0,23,7.343506653433303,0,23,4.087939414490788,2.596586413473494,0.3017455142729347,0.589074450849629,0.3059794438930536
495,"C/ DIPUTACIÓ, 22","C/ DIPUTACIÓ, 22",8015.0,21,801902149,la Nova Esquerra de l'Eixample,0.3271422133522179,0.0522757999098693,0.2386210004506534,0.0158855340243352,0.0512618296529968,6.869986480396575,11.46822893195133,8876,56,24,48.79161691027234,22,4,272.18382482541,0,0,1704.7505677377972,283,2606.9480006389563,6.496308127992469,36.08108108108108,0.1618918918918918,ELECTRICBIKESTATION,02-Eixample/09-la Nova Esquerra de l'Eixample,True,495,1000,1774994105,39990,16465,899,879,143,259,318,302,257,201,163,1778,164,741,748,85.7,554,221,32,181,1778,392.94,321.82,56.9,4.9,,4.8865202849872444,0,20,4.885321971701553,0,20,3.5,3.369986480396575,0.2326914421422501,0.54610613961673,0.232634379604836
496,"C/ PROVENÇA,  445","C/ PROVENÇA, 445",8025.0,18,801902049,la Sagrada Família,0.1560032191539661,0.1700995925758261,0.5397238569488456,0.0007922136713444,0.0027161611588954,2.80805794477139,13.336577636939792,8836,31,11,102.48833218585276,4,2,62.42193548706389,0,0,521.7800184001624,357,2024.4805524097096,15.085285726429111,48.31578947368421,0.2495789473684211,ELECTRICBIKESTATION,02-Eixample/06-la Sagrada Família,True,496,1000,1774994105,39379,17545,1031,892,117,291,400,281,243,209,258,1923,251,810,840,68.1,760,233,22,150,1923,448.06,288.45,42.31,5.1,,2.567095480263922,0,17,2.7173803529808627,0,18,0.6109099139882299,2.19714803078316,0.1426164155702172,0.7409209798299884,0.1509655751656032
497,"PTGE. MALUQUER, 16","PTGE. MALUQUER, 16",8022.0,27,801905035,Sant Gervasi - la Bonanova,0.0767872572222848,0.2952778090837372,0.7150907246703483,0.0,0.0,2.0732559450016903,24.29043164656824,8873,23,8,59.616805160630975,3,1,107.1588941671324,0,0,2012.5395860666356,110,0.0,590.536031524675,139.46153846153845,0.0596666666666666,ELECTRICBIKESTATION,05-Sarrià-StGervasi/25-Sant Gervasi - la Bonanova,True,497,1000,1774994105,98221,34765,503,478,143,109,82,97,145,128,230,981,43,362,529,153.7,116,479,31,328,981,469.9,321.77,30.41,3.3,,2.626175369898465,0,19,2.7592078334576318,8,27,0.2569593147751606,1.81629663022653,0.0972657544406838,0.8996456165395644,0.1021928827206523
498,"C/ ESTEVE TERRADAS, 42","C/ ESTEVE TERRADAS, 42",8023.0,26,801906006,Vallcarca i els Penitents,0.2268555537786307,0.1852621852621852,0.4625779625779626,0.0,0.0115500115500115,5.898244398244398,19.062139062139064,8658,41,12,73.21866267800516,6,1,382.8947035121794,0,0,2483.1878083100746,125,951.8709487824088,17.998333239658827,150.97222222222223,0.1376944444444444,ELECTRICBIKESTATION,06-Gràcia/28-Vallcarca i els Penitents,True,498,1000,1774994105,62157,25693,498,479,103,108,123,141,154,131,136,977,82,343,448,83.8,139,376,24,250,977,367.35,244.25,23.45,4.9,,6.463082831017124,0,24,6.4403552656911565,1,26,3.3646338646338645,2.533610533610533,0.2485801088852742,0.7331591946976562,0.2477059717573524
499,"AV. VALLCARCA, 196","AV. VALLCARCA, 196",8023.0,27,801906012,Vallcarca i els Penitents,0.1104551816339746,0.2368866328257191,0.5774393683023125,0.0,0.0,2.9822899041173154,23.507163000564017,8865,23,6,29.607712183747328,3,1,223.5824917335438,0,0,2645.499878996256,86,813.0848335172767,7.733847280900295,147.56756756756758,0.8443243243243244,ELECTRICBIKESTATION,06-Gràcia/28-Vallcarca i els Penitents,True,499,1000,1774994105,63096,24189,574,527,123,112,123,182,156,112,201,1101,101,421,483,82.7,196,338,15,227,1101,372.14,249.93,16.52,4.9,,3.149053986558544,0,17,3.2713095327835764,10,27,0.0450084602368866,2.9372814438804284,0.1166316291317975,0.8706356666875561,0.1211596123253174
5,"PG. LLUIS COMPANYS, 11 (ARC TRIOMF)","PG. LLUIS COMPANYS, 11 (ARC TRIOMF)",8018.0,39,801901055,"Sant Pere, Santa Caterina i la Ribera",0.174814493460951,0.064152273528375,0.2962049112912701,0.0,0.0022324051227822,6.817765244977089,31.74127599577018,8511,36,13,44.93827826889036,7,2,128.05977293359618,0,0,650.9335575681486,249,1812.034238093005,8.653276307536984,23.05128205128205,0.2824615384615385,ELECTRICBIKESTATION,"01-CiutatVella/04-Sant Pere, Santa Caterina i la Ribera",True,5,1000,1774994105,41259,18412,607,617,85,132,214,197,157,136,210,1224,155,470,522,84.8,420,239,29,123,1224,292.54,150.55,35.5,,,5.886832823574121,0,37,6.1817772624484535,1,39,5.5390670896486895,1.2786981553283985,0.1509444313736952,0.8138788716864149,0.1585071092935505
50,"AV. PARAL.LEL, 54","AV. PARAL.LEL, 54",8004.0,18,801901003,el Raval,0.4686526479750779,0.0283878504672897,0.1336448598130841,0.0378504672897196,0.2154205607476635,8.435747663551401,7.687032710280373,8560,21,10,43.06397007798157,11,2,141.72216928083176,0,0,2225.370189487508,219,1108.918411988297,23.084202308437536,17.94871794871795,0.0304871794871794,ELECTRICBIKESTATION,01-CiutatVella/01-el Raval,True,50,1000,1774994105,28028,9937,1533,1837,431,540,611,497,365,259,188,3370,768,1310,628,59.1,1584,120,28,80,3370,404.4,269.6,94.36,7.4,,4.742174437085358,0,17,4.953676765612641,0,18,5.722429906542056,2.713317757009346,0.2634541353936311,0.4270573727933541,0.2752042647562581
500,"C/ ARGENTERA, 23","C/ ARGENTERA, 23",8023.0,23,801906006,Vallcarca i els Penitents,0.2407849519822341,0.1641673243883188,0.4239485849588454,0.0,0.0219866952305784,5.538053895591386,14.82433194272184,8869,33,10,70.94085165185066,3,1,73.05139953947238,0,0,2175.0120972905584,112,752.9420388509262,12.481367475823973,121.2051282051282,1.4834615384615386,ELECTRICBIKESTATION,06-Gràcia/28-Vallcarca i els Penitents,True,500,1000,1774994105,62157,25693,498,479,103,108,123,141,154,131,136,977,82,343,448,83.8,139,376,24,250,977,367.35,244.25,23.45,4.9,,5.269960731211079,0,19,5.4986395697926085,1,23,0.3831322584282332,5.154921637163152,0.2291287274439592,0.6445361714226887,0.239071285643157
501,"C/ ELISA, 1","C/ ELISA, 1",8023.0,16,801905092,el Putxet i el Farró,0.1804913783387805,0.2194297306435253,0.5719598782824299,0.0027048348923701,0.0081145046771103,2.887862053420489,12.39817423644765,8873,17,5,104.46405008926236,4,1,236.54097102034908,0,0,1449.8458695391196,60,0.0,602.4569668335423,113.36842105263158,0.7500263157894738,ELECTRICBIKESTATION,05-Sarrià-StGervasi/27-el Putxet i el Farró,True,501,1000,1774994105,77999,29786,803,687,178,200,192,210,208,213,175,1490,64,518,819,107.6,254,363,26,226,1490,540.87,336.74,38.74,4.2,,3.028594986959353,0,16,3.103421902482001,0,16,0.0597317705398399,2.8281302828806494,0.1892871866849595,0.7748858897779781,0.193963868905125
502,"AV. VALLCARCA, 11","AV. VALLCARCA, 11",8023.0,19,801906001,Vallcarca i els Penitents,0.1982897258932651,0.2251663096177697,0.5208027962566242,0.0166873379185928,0.0542338482354267,3.7675047919720375,11.90855789829744,8869,37,14,81.82740416790735,2,1,238.86644670646325,0,0,1761.4946899265017,151,236.8980630113572,84.37646443071284,99.13157894736842,0.747421052631579,ELECTRICBIKESTATION,06-Gràcia/28-Vallcarca i els Penitents,True,502,1000,1774994105,43059,18437,591,492,89,123,214,191,140,110,110,1083,127,471,509,82.9,352,270,40,191,1083,292.41,206.85,43.32,4.9,,3.9766259285341583,0,16,4.44196324718539,0,19,0.2975532754538279,3.469951516518209,0.2092961015017976,0.6267662051735495,0.2337875393255472
503,"C/ MAIGNON, 31-41","C/ MAIGNON, 31-41",8024.0,30,801906021,la Salut,0.1081736909323116,0.2067838629704755,0.5540906017579446,0.0012395762902862,0.0047329276538201,3.2452107279693485,22.812485913905796,8874,20,6,85.45027591795933,2,1,477.28075674589854,0,0,1757.495809612519,80,0.0,307.2033839761217,118.3846153846154,-0.2315897435897436,ELECTRICBIKESTATION,06-Gràcia/30-la Salut,True,503,1000,1774994105,53734,22343,683,616,149,151,171,182,149,163,217,1299,142,475,569,87.9,290,307,26,166,1299,398.79,215.63,33.77,5.2,,3.5189497067839857,0,19,4.599746372605305,0,29,0.0120576966418751,3.2331530313274737,0.1172983235594661,0.760416197130193,0.1533248790868438
504,"C/ MASSENS, 76","C/ MASSENS, 76",8024.0,28,801906028,la Vila de Gràcia,0.1876076216224915,0.2432127971161428,0.4896924636701588,0.0036048214486876,0.0190379632758814,5.253013405429762,20.068716908865607,8877,26,7,90.7422097368042,0,0,597.8989364432881,0,0,1543.0710919144783,127,48.76468478494459,251.01146580686728,101.10810810810813,-0.4348378378378379,ELECTRICBIKESTATION,06-Gràcia/31-la Vila de Gràcia,True,504,1000,1774994105,38837,17534,644,617,90,164,233,248,152,125,146,1261,119,506,580,66.9,377,234,18,153,1261,295.07,192.93,22.7,5.1,,6.181695091265421,0,25,6.364545945903788,0,28,0.1195223611580488,5.133491044271714,0.2207748246880509,0.7167398896023431,0.2273052123537071
505,"C/ CAMÈLIES, 78","C/ CAMÈLIES, 78",8024.0,27,801907016,el Baix Guinardó,0.2282887412911053,0.1898007429922323,0.427333108184172,0.0046155578070471,0.0377124845209951,6.1637960148598445,17.025329280648428,8883,39,10,83.9422567467823,3,1,275.87155056483226,0,0,1739.9344154571986,91,446.0033910347478,15.885657856229212,122.72972972972973,0.3818918918918919,ELECTRICBIKESTATION,07-Horta-Guinardó/33-el Baix Guinardó,True,505,1000,1774994105,49277,19850,657,650,117,149,182,182,181,190,203,1307,142,617,435,84.5,179,338,31,207,1307,441.77,270.55,40.52,5.2,,6.4307465257152,0,23,6.559767147161399,0,26,0.1667229539569965,5.997073060902848,0.2381757972487106,0.630567751135127,0.2429543387837551
506,"C/ GARRIGA I ROCA, 2","C/ GARRIGA I ROCA, 2",8041.0,15,801907029,el Guinardó,0.2727450537877078,0.2115775220040623,0.5107199277815392,0.0576619273301737,0.1374407582938388,4.091175806815618,8.619837508463101,8862,22,6,7.948735641382937,2,1,393.1789061071751,0,0,2054.0839903913698,126,0.0,341.3503391236492,117.75675675675676,0.1244324324324324,ELECTRICBIKESTATION,07-Horta-Guinardó/35-el Guinardó,True,506,1000,1774994105,43038,18647,646,601,108,148,196,186,170,139,209,1247,151,556,459,66.6,266,261,20,179,1247,325.47,223.21,24.94,5.5,,4.086033502445245,0,14,4.2342565080339565,0,15,0.0745881290904987,4.016587677725118,0.2724022334963494,0.57465583389754,0.2822837672022641
507,"C/ SARDENYA, 494","C/ SARDENYA, 494",8024.0,24,801907018,el Baix Guinardó,0.1560517325524646,0.2983444081540714,0.5653789841198333,0.0001126252956414,0.0136276607726095,3.745241581259151,18.73645680819912,8879,21,9,62.968014279194186,5,1,189.16390935349716,0,0,1392.9763245535023,109,1760.7218195742264,23.273960152728453,100.66666666666669,-0.3499487179487179,ELECTRICBIKESTATION,07-Horta-Guinardó/33-el Baix Guinardó,True,507,1000,1774994105,39775,16342,824,737,136,189,255,270,225,174,166,1561,159,786,583,77.5,370,222,31,151,1561,346.54,235.71,48.39,5.2,,4.800382677647647,0,21,4.879319805353815,0,24,0.53215452190562,3.213087059353531,0.200015944901984,0.78068570034163,0.2033049918897425
508,"C/ SARDENYA, 465","C/ SARDENYA, 465",8025.0,27,801906079,el Camp d'en Grassot i Gràcia Nova,0.2406487751860212,0.1530474040632054,0.390744920993228,0.0044018058690744,0.0301354401805869,6.497516930022574,16.878329571106097,8860,6,4,135.4688050636112,5,1,333.0595286444419,0,0,1188.462595251465,143,2017.6504629945375,12.39226095418417,84.07894736842105,-0.0403421052631578,ELECTRICBIKESTATION,06-Gràcia/32-el Camp d'en Grassot i Gràcia Nova,True,508,1000,1774994105,43595,19906,580,473,74,117,196,185,126,117,149,1053,90,447,465,69.8,227,263,27,198,1053,276.94,208.49,28.43,4.9,,6.313542059672595,0,25,6.449074949373441,0,27,0.3695259593679458,6.127990970654627,0.2338348910989859,0.6251233174483738,0.2388546277545718
51,PL. VICENÇ MARTORELL,PL. VICENÇ MARTORELL,8001.0,20,801901021,el Raval,0.4524281409364858,0.0113583681038479,0.069772832637923,0.003592953175707,0.0808993973110802,9.048562818729716,8.637459434399629,8628,27,22,157.55972236650834,41,7,172.36609045384589,0,0,1585.0625741229387,509,400.9327400733311,137.81686664986685,27.128205128205128,-0.0512820512820512,ELECTRICBIKESTATION,01-CiutatVella/01-el Raval,True,51,1000,1774994105,33778,15240,1010,998,103,402,531,305,221,189,152,2008,240,872,946,78.0,1088,180,43,127,2008,361.44,255.02,86.34,7.4,,4.229021649023738,0,19,4.375341787120302,0,20,6.61381548446917,2.434747334260547,0.2114510824511865,0.4318729717199814,0.2187670893560152
510,"C/ GRAN DE GRÀCIA, 37","C/ GRAN DE GRÀCIA, 37",8012.0,27,801906043,la Vila de Gràcia,0.1724213916433596,0.1625858123569794,0.4569794050343249,0.0005720823798627,0.005949656750572,4.65537757437071,17.648855835240276,8740,17,7,110.07095151628668,12,3,330.7957533501334,0,0,924.0872661924244,598,769.5151858183274,222.5693321568081,67.80555555555556,-0.0224444444444444,ELECTRICBIKESTATION,06-Gràcia/31-la Vila de Gràcia,True,510,1000,1774994105,46153,21640,645,590,113,178,235,209,151,118,135,1235,82,454,672,83.4,516,263,29,198,1235,324.8,244.53,35.82,5.1,,4.727812802758728,0,23,5.351724839228726,0,27,1.3308924485125857,3.324485125858124,0.1751041778799527,0.6536613272311212,0.1982120310825456
511,"C/ GRAN DE GRÀCIA, 91","C/ GRAN DE GRÀCIA, 91",8012.0,20,801906042,la Vila de Gràcia,0.1781584948688711,0.1888255416191562,0.5726339794754846,0.027594070695553,0.0501710376282782,3.563169897377423,14.037172177879134,8770,35,11,30.52730491610331,5,3,187.806205871871,0,0,1124.890799834157,579,779.6581324497874,211.2653631073366,72.44117647058823,0.3421176470588235,ELECTRICBIKESTATION,06-Gràcia/31-la Vila de Gràcia,True,511,1000,1774994105,49461,21853,855,759,169,230,293,275,217,141,155,1614,106,598,818,84.7,503,244,39,189,1614,393.82,305.05,62.95,5.1,,4.257445416328104,0,20,4.474734662388486,0,20,1.0734321550741164,2.4897377423033067,0.2128722708164059,0.7018586088939567,0.2237367331194246
512,"C/ D'ALACANT, 12","C/ D'ALACANT, 12",8017.0,27,801905025,les Tres Torres,0.1011188007537539,0.2589550536162446,0.6562856490987908,0.0046771617613506,0.014715947980835,2.730207620351357,22.070727812000914,8766,26,9,75.27640249344529,3,1,300.84696815596004,0,0,1108.0864363892897,49,1217.052237726889,60.635832539158194,106.5897435897436,0.5366666666666666,ELECTRICBIKESTATION,05-Sarrià-StGervasi/24-les Tres Torres,True,512,1000,1774994105,98221,34765,641,586,159,170,122,161,181,154,161,1227,42,406,605,154.1,165,475,27,336,1227,582.82,412.27,33.13,3.3,,3.834049585769805,0,26,4.670453654276413,0,27,0.3488478211270819,2.3813597992242754,0.1420018365099926,0.8174343634074412,0.1729797649731997
513,"VIA AUGUSTA, 317","VIA AUGUSTA, 317",8017.0,28,801905011,Sarrià,0.0805192608226328,0.3405886996729446,0.7340701477388069,0.0,0.0004511108604939,2.2545393030337206,23.67362129243261,8867,25,7,101.33749260074626,8,2,117.99053663081084,0,0,1238.5458674670003,96,1253.1276564758796,23.028059552138803,118.37837837837836,0.0944054054054054,ELECTRICBIKESTATION,05-Sarrià-StGervasi/24-les Tres Torres,True,513,1000,1774994105,64572,25933,718,620,162,147,179,211,187,172,143,1338,60,449,682,80.0,246,340,32,227,1338,454.92,303.73,42.82,2.8,,3.6902164380860047,0,24,3.926137635880672,2,28,0.1506710274049847,2.103868275628736,0.1317934442173578,0.8454864747297363,0.1402192012814523
514,"C/ ARAGÓ, 614","C/ ARAGÓ, 614",8018.0,24,801910039,el Clot,0.3712317940611945,0.0627752060517105,0.2011967934966693,0.0366941402280681,0.0846787851416958,8.909563057468668,13.643107146889466,8857,30,15,121.89117104251856,12,4,99.49694290281973,4,2,450.7553263430602,251,2128.116765108197,21.22820068678361,25.84210526315789,0.2538421052631579,ELECTRICBIKESTATION,10-SantMartí/65-el Clot,True,514,1000,1774994105,39563,16195,924,847,162,235,366,288,248,170,170,1771,224,788,636,75.6,577,261,36,117,1771,462.23,207.21,63.76,5.9,,6.549793296912177,0,24,6.572908298250696,0,24,3.4193293440216777,5.490233713446991,0.2729080540380071,0.5684627977870611,0.2738711790937788
515,"C/ SANT ADRIÀ, 43","C/ SANT ADRIÀ, 43",8030.0,24,801909015,el Bon Pastor,0.4053658765989466,0.0347629796839729,0.1748306997742663,0.0207674943566591,0.069864559819413,9.728781038374718,13.142325056433409,8860,25,7,47.38173610779482,3,2,140.79769346586764,0,0,2081.749250947346,63,761.5787059455794,10.717207076503968,22.416666666666668,0.522361111111111,ELECTRICBIKESTATION,09-SantAndreu/59-el Bon Pastor,True,515,1000,1774994105,29712,11502,912,880,214,217,238,342,296,156,176,1792,425,1030,223,61.5,537,633,618,124,1792,1134.34,222.21,1107.46,4.9,,6.50847356228669,0,23,6.658010477783528,0,24,4.7941309255079005,4.934650112866817,0.2711863984286118,0.547596877351392,0.2774171032409809
516,"C/ SANT ADRIÀ, 88","C/ SANT ADRIÀ, 88",8030.0,21,801909015,el Bon Pastor,0.5447625484800206,0.0099132589838909,0.0537343697194998,0.0802072772332995,0.2424242424242424,11.440013518080432,7.713304044159063,8877,8,5,43.007819130293896,1,1,395.125038389765,0,0,1877.0102148305475,66,763.9098487398943,12.756818122008651,20.864864864864863,0.1036486486486486,ELECTRICBIKESTATION,09-SantAndreu/59-el Bon Pastor,True,516,1000,1774994105,29712,11502,912,880,214,217,238,342,296,156,176,1792,425,1030,223,61.5,537,633,618,124,1792,1134.34,222.21,1107.46,4.9,,5.83281909875864,0,21,5.694424575622379,0,20,7.473583417821336,3.966430100259097,0.2777532904170796,0.367300192579003,0.2711630750296371
517,"AV. RASOS DE PEGUERA, 10","AV. RASOS DE PEGUERA, 10",8033.0,20,801908115,Ciutat Meridiana,0.4122691441441441,0.0070945945945945,0.1073198198198198,0.0364864864864864,0.0752252252252252,8.245382882882883,9.445045045045044,8880,71,14,59.57030170709589,4,2,136.35481668241275,0,0,5316.888200286007,34,0.0,344.48378984962227,56.89473684210526,0.4737894736842105,ELECTRICBIKESTATION,08-NouBarris/55-Ciutat Meridiana,True,517,1000,1774994105,27144,9650,824,829,176,224,233,250,246,144,186,1653,495,829,124,60.7,528,233,39,63,1653,385.15,104.14,64.47,10.4,,4.692940049112185,0,19,4.515707989753072,0,19,1.709009009009009,6.536373873873874,0.2346470024556096,0.4722522522522523,0.2257853994876526
518,"C/ LLOBREGÓS, 115","C/ LLOBREGÓS, 115",8032.0,27,801907070,el Carmel,0.0831319316611776,0.290318945114392,0.666516398061535,0.0,0.0,2.2445621548517978,23.166234644426915,8873,36,9,33.61537240285081,4,2,91.27171186987684,0,0,3037.58346832473,170,0.0,636.2991844896966,120.67647058823528,-0.0940588235294117,ELECTRICBIKESTATION,07-Horta-Guinardó/37-el Carmel,True,518,1000,1774994105,31636,12595,726,649,126,209,178,209,209,157,175,1375,305,730,205,66.2,319,246,35,163,1375,338.25,224.12,48.13,6.4,,2.61268365557842,0,14,2.662013700355067,12,27,0.7141891130395582,1.5303730418122394,0.0967660613177196,0.8580086905343302,0.0985931000131505
519,"C/ PEDRELL, 52","C/ PEDRELL, 52",8032.0,24,801907054,la Font d'en Fargues,0.2116424627486574,0.1664397549353301,0.410596777853415,0.0091899251191286,0.012933968686181,5.079419105967778,17.963467211254823,8814,14,2,39.46910238687322,0,0,659.7459346622977,0,0,2795.03403275103,68,0.0,812.8457393318414,116.78947368421052,0.6040000000000001,ELECTRICBIKESTATION,07-Horta-Guinardó/36-la Font d'en Fargues,True,519,1000,1774994105,57475,23089,806,763,182,170,180,235,255,187,227,1569,141,691,613,76.8,197,375,40,248,1569,588.38,389.11,62.76,6.9,,4.91505520691611,0,23,4.963205550035046,0,24,1.1149307919219424,3.964488314045836,0.2047939669548376,0.7484778004689508,0.2068002312514605
52,"PL. SANT MIQUEL, 4","PL. SANT MIQUEL, 4",8002.0,32,801901027,el Barri Gòtic,0.382819547812359,0.0066531348669373,0.0621335137573297,0.0269508344609833,0.0930311231393775,12.25022552999549,13.87065854758683,8868,13,8,257.8825621660367,4,2,278.8203533698934,0,0,1327.7902884176024,665,267.127036416224,268.11214651858427,28.33333333333333,-0.3123030303030303,ELECTRICBIKESTATION,01-CiutatVella/02-el Barri Gòtic,True,52,1000,1774994105,31335,13737,717,708,81,312,318,233,187,106,121,1425,156,620,624,95.7,771,377,296,556,1425,537.22,792.3,421.8,4.3,,6.604212693543476,0,32,7.735452266087643,0,31,8.567095173658096,3.6831303563373927,0.2063816466732336,0.4334580796120884,0.2417328833152388
526,C/ TARONGERS | AV. MIRAMAR (TELEFÈRIC),C/ TARONGERS | AV. MIRAMAR (TELEFÈRIC),8038.0,28,801903024,el Poble-sec,0.1926135995857337,0.133212505663797,0.44777979157227,0.0,0.0005663797009515,5.393180788400544,21.462845491617585,8828,8,3,53.532868543920536,0,0,801.366273434127,0,0,3130.9836552658417,46,0.0,718.8634141811322,98.48648648648648,-0.2852702702702702,ELECTRICBIKESTATION,03-Sants-Montjuïc/11-el Poble-sec,True,526,1000,1774994105,32309,13670,940,968,173,245,370,400,280,174,117,1908,344,789,650,58.0,692,245,60,175,1908,467.46,333.9,114.48,6.2,,5.570462463235666,0,23,5.83657202911163,2,28,1.3117353874037154,4.081445400996828,0.1989450879727031,0.7665301961291994,0.2084490010397018
527,"PG. OLIMPIC, 8","PG. OLIMPIC, 8",8038.0,36,801903024,el Poble-sec,0.2263775817880295,0.1324061510628675,0.2678652193577566,0.0020352781546811,0.0031659882406151,8.149592944369063,25.35979194934419,8844,4,2,40.37264905619696,0,0,1228.7290202785064,0,0,3479.958456756826,32,0.0,1117.2004277593642,89.34210526315789,1.491947368421053,ELECTRICBIKESTATION,03-Sants-Montjuïc/11-el Poble-sec,True,527,1000,1774994105,32309,13670,940,968,173,245,370,400,280,174,117,1908,344,789,650,58.0,692,245,60,175,1908,467.46,333.9,114.48,6.2,,6.802999123551498,0,32,7.273179862661186,0,36,1.8968792401628225,6.252713704206242,0.1889721978764303,0.7044386652595608,0.2020327739628107
53,PL. CARLES PI I SUNYER,PL. CARLES PI I SUNYER,8002.0,21,801901023,el Barri Gòtic,0.4723151304646127,0.0072039621791985,0.0632597928860873,0.0276902296262944,0.1609635299414678,9.918617739756868,7.504502476361999,8884,35,13,226.18414840165477,39,7,279.80050441494234,0,0,1338.8638144842616,542,452.0100843304693,194.91039401782467,26.71794871794872,0.2941538461538461,ELECTRICBIKESTATION,01-CiutatVella/02-el Barri Gòtic,True,53,1000,1774994105,34825,15904,926,952,108,366,481,271,243,173,148,1878,216,753,917,83.0,977,223,43,145,1878,418.79,272.31,80.75,4.3,,4.654349555833973,0,19,4.612299947668856,0,20,7.787032868077443,2.131584871679424,0.2216356931349514,0.3573572607791428,0.2196333308413744
536,Estación de TESTING (no usuarios),Rafael Barradas 5,8908.0,2,801903025,la Marina del Prat Vermell,0.9117647058823528,0.0,1.0,1.0,1.0,1.8235294117647056,0.0,17,0,0,916.9739679304372,0,0,970.0316322190614,0,0,3296.892813334813,0,0.0,891.760103961925,,,ELECTRICBIKESTATION,,True,8005,101,1774437304,30218,12529,708,754,125,155,266,244,236,178,99,1462,452,791,388,89.6,464,4272,4005,612,1462,6245.66,894.74,5855.31,4.1,,0.3929526239966878,1,2,0.0,0,0,0.0,1.8235294117647056,0.1964763119983439,0.0,0.0
537,"AV. ESTADI, 12","AV. ESTADI, 12",8038.0,40,801903024,el Poble-sec,0.3430506745266977,0.0682462305861013,0.1613195782791066,0.0046479990930733,0.0268677020745947,13.722026981067906,22.890942070060085,8821,11,5,22.5243385879827,0,0,742.1084384577322,0,0,2940.3154789426326,77,0.0,654.4661864624983,76.56756756756756,-0.4610270270270271,ELECTRICBIKESTATION,03-Sants-Montjuïc/11-el Poble-sec,True,523,1000,1774994105,32309,13670,940,968,173,245,370,400,280,174,117,1908,344,789,650,58.0,692,245,60,175,1908,467.46,333.9,114.48,6.2,,9.55579397175161,0,40,9.917774683833937,0,40,1.0222197029815214,12.699807278086384,0.2388948492937901,0.5722735517515021,0.2479443670958482
538,"AV. ESTADI, 38","AV. ESTADI, 38",8038.0,24,801903024,el Poble-sec,0.1275802860485301,0.3329559606022869,0.6185893807313484,0.0011321181931393,0.0071323446167779,3.061926865164723,19.79067134608853,8833,8,3,50.08191852392155,0,0,939.8432467579564,0,0,2968.465548915909,60,0.0,611.1789109340384,89.77142857142857,-0.2732,ELECTRICBIKESTATION,03-Sants-Montjuïc/11-el Poble-sec,True,522,1000,1774994105,32309,13670,940,968,173,245,370,400,280,174,117,1908,344,789,650,58.0,692,245,60,175,1908,467.46,333.9,114.48,6.2,,4.124191922452152,0,22,4.362195954570706,0,24,0.2282350277368957,2.8336918374278275,0.1718413301021725,0.8246113060870222,0.1817581647737793
539,"C/ FRANÇA XICA, 4","C/ FRANÇA XICA, 4",8004.0,16,801903006,el Poble-sec,0.4673906230412435,0.0942710292089758,0.26137645731478,0.0979064811332581,0.3773348376582675,7.478249968659897,6.0681960636830885,7977,10,2,52.97497568397254,3,1,311.924503797309,0,0,2637.130119728204,110,1.547294748817061,298.2883933172873,40.61764705882353,0.5204705882352941,ELECTRICBIKESTATION,03-Sants-Montjuïc/11-el Poble-sec,True,525,1,1774994105,36397,14902,665,681,93,169,275,269,207,117,100,1346,193,615,422,63.4,475,229,47,164,1346,308.23,220.74,63.26,6.2,,4.99104609973745,0,15,4.932479165676118,0,16,0.7814968033095149,6.696753165350383,0.3119403812335906,0.379262253980193,0.3082799478547574
54,"C/ SANT OLEGUER, 2","C/ SANT OLEGUER, 2",8001.0,19,801901004,el Raval,0.4532532865075221,0.0112714156898106,0.0862263300270513,0.0568079350766456,0.2768259693417493,8.611812443642922,6.952772768259694,8872,14,9,39.92921978690092,13,2,309.4329614155915,0,0,2044.518778734076,223,739.7367905079304,35.51574334827815,16.025641025641026,0.3195897435897436,ELECTRICBIKESTATION,01-CiutatVella/01-el Raval,True,54,1000,1774994105,31203,12214,1287,1594,263,527,645,483,381,192,151,2881,552,1200,880,65.0,1494,147,22,110,2881,423.51,316.91,63.38,7.4,,4.340343809234344,0,17,5.0186576903543,0,18,6.813007213706041,1.79880522993688,0.2284391478544393,0.3659354088557733,0.2641398784397005
540,"C/ MANDONI, 6","C/ MANDONI, 6",8004.0,20,801903043,la Font de la Guatlla,0.4009301014656144,0.0273957158962795,0.1529875986471251,0.0219842164599774,0.1236753100338218,8.018602029312289,9.087147688838783,8870,99,30,56.79058081591513,2,2,317.5523284408036,0,0,2390.453542860942,94,1029.7572579360929,44.99731084797632,30.897435897435894,1.1844615384615385,ELECTRICBIKESTATION,03-Sants-Montjuïc/14-la Font de la Guatlla,True,521,1,1774994105,39034,17278,752,699,95,190,250,217,199,185,228,1451,281,720,481,71.9,439,295,29,133,1451,428.04,192.98,42.08,6.6,,4.770856327135255,0,19,4.739934470447764,0,20,4.152085682074408,3.866516347237881,0.2385428163567627,0.4543573844419391,0.2369967235223881
541,"C/ MARBRE, 2","C/ MARBRE, 2",8038.0,28,801903038,la Marina de Port,0.2386050953352109,0.0086109222750963,0.1633809200090641,0.0001133016088828,0.0122365737593473,6.680942669385905,18.87174257874462,8826,11,3,21.596322113323613,0,0,752.0858705882728,0,0,3358.9416310688216,47,0.0,686.8536638328832,39.66666666666666,1.4066944444444445,ELECTRICBIKESTATION,03-Sants-Montjuïc/13-la Marina de Port,True,524,1000,1774994105,31515,11990,460,442,117,96,116,149,113,113,121,902,335,419,66,75.8,95,319,36,181,902,287.74,163.26,32.47,7.2,,4.657754623933018,0,21,5.3545650492601045,0,27,1.2532290958531611,5.427713573532744,0.1663483794261794,0.6739908063837363,0.1912344660450048
544,"C/ MONTFAR, 1","C/ MONTFAR, 1",8004.0,20,801903042,la Font de la Guatlla,0.3838056206088993,0.0507025761124121,0.1854800936768149,0.027751756440281,0.0854800936768149,7.676112412177986,11.246135831381734,8540,14,6,111.18305484551374,2,2,425.8584424591744,0,0,2444.016847833566,97,123.57982499178829,260.38957987149047,47.60526315789474,1.043605263157895,ELECTRICBIKESTATION,03-Sants-Montjuïc/14-la Font de la Guatlla,True,520,1000,1774994105,38367,16364,649,653,107,184,217,219,201,142,160,1302,182,616,456,65.0,355,289,39,180,1302,376.28,234.36,50.78,6.6,,5.294314000591997,0,23,5.466488336034855,0,24,0.8169789227166276,6.859133489461359,0.2647157000295988,0.5623067915690867,0.2733244168017426
547,"C/ MALLORCA, 194 (xamfrà)","C/ MALLORCA, 194 (xamfrà)",8036.0,23,801902089,l'Antiga Esquerra de l'Eixample,0.1969888676877238,0.2028866463271532,0.4793475709927247,0.0112649612766956,0.028631776578268,4.530743956817648,16.354494250176014,8522,28,15,31.23647925899098,2,1,322.062860653078,0,0,1237.6220554953688,305,2562.079021408196,11.791483608672907,49.7948717948718,-0.0171538461538461,ELECTRICBIKESTATION,02-Eixample/08-l'Antiga Esquerra de l'Eixample,True,547,1000,1774994105,50653,22966,875,792,126,270,291,245,258,206,175,1667,101,613,998,103.4,619,289,43,395,1667,481.76,658.46,71.68,4.2,,5.09854128499034,0,23,5.331187045926073,0,23,1.5951654541187514,2.9355785026988968,0.2216757080430587,0.7110649673989572,0.2317907411272214
55,"LA RAMBLA, 56","LA RAMBLA, 56",8002.0,27,801901029,el Barri Gòtic,0.5479709654368348,0.0103802324269434,0.0494189326413178,0.0450186167212005,0.1712738350445673,14.79521606679454,8.93828274850502,8863,2,1,186.49579530258345,5,1,178.192197273369,0,0,1613.648709825262,548,0.0,418.031866336991,22.17948717948718,0.1194358974358974,ELECTRICBIKESTATION,01-CiutatVella/02-el Barri Gòtic,True,55,1000,1774994105,30067,12481,690,668,80,370,338,198,143,95,76,1358,150,576,611,90.3,893,173,25,143,1358,234.93,194.19,33.95,4.3,,6.467959302259412,0,26,6.407521750878004,0,27,12.469254202865846,2.3259618639286925,0.2395540482318297,0.3310475092038896,0.2373156204028888
553,"VIA AUGUSTA, 68","VIA AUGUSTA, 68",8006.0,32,801906041,la Vila de Gràcia,0.0765286705006765,0.255638249887235,0.6558412268831755,0.0,0.0006765899864682,2.448917456021651,24.716057735678845,8868,37,11,110.65774579406676,9,3,155.20360802898622,0,0,1167.975471677863,500,1166.9781666420288,32.648521756068774,78.13157894736842,0.174078947368421,ELECTRICBIKESTATION,06-Gràcia/31-la Vila de Gràcia,True,553,1000,1774994105,47246,20811,879,773,163,251,257,249,224,174,181,1652,124,590,869,89.8,458,216,15,175,1652,356.83,289.1,24.78,5.1,,3.0503437143069534,0,25,3.592422029643872,1,30,0.3113441587731168,2.137573297248534,0.0953232410720923,0.7723768042399639,0.112263188426371
554,"C/ AVENIR, 35","C/ AVENIR, 35",8021.0,23,801905065,Sant Gervasi - Galvany,0.1005924402663533,0.3549549549549549,0.7360360360360361,0.000563063063063,0.00259009009009,2.313626126126126,18.735585585585586,8880,20,7,102.8628801599048,2,1,463.66855104241904,3,3,499.4947396323623,279,592.3827562900697,246.78520636902368,74.89189189189189,0.2636216216216215,ELECTRICBIKESTATION,05-Sarrià-StGervasi/26-Sant Gervasi - Galvany,True,554,999,1774994105,62996,25681,837,731,179,213,239,231,221,149,197,1568,89,560,829,116.5,422,415,128,247,1568,650.72,387.3,200.7,3.2,,3.5222580150813,0,21,3.920989503169878,0,23,0.5764639639639639,1.7371621621621622,0.1531416528296215,0.8145906776341558,0.1704778044856463
558,"RBLA MUNTANYA, 49","RBLA MUNTANYA, 49",8041.0,36,801907045,el Guinardó,0.1436164833775755,0.1750853242320819,0.406712172923777,0.0,0.0,5.170193401592719,29.015927189988624,8790,35,12,15.288730765930564,4,2,181.56817239929129,0,0,1996.3793716348075,110,917.155679708078,6.855134752236264,72.66666666666667,0.4804722222222222,ELECTRICBIKESTATION,07-Horta-Guinardó/35-el Guinardó,True,558,1000,1774994105,39286,16412,755,736,131,184,229,229,240,144,209,1491,230,741,459,66.1,354,256,25,129,1491,381.7,192.34,37.28,5.5,,5.116054330178996,0,26,5.409710175392983,6,35,1.1496018202502845,4.020591581342434,0.1421126202827491,0.8059979774996839,0.1502697270942488
561,"C/ MANILA, 53","C/ MANILA, 53",8034.0,24,801904050,Pedralbes,0.2242683110809383,0.1903145508033491,0.4536094138945463,0.0,0.0030549898167006,5.382439465942521,17.7326318171532,8838,118,44,104.25184174670854,2,1,240.21873426503865,12,3,232.39228658634147,112,564.0501758143735,181.51078019544968,85.3,0.058875,ELECTRICBIKESTATION,04-LesCorts/21-Pedralbes,True,561,1000,1774994105,98221,34765,1011,906,235,174,157,312,291,195,366,1917,74,662,1002,132.1,236,458,31,249,1917,877.99,477.33,59.43,2.4,,5.716505731089466,0,21,5.7477353239206845,1,24,2.2587689522516405,3.12367051369088,0.2381877387953946,0.7388596590480501,0.2394889718300281
563,"C/ ENTENÇA, 301","C/ ENTENÇA, 301",8029.0,24,801904021,les Corts,0.2406576769728428,0.1121642969984202,0.3340103814037463,0.0036109230422026,0.0230196343940419,5.775784247348229,14.541074249605057,8862,64,27,113.82759727110717,0,0,799.9418842370602,12,3,205.35955294551573,216,640.8768496770219,200.84127922862055,67.5945945945946,0.0766756756756756,ELECTRICBIKESTATION,04-LesCorts/19-les Corts,True,563,1000,1774994105,65253,27820,672,557,105,155,165,187,180,113,211,1229,56,439,661,93.1,223,569,62,587,1229,699.3,721.42,76.2,5.1,,5.027443961752908,0,22,5.198188690953628,0,23,3.2186865267433986,2.5570977206048298,0.209476831739705,0.605878093733544,0.2165911954564006
564,"C/ CARRERA, 1","C/ CARRERA, 1",8004.0,28,801903020,el Poble-sec,0.5537193431780973,0.0024963122659707,0.0369908090321116,0.0502666515375014,0.1215250198570293,15.504141608986725,11.923408600930443,8813,34,11,15.818898203747054,11,2,259.7421713441117,0,0,2041.906908496274,89,2128.8605966108807,7.968151817791076,12.052631578947368,0.3665526315789473,ELECTRICBIKESTATION,03-Sants-Montjuïc/11-el Poble-sec,True,564,1000,1774994105,39638,16028,556,600,79,133,195,166,168,175,177,1156,265,514,338,79.2,359,295,88,166,1156,341.02,191.9,101.73,6.2,,7.788374156156467,0,28,7.606150759068663,0,28,12.94145013048905,2.562691478497674,0.2781562198627302,0.4258360214618016,0.2716482413953091
565,"C/ FRA JUNÍPER SERRA, 53 | C/ SANTANDER","C/ FRA JUNÍPER SERRA, 53 | C/ SANTANDER",8020.0,28,801909015,el Bon Pastor,0.5809292805569881,0.0112815884476534,0.0650947653429602,0.0362138989169675,0.1028880866425992,16.26601985559567,11.061710288808664,8864,16,5,73.83060246998146,1,1,439.1901895453276,0,0,1379.2641058494194,70,382.1126031821794,109.52529506901811,19.517241379310345,-0.2982068965517241,ELECTRICBIKESTATION,09-SantAndreu/59-el Bon Pastor,True,565,1000,1774994105,29712,11502,912,880,214,217,238,342,296,156,176,1792,425,1030,223,61.5,537,633,618,124,1792,1134.34,222.21,1107.46,4.9,,7.513864917022156,0,28,7.645561723416492,0,27,11.391132671480143,4.874887184115524,0.2683523184650771,0.3950610817431665,0.2730557758363032
566,"C/ CRISTÓBAL DE MOURA, 163 (xamfrà)","C/ CRISTÓBAL DE MOURA, 163 (xamfrà)",8019.0,17,801910094,Provençals del Poblenou,0.6477016674177557,0.0040558810274898,0.0273771969355565,0.108382154123479,0.2738846327174403,11.010928346101847,5.812978819287968,8876,12,5,31.107146822119045,0,0,588.9951525280687,2,1,478.5826755834518,179,1358.9724754272925,12.283922781945094,8.5,0.1749210526315789,ELECTRICBIKESTATION,10-SantMartí/71-Provençals del Poblenou,True,566,1000,1774994105,43728,18002,1494,1526,262,280,601,772,354,193,132,3020,267,1195,1251,71.4,1129,286,113,115,3020,863.72,347.3,341.26,6.3,,4.198671016437657,0,17,4.24552848237411,0,17,7.200540784136999,3.810387561964849,0.2469806480257445,0.341939930546351,0.2497369695514191
567,"C/ RAMON TURRÓ, 182 (xamfrà)","C/ RAMON TURRÓ, 182 (xamfrà)",8005.0,23,801910057,el Poblenou,0.6244391323941454,0.0021406038756196,0.0260252365930599,0.0962145110410094,0.2449301487156376,14.362100045065343,7.7413249211356465,8876,22,9,52.9959359936142,1,1,298.1949007892769,0,0,903.8251317719684,184,1536.8907694492186,9.90334458705694,10.025641025641026,0.1703846153846153,ELECTRICBIKESTATION,10-SantMartí/68-el Poblenou,True,567,1000,1774994105,36549,16483,669,688,101,121,268,307,194,121,111,1357,180,523,504,68.1,437,324,96,149,1357,439.67,202.19,130.27,5.2,,5.961644639849717,0,23,6.02615970505805,0,23,10.20392068499324,4.158179360072104,0.2592019408630316,0.336579344397202,0.2620069436981755
568,"C/ ROMÁN MACAYA, 8","C/ ROMÁN MACAYA, 8",8022.0,24,801905033,Sant Gervasi - la Bonanova,0.0903923673899939,0.3852848101265823,0.7860533453887885,0.0,0.0001130198915009,2.169416817359856,20.876921338155515,8848,54,12,49.3819305460301,1,1,484.49488844968016,0,0,2449.1171776120605,86,0.0,413.00657236736095,160.07894736842104,0.5874473684210526,ELECTRICBIKESTATION,05-Sarrià-StGervasi/25-Sant Gervasi - la Bonanova,True,568,1000,1774994105,88497,32784,734,651,219,139,127,258,184,122,176,1385,70,449,632,116.5,247,423,33,301,1385,585.86,416.88,45.71,3.3,,3.778019456689072,0,21,3.889727994918047,2,24,0.4350135623869801,1.7344032549728752,0.1574174773620448,0.8698717224231465,0.1620719997882516
569,"C/ QUATRE CAMINS, 46","C/ QUATRE CAMINS, 46",8022.0,28,801905032,Sant Gervasi - la Bonanova,0.0942216715476458,0.3292408200045055,0.6716602838477135,0.0,0.0,2.6382068033340844,24.79173237215589,8878,6,1,40.038886906788704,0,0,523.1103746416628,0,0,2258.344527440913,92,0.0,730.1129364213111,157.21621621621622,0.3547027027027026,ELECTRICBIKESTATION,05-Sarrià-StGervasi/25-Sant Gervasi - la Bonanova,True,569,1000,1774994105,98221,34765,907,815,232,238,143,253,260,207,225,1722,139,616,820,118.8,440,441,31,270,1722,759.4,464.94,53.38,3.3,,3.702522975357081,0,23,3.834498794125955,3,28,0.1071187204325298,2.5310880829015545,0.1322329634056099,0.8854190132912818,0.1369463855044986
57,"LA RAMBLA, 1","LA RAMBLA, 1",8002.0,37,801901001,el Raval,0.7354401847518244,0.0,0.0,0.0001137785868699,0.1214017521902378,27.2112868358175,7.027420639435658,8789,38,11,72.0025236754625,3,1,105.33958005684484,0,0,1768.4489583671434,128,2250.5594961976444,44.92666667717816,12.81578947368421,0.1232105263157894,ELECTRICBIKESTATION,01-CiutatVella/02-el Barri Gòtic,True,57,1000,1774994105,30768,12551,583,689,85,205,290,206,160,86,122,1272,240,526,375,76.7,603,288,139,410,1272,366.34,521.52,176.81,7.4,,4.300721329473442,11,36,4.116979611639512,0,21,25.687450221868243,1.5238366139492547,0.1162357116073902,0.189930287552315,0.1112697192335006
572,"AV. CAN MARCET, 3","AV. CAN MARCET, 3",8035.0,24,801907098,la Vall d'Hebron,0.1021589991928975,0.2843825665859564,0.6330508474576271,0.0,0.0002421307506053,2.45181598062954,19.902905569007263,8260,16,5,68.73657089459131,3,1,323.85965157326285,0,0,4172.60754994696,45,678.4986546764151,3.963279849867464,121.16666666666669,0.4166666666666667,ELECTRICBIKESTATION,07-Horta-Guinardó/41-la Vall d'Hebron,True,572,999,1774994105,54299,21745,1074,981,203,220,226,342,330,246,282,2055,222,836,793,88.9,196,353,30,133,2055,725.42,273.32,61.65,6.5,,2.72259035025754,0,12,2.93667537657574,1,24,1.126997578692494,1.324818401937046,0.1134412645940641,0.8292877320419694,0.1223614740239899
573," AV. MARTÍ CODOLAR, 2 | COLL I ALENTORN"," AV. MARTÍ CODOLAR, 2 | COLL I ALENTORN",8035.0,20,801907101,la Vall d'Hebron,0.0527423981640849,0.461503155479059,0.8962707974756168,0.0,0.0,1.0548479632816985,18.22076878944349,8715,18,7,46.027667744370014,6,2,388.01125809299,0,0,3355.5312330087654,75,825.2862114908611,32.4906488289624,138.97435897435898,1.2177435897435898,ELECTRICBIKESTATION,07-Horta-Guinardó/41-la Vall d'Hebron,True,573,1000,1774994105,39871,17038,718,634,102,144,149,211,202,129,321,1352,296,683,371,60.1,230,304,36,114,1352,411.01,154.13,48.67,6.5,,1.5784795647188294,0,10,1.5525099008039855,9,20,0.2842226047045324,0.7706253585771659,0.0789239782359413,0.9110384394721744,0.0776254950401995
577,"PTGE. CALAFELL, 3","PTGE. CALAFELL, 3",8032.0,23,801907076,el Carmel,0.1185187723669974,0.3426415944150433,0.6352888188267087,0.0,0.0007881995270802,2.7259317644409413,19.01080959351424,8881,32,8,55.78529845355002,4,2,32.9222377870836,0,0,3007.012191625926,171,0.0,513.5683994428015,141.47222222222223,0.7913055555555556,ELECTRICBIKESTATION,07-Horta-Guinardó/37-el Carmel,True,577,1000,1774994105,30766,12933,694,641,145,141,184,237,196,122,210,1335,319,727,181,60.8,290,258,22,159,1335,344.43,212.26,29.37,6.4,,3.4768040542759726,0,19,3.604629191470067,2,23,1.6048868370678977,1.1210449273730436,0.1511653936641728,0.8265569388484454,0.1567230083247848
58,"C/ VALLDONZELLA, 2","C/ VALLDONZELLA, 2",8001.0,21,801901021,el Raval,0.3746827547640555,0.0446025293586269,0.1517615176151761,0.0276648599819331,0.0910117434507678,7.868337850045167,10.412714543812104,8856,78,40,75.69746498779882,39,7,193.34339512482808,0,0,1546.5612796288056,485,1063.119611167246,12.498078465585143,27.128205128205128,0.447,ELECTRICBIKESTATION,01-CiutatVella/01-el Raval,True,58,1000,1774994105,33778,15240,1010,998,103,402,531,305,221,189,152,2008,240,872,946,78.0,1088,180,43,127,2008,361.44,255.02,86.34,7.4,,5.010823766630778,0,21,5.068169157047305,0,20,4.901422764227642,2.966915085817525,0.2386106555538463,0.4958435497053383,0.2413413884308244
581,"AV. JORDÀ, 18","AV. JORDÀ, 18",8035.0,28,801907093,Sant Genís dels Agudells,0.1722217748429698,0.2356257046223224,0.4613303269447576,0.0,0.0,4.822209695603156,23.166065388951523,8870,30,5,20.97437728584878,6,3,350.2314921797063,0,0,3855.163928610229,137,0.0,416.2654185106808,194.24324324324328,-0.0237297297297297,ELECTRICBIKESTATION,07-Horta-Guinardó/39-Sant Genís dels Agudells,True,581,1000,1774994105,35958,14616,807,813,230,176,220,200,258,178,241,1620,304,928,359,75.0,461,266,30,125,1620,430.92,202.5,48.6,5.6,,4.607207860263108,0,15,4.606250388427917,13,28,2.8001127395715897,2.022096956031567,0.1645431378665394,0.8273594781768401,0.1645089424438542
582,"C/ JUDEA, 1","C/ JUDEA, 1",8035.0,31,801907092,Sant Genís dels Agudells,0.1550756661675558,0.238395673726904,0.4228255971158179,0.0,0.0,4.807345651194232,25.623028391167196,8876,42,13,22.454819945881617,6,3,58.88188497586643,0,0,3647.755747118211,138,200.82551152486892,119.7491870204148,176.60526315789474,-0.0834210526315789,ELECTRICBIKESTATION,07-Horta-Guinardó/39-Sant Genís dels Agudells,True,582,1000,1774994105,29068,11833,743,586,100,198,205,209,217,107,172,1329,310,803,247,68.4,479,217,31,103,1329,288.39,136.89,41.2,5.6,,4.264951312418526,0,19,4.366513457472961,11,31,3.677557458314556,1.1297881928796756,0.137579074594146,0.8265493029408771,0.1408552728217082
59,"C/ AGUSTÍ DURAN I SANPERE, 1","C/ AGUSTÍ DURAN I SANPERE, 1",8001.0,22,801901018,el Raval,0.5082799393320333,0.0122574055158324,0.0676427193281125,0.0391556009533537,0.1645670184996027,11.182158665304732,9.300419929633414,8811,5,1,62.241345794149886,12,4,416.3651382498686,0,0,1898.6159374506744,352,420.5020894087141,171.34947733114078,23.2,0.066725,ELECTRICBIKESTATION,01-CiutatVella/01-el Raval,True,59,1000,1774994105,30169,10776,706,742,146,250,271,255,193,116,108,1448,324,671,379,70.2,710,102,31,134,1448,147.7,194.03,44.89,7.4,,5.715131511056438,0,22,5.869598741052085,0,22,8.369992055385314,2.812166609919419,0.2597787050480201,0.4227463604378824,0.2667999427750952
595,"C/ BRUC, 88","C/ BRUC, 88",8009.0,16,801902070,la Dreta de l'Eixample,0.1211452813169466,0.2452362160333746,0.7000789265982637,0.0,0.0002255045664674,1.9383245010711467,13.712143420904273,8869,13,7,134.82761953993062,10,3,147.07926119713858,1,1,459.287739447295,334,2263.786908876693,65.05866221625364,43.74358974358975,-0.0807435897435897,ELECTRICBIKESTATION,02-Eixample/07-la Dreta de l'Eixample,True,529,1000,1774994105,54515,23770,630,574,88,216,212,164,165,141,141,1204,89,415,641,111.1,385,347,59,257,1204,417.79,309.43,71.04,4.2,,1.907338802115109,0,14,1.9638737159530304,2,16,0.7924230465666929,1.1459014545044537,0.1192086751321943,0.857008963806517,0.1227421072470644
596,"C/ DIPUTACIÓ, 303","C/ DIPUTACIÓ, 303",8009.0,23,801902071,la Dreta de l'Eixample,0.2466912239244616,0.1662480018269011,0.4448504224708837,0.0187257364695135,0.0558346654487325,5.673898150262617,15.808175382507422,8758,52,18,116.7201818182236,23,5,284.74841064914136,0,0,673.1841422610886,334,3078.7979950954173,12.432894378174389,40.97222222222222,0.1293611111111111,ELECTRICBIKESTATION,02-Eixample/07-la Dreta de l'Eixample,True,530,1000,1774994105,57959,24664,813,792,141,235,243,250,232,205,179,1605,83,521,850,116.4,432,333,47,211,1605,534.46,338.66,75.44,4.2,,6.176930091509042,0,23,6.132968905741405,0,23,3.353277003882165,2.320621146380452,0.2685621778916983,0.6873119731524966,0.2666508219887567
597,"C/ PROVENÇA, 310","C/ PROVENÇA, 310",8037.0,28,801902080,la Dreta de l'Eixample,0.1497401280854761,0.2684163099797251,0.5624014417661636,0.0020274836674926,0.005181347150259,4.192723586393332,21.46823608920928,8878,52,18,102.82266616645144,20,4,300.89907389680525,1,1,430.1010264708136,341,3327.6929315894185,21.91068746121479,55.0,0.008578947368421,ELECTRICBIKESTATION,02-Eixample/07-la Dreta de l'Eixample,True,531,1000,1774994105,59893,24917,743,759,114,236,280,226,180,193,163,1502,104,443,874,143.2,599,467,153,351,1502,701.43,527.2,229.81,4.2,,5.345969561597739,0,26,5.489557534629384,0,28,2.1974543816174816,1.9952692047758505,0.1909274843427757,0.76672271747176,0.1960556262367631
598,"C/ BRUC, 103 (xamfrà)","C/ BRUC, 103 (xamfrà)",8009.0,23,801902064,la Dreta de l'Eixample,0.1177954684629516,0.2776338028169014,0.6464225352112676,0.0,0.0009014084507042,2.709295774647887,19.187267605633803,8875,32,11,129.41001415438427,14,4,307.16227068632577,1,1,295.20207368442084,339,3138.1210202391176,6.008703073258872,47.8421052631579,-0.096078947368421,ELECTRICBIKESTATION,02-Eixample/07-la Dreta de l'Eixample,True,532,1000,1774994105,66794,27497,660,582,107,179,188,180,147,166,175,1242,68,380,690,115.4,345,445,27,200,1242,552.69,248.4,33.53,4.2,,3.483144368555658,0,20,3.59410595495493,2,23,1.167661971830986,1.5416338028169014,0.1514410595024198,0.8342290263319044,0.1562654763023882
599,"C/ VALÈNCIA, 312 (xamfrà)","C/ VALÈNCIA, 312 (xamfrà)",8009.0,23,801902065,la Dreta de l'Eixample,0.2114613376947071,0.2287419754476855,0.472350489920036,0.0,0.0109246536772159,4.863610766978264,16.43236850996734,8879,27,11,74.59802961195693,13,4,305.1016171202167,1,1,380.6134565653653,339,3009.056195549497,16.452025121016547,47.83783783783784,0.0805945945945946,ELECTRICBIKESTATION,02-Eixample/07-la Dreta de l'Eixample,True,533,1000,1774994105,48394,20692,917,827,127,262,308,285,267,189,179,1744,126,560,910,98.1,543,255,94,163,1744,444.72,284.27,163.94,4.2,,5.22095515000821,0,22,5.309131932382996,1,23,2.9923414798963845,1.8712692870818783,0.2269980500003569,0.7144508047811886,0.2308318231470872
6,"PG. LLUIS COMPANYS, 18 (ARC TRIOMF)","PG. LLUIS COMPANYS, 18  (ARC TRIOMF)",8018.0,39,801901055,"Sant Pere, Santa Caterina i la Ribera",0.232319393928427,0.0312867560573982,0.1507880498706186,0.002470007057163,0.0102328863796753,9.060456363208656,27.7888732063044,8502,36,13,59.82780502735328,7,2,81.02499021548077,0,0,604.5458330206063,230,1740.6997317083376,5.653280236237375,22.210526315789476,0.237578947368421,ELECTRICBIKESTATION,"01-CiutatVella/04-Sant Pere, Santa Caterina i la Ribera",True,6,1000,1774994105,41259,18412,607,617,85,132,214,197,157,136,210,1224,155,470,522,84.8,420,239,29,123,1224,292.54,150.55,35.5,,,7.017236625703286,0,37,7.370958085879305,0,39,7.021053869677723,2.039402493530934,0.1799291442488018,0.7125352104180616,0.1889989252789568
60,"RBLA. CATALUNYA, 47","RBLA. CATALUNYA, 47",8007.0,27,801902079,la Dreta de l'Eixample,0.2495342172761527,0.1691856530566208,0.4515001127904354,0.0186104218362282,0.0675614707872772,6.737423866456124,18.783216783216783,8866,40,20,165.57488825519837,21,4,183.03125451618877,0,0,955.9230565833132,477,1452.0933236595872,93.7068125272188,46.6578947368421,-0.3893157894736842,ELECTRICBIKESTATION,02-Eixample/07-la Dreta de l'Eixample,True,60,1000,1774994105,67110,28148,704,715,126,275,279,214,153,115,171,1419,88,420,824,133.4,602,594,234,261,1419,842.89,370.36,332.05,4.2,,7.619865410440097,0,27,7.919186740459514,0,27,3.5455673358899165,3.191856530566208,0.2822172374237081,0.6956746956746956,0.2933032126096114
600,"C/ VALÈNCIA, 237","C/ VALÈNCIA, 237",8007.0,24,801902081,la Dreta de l'Eixample,0.2113655138748075,0.2595471443055086,0.5100822349892982,0.0208403740002253,0.0491156922383688,5.072772332995381,16.358679734144417,8877,43,12,96.32822075842162,25,4,279.4926277036771,0,0,863.1886528828289,446,1954.076252616684,8.380347070801443,50.13157894736842,-0.0268421052631579,ELECTRICBIKESTATION,02-Eixample/07-la Dreta de l'Eixample,True,534,1000,1774994105,59415,26267,1086,969,158,338,370,258,297,252,256,2055,99,664,1188,124.3,728,525,132,297,2055,1078.88,610.33,271.26,4.2,,6.041140585276729,0,23,6.181478496283036,0,23,2.3356989974090347,2.737073335586347,0.2517141910531967,0.6816116555893508,0.2575616040117924
602,"C/ ROSSELLÓ, 497 (xamfrà)","C/ ROSSELLÓ, 497 (xamfrà)",,20,801902037,la Sagrada Família,0.2346762346027799,0.2263532602553961,0.4739518589671149,0.0185331675895581,0.0402305345236749,4.6935246920556,13.215956605266133,8849,16,13,160.1621657220706,4,2,294.8015123411308,0,0,762.3967255361697,261,2815.9768242868995,12.581230306377838,53.23076923076923,0.1277692307692307,ELECTRICBIKESTATION,02-Eixample/06-la Sagrada Família,True,536,1000,1774994105,49845,21612,589,554,84,149,196,137,170,183,158,1143,104,504,450,79.9,187,279,21,168,1143,318.9,192.02,24.0,5.1,,4.833984843490387,0,18,4.883640473353974,0,20,0.6772516668550118,4.016273025200587,0.2416992421745198,0.6607978302633065,0.2441820236676984
603,"C/ CÒRSEGA, 612 (xamfrà)","C/ CÒRSEGA, 612 (xamfrà)",8025.0,24,801902037,la Sagrada Família,0.2454047914085089,0.1836205925425256,0.3947279486312943,0.0076602455784611,0.009462656302805,5.889714993804213,16.659457023769292,8877,22,10,140.10091229462978,2,1,161.74814825691965,0,0,889.7728016676193,237,3124.614521510044,5.43424677899657,56.22222222222222,0.1202777777777777,ELECTRICBIKESTATION,02-Eixample/06-la Sagrada Família,True,537,1000,1774994105,49845,21612,589,554,84,149,196,137,170,183,158,1143,104,504,450,79.9,187,279,21,168,1143,318.9,192.02,24.0,5.1,,5.526952997702844,0,21,5.645166654322622,0,24,0.4633322068266306,5.426382786977583,0.2302897082376178,0.6941440426570539,0.2352152772634423
604,"C/ CÒRSEGA, 578","C/ CÒRSEGA, 578",,28,801902036,la Sagrada Família,0.2222995926647454,0.1920432773582779,0.4279274202637214,0.006874788684774,0.0157782035388256,6.22438859461287,21.127127239941395,8873,21,7,71.91332032240189,5,2,319.670799931712,0,0,831.1437617275955,314,2251.0396356081,97.06823584833624,58.72222222222222,0.2121944444444444,ELECTRICBIKESTATION,02-Eixample/06-la Sagrada Família,True,538,1000,1774994105,48252,20632,608,529,92,150,184,146,153,192,144,1137,102,475,515,82.0,269,287,21,147,1137,326.32,167.14,23.88,5.1,,6.620035461516542,0,27,6.681271015291417,0,28,1.459371125887524,4.765017468725347,0.2364298379113041,0.7545402585693356,0.2386168219746922
608,"C/ PAMPLONA, 116 (xamfrà)","C/ PAMPLONA, 116 (xamfrà)",8018.0,24,801910043,el Parc i la Llacuna del Poblenou,0.4908475619135518,0.0028841716658975,0.0762574988463313,0.0575680664513151,0.1753576372865713,11.780341485925245,10.07291185971389,8668,2,2,74.61776122471754,5,1,337.3185496929092,10,3,211.6601072139534,218,2786.9544041009526,6.125765149058871,11.58974358974359,0.371051282051282,ELECTRICBIKESTATION,10-SantMartí/66-el Parc i la Llacuna del Poblenou,True,542,1000,1774994105,41674,17509,1182,1155,218,452,470,483,248,138,107,2337,221,1121,1406,77.2,1493,308,139,184,2337,719.8,430.01,324.84,5.3,,6.58688651644492,0,23,6.437708368621618,0,23,8.476695892939548,3.3036455929856947,0.2744536048518711,0.4197046608214121,0.2682378486925683
609,"C/ ÀVILA, 94","C/ ÀVILA, 94",8018.0,24,801910042,el Parc i la Llacuna del Poblenou,0.554015826472689,0.0125183263787075,0.0442088643284087,0.0825532874703958,0.1845043419420322,13.296379835344537,9.83015676102402,8867,10,7,78.39356487459713,3,1,344.24758766056425,0,0,579.5681041796608,195,1458.9079562857064,149.0761074341853,12.0,0.1242777777777777,ELECTRICBIKESTATION,10-SantMartí/66-el Parc i la Llacuna del Poblenou,True,543,1000,1774994105,38142,15637,1618,1506,267,250,563,798,348,185,261,3124,388,1315,1176,74.6,1046,262,79,103,3124,818.49,321.77,246.8,5.3,,6.723630631177355,0,24,6.467903158695047,0,24,9.680500733055148,3.615879102289388,0.2801512762990565,0.4095898650426676,0.2694959649456268
61,"C/ ARAGÓ, 288","C/ ARAGÓ, 288",8009.0,26,801902078,la Dreta de l'Eixample,0.2500303461191649,0.1866546438232642,0.4170423805229937,0.009580703336339,0.0384355275022542,6.500788999098287,16.448602344454464,8872,47,15,83.10329895058652,22,4,160.857301737565,0,0,553.0844089202785,371,2860.71932182477,1.1555279508337817,45.39473684210526,0.0392368421052631,ELECTRICBIKESTATION,02-Eixample/07-la Dreta de l'Eixample,True,61,1000,1774994105,56001,24597,733,652,122,289,228,195,177,131,162,1385,94,468,724,125.2,564,604,417,551,1385,836.54,763.14,577.54,4.2,,6.6720865789150015,0,25,6.693850810490174,0,26,2.840396753832281,3.6603922452660056,0.2566187145736538,0.632638551709787,0.2574558004034679
610,"C/ ÀVILA, 102","C/ ÀVILA, 102",8018.0,27,801910042,el Parc i la Llacuna del Poblenou,0.4105321202095395,0.0293255131964809,0.1236183171667042,0.0874125874125874,0.137265959846605,11.084367245657567,15.478682607714866,8866,8,5,147.4157835037066,3,1,400.4292934494897,0,0,527.1715763660658,236,1385.1336075633428,144.31045487649936,11.891891891891891,0.0944594594594594,ELECTRICBIKESTATION,10-SantMartí/66-el Parc i la Llacuna del Poblenou,True,544,1000,1774994105,38142,15637,1618,1506,267,250,563,798,348,185,261,3124,388,1315,1176,74.6,1046,262,79,103,3124,818.49,321.77,246.8,5.3,,8.299694496924145,0,27,8.28504092346786,0,27,6.396007218587863,4.688360027069704,0.3073960924786711,0.5732845410264765,0.3068533675358465
62,"PL. CATALUNYA, 5","PL. CATALUNYA, 5",8002.0,25,801902077,la Dreta de l'Eixample,0.4023924886982729,0.0775472354236698,0.1887098643792743,0.012634751362003,0.1523125072446969,10.05981221745682,12.974266836675554,8627,102,56,40.142706446332745,55,8,53.985746567797605,0,0,1253.182281716704,412,1106.0682657876073,185.0303900292232,34.32432432432432,0.1982702702702702,ELECTRICBIKESTATION,02-Eixample/07-la Dreta de l'Eixample,True,62,1000,1774994105,52902,22220,824,850,99,372,358,227,194,174,145,1674,115,548,972,120.1,839,512,223,239,1674,857.09,400.09,373.3,4.2,,7.303934134994733,0,24,7.493286950357424,0,25,5.134693404427959,4.925118813028863,0.2921573653997896,0.5189706734670221,0.2997314780142965
63,"PL. CATALUNYA, 7","PL. CATALUNYA, 7",8002.0,27,801902077,la Dreta de l'Eixample,0.3972489719096054,0.0909618285183896,0.1644042232277526,0.0361990950226244,0.0871330780833043,10.725722241559346,14.932822833275322,8619,87,54,10.318600727945062,51,8,68.9126120563985,0,0,1335.0061969591231,484,375.6380502316025,110.13855257674092,31.210526315789476,0.2901842105263159,ELECTRICBIKESTATION,02-Eixample/07-la Dreta de l'Eixample,True,63,1000,1774994105,52902,22220,824,850,99,372,358,227,194,174,145,1674,115,548,972,120.1,839,512,223,239,1674,857.09,400.09,373.3,4.2,,7.616547126782005,0,27,7.767643467210936,0,27,6.635224504002784,4.090497737556561,0.2820943380289629,0.5530675123435305,0.2876904987855905
64,"PL. CATALUNYA, 10-11 (LA RAMBLA)","PL. CATALUNYA, 10-11 (LA RAMBLA)",8002.0,21,801902077,la Dreta de l'Eixample,0.4275617038968893,0.1125978002041047,0.2740673545753487,0.0868579203991382,0.2213402880145141,8.978795781834675,10.70302755414446,8819,111,56,21.52707884678595,51,8,21.54700104204212,0,0,1226.7646447995496,371,1122.690372363475,179.06845942624807,33.83783783783784,0.4814594594594594,ELECTRICBIKESTATION,02-Eixample/07-la Dreta de l'Eixample,True,64,1000,1774994105,52902,22220,824,850,99,372,358,227,194,174,145,1674,115,548,972,120.1,839,512,223,239,1674,857.09,400.09,373.3,4.2,,7.077376152969062,0,21,7.050889357436602,0,21,4.332010432021772,4.646785349812904,0.3370179120461456,0.5096679787687838,0.335756636068409
65,"PL. CATALUNYA, 10-11 (PG. DE GRÀCIA)","PL. CATALUNYA, 10-11 (PG. DE GRÀCIA)",8002.0,21,801902077,la Dreta de l'Eixample,0.4884330759330759,0.0561936936936936,0.1572072072072072,0.0601351351351351,0.2353603603603603,10.257094594594594,8.271846846846847,8880,126,62,28.09192965933481,47,8,18.65045277901155,0,0,1210.7975107356383,373,1481.2930546367672,193.25401330224855,33.666666666666664,0.5039444444444444,ELECTRICBIKESTATION,02-Eixample/07-la Dreta de l'Eixample,True,65,1000,1774994105,52902,22220,824,850,99,372,358,227,194,174,145,1674,115,548,972,120.1,839,512,223,239,1674,857.09,400.09,373.3,4.2,,6.029809691443727,0,21,5.949062620704617,0,21,5.594707207207208,4.662387387387388,0.2871337948306537,0.3938974688974689,0.2832886962240297
66,"GRAN VIA DE LES CORTS CATALANES, 609","GRAN VIA DE LES CORTS CATALANES, 609",8007.0,16,801902079,la Dreta de l'Eixample,0.2932827827263502,0.2531288758597361,0.4799864697260119,0.0127410080054121,0.1549216371631525,4.692524523621604,9.631074529259218,8869,104,52,73.64574763349061,54,9,47.12795825249569,0,0,1016.8054479663294,359,2204.402127854314,1.288064355060064,39.054054054054056,-0.1262432432432432,ELECTRICBIKESTATION,02-Eixample/07-la Dreta de l'Eixample,True,66,1000,1774994105,67110,28148,704,715,126,275,279,214,153,115,171,1419,88,420,824,133.4,602,594,234,261,1419,842.89,370.36,332.05,4.2,,4.831141863659309,0,15,4.90115278132574,0,16,2.064945315142632,2.627579208478972,0.3019463664787068,0.6019421580787011,0.3063220488328587
67,"C/ ROCAFORT, 214 | C/ ROSSELLÓ","C/ ROCAFORT, 214 | C/ ROSSELLÓ",8029.0,23,801902114,la Nova Esquerra de l'Eixample,0.2111570187175604,0.1141923120279562,0.3871040468943749,0.0077781535339871,0.028745350016909,4.856611430503889,15.451471085559689,8871,15,9,139.69021120354043,1,1,147.43465637177232,0,0,788.4477373842892,178,2044.243325653728,123.23146272930336,56.02777777777778,-0.1986944444444444,ELECTRICBIKESTATION,02-Eixample/09-la Nova Esquerra de l'Eixample,True,67,1000,1774994105,46552,21272,807,728,119,195,266,216,190,178,258,1535,150,629,730,81.6,349,250,22,181,1535,383.75,277.83,33.77,4.9,,4.581119157232459,0,21,4.813323044042008,0,23,0.9243602750535452,3.932251155450344,0.1991790937927159,0.6718030906765082,0.2092749149583487
68,"RAMBLA CATALUNYA, 133 /  CÒRSEGA","RAMBLA CATALUNYA, 133 /  CÒRSEGA",8008.0,27,801902083,la Dreta de l'Eixample,0.121433250305617,0.2826405317111636,0.6032443393038188,0.0019150613946152,0.0110397656866058,3.2786977582516617,19.27351582741917,8877,31,13,158.26249326373542,16,3,168.10282579494157,0,0,916.57969197511,426,2055.362639010554,47.720833490126026,62.44736842105263,0.0089999999999999,ELECTRICBIKESTATION,02-Eixample/07-la Dreta de l'Eixample,True,68,1000,1774994105,66319,28846,963,871,169,341,292,280,219,181,232,1834,85,596,1098,121.9,690,646,308,285,1834,1184.76,522.69,564.87,4.2,,4.354612760310421,0,25,4.9292185064788026,0,26,0.5224738087191618,2.7562239495325,0.1612819540855714,0.7138339195340434,0.1825636483881038
69,"CARRER DE LA MARINA,25-33","CARRER DE LA MARINA,25-33",8005.0,43,801910054,la Vila Olímpica del Poblenou,0.3502478078536027,0.0036299765807962,0.0412177985948477,0.035831381733021,0.0599531615925058,15.060655737704918,27.10503512880562,8540,37,12,45.94169376625562,2,1,268.0626149592899,4,2,280.96454662302864,75,1965.704360878645,6.824775768915781,13.166666666666666,-0.0516111111111111,ELECTRICBIKESTATION,01-CiutatVella/67-la Vila Olímpica del Poblenou,True,69,1000,1774994105,63952,24193,497,445,92,143,124,124,161,137,75,942,55,306,471,109.4,232,360,53,175,942,339.12,164.85,49.93,5.4,,11.509608303648523,0,43,11.55873093642607,0,43,7.695550351288056,7.365105386416862,0.2676653093871755,0.6303496541582703,0.2688076961959559
7,"PG. PUJADES,  1 (JUTJATS)","PG. PUJADES,  1 (JUTJATS)",8003.0,27,801901055,"Sant Pere, Santa Caterina i la Ribera",0.551401506328131,0.0057069648264616,0.032611227579781,0.0726764500349406,0.1982296762170976,14.88784067085954,10.034008851618914,8586,29,11,50.92024878432586,6,2,407.7032540093765,4,2,461.7345091030348,228,1187.3811689512563,4.039861893837102,15.421052631578949,0.4663947368421052,ELECTRICBIKESTATION,"01-CiutatVella/04-Sant Pere, Santa Caterina i la Ribera",True,7,1000,1774994105,41259,18412,607,617,85,132,214,197,157,136,210,1224,155,470,522,84.8,420,239,29,123,1224,292.54,150.55,35.5,,,6.741806136234709,0,26,6.91810880240415,0,27,12.863848124854414,2.0239925460051245,0.2496965235642479,0.3716299574673672,0.2562262519408947
70,"C/ COMTE URGELL, 23","C/ COMTE URGELL, 23",8011.0,27,801902162,Sant Antoni,0.4473576155219287,0.0207725522231298,0.0836737075504726,0.0001166997315906,0.0721204341230015,12.078655619092077,11.193254755514062,8569,55,27,57.48864517309091,6,2,233.01226755722573,0,0,1959.2536065626036,276,1304.3887608917576,8.044111209509621,33.97142857142857,-0.2750285714285714,ELECTRICBIKESTATION,02-Eixample/10-Sant Antoni,True,70,1000,1774994105,40102,17348,668,642,79,169,222,211,209,152,162,1310,192,598,489,71.8,400,189,18,130,1310,247.59,170.3,23.58,5.2,,6.395728562931078,0,24,6.457087122240927,0,27,8.171782004901388,3.9068736141906872,0.2368788356641139,0.4145649909449653,0.2391513748978127
71,"C/ FLORIDABLANCA, 145","C/ FLORIDABLANCA, 145",8011.0,27,801902165,Sant Antoni,0.3219016853229159,0.047780031552851,0.1657651566373676,0.0055217489294568,0.0291863871985575,8.691345503718729,15.031102096010818,8874,56,26,119.48181101976274,14,2,242.29781237015663,0,0,1874.2666626764187,296,954.1973779397732,205.7668024804129,32.8421052631579,-0.0343947368421052,ELECTRICBIKESTATION,02-Eixample/10-Sant Antoni,True,71,1000,1774994105,45875,19725,817,785,103,228,318,280,223,130,202,1602,185,673,660,83.4,504,213,27,127,1602,341.23,203.45,43.25,5.2,,5.693331145741574,0,25,5.914235604170762,0,27,5.851814288933965,2.8395312147847647,0.2108641165089474,0.5567074850374376,0.2190457631174357
72,"C/ PROVENÇA, 215","C/ PROVENÇA, 215",8008.0,27,801902083,la Dreta de l'Eixample,0.2447679557089732,0.1411526339486717,0.3633498424133273,0.0051778478162989,0.0285907248986942,6.608734804142278,16.679423683025664,8884,13,7,171.1078113757037,16,3,56.27462207177943,0,0,972.6906482004476,367,1775.9708121730173,18.451041566111886,55.51351351351352,0.0721621621621621,ELECTRICBIKESTATION,02-Eixample/07-la Dreta de l'Eixample,True,72,1000,1774994105,66319,28846,963,871,169,341,292,280,219,181,232,1834,85,596,1098,121.9,690,646,308,285,1834,1184.76,522.69,564.87,4.2,,6.171695898025561,0,25,6.310023035368792,0,26,3.50056280954525,3.1081719945970283,0.2285813295565026,0.6177564327046542,0.2337045568655106
73,"C/ ENRIC GRANADOS, 93","C/ ENRIC GRANADOS, 93",8008.0,27,801902084,l'Antiga Esquerra de l'Eixample,0.1656008976653193,0.23392273904719,0.5190899876112175,0.0,0.0111499042684987,4.471224236963622,20.158463790967453,8879,28,15,166.51340408376328,9,2,157.13613036049676,0,0,1098.8734764460537,282,1531.3878300132342,14.253659650134914,56.94594594594594,-0.1074054054054053,ELECTRICBIKESTATION,02-Eixample/08-l'Antiga Esquerra de l'Eixample,True,73,1000,1774994105,51129,23283,1053,905,147,336,362,294,256,229,209,1958,115,695,1111,101.0,670,304,63,735,1958,595.23,1439.13,123.35,4.2,,5.531213501311241,0,26,5.610870694765657,1,27,0.8673274017344296,3.6038968352291927,0.2048597593078231,0.7466097700358315,0.2078100257320616
74,"AV. JOSEP TARRADELLAS, 133","AV. JOSEP TARRADELLAS, 133",8029.0,15,801904018,les Corts,0.2178248301235124,0.1006870143034125,0.4844013965536659,0.0252280662236738,0.0708413109584412,3.2673724518526863,7.638134925104178,8879,52,31,56.4157876148395,0,0,676.854561597579,6,3,241.0110383811008,234,2206.440741352304,14.508988174339423,68.57894736842105,-0.0230526315789473,ELECTRICBIKESTATION,02-Eixample/19-les Corts,True,74,1000,1774994105,57881,24800,739,645,135,167,179,184,204,180,225,1384,89,555,712,109.4,255,328,25,213,1384,453.95,294.79,34.6,5.1,,2.681090655894577,0,14,3.0262486045632158,0,13,0.4844013965536659,2.7829710552990203,0.1787393770596389,0.5092089950069452,0.2017499069708816
75,"AV. JOSEP TARRADELLAS, 58","AV. JOSEP TARRADELLAS, 58",8029.0,21,801902125,la Nova Esquerra de l'Eixample,0.2054198100814472,0.1341065195360882,0.4079495552302669,0.0012385992568404,0.016664790001126,4.313816011710393,13.089854746087152,8881,22,10,102.52249014618644,5,2,208.84301904819003,0,0,797.0238534134369,153,2004.834876243692,14.71440785966199,57.225,0.0121499999999999,ELECTRICBIKESTATION,02-Eixample/09-la Nova Esquerra de l'Eixample,True,75,1000,1774994105,48038,20970,845,722,99,212,240,231,199,192,279,1567,140,624,730,81.7,334,273,11,159,1567,427.79,249.15,17.24,4.9,,3.865334425693443,0,19,4.396613867929915,0,21,0.8080171151897309,3.505798896520662,0.1840635440806398,0.6233264164803406,0.20936256513952
76,"C/ CÒRSEGA, 216","C/ CÒRSEGA, 216",8036.0,31,801902087,l'Antiga Esquerra de l'Eixample,0.1713534717501081,0.1479770089034148,0.4096697847402231,0.0002254029076975,0.0074382959540178,5.311957624253353,21.73447537473233,8873,28,13,53.00291406749449,4,2,394.52305494436246,0,0,837.7707933653904,234,1427.946641685211,148.4371323232375,57.82051282051282,0.1998974358974359,ELECTRICBIKESTATION,02-Eixample/08-l'Antiga Esquerra de l'Eixample,True,76,1000,1774994105,51481,22670,739,617,109,183,250,207,182,175,159,1356,91,467,707,89.1,336,252,22,172,1356,341.71,233.23,29.83,4.2,,5.371086359042504,0,27,5.605839010978208,0,30,2.9358728727600587,2.3760847514932943,0.1732608502916932,0.7011121088623333,0.1808335164831675
77,"AV. FRANCESC CAMBÓ, 10","AV. FRANCESC CAMBÓ, 10",8003.0,24,801901047,"Sant Pere, Santa Caterina i la Ribera",0.6298741409929735,0.005791058605513,0.0595320824646745,0.1374797312948807,0.3398193189715079,15.116979383831364,6.423326384063007,8634,23,8,56.09865797941878,4,2,205.73622373395483,0,0,1067.8015941921542,504,595.0807493464456,36.81374190257471,24.65,-0.046125,ELECTRICBIKESTATION,"01-CiutatVella/04-Sant Pere, Santa Caterina i la Ribera",True,77,1000,1774994105,31652,15624,847,827,91,340,434,285,191,114,142,1674,268,656,698,62.5,874,147,37,126,1674,246.08,210.92,61.94,,,6.295328854890073,0,24,6.139500940789223,0,23,13.209173036831134,1.907806347000232,0.2623053689537533,0.2676385993359585,0.2558125391995507
78,PL. UNIVERSITAT /  ARIBAU,PL. UNIVERSITAT /  ARIBAU,8011.0,27,801902164,Sant Antoni,0.2276871131119865,0.1738885762521103,0.3635340461451885,0.0117051209904333,0.0307259425998874,6.147552054023636,18.918739448508724,8885,128,39,32.46773083459902,20,5,56.901525218151214,0,0,1463.6854877678957,427,1965.0312091664932,7.307917670103373,33.0,0.3063421052631578,ELECTRICBIKESTATION,02-Eixample/10-Sant Antoni,True,78,1000,1774994105,43242,19055,681,694,91,260,285,205,182,162,117,1375,110,614,702,96.4,586,238,79,174,1375,327.25,239.25,108.62,5.2,,6.20639275565951,0,27,6.392051446025278,0,27,3.4912774338773214,2.656274620146314,0.22986639835776,0.7006940536484711,0.236742646149084
79, PL.  UNIVERSITAT,PL. UNIVERSITAT,8007.0,24,801902164,Sant Antoni,0.2557430782523761,0.1186746309027386,0.3349487208384988,0.0149892933618843,0.0402344190240054,6.137833878057027,14.099853488109996,8873,123,39,48.95748505021438,20,5,56.64280092198708,0,0,1478.4150178038635,422,1954.1880099816224,6.758102849414251,32.87179487179487,0.2558974358974358,ELECTRICBIKESTATION,02-Eixample/10-Sant Antoni,True,79,1000,1774994105,43242,19055,681,694,91,260,285,205,182,162,117,1375,110,614,702,96.4,586,238,79,174,1375,327.25,239.25,108.62,5.2,,5.496314335691565,0,23,5.259384778397788,0,24,3.890003381043616,2.2478304970134118,0.2290130973204819,0.5874938953379165,0.2191410324332415
8,"PG. PUJADES, 2","PG. PUJADES, 2",8003.0,27,801901055,"Sant Pere, Santa Caterina i la Ribera",0.5305866211038625,0.0138630009319664,0.0507921714818266,0.0884203168685927,0.2468546132339235,14.325838769804289,10.27364864864865,8584,32,11,40.14243607000221,6,2,392.392565594846,4,2,438.0302032043005,203,1245.4456459105097,5.687706050876389,16.205128205128204,0.3394358974358974,ELECTRICBIKESTATION,"01-CiutatVella/04-Sant Pere, Santa Caterina i la Ribera",True,8,1000,1774994105,41259,18412,607,617,85,132,214,197,157,136,210,1224,155,470,522,84.8,420,239,29,123,1224,292.54,150.55,35.5,,,7.18229882418992,0,27,7.92079072471954,0,27,12.68452935694315,1.641309412861137,0.2660110675625893,0.3805055055055055,0.2933626194340568
80,"C/ ENRIC  GRANADOS, 35","C/ ENRIC  GRANADOS, 35",8007.0,25,801902090,l'Antiga Esquerra de l'Eixample,0.2292022054686621,0.1460560369078429,0.4049735568808372,0.0031506695172724,0.047822662315742,5.730055136716552,15.02621807134016,8887,40,13,69.39362862178852,2,1,390.3654305877191,0,0,1164.2232957961344,397,2100.915043625723,2.8610139308686384,47.05128205128205,0.1832051282051282,ELECTRICBIKESTATION,02-Eixample/08-l'Antiga Esquerra de l'Eixample,True,80,1000,1774994105,47116,20891,875,780,114,284,344,257,201,188,156,1655,119,593,919,92.5,643,246,35,183,1655,407.13,302.86,57.92,4.2,,5.568263603904592,0,23,5.954804754246334,0,25,2.445257117137392,3.2847980195791604,0.2227305441561832,0.6010487228536064,0.2381921901698535
81,"C/ VILAMARÍ,  61","C/ VILAMARÍ,  61",8015.0,21,801902148,la Nova Esquerra de l'Eixample,0.3221105662298684,0.054136184580754,0.2230725942599887,0.0480585256049521,0.117388857625211,6.764321890827237,10.074620146314013,8885,15,8,134.71125618911532,20,2,320.0025295341787,0,0,1535.1047465162048,222,2494.252805122793,5.359919830551237,36.52777777777778,0.3872777777777778,ELECTRICBIKESTATION,02-Eixample/09-la Nova Esquerra de l'Eixample,True,81,1000,1774994105,45765,21273,786,702,92,185,274,252,166,192,209,1488,113,605,691,75.1,398,303,52,190,1488,450.86,282.72,77.38,4.9,,4.907364399896953,0,19,4.979466243090043,0,19,2.582554867754643,4.181767023072594,0.2336840190427123,0.4797438164911434,0.2371174401471445
82,"C/ CALÀBRIA, 112","C/ CALÀBRIA, 112",8015.0,40,801902145,la Nova Esquerra de l'Eixample,0.4292361894024802,0.0361894024802705,0.1063134160090191,0.0254791431792559,0.0700112739571589,17.16944757609921,20.460090191657272,8870,48,18,45.34461024893442,8,1,124.08127167047606,0,0,1617.1805558020596,322,2354.3582310620395,17.52703253232294,34.628571428571426,0.4559142857142856,ELECTRICBIKESTATION,02-Eixample/09-la Nova Esquerra de l'Eixample,True,82,1000,1774994105,47168,19195,584,601,80,197,234,165,177,138,109,1185,125,482,521,95.4,397,245,20,151,1185,290.32,178.94,23.7,4.9,,11.454530109952785,0,40,11.5778596525116,0,40,8.05152198421646,9.11792559188275,0.2863632527488207,0.5115022547914317,0.2894464913127902
83,"C/ CALABRIA, 158","C/ CALABRIA, 158",8015.0,24,801902140,la Nova Esquerra de l'Eixample,0.3666056681681682,0.0632882882882883,0.2117117117117117,0.0620495495495495,0.2037162162162162,8.798536036036037,9.88018018018018,8880,9,7,58.90169440224543,4,1,389.4354069970616,0,0,1335.6519010947177,400,2398.2106272090973,21.431551988419116,41.3235294117647,0.219235294117647,ELECTRICBIKESTATION,02-Eixample/09-la Nova Esquerra de l'Eixample,True,83,1000,1774994105,46117,20282,928,852,110,256,358,289,227,215,193,1780,161,714,827,81.4,448,280,18,205,1780,498.4,364.9,32.04,4.9,,6.2043020740978445,0,23,6.740809143390338,0,24,2.777027027027027,6.021509009009009,0.2585125864207429,0.4116741741741742,0.2808670476412644
84,C/ DEL COMTE D'URGELL 75 B,"C/ DEL COMTE D'URGELL, 75 B",8011.0,27,801902143,la Nova Esquerra de l'Eixample,0.317897063730397,0.0403153153153153,0.166554054054054,0.0094594594594594,0.038063063063063,8.583220720720721,14.579054054054057,8880,43,23,80.23131082373793,8,1,158.46879633504184,0,0,1546.9448950202009,425,2579.4481519109245,1.2889729133393049,38.08108108108108,-0.1753243243243243,ELECTRICBIKESTATION,02-Eixample/09-la Nova Esquerra de l'Eixample,True,84,1000,1774994105,46466,19780,692,709,108,192,284,234,176,151,156,1401,159,547,694,86.2,480,245,32,153,1401,343.24,214.35,44.83,4.9,,5.8918482179822105,0,24,6.33571534161465,0,27,4.268806306306306,4.314414414414414,0.2182166006660079,0.5399649649649649,0.2346561237635052
85,"AV. PARAL·LEL, 146 BIS","AV. PARAL·LEL, 146 BIS",8015.0,40,801902173,Sant Antoni,0.4903209775491113,0.0042095416276894,0.032156220767072,0.081267539756782,0.1386810102899906,19.61283910196445,17.725327408793266,8552,25,15,9.725885621865416,3,1,114.69036001258796,0,0,2314.327618369447,258,1674.9343682836789,20.17585775779186,34.53846153846154,-0.1069743589743589,ELECTRICBIKESTATION,02-Eixample/10-Sant Antoni,True,85,1000,1774994105,41235,18746,748,719,107,204,291,257,185,167,169,1467,177,650,540,75.0,392,239,37,151,1467,350.61,221.52,54.28,5.2,,10.460025259874486,0,40,10.835443180536531,0,40,11.605238540692236,8.007600561272216,0.2615006314968623,0.4431331852198316,0.2708860795134139
86,"C/ VILADOMAT,  2","C/ VILADOMAT,  2",8015.0,27,801902172,Sant Antoni,0.5036472999877932,0.0292078645300602,0.0920559154449369,0.0765996135924537,0.2016138197522445,13.598477099670417,10.759404477781564,8799,34,18,21.69231180993372,5,2,207.9526330882937,0,0,2473.5735247342973,360,1915.7545408425892,48.186724484666,30.054054054054053,-0.153054054054054,ELECTRICBIKESTATION,02-Eixample/10-Sant Antoni,True,86,1000,1774994105,37406,17377,756,678,94,152,306,270,224,137,142,1434,167,586,568,69.2,415,217,23,140,1434,311.18,200.76,32.98,5.2,,7.643277341516405,0,26,7.696901264452391,0,26,9.36890555744971,4.2295715422207065,0.283084345982089,0.398496462140058,0.2850704172019395
87,"C/ ROCAFORT, 187","C/ ROCAFORT, 187",8029.0,25,801902128,la Nova Esquerra de l'Eixample,0.3049465270741867,0.0876955983338962,0.2908927164246313,0.0261173027130473,0.0686704942024091,7.623663176854666,14.139254756276031,8883,15,6,159.32049220401467,1,1,256.0851442216991,0,0,1067.6294739645125,167,2490.089198939231,35.48855997744131,46.13157894736842,0.2887631578947368,ELECTRICBIKESTATION,02-Eixample/09-la Nova Esquerra de l'Eixample,True,87,1000,1774994105,42814,19179,669,577,78,168,252,192,169,129,166,1246,141,541,500,68.7,357,233,28,134,1246,290.32,166.96,34.89,4.9,,6.317955544381226,0,23,6.545071266024117,0,25,1.6304176516942477,5.993245525160419,0.2527182217752494,0.5655701902510413,0.261802850640965
88,"C/ LONDRES, 101-103","C/ LONDRES, 101-103",8036.0,20,801902086,l'Antiga Esquerra de l'Eixample,0.1407945298372513,0.2238924050632911,0.6097423146473779,0.0,0.0212477396021699,2.815890596745027,13.23372513562387,8848,33,16,65.70088281214991,0,0,557.7716663275853,0,0,652.0727748930988,384,2464.7638283404267,14.243596039695692,64.94594594594595,-0.013081081081081,ELECTRICBIKESTATION,02-Eixample/08-l'Antiga Esquerra de l'Eixample,True,88,1000,1774994105,59048,25124,719,617,135,201,210,218,192,156,117,1336,93,453,718,118.5,398,400,60,267,1336,534.4,356.71,80.16,4.2,,3.1415332086590264,0,17,3.976173191888984,1,20,0.485872513562387,2.3300180831826403,0.157076660432951,0.6616862567811935,0.1988086595944498
89,"C/ ROSSELLÓ,  101","C/ ROSSELLÓ,  101",8036.0,24,801902110,la Nova Esquerra de l'Eixample,0.1881220657276995,0.128112676056338,0.4024788732394366,0.0005633802816901,0.0027042253521126,4.514929577464788,17.103774647887324,8875,9,7,137.53102918617066,3,1,225.96851781313103,0,0,742.8278765583618,175,1626.6245927969169,48.4339421095762,48.8421052631579,0.2137105263157894,ELECTRICBIKESTATION,02-Eixample/09-la Nova Esquerra de l'Eixample,True,89,1000,1774994105,45731,20865,944,830,152,235,324,307,221,200,190,1774,123,669,875,79.3,497,286,43,184,1774,507.36,326.42,76.28,4.9,,4.098609457501833,0,24,4.198256498037586,0,24,0.9689014084507044,3.5460281690140847,0.1707753940625766,0.7126572769953051,0.1749273540848995
9,"AV. MARQUÉS DE L'ARGENTERA,13","AV. MARQUÉS DE L'ARGENTERA,13",8003.0,27,801901043,"Sant Pere, Santa Caterina i la Ribera",0.5601498525521763,0.0022781637999772,0.0157193302198428,0.0910126438090898,0.2126665907278733,15.12404601890876,10.042829479439572,8779,35,16,57.86776900215623,2,2,77.76190010581018,0,0,674.9381495897741,248,1266.2845311666376,4.241574326462657,19.05555555555556,-0.7750277777777778,ELECTRICBIKESTATION,"01-CiutatVella/04-Sant Pere, Santa Caterina i la Ribera",True,9,1000,1774994105,42945,19719,777,825,84,247,413,314,180,130,106,1602,126,521,831,81.9,741,223,83,3552,1602,357.25,5690.3,132.97,,,6.785335214073897,0,27,6.949627501534579,0,25,13.173709989748264,1.9503360291604963,0.2513087116323663,0.3719566473866508,0.2573936111679469
90,"C/ ROSSELLÓ, 108-110","C/ ROSSELLÓ, 108-110",8036.0,18,801902103,l'Antiga Esquerra de l'Eixample,0.1699559757866826,0.1791985592075641,0.5433363349842414,0.0054029716343989,0.0120441242683475,3.059207564160288,12.94203061683926,8884,22,12,131.83956746178697,2,1,37.55869080672649,0,0,772.5344403622079,194,1380.9164200200416,28.389205943989225,50.92307692307692,-0.0607179487179487,ELECTRICBIKESTATION,02-Eixample/08-l'Antiga Esquerra de l'Eixample,True,90,1000,1774994105,40096,18512,847,738,91,251,340,270,179,163,190,1585,141,604,776,70.6,573,247,25,181,1585,391.5,286.88,39.62,4.2,,3.026039135099233,0,18,3.1751232781659846,0,18,0.8164115263394868,2.2427960378208014,0.1681132852832899,0.7190017009355145,0.1763957376758883
91,"C/ COMTE D'URGELL, 43","C/ COMTE D'URGELL, 43",8011.0,35,801902160,Sant Antoni,0.3808644160525214,0.0271457535480964,0.1075692723586393,0.0208380265825636,0.0595854922279792,13.330254561838252,19.437936472178414,8878,53,29,36.53777283536356,10,2,144.1692992206559,0,0,1822.462717277531,276,1978.4681193470965,8.980584054445572,35.486486486486484,-0.1166486486486486,ELECTRICBIKESTATION,02-Eixample/10-Sant Antoni,True,91,1000,1774994105,47447,21124,942,924,142,250,316,295,286,240,223,1866,181,764,840,84.4,491,247,29,170,1866,460.9,317.22,54.11,5.2,,9.374066397881451,0,34,9.541849758383044,0,35,6.879589997747241,6.450664564091012,0.2678304685108991,0.5553696134908119,0.2726242788109437
92,"C / PROVENÇA, 241","C / PROVENÇA, 241",8008.0,18,801902083,la Dreta de l'Eixample,0.1812671245730585,0.3700033779979732,0.6625380024771985,0.0202679878392072,0.053034568179259,3.2628082423150544,12.89325526404684,8881,28,12,150.50113942573464,19,4,124.72808968619226,0,0,795.0748032676347,378,1575.1825407718522,15.238147297618973,56.94285714285714,-0.2798857142857143,ELECTRICBIKESTATION,02-Eixample/07-la Dreta de l'Eixample,True,92,1000,1774994105,66319,28846,963,871,169,341,292,280,219,181,232,1834,85,596,1098,121.9,690,646,308,285,1834,1184.76,522.69,564.87,4.2,,4.5886243689556325,0,18,4.551442771826948,0,18,1.316631010021394,1.9461772322936608,0.2549235760530906,0.7162919591137134,0.2528579317681639
94,"GRAN VIA DE LES CORTS CATALANES,375","GRAN  VIA DE LES CORTS CATALANES, 375-385",8015.0,48,801902149,la Nova Esquerra de l'Eixample,0.3713237328463922,0.0385126162018592,0.12167994687915,0.0132802124833997,0.0385126162018592,17.823539176626827,27.720949535192563,6024,95,43,27.519788775888937,18,4,46.86585809856784,0,0,1903.7295856496005,248,2220.597251646781,2.212161521245853,35.34285714285714,0.3946285714285714,ELECTRICBIKESTATION,02-Eixample/10-Sant Antoni,True,94,1000,1774994105,39990,16465,899,879,143,259,318,302,257,201,163,1778,164,741,748,85.7,554,221,32,181,1778,392.94,321.82,56.9,4.9,,12.894709064457675,0,48,13.365461075251083,0,48,9.848771580345286,7.97476759628154,0.2686397721762016,0.5775197819831783,0.2784471057343979
95,"C/ TARRAGONA, 103-115","C/ TARRAGONA, 103-115",8014.0,33,801903047,Hostafrancs,0.3061515425008204,0.0517824909747292,0.1878384476534296,0.0113944043321299,0.0560694945848375,10.103000902527077,18.79715703971119,8864,84,40,35.38010595227035,21,4,203.9902769071674,0,0,1785.9371648094552,247,2087.7788293916537,19.20533078120616,40.891891891891895,-0.4351351351351352,ELECTRICBIKESTATION,03-Sants-Montjuïc/15-Hostafrancs,True,95,1000,1774994105,36070,15838,846,827,106,233,358,284,221,196,165,1673,248,786,570,68.7,474,230,38,156,1673,384.79,260.99,63.57,5.2,,7.973999835780136,0,31,8.436843761684658,0,33,3.07096119133574,7.032039711191335,0.2416363586600038,0.5696108193851876,0.2556619321722619
96,"GRAN VIA DE LES CORTS CATALANES,  368","GRAN VIA DE LES CORTS CATALANES, 368",8010.0,21,801903024,el Poble-sec,0.2924414210128495,0.0890022675736961,0.3108843537414966,0.0006802721088435,0.0361678004535147,6.141269841269842,13.718027210884356,8820,93,41,32.43264464512386,17,4,38.88056203180326,0,0,2049.1052708122625,206,1670.0893799130884,9.30159971650032,36.43243243243244,0.1965405405405405,ELECTRICBIKESTATION,03-Sants-Montjuïc/15-Hostafrancs,True,96,1000,1774994105,32309,13670,940,968,173,245,370,400,280,174,117,1908,344,789,650,58.0,692,245,60,175,1908,467.46,333.9,114.48,6.2,,5.335165945490672,0,21,5.138204849249447,0,21,2.099546485260771,4.04172335600907,0.2540555212138414,0.653239390994493,0.2446764213928315
97,"C/ TARRAGONA, 141","C/ TARRAGONA, 141",8014.0,21,801903048,Hostafrancs,0.3092687368692437,0.094574357792881,0.3104481050570211,0.0245363437392005,0.1045962446722727,6.494643474254119,10.503052643704642,8681,15,9,47.491991150793815,20,6,60.11412559514805,0,0,1563.1849735294095,121,1648.594388817955,31.037447433004765,40.21052631578947,0.021,ELECTRICBIKESTATION,03-Sants-Montjuïc/15-Hostafrancs,True,97,1000,1774994105,43851,20352,683,600,73,172,243,189,138,222,175,1283,170,559,508,72.1,333,338,62,157,1283,433.65,201.43,79.55,5.2,,5.2505211604563735,0,19,5.149763641671868,0,20,2.640479207464578,3.85416426678954,0.2500248171645887,0.5001453639859353,0.2452268400796124
98," C/ DOLORS BATLLE I SUNYER, 2"," C/ DOLORS BATLLE I SUNYER, 2",8014.0,21,801903107,Sants,0.1676142824653172,0.211848987946327,0.5415055719808961,0.0037525585626563,0.0276324766886513,3.5198999317716626,15.083579713440985,8794,48,12,86.83271958189721,14,4,90.13940671409298,0,0,1153.0724837971677,147,1318.7700863874577,101.14809599963354,42.0,0.5479459459459459,ELECTRICBIKESTATION,03-Sants-Montjuïc/18-Sants,True,98,1000,1774994105,41589,17236,769,763,136,190,274,243,177,210,184,1532,182,780,624,67.6,522,248,60,132,1532,379.94,202.22,91.92,4.6,,3.980434028660125,0,18,4.478838994520808,0,21,1.1216738685467365,2.398226063224926,0.1895444775552437,0.7182657006400468,0.2132780473581336
99,"C/ VIRIAT,  53","C/ VIRIAT,  53",8014.0,21,801903107,Sants,0.2708148768583992,0.1797271394745743,0.4399594091780358,0.0474687112414026,0.0965159544480775,5.687112414026384,12.982297891532305,8869,44,12,45.62136754799582,15,4,16.74616856586277,0,0,1152.634588611607,139,1613.4355613617377,33.24786883899499,44.27777777777778,0.0363055555555554,ELECTRICBIKESTATION,03-Sants-Montjuïc/18-Sants,True,99,1000,1774994105,41589,17236,769,763,136,190,274,243,177,210,184,1532,182,780,624,67.6,522,248,60,132,1532,379.94,202.22,91.92,4.6,,5.798864626761733,0,20,6.0373239639783325,0,21,2.252001353027399,3.435111060998985,0.2761364107981795,0.6182046615015383,0.2874916173323029
