station_id,n_observations,bikes_available_mean,bikes_available_std,bikes_available_min,bikes_available_max,docks_available_mean,docks_available_std,docks_available_min,docks_available_max,mechanical_bikes_mean,ebikes_mean,bikes_ratio_capacity_mean,bikes_ratio_capacity_std,docks_ratio_capacity_mean,docks_ratio_capacity_std,pct_empty,pct_near_empty,pct_full,pct_near_full,capacity
1,8738,8.801785305561914,6.892947597527717,0,46,33.99164568551156,7.469340561940124,0,46,4.500801098649577,4.300984206912337,0.19134315881656333,0.14984668690277644,0.7389488192502514,0.16237696873782903,0.05859464408331426,0.20244907301441978,0.00011444266422522316,0.006752117189288167,46
10,8869,14.479873717442779,6.625081658023602,1,34,27.959747434885557,6.449122819534137,9,42,3.4065847333408503,11.073288984101929,0.3367412492428553,0.15407166646566545,0.6502266845322222,0.14997960045428219,0.0,0.02920284135753749,0.0,0.0,43
100,8820,5.345351473922903,4.687054926949846,0,19,11.432766439909297,5.056872722367671,0,21,1.5921768707482993,3.753174603174603,0.24297052154195012,0.2130479512249923,0.5196712018140589,0.22985785101671286,0.09909297052154195,0.36882086167800454,0.016666666666666666,0.07256235827664399,22
101,8854,3.7887960243957535,4.516258873533078,0,22,16.70668624350576,4.956711562597161,0,24,0.7693697763722611,3.019426248023492,0.15786650101648972,0.18817745306387873,0.69611192681274,0.20652964844154797,0.2619155184097583,0.5588434605827874,0.005534221820646035,0.017619155184097582,24
102,8818,2.2503969154003176,3.314950848491058,0,21,19.20514855976412,3.6257351138396006,0,24,0.3036969834429576,1.94669993195736,0.0937665381416799,0.13812295202046032,0.800214523323505,0.15107229640998346,0.3539351326831481,0.7278294397822636,0.002154683601723747,0.007371286005897029,24
103,8868,6.533152909336942,5.267933951799375,0,20,11.164749661705006,5.477846345066326,0,20,3.0562697338746054,3.4768831754623366,0.3266576454668471,0.2633966975899679,0.5582374830852503,0.27389231725331675,0.09979702300405954,0.2846188543076229,0.03258908434821831,0.09585024808299504,20
104,8481,9.673151750972762,6.662075649816599,0,24,13.889989388043864,6.992654165324562,0,26,3.612899422237944,6.060252328734819,0.37204429811433704,0.2562336788391,0.5342303610786101,0.26894823712786814,0.04362693078646386,0.16684353260228746,0.027237354085603113,0.07664190543567975,26
105,8878,7.059472854246452,5.777019558322425,0,21,11.146767289930164,5.906730305890461,0,21,4.466208605541789,2.593264248704663,0.3361653740117358,0.2750961694439242,0.5307984423776269,0.2812728717090698,0.13617931966659158,0.2964631673800405,0.043027708943455735,0.12108583014192385,21
106,8862,3.167795080117355,3.1568393464473834,0,18,10.618709095012413,3.9539531363956373,0,19,0.3425863236289777,2.825208756488377,0.15838975400586777,0.15784196732236933,0.5309354547506205,0.19769765681978202,0.1620401715188445,0.5617242157526517,0.012186865267433988,0.03780185059805913,20
107,8145,2.4407612031921424,3.087414787298362,0,20,14.716390423572744,3.3824793766705867,0,20,0.23143032535297728,2.209330877839165,0.12203806015960712,0.1543707393649182,0.7358195211786372,0.1691239688335286,0.24284837323511357,0.681890730509515,0.0019643953345610805,0.009330877839165133,20
108,8880,3.686936936936937,3.579384426000356,0,18,13.35641891891892,4.375969432235261,0,21,0.5461711711711712,3.140765765765766,0.17556842556842556,0.17044687742858836,0.6360199485199486,0.20837949677310716,0.19132882882882882,0.4882882882882883,0.0009009009009009009,0.013963963963963964,21
109,8823,3.033888699988666,3.5161135582309924,0,20,17.427518984472403,4.2030394372747155,1,24,0.677547319505837,2.356341380482829,0.1264120291661944,0.14650473159295777,0.7261466243530168,0.17512664321977908,0.22248668253428538,0.5951490422758698,0.0,0.001813442139861725,24
11,8800,14.660113636363636,8.800670504464245,0,31,14.764204545454545,9.297996956696121,0,31,10.448522727272728,4.211590909090909,0.43117981283422463,0.2588432501313013,0.43424131016042783,0.2734704987263562,0.026818181818181817,0.09170454545454546,0.03215909090909091,0.17125,34
110,8885,4.376477208778841,3.871118246247909,0,15,10.435678109172763,4.109247788098557,0,17,1.5568936409679235,2.819583567810917,0.25743983581052005,0.22771283801458211,0.6138634181866331,0.2417204581234437,0.13325830050647158,0.4148564997186269,0.017332583005064715,0.06381541924592009,17
111,8868,6.041948579161028,4.545155757791609,0,18,9.573184483536311,4.933978269764002,0,19,1.9786874154262517,4.063261163734777,0.31799729364005414,0.23921872409429526,0.5038518149229636,0.25968306682968423,0.07453766350924673,0.2828146143437077,0.030446549391069014,0.11829048263419034,19
112,8549,10.94022692712598,5.2894290705467055,0,20,6.650836355129255,5.362401674813941,0,20,7.0738098023160605,3.8664171248099195,0.5470113463562989,0.26447145352733514,0.33254181775646274,0.268120083740697,0.02292665808866534,0.08843139548485203,0.13171131126447538,0.2958240729909931,20
113,8880,14.45304054054054,9.370166729661799,0,33,17.180405405405406,9.945855165581305,0,34,9.79864864864865,4.654391891891892,0.4250894276629571,0.2755931391077,0.5053060413354531,0.292525151928862,0.025112612612612613,0.10551801801801802,0.04594594594594595,0.10957207207207208,34
114,8886,12.318140895791132,4.01964248190568,0,19,5.459261760072024,3.96471142959913,0,18,10.072023407607473,2.2461174881836596,0.6159070447895566,0.20098212409528346,0.2729630880036012,0.19823557147995644,0.004501462975467027,0.020819266261534998,0.05491784830069773,0.2756020706729687,20
115,8860,13.230135440180588,4.4464143927908975,0,21,5.958013544018058,4.86984196534113,0,21,11.597178329571106,1.632957110609481,0.6300064495324089,0.21173401870432879,0.2837149306675266,0.23189723644481558,0.0020316027088036117,0.011963882618510158,0.10158013544018059,0.3029345372460497,21
116,8855,18.61389045736872,8.009403296430259,0,34,13.013664596273292,8.307244849217383,0,33,14.35776397515528,4.256126482213439,0.5474673663931976,0.235570685189126,0.38275484106686153,0.2443307308593346,0.0014680971202710334,0.021230942970073406,0.015923207227555053,0.12219085262563524,34
117,8852,13.463172164482604,5.168530158801714,0,21,6.708766380478988,5.468154327864844,0,21,11.17702214188884,2.2861500225937643,0.6411034364039335,0.24612048375246215,0.31946506573709466,0.2603883013268976,0.0005648441030275643,0.01999548124717578,0.12121554450971532,0.33404880253050157,21
118,8484,11.265440829797265,6.531367086007102,0,27,12.540664780763791,6.770752875481521,0,27,8.264497878359265,3.000942951438001,0.4172385492517506,0.2419024846669292,0.4644690659542145,0.25076862501783376,0.03041018387553041,0.10372465818010372,0.010961810466760962,0.07083922677982084,27
119,8853,11.365525810459731,7.212521421772646,0,32,21.623856319891562,7.712931857788422,1,36,7.556647464136451,3.8088783463232803,0.2914237387297367,0.18493644671211906,0.5544578543561939,0.19776748353303641,0.024850333220377274,0.11521518129447644,0.0,0.006438495425279567,39
12,8864,12.147111913357401,8.53161561996765,0,26,12.348262635379061,8.455870094497298,0,26,5.797044223826715,6.350067689530686,0.46719661205220775,0.3281390623064478,0.47493317828381004,0.3252257728652804,0.04828519855595668,0.18761281588447654,0.13334837545126355,0.2157039711191336,26
120,8866,3.666929844349199,3.4083511755805924,0,21,14.619219490187232,3.5787882480222097,0,21,0.8764944732686668,2.7904353710805325,0.1746157068737714,0.16230243693240887,0.6961533090565348,0.1704184880010575,0.14155199639070606,0.4549966162869389,0.004398826979472141,0.011504624407850215,21
121,8881,6.5050106969935815,5.330369675836676,0,20,10.52404008557595,5.710756381657801,0,20,1.327778403332958,5.177232293660624,0.3097624141425515,0.25382712742079455,0.5011447659798071,0.2719407800789435,0.11631573021056188,0.32181060691363583,0.05033216980069812,0.13658371804976918,21
122,8863,9.267290984993794,7.925159036401889,0,32,20.425589529504684,8.026717658993354,0,32,3.16811463387115,6.099176351122645,0.2808269995452665,0.24015633443642076,0.6189572584698388,0.24323386845434405,0.10617172514949791,0.253638722780097,0.0009026289066907368,0.021663093760577682,33
123,8883,2.500731734774288,2.4901233691473945,0,16,13.411009793988518,3.0509521963565076,0,20,0.7313970505459867,1.7693346842283013,0.11908246356068039,0.11857730329273293,0.6386195139994533,0.14528343792173828,0.2017336485421592,0.6238883260159855,0.0009005966452774963,0.0019137678712146796,21
124,8859,14.59385935207134,9.809673931170913,0,30,12.822440456033412,9.959206129410159,0,29,8.580765323399932,6.013094028671407,0.4707696565184304,0.31644109455390085,0.4136271114849488,0.3212647138519411,0.03296083079354329,0.1578056214019641,0.0770967377807879,0.24810926741167175,31
125,8823,12.466734670746911,9.744944958078795,0,29,15.52249801654766,9.927984191857563,0,29,7.4157316105633,5.051003060183611,0.4298874024395487,0.33603258476133796,0.5352585522947468,0.3423442824778484,0.11719369828856398,0.22883373002380142,0.08341833843363936,0.17363708489176016,29
126,8871,14.611881411340322,5.34798856602016,0,23,6.162213955585616,5.605979796914861,0,23,13.380002254537256,1.2318791568030663,0.6352991917974053,0.23252124200087662,0.2679223458950268,0.2437382520397759,0.00033818058843422386,0.016796302558899787,0.16965392853116898,0.3927403900349453,23
127,8868,9.833897158322056,6.043956971176,0,25,13.327920613441588,6.187572235526286,0,27,4.106337392873252,5.727559765448805,0.36421841327118726,0.22385025819170334,0.4936266893867255,0.2291693420565296,0.02627424447451511,0.12911592241768155,0.010825439783491205,0.04792512404149752,27
128,8877,21.85456798467951,10.103906138251093,0,42,17.94851864368593,10.066472809940786,0,41,11.757913709586573,10.096654275092936,0.50824576708557,0.23497456135467626,0.41740741031827744,0.23410401883583168,0.0056325335135744056,0.02624760617325673,0.0027036160865157146,0.05260786301678495,43
129,8876,14.435669220369537,5.782677065359474,0,23,5.958314556106354,5.590944150514299,0,21,10.734903109508787,3.700766110860748,0.6276377921899798,0.25142074197215114,0.25905715461331974,0.24308452828323082,0.005407841369986481,0.028841820639927896,0.1799233889139252,0.3835060838215412,23
13,8472,24.900613786591123,15.534168480099476,0,54,27.998937677053824,15.642721056277772,0,54,15.303234183191691,9.597379603399434,0.4611224775294652,0.2876697866685087,0.5184988458713672,0.2896800195607,0.005901794145420208,0.02927289896128423,0.037063267233238904,0.09560906515580736,54
130,8865,11.17834179357022,6.35604122949595,0,24,11.026959954878736,6.722807211072283,0,24,4.829328821206993,6.3490129723632265,0.46576424139875916,0.26483505122899664,0.45945666478661407,0.28011696712801315,0.01849971799210378,0.08460236886632826,0.07411167512690356,0.14303440496333897,24
131,8884,14.214655560558308,7.071510799201834,0,28,11.864025213867627,7.3286938630574765,0,29,5.552453849617289,8.662201710941018,0.4901605365709761,0.2438451999724769,0.40910431771957334,0.25271358148474066,0.013957676722197209,0.064948221521837,0.021161638901395767,0.10637100405222873,29
132,8723,14.362031411211738,7.511732814661148,0,27,10.451335549696205,7.2686995792006845,0,27,11.030379456608966,3.331651954602774,0.5319270893041385,0.27821232646893196,0.38708650184060023,0.26921109552595,0.010776109136764874,0.04918032786885246,0.06775192021093661,0.187320875845466,27
133,8874,8.358350236646382,3.8851778353785886,0,15,5.075952219968447,3.6218592055750305,0,16,6.363308541807528,1.9950416948388552,0.5223968897903989,0.2428236147111618,0.31724701374802794,0.2263662003484394,0.01104349785891368,0.07031778228532792,0.06006310570205094,0.31947261663286003,16
134,8777,10.898142873419165,5.588752497776932,0,21,7.971402529338043,5.784765910583876,0,21,7.294861570012532,3.603281303406631,0.5189591844485315,0.26613107132271174,0.3795905966351449,0.2754650433611369,0.01367209752762903,0.0773612851771676,0.11063005582773157,0.24518628232881395,21
135,8873,8.703820579285473,5.782089277367446,0,21,10.61726586272963,5.89931139925059,0,21,3.4343514031331006,5.269469176152373,0.4144676466326416,0.2753375846365446,0.5055840887014109,0.2809195904405042,0.037642285585484055,0.1722078214808971,0.06018257635523498,0.12397159923363012,21
136,8857,12.62301004854917,6.797099972698331,0,31,15.913966354296036,6.949362288709305,0,31,7.618945466862368,5.0040645816868015,0.4071938725338442,0.2192612894418814,0.5133537533643883,0.22417297705513922,0.00711301795190245,0.04109743705543638,0.014790561138082872,0.04369425313311505,31
137,8875,8.973971830985915,5.540912511459893,0,24,14.412394366197184,5.5337454800168,0,24,4.128676056338028,4.845295774647887,0.35895887323943665,0.22163650045839506,0.5764957746478873,0.22134981920067198,0.01892957746478873,0.09757746478873239,0.0014647887323943661,0.03267605633802817,25
138,8813,10.80063542494043,5.879296522837759,0,21,9.44683989560876,5.806322806341804,0,21,6.1032565528196985,4.697378872120731,0.514315972616211,0.2799665010875122,0.4498495188385124,0.27649156220675236,0.02371496652672189,0.07625099285146943,0.0777260864631794,0.18279813911267445,21
139,8873,12.220444043728165,6.499798944751271,0,30,21.53116195198918,6.568186723862694,3,35,6.053645892032007,6.166798151696157,0.349155544106519,0.18570854127860736,0.6151760557711194,0.18766247782464834,0.015214696269581877,0.06615575340921898,0.0,0.0,35
14,8868,15.424785746504286,7.146289396346806,0,27,10.738497970230041,7.37046383152355,0,27,13.495489400090213,1.929296346414073,0.5712883609816402,0.2646773850498821,0.3977221470455571,0.2729801419082808,0.0014659449706811007,0.04262516914749662,0.043640054127198916,0.14896256202074876,27
140,8422,10.661838043220138,6.651921540171158,0,26,12.765970078366184,6.6537494532437,0,27,5.963547850866777,4.69829019235336,0.3948828904896347,0.2463674644507838,0.47281370660615496,0.24643516493495127,0.029921633816195677,0.13179767276181428,0.017098076466397532,0.06376157682260745,27
141,8883,14.706630642800855,7.662871467539281,0,32,15.36643026004728,7.333947782842595,0,31,9.547337611167398,5.1592930316334575,0.4595822075875267,0.23946473336060253,0.4802009456264775,0.2291858682138311,0.0070921985815602835,0.04063942361814702,0.02465383316447146,0.05617471574918383,32
142,8861,29.41564157544295,13.136787696366948,0,52,20.65669788962871,13.029718050703963,0,51,22.0004514163187,7.415190159124252,0.576777285792999,0.25758407247778353,0.4050332919535041,0.2554846676608627,0.0003385622390249407,0.0014671030357747432,0.03182485046834443,0.10021442275138247,51
143,8881,18.535412678752394,5.580987601022113,0,27,5.8258079045152575,5.46618932794604,0,25,15.246481252111248,3.288931426641144,0.6864967658797182,0.20670324448230076,0.2157706631301947,0.20245145659059346,0.00022519986488008108,0.009345794392523364,0.12768832338700598,0.33791239725256167,27
144,8884,15.825866726699685,5.98009396163296,0,27,8.682913102206214,5.941019029127884,0,26,11.787483115713643,4.038383610986043,0.5861432120999883,0.22148496154196143,0.3215893741557857,0.22003774181955138,0.0027014858171994596,0.016771724448446646,0.045362449347140926,0.1490319675821702,27
145,8884,14.635637100405223,6.47601031428149,0,26,10.181449797388563,6.290032238723397,0,27,9.85029266096353,4.785344439441693,0.5420606333483416,0.23985223386227728,0.37709073323661346,0.23296415698975578,0.003489419180549302,0.03140477262494372,0.027577667717244486,0.11132372805042774,27
146,8313,12.03488511969205,5.398172382985801,0,23,8.832190544929627,5.0233203252202605,0,22,8.88247323469265,3.1524118849993985,0.5014535466538353,0.22492384929107367,0.3680079393720678,0.20930501355084488,0.0027667508721279923,0.03717069649945868,0.009382894261999277,0.13328521592686154,24
147,8861,19.0022570815935,8.466531872490489,0,33,12.019975172102471,8.571248755951718,0,33,12.823834781627356,6.178422299966144,0.5758259721694999,0.25656157189365036,0.36424167188189305,0.25973481078641614,0.0021442275138246246,0.012752511003272769,0.06816386412368808,0.18824060489786706,33
148,8881,14.72345456592726,7.318469819372269,0,27,10.486882107870736,7.496956753188955,0,27,11.212701272379237,3.510753293548024,0.54531313207138,0.2710544377545277,0.38840304103224943,0.2776650649329245,0.011485193108884136,0.05258416844949893,0.0827609503434298,0.17047629771422138,27
149,8828,12.825215224286362,6.175552936516717,0,25,10.431128228364296,6.354872388745926,0,25,9.174558223833257,3.6506570004531036,0.47500797126986527,0.22872418283395204,0.38633808253201096,0.2353656440276273,0.006116900770276394,0.04859537834164024,0.00022655188038060717,0.12131853194381513,27
15,8866,8.849311978344236,8.353786614201272,0,27,17.32348296864426,8.353446123436742,0,27,5.460974509361606,3.3883374689826304,0.32775229549423096,0.3093995042296763,0.6416104803201577,0.30938689346062026,0.1588089330024814,0.32359575907963006,0.0010151139183397248,0.08278817956237311,27
150,8883,16.36327817178881,6.816875603256739,0,27,8.480693459416864,6.89253435446999,0,27,11.155578070471687,5.207700101317123,0.6060473396958819,0.2524768741946933,0.31409975775618015,0.25527905016555513,0.002589215355172802,0.024203534841832713,0.08431836091410559,0.26533828661488235,27
151,8461,17.954378915021866,8.098086560480825,0,31,10.950478666824253,7.884016288181831,0,31,13.081787022810543,4.8725918922113225,0.5791735133878021,0.2612285987251874,0.35324124731691137,0.2543231060703822,0.0057912776267580665,0.024228814560926605,0.11038884292636804,0.21900484576291218,31
152,8873,22.62526766595289,9.281679448015302,0,38,13.40358390623239,9.693625988747156,0,37,16.59010481235208,6.035162853600811,0.5801350683577665,0.23799178071834068,0.3436816386213434,0.24855451253197833,0.00045080581539501857,0.010143130846387918,0.06829708103234532,0.1585709455651978,39
153,8869,12.578870222121997,6.156965027070361,0,23,8.461382342992446,6.298595681671599,0,22,8.595670312323824,3.9831999097981736,0.546907400961826,0.26769413161175487,0.36788618882575846,0.2738519861596346,0.011951742022775961,0.051978802570752054,0.12538053895591386,0.2533543804262036,23
154,8876,21.614803965750337,7.3740467209840945,0,31,8.253943217665615,6.894681452874114,0,30,17.697836863452004,3.9169671022983326,0.675462623929698,0.23043896003075295,0.25793572555205047,0.21545879540231605,0.0018026137899954935,0.016110860748084724,0.06917530419107706,0.23659305993690852,32
155,8874,19.77755240027045,6.93208093001671,0,31,8.924160468785216,7.071991859446684,0,30,14.712869055668245,5.064683344602209,0.6180485125084516,0.21662752906302218,0.278880014649538,0.22099974560770888,0.000901510029299076,0.006986702727067838,0.018142889339643902,0.23281496506648636,32
156,8851,15.459044175799345,7.195980544043425,0,27,9.645124844650322,7.072252912504146,0,26,11.252287877076036,4.206756298723308,0.572557191696272,0.2665177979275347,0.3572268460981601,0.2619352930557082,0.0046322449440741155,0.03773584905660377,0.0894814145294317,0.20099423793921592,27
157,8809,22.814848450448405,8.735342061622216,4,33,9.656147122261324,8.744788701368211,0,29,18.958905664661142,3.855942785787263,0.691359043952982,0.2647073352006737,0.2926105188564037,0.26499359701115754,0.0,0.0,0.1317970257690998,0.35293449880803723,33
158,8876,16.600721045516,9.734173607351734,0,31,14.152208201892744,9.673191452140996,0,31,10.19862550698513,6.40209553853087,0.535507130500516,0.314005600237153,0.4565228452223466,0.31203843394003206,0.017462821090581344,0.07289319513294276,0.058922938260477696,0.1775574583145561,31
159,8862,24.484202211690363,7.1529573948992615,0,36,9.62480252764613,7.463800979754891,0,36,20.355111712931617,4.129090498758745,0.6801167281025101,0.19869326096942475,0.2673556257679481,0.20732780499319153,0.016926201760324982,0.01782893252087565,0.08248702324531708,0.2081922816519973,36
160,8864,15.941561371841155,10.131927504564885,0,33,15.672044223826715,10.054907548469368,0,33,7.1887409747292415,8.752820397111913,0.48307761732851984,0.30702810619893534,0.474910431025052,0.3046941681354353,0.017373646209386282,0.08303249097472924,0.09544223826714801,0.1756543321299639,33
161,8867,14.30235705424608,7.039785591870927,0,27,10.616104657719635,7.106225846154084,0,27,10.328747039584979,3.973610014661103,0.52971692793504,0.26073279969892355,0.3931890613970235,0.2631935498575588,0.004736664035186647,0.04082553287470396,0.08435773091237171,0.1770610127438818,27
162,8866,18.87897586284683,4.88162341471511,0,26,5.3427701330927135,5.365126488806649,0,27,14.84558989397699,4.0333859688698395,0.6992213282535863,0.18080086721167044,0.19788037529973013,0.1987083884743199,0.00011279043537108053,0.004849988720956463,0.14922174599593954,0.41112113692758856,27
163,8826,14.530364831180602,6.646632086942818,0,27,9.010083843190573,6.7625874872503235,0,27,10.538409245411286,3.991955585769318,0.5381616604140964,0.24617155877565983,0.33370680900705824,0.2504662032314929,0.01348289145705869,0.043621119419895764,0.09857239972807613,0.21617946974847044,27
164,8884,9.956888788833858,8.55303424126193,0,25,14.529716343989193,8.542990164498232,0,27,1.7134173795587573,8.2434714092751,0.36877365884569846,0.31677904597266426,0.5381376423699702,0.31640704312956475,0.10670868977937865,0.2932237730751914,0.05515533543448897,0.1384511481314723,27
165,8883,16.50399639761342,6.150779485789267,0,27,7.382640999662276,6.737731670339018,0,27,12.458628841607565,4.0453675560058535,0.6112591258375341,0.227806647621825,0.27343114813563985,0.24954561741996348,0.006416751097602162,0.028706518068220197,0.08848362039851401,0.3162219970730609,27
166,8835,19.089756649688738,6.074380697460915,0,27,6.313638936049802,6.227335237108433,0,26,16.298132427843804,2.791624221844935,0.7070280240625458,0.2249770628689228,0.23383847911295563,0.23064204581883085,0.0005659309564233164,0.005998868138087154,0.17147707979626486,0.3849462365591398,27
167,8872,13.893823264201984,5.073354166816965,0,21,5.7982416591523895,5.0570062492471095,0,21,10.686767357980163,3.2070559062218216,0.6946911632100992,0.25366770834084795,0.28991208295761944,0.25285031246235523,0.0036068530207394047,0.020852119026149685,0.12071686203787195,0.3624887285843102,20
168,8868,18.52153811456924,5.291554691840607,0,26,6.782250789354984,5.465564470252546,0,26,12.02063599458728,6.500902119981958,0.685982893132194,0.19598350710520845,0.25119447367981423,0.20242831371305753,0.0013531799729364006,0.006314839873703203,0.031799729364005415,0.2516914749661705,27
17,8874,15.079107505070994,8.492267924896183,0,39,24.52929907595222,8.905396334636581,0,41,11.352377732702276,3.7267297723687176,0.359026369168357,0.20219685535467086,0.5840309303798148,0.21203324606277585,0.01002929907595222,0.038539553752535496,0.000225377507324769,0.016339869281045753,42
170,8544,24.550795880149813,12.833293727819262,0,52,27.33181179775281,12.873493332009094,0,52,18.90191947565543,5.648876404494382,0.45464436815092246,0.23765358755220856,0.5061446629213483,0.2383980246668336,0.0016385767790262173,0.02118445692883895,0.00971441947565543,0.05594569288389513,54
171,8510,21.498119858989423,12.091414791509267,0,53,30.729964747356053,12.786537033952968,0,53,14.74641598119859,6.751703877790835,0.39811333072202637,0.2239150887316533,0.5690734212473343,0.23678772285098107,0.0034077555816686253,0.035840188014101056,0.02126909518213866,0.03842538190364277,54
173,8548,15.14705194197473,6.652396295495492,0,26,10.803228825456246,6.909068848166824,0,27,11.374824520355638,3.772227421619092,0.5610019237768419,0.2463850479813145,0.40011958612800913,0.25589143882099363,0.014857276555919513,0.02117454375292466,0.0015208235844642022,0.1409686476368741,27
174,8878,16.358526695201622,5.683633059090437,0,27,8.523316062176166,5.644919873275851,0,25,11.367537733723811,4.99098896147781,0.6058713590815415,0.21050492811446045,0.3156783726731913,0.20907110641762391,0.004054967334985357,0.006195088984005406,0.10351430502365398,0.2158143726064429,27
175,8470,17.067060212514757,6.477240733088532,0,27,8.900236127508855,6.421793058534262,0,27,13.414285714285715,3.6527744982290438,0.6321133412042503,0.2398978049292038,0.32963837509292054,0.2378441873531213,0.0048406139315230225,0.011570247933884297,0.051711924439197164,0.19220779220779222,27
176,8870,16.995828635851183,8.80278944439925,0,31,12.283540022547914,8.907701872476572,0,31,10.408342728297633,6.5874859075535515,0.5482525366403608,0.2839609498193306,0.39624322653380367,0.2873452216927918,0.005073280721533258,0.03156708004509583,0.04317925591882751,0.2060879368658399,31
177,8883,13.998198806709444,10.406595365865902,0,36,20.23032759202972,10.515451952344698,0,37,2.532702915681639,11.465495891027805,0.37832969747863365,0.2812593342125916,0.5467656105953979,0.28420140411742406,0.07114713497692221,0.18383429021726894,0.02735562310030395,0.06743217381515254,37
178,8877,17.191055536780443,6.50026839160264,0,27,8.147234426044834,6.665159700347432,0,27,11.407570125042245,5.7834854117382,0.6367057606214979,0.24075068117046894,0.3017494231868457,0.24685776667953466,0.0033795201081446434,0.01441928579475048,0.13518080432578575,0.307648980511434,27
179,8867,8.28747039584978,4.644213196534296,0,16,7.198376000902222,4.73819495002437,0,16,5.222623209653772,3.064847186196008,0.5179668997406113,0.2902633247833935,0.4498985000563889,0.29613718437652314,0.033382203676553514,0.12913048381639788,0.07398218112101049,0.23435209202661553,16
18,8873,4.847402231488786,4.9305293602694755,0,23,19.983432886284234,5.188691193579676,0,27,1.0161163079003719,3.8312859235884145,0.17953341598106615,0.18261219852849903,0.7401271439364531,0.1921737479103589,0.18618280175814267,0.45429956046433,0.0005635072692437732,0.0031556407077651303,27
180,8525,26.881876832844576,12.797515458890402,0,49,20.746392961876833,12.813692695896721,0,49,20.05231671554252,6.829560117302052,0.5270956241734229,0.2509316756645183,0.40679201886033006,0.2512488763901317,0.0007038123167155425,0.007976539589442815,0.0064516129032258064,0.06592375366568914,51
182,8864,13.209386281588447,8.953900382600498,0,32,16.162454873646208,8.939931836756227,0,31,4.557310469314079,8.652075812274369,0.4002844327754075,0.27133031462425794,0.48977135980746084,0.2709070253562499,0.031137184115523464,0.10672382671480145,0.05245938628158845,0.1013086642599278,33
183,8867,13.356715912935604,9.184665298675897,0,30,14.923311153716027,9.336358489642297,0,30,5.90989060561633,7.446825307319274,0.44522386376452017,0.30615550995586377,0.4974437051238675,0.3112119496547433,0.03935942257809857,0.13612270215405436,0.022893876170068793,0.14288936506146385,30
184,8876,9.969468228931952,7.559079800096701,0,27,15.507097791798108,7.585579743052626,0,27,4.205159981973862,5.764308246958089,0.36923956403451674,0.2799659185220999,0.5743369552517817,0.28094739789083834,0.03593961243803515,0.17541685443893645,0.02996845425867508,0.08573681838666065,27
185,8879,6.6674175019709425,4.796029792081937,0,16,7.929721815519766,4.991027615467169,0,16,2.4078161955175132,4.25960130645343,0.3922010295277025,0.28211939953423165,0.4664542244423392,0.29358985973336416,0.07658520103615273,0.26286744002703005,0.09392949656492848,0.20407703570221872,17
186,8864,9.674413357400722,6.570582563510161,0,25,11.08980144404332,6.86842640547568,0,24,2.7882445848375452,6.886168772563177,0.37209282143848926,0.25271471398115974,0.426530824770897,0.2641702463644494,0.05279783393501805,0.18377707581227437,0.05787454873646209,0.13729693140794225,26
187,8881,7.563787861727283,4.406563927879384,0,15,6.874225875464474,4.389182421750888,0,15,5.525841684494989,2.0379461772322935,0.5042525241151522,0.29377092852529246,0.458281725030965,0.29261216145005875,0.04447697331381601,0.14784371129377322,0.09998874000675599,0.21393987163607703,15
188,8874,9.980842911877394,7.280123383012342,0,25,13.964277665089025,7.323963807200767,0,26,1.7820599504169483,8.198782961460447,0.36966084858805165,0.26963419937082733,0.5171954690773712,0.27125791878521266,0.05623168807752986,0.19066937119675456,0.025918413342348432,0.08879873788595898,27
189,8865,4.560857304004512,5.607995934246122,0,26,20.796051889452905,5.620232253559428,0,27,3.3639029892837,1.1969543147208122,0.162887760857304,0.2002855690802181,0.7427161389090323,0.20072258048426528,0.22808798646362097,0.5501410039481105,0.003948110547095319,0.006091370558375634,28
19,8881,6.345118792928724,5.575982227735068,0,29,21.402995158202906,5.75383421251726,0,30,1.8593626843823894,4.485756108546335,0.2115039597642908,0.18586607425783563,0.7134331719400968,0.1917944737505755,0.09176894493863304,0.34545659272604434,0.00045039972976016217,0.0015763990541605676,30
190,8485,11.851974071891574,7.043226132323778,0,28,13.959811431938716,7.199613115115415,0,29,7.587507365939894,4.26446670595168,0.4086887610997094,0.24286986663185425,0.48137280799788673,0.24826252121087702,0.006953447259870359,0.07743076016499706,0.014614024749558044,0.07637006482027106,29
191,8859,6.844677728863303,6.095261277609435,0,30,27.511570154644993,6.341610729874556,3,37,1.813635850547466,5.031041878315837,0.18499128996927847,0.16473679128674196,0.7435559501255404,0.17139488459120475,0.09233547804492606,0.30161417767242354,0.0,0.0,37
192,8874,7.784764480504846,5.366316384039877,0,20,9.1938246562993,5.538922261680168,0,21,2.2018255578093306,5.582938922695515,0.37070307050023077,0.25553887543047027,0.4378011741094905,0.2637582029371506,0.07178273608293892,0.22977236871760198,0.0486815415821501,0.16677935542032904,21
193,8869,5.166084113203293,4.681203092476795,0,25,19.59194948697711,4.78217759050686,0,27,1.1319201713834706,4.034163941819822,0.19133644863715896,0.1733778923139559,0.72562775877693,0.17711768853729057,0.10700191678881497,0.3755778554515729,0.0009020182658698838,0.006539632427556658,27
194,8863,5.860543833916281,5.431459139491667,0,23,16.34390161344917,5.498074054807054,0,24,1.0601376509082703,4.800406183008011,0.2441893264131784,0.22631079747881985,0.6809959005603822,0.22908641895029436,0.11700327202978675,0.35089698747602394,0.008800631840234684,0.02245289405393208,24
195,8821,4.365378075048181,4.144381034235344,0,24,20.848883346559347,4.238356887334723,0,27,0.6097948078449156,3.755583267203265,0.16168066944622891,0.15349559386056874,0.7721808646873831,0.1569761810123969,0.1343385103729736,0.4155991384196803,0.0009069266523069947,0.002040584967690738,27
196,8864,5.106723826714801,4.738056050674709,0,25,18.25361010830325,4.984460614982328,0,26,0.9351308664259927,4.171592960288809,0.1891379195079556,0.17548355743239663,0.6760596336408611,0.18460965240675345,0.11157490974729242,0.3664259927797834,0.008686823104693141,0.013876353790613718,27
197,8871,4.045767106301431,3.657911666875705,0,19,19.827189719310113,3.938679951005023,1,27,0.5655506707248338,3.480216435576598,0.14984322615931225,0.1354782098842853,0.7343403599744486,0.14587703522240883,0.13200315635215873,0.43422387554954345,0.0,0.00011272686281140796,27
198,8862,3.9117580681561726,4.008919561009223,0,25,20.532272624689686,4.2800913321135265,0,27,0.4915368991198375,3.420221169036335,0.1448799284502286,0.14847850225960074,0.7604545416551736,0.15852190118938972,0.16012186865267433,0.4698713608666215,0.0005642067253441661,0.00315955766192733,27
199,8837,4.890573724114518,4.323773658504729,0,25,19.008373882539324,4.88045617330616,0,27,0.6991060314586398,4.191467692655879,0.18113236015238957,0.16013976512980532,0.7040138475014565,0.1807576360483766,0.08724680321376033,0.3608690732148919,0.002942174946248727,0.007468597940477537,27
2,8881,5.4323837405697555,4.582866230533133,0,23,19.951131629321022,4.804310085454401,2,28,3.2650602409638556,2.1673234996059003,0.18732357726102605,0.15802987001838306,0.6879700561834835,0.16566586501566863,0.08906654656007207,0.33678639792816123,0.0,0.0005629996622002027,29
20,8882,4.503039855888313,4.536089539742921,0,17,11.397883359603693,4.698641299885345,0,18,0.3252645800495384,4.177775275838775,0.2501688808826841,0.25200497443016195,0.6332157422002052,0.2610356277714084,0.221233956316145,0.469038504841252,0.01058320198153569,0.06485025895068679,18
200,8858,5.6534206367125766,5.482479523614263,0,22,15.199480695416572,5.445580151594944,0,23,1.207721833370964,4.445698803341612,0.23555919319635735,0.22843664681726067,0.6333116956423572,0.2268991729831228,0.12068186949650034,0.3819146534206367,0.008805599458116957,0.038044705351095054,24
201,8873,3.623239039783613,4.163902589331807,0,21,16.330102558323002,4.21569763897493,0,23,0.6216612194297306,3.0015778203538828,0.15096829332431722,0.17349594122215903,0.6804209399301251,0.17565406829062202,0.2033134227431534,0.5404034712047785,0.007438295954017807,0.018370336977347006,24
202,8876,3.9641730509238395,4.293494679952707,0,25,21.11795853988283,4.448129816333707,1,27,0.4629337539432177,3.501239296980622,0.14682122410829035,0.15901832147973072,0.7821466125882529,0.16474554875310018,0.16212257773771968,0.5060838215412348,0.0,0.0004506534474988734,27
203,8860,3.436907449209932,4.876343479748704,0,28,26.911286681715577,5.06858115068886,0,33,0.39164785553047404,3.045259593679458,0.10414871058211916,0.1477679842348096,0.8154935358095629,0.1535933682026929,0.35,0.6422121896162528,0.0001128668171557562,0.0003386004514672686,33
204,8849,5.043959769465476,7.71867685445845,0,33,25.458695897841565,7.658992526300825,0,33,0.9355859419143406,4.1083738275511354,0.15284726574137805,0.23389929861995395,0.7714756332679262,0.23209068261517585,0.28466493389083514,0.6167928579500509,0.005537348852977738,0.022827438128602103,33
205,8875,3.7889577464788733,4.526257725674555,0,24,31.215098591549296,4.8863622037092815,9,37,1.2094647887323944,2.5794929577464787,0.10240426341834793,0.12233128988309643,0.8436513132851161,0.13206384334349427,0.1783661971830986,0.5434366197183098,0.0,0.0,37
206,8877,5.701475723780557,8.407148068827883,0,33,25.057677143179003,8.425778523374206,0,33,0.6329841162554917,5.068491607525065,0.17277199162971385,0.2547620626917545,0.7593235497933032,0.25532662192043054,0.35980624084713303,0.6127069956066239,0.00844880027036161,0.02579700349217078,33
207,8861,4.618440356618891,6.2585827916922385,0,24,16.926644848211264,6.553997962673877,0,25,0.5182259338675093,4.100214422751383,0.1924350148591205,0.26077428298717564,0.7052768686754692,0.27308324844474474,0.30312605800699693,0.5911296693375465,0.01365534364067261,0.06071549486513937,24
208,8867,3.090786060674411,4.22820598261202,0,29,27.107026051652195,4.6472139362618705,1,33,0.6526446374196458,2.438141423254765,0.09366018365680033,0.12812745401854586,0.8214250318682483,0.14082466473520816,0.30168038795534,0.6369685350174805,0.0,0.0009022217209879328,33
209,8883,5.008555668130136,5.151360757141399,0,26,20.053472925813352,5.195693056844398,0,26,2.1852977597658447,2.8232579083642912,0.19263675646654368,0.19812925989005375,0.7712874202235905,0.1998343483401685,0.14353259034110097,0.3771248452099516,0.0070921985815602835,0.01677361251829337,26
21,8879,5.239779254420543,4.966258191923863,0,21,14.418402973307805,5.048030547405836,0,21,0.22761572249127154,5.012163531929271,0.24951329782954967,0.23648848532970804,0.6865906177765622,0.24038240701932503,0.17918684536546908,0.41040657731726543,0.008784773060029283,0.028494199797274467,21
210,8872,8.948489630297566,6.954475050542286,0,25,19.89055455365194,6.965337051610828,4,30,1.9664111812443643,6.982078449053201,0.2886609558160505,0.22433790485620272,0.6416307920532883,0.22468829198744641,0.06762849413886383,0.24154643823264202,0.0,0.0,31
211,8882,15.394618329205134,7.677823700564806,0,28,11.431546948885385,7.636450678170504,0,27,11.115627111011033,4.2789912181941006,0.5498077974716119,0.2742079893058867,0.4082695338887638,0.272730381363232,0.007430758838099527,0.04289574420175636,0.07408241387074983,0.19151092096374692,28
212,8873,7.0058604756001355,6.1616679076273595,0,23,12.986137721176604,5.586572678294587,0,23,2.331793080130734,4.674067395469401,0.29191085315000564,0.25673616281780715,0.5410890717156918,0.23277386159560798,0.10762988842556069,0.35050152146962693,0.0033810436154626394,0.042037642285585486,24
213,8872,6.3584310189359785,6.804864988031013,0,32,25.147317403065824,6.892449263815142,1,33,2.9890667267808837,3.369364292155095,0.1926797278465448,0.20620802994033355,0.7620399213050251,0.20886209890348922,0.19229035166816952,0.42166366095581603,0.0,0.0034941388638412983,33
214,8862,6.6253667343714735,5.692058326683773,0,22,14.794741593319792,5.760342092076321,0,24,4.133378469871361,2.491988264500113,0.26501466937485896,0.2276823330673512,0.5917896637327917,0.2304136836830525,0.11396975851952156,0.29880388174227035,0.001015572105619499,0.0315955766192733,25
215,8873,2.554491152935873,3.198777936868994,0,18,15.766707990533078,3.656939460136589,0,21,0.27194860813704497,2.282542544798828,0.12164243585408918,0.15232275889852354,0.7507956185968132,0.17413997429221892,0.30226529922235995,0.6488222698072805,0.0034937450693113942,0.009354220669446635,21
216,8868,5.610960757780785,5.661714812458286,0,26,16.836265223274694,5.790117474661804,0,26,2.831529093369418,2.7794316644113666,0.20781336139928833,0.2096931412021588,0.6235653786398035,0.21444879535784467,0.15978800180423997,0.41226883175462337,0.004848894903022102,0.01905728461885431,27
217,8871,4.437380227708263,4.792762355256882,0,23,20.97756735430053,4.948420948914471,2,27,1.4707473791004397,2.9666328486078233,0.16434741584104676,0.17750971686136605,0.7769469390481678,0.18327484995979546,0.18780295344380565,0.4770600834178785,0.0,0.00011272686281140796,27
218,8878,12.892543365622888,9.682683702266383,0,38,21.38679882856499,9.925188977206787,0,39,6.719418788015319,6.173124577607569,0.3305780350159715,0.2482739410837537,0.5483794571426921,0.25449202505658364,0.0645415634151836,0.16298715927010587,0.019148456859653076,0.05034917774273485,39
219,8864,2.640117328519856,3.656063856085734,0,25,22.312612815884478,3.698601268973973,0,26,0.16166516245487364,2.478452166064982,0.1015429741738406,0.14061784061868185,0.8581774159955567,0.14225389496053775,0.2657942238267148,0.6548962093862816,0.0013537906137184115,0.00552797833935018,26
22,8885,5.717951603826674,4.37721046903488,0,18,9.128868880135059,4.540198227759294,0,18,1.6283624085537423,4.089589195272932,0.30094482125403543,0.23037949837025568,0.4804667831650031,0.23895780146101542,0.09240292628024761,0.3140123804164322,0.04063027574563872,0.1075970737197524,19
220,8863,4.64899018391064,5.474680734312092,0,25,18.553875662868105,5.7207650168205495,0,26,0.5095340178269209,4.139456166083719,0.17218482162631998,0.20276595312266993,0.6871805801062261,0.2118801858081682,0.22283651133927565,0.49644589867990524,0.008574974613561999,0.023017037120613787,27
221,8878,3.2634602387925207,3.7388076601440923,0,21,14.978373507546745,4.247150111864462,0,24,0.29330930389727417,2.970150934895247,0.13597750994968835,0.15578365250600382,0.624098896147781,0.1769645879943525,0.22212209957197568,0.5647668393782384,0.0031538634827663887,0.012615453931065555,24
222,8719,4.686661314370914,5.173209512799974,0,24,16.786558091524256,6.08788755861971,0,27,0.8513591008143135,3.8353022135566004,0.17358004868040422,0.19160035232592582,0.6217243737601577,0.2254773169859153,0.18866842527812822,0.48709714416790917,0.0010322284665672669,0.018694804450051613,27
223,8835,5.756423316355405,5.637448597521626,0,27,19.41120543293718,6.2112378769103325,0,31,2.2173174872665533,3.539105829088851,0.1798882286361064,0.1761702686725508,0.6066001697792869,0.1941011836534479,0.12552348613469158,0.40056593095642334,0.0014714204867006225,0.011997736276174308,32
224,8875,3.307154929577465,3.888760519723205,0,22,19.148732394366196,4.655541569159018,1,26,1.1083943661971831,2.1987605633802816,0.1271982665222102,0.14956771229704613,0.736489707475623,0.17905929112150146,0.19538028169014085,0.5647323943661972,0.0,0.0024788732394366198,26
225,7863,6.550044512272669,5.611704813949483,0,21,15.848022383314257,5.776131674296133,0,25,1.6276230446394506,4.922421467633219,0.2620017804909068,0.22446819255797892,0.6339208953325703,0.23104526697184508,0.09576497520030523,0.3180719827038026,0.012336258425537327,0.033956505150705835,25
226,8862,4.976190476190476,5.546959464764809,0,26,16.701308959602798,6.211906729654667,0,26,0.6777251184834123,4.298465357707064,0.18430335097001763,0.20544294313943787,0.6185669985038074,0.23007061961683928,0.21755811329271044,0.4883773414579102,0.002143985556307831,0.02279395170390431,27
227,8868,4.233423545331529,4.196735336969853,0,15,8.630920162381596,4.414456419031049,0,16,0.19948128101037438,4.033942264321155,0.2351901969628627,0.23315196316499212,0.4794955645767554,0.24524757883505743,0.22293640054127198,0.4989851150202977,0.04803788903924222,0.13779882724402345,18
228,8864,2.6154106498194944,3.035536171650779,0,15,14.0625,3.896166934002543,1,20,0.1289485559566787,2.4864620938628157,0.12454336427711879,0.14454934150718007,0.6696428571428571,0.18553175876202582,0.27380415162454874,0.6394404332129964,0.0,0.01523014440433213,21
229,8864,4.588334837545126,4.867937013392298,0,25,18.306069494584836,5.369508204001243,0,28,0.615072202166065,3.9732626353790614,0.16386910134089736,0.17385489333543938,0.6537881962351728,0.19176815014290136,0.16471119133574008,0.45521209386281586,0.003497292418772563,0.016696750902527077,28
23,8864,5.962319494584838,5.475777383788371,0,26,18.77448104693141,6.003667573016947,0,27,3.6779106498194944,2.284408844765343,0.22082664794758658,0.20280656976993972,0.6953511498863484,0.22235805825988622,0.10909296028880866,0.34386281588447654,0.0028203971119133576,0.011394404332129964,27
230,8788,3.980541647701411,4.019578700643318,0,22,18.728152025489305,4.491656785055447,3,26,0.10355029585798817,3.8769913518434227,0.1530977556808235,0.1545991807939738,0.7203135394418964,0.17275603019444105,0.10992262175694129,0.48554847519344563,0.0,0.0,26
231,8878,6.530074341067808,6.753796992393024,0,23,15.407524217166028,6.868988989001458,0,24,0.14969587744987609,6.380378463617932,0.27208643087782536,0.28140820801637595,0.6419801757152512,0.2862078745417274,0.19936922730344672,0.4203649470601487,0.021175940527145755,0.07603063753097544,24
232,8874,17.196191120126212,7.202716150427807,0,27,8.596236195627677,7.1863689598195375,0,27,14.096010818120352,3.10018030200586,0.6368959674120819,0.2667672648306588,0.31837911835658056,0.26616181332664923,0.005183682668469687,0.029749830966869506,0.09815190443993689,0.2715798963263466,27
233,8796,10.114597544338336,8.033602579218787,0,27,12.597089586175535,8.285634777156291,0,27,0.988631195998181,9.125966348340155,0.37461472386438277,0.29754083626736205,0.4665588735620569,0.3068753621168988,0.08424283765347886,0.24010914051841747,0.098681218735789,0.19247385175079582,27
234,8878,10.964068483892769,7.684272885204495,0,23,10.01588195539536,7.670944440206919,0,23,0.9276864158594278,10.03638206803334,0.47669862973446825,0.33409882109584715,0.4354731284954504,0.3335193234872566,0.07298941202973643,0.20905609371480063,0.15194863708042353,0.2769767965758054,23
235,8569,9.6293616524682,5.324801173813353,0,19,7.8829501692146104,5.379262136832117,0,20,6.375072937332244,3.254288715135955,0.45854103106991423,0.25356196065777925,0.37537857948641007,0.25615533984914796,0.031042128603104215,0.1311704983078539,0.05344847706850274,0.2267475784805695,21
236,8867,6.425848652306304,5.8341813047422395,0,26,18.600428555317468,5.8618707981857705,0,26,2.7719634600203,3.6538851922860043,0.247148025088704,0.22439158864393316,0.715401098281441,0.22545656916099133,0.10443216420435322,0.30822149543250255,0.00563888575617458,0.014661102966053908,26
237,8730,9.22898052691867,6.770912733330334,0,27,15.990034364261168,6.819121365520369,0,27,2.577434135166094,6.651546391752578,0.3418140935895804,0.2507745456789013,0.5922234949726359,0.25256005057482833,0.05486827033218786,0.18648339060710195,0.013516609392898053,0.044558991981672395,27
238,8814,10.349217154526889,6.8665209793250135,0,24,13.195144088949398,6.687632196228737,0,27,5.529044701611073,4.820172452915815,0.3833043390565514,0.25431559182685204,0.48870904033145923,0.24769008134180545,0.03698661220785115,0.1655321080099841,0.0010211027910142954,0.06228727025187202,27
239,8870,13.180608793686584,10.244593902070818,0,34,18.762457722660653,10.555132058197996,0,35,2.67271702367531,10.507891770011273,0.3765888226767595,0.29270268291630885,0.5360702206474472,0.3015752016627991,0.07891770011273957,0.21927846674182638,0.05107102593010147,0.1100338218714769,35
24,8866,9.286600496277917,6.627982078594853,0,36,27.254116850891045,6.927962864857624,2,40,3.704827430633882,5.581773065644033,0.2321650124069479,0.1656995519648716,0.6813529212722761,0.17319907162144066,0.0596661403113016,0.18734491315136476,0.0,0.0003383713061132416,40
240,8875,9.516394366197183,7.027862099261974,0,26,14.66456338028169,7.21540189276333,0,27,2.9425352112676055,6.573859154929577,0.35245905059989563,0.2602911888615541,0.5431319770474701,0.26723710713938237,0.05904225352112676,0.176,0.006197183098591549,0.06805633802816902,27
241,8876,10.977805317710681,9.221167489845561,0,32,19.670347003154575,9.242897145535881,0,33,2.9210229833258223,8.056782334384858,0.3326607672033539,0.27942931787410813,0.5960711213077144,0.28008779228896696,0.08235691753041911,0.24155024785939613,0.013406940063091483,0.04562866155926093,33
242,8744,8.676578225068619,7.341378882765795,0,26,16.926578225068617,7.424613409159889,0,27,3.7935727355901188,4.883005489478499,0.3213547490766155,0.27190292158391793,0.626910304632171,0.27498568182073674,0.07479414455626715,0.2556038426349497,0.0054894784995425435,0.030420860018298263,27
243,8877,8.593443730990199,5.8925115210975,0,26,16.79644023881942,5.966512825279568,0,27,1.79486312943562,6.798580601554579,0.31827569374037773,0.21824116744805558,0.6220903792155341,0.2209819564918363,0.061845217979046976,0.19961698772107694,0.004506026810859524,0.014982539146107919,27
244,8783,8.204827507685302,5.997423299614702,0,24,16.14767163839235,6.3757992777086105,0,27,2.52897643174314,5.675851075942161,0.3038825002846408,0.22212678887461842,0.59806191253305,0.23614071398920727,0.059091426619606056,0.221450529431857,0.0037572583399749517,0.016281452806558124,27
246,8353,7.047886986711362,4.697899959897356,0,18,8.597270441757452,4.641290015544149,0,18,2.69867113611876,4.349215850592602,0.3915492770395201,0.2609944422165192,0.47762613565319184,0.25784944530800874,0.05902071112175267,0.21632946246857415,0.03663354483419131,0.11133724410391477,18
247,8884,12.316636650157587,7.85620444870641,0,30,16.875731652408824,8.142024299400303,0,32,3.7824178298063935,8.534218820351192,0.3848948953174246,0.2455063890220753,0.5273666141377757,0.25443825935625947,0.038946420531292214,0.12460603331832508,0.010018009905447996,0.04885186852769023,32
248,8881,8.11338813196712,5.10684069301791,0,24,17.55928386442968,5.5076424896136995,0,27,4.429456142326314,3.683931989640806,0.30049585673952295,0.18914224788955242,0.6503438468307289,0.20398675887458198,0.034905979056412566,0.15369890778065534,0.00045039972976016217,0.004954397027361784,27
249,8869,9.981508625549667,6.379013214178976,0,27,14.350659600856916,6.377001915690241,0,27,2.9647085353478406,7.016800090201826,0.3696855046499876,0.23625974867329527,0.5315059111428488,0.2361852561366759,0.02615852971022663,0.12594430037208254,0.013868530837749464,0.04994926147254482,27
25,8877,2.2806128196462767,3.1564292612368323,0,19,17.69392812887237,3.2462999828852586,2,21,1.1782133603694942,1.1023994592767827,0.10860061045934652,0.15030615529699198,0.8425680061367793,0.1545857134707268,0.3192519995493973,0.7204010363861665,0.0,0.00011265067027148812,21
250,8876,12.538305543037405,7.784636195035426,0,27,12.394096439837766,7.957701208535801,0,27,3.966538981523209,8.571766561514195,0.46438168677916314,0.2883198590753857,0.4590406088828802,0.29472967439021414,0.050473186119873815,0.1400405588102749,0.0534024335286165,0.14849031095087878,27
251,8883,8.533378363165598,6.283378362935322,0,29,21.466959360576382,6.513829645169425,0,33,2.388720027017899,6.144658336147698,0.2585872231262302,0.19040540493743452,0.6505139200174662,0.197388777126346,0.059214229426995384,0.2051108859619498,0.00022514916131937407,0.0009005966452774963,33
252,8870,14.771025930101466,8.080159582424239,0,31,15.714430665163473,8.100365830266782,1,32,9.331792559188274,5.439233370913191,0.4476068463667111,0.24485332067952248,0.4761948686413174,0.24546563122020545,0.01657271702367531,0.06786922209695603,0.0,0.0685456595264938,33
253,8883,11.328042328042327,8.126131360139551,0,27,14.644714623438027,8.174415407487773,0,27,5.932567826184847,5.395474501857481,0.41955712326082695,0.3009678281533159,0.5423968379051122,0.3027561262032513,0.03467297084318361,0.11403805020826298,0.06630642800855567,0.12968591691995948,27
254,8876,12.848467778278504,7.0350846249495405,0,24,10.544840018026138,7.139599181339063,0,26,6.710680486705724,6.1377872915727805,0.4941718376260963,0.2705801778826738,0.4055707699240822,0.274599968513041,0.020730058584948176,0.09677782785038305,0.013406940063091483,0.14972960793150067,26
255,8879,4.537898411983331,2.897532900927709,0,14,7.055974771933776,3.1244225515297797,0,14,1.166798062844915,3.3711003491384166,0.30252656079888873,0.19316886006184666,0.47039831812891847,0.2082948367686525,0.0629575402635432,0.2938393963284154,0.016443293163644554,0.06825092915868904,15
256,8873,8.64792065817649,5.880000262004267,0,28,22.73019271948608,5.942105732245812,4,32,6.168939479319283,2.4789811788572074,0.2702475205680153,0.18375000818763335,0.71031852248394,0.18569080413268163,0.01746872534655697,0.14301814493406964,0.0,0.0,32
257,8883,6.51108859619498,4.685896783082866,0,23,15.588539907688844,4.70310989307706,0,23,3.589553078914781,2.9215355172801982,0.2830908085302165,0.20373464274273295,0.6777626046821236,0.2044830388294369,0.04097714736012608,0.19160193628278735,0.0014634695485759317,0.02105144658336148,23
258,8874,4.3799864773495605,3.1551539877467745,0,18,21.26504394861393,3.3254076662959124,8,27,1.7375478927203065,2.642438584629254,0.16222172138331703,0.11685755510173236,0.7875942203190344,0.12316324689984856,0.05273833671399594,0.32972729321613703,0.0,0.0,27
259,8811,7.761888548405403,4.818975477309908,0,23,14.536828963795257,4.776275067337559,0,24,2.3261831801157644,5.435705368289638,0.32341202285022513,0.20079064488791293,0.6057012068248023,0.1990114611390647,0.03802065599818409,0.1504937010554988,0.001588922937237544,0.012711383497900353,24
26,8873,7.798264397610729,5.347324458353761,0,18,8.329088245238363,5.506278307801449,0,18,2.727713287501409,5.070551110109321,0.43323691097837386,0.2970735810196537,0.4627271247354646,0.305904350433414,0.07618618280175814,0.23622224726698973,0.06209850107066381,0.2084976896201961,18
260,8876,7.2234114465975665,5.346516307947013,0,27,18.543826047769265,5.371704182257328,0,27,3.140491212257774,4.082920234339793,0.26753375728139134,0.19801912251655587,0.6868083721396024,0.19895200675027133,0.044614691302388466,0.1874718341595313,0.003943217665615142,0.00957638575935106,27
261,8865,10.182064297800338,6.255991245937043,0,31,19.90547095318669,6.500735731920611,0,32,5.679977439368303,4.502086858432036,0.31818950930626055,0.1954997264355326,0.6220459672870841,0.2031479916225191,0.01838691483361534,0.08877608573040045,0.0032712915961646927,0.013197969543147208,32
262,8872,12.433047790802524,6.066016319093795,0,24,9.756875563570784,5.812388091420534,0,24,7.607867448151488,4.825180342651037,0.5180436579501052,0.2527506799622415,0.4065364818154493,0.2421828371425218,0.010707844905320108,0.051510369702434625,0.03809738503155996,0.13706041478809738,24
263,8871,5.174952091083306,4.317141241081841,0,19,14.463307406154886,4.577871959261117,0,20,2.3405478525532635,2.8344042385300416,0.25874760455416523,0.21585706205409227,0.7231653703077443,0.22889359796305608,0.07969789200766543,0.3291624394093112,0.0038327133355878706,0.0127381354976891,20
264,5322,11.353814355505449,5.944249661201113,0,31,19.451897782788425,6.448066217582181,0,32,6.81999248402856,4.5338218714768885,0.3440549804698621,0.1801287776121549,0.5894514479632856,0.19539594598733886,0.0003757985719654265,0.05054490792934987,0.005824877865464111,0.012401352874859075,33
265,8856,6.999435411020777,5.976927189697849,0,25,15.840221318879856,6.2082704093471115,0,25,3.883468834688347,3.11596657633243,0.25923834855632505,0.22136767369251206,0.5866748636622168,0.22993594108692958,0.07791327913279132,0.2676151761517615,0.01614724480578139,0.04460252935862692,27
266,8763,6.970443911902317,4.572120402782224,0,24,25.14618281410476,4.642402297161819,9,34,2.056715736619879,4.913728175282437,0.20501305623242108,0.13447412949359436,0.7395936121795518,0.13654124403417123,0.03777245235649892,0.15531210772566473,0.0,0.0,34
267,8847,4.337854639990957,2.7551188147870134,0,15,18.80230586639539,2.660222583123791,8,24,1.9914095173505142,2.3464451226404432,0.18074394333295657,0.11479661728279211,0.7834294110998078,0.11084260763015821,0.04148298858370069,0.28721600542556797,0.0,0.0,24
268,8879,4.941209595675189,3.755709199232924,0,22,21.373127604459963,3.844945135045474,1,27,1.153620903254871,3.7875886924203175,0.18300776280278475,0.13910034071233054,0.7915973186837022,0.1424053753720548,0.04144610879603559,0.2725532154521906,0.0,0.00011262529564140106,27
269,8869,4.598038110271733,2.5829933251399395,0,12,15.346938775510203,2.5858177568771463,8,20,3.0855789829744054,1.5124591272973278,0.22990190551358666,0.1291496662569969,0.7673469387755102,0.1292908878438566,0.04667944525876649,0.2071259443003721,0.0,0.0,20
27,8882,1.303310065300608,1.635412176022804,0,14,13.354537266381445,1.9982134275820571,0,17,0.3873001576221572,0.9160099076784508,0.0766652979588593,0.09620071623663529,0.7855610156694968,0.11754196632835573,0.39563161450123846,0.823800945732943,0.00033776176536816035,0.001125872551227201,17
270,8876,3.8697611536728256,3.031244691934756,0,17,21.888125281658404,3.411627316546602,8,27,1.1436457863902658,2.7261153672825595,0.14332448717306762,0.11226832192350951,0.8106713067280891,0.12635656727950353,0.08325822442541686,0.3997296079315007,0.0,0.0,27
271,8865,8.210265087422448,4.43573833538356,0,20,11.501410039481106,5.060824001379247,0,21,4.600225606316977,3.610039481105471,0.3909650041629737,0.2112256350182658,0.5476861923562432,0.24099161911329758,0.01996615905245347,0.09757473209249859,0.003045685279187817,0.025831923293852227,21
272,8878,9.48546970038297,6.665012965938815,0,26,15.29995494480739,6.83131881477686,0,26,2.4673349853570623,7.018134715025907,0.3648257577070373,0.2563466525361083,0.588459805569515,0.2627430313375724,0.03390403243973868,0.15498986258166253,0.006420364947060149,0.04730795224149583,26
273,8873,10.233517412374619,7.870887735910289,0,34,23.21819001465119,7.91577894915689,0,35,3.6411585709455654,6.592358841429054,0.292386211782132,0.22488250674029403,0.6633768575614625,0.22616511283305463,0.03955821030091288,0.1577820353882565,0.0005635072692437732,0.01622900935422067,35
274,8801,8.365526644699466,5.980395061289103,0,31,19.326212930348824,7.330419517612966,0,31,2.7194636973071242,5.646062947392342,0.2614227076468583,0.18688734566528448,0.6039441540734007,0.22907560992540518,0.0285194864219975,0.1625951596409499,0.03226906033405295,0.045449380752187254,32
275,8872,4.656672678088368,3.3037048403465294,0,16,25.519950405770963,3.6851707505228855,13,32,2.102457168620379,2.5542155094679893,0.1455210211902615,0.10324077626082905,0.7974984501803426,0.11516158595384017,0.07630748422001804,0.29869251577998196,0.0,0.0,32
276,8860,4.958126410835215,5.341540398806562,0,23,19.23702031602709,5.984989476460083,3,27,0.4059819413092551,4.55214446952596,0.18363431151241535,0.1978348295854282,0.7124822339269291,0.2216662769059297,0.22844243792325056,0.47076749435665916,0.0,0.0,27
277,8866,5.965711707647191,6.3502719107139685,0,25,19.29742837807354,6.498927686004026,1,27,0.2676517031355741,5.698060004511618,0.22095228546841447,0.23519525595236854,0.7147195695582792,0.24070102540755697,0.17708098353259644,0.4240920369952628,0.0,0.02526505752312204,27
278,8862,6.8426991649740465,6.770428362997625,0,25,17.29417738659445,7.021595009231553,0,27,0.27826675693974273,6.564432408034304,0.2534333024064461,0.2507566060369482,0.640525088392387,0.2600590744159831,0.1341683592868427,0.39178515007898895,0.01331527871812232,0.04129993229519296,27
279,8872,7.548692515779982,6.301189557200909,0,25,15.939021641118124,6.616608456256295,0,27,2.942966636609558,4.605725879170424,0.2795812042881475,0.2333773910074406,0.5903341348562268,0.2450595724539374,0.06424706943192066,0.3010595130748422,0.008340847610459874,0.033588818755635706,27
28,8144,5.797396856581533,5.263552647076369,0,21,14.631262278978388,5.424684221010065,1,23,0.35535363457760316,5.442043222003929,0.2520607328948492,0.22885011509027706,0.6361418382164518,0.23585583569609003,0.13482318271119842,0.38236738703339884,0.0,0.025294695481335953,23
280,8738,8.522430762188144,6.9421991348594325,0,24,13.632753490501258,7.303509467239607,0,26,2.5526436255436025,5.969787136644541,0.31564558378474605,0.2571184864762755,0.504916795944491,0.2705003506385043,0.11959258411535821,0.268711375600824,0.029869535362783247,0.12428473334859236,27
281,8866,7.022106925332732,6.460689992317697,0,23,14.28186329799233,6.649085308035872,0,24,0.558763816828333,6.463343108504398,0.2925877885555305,0.2691954163465712,0.595077637416347,0.2770452211681606,0.15204150688021656,0.3657793819084142,0.0422964132641552,0.07466726821565531,24
282,8848,3.9954792043399636,3.450727291303691,0,20,21.589511754068717,3.683706923521966,5,27,0.6967676311030742,3.29871157323689,0.1479807112718505,0.1278047144927288,0.7996115464469894,0.13643358976007267,0.15122061482820975,0.4177215189873418,0.0,0.0,27
283,8879,5.848518977362316,4.919711972868394,0,20,12.802004730262418,4.797403981801966,0,20,3.782633179412096,2.0658857979502194,0.29242594886811574,0.24598559864342068,0.6401002365131209,0.2398701990900979,0.1066561549724068,0.3406915193152382,0.015204414911589142,0.02995832864061268,20
284,8870,4.0535512965050735,6.427787053210175,0,26,22.076324689966178,6.521855225195291,0,27,0.2948139797068771,3.758737316798196,0.15013152950018788,0.2380661871559321,0.8176416551839325,0.24155019352575166,0.4491544532130778,0.6682074408117249,0.005411499436302142,0.017023675310033824,27
285,8873,4.459709230249071,3.6033599134237027,0,14,10.709906457793306,3.6732727552839615,1,16,0.6146737292911079,3.8450355009579624,0.2787318268905669,0.22520999458898142,0.6693691536120816,0.2295795472052476,0.12385889777978136,0.376197452947143,0.0,0.029415079454524963,16
286,8868,9.154713576905728,5.632937070058687,0,19,8.661028416779432,5.685163494050237,0,19,6.428845286423094,2.725868290482634,0.48182703036345936,0.2964703721083522,0.455843600883128,0.2992191312658012,0.03698691926026162,0.16599007668019847,0.08164185836716284,0.20861524582769508,19
287,8875,4.753464788732394,4.529752654589285,0,16,7.673352112676056,4.380458991908164,0,16,2.040338028169014,2.71312676056338,0.29709154929577464,0.2831095409118303,0.4795845070422535,0.2737786869942602,0.21047887323943662,0.4500281690140845,0.07808450704225352,0.18670422535211267,16
288,8872,9.456830477908026,6.9994078857502915,0,31,18.013863841298466,7.294791896386038,0,31,4.313570784490532,5.143259693417494,0.2955259524346258,0.2187314964296966,0.5629332450405771,0.2279622467620637,0.06469792605951308,0.19319206492335436,0.0014652840396753833,0.014540126239855726,32
289,6406,10.637527318139245,5.683704996526826,0,24,14.381361223852638,5.746197663892684,0,27,5.934124258507649,4.703403059631595,0.3939824932644164,0.21050759246395684,0.5326430082908384,0.2128221356997294,0.0017171401810802372,0.06915391820168591,0.002497658445207618,0.028723072119887606,27
29,8887,4.677056374479577,4.393911033978374,0,20,13.586249578035332,4.703732573564765,0,23,1.2888488803870823,3.3882074940924944,0.20335027715128595,0.19103961017297227,0.5907065033928406,0.20451011189412063,0.1314279284347924,0.40834927422077194,0.0063013390345448405,0.027230786542140204,23
290,8881,2.4230379461772324,2.331232478527789,0,14,12.543970273617836,2.5473241482452424,0,17,0.25346244792253125,2.169575498254701,0.14253164389277836,0.13713132226634053,0.7378806043304609,0.1498425969556028,0.23477085913748452,0.6004954397027362,0.0005629996622002027,0.001688998986600608,17
291,8880,4.517342342342342,4.435232107477458,0,26,20.76295045045045,4.6063903606098116,1,27,1.3396396396396397,3.1777027027027027,0.16730897564230898,0.16426785583249828,0.7689981648314982,0.17060705039295587,0.13333333333333333,0.40686936936936935,0.0,0.008333333333333333,27
292,8875,3.4848450704225353,3.066219645484223,0,12,6.97656338028169,3.2260127981317086,0,12,0.6625352112676056,2.8223098591549296,0.2904037558685446,0.25551830379035145,0.5813802816901409,0.2688343998443095,0.17983098591549296,0.47583098591549294,0.044507042253521124,0.12416901408450705,12
293,8775,4.916125356125356,5.450172873145806,0,23,17.94735042735043,5.439868316496709,0,24,3.643646723646724,1.2724786324786326,0.20483855650522317,0.22709053638107451,0.7478062678062678,0.22666117985402964,0.18495726495726494,0.4414814814814815,0.0033048433048433047,0.017777777777777778,24
294,8876,3.580779630464173,3.7000659454337455,0,19,19.719130238846326,3.8437187346417385,3,24,1.1449977467327626,2.4357818837314107,0.14919915126934055,0.15416941439307258,0.821630426618597,0.1601549472767396,0.15141955835962145,0.5092383956737269,0.0,0.0,24
295,8876,4.81421811626859,3.9724210615187086,0,19,20.285488958990538,4.043489930049697,7,27,0.9717214961694457,3.8424966200991437,0.17830437467661442,0.14712670598217392,0.7513144058885384,0.1497588862981371,0.10252365930599369,0.34362325371789093,0.0,0.0,27
296,8030,7.1902864259028645,5.746321174640765,0,28,22.641220423412204,6.4363613591166695,0,33,3.6858032378580323,3.5044831880448317,0.21788746745160195,0.1741309446860839,0.6860975885882485,0.19504125330656594,0.07621419676214197,0.25205479452054796,0.00224159402241594,0.00523038605230386,33
297,8848,4.997174502712477,4.502977794279664,0,20,17.876808318264015,4.661598287567745,3,24,0.3831374321880651,4.614037070524413,0.20821560427968658,0.1876240747616528,0.7448670132610006,0.19423326198198881,0.149751356238698,0.3833634719710669,0.0,0.0,24
298,8876,9.46011716989635,7.137845033050743,0,31,19.043600721045514,7.342058095165384,0,31,5.516674177557459,3.943442992338891,0.29562866155926093,0.22305765728283572,0.5951125225326723,0.22943931547391824,0.05396575033799009,0.17789544840018026,0.0007886435331230284,0.018702118071203245,32
299,8872,6.393823264201984,5.418210395578411,0,26,18.459197475202885,5.72616810633922,0,27,2.448940486925158,3.944882777276826,0.23680826904451793,0.20067445909549664,0.6836739805630698,0.21208030023478638,0.11530658250676284,0.2957619477006312,0.001127141568981064,0.013300270513976555,27
3,8874,10.560851926977687,6.8065113576874,0,27,14.5727969348659,7.169074935519355,0,27,7.907144466982195,2.6537074599954926,0.3911426639621366,0.2520930132476812,0.5397332198098481,0.26552129390812407,0.03662384494027496,0.12350687401397341,0.0160018030200586,0.05871084065810232,27
30,8411,7.6611580073712995,5.419196735727923,0,26,17.522530020211626,6.144480045138837,0,29,3.8845559386517654,3.776602068719534,0.26417786232314827,0.18686885295613498,0.6042251731107458,0.21187862224616755,0.056354773510878614,0.20199738437760076,0.00677683985257401,0.02187611461181786,29
300,8873,5.27059619069086,4.366614707304268,0,18,11.875690296404823,4.567866733168765,0,18,1.2754423532063563,3.9951538374845037,0.29281089948282557,0.2425897059613479,0.6597605720224902,0.2537703740649319,0.11022202186408205,0.33303279612306996,0.008114504677110335,0.05871745745520117,18
301,8876,4.1084948174853535,4.243895625892101,0,24,22.877647589004056,4.2450717113557745,3,27,1.0098017124831005,3.0986931050022535,0.15216647472167977,0.15718131947748554,0.8473202810742243,0.15722487819836298,0.15074357818837314,0.463609734114466,0.0,0.0,27
302,8869,8.492727477731425,11.017929276992538,0,39,28.639192693652046,11.338228018257995,0,39,0.9040478069680911,7.588679670763333,0.21776224301875446,0.28251100710237287,0.7343382741962063,0.2907237953399492,0.2421919043860638,0.5027624309392266,0.03450219866952306,0.061224489795918366,39
303,8873,4.870280626620083,6.686406787694539,0,26,19.09489462414065,6.867499176710414,0,27,0.10965851459483827,4.760622112025245,0.18038076394889196,0.24764469584053822,0.7072183194126167,0.2543518213596456,0.24343514031331004,0.568240730305421,0.012622562831060521,0.051617265862729626,27
304,8875,5.479887323943662,6.627548857895785,0,25,17.207661971830987,6.5268492387649255,0,25,0.3512112676056338,5.128676056338028,0.21076489707475624,0.2549057253036843,0.6618331527627302,0.2510326630294209,0.20371830985915493,0.47492957746478875,0.024901408450704224,0.06230985915492958,26
305,8875,4.9432112676056335,7.67183424103486,0,27,19.993464788732393,7.763068118490398,0,27,0.32754929577464786,4.615661971830986,0.18308189880020864,0.28414200892721664,0.7404986958789775,0.28752104142556967,0.39740845070422537,0.6407887323943662,0.02535211267605634,0.0727887323943662,27
306,8874,4.536060401171963,6.334321515561634,0,28,20.93430245661483,6.649376772703407,0,29,0.5761775974757719,3.9598828036961913,0.15120201337239877,0.21114405051872093,0.697810081887161,0.22164589242344704,0.2547892720306513,0.5966869506423259,0.009578544061302681,0.030313274735181427,30
307,8868,5.330626973387461,6.015473841224564,0,30,24.62359043752819,6.1404884851440755,0,32,0.38712223725755524,4.943504736129905,0.16658209291835815,0.18798355753826762,0.7694872011727559,0.19189026516075236,0.11829048263419034,0.41102841677943164,0.0022552999548940008,0.008231844835363104,32
308,8814,6.009416836850465,4.787747448735846,0,25,18.337871567960065,4.626499265958665,0,27,0.6161788064442931,5.393238030406172,0.22257099395742463,0.17732397958280932,0.6791804284429653,0.1713518246651361,0.06047197640117994,0.2594735647832993,0.0005672793283412752,0.006126616746085773,27
309,8852,6.558630817894262,4.895733209768089,0,21,12.18504292815183,5.131365483538019,0,22,1.0315183009489381,5.527112516945323,0.29811958263155736,0.22253332771673134,0.553865587643265,0.23324388561536405,0.07173520108450068,0.2332806145503841,0.018300948938093087,0.05140081337550836,22
31,8876,11.923163587201442,4.489582276957873,0,18,4.4446822893195135,4.483658453452674,0,18,9.764646237043713,2.158517350157729,0.6623979770667467,0.2494212376087713,0.24692679385108407,0.2490921363029266,0.0018026137899954935,0.03402433528616494,0.18273997296079314,0.4968454258675079,18
310,8867,5.760234577647457,7.28444862869222,0,27,18.943047253862638,7.467489043050268,0,27,0.5061463854742303,5.254088192173227,0.21334202139435024,0.2697943936552675,0.7015943427356531,0.276573668261121,0.3051764971241683,0.5327619262433743,0.017593323559264688,0.053794970113905494,27
311,8865,5.3890580936266215,4.356117563275457,0,21,15.335815002820079,4.637578985487866,0,23,1.1416807670614777,4.247377326565144,0.22454408723444255,0.18150489846981085,0.6389922917841699,0.19323245772866093,0.08042865200225606,0.30705019740552736,0.004286520022560632,0.015454032712915962,24
312,8871,8.926163904858528,7.25705066604363,0,34,24.562394318566113,7.4374597646135205,0,36,2.413707586517867,6.512456318340661,0.24794899735718134,0.20158474072343463,0.682288731071281,0.20659610457259772,0.06774884454965618,0.20629015894487657,0.0005636343140570398,0.00822906098523278,36
313,8866,9.770697044890593,8.254201801975407,0,28,15.487029099932325,8.496394566265252,0,28,3.340063162643808,6.430633882246785,0.33692058775484807,0.28462764834397936,0.5340354862045629,0.2929791229746645,0.08887886307241145,0.23934130385743288,0.07196029776674938,0.13455898939769909,29
314,8879,6.2317828584300035,5.940371561713022,0,24,15.446446671922514,6.05540877038803,0,24,0.7509854713368622,5.4807973870931415,0.2596576191012501,0.24751548173804183,0.6436019446634381,0.252308698766168,0.11960806397116792,0.35736006307016555,0.005743890077711454,0.04617637121297444,24
315,8882,8.976581850934474,7.241900445403889,0,26,15.086579599189372,7.663574263111941,0,27,0.9419049763566765,8.034676874577798,0.3324659944790546,0.26821853501495824,0.5587622073773841,0.2838360838189603,0.1041432109885161,0.2793289799594686,0.02972303535239811,0.08027471290249943,27
316,8881,13.196149082310551,7.365125916327411,0,26,10.756221146267313,7.284541966699232,0,25,5.61130503321698,7.5848440490935705,0.5075441954734827,0.28327407370490043,0.41370081331797354,0.2801746910268936,0.03434297939421237,0.10066433960139624,0.06361896182862291,0.1616935029838982,26
318,8865,4.910772701635646,4.872290754247917,0,22,24.55600676818951,4.9104163699168115,10,32,0.3767625493513818,4.534010152284264,0.15346164692611394,0.1522590860702474,0.7673752115059221,0.15345051155990036,0.15611957134799775,0.4450084602368866,0.0,0.0,32
319,8833,3.4951884976791576,3.9354225240549083,0,25,21.876372693309182,4.648795511041038,0,29,0.5437563681648364,2.951432129514321,0.11274801605416637,0.12694911367919065,0.705689441719651,0.14996114551745282,0.20536624023548058,0.5367372353673724,0.0075851918940337375,0.00781161553266161,31
32,8870,20.25208568207441,10.35836797813575,0,35,12.410597519729425,10.205966630247367,0,35,15.335851183765502,4.916234498308906,0.5786310194878402,0.29595337080387885,0.35458850056369784,0.2915990465784961,0.01770011273957159,0.07102593010146561,0.11578354002254791,0.2636978579481398,35
320,8860,2.397742663656885,2.6147090346653123,0,20,19.65112866817156,3.108393588734453,0,27,0.20011286681715576,2.197629796839729,0.08880528383914388,0.09684107535797457,0.7278195803026503,0.11512568847164648,0.24672686230248306,0.6296839729119639,0.0004514672686230248,0.0010158013544018058,27
321,8864,4.737026173285199,4.832335049879271,0,27,18.724165162454874,4.933914892947102,0,27,0.25981498194945846,4.47721119133574,0.1754454138253777,0.17897537221775126,0.6934875986094398,0.18273758862767092,0.16482400722021662,0.4395306859205776,0.00078971119133574,0.00315884476534296,27
322,8862,3.6679079214624237,3.7415918303266875,0,22,17.92631460167005,3.9027635614580767,1,24,0.3121191604603927,3.355788761002031,0.159474257454888,0.16267790566637785,0.7794049826813066,0.169685372237307,0.16824644549763032,0.494583615436696,0.0,0.002708192281651997,23
323,8801,3.22088399045563,3.901436237909327,0,24,21.996250426087943,4.113653489297182,0,27,0.14009771616861721,3.080786274287013,0.11929199964650482,0.14449763844108618,0.8146759417069609,0.15235753664063645,0.16986706056129985,0.6332234973298488,0.0003408703556414044,0.0006817407112828088,27
324,8841,4.8580477321569955,5.00634043581335,0,25,20.505146476642913,5.195303481213902,0,27,1.9778305621536025,2.880217170003393,0.17992769378359244,0.18542001614123538,0.7594498695052931,0.19241864745236642,0.1759981902499717,0.42789277231082457,0.00022621875353466802,0.0011310937676733402,27
325,8862,2.9075829383886256,4.365319078420303,0,22,19.026743398781313,4.262923377473309,0,23,1.0545023696682465,1.853080568720379,0.12641664949515763,0.18979648167044774,0.8272497129904919,0.18534449467275263,0.310539381629429,0.6979237192507335,0.00011284134506883322,0.007560370119611826,23
326,8883,2.2868400315208826,3.2707021970721453,0,24,27.178205561184285,3.68118234026445,5,32,0.31678486997635935,1.9700551615445232,0.07146375098502758,0.10220944365850454,0.8493189237870089,0.11503694813326407,0.2841382415850501,0.6967240797028031,0.0,0.0,32
327,8878,2.666366298715927,3.160741514050667,0,17,19.716152286551026,3.247284699669264,5,24,0.04291507096192836,2.6234512277539985,0.11109859577983029,0.13169756308544406,0.8215063452729593,0.13530352915288665,0.27889164226177066,0.6340391980175715,0.0,0.0,24
328,8796,2.9373578899499773,4.445212999682743,0,21,22.201455206912232,5.385481729535841,1,27,1.3739199636198272,1.56343792633015,0.10879103296111026,0.16463751850676786,0.8222761187745271,0.19946228627910628,0.32639836289222374,0.681218735788995,0.0,0.006934970441109595,27
329,8829,4.652395514780836,6.255149232116432,0,26,21.034771774832937,6.271897074753641,0,26,0.36991731792955035,4.282478196851286,0.1723109449918828,0.2316721937820907,0.7790656212901088,0.2322924842501353,0.21384075206705175,0.5843243855476271,0.0011326311020500622,0.014950730547060823,27
33,8882,14.876041432109885,4.27845819787031,0,20,4.215492006304887,4.217453030731505,0,19,11.837874352623283,3.0381670794866023,0.708382925338566,0.20373610466049094,0.20073771458594697,0.20083109670150026,0.00022517451024544022,0.012159423553253772,0.10267957667192074,0.49909930195901825,21
330,8841,3.4139803189684423,4.602537565287664,0,24,22.150887908607622,4.6470045274396785,1,27,0.5497115710892433,2.864268747879199,0.12644371551734973,0.17046435426991352,0.8204032558743565,0.1721112787940622,0.2665988010406063,0.6167854315122724,0.0,0.0036195000565546883,27
331,8871,3.870138654041258,5.6824895671603075,0,28,24.516289031676248,5.753890857840224,1,31,0.9933491150941269,2.876789538947131,0.12484318238842768,0.1833061150696868,0.7908480332798791,0.18560938251097459,0.30526434449329276,0.6514485401871266,0.0,0.0005636343140570398,31
332,8854,4.786085385136661,6.032133218586422,0,24,21.798735035012424,5.998732365737936,2,27,1.6466004065958888,3.1394849785407724,0.1772624216717282,0.2234123414291271,0.807360556852312,0.22217527280510954,0.21990060989383328,0.563361192681274,0.0,0.00045177320984865596,27
333,8862,2.975062062739788,3.1698252994891933,0,22,21.43805010155721,3.3535507815705263,3,27,0.42913563529677273,2.5459264274430153,0.11018748380517732,0.11740093701811827,0.79400185561323,0.12420558450261193,0.18009478672985782,0.5902730760550666,0.0,0.0,27
334,8876,3.919107706173952,5.6420745293970995,0,24,19.716538981523207,5.70039595439675,0,26,0.16212257773771968,3.7569851284362326,0.15073491177592124,0.21700286651527262,0.7583284223662773,0.2192459982460291,0.2709553853086976,0.6270842721946823,0.0007886435331230284,0.0190401081568274,26
335,7682,3.99466284821661,4.722294214157918,0,22,20.17065868263473,4.680736191981771,3,27,0.9910179640718563,3.003644884144754,0.14795047585987445,0.17489978570955236,0.7470614326901752,0.17336059970302795,0.17690705545430876,0.5304608174954439,0.0,0.0,27
336,8856,4.8264453477868114,5.266132981434616,0,22,15.888324299909666,5.390798282677475,0,23,1.3172990063233965,3.5091463414634148,0.20984544990377438,0.22896230354063501,0.6907967086917246,0.23438253402945483,0.20133242999096657,0.502710027100271,0.0010162601626016261,0.021567299006323398,23
337,8537,2.6556167271875366,3.1512838084304495,0,21,19.089258521728944,3.2454998222692715,2,23,0.11233454375073211,2.5432821834368045,0.11546159683424072,0.13701233949697633,0.829967761814302,0.141108687924751,0.24961930420522432,0.6433173245870915,0.0,0.00023427433524657375,23
338,8859,3.404221695450954,5.195538428806533,0,33,30.788012190992212,5.710778618045566,0,36,0.39259510102720396,3.01162659442375,0.09456171376252649,0.14432051191129247,0.8552225608608948,0.15863273939015435,0.3139180494412462,0.6549271926854047,0.0004515182300485382,0.005756857433118863,36
339,8864,19.34273465703971,5.315232349018863,0,27,5.435807761732852,5.537859343884694,0,26,16.241087545126355,3.1016471119133575,0.7163975798903597,0.19686045737106886,0.20132621339751303,0.20510590162535883,0.001128158844765343,0.0037229241877256318,0.06475631768953069,0.44426895306859204,27
34,8885,9.760720315137872,4.745021460134261,0,21,8.435227912211593,4.834752133527344,0,19,7.6723691615081595,2.088351153629713,0.4647962054827558,0.22595340286353516,0.40167751962912346,0.23022629207273046,0.009229037703995498,0.04850872256612268,0.049971862689926844,0.1537422622397299,21
340,8882,13.860842152668319,6.504915734508895,0,24,9.303422652555732,6.418354879169251,0,24,9.350709299707272,4.5101328529610445,0.5775350896945133,0.27103815560453737,0.3876426105231554,0.267431453298719,0.0032650303985588833,0.03062373339337987,0.10785859040756586,0.21751857689709525,24
341,5597,11.926210469894587,6.02304552225271,0,25,13.295158120421654,6.371543671727682,0,27,7.782562086832232,4.143648383062355,0.4417114988849847,0.22307576008343352,0.49241326371932054,0.23598309895287764,0.03430409147757727,0.11827764874039665,0.008397355726281936,0.03769876719671252,27
342,8882,18.367034451700068,11.858782605443627,0,43,22.27482548975456,12.108069798158573,0,42,12.400810628236883,5.966223823463184,0.42714033608604807,0.2757856419870617,0.5180191974361525,0.2815830185618275,0.025219545147489305,0.07025444719657735,0.04863769421301509,0.09434811979283945,43
343,8853,15.992883768214165,6.284727754321004,0,26,7.504122896193381,5.8709873906407815,0,24,10.575737038292104,5.41714672992206,0.5923290284523764,0.232767694604482,0.27793047763679185,0.21744397743113994,0.016039760533152602,0.030498136225008472,0.09205918897548854,0.22884897774765617,27
344,8880,13.949662162162163,7.2547524841214495,0,27,11.730067567567568,7.282886057261998,0,26,5.079842342342342,8.86981981981982,0.5166541541541542,0.2686945364489427,0.4344469469469469,0.2697365206393331,0.00518018018018018,0.059346846846846844,0.038288288288288286,0.11418918918918919,27
345,8851,13.642752231386284,9.058506521594346,0,32,15.876737091854027,9.76790848529438,0,32,6.819907355101119,6.822844876285165,0.4263360072308214,0.2830783287998233,0.49614803412043834,0.30524714016544935,0.034911309456558584,0.1336572138741385,0.0337814936165405,0.126313410914021,32
346,8846,14.71015148089532,9.060208309237982,0,35,19.573931720551663,9.250836202893801,0,36,7.147863441103324,7.562288039791996,0.4086153189137589,0.251672453034389,0.5437203255708795,0.25696767230260664,0.006104453990504182,0.03594845127741352,0.013000226090888536,0.07189690255482704,36
347,8864,15.727324007220217,8.591365996500436,0,32,14.396660649819495,8.266950667177579,0,32,7.583370938628159,8.143953068592058,0.4914788752256318,0.2684801873906386,0.4498956453068592,0.25834220834929933,0.003497292418772563,0.036326714801444046,0.03666516245487365,0.09939079422382671,32
348,8875,11.849014084507042,8.92464432967656,0,33,19.11087323943662,8.808782399783373,0,33,4.926422535211268,6.922591549295775,0.35906103286384977,0.2704437675659569,0.5791173708920189,0.2669327999934357,0.036732394366197185,0.14940845070422534,0.02523943661971831,0.06276056338028169,33
349,8866,14.709000676742612,8.502607156287144,0,33,15.239341303857433,8.760703663551553,0,33,4.731220392510715,9.977780284231898,0.4596562711482066,0.26570647363397326,0.4762294157455448,0.273771989485986,0.015903451387322354,0.06271148206632078,0.034739454094292806,0.0956462891946763,32
35,8879,27.771258024552314,13.23070807145535,1,54,23.172429327626986,13.191063975679732,0,51,14.643315688703684,13.127942335848632,0.514282556010228,0.24501311243435783,0.42911906162272195,0.24427896251258735,0.0,0.0029282576866764276,0.017907422006982768,0.09088861358261066,54
350,8860,4.468058690744921,5.31661464743725,0,26,23.619187358916477,5.607462193828774,0,30,2.162076749435666,2.305981941309255,0.1441309255079007,0.17150369830442694,0.761909269642467,0.1808858772202825,0.21975169300225733,0.5275395033860045,0.0006772009029345372,0.001128668171557562,31
351,8873,14.648934971261129,9.193488161502428,0,33,17.766257184717684,9.364543867863794,0,33,5.779555956271836,8.869379014989294,0.44390712034124635,0.2785905503485581,0.5383714298399298,0.2837740566019324,0.005296968330891469,0.07314324354784177,0.04462977572410684,0.0802434351403133,33
352,8861,10.266674190271978,6.795039095394856,0,27,15.327615393296467,7.040514266831042,0,28,3.4867396456381896,6.779934544633789,0.36666693536685635,0.24267996769267317,0.5474148354748738,0.25144693810110924,0.01704096603092202,0.10156867170748222,0.03137343414964451,0.06387540909603882,28
353,8862,12.049311667795081,9.135955713962847,0,31,15.059241706161137,9.064427870767052,0,29,2.420898217106748,9.628413450688333,0.38868747315468,0.29470824883751173,0.48578199052132703,0.2924008990570023,0.06747912435116227,0.17749943579327465,0.059016023470999775,0.15651094561047169,31
354,8866,10.042634784570268,8.24017563737866,0,27,14.403338596886984,8.29919682424315,0,27,2.563388224678547,7.479246559891721,0.3719494364655655,0.30519169027328297,0.5334569850698883,0.30737766015715384,0.09824046920821114,0.22862621249718024,0.09429280397022333,0.13534852244529663,27
355,8707,11.492362466980591,8.056801009791519,0,26,11.973125071781325,8.185954133760857,0,27,2.030550132077639,9.461812334902952,0.42564305433261446,0.2984000373996856,0.44344907673264167,0.3031834864355871,0.0513380039049041,0.18353049270701735,0.009991960491558515,0.21247272309635926,27
356,8868,7.466959855660803,7.93122944444772,0,33,25.05514208389716,8.115607916836185,0,35,0.5241317095173658,6.942828146143437,0.21334171016173722,0.22660655555564907,0.7158612023970616,0.2318745119096059,0.2062471808750564,0.40708164185836715,0.005187189896256202,0.015448804691023907,35
357,8877,5.56471781007097,5.425081429747486,0,22,15.962374676129324,5.546004017422764,1,25,0.07953137321167061,5.4851864368592995,0.20610065963225813,0.20092894184249932,0.5911990620788637,0.20540755620084328,0.14554466599076266,0.4192857947504788,0.0,0.0227554353948406,27
358,8591,16.431498079385403,6.4646746424546295,0,26,7.549295774647887,6.46252628710909,0,26,14.56733791176813,1.8641601676172739,0.6319806953609771,0.24864133240210143,0.2903575297941495,0.24855870335034913,0.0104760796182051,0.029449423815621,0.08264462809917356,0.23838901175648936,26
359,8871,11.592266937211138,6.095428910996107,0,26,10.622703190170217,6.059142817039633,0,26,8.523729004621801,3.068537932589336,0.4458564206619668,0.23443957349984965,0.40856550731423913,0.23304395450152443,0.007778153533987149,0.056588885131326795,0.03629804982527336,0.12298500732724608,26
36,8883,11.045142406844535,5.046740526852844,0,19,6.147134976922211,5.430557856590055,0,20,9.66531577169875,1.3798266351457842,0.5259591622306921,0.2403209774691824,0.2927207131867719,0.2585979931709551,0.016210739614994935,0.09253630530226276,0.13531464595294382,0.3530338849487786,21
360,8864,5.252369133574007,5.249376856236149,0,27,21.1711416967509,5.977763319028471,0,30,3.1192463898916967,2.1331227436823106,0.1750789711191336,0.1749792285412047,0.7057047232250301,0.19925877730094801,0.07818140794223827,0.3740974729241877,0.001128158844765343,0.006204873646209386,30
361,8875,19.4056338028169,8.908252703436931,0,32,11.755042253521127,9.488065061873273,0,33,17.994591549295773,1.4110422535211267,0.5880495091762697,0.26994705161930127,0.35621340162185233,0.2875171230870699,0.016,0.04191549295774648,0.04225352112676056,0.17104225352112676,33
362,8880,6.146283783783784,5.928174830988628,0,29,22.79527027027027,6.21510464710378,1,32,3.0547297297297296,3.091554054054054,0.19207136824324325,0.18525546346839464,0.7123521959459459,0.1942220202219931,0.08231981981981983,0.3433558558558559,0.0,0.00518018018018018,32
363,8751,11.060907324877157,5.537617191493519,0,24,10.559250371386128,5.935953683708761,0,24,8.34807450577077,2.7128328191063877,0.4608711385365482,0.23073404964556385,0.43996876547442193,0.24733140348786517,0.01622671694663467,0.061935778768140784,0.02856816363844132,0.1132442006627814,24
364,8871,7.9774546274377185,9.274271857180448,0,31,22.035058054334346,9.341522734876357,0,32,2.6293540750760904,5.348100552361628,0.2417410493162945,0.2810385411266804,0.6677290319495256,0.2830764465114053,0.19817382482245519,0.45699470183744784,0.011498140006763611,0.05083981512794499,33
365,8858,4.243395800406412,3.8806462090641096,0,23,24.052269135244977,4.417405290808239,5,31,0.7106570331903365,3.5327387672160757,0.13688373549698105,0.12518213577626158,0.7758796495240315,0.14249694486478345,0.11402122375254008,0.41578234364416344,0.0,0.0,31
367,8875,5.614647887323944,5.760372422086692,0,27,23.32169014084507,6.122450573062653,3,32,1.027380281690141,4.587267605633802,0.17545774647887324,0.18001163819020913,0.7288028169014085,0.1913265804082079,0.1344225352112676,0.39109859154929577,0.0,0.0,32
368,8876,4.59790446146913,4.222140449395374,0,21,18.223862100045064,4.637947409126852,1,25,2.5360522757999098,2.0618521856692205,0.17684247928727426,0.16239001728443775,0.7009177730786564,0.17838259265872525,0.13789995493465526,0.4108832807570978,0.0,0.009801712483100496,26
369,8781,6.481494135064343,5.472505753780893,0,23,16.928595831909806,6.006566543256281,0,27,2.3972212732035074,4.0842728618608355,0.24005533833571638,0.20268539828818133,0.6269850308114743,0.22246542752800982,0.11035189613939186,0.3205785218084501,0.0002277644915157727,0.013779751736704248,27
37,8872,16.791478809738503,5.366200116091924,1,24,6.499661857529306,5.597316447468007,0,23,14.809963931469792,1.9815148782687106,0.699644950405771,0.22359167150382947,0.2708192440637211,0.2332215186444998,0.0,0.0007889990982867448,0.12037871956717763,0.33160504959422904,24
370,8876,4.545403334835512,4.468263076926704,0,30,24.781883731410545,4.725879924374601,0,32,1.1719242902208202,3.373479044614691,0.14204385421360974,0.1396332211539595,0.7744338666065795,0.14768374763670628,0.13564668769716087,0.41347453808021634,0.0005633168093735917,0.0015772870662460567,32
371,8883,12.71214679725318,9.05166038131681,0,35,20.81537768771811,9.160059490419894,0,36,4.642913430147472,8.069233367105708,0.35311518881258835,0.251435010592133,0.5782049357699476,0.25444609695610915,0.06833277046043003,0.16435888776314309,0.005065856129685917,0.022740065293256784,36
372,8688,12.2185773480663,6.7015503586234,0,26,13.180593922651934,6.823699113443448,0,27,9.934737569060774,2.283839779005525,0.45253990178023323,0.2482055688379045,0.4881701452834049,0.25272959679420226,0.009898710865561695,0.05237108655616943,0.010589318600368325,0.07516114180478821,27
373,8573,15.344920097982037,8.480778074077165,0,30,12.703371048641083,8.528784348103226,0,30,9.930012830980987,5.41490726700105,0.5114973365994012,0.2826926024692394,0.4234457016213694,0.2842928116034411,0.008048524437186516,0.06147206345503324,0.04105913915782106,0.16703604339204478,30
374,8843,7.782992197218139,7.264313546619767,0,30,23.06366617663689,7.637772921652724,1,33,4.9670926156281805,2.8158995815899583,0.23584824840054963,0.22013071353393254,0.6988989750496026,0.23144766429250677,0.19812280900147008,0.35689245731086733,0.0,0.008368200836820083,33
375,8821,13.073687790499942,13.499189960312446,0,43,29.37875524316971,13.622025892849496,0,43,5.776555946037864,7.297131844462079,0.30403925094185913,0.313934650239824,0.6832268661202258,0.31679129983370874,0.1608661149529532,0.33590295884820315,0.022559800476136493,0.05588935494841855,43
376,8846,11.70201220890798,12.80301028136974,0,43,30.32760569749039,12.776341010632686,0,43,4.530748360841058,7.171263848066923,0.27213981881181354,0.2977444251481338,0.7052931557555905,0.2971242095495969,0.1995252091340719,0.3257969703820936,0.023174316075062176,0.05279222247343432,43
377,8567,18.925995097467023,4.154626901381108,8,28,8.481615501342361,4.540409972960753,0,20,17.335123146959262,1.5908719505077624,0.6759283963381081,0.14837953219218192,0.3029148393336557,0.16215749903431265,0.0,0.0,0.031282829461888643,0.10937317614100618,28
378,8877,11.781007096992226,3.740577433423691,1,20,4.773234200743494,3.748794615437805,0,16,10.303706207051931,1.477300889940295,0.5610003379520108,0.17812273492493755,0.22729686670207114,0.17851402930656252,0.0,0.008561450940633097,0.10960910217415794,0.33412188802523374,21
379,8878,5.36032890290606,4.708445739989575,0,20,13.074678981752648,4.881535536026494,0,21,1.2866636629871593,4.073665239918901,0.25525375728124094,0.2242117019042656,0.6226037610358403,0.23245407314411853,0.07603063753097544,0.34816400090110383,0.01306600585717504,0.036607343996395585,21
380,8649,12.703549543299804,5.602359885726919,0,24,10.133078968666897,5.717888112053603,0,24,10.693490576945312,2.010058966354492,0.5293145643041585,0.23343166190528875,0.4222116236944541,0.23824533800223335,0.011446409989594173,0.03399236906000694,0.025783327552318186,0.09376806567233206,24
381,8752,16.92356032906764,8.515943639108148,0,39,22.252056672760514,8.810541331456081,0,40,13.379113345521024,3.544446983546618,0.412769764123601,0.2077059424172721,0.5427330895795247,0.21489125198673373,0.004113345521023766,0.023080438756855576,0.0014853747714808044,0.02696526508226691,41
382,8754,16.722983778843957,6.280099332433917,0,26,7.518962759881197,6.288463067996259,0,25,11.634224354580763,5.088759424263194,0.6193697695868132,0.23259627157162535,0.2784801022178221,0.23290603955541683,0.0027416038382453737,0.012222983778843958,0.13787982636509025,0.29894905186200593,27
383,8686,5.884296569191803,6.1723165832359,0,23,16.269168777342852,6.238667869617721,0,24,1.8176375777112594,4.066658991480543,0.24517902371632513,0.2571798576348291,0.6778820323892855,0.25994449456740454,0.14701819019111215,0.43276536956021183,0.02314068616163942,0.06101772967994474,24
384,8869,6.043635133611455,5.0154712512654465,0,21,17.389446386289322,5.340744443970783,1,26,1.3888826248731536,4.654752508738302,0.23244750513890217,0.1929027404332864,0.6688248610111278,0.2054132478450299,0.0924568722516631,0.3024016236328786,0.0,0.006539632427556658,26
385,8751,5.728488172780254,4.979258555230045,0,26,21.14089818306479,5.143575993859098,1,30,2.7275739915438235,3.00091418123643,0.19094960575934178,0.1659752851743344,0.7046966061021598,0.17145253312863626,0.08661867215175409,0.32864815449662893,0.0,0.0014855445091989487,30
386,8880,6.456981981981982,4.658752190178371,0,18,9.71768018018018,4.874124792125436,0,18,2.474099099099099,3.982882882882883,0.3587212212212212,0.2588195661210207,0.5398711211211211,0.2707847106736357,0.04493243243243243,0.2597972972972973,0.04943693693693694,0.09662162162162162,18
387,8881,7.6920391847764895,5.426979723159234,0,29,21.63900461659723,6.0938110015501605,0,32,4.748339150996509,2.94370003377998,0.2403762245242653,0.16959311634872606,0.6762188942686634,0.19043159379844252,0.05134556919265849,0.1853394887963067,0.001238599256840446,0.003940997635401419,32
388,8860,13.258126410835214,9.083355975898955,0,34,19.404966139954855,9.015100534336051,0,34,7.884537246049661,5.373589164785553,0.37880361173814897,0.2595244564542553,0.5544276039987102,0.25757430098102974,0.03487584650112867,0.12358916478555304,0.014672686230248307,0.057223476297968395,35
389,8856,17.94794489611563,5.600808631190657,2,27,8.443654019873533,5.64866212285663,0,24,15.974480578139115,1.973464317976513,0.6647386998561344,0.20743735671076377,0.3127279266619826,0.20920970825394858,0.0,0.0007904245709123758,0.05962059620596206,0.16757000903342367,27
39,8880,35.071846846846846,9.791175637479508,1,44,7.206418918918919,9.576401772067562,0,41,32.648085585585584,2.4237612612612613,0.7970874283374284,0.22252671903362511,0.16378224815724818,0.2176454948197181,0.0,0.004391891891891892,0.19864864864864865,0.44391891891891894,44
390,8755,15.93455168475157,6.432630949433949,0,24,6.765733866362079,6.497627202275984,0,25,13.8956025128498,2.0389491719017703,0.6373820673900628,0.25730523797735827,0.2706293546544832,0.25990508809103746,0.007652769845802399,0.031182181610508283,0.08635065676756139,0.38058252427184464,25
391,8872,11.971934174932372,6.430327861224195,0,27,12.800834084761046,6.465616889490885,0,27,6.283363390441839,5.688570784490532,0.4434049694419397,0.23816029115645143,0.47410496610226094,0.2394672922033664,0.03279981965734896,0.09377817853922453,0.021866546438232642,0.0633453561767358,27
392,8846,9.635654533122315,4.75724688399026,0,19,6.966651593940764,5.0612881660109235,0,19,7.464842866832466,2.1708116662898487,0.5071397122695955,0.2503814149468553,0.3666658733653034,0.2663835876847856,0.014243725977843093,0.07178385711055844,0.13407189690255483,0.2893963373276057,19
393,8882,21.74003602792164,7.344351906010411,0,32,8.294978608421527,7.407935531864936,0,30,19.10639495609097,2.633641071830669,0.6793761258725513,0.22951099706282535,0.2592180815131727,0.23149798537077926,0.006755235307363206,0.02217968925917586,0.02060346768745778,0.2715604593560009,32
394,8844,6.341587516960652,5.950672350762503,0,26,16.039914066033468,5.984269309939822,0,26,2.8640886476707372,3.477498869289914,0.23487361173928337,0.22039527225046285,0.5940708913345729,0.22163960407184594,0.09305744007236545,0.35911352329262775,0.009158751696065129,0.027137042062415198,27
395,8749,8.253171791061837,7.10039882831412,0,30,22.37672876900217,7.0923452071204744,0,33,4.8684421076694475,3.3847296833923877,0.2500961148806617,0.21516360085800396,0.6780826899697628,0.21491955173092367,0.0960109726825923,0.26700194307920905,0.0008000914390216024,0.0026288718710709797,33
396,8753,15.952816177310636,7.083704884805811,2,30,13.836970181652005,7.850991422864634,0,29,12.26790814577859,3.684908031532046,0.49852550554095737,0.2213657776501816,0.43240531817662514,0.2453434819645198,0.0,0.001713698160630641,0.05289614989146579,0.1224722952130698,32
397,8862,14.2204919882645,7.58378069801183,0,27,10.389641164522681,7.635098311262935,0,25,10.98160686075378,3.23888512751072,0.5266848884542408,0.2808807665930308,0.3848015246119511,0.28278141893566416,0.024260889189799142,0.10787632588580456,0.11735499887158655,0.20491988264500113,27
398,8841,21.591335821739623,7.492458473244734,0,33,11.063793688496776,7.370787548862231,0,34,17.646759416355614,3.9445764053840064,0.5997593283816562,0.20812384647902088,0.3073276024582438,0.2047440985795062,0.0009048750141386721,0.004863703200995362,0.002940843795950684,0.06854428232100442,36
399,8858,14.075186272296229,7.9294900360888505,0,26,10.464551817566042,7.872153408400527,0,27,5.370060961842403,8.705125310453827,0.5213031952702307,0.2936848161514378,0.38757599324318676,0.2915612373481672,0.04165725897493791,0.12045608489501015,0.04888236622262362,0.1744186046511628,27
4,8868,8.390505187189897,4.704804401045703,0,21,10.241091565178168,4.905726179073307,0,21,6.200834460983311,2.1896707262065855,0.3995478660566617,0.22403830481169998,0.48767102691324615,0.23360600852730037,0.02447000451059991,0.12189896256202075,0.011163734776725304,0.06010374379792512,21
40,8885,10.997298818232977,3.3044512972528373,0,18,4.267416994935284,3.215027909631055,0,16,9.233764772087788,1.7635340461451885,0.6109610454573876,0.18358062762515798,0.2370787219408491,0.17861266164616965,0.0004501969611705121,0.009454136184580754,0.0727068092290377,0.37456387169386607,18
400,8743,17.650005718860804,14.56222700842647,0,43,23.79183346677342,15.05510026635217,0,44,6.422280681688208,11.227725037172595,0.40113649361047277,0.3309597047369651,0.5407234878812142,0.34216136968982125,0.07274390941324488,0.18883678371268442,0.006748255747455107,0.15944183918563423,44
401,8881,14.5534286679428,5.420461921585908,0,24,7.763765341740795,5.635996555353484,0,24,12.77806553316068,1.775363134782119,0.6063928611642833,0.22585258006607897,0.3234902225725331,0.23483318980639498,0.0009007994595203243,0.010359193784483729,0.027924783245130053,0.23432045940772436,24
402,8875,17.143436619718308,9.40058599432155,0,31,12.664338028169015,9.828969379153378,0,30,15.499830985915493,1.6436056338028169,0.5530140845070423,0.303244709494244,0.4085270331667424,0.31706352835978646,0.00022535211267605634,0.05656338028169014,0.028056338028169012,0.1944788732394366,31
403,8873,6.704722190916263,5.413663417114207,0,21,12.848303843119576,5.589704331986664,0,21,1.6063338217063,5.098388369209963,0.3047600995871028,0.2460756098688281,0.5840138110508898,0.2540774696357575,0.09388031105601262,0.2621435816522033,0.017356023892708215,0.06412712723994139,22
404,8868,9.65787099684258,7.182456577391843,0,31,20.942940911141182,7.13465143979482,0,32,3.167343256653135,6.490527740189445,0.30180846865133065,0.2244517680434951,0.6544669034731619,0.22295785749358812,0.022440234551195308,0.12122237257555254,0.0027063599458728013,0.012855209742895805,32
405,8760,6.589383561643835,5.885228864608,0,25,16.799771689497717,6.065675491963567,0,26,1.8029680365296803,4.786415525114156,0.25343782929399367,0.2263549563310773,0.6461450649806815,0.2332952112293676,0.08595890410958903,0.3115296803652968,0.005251141552511416,0.03584474885844749,26
406,8884,9.182462854570014,7.613017490856053,0,32,21.467357046375508,7.801412925075896,0,33,5.292548401620891,3.889914452949122,0.27825645013848527,0.2306974997229113,0.650525971102288,0.2364064522750267,0.09894191805493022,0.23930661864025213,0.005402971634398919,0.01620891490319676,33
408,8862,14.951026856240127,9.824246907238848,0,39,22.741593319792372,10.051533217404009,0,39,10.903182125930941,4.047844730309185,0.3833596629805161,0.25190376685227833,0.5831177774305736,0.257731620959077,0.010832769126607989,0.06714060031595577,0.016587677725118485,0.054615211013315276,39
409,8877,12.364988171679622,7.200466272924043,0,27,12.709473921369833,7.454803983901729,0,27,8.875633660020277,3.4893545116593443,0.457962524877023,0.2666839360342241,0.47072125634703077,0.2761038512556199,0.01622169651909429,0.08133378393601443,0.01678494987045173,0.09980849386053847,27
41,8872,19.040577096483318,4.118980541834254,0,25,3.609445446348061,3.7996215818733226,0,22,16.575743913435527,2.4648331830477908,0.7616230838593328,0.1647592216733707,0.14437781785392245,0.15198486327493252,0.000563570784490532,0.003381424706943192,0.13593327321911633,0.5394499549143372,25
410,8872,20.17380522993688,12.2689673915108,0,37,15.959084761045988,12.870539570525544,0,37,18.43259693417493,1.7412082957619477,0.5308896113141285,0.3228675629344948,0.4199759147643681,0.338698409750671,0.023557258791704238,0.08137962128043283,0.07315148782687106,0.20288548241659152,38
411,8885,12.945075970737198,6.207350629036589,0,24,10.435790658413056,6.262858169801201,0,24,7.914462577377603,5.0306133933595945,0.5393781654473833,0.2586396095431903,0.43482461076721063,0.2609524237417169,0.01654473832301632,0.056837366347777155,0.028137310073157007,0.12222847495779403,24
412,8858,8.290923459020094,7.018462163297834,0,24,15.427184466019417,7.216263902808748,0,26,4.871528561752089,3.419394897268006,0.3070712392229665,0.25994304308510424,0.5713772024451635,0.2672690334373613,0.10736057800857982,0.28460149017836983,0.009934522465567848,0.07055768796568074,27
413,8858,7.0371415669451345,5.845154636333066,0,25,23.11684353127117,5.963950895124397,5,31,5.488484985324001,1.5486565816211335,0.2270045666756495,0.18855337536558286,0.7457046300410054,0.19238551274594787,0.09742605554301197,0.28866561300519306,0.0,0.0,31
414,8865,8.071065989847716,5.252741552814822,0,28,22.420530174844895,5.525338166833961,0,33,5.609024252679075,2.462041737168641,0.24457775726811257,0.15917398644893369,0.6794100052983302,0.1674344899040597,0.02098138747884941,0.13446136491821772,0.0023688663282571912,0.005978567399887197,33
415,8869,12.857481113992558,6.0615533092958165,0,23,8.415492163716316,6.1967616291412355,1,23,10.131694666817003,2.7257864471755555,0.5142992445597023,0.2424621323718337,0.3366196865486526,0.24787046516564915,0.009583944074867515,0.05840568271507498,0.0,0.22302401623632878,25
416,8880,10.240427927927929,7.240185238037656,0,26,14.541779279279279,7.434062743291873,0,26,6.695382882882883,3.545045045045045,0.37927510844177514,0.26815500881620996,0.5385844177510845,0.27533565715895836,0.038175675675675674,0.15957207207207208,0.023423423423423424,0.09099099099099099,27
417,8756,8.588853357697579,7.450379329379933,0,26,21.27809502055733,7.5741289096973325,2,32,2.0808588396528096,6.507994518044769,0.26840166742804933,0.2328243540431229,0.6649404693924166,0.23669152842804164,0.11888990406578347,0.2858611238008223,0.0,0.005139333028780265,32
418,8518,10.405846442826954,6.14019596101998,0,25,14.013383423338812,6.270847342510073,0,27,8.429443531345386,1.9764029114815684,0.38540172010470203,0.2274146652229629,0.5190142008644004,0.23225360527815092,0.02711904202864522,0.09720591688189716,0.008452688424512796,0.04461141112937309,27
419,8492,18.636716910032973,8.26420306921772,0,33,13.14284032030146,8.438445640079202,0,33,16.37081959491286,2.265897315120113,0.5647489972737264,0.2504303960369011,0.39826788849398365,0.25571047394179447,0.003297220913801225,0.02555346208195949,0.013659915214319359,0.10680640602920395,33
42,8680,14.354723502304147,7.114690983021889,0,31,11.14205069124424,7.273197045602842,0,29,10.67741935483871,3.677304147465438,0.4485851094470046,0.22233409321943404,0.3481890841013825,0.22728740767508882,0.014746543778801843,0.05172811059907834,0.02891705069124424,0.12373271889400922,32
420,8816,7.680240471869329,6.724727676602938,0,26,17.661184210526315,6.802496599153185,0,27,2.153697822141561,5.526542649727768,0.28445335080997514,0.24906398802233176,0.6541179337231968,0.25194431848715493,0.08246370235934664,0.3026315789473684,0.0057849364791288565,0.028811252268602542,27
421,8871,8.43072934280239,6.6386961609305075,0,24,13.440762033592605,6.667228071098726,0,25,2.5041145304926165,5.926614812309773,0.3372291737120956,0.2655478464372207,0.5376304813437042,0.2666891228439483,0.06876338631495886,0.2601735993687296,0.01375267726299177,0.07473791004396348,25
422,8764,11.525901414879051,12.51702535803249,0,43,29.4092879963487,12.463942672190448,0,43,1.4677088087631218,10.058192606115929,0.26195230488361476,0.2844778490461927,0.668392909007925,0.2832714243679652,0.1900958466453674,0.37745321770880874,0.002510269283432223,0.061273391145595615,44
423,8744,9.733874656907593,6.361590233704913,0,28,19.905992680695334,6.536436784009653,0,31,2.5911482159194876,7.142726440988106,0.3041835830283623,0.19879969480327853,0.6220622712717292,0.20426364950030165,0.0229871912168344,0.137580054894785,0.0013723696248856359,0.005946935041171089,32
424,8797,18.169716948959874,4.37578827557408,1,26,4.729453222689553,4.671448436950863,0,23,15.099579402068887,3.0701375468909857,0.6729524795911064,0.1620662324286698,0.17516493417368714,0.17301660877595734,0.0,0.0021598272138228943,0.09821530067068318,0.469023530749119,27
425,8883,14.498255093999775,5.874817382588265,0,24,7.799054373522458,6.038701946222346,0,23,12.62568951930654,1.8725655746932344,0.6040939622499907,0.24478405760784425,0.3249605988967691,0.2516125810925974,0.0021389170325340537,0.020826297422042103,0.092086006979624,0.25757064054936396,24
426,8877,8.994367466486425,6.362559819743599,0,32,21.014193984454206,7.24236176367548,0,33,6.025909654162442,2.9684578123239835,0.27255658989352805,0.1928048430225331,0.636793757104673,0.2194655079901656,0.03751267320040554,0.156471781007097,0.000901205362171905,0.0070969922271037515,33
427,8867,12.164768241795421,6.972815261642232,0,24,9.062253298748168,6.975155195722091,0,25,9.026728318484267,3.138039923311154,0.4678757016075162,0.268185202370855,0.34854820379800644,0.26827519983546533,0.031352204804330666,0.12191271004849442,0.08413217548212473,0.24495319724822376,26
428,8863,19.067358682161796,8.397985183471874,1,33,12.194290872165181,8.536191032113399,0,31,13.517657677987138,5.549701004174659,0.5777987479442969,0.254484399499148,0.3695239658231873,0.2586724555185882,0.0,0.005302944826808078,0.0720974839219226,0.19519350107187183,33
429,8859,5.613161756405915,6.575020853614747,0,25,18.89648944576137,6.895914222712512,0,26,0.04831245061519359,5.564849305790721,0.20047006272878268,0.23482217334338434,0.6748746230629061,0.24628265081116085,0.11942657184783835,0.4437295405802009,0.018512247431990068,0.06648605937464726,28
43,8865,12.679075014100395,6.528056364832275,0,26,11.02459108855048,6.638287362645485,0,27,8.199435984207557,4.479639029892837,0.46959537089260717,0.2417798653641595,0.40831818846483253,0.24586249491279505,0.01883812746756909,0.07569091934574168,0.007332205301748449,0.09610829103214891,27
430,8868,6.711321605773568,8.00712285329867,0,27,19.019846639603067,8.133198863995528,0,28,0.14422643211547137,6.567095173658097,0.239690057349056,0.2859686733320955,0.679280237128681,0.29047138799984046,0.2215832205683356,0.4972936400541272,0.012967974740640506,0.06980153360396933,28
431,8871,5.975876451358359,6.416815191324725,0,20,13.510427234810056,6.345010960611461,0,20,1.1910720324653365,4.784804418893022,0.2987938225679179,0.3208407595662356,0.6755213617405028,0.31725054803057284,0.32082065156126705,0.43422387554954345,0.03426896629466802,0.09694510201781084,20
432,7893,5.850373748891423,7.163345512415147,0,26,19.75041175725326,7.496259509568291,0,28,0.5480805777271,5.302293171164322,0.20894191960326508,0.25583376830054116,0.7053718484733308,0.267723553913154,0.2729000380083618,0.5028506271379704,0.03205371848473331,0.058532877232991255,28
433,8869,12.968316608411321,16.507335259957497,0,53,38.20859172398241,16.351276488949363,1,54,1.1599954899086706,11.808321118502649,0.24015401126687633,0.3056913937029174,0.7075665134070817,0.30280141646202574,0.24095162927049274,0.454391701431954,0.0,0.04870898635697373,54
434,8418,8.974697077690664,7.590643572456223,0,27,15.838085055832739,7.69707076826495,0,27,1.2234497505345687,7.751247327156094,0.3323961880626171,0.2811349471280094,0.5865957428086199,0.28507669512092454,0.09099548586362556,0.2611071513423616,0.046091708244238534,0.09562841530054644,27
435,8871,6.966632848607823,7.820852963305209,0,26,17.883553150715816,7.81201565194207,0,28,0.23988276406267614,6.726750084545147,0.248808316021708,0.279316177260901,0.6386983268112791,0.2790005589979317,0.21643557659790327,0.46691466576485174,0.02874535001690903,0.06831247886371322,28
436,8859,9.130714527599052,6.471036191372081,0,26,14.833502652669601,6.5054765855705075,0,26,2.9308048312450614,6.19990969635399,0.3381746121332982,0.23966800708785568,0.5493889871359111,0.24094357724335197,0.02901004628061858,0.13184332317417316,0.027655491590472966,0.07427474884298453,27
437,8861,15.850806906669677,7.949209301867719,0,36,18.809163751269608,8.05538318040971,0,36,4.689651280893805,11.161155625775871,0.4403001918519355,0.22081136949632585,0.5224767708686002,0.22376064390026978,0.004062746868299289,0.030470601512244667,0.03509761877891886,0.06658390700823835,36
438,8844,7.504296698326549,6.22740708271244,0,24,15.087177747625509,6.291226449986139,0,26,2.8530076888285842,4.651289009497964,0.2779369147528351,0.23064470676712734,0.558784361023167,0.2330083870365237,0.08955223880597014,0.2939846223428313,0.014925373134328358,0.04488919041157847,27
439,8878,8.675152061275062,5.565033685988074,0,18,8.123338589772471,5.629985622956853,0,18,4.387136742509575,4.2880153187654875,0.48195289229305893,0.309168538110449,0.45129658832069286,0.3127769790531587,0.062063527821581435,0.19813020950664564,0.10047307952241495,0.22910565442667266,18
44,8677,6.251699896277516,5.124524597889228,0,20,11.914371326495333,5.020719838487987,0,21,3.244785063962199,3.0069148323153163,0.29769999506083406,0.24402498085186866,0.5673510155473968,0.23908189707085548,0.07352771695286389,0.26057393108217125,0.024547654719373056,0.06799585110061081,21
440,8870,13.5847801578354,6.832547191928165,0,26,11.534160090191657,6.8367160687132715,0,27,6.3614430665163475,7.223337091319053,0.5031400058457555,0.25305730340474625,0.42719111445154284,0.2532117062486403,0.009582863585118376,0.051747463359639236,0.018827508455467868,0.10056369785794814,27
441,8876,6.911446597566472,4.768374654739785,0,18,8.434429923388914,4.74516611817338,0,17,1.5669220369535828,5.344524560612888,0.38396925542035953,0.2649097030410995,0.468579440188273,0.2636203398985205,0.08618747183415953,0.2395223073456512,0.03954484001802614,0.12978819287967552,18
442,8741,7.6502688479579,5.5853874391426634,0,18,9.29584715707585,5.550361680875911,0,18,3.9410822560347785,3.709186591923121,0.4250149359976611,0.3102993021745926,0.5164359531708805,0.3083534267153287,0.042100446173206726,0.22240018304541814,0.08442969911909393,0.18750715021164627,18
443,8882,7.079374014861518,6.849312192091392,0,30,21.4469714028372,6.767218015729743,0,32,3.679801846430984,3.3995721684305336,0.22123043796442243,0.214041006002856,0.6702178563386625,0.21147556299155446,0.09761315019139834,0.32897995946858816,0.0023643323575771222,0.012046836298131051,32
444,8857,10.57536411877611,7.045005858665802,0,26,14.212035677994807,7.06192602048985,0,27,0.8006096872530202,9.774754431523089,0.3916801525472633,0.2609261429135482,0.5263716917775854,0.26155281557369753,0.0345489443378119,0.15806706559783223,0.007225922998758044,0.061420345489443376,27
445,8874,10.424047780031552,6.37999264263765,0,24,11.54011719630381,6.479994774321192,0,24,4.954135677259409,5.469912102772144,0.4343353241679814,0.26583302677656845,0.4808382165126587,0.26999978226338334,0.022425061978814515,0.11471715122830742,0.048118097813838176,0.12316880775298625,24
446,8867,10.407127551595805,2.6343928882712784,0,15,2.604262997631668,2.5272786253243598,0,14,8.748618472989737,1.6585090786060674,0.6938085034397203,0.17562619255141895,0.17361753317544454,0.16848524168829043,0.002593887447840307,0.013533325814818992,0.19442878087289953,0.6004285553174693,15
447,8790,8.306143344709898,5.368618950386631,0,25,16.525028441410694,5.5547010750032095,0,27,5.449715585893061,2.8564277588168374,0.30763493869295916,0.1988377389032088,0.6120380904226183,0.20572966944456308,0.017974971558589306,0.13583617747440274,0.002161547212741752,0.011945392491467578,27
448,8884,18.566974335884737,6.799430731796593,0,27,6.766996848266547,6.8254122793798375,0,27,14.765646105357947,3.80132823052679,0.6876657161438791,0.2518307678443178,0.250629512898761,0.2527930473844384,0.0027014858171994596,0.012832057631697433,0.14531742458352093,0.3639126519585772,27
449,8879,14.124676202275031,6.026869544313776,0,26,8.792994706611104,6.211518381781016,0,25,10.603558959342267,3.5211172429327626,0.523136155639816,0.22321739053013867,0.32566647061522613,0.2300562363622598,0.0027030070953936256,0.019596801441603785,0.05901565491609415,0.22525059128280212,27
45,8869,10.513812154696133,5.853357197701182,0,25,13.196865486526102,6.157790911580993,0,27,7.964032021648438,2.5497801330476944,0.3894004501739308,0.21679100732226572,0.48877279579726307,0.2280663300585547,0.013643026271281994,0.06336678317735935,0.01646183335212538,0.05175329800428459,27
450,8832,14.938971920289855,7.038130821201824,0,27,10.721127717391305,7.377813342800299,0,27,9.483129528985508,5.455842391304348,0.5532952563070317,0.26067151189636417,0.3970788043478261,0.27325234602964127,0.003736413043478261,0.018342391304347828,0.059895833333333336,0.2206748188405797,27
451,8886,15.827368894890839,5.889979700828273,0,24,7.511928876884988,5.859739647647843,0,23,8.75557056043214,7.071798334458699,0.6594737039537849,0.24541582086784555,0.31299703653687444,0.24415581865199376,0.0014629754670267836,0.006076975016880486,0.12525320729237002,0.27582714382174206,24
452,8717,21.014225077434897,10.331418573439228,0,54,31.586555007456695,10.056597204999655,0,53,7.3867156131696685,13.627509464265229,0.3891523162487944,0.19132256617480065,0.5849362038417906,0.18623328157406718,0.0032121142594929448,0.018469656992084433,0.0008030285648732362,0.002638522427440633,54
454,8881,4.188830086701948,4.483934434375622,0,22,21.197275081634952,4.6495225713562665,4,27,0.29309762414142554,3.8957324625605225,0.1551418550630351,0.1660716457176153,0.785084262282776,0.17220453967986155,0.22801486319108208,0.5038846976691814,0.0,0.0,27
455,8865,9.110998307952622,6.4090130865674055,0,22,9.799548787366046,6.586011031924383,0,22,2.108855047941342,7.00214326001128,0.4141362867251192,0.2913187766621551,0.44543403578936575,0.2993641378147448,0.07072758037225042,0.22673434856175972,0.0820078962210942,0.19469825155104342,22
456,8857,8.573106017838997,5.955713116647409,0,21,9.365360731624703,6.085803343379469,0,21,2.944337811900192,5.628768205938806,0.4082431437066189,0.2836053865070193,0.4459695586487954,0.28980015920854735,0.08456588009484024,0.22490685333634414,0.04087162696172519,0.20853562154228295,21
457,8873,8.97745970923025,4.582249684006116,0,18,8.350614222923475,4.608283392840445,0,18,3.7677223036177168,5.2097374056125325,0.4987477616239027,0.25456942688922884,0.4639230123846375,0.256015744046692,0.010368533754085427,0.07325594500169053,0.04057252338555167,0.1406514144032458,18
458,8871,8.557659790328035,6.720295674976179,0,24,14.706684702964717,6.838454779054719,0,24,2.2994025476270994,6.258257242700935,0.3565691579303348,0.2800123197906734,0.6127785292901965,0.28493561579394633,0.01927629354075076,0.14699582910607598,0.04317438845676925,0.11306504339984218,24
459,8863,11.634096806950243,7.105552133998518,0,35,25.597427507615933,7.596914806231603,1,37,4.566173981721764,7.067922825228478,0.2983101745371857,0.18219364446150027,0.6563442950670751,0.1947926873392725,0.002369400880063184,0.028884125014103576,0.0,0.02042197901387792,39
46,8732,12.933119560238204,8.861014296899189,0,53,39.08153916628493,9.60208158120941,0,53,9.704191479615208,3.228928080622996,0.2395022140784853,0.16409285734998516,0.7237322067830543,0.17781632557795155,0.012368300503893724,0.02588181401740724,0.0011452130096197893,0.001717819514429684,54
460,8873,2.67418009692325,2.323602158407314,0,11,11.582666516398062,2.5483515002056283,2,15,0.34734588076186185,2.3268342161613886,0.17827867312821669,0.15490681056048758,0.7721777677598708,0.16989010001370902,0.18359066831962131,0.5422066944663586,0.0,0.004282655246252677,15
461,8868,5.202638700947226,4.496566591827572,0,20,21.912945421741092,4.7495145130157805,6,28,0.8240866035182679,4.378552097428958,0.1858085250338295,0.16059166399384237,0.7826051936336104,0.16962551832199224,0.11039693279206135,0.33784393324312134,0.0,0.0,28
462,8871,4.464321947920189,4.083188757333868,0,18,23.367940480216436,4.085598242091427,10,28,0.8647277646263104,3.599594183293879,0.1594400695685782,0.14582816990478087,0.8345693028648726,0.14591422293183687,0.15364671401194904,0.41291849847818735,0.0,0.0,28
463,8830,2.6919592298980746,3.1347602881650687,0,23,18.489014722536805,6.134838880907797,0,24,0.09365798414496036,2.5983012457531145,0.11216496791241978,0.13061501200687786,0.7703756134390336,0.2556182867044917,0.2883352208380521,0.5960362400906002,0.03737259343148358,0.052095130237825596,24
464,8868,5.188204781235904,4.400970886200947,0,21,17.00890843482183,4.8629844795381985,1,24,1.3389715832205684,3.849233198015336,0.2161751992181627,0.18337378692503983,0.7087045181175763,0.202624353314091,0.12810103743797926,0.34212900315741995,0.0,0.004172304916553901,24
465,8873,4.96201961005297,5.5679485868901475,0,24,19.88504451707427,5.737875300402045,1,27,3.206694466358616,1.7553251436943536,0.1837785040760359,0.2062203180329685,0.73648313026201,0.21251390001489098,0.27172320522934745,0.4973515158345543,0.0,0.0037191479770089034,27
466,8871,5.056250704542893,4.293895025132583,0,24,24.747379100439634,4.354174564743313,6,30,1.2181264795400744,3.8381242250028182,0.16854169015142975,0.14312983417108607,0.8249126366813212,0.14513915215811068,0.09243602750535453,0.3467478300078909,0.0,0.0,30
467,8752,2.1257998171846437,2.3059965749219034,0,10,17.678587751371115,2.511335684171453,8,20,0.11517367458866545,2.010626142595978,0.10628999085923217,0.11529982874609532,0.8839293875685558,0.1255667842085736,0.31124314442413165,0.6633912248628885,0.0,0.0,20
468,8870,1.8337091319052987,2.2006088029383517,0,11,16.103720405862457,2.2011942664694386,7,18,0.4701240135287486,1.3635851183765502,0.10187272955029437,0.12225604460768645,0.8946511336590255,0.12228857035941322,0.3576099210822999,0.720293122886133,0.0,0.0,18
469,8873,3.8422179646117436,3.1113811475697912,0,11,7.221796461174349,3.0362163331649112,0,12,0.19170517299673165,3.6505127916150117,0.32018483038431195,0.2592817622974821,0.6018163717645292,0.25301802776374266,0.13276231263383298,0.4378451482024118,0.010143130846387918,0.09027386453285248,12
47,8858,18.225671709189434,11.554974276715038,0,47,26.391849175886204,11.623816869167271,0,46,11.913185820727026,6.312485888462406,0.38778024913169007,0.24585051652585116,0.5615287058699193,0.24731525253547335,0.0009031384059607134,0.046511627906976744,0.017949875818469182,0.03973808986227139,47
470,8725,2.0003438395415474,2.824554169242305,0,15,21.721489971346706,2.9012720855899,9,24,0.439541547277937,1.5608022922636102,0.08334765998089781,0.11768975705176285,0.9050620821394461,0.12088633689957912,0.3799426934097421,0.7303151862464183,0.0,0.0,24
471,8834,3.0593162780167535,2.8278050111058577,0,15,19.81673081276885,3.032939045831796,5,24,0.48415213946117275,2.575164138555581,0.1274715115840314,0.11782520879607747,0.825697117198702,0.1263724602429916,0.18508037129273264,0.5086031242925062,0.0,0.0,24
472,8873,2.558886509635974,2.8496966799247043,0,20,20.67767384199256,2.9447142660481647,3,24,0.32807393215372477,2.2308125774822494,0.10662027123483225,0.11873736166352904,0.8615697434163567,0.12269642775200701,0.25380367406739546,0.5996844359292235,0.0,0.0,24
473,8875,2.6745915492957746,2.594749913243912,0,13,18.212845070422535,2.5951128559183725,8,21,0.45261971830985914,2.2219718309859156,0.12736150234741783,0.12355951967828137,0.8672783366867873,0.1235768026627803,0.23684507042253522,0.5657464788732395,0.0,0.0,21
474,8873,2.5005071565423194,2.9009467943464453,0,16,21.19981967767384,2.939323263595379,8,24,0.6598670122844584,1.8406401442578608,0.10418779818926331,0.12087278309776825,0.8833258199030768,0.12247180264980813,0.28073932153724784,0.6331567677223037,0.0,0.0,24
475,8882,5.015199279441568,4.6433060872161285,0,19,13.2011934249043,4.818043388705674,0,19,0.9254672371087593,4.089732042332808,0.26395785681271405,0.24438453090611226,0.6947996539423316,0.2535812309845098,0.11168655708173834,0.4004728664715154,0.016662913758162576,0.04908804323350597,19
476,8880,5.09009009009009,5.002780260103876,0,18,11.94650900900901,5.122286466844217,0,18,0.0759009009009009,5.014189189189189,0.2827827827827828,0.2779322366724379,0.663694944944945,0.284571470380234,0.21542792792792792,0.4363738738738739,0.030292792792792792,0.08400900900900901,18
477,8876,4.16809373591708,3.7765951450600865,0,18,19.408179360072104,3.9849317053325297,6,25,1.0545290671473637,3.1135646687697163,0.1603112975352723,0.14525365942538795,0.7464684369258501,0.1532666040512508,0.14015322217214962,0.4366831906264083,0.0,0.0,26
478,8871,7.389696764739037,6.391985348462585,0,29,21.55506707248337,6.513924463833526,0,30,3.152519445383835,4.237177319355203,0.24632322549130123,0.2130661782820856,0.7185022357494457,0.21713081546111745,0.09739600946905648,0.25983541878029537,0.012061774320820652,0.01927629354075076,30
479,8874,3.848208248816768,3.30974566647931,0,15,12.223574487266172,3.824188059579492,1,18,0.5591615956727518,3.289046653144016,0.21378934715648712,0.1838747592488503,0.6790874715147873,0.21245489219885993,0.11674554879423034,0.4411764705882353,0.0,0.01532567049808429,18
48,8867,7.681402954776137,4.91907169467813,0,21,9.082440509755273,5.163454322881245,0,21,4.854742302920942,2.8266606518551933,0.3657810930845779,0.23424150927038676,0.4324971671312034,0.2458787772800589,0.04150219916544491,0.17954212247659862,0.04003608886883952,0.13476936957257246,21
480,8820,5.351020408163265,5.1790619745687865,0,24,21.39455782312925,5.204938677803955,2,28,2.2472789115646257,3.1037414965986394,0.1911078717201166,0.18496649909174312,0.7640913508260447,0.18589066706442633,0.1510204081632653,0.4103174603174603,0.0,0.0010204081632653062,28
481,8873,6.524399864758255,5.342538253890485,0,20,19.655020849768963,5.381364778794997,5,27,4.142567339118675,2.381832525639581,0.2416444394354909,0.19787178718112894,0.7279637351766282,0.1993098066220366,0.09906457793305534,0.31871971148427813,0.0,0.0,27
482,8878,8.256026132011714,6.585347106117295,0,22,13.747015093489525,6.454089088087095,0,23,4.921266050912368,3.3347600810993465,0.3589576579135528,0.2863194393964037,0.597696308412588,0.2806125690472652,0.1306600585717504,0.2930840279342194,0.0009011038522189682,0.03942329353457986,23
483,8871,6.855822342464209,4.453120421171871,0,22,24.12174501183632,4.706929758881196,8,32,5.177206628339533,1.6786157141246758,0.21424444820200653,0.13916001316162097,0.753804531619885,0.14709155496503737,0.06312704317438846,0.21902829444256566,0.0,0.0,32
484,8777,2.0366867950324714,2.2698578490663324,0,17,24.494360259769852,2.3674518019883157,10,27,0.18844707758915347,1.8482397174433178,0.07543284426046189,0.08406880922467895,0.9071985281396242,0.08768340007364162,0.29098780904637117,0.6547795374273669,0.0,0.0,27
485,8771,2.7346938775510203,3.2126040378303418,0,19,22.09303386158933,3.0669103222335847,6,27,0.42993957359480106,2.3047543039562193,0.10128495842781557,0.11898533473445724,0.8182605133921973,0.11358927119383677,0.1908562307604606,0.6527191882339528,0.0,0.0,27
486,8872,6.311203787195672,4.164709489746167,0,22,20.855613165013526,4.093072862621497,6,28,4.502141568981064,1.8090622182146077,0.22540013525698827,0.14873962463379206,0.7448433273219116,0.14618117366505398,0.07326420198376916,0.17166366095581606,0.0,0.0,28
487,8873,3.4305195537022426,3.9041349277286668,0,17,22.922461399752056,3.9713618281900023,9,27,2.0925278936098275,1.337991660092415,0.1270562797667497,0.14459758991587668,0.8489800518426688,0.14708747511814807,0.19655133551222811,0.5744393102671025,0.0,0.0,27
488,8868,3.911592241768155,5.659053695116104,0,23,22.303901668921966,5.880256814971677,0,27,1.310103743797925,2.60148849797023,0.1448737867321539,0.20959458130059663,0.826070432182295,0.21778728944339487,0.3252142534957149,0.6659900766801985,0.0014659449706811007,0.003946774921064502,27
489,8323,3.6197284632944853,4.548854151445517,0,21,21.66057911810645,4.859874207650384,3,26,2.3493932476270576,1.2703352156674277,0.134064017159055,0.1684760796831677,0.8022436710409797,0.17999534102408807,0.20845848852577195,0.5603748648323922,0.0,0.0,27
49,8859,13.520036121458403,5.426838400663697,0,21,6.5020882718139745,5.224824718172417,0,20,11.112540918839597,2.4074952026188057,0.6438112438789716,0.25842087622208076,0.30962325103876065,0.24880117705583,0.0025962298227790947,0.046957895925047975,0.09459306919516876,0.2875042329834067,21
490,8861,8.731971560771921,8.6867769602283,0,30,39.068840988601735,8.571673696222321,19,50,4.0734680058684125,4.658503554903509,0.17463943121543843,0.17373553920456597,0.7813768197720348,0.17143347392444627,0.2371064213971335,0.41564157544295227,0.0,0.0,50
491,8872,1.5876916140667268,3.1075447173365722,0,18,24.901487826871055,3.341595560599668,5,27,0.6057258791704238,0.981965734896303,0.05880339311358247,0.11509424879024349,0.9222773269211502,0.12376279854072869,0.5027051397655545,0.8594454463480613,0.0,0.0,27
492,8877,3.9939168638053397,3.397034857252517,0,21,16.77672637152191,3.6952625430841146,0,23,1.7657992565055762,2.2281176072997635,0.16641320265855583,0.141543119052188,0.6990302654800796,0.15396927262850496,0.09293680297397769,0.41579362397206265,0.0015771093838008337,0.004055424129773572,24
493,8867,2.6933573925792262,4.1329861375931785,0,21,20.726626818540655,4.105634047020727,3,24,0.973384459230856,1.7199729333483704,0.11222322469080111,0.1722077557330495,0.8636094507725274,0.17106808529253031,0.348934250592083,0.7107251607082441,0.0,0.0,24
494,8847,6.684525827964282,7.241892342550443,0,23,14.137786820391094,7.343506653433303,0,23,4.087939414490788,2.596586413473494,0.27852190949851174,0.3017455142729347,0.589074450849629,0.3059794438930536,0.25850570814965523,0.45382615575901436,0.0504125692325082,0.11585848310161637,24
495,8876,6.869986480396575,4.8865202849872444,0,20,11.46822893195133,4.885321971701553,0,20,3.5,3.369986480396575,0.3271422133522179,0.2326914421422501,0.54610613961673,0.23263437960483604,0.05227579990986931,0.23862100045065346,0.015885534024335287,0.051261829652996846,21
496,8836,2.80805794477139,2.567095480263922,0,17,13.336577636939792,2.7173803529808627,0,18,0.6109099139882299,2.19714803078316,0.1560032191539661,0.14261641557021723,0.7409209798299884,0.1509655751656032,0.17009959257582616,0.5397238569488456,0.0007922136713444998,0.002716161158895428,18
497,8873,2.0732559450016903,2.626175369898465,0,19,24.29043164656824,2.7592078334576313,8,27,0.2569593147751606,1.81629663022653,0.07678725722228483,0.09726575444068382,0.8996456165395644,0.10219288272065231,0.2952778090837372,0.7150907246703483,0.0,0.0,27
498,8658,5.898244398244398,6.463082831017124,0,24,19.062139062139064,6.4403552656911565,1,26,3.3646338646338645,2.5336105336105335,0.2268555537786307,0.24858010888527424,0.7331591946976562,0.24770597175735243,0.18526218526218527,0.4625779625779626,0.0,0.01155001155001155,26
499,8865,2.9822899041173154,3.1490539865585436,0,17,23.507163000564017,3.2713095327835764,10,27,0.045008460236886635,2.9372814438804284,0.11045518163397464,0.11663162913179756,0.8706356666875561,0.12115961232531748,0.23688663282571912,0.5774393683023125,0.0,0.0,27
5,8511,6.817765244977089,5.886832823574121,0,37,31.74127599577018,6.1817772624484535,1,39,5.5390670896486895,1.2786981553283985,0.174814493460951,0.1509444313736952,0.8138788716864149,0.15850710929355052,0.06415227352837505,0.29620491129127013,0.0,0.0022324051227822815,39
50,8560,8.435747663551401,4.742174437085358,0,17,7.6870327102803735,4.953676765612641,0,18,5.722429906542056,2.713317757009346,0.4686526479750779,0.2634541353936311,0.42705737279335415,0.2752042647562581,0.02838785046728972,0.1336448598130841,0.03785046728971963,0.21542056074766355,18
500,8869,5.538053895591386,5.2699607312110786,0,19,14.824331942721841,5.4986395697926085,1,23,0.3831322584282332,5.154921637163152,0.24078495198223418,0.2291287274439592,0.6445361714226887,0.23907128564315702,0.16416732438831885,0.4239485849588454,0.0,0.021986695230578418,23
501,8873,2.887862053420489,3.028594986959353,0,16,12.39817423644765,3.103421902482001,0,16,0.05973177053983996,2.8281302828806494,0.18049137833878057,0.18928718668495956,0.7748858897779781,0.19396386890512507,0.2194297306435253,0.5719598782824299,0.0027048348923701115,0.008114504677110335,16
502,8869,3.7675047919720375,3.9766259285341583,0,16,11.90855789829744,4.44196324718539,0,19,0.2975532754538279,3.4699515165182095,0.19828972589326513,0.20929610150179767,0.6267662051735495,0.23378753932554727,0.22516630961776976,0.5208027962566242,0.01668733791859285,0.05423384823542677,19
503,8874,3.2452107279693485,3.5189497067839857,0,19,22.812485913905793,4.599746372605305,0,29,0.012057696641875141,3.2331530313274737,0.10817369093231162,0.11729832355946611,0.760416197130193,0.15332487908684383,0.20678386297047555,0.5540906017579446,0.0012395762902862293,0.004732927653820149,30
504,8877,5.253013405429762,6.181695091265421,0,25,20.068716908865607,6.364545945903788,0,28,0.11952236115804889,5.133491044271714,0.1876076216224915,0.22077482468805099,0.7167398896023431,0.22730521235370713,0.24321279711614285,0.48969246367015884,0.00360482144868762,0.019037963275881493,28
505,8883,6.1637960148598445,6.4307465257151994,0,23,17.025329280648428,6.5597671471613985,0,26,0.16672295395699652,5.997073060902848,0.22828874129110535,0.2381757972487106,0.630567751135127,0.24295433878375514,0.18980074299223235,0.42733310818417203,0.004615557807047169,0.03771248452099516,27
506,8862,4.091175806815618,4.086033502445245,0,14,8.619837508463101,4.2342565080339565,0,15,0.07458812909049876,4.016587677725118,0.2727450537877078,0.27240223349634946,0.57465583389754,0.28228376720226417,0.2115775220040623,0.5107199277815392,0.05766192733017378,0.13744075829383887,15
507,8879,3.7452415812591506,4.800382677647647,0,21,18.736456808199122,4.8793198053538145,0,24,0.53215452190562,3.213087059353531,0.1560517325524646,0.20001594490198404,0.78068570034163,0.20330499188974255,0.2983444081540714,0.5653789841198333,0.00011262529564140106,0.013627660772609528,24
508,8860,6.497516930022574,6.313542059672595,0,25,16.878329571106097,6.449074949373441,0,27,0.3695259593679458,6.127990970654627,0.24064877518602124,0.23383489109898595,0.6251233174483738,0.23885462775457184,0.1530474040632054,0.390744920993228,0.004401805869074492,0.030135440180586906,27
51,8628,9.048562818729717,4.229021649023738,0,19,8.637459434399629,4.375341787120302,0,20,6.61381548446917,2.434747334260547,0.45242814093648587,0.21145108245118657,0.43187297171998146,0.21876708935601522,0.011358368103847936,0.06977283263792304,0.0035929531757070005,0.0808993973110802,20
510,8740,4.65537757437071,4.727812802758728,0,23,17.648855835240276,5.351724839228726,0,27,1.3308924485125857,3.3244851258581236,0.1724213916433596,0.17510417787995275,0.6536613272311212,0.19821203108254568,0.16258581235697941,0.45697940503432494,0.0005720823798627002,0.005949656750572082,27
511,8770,3.563169897377423,4.257445416328104,0,20,14.037172177879134,4.474734662388486,0,20,1.0734321550741164,2.4897377423033067,0.17815849486887117,0.2128722708164059,0.7018586088939567,0.22373673311942469,0.1888255416191562,0.5726339794754846,0.027594070695553023,0.05017103762827822,20
512,8766,2.7302076203513574,3.8340495857698045,0,26,22.070727812000914,4.670453654276413,0,27,0.3488478211270819,2.3813597992242754,0.10111880075375398,0.14200183650999265,0.8174343634074412,0.17297976497319972,0.2589550536162446,0.6562856490987908,0.0046771617613506735,0.014715947980835045,27
513,8867,2.2545393030337206,3.6902164380860047,0,24,23.673621292432614,3.9261376358806723,2,28,0.15067102740498478,2.1038682756287357,0.08051926082263287,0.1317934442173578,0.8454864747297363,0.14021920128145235,0.34058869967294464,0.7340701477388069,0.0,0.0004511108604939664,28
514,8857,8.909563057468668,6.549793296912177,0,24,13.643107146889466,6.572908298250696,0,24,3.4193293440216777,5.490233713446991,0.37123179406119455,0.2729080540380071,0.5684627977870611,0.27387117909377884,0.06277520605171051,0.2011967934966693,0.036694140228068196,0.08467878514169583,24
515,8860,9.728781038374718,6.50847356228669,0,23,13.142325056433409,6.658010477783528,0,24,4.7941309255079005,4.934650112866817,0.4053658765989466,0.27118639842861186,0.547596877351392,0.27741710324098096,0.03476297968397291,0.17483069977426638,0.02076749435665914,0.06986455981941309,24
516,8877,11.440013518080432,5.83281909875864,0,21,7.713304044159063,5.694424575622379,0,20,7.473583417821336,3.9664301002590965,0.5447625484800206,0.27775329041707963,0.367300192579003,0.27116307502963716,0.009913258983890954,0.05373436971949983,0.08020727723329954,0.24242424242424243,21
517,8880,8.245382882882883,4.692940049112185,0,19,9.445045045045045,4.515707989753072,0,19,1.709009009009009,6.536373873873874,0.4122691441441441,0.23464700245560968,0.4722522522522523,0.22578539948765264,0.007094594594594595,0.10731981981981982,0.03648648648648649,0.07522522522522522,20
518,8873,2.2445621548517978,2.61268365557842,0,14,23.166234644426915,2.662013700355067,12,27,0.7141891130395582,1.5303730418122394,0.08313193166117767,0.09676606131771967,0.8580086905343302,0.09859310001315057,0.290318945114392,0.666516398061535,0.0,0.0,27
519,8814,5.079419105967778,4.91505520691611,0,23,17.963467211254823,4.963205550035046,0,24,1.1149307919219424,3.9644883140458362,0.21164246274865745,0.20479396695483765,0.7484778004689508,0.2068002312514605,0.16643975493533017,0.41059677785341503,0.009189925119128658,0.012933968686181076,24
52,8868,12.25022552999549,6.604212693543476,0,32,13.87065854758683,7.735452266087643,0,31,8.567095173658096,3.6831303563373927,0.38281954781235905,0.20638164667323364,0.43345807961208843,0.24173288331523884,0.006653134866937303,0.06213351375732973,0.02695083446098331,0.09303112313937753,32
526,8828,5.393180788400544,5.570462463235666,0,23,21.462845491617582,5.83657202911163,2,28,1.3117353874037154,4.081445400996828,0.1926135995857337,0.1989450879727031,0.7665301961291994,0.20844900103970188,0.133212505663797,0.44777979157227005,0.0,0.0005663797009515179,28
527,8844,8.149592944369063,6.802999123551498,0,32,25.35979194934419,7.273179862661186,0,36,1.8968792401628223,6.252713704206242,0.22637758178802955,0.18897219787643033,0.7044386652595608,0.20203277396281075,0.1324061510628675,0.26786521935775665,0.0020352781546811396,0.003165988240615106,36
53,8884,9.918617739756867,4.654349555833973,0,19,7.504502476361999,4.6122999476688555,0,20,7.787032868077443,2.131584871679424,0.4723151304646127,0.22163569313495146,0.3573572607791428,0.21963333084137446,0.007203962179198559,0.06325979288608735,0.02769022962629446,0.16096352994146781,21
536,17,1.8235294117647058,0.39295262399668784,1,2,0.0,0.0,0,0,0.0,1.8235294117647058,0.9117647058823529,0.19647631199834392,0.0,0.0,0.0,1.0,1.0,1.0,2
537,8821,13.722026981067906,9.55579397175161,0,40,22.890942070060085,9.917774683833937,0,40,1.0222197029815214,12.699807278086384,0.3430506745266977,0.23889484929379018,0.5722735517515021,0.2479443670958482,0.06824623058610135,0.16131957827910667,0.0046479990930733475,0.026867702074594716,40
538,8833,3.061926865164723,4.124191922452152,0,22,19.79067134608853,4.362195954570706,0,24,0.22823502773689572,2.8336918374278275,0.12758028604853014,0.17184133010217253,0.8246113060870222,0.18175816477377932,0.3329559606022869,0.6185893807313484,0.0011321181931393638,0.007132344616777991,24
539,7977,7.478249968659897,4.99104609973745,0,15,6.0681960636830885,4.932479165676118,0,16,0.7814968033095149,6.6967531653503825,0.46739062304124357,0.31194038123359064,0.37926225398019303,0.3082799478547574,0.0942710292089758,0.26137645731478,0.09790648113325812,0.37733483765826753,16
54,8872,8.611812443642922,4.340343809234344,0,17,6.952772768259694,5.0186576903543,0,18,6.813007213706041,1.79880522993688,0.45325328650752217,0.22843914785443936,0.3659354088557733,0.2641398784397005,0.01127141568981064,0.08622633002705139,0.056807935076645624,0.2768259693417493,19
540,8870,8.018602029312289,4.770856327135255,0,19,9.087147688838783,4.739934470447764,0,20,4.152085682074408,3.8665163472378805,0.4009301014656144,0.23854281635676275,0.4543573844419391,0.23699672352238818,0.027395715896279593,0.15298759864712513,0.021984216459977453,0.12367531003382187,20
541,8826,6.680942669385905,4.657754623933018,0,21,18.87174257874462,5.3545650492601045,0,27,1.2532290958531611,5.427713573532744,0.2386050953352109,0.16634837942617947,0.6739908063837363,0.19123446604500485,0.008610922275096307,0.16338092000906412,0.00011330160888284614,0.012236573759347382,28
544,8540,7.676112412177986,5.294314000591997,0,23,11.246135831381734,5.466488336034855,0,24,0.8169789227166276,6.8591334894613585,0.3838056206088993,0.2647157000295988,0.5623067915690867,0.27332441680174263,0.050702576112412176,0.18548009367681498,0.02775175644028103,0.08548009367681499,20
547,8522,4.530743956817648,5.09854128499034,0,23,16.354494250176014,5.331187045926073,0,23,1.5951654541187514,2.9355785026988968,0.19698886768772383,0.22167570804305872,0.7110649673989572,0.2317907411272214,0.20288664632715325,0.47934757099272474,0.011264961276695611,0.02863177657826801,23
55,8863,14.79521606679454,6.467959302259412,0,26,8.93828274850502,6.407521750878004,0,27,12.469254202865846,2.3259618639286925,0.5479709654368348,0.23955404823182977,0.33104750920388964,0.23731562040288887,0.010380232426943473,0.04941893264131784,0.0450186167212005,0.1712738350445673,27
553,8868,2.448917456021651,3.0503437143069534,0,25,24.716057735678845,3.592422029643872,1,30,0.31134415877311683,2.137573297248534,0.07652867050067659,0.0953232410720923,0.7723768042399639,0.112263188426371,0.255638249887235,0.6558412268831755,0.0,0.0006765899864682003,32
554,8880,2.313626126126126,3.5222580150813,0,21,18.735585585585586,3.920989503169878,0,23,0.5764639639639639,1.7371621621621622,0.1005924402663533,0.15314165282962158,0.8145906776341558,0.17047780448564634,0.35495495495495494,0.7360360360360361,0.0005630630630630631,0.00259009009009009,23
558,8790,5.170193401592719,5.116054330178996,0,26,29.015927189988624,5.409710175392983,6,35,1.1496018202502845,4.020591581342434,0.14361648337757554,0.14211262028274918,0.8059979774996839,0.15026972709424888,0.17508532423208192,0.40671217292377704,0.0,0.0,36
561,8838,5.382439465942521,5.716505731089466,0,21,17.7326318171532,5.7477353239206845,1,24,2.2587689522516405,3.1236705136908802,0.22426831108093837,0.2381877387953946,0.7388596590480501,0.23948897183002815,0.19031455080334916,0.4536094138945463,0.0,0.003054989816700611,24
563,8862,5.775784247348229,5.027443961752908,0,22,14.541074249605055,5.198188690953628,0,23,3.2186865267433986,2.5570977206048298,0.24065767697284288,0.20947683173970505,0.605878093733544,0.21659119545640065,0.11216429699842022,0.33401038140374634,0.003610923042202663,0.023019634394041977,24
564,8813,15.504141608986725,7.788374156156467,0,28,11.923408600930443,7.6061507590686634,0,28,12.94145013048905,2.562691478497674,0.5537193431780973,0.2781562198627302,0.4258360214618016,0.2716482413953091,0.002496312265970725,0.03699080903211165,0.05026665153750142,0.12152501985702939,28
565,8864,16.26601985559567,7.513864917022156,0,28,11.061710288808664,7.645561723416492,0,27,11.391132671480145,4.874887184115524,0.5809292805569881,0.2683523184650771,0.39506108174316656,0.27305577583630325,0.01128158844765343,0.06509476534296028,0.03621389891696751,0.10288808664259928,28
566,8876,11.010928346101847,4.198671016437657,0,17,5.8129788192879674,4.24552848237411,0,17,7.200540784136999,3.810387561964849,0.6477016674177557,0.2469806480257445,0.341939930546351,0.24973696955141914,0.00405588102748986,0.027377196935556555,0.10838215412347904,0.2738846327174403,17
567,8876,14.362100045065345,5.961644639849717,0,23,7.7413249211356465,6.02615970505805,0,23,10.203920684993241,4.158179360072104,0.6244391323941454,0.25920194086303167,0.336579344397202,0.2620069436981755,0.0021406038756196484,0.026025236593059938,0.09621451104100946,0.24493014871563767,23
568,8848,2.1694168173598554,3.7780194566890715,0,21,20.876921338155515,3.8897279949180468,2,24,0.43501356238698013,1.7344032549728752,0.09039236738999397,0.15741747736204487,0.8698717224231465,0.16207199978825163,0.3852848101265823,0.7860533453887885,0.0,0.00011301989150090416,24
569,8878,2.6382068033340844,3.702522975357081,0,23,24.79173237215589,3.834498794125955,3,28,0.10711872043252985,2.5310880829015545,0.09422167154764587,0.13223296340560992,0.8854190132912818,0.13694638550449864,0.3292408200045055,0.6716602838477135,0.0,0.0,28
57,8789,27.2112868358175,4.300721329473442,11,36,7.027420639435658,4.116979611639512,0,21,25.687450221868243,1.5238366139492547,0.7354401847518244,0.1162357116073902,0.18993028755231509,0.11126971923350062,0.0,0.0,0.00011377858686995108,0.1214017521902378,37
572,8260,2.45181598062954,2.72259035025754,0,12,19.902905569007263,2.9366753765757396,1,24,1.126997578692494,1.324818401937046,0.1021589991928975,0.11344126459406413,0.8292877320419694,0.12236147402398999,0.2843825665859564,0.6330508474576271,0.0,0.00024213075060532688,24
573,8715,1.0548479632816983,1.5784795647188294,0,10,18.22076878944349,1.5525099008039855,9,20,0.2842226047045324,0.7706253585771659,0.052742398164084915,0.0789239782359413,0.9110384394721744,0.07762549504019954,0.46150315547905907,0.8962707974756168,0.0,0.0,20
577,8881,2.7259317644409413,3.4768040542759726,0,19,19.010809593514242,3.6046291914700674,2,23,1.6048868370678977,1.1210449273730436,0.11851877236699744,0.15116539366417286,0.8265569388484454,0.15672300832478483,0.3426415944150433,0.6352888188267087,0.0,0.0007881995270802838,23
58,8856,7.868337850045167,5.010823766630778,0,21,10.412714543812104,5.068169157047305,0,20,4.901422764227642,2.966915085817525,0.37468275476405555,0.2386106555538463,0.49584354970533834,0.2413413884308244,0.04460252935862692,0.15176151761517614,0.027664859981933153,0.09101174345076785,21
581,8870,4.822209695603156,4.607207860263108,0,15,23.166065388951523,4.606250388427917,13,28,2.8001127395715897,2.022096956031567,0.17222177484296988,0.16454313786653943,0.8273594781768401,0.16450894244385422,0.23562570462232243,0.4613303269447576,0.0,0.0,28
582,8876,4.807345651194232,4.264951312418526,0,19,25.623028391167193,4.366513457472961,11,31,3.6775574583145563,1.1297881928796756,0.15507566616755586,0.137579074594146,0.8265493029408771,0.14085527282170826,0.238395673726904,0.4228255971158179,0.0,0.0,31
59,8811,11.182158665304733,5.715131511056438,0,22,9.300419929633414,5.869598741052085,0,22,8.369992055385314,2.812166609919419,0.5082799393320333,0.2597787050480201,0.42274636043788244,0.2667999427750952,0.012257405515832482,0.06764271932811258,0.03915560095335376,0.16456701849960276,22
595,8869,1.9383245010711467,1.907338802115109,0,14,13.712143420904273,1.9638737159530304,2,16,0.7924230465666929,1.1459014545044537,0.12114528131694667,0.11920867513219431,0.857008963806517,0.1227421072470644,0.24523621603337467,0.7000789265982637,0.0,0.00022550456646747095,16
596,8758,5.673898150262617,6.176930091509042,0,23,15.808175382507422,6.132968905741405,0,23,3.353277003882165,2.3206211463804522,0.24669122392446163,0.26856217789169834,0.6873119731524966,0.2666508219887567,0.1662480018269011,0.44485042247088374,0.018725736469513588,0.055834665448732584,23
597,8878,4.192723586393332,5.345969561597739,0,26,21.46823608920928,5.489557534629384,0,28,2.1974543816174816,1.9952692047758505,0.14974012808547613,0.19092748434277576,0.76672271747176,0.19605562623676312,0.26841630997972515,0.5624014417661636,0.0020274836674926784,0.0051813471502590676,28
598,8875,2.709295774647887,3.483144368555658,0,20,19.187267605633803,3.59410595495493,2,23,1.167661971830986,1.5416338028169014,0.11779546846295164,0.15144105950241982,0.8342290263319044,0.15626547630238824,0.2776338028169014,0.6464225352112676,0.0,0.0009014084507042254,23
599,8879,4.8636107669782636,5.22095515000821,0,22,16.43236850996734,5.309131932382996,1,23,2.9923414798963845,1.8712692870818786,0.2114613376947071,0.22699805000035697,0.7144508047811886,0.23083182314708725,0.22874197544768554,0.47235048992003603,0.0,0.010924653677215903,23
6,8502,9.060456363208656,7.017236625703286,0,37,27.788873206304398,7.370958085879305,0,39,7.021053869677723,2.039402493530934,0.23231939392842707,0.1799291442488018,0.7125352104180616,0.18899892527895687,0.03128675605739826,0.15078804987061867,0.0024700070571630206,0.010232886379675371,39
60,8866,6.737423866456124,7.619865410440097,0,27,18.783216783216783,7.919186740459514,0,27,3.5455673358899165,3.191856530566208,0.24953421727615277,0.2822172374237081,0.6956746956746956,0.29330321260961145,0.1691856530566208,0.4515001127904354,0.018610421836228287,0.06756147078727724,27
600,8877,5.072772332995381,6.041140585276729,0,23,16.358679734144417,6.181478496283036,0,23,2.3356989974090347,2.737073335586347,0.21136551387480756,0.2517141910531967,0.6816116555893508,0.25756160401179246,0.2595471443055086,0.5100822349892982,0.0208403740002253,0.04911569223836882,24
602,8849,4.6935246920555995,4.833984843490387,0,18,13.215956605266133,4.883640473353974,0,20,0.6772516668550118,4.016273025200587,0.23467623460277998,0.24169924217451988,0.6607978302633065,0.2441820236676984,0.2263532602553961,0.47395185896711495,0.01853316758955814,0.04023053452367499,20
603,8877,5.889714993804213,5.5269529977028435,0,21,16.659457023769292,5.645166654322622,0,24,0.4633322068266306,5.426382786977583,0.2454047914085089,0.2302897082376178,0.6941440426570539,0.23521527726344235,0.18362059254252563,0.39472794863129435,0.007660245578461192,0.009462656302805001,24
604,8873,6.22438859461287,6.620035461516542,0,27,21.127127239941395,6.681271015291417,0,28,1.459371125887524,4.765017468725347,0.2222995926647454,0.23642983791130417,0.7545402585693356,0.2386168219746922,0.19204327735827792,0.4279274202637214,0.006874788684774033,0.015778203538825652,28
608,8668,11.780341485925243,6.58688651644492,0,23,10.07291185971389,6.437708368621618,0,23,8.476695892939548,3.3036455929856947,0.4908475619135518,0.2744536048518711,0.4197046608214121,0.2682378486925683,0.002884171665897554,0.07625749884633133,0.05756806645131518,0.1753576372865713,24
609,8867,13.296379835344537,6.723630631177355,0,24,9.830156761024021,6.467903158695047,0,24,9.680500733055148,3.6158791022893877,0.554015826472689,0.28015127629905656,0.4095898650426676,0.26949596494562683,0.012518326378707567,0.044208864328408704,0.08255328747039585,0.18450434194203225,24
61,8872,6.500788999098287,6.6720865789150015,0,25,16.448602344454464,6.693850810490174,0,26,2.840396753832281,3.6603922452660056,0.2500303461191649,0.2566187145736538,0.632638551709787,0.25745580040346794,0.18665464382326422,0.4170423805229937,0.009580703336339045,0.038435527502254284,26
610,8866,11.084367245657567,8.299694496924145,0,27,15.478682607714866,8.28504092346786,0,27,6.396007218587863,4.688360027069704,0.41053212020953955,0.30739609247867117,0.5732845410264765,0.3068533675358465,0.02932551319648094,0.12361831716670427,0.08741258741258741,0.137265959846605,27
62,8627,10.059812217456821,7.3039341349947335,0,24,12.974266836675554,7.493286950357424,0,25,5.134693404427959,4.925118813028863,0.4023924886982729,0.29215736539978965,0.5189706734670221,0.29973147801429656,0.07754723542366987,0.18870986437927437,0.012634751362003014,0.1523125072446969,25
63,8619,10.725722241559346,7.616547126782005,0,27,14.932822833275322,7.767643467210936,0,27,6.635224504002784,4.090497737556561,0.3972489719096054,0.28209433802896294,0.5530675123435305,0.2876904987855905,0.0909618285183896,0.16440422322775264,0.03619909502262444,0.08713307808330432,27
64,8819,8.978795781834675,7.077376152969062,0,21,10.70302755414446,7.050889357436602,0,21,4.332010432021772,4.646785349812904,0.4275617038968893,0.3370179120461456,0.5096679787687838,0.335756636068409,0.11259780020410477,0.2740673545753487,0.08685792039913823,0.2213402880145141,21
65,8880,10.257094594594594,6.0298096914437265,0,21,8.271846846846847,5.949062620704617,0,21,5.5947072072072075,4.662387387387388,0.4884330759330759,0.28713379483065377,0.3938974688974689,0.2832886962240297,0.056193693693693696,0.1572072072072072,0.06013513513513514,0.23536036036036037,21
66,8869,4.6925245236216035,4.831141863659309,0,15,9.631074529259218,4.90115278132574,0,16,2.064945315142632,2.6275792084789718,0.2932827827263502,0.3019463664787068,0.6019421580787011,0.30632204883285874,0.25312887585973615,0.47998646972601194,0.01274100800541211,0.15492163716315255,16
67,8871,4.856611430503889,4.581119157232459,0,21,15.451471085559689,4.813323044042008,0,23,0.9243602750535452,3.9322511554503436,0.2111570187175604,0.19917909379271592,0.6718030906765082,0.2092749149583487,0.11419231202795627,0.38710404689437494,0.007778153533987149,0.02874535001690903,23
68,8877,3.2786977582516617,4.354612760310421,0,25,19.273515827419175,4.9292185064788026,0,26,0.5224738087191618,2.7562239495324996,0.12143325030561708,0.16128195408557144,0.7138339195340434,0.18256364838810382,0.28264053171116366,0.6032443393038188,0.001915061394615298,0.011039765686605835,27
69,8540,15.060655737704918,11.509608303648523,0,43,27.10503512880562,11.55873093642607,0,43,7.695550351288056,7.365105386416862,0.35024780785360277,0.2676653093871755,0.6303496541582703,0.2688076961959559,0.003629976580796253,0.041217798594847775,0.03583138173302108,0.059953161592505855,43
7,8586,14.88784067085954,6.741806136234709,0,26,10.034008851618914,6.91810880240415,0,27,12.863848124854414,2.0239925460051245,0.551401506328131,0.24969652356424796,0.3716299574673672,0.25622625194089477,0.005706964826461682,0.03261122757978104,0.0726764500349406,0.1982296762170976,27
70,8569,12.078655619092077,6.395728562931078,0,24,11.193254755514062,6.457087122240927,0,27,8.171782004901388,3.9068736141906872,0.44735761552192876,0.23687883566411397,0.4145649909449653,0.2391513748978127,0.020772552223129886,0.08367370755047264,0.00011669973159061734,0.07212043412300152,27
71,8874,8.691345503718729,5.693331145741574,0,25,15.031102096010818,5.914235604170762,0,27,5.851814288933965,2.8395312147847647,0.3219016853229159,0.21086411650894746,0.5567074850374376,0.21904576311743576,0.04778003155285102,0.1657651566373676,0.00552174892945684,0.029186387198557585,27
72,8884,6.608734804142278,6.171695898025561,0,25,16.679423683025664,6.310023035368792,0,26,3.50056280954525,3.1081719945970283,0.24476795570897325,0.22858132955650265,0.6177564327046542,0.2337045568655106,0.14115263394867178,0.36334984241332735,0.005177847816298964,0.028590724898694284,27
73,8879,4.471224236963622,5.531213501311241,0,26,20.158463790967453,5.610870694765657,1,27,0.8673274017344296,3.6038968352291927,0.16560089766531932,0.2048597593078231,0.7466097700358315,0.20781002573206164,0.23392273904719,0.5190899876112175,0.0,0.011149904268498705,27
74,8879,3.2673724518526863,2.6810906558945775,0,14,7.638134925104178,3.0262486045632153,0,13,0.48440139655366593,2.7829710552990203,0.2178248301235124,0.17873937705963894,0.5092089950069452,0.2017499069708816,0.10068701430341255,0.48440139655366593,0.025228066223673837,0.07084131095844126,15
75,8881,4.313816011710393,3.865334425693443,0,19,13.089854746087152,4.396613867929915,0,21,0.8080171151897309,3.505798896520662,0.20541981008144727,0.1840635440806398,0.6233264164803406,0.20936256513952003,0.13410651953608826,0.4079495552302669,0.001238599256840446,0.016664790001126,21
76,8873,5.311957624253353,5.371086359042504,0,27,21.734475374732334,5.605839010978208,0,30,2.9358728727600587,2.3760847514932943,0.17135347175010818,0.17326085029169327,0.7011121088623333,0.18083351648316753,0.14797700890341486,0.40966978474022314,0.00022540290769750929,0.007438295954017807,31
77,8634,15.116979383831364,6.295328854890073,0,24,6.423326384063007,6.1395009407892225,0,23,13.209173036831134,1.9078063470002316,0.6298741409929735,0.26230536895375334,0.26763859933595857,0.2558125391995507,0.0057910586055130876,0.05953208246467454,0.1374797312948807,0.33981931897150797,24
78,8885,6.1475520540236355,6.20639275565951,0,27,18.918739448508724,6.392051446025278,0,27,3.4912774338773214,2.656274620146314,0.2276871131119865,0.22986639835776,0.7006940536484711,0.236742646149084,0.1738885762521103,0.3635340461451885,0.011705120990433315,0.03072594259988745,27
79,8873,6.137833878057027,5.496314335691565,0,23,14.099853488109996,5.259384778397788,0,24,3.8900033810436154,2.2478304970134113,0.25574307825237613,0.22901309732048197,0.5874938953379165,0.2191410324332415,0.11867463090273865,0.3349487208384988,0.014989293361884369,0.04023441902400541,24
8,8584,14.325838769804287,7.18229882418992,0,27,10.27364864864865,7.92079072471954,0,27,12.68452935694315,1.641309412861137,0.5305866211038625,0.26601106756258935,0.3805055055055055,0.2933626194340568,0.013863000931966449,0.05079217148182665,0.08842031686859272,0.24685461323392358,27
80,8887,5.730055136716552,5.568263603904592,0,23,15.02621807134016,5.954804754246334,0,25,2.4452571171373916,3.2847980195791604,0.2292022054686621,0.22273054415618326,0.6010487228536064,0.23819219016985352,0.1460560369078429,0.4049735568808372,0.0031506695172724202,0.047822662315742094,25
81,8885,6.764321890827237,4.907364399896953,0,19,10.074620146314013,4.979466243090043,0,19,2.582554867754643,4.181767023072594,0.3221105662298684,0.23368401904271235,0.4797438164911434,0.23711744014714453,0.05413618458075408,0.22307259425998874,0.04805852560495217,0.11738885762521103,21
82,8870,17.16944757609921,11.454530109952785,0,40,20.460090191657272,11.5778596525116,0,40,8.05152198421646,9.11792559188275,0.42923618940248026,0.28636325274882074,0.5115022547914317,0.28944649131279027,0.036189402480270576,0.10631341600901917,0.02547914317925592,0.07001127395715896,40
83,8880,8.798536036036037,6.2043020740978445,0,23,9.88018018018018,6.740809143390338,0,24,2.777027027027027,6.021509009009009,0.3666056681681682,0.2585125864207429,0.4116741741741742,0.2808670476412644,0.0632882882882883,0.21171171171171171,0.06204954954954955,0.20371621621621622,24
84,8880,8.583220720720721,5.8918482179822105,0,24,14.579054054054055,6.33571534161465,0,27,4.268806306306306,4.314414414414414,0.31789706373039706,0.21821660066600798,0.5399649649649649,0.2346561237635052,0.04031531531531531,0.16655405405405405,0.00945945945945946,0.03806306306306306,27
85,8552,19.612839101964454,10.460025259874486,0,40,17.725327408793266,10.835443180536533,0,40,11.605238540692236,8.007600561272216,0.49032097754911136,0.2615006314968623,0.44313318521983164,0.2708860795134139,0.00420954162768943,0.03215622076707203,0.08126753975678204,0.13868101028999064,40
86,8799,13.598477099670417,7.643277341516405,0,26,10.759404477781565,7.696901264452391,0,26,9.36890555744971,4.2295715422207065,0.5036472999877932,0.283084345982089,0.398496462140058,0.28507041720193954,0.029207864530060235,0.09205591544493692,0.0765996135924537,0.20161381975224457,27
87,8883,7.6236631768546665,6.317955544381226,0,23,14.139254756276033,6.545071266024117,0,25,1.6304176516942475,5.993245525160419,0.3049465270741867,0.2527182217752494,0.5655701902510413,0.26180285064096503,0.0876955983338962,0.2908927164246313,0.026117302713047394,0.0686704942024091,25
88,8848,2.815890596745027,3.1415332086590264,0,17,13.23372513562387,3.9761731918889835,1,20,0.485872513562387,2.3300180831826403,0.14079452983725135,0.15707666043295102,0.6616862567811935,0.1988086595944498,0.22389240506329114,0.6097423146473779,0.0,0.021247739602169982,20
89,8875,4.514929577464788,4.098609457501833,0,24,17.103774647887324,4.198256498037586,0,24,0.9689014084507043,3.5460281690140847,0.18812206572769952,0.17077539406257664,0.7126572769953051,0.1749273540848995,0.12811267605633803,0.4024788732394366,0.0005633802816901409,0.002704225352112676,24
9,8779,15.124046018908759,6.785335214073897,0,27,10.042829479439572,6.949627501534579,0,25,13.173709989748263,1.9503360291604965,0.5601498525521763,0.25130871163236634,0.3719566473866508,0.2573936111679469,0.0022781637999772183,0.015719330219842807,0.09101264380908987,0.21266659072787333,27
90,8884,3.059207564160288,3.026039135099233,0,18,12.942030616839261,3.1751232781659846,0,18,0.8164115263394868,2.2427960378208014,0.16995597578668267,0.16811328528328995,0.7190017009355145,0.1763957376758883,0.17919855920756417,0.5433363349842414,0.005402971634398919,0.01204412426834759,18
91,8878,13.330254561838252,9.374066397881451,0,34,19.437936472178418,9.541849758383044,0,35,6.879589997747241,6.450664564091012,0.38086441605252147,0.26783046851089914,0.5553696134908119,0.27262427881094375,0.027145753548096417,0.10756927235863933,0.02083802658256364,0.05958549222797927,35
92,8881,3.2628082423150544,4.5886243689556325,0,18,12.893255264046841,4.551442771826948,0,18,1.316631010021394,1.9461772322936606,0.18126712457305857,0.25492357605309063,0.7162919591137134,0.25285793176816396,0.3700033779979732,0.6625380024771985,0.020267987839207295,0.05303456817925909,18
94,6024,17.823539176626827,12.894709064457675,0,48,27.720949535192563,13.365461075251083,0,48,9.848771580345286,7.9747675962815405,0.3713237328463922,0.2686397721762016,0.5775197819831783,0.27844710573439796,0.03851261620185923,0.12167994687915007,0.013280212483399735,0.03851261620185923,48
95,8864,10.103000902527075,7.973999835780136,0,31,18.79715703971119,8.436843761684658,0,33,3.07096119133574,7.032039711191335,0.30615154250082044,0.24163635866000382,0.5696108193851876,0.25566193217226196,0.05178249097472924,0.1878384476534296,0.011394404332129964,0.056069494584837544,33
96,8820,6.141269841269842,5.3351659454906715,0,21,13.718027210884355,5.138204849249447,0,21,2.099546485260771,4.04172335600907,0.29244142101284953,0.2540555212138414,0.653239390994493,0.24467642139283152,0.08900226757369614,0.3108843537414966,0.0006802721088435374,0.03616780045351474,21
97,8681,6.494643474254119,5.2505211604563735,0,19,10.503052643704642,5.149763641671868,0,20,2.640479207464578,3.85416426678954,0.3092687368692437,0.2500248171645887,0.5001453639859353,0.24522684007961246,0.09457435779288101,0.3104481050570211,0.024536343739200554,0.10459624467227278,21
98,8794,3.5198999317716626,3.980434028660125,0,18,15.083579713440983,4.478838994520808,0,21,1.1216738685467365,2.398226063224926,0.16761428246531726,0.18954447755524373,0.7182657006400468,0.2132780473581336,0.21184898794632703,0.5415055719808961,0.0037525585626563564,0.027632476688651354,21
99,8869,5.687112414026384,5.798864626761733,0,20,12.982297891532303,6.0373239639783325,0,21,2.252001353027399,3.4351110609989854,0.2708148768583992,0.2761364107981795,0.6182046615015383,0.2874916173323029,0.17972713947457436,0.43995940917803583,0.04746871124140264,0.09651595444807758,21
