station_id,name,neighborhood,bikes_ratio_capacity_mean,pred__linear_regression,abs_error__linear_regression,sq_error__linear_regression,pred__elastic_net,abs_error__elastic_net,sq_error__elastic_net,pred__random_forest,abs_error__random_forest,sq_error__random_forest,pred__hist_gradient_boosting,abs_error__hist_gradient_boosting,sq_error__hist_gradient_boosting
1,"GRAN VIA CORTS CATALANES, 760",el Fort Pienc,0.1913431588165633,0.3426031133087323,-0.15125995449216897,0.022879573832973028,0.37119254083459596,-0.17984938201803266,0.03234580021226825,0.2677019653676468,-0.07635880655108349,0.0058306673379057905,0.29302433963107133,-0.10168118081450803,0.010339062531832675
10,"C/ 60, NÚMERO 25",la Marina del Prat Vermell,0.3367412492428553,0.8327581020996395,-0.4960168528567842,0.2460327183179487,0.4833474250202221,-0.1466061757773668,0.02149337077606417,0.43296874423958753,-0.09622749499673222,0.009259730793346124,0.5430670987093632,-0.2063258494665079,0.04257035615807608
100,"C/ TARRAGONA,  159-173",Hostafrancs,0.2429705215419501,0.2951201731111868,-0.05214965156923673,0.0027195861587927953,0.34944979629937806,-0.10647927475742797,0.011337835952867836,0.31820660064713313,-0.07523607910518304,0.00566046759912136,0.34317474732792463,-0.10020422578597454,0.010040886865366565
101,"AV. DIAGONAL, 602",Sant Gervasi - Galvany,0.1578665010164897,0.10956264226327397,0.04830385875321572,0.0023332627704506148,0.2551632359684274,-0.09729673495193769,0.009466654632307614,0.12571848646036343,0.03214801455612626,0.0010334948399009058,0.11478347439198995,0.04308302662449974,0.0018561471831273534
102,"AV. DIAGONAL,  612",Sant Gervasi - Galvany,0.0937665381416799,0.1349012927556516,-0.0411347546139717,0.0016920680371516662,0.2485901482627954,-0.1548236101211155,0.02397035025093518,0.1599891592067962,-0.06622262106511631,0.004385435540733986,0.15773648092862785,-0.06396994278694795,0.004092153580165394
103,"C/ ARAGÓ, 629",el Clot,0.3266576454668471,0.36640868667069715,-0.039751041203850035,0.0015801452767901833,0.39275324242306553,-0.06609559695621842,0.004368627936998869,0.37404186324199573,-0.04738421777514862,0.0022452640941627105,0.36712278948357113,-0.04046514401672402,0.0016374278802942157
104,"C/ VALÈNCIA,  621",el Clot,0.372044298114337,0.3653592638227996,0.006685034291537384,4.4689683479030735e-05,0.370607587919699,0.0014367101946379801,2.0641361833767026e-06,0.3193821237718569,0.052662174342480106,0.00277330460647777,0.34334845893883137,0.02869583917550561,0.0008234511859864825
105,"RDA. DE SANT PERE, 26",la Dreta de l'Eixample,0.3361653740117358,0.34054532756331385,-0.004379953551578053,1.91839931139812e-05,0.37222627357870536,-0.03606089956696956,0.0013003884775790655,0.3130462594847101,0.023119114527025697,0.0005344934565137306,0.3240506359852766,0.012114738026459182,0.0001467668774497361
106,"PL JOANIC - C / BRUNIQUER, 59",la Vila de Gràcia,0.1583897540058677,0.2786281136854802,-0.1202383596796125,0.014457263138443864,0.27507594645065103,-0.11668619244478334,0.013615667507261014,0.19923068995390292,-0.04084093594803523,0.0016679820491115162,0.21959456215795572,-0.061204808152088036,0.003746028540933902
107,"TRAV. DE GRÀCIA, 92 / VIA AUGUSTA",Sant Gervasi - Galvany,0.1220380601596071,0.15473875685916544,-0.03270069669955834,0.001069335564636506,0.25547254269208386,-0.13343448253247675,0.017804761128709844,0.15669165515681008,-0.03465359499720298,0.0012008716462301716,0.16953954554903763,-0.04750148538943054,0.002256391114202283
108,"C / INDÚSTRIA, 10",el Camp d'en Grassot i Gràcia Nova,0.1755684255684255,0.2215387845877931,-0.04597035901936761,0.002113273908369553,0.29279641106063414,-0.11722798549220864,0.01374240058256148,0.16806496199207507,0.007503463576350428,5.630196564161755e-05,0.17155211649381483,0.0040163090746106744,1.6130738582800052e-05
109,"C/ LONDRES,  53",l'Antiga Esquerra de l'Eixample,0.1264120291661944,0.14350189524404744,-0.01708986607785304,0.000292063522558952,0.28423077885040376,-0.15781874968420936,0.024906757751887134,0.16556860188665065,-0.03915657272045625,0.0015332371872123786,0.1754880905767585,-0.04907606141056409,0.0024084598035734577
11,"PG. MARITIM, 11 (DAVANT PL. BRUGADA)",la Barceloneta,0.4311798128342246,0.5113132391479009,-0.08013342631367637,0.0064213660127694005,0.447746221392321,-0.016566408558096435,0.0002744458925137708,0.5166087296870042,-0.08542891685277965,0.007298099834639138,0.4937925938706992,-0.06261278103647461,0.003920360349121514
110,"AV. ROMA,  136",l'Antiga Esquerra de l'Eixample,0.25743983581052,0.3120062236071921,-0.05456638779667211,0.002977490677176807,0.33262110916700466,-0.07518127335648467,0.005652223863502471,0.33043424099774105,-0.07299440518722106,0.005328183188636204,0.33578803141365526,-0.07834819560313527,0.006138439754267145
111,C/ ARAGÓ 147,la Nova Esquerra de l'Eixample,0.3179972936400541,0.3126733839242773,0.005323909715776787,2.8344014661742467e-05,0.3431228674847149,-0.025125573844660798,0.0006312944610235028,0.3008956388125997,0.017101654827454404,0.0002924665978373945,0.30342946824143047,0.014567825398623613,0.00021222153684478321
112,"C/ FLORIDABLANCA,  49",Sant Antoni,0.5470113463562989,0.3626985452617735,0.1843128010945254,0.03397120864731009,0.367654390199133,0.1793569561571659,0.03216891772196353,0.3370130956176472,0.2099982507386517,0.044099265313293626,0.3279597295300947,0.21905161682620417,0.04798361083417417
113,"RONDA DE SANT PAU , 51",Sant Antoni,0.4250894276629571,0.35401256936721626,0.07107685829574084,0.005051919785192823,0.3992110397451575,0.025878387917799617,0.0006696909612241171,0.4587777339443896,-0.03368830628143249,0.0011349019801116036,0.47877461684670586,-0.05368518918374876,0.002882099537694895
114,"PL. JEAN GENET,  1",el Raval,0.6159070447895566,0.543291373363345,0.07261567142621161,0.005273035736679526,0.42479382515700204,0.19111321963255457,0.036524262718321036,0.5383120688220419,0.07759497596751475,0.006020980295399191,0.5444447615366316,0.07146228325292503,0.005106857927721289
115,"AV. MARQUÉS DE L'ARGENTERA,  3","Sant Pere, Santa Caterina i la Ribera",0.6300064495324089,0.602421628825113,0.027584820707295954,0.0007609223334536637,0.4125143909959607,0.2174920585364482,0.04730279552642181,0.5398861968355941,0.09012025269681478,0.008121659946137753,0.5834895840344333,0.046516865497975624,0.002163818775756755
116,"C/ DEL DR. AIGUADER, 72 / PG. SALVAT",la Barceloneta,0.5474673663931976,0.45675208314933374,0.09071528324386385,0.008229262614014446,0.4458730280318093,0.10159433836138831,0.010321409587088257,0.5188337741363678,0.02863359225682982,0.0008198826055303847,0.4850290269510459,0.062438339442151713,0.0038985462322933583
117,"C/ ROSA SENSAT, 12",la Vila Olímpica del Poblenou,0.6411034364039335,0.5037148262627019,0.1373886101412316,0.018875630196539327,0.4214480779562261,0.21965535844770745,0.048248476494790846,0.5368535196413162,0.1042499167626173,0.010868045145012635,0.6277499968679254,0.013353439536008094,0.00017831434744182406
118,"C/ PUJADES,  3",el Parc i la Llacuna del Poblenou,0.4172385492517506,0.40801558784126785,0.009222961410482733,8.506301717925365e-05,0.4103885104405963,0.006850038811154258,4.692303171431964e-05,0.4309339697360866,-0.01369542048433603,0.00018756454224277093,0.4432268435698914,-0.025988294318140814,0.0006753914415663101
119,"C/ SARDENYA,  178",el Fort Pienc,0.2914237387297367,0.32554934247798484,-0.034125603748248134,0.001164556831182447,0.3807047522582117,-0.089281013528475,0.007971099376671738,0.32736435809923653,-0.03594061936949983,0.001291728120663266,0.301087315660883,-0.009663576931146278,9.338471910418252e-05
12,"PG. MARITIM, 23 (HOSPITAL DEL MAR)",la Barceloneta,0.4671966120522077,0.531733592050581,-0.06453697999837332,0.004165021787310439,0.44481188188097087,0.022384730171236822,0.0005010761448390801,0.5855408650919466,-0.11834425303973889,0.014005362227533747,0.5933016499034774,-0.12610503785126975,0.015902480571470177
120,"C/ LEPANT,  278",la Sagrada Família,0.1746157068737714,0.33069816955510983,-0.15608246268133844,0.024361735156671404,0.3470555325012572,-0.1724398256274858,0.02973549346243771,0.260322155715649,-0.08570644884187759,0.00734559537308538,0.2233793322319732,-0.048763625358201806,0.002377891158075062
121,"C/ CASTILLEJOS, 258",la Sagrada Família,0.3097624141425515,0.2674179584334212,0.04234445570913031,0.0017930529293024987,0.33987464651579086,-0.030112232373239345,0.0009067465384999636,0.2711762288534887,0.038586185289062824,0.0014888936951618884,0.2501733283709286,0.05958908577162292,0.003550859143097833
122,"C/ NÀPOLS, 344",el Camp d'en Grassot i Gràcia Nova,0.2808269995452665,0.2094454999515238,0.07138149959374271,0.00509531848425149,0.27767654743635056,0.0031504521089159576,9.925348490573005e-06,0.18862646788853585,0.09220053165673067,0.008500938037783795,0.18463179197475746,0.09619520757050906,0.009253517959533324
123,"C/ PROVENÇA, 317",la Dreta de l'Eixample,0.1190824635606803,0.23358450536096986,-0.11450204180028957,0.01311071757643526,0.313631749777383,-0.1945492862167027,0.03784942476742851,0.194948616421988,-0.0758661528613077,0.005755673149975306,0.14493685155984323,-0.02585438799916294,0.0006684493788112606
124,C/ NOVA  BOCANA,la Barceloneta,0.4707696565184304,0.596729532849243,-0.12595987633081263,0.01586589044527361,0.45592049177437804,0.014849164744052346,0.00022049769359600715,0.5300053877143198,-0.05923573119588943,0.003508871850311668,0.5244333395668656,-0.05366368304843516,0.0028797908783229076
125,"PG. MARíTIM, 31 B (ANNEXA A LA 12)",la Barceloneta,0.4298874024395487,0.5301437278644366,-0.10025632542488794,0.010051330787701032,0.4443281082555971,-0.014440705816048394,0.0002085339844656539,0.5661813995703273,-0.1362939971307786,0.018576053653884688,0.5534068411421698,-0.12351943870262105,0.01525705173741056
126,PG. DE COLOM /VIA LAIETANA,el Barri Gòtic,0.6352991917974053,0.5449473410397266,0.09035185075767871,0.008163456935337847,0.43980485787859014,0.1954943339188152,0.038218034594361225,0.6188353256021708,0.016463866195234544,0.0002710588900945868,0.6700819766515954,-0.03478278485419006,0.0012098421222128738
127,"C/ ARAGÓ, 659 / NAVAS DE TOLOSA",el Clot,0.3642184132711872,0.36983947006092976,-0.005621056789742562,3.159627943351096e-05,0.4000925903034099,-0.035874177032222676,0.001286956577739253,0.4251018523922832,-0.060883439121096006,0.0037067931592122036,0.4587405847355138,-0.09452217146432662,0.008934440898331562
128,"RAMBLA DE GUIPÚSCOA, 43/FLUVIA",Sant Martí de Provençals,0.50824576708557,0.37473427806651954,0.13351148901905047,0.017825317700084033,0.4042677286236835,0.10397803846188652,0.010811432482381554,0.44783644706493864,0.060409320020631374,0.0036492859453550546,0.4467238060497026,0.061521961035867434,0.0037849516896987906
129,"C/ MANSO, 46",Sant Antoni,0.6276377921899798,0.4025779447150691,0.22505984747491076,0.05065193494543009,0.38406609247920304,0.2435716997107768,0.059327172899996825,0.3931267844431748,0.23451100774680506,0.05499541275442206,0.3917698778604851,0.23586791432949472,0.05563367301014586
13,"C/ MARINA, 25-33",la Vila Olímpica del Poblenou,0.4611224775294652,0.3583983423959855,0.10272413513347972,0.010552247938921403,0.40533566512781893,0.05578681240164629,0.0031121684379364764,0.4511600346888206,0.009962442840644625,9.925026735311136e-05,0.47317956786776993,-0.01205709033830471,0.0001453734274260408
130,"RAMBLA DE GUIPÚSCOA, 103 / CANTÀBRIA",la Verneda i la Pau,0.4657642413987591,0.4138400994010189,0.0519241419977402,0.002696116522201488,0.40595218698885543,0.05981205440990367,0.003577481852733277,0.449631731382786,0.0161325100159731,0.0002602578794154724,0.504121073645958,-0.038356832247198935,0.0014712465800397602
131,"RBLA. GUIPÚSCOA, 158",la Verneda i la Pau,0.4901605365709761,0.45044085896419095,0.03971967760678513,0.0015776527891869481,0.40939483609190314,0.08076570047907294,0.006523098373875324,0.4682773959458843,0.02188314062509178,0.0004788718436175422,0.4563741813642538,0.033786355206722296,0.0011415177981548108
132,PL. VALENTÍ ALMIRALL,el Clot,0.5319270893041385,0.4491814029935688,0.08274568631056967,0.006846848603007196,0.41455643532371844,0.11737065398042001,0.013775870415791485,0.44242726710438396,0.0894998221997545,0.008010218173787668,0.4524430144190201,0.07948407488511838,0.006317718160343107
133,"GRAN VIA DE LES CORTS CATALANES,  902",Provençals del Poblenou,0.5223968897903989,0.5042843053789269,0.01811258441147201,0.0003280657140626989,0.4067474807837292,0.1156494090066697,0.013374785803591974,0.44022241590633593,0.08217447388406296,0.006752644158122546,0.5074831899234714,0.014913699866927477,0.00022241844372079264
134,"C/ BAC DE RODA, 157",Provençals del Poblenou,0.5189591844485315,0.4812812733965277,0.0376779110520038,0.0014196249812427099,0.41580426987243996,0.10315491457609155,0.010640936401200745,0.46559896262720524,0.05336022182132627,0.0028473132728211443,0.441739422042195,0.07721976240633649,0.0059628917060910586
135,"GRAN VIA DE LES CORTS CATALANES,  981",Sant Martí de Provençals,0.4144676466326416,0.44765325373872106,-0.033185607106079484,0.0011012845189990732,0.40400740585013567,0.010460240782505903,0.00010941663722799971,0.463886268820895,-0.049418622188253436,0.002442200218985335,0.48242025896090385,-0.06795261232826227,0.004617557522235102
136,"GRAN VIA DE LES CORTS CATALANES,  1062",Provençals del Poblenou,0.4071938725338442,0.4137783574611643,-0.006584484927320111,4.335544175810573e-05,0.419959364308581,-0.012765491774736792,0.0001629577802508727,0.5053561435088038,-0.09816227097495955,0.009635831442961387,0.5319174544716357,-0.12472358193779154,0.015555971891393
137,"GRAN VIA DE LES CORTS CATALANES , 1041",Sant Martí de Provençals,0.3589588732394366,0.4954216509312638,-0.1364627776918272,0.01862208969536905,0.4244128314988338,-0.0654539582593972,0.004284220651822912,0.4881376268861046,-0.12917875364666803,0.016687150393706548,0.5165964707981822,-0.15763759755874557,0.024849612164093027
138,"GRAN VIA DE LES CORTS CATALANES,  1118",Provençals del Poblenou,0.514315972616211,0.5446421752762225,-0.030326202660011514,0.0009196785677760894,0.4492865380644804,0.0650294345517306,0.004228827358117814,0.4709813932711473,0.043334579345063684,0.00187788576701362,0.475982021673986,0.03833395094222497,0.0014694917948409106
139,"GRAN VIA DE LES CORTS CATALANES,  1131",la Verneda i la Pau,0.349155544106519,0.38592504143158,-0.03676949732506102,0.0013519959335376694,0.4102860569460536,-0.06113051283953458,0.003736939600024502,0.4345938993081243,-0.08543835520160531,0.007299712539555677,0.4102350658492849,-0.061079521742765874,0.0037307079763250093
14,"AV. MARQUÉS DE  L'ARGENTERA, 15","Sant Pere, Santa Caterina i la Ribera",0.5712883609816402,0.6182390376727511,-0.04695067669111097,0.0022043660417532312,0.4189374750348628,0.15235088594677737,0.023210792448767965,0.5579626603954221,0.01332570058621807,0.00017757429611353262,0.5655042326088959,0.005784128372744224,3.3456141032384745e-05
140,"C/ VILADOMAT,  122",la Nova Esquerra de l'Eixample,0.3948828904896347,0.2940147070333679,0.1008681834562668,0.010174390433767095,0.35766134362921265,0.03722154686042206,0.0013854435506825953,0.26949482181850626,0.12538806867112845,0.015722167765075623,0.26266996193058884,0.13221292855904587,0.017480258478159368
141,"C/ BILBAO, 174",Provençals del Poblenou,0.4595822075875267,0.4701036296944232,-0.010521422106896494,0.00011070032315149026,0.4226391349309426,0.03694307265658414,0.0013647906173096548,0.4856200166100097,-0.026037809022482983,0.0006779674986912962,0.546678005545998,-0.08709579795847128,0.00758567802202285
142,"C/ SANCHO DE ÁVILA,  104 - C/ BADAJOZ",el Parc i la Llacuna del Poblenou,0.576777285792999,0.40964362385048825,0.16713366194251078,0.027933660954313478,0.46239577324676157,0.11438151254623746,0.013083130412365078,0.5056906924976645,0.07108659329533451,0.005053303746336298,0.4232772329662809,0.15350005282671814,0.02356226621780526
143,"C/ SANCHO DE ÁVILA, 170 / LLACUNA",el Parc i la Llacuna del Poblenou,0.6864967658797182,0.5327733207554167,0.15372344512430147,0.023630897580884127,0.45899681063703923,0.22749995524267896,0.05175622963542093,0.5460365835486511,0.14046018233106705,0.019729062820476602,0.6133085108706998,0.07318825500901838,0.005356520671265103
144,"C/ CASTELLA,  28 / DIAGONAL",el Poblenou,0.5861432120999883,0.4547681501871997,0.13137506191278864,0.01725940689258905,0.4280146693852281,0.15812854271476023,0.025004636021093752,0.5728460409501385,0.013297171149849851,0.00017681476058839922,0.5399509588812134,0.04619225321877496,0.0021337242574274258
145,"C/ MARROC, 103",Provençals del Poblenou,0.5420606333483416,0.5273689834179549,0.014691649930386741,0.00021584457767703273,0.44283279134383724,0.09922784200450441,0.009846164628870889,0.5879711851035858,-0.04591055175524417,0.0021077787624709534,0.6074079997271774,-0.06534736637883576,0.004270278292649794
146,"C/ PERE IV, 488",Provençals del Poblenou,0.5014535466538353,0.6089108660369779,-0.10745731938314251,0.011547075489010695,0.44312472600572494,0.0583288206481104,0.0034022513181994306,0.5604072692849612,-0.05895372263112586,0.0034755414120677215,0.634721800495324,-0.13326825384148866,0.017760427481959457
147,"RAMBLA PRIM, 79",el Besòs i el Maresme,0.5758259721694999,0.7982157548510391,-0.2223897826815392,0.04945721544114223,0.6106875631716691,-0.03486159100216912,0.0012153305272025192,0.5441831051917284,0.03164286697777152,0.0010012710305729435,0.5893795027188191,-0.013553530549319182,0.0001836981903513283
148,"RONDA SANT PAU, 79",Sant Antoni,0.54531313207138,0.3976199282812257,0.14769320379015427,0.02181328244580004,0.3953089281934186,0.15000420387796137,0.022501261181061,0.44703711798357226,0.09827601408780773,0.009658174944986983,0.43334174840388356,0.11197138366749643,0.012537590760413686
149,"C/ PUJADES, 57B",el Parc i la Llacuna del Poblenou,0.4750079712698652,0.3892675729228343,0.0857403983470309,0.007351415908707539,0.4285844106107619,0.0464235606591033,0.002155146984269444,0.5513011236391708,-0.07629315236930562,0.005820645098446083,0.627638711501078,-0.15263074023121276,0.02329614286352795
15,"C/ DIPUTACIÓ, 272",la Dreta de l'Eixample,0.3277522954942309,0.1594949345427349,0.16825736095149602,0.028310539514362017,0.35255274184738844,-0.024800446353157535,0.0006150621393158449,0.2660485799507836,0.06170371554344728,0.0038073485118666575,0.26262649909562946,0.06512579639860144,0.004241369356552089
150,"C/ ESPRONCEDA, 124",el Poblenou,0.6060473396958819,0.37185450665133807,0.2341928330445438,0.05484628304942957,0.4570382058361513,0.14900913385973058,0.022203721973627105,0.5903237214408882,0.015723618254993688,0.00024723217102877074,0.6002679260981053,0.0057794135977765615,3.340162153416462e-05
151,"C/ PALLARS, 182",el Poblenou,0.5791735133878021,0.5423862134033564,0.03678729998444574,0.0013533054401456018,0.42170909207272367,0.15746442131507843,0.024795043980092527,0.5905591709308332,-0.011385657543031114,0.0001296331976871813,0.635957498736643,-0.05678398534884088,0.003224420992097376
152,"C/ PUJADES, 121",el Poblenou,0.5801350683577665,0.52403751753577,0.05609755082199652,0.0031469352082264825,0.42909259642592573,0.15104247193184078,0.022813828327280912,0.5462243272226899,0.03391074113507664,0.0011499383643301787,0.5508868925742301,0.029248175783536445,0.0008554557866646478
153,"C/ PUJADES, 173/RBLA POBLE NOU",el Poblenou,0.546907400961826,0.5025413265177482,0.04436607444407781,0.0019683485615774538,0.4338888548057874,0.11301854615603857,0.01277319177522462,0.6293677103855424,-0.0824603094237164,0.0067997026302550525,0.6515660037951184,-0.10465860283329242,0.010953423147016845
154,"C/ PUJADES, 191",el Poblenou,0.675462623929698,0.46584999245049513,0.2096126314792029,0.04393745527563612,0.4300803232648096,0.24538230066488842,0.0602124734795937,0.5609992080849866,0.11446341584471142,0.013101873566839334,0.5388229625215084,0.13663966140818962,0.0186703970697447
155,"C/ PUJADES, 311/ FLUVIÀ",Diagonal Mar i el Front Marítim del Poblenou,0.6180485125084516,0.4803633600979578,0.13768515241049378,0.0189572011943009,0.45762824659611484,0.16042026591233677,0.025734661715384837,0.5540825378546317,0.06396597465381992,0.004091645913413133,0.5399142733542616,0.07813423915419004,0.0061049593282041644
156,"C/ SELVA DE MAR, 46",Diagonal Mar i el Front Marítim del Poblenou,0.572557191696272,0.4570627888955016,0.11549440280077033,0.013338957078306587,0.43232348067294396,0.140233711023328,0.019665493707374262,0.5860518716820653,-0.013494679985793345,0.0001821063879189715,0.5601720105753866,0.01238518112088538,0.00015339271139713564
157,"C/ LLULL, 465",el Besòs i el Maresme,0.691359043952982,0.518127674367357,0.17323136958562502,0.03000910740851141,0.4427006473564898,0.2486583965964922,0.0618309981979384,0.5465344263636126,0.14482461758936938,0.020974169859907077,0.5432165509736958,0.14814249297928617,0.02194619822611785
158,"RAMBLA DE PRIM, 19",el Besòs i el Maresme,0.535507130500516,0.3936524223718362,0.14185470812867984,0.020122758218272946,0.4307843737892906,0.10472275671122544,0.010966855773198513,0.5679363467031221,-0.03242921620260608,0.0010516540635153687,0.6028645715389049,-0.06735744103838892,0.00453702486324004
159,"AV. DIAGONAL, 26",el Besòs i el Maresme,0.6801167281025101,0.40981443495235026,0.27030229315015986,0.07306332968223496,0.43300442856438687,0.24711229953812325,0.06106448858301915,0.5150918191296128,0.16502490897289734,0.027233220581513055,0.5267700947998073,0.15334663330270282,0.023515189945273605
160,"AV.DEDUARD MARISTANY,1 /FORUM",el Besòs i el Maresme,0.4830776173285198,0.6276983161428709,-0.14462069881435108,0.020915146525551247,0.4352626480598528,0.04781496926866696,0.0022862712861635662,0.5991317157563617,-0.11605409842784192,0.013468553761899222,0.6158452310102908,-0.13276761368177098,0.01762723924275198
161,"C/ RAMON TURRÓ, 91",la Vila Olímpica del Poblenou,0.52971692793504,0.5308550688685468,-0.001138140933506837,1.2953647845238146e-06,0.42914772010058927,0.10056920783445072,0.010114165564448946,0.5711286306641098,-0.0414117027290698,0.0017149291229208471,0.6233787739597009,-0.09366184602466088,0.008772541400747283
162,"C/ RAMON TURRÓ, 292",el Poblenou,0.6992213282535863,0.556481642025662,0.14273968622792432,0.02037461802444629,0.44662743026028606,0.25259389799330023,0.06380367730344977,0.6300523309178124,0.06916899733577386,0.0047843501924362914,0.6115281605459605,0.08769316770762581,0.007690091662597786
163,"AV. ICÀRIA, 202",la Vila Olímpica del Poblenou,0.5381616604140964,0.4983397309660327,0.03982192944806373,0.0015857860649665654,0.4164821062847891,0.12167955412930731,0.014805913893107028,0.5803470304079474,-0.04218536999385103,0.0017796054415181069,0.6189479141162239,-0.08078625370212744,0.0065264187872245
164,"C/ INDEPENDÈNCIA, 379",el Camp de l'Arpa del Clot,0.3687736588456984,0.24946940481765484,0.11930425402804357,0.01423350502918795,0.2983954846030353,0.07037817424266313,0.004953087409730651,0.2300560833058527,0.1387175755398457,0.0192425657636528,0.2615228917952525,0.1072507670504459,0.011502727032909011
165,"C/ DEL DOCTOR TRUETA, 222",el Poblenou,0.6112591258375341,0.4781116693791624,0.13314745645837167,0.01772824516133398,0.42677047460366013,0.18448865123387392,0.03403606243409397,0.6277040386550172,-0.01644491281748317,0.00027043515757462226,0.6442767687668146,-0.033017642929280555,0.0010901647446054702
166,"C/ BILBAO, 2",el Poblenou,0.7070280240625458,0.4906895982992311,0.21633842576331475,0.04680231446174925,0.4313974258788916,0.2756305981836542,0.07597222665507904,0.6377222093481886,0.06930581471435726,0.004803295953220819,0.677069377423697,0.02995864663884884,0.0008975205084314089
167,"C/ BAC DE RODA, 11",Diagonal Mar i el Front Marítim del Poblenou,0.6946911632100992,0.5971933900580393,0.09749777315205987,0.009505815769610527,0.435892613332922,0.25879854987717715,0.06697668941852974,0.5836494776243052,0.11104168558579397,0.012330255937734324,0.5767999103994397,0.11789125281065949,0.013898347489266829
168,SELVA DE MAR / PG. DEL TAULAT,Diagonal Mar i el Front Marítim del Poblenou,0.685982893132194,0.4881122104497478,0.19787068268244618,0.0391528070652173,0.42255156944268446,0.2634313236895095,0.06939606230080712,0.5475107631820406,0.13847212995015334,0.019174530772932154,0.5394376991765188,0.1465451939556751,0.021475493871506438
17,"AV. MERIDIANA, 47 (D)",el Fort Pienc,0.359026369168357,0.3919985054593017,-0.0329721362909447,0.0010871617715886323,0.4195873374053567,-0.06056096823699969,0.0036676308738028854,0.4088946023854039,-0.04986823321704692,0.002486840684189782,0.3482369342635939,0.010789434904763084,0.00011641190556412
170,"AV. LITORAL, 40 (D)",la Vila Olímpica del Poblenou,0.4546443681509224,0.4779330772069543,-0.02328870905603192,0.0005423639694965032,0.4235719730578037,0.03107239509311871,0.0009654937368228677,0.5235797250630088,-0.06893535691208635,0.004752083432596732,0.5385767259367914,-0.083932357785869,0.007044640683495124
171,"AV. LITORAL, 172",la Vila Olímpica del Poblenou,0.3981133307220263,0.46694391544953007,-0.06883058472750375,0.004737649393930073,0.4303385785862243,-0.032225247864198,0.001038466599908998,0.5147359771103801,-0.11662264638835379,0.01360084165062301,0.5182542401234222,-0.12014090940139593,0.014433838111794425
173,"AV.LITORAL, 84",el Poblenou,0.5610019237768419,0.5465534330135,0.01444849076334187,0.00020875888533837533,0.44005504111977867,0.12094688265706321,0.014628148424461418,0.5480563207773038,0.012945602999538064,0.00016758863702164893,0.5138702099384224,0.04713171383841952,0.002221398449346666
174,"PG. DE GARCIA FÀRIA, 21/ESPRONCEDA",Diagonal Mar i el Front Marítim del Poblenou,0.6058713590815415,0.5327306314417996,0.073140727639742,0.005349566039670919,0.4316084854544824,0.17426287362705917,0.030367549124760394,0.5966014220429993,0.009269937038542286,8.593173269853813e-05,0.5878397238646482,0.018031635216893327,0.0003251398685951077
175,"C/ LLULL, 309",Diagonal Mar i el Front Marítim del Poblenou,0.6321133412042503,0.4425374507780482,0.18957589042620215,0.0359390182308874,0.4404681928262677,0.19164514837798263,0.03672786289681898,0.5972625859652845,0.03485075523896586,0.0012145751407263061,0.6018385379851005,0.03027480321914988,0.000916563709958248
176,"PG. DE GARCIA FÀRIA, 37/JOSEP FERRATER",Diagonal Mar i el Front Marítim del Poblenou,0.5482525366403608,0.5615187447004579,-0.013266208060097151,0.00017599227629378663,0.43584393175196023,0.11240860488840054,0.012635694452956547,0.584972450437778,-0.036719913797417236,0.0013483520692897527,0.5634263046820702,-0.015173768041709446,0.0002302432365836029
177,"C/ ROSSELLÓ, 557",el Camp de l'Arpa del Clot,0.3783296974786336,0.29310425481824764,0.08522544266038595,0.007263376076658734,0.33356773940768875,0.04476195807094485,0.002003632890345025,0.3051092416710159,0.07322045580761771,0.005361235148675298,0.3222198113467397,0.05610988613189388,0.0031483193217340974
178,"PG. DE GARCIA FÀRIA, 85",Diagonal Mar i el Front Marítim del Poblenou,0.6367057606214979,0.5695334628966028,0.06717229772489508,0.004512117581641945,0.42566054258117025,0.2110452180403276,0.04454008405768942,0.5517806350018489,0.08492512561964893,0.007212276961513151,0.5112956676261964,0.12541009299530148,0.015727691425090166
179,"PG. ZONA FRANCA, 244",la Marina de Port,0.5179668997406113,0.35343016111764813,0.16453673862296314,0.02707233835668129,0.40886826581357155,0.10909863392703972,0.011902511924746223,0.43939849958519706,0.07856840015541422,0.006172993502981293,0.4624683453488528,0.05549855439175849,0.0030800895395749757
18,"C/ ROSSELLÓ, 453",la Sagrada Família,0.1795334159810661,0.2962426922387563,-0.11670927625769023,0.013621055164593856,0.31156667070835703,-0.13203325472729094,0.017432780353881697,0.19825996750987054,-0.018726551528804453,0.00035068373216096837,0.20975464362441076,-0.030221227643344672,0.0009133226002708602
180,"GRAN VIA DE LES CORTS CATALANES, 179 (D)",la Bordeta,0.5270956241734229,0.32876162264345793,0.198334001529965,0.03933637616288816,0.4180748051308726,0.10902081904255034,0.011885538984708507,0.4596646758539612,0.06743094831946173,0.004546932791261918,0.4453475366983729,0.08174808747505002,0.006682749805828431
182,"C/ SANT PERE D´ABANTO, 2",Hostafrancs,0.4002844327754075,0.3681026311748884,0.03218180160051909,0.001035668354255173,0.37300031701410774,0.027284115761299743,0.000744422972876005,0.40040766574133596,-0.000123232965928477,1.518636389152917e-08,0.42089089154795034,-0.020606458772542857,0.00042462614314450845
183,"C/ GAVÀ, 1",la Bordeta,0.4452238637645201,0.34625968439530597,0.09896417936921414,0.00979390879822199,0.37810425446002593,0.06711960930449418,0.004505041953187941,0.3828643384401984,0.06235952532432171,0.0038887103986747205,0.34417513522914706,0.10104872853537306,0.010210845538615516
184,"C/ QUETZAL, 22-24",la Bordeta,0.3692395640345167,0.36644278400909847,0.002796780025418222,7.821978510578349e-06,0.3931022454762962,-0.0238626814417795,0.0005694275655918477,0.4484049434918238,-0.07916537945730712,0.006267157304619424,0.4312801176281364,-0.06204055359361971,0.003849030290202799
185,"C/GAVÀ, 81",la Bordeta,0.3922010295277025,0.3417451257546252,0.05045590377307735,0.002545798225558041,0.37532672628621677,0.016874303241485755,0.00028474210988561666,0.4242519926202425,-0.032050963092539964,0.001027264235159359,0.5164476139892629,-0.12424658446156034,0.015437213750363646
186,"C/CONSELL DE CENT, 6",Hostafrancs,0.3720928214384892,0.35144942780348937,0.02064339363499984,0.00042614970076955194,0.3605526189857047,0.011540202452784531,0.00013317627265125413,0.3366520937912063,0.0354407276472829,0.0012560451761688826,0.34099956337963366,0.031093258058855544,0.0009667906967145853
187,"C/ DE SANT PAU, 89 - 97",el Raval,0.5042525241151522,0.5532254832295066,-0.0489729591143544,0.0023983507244162276,0.4241170476738474,0.08013547644130481,0.0064216945844749185,0.4495353474203355,0.05471717669481668,0.00299396942545179,0.4666699563030416,0.03758256781211061,0.0014124494033518926
188,PG. SANT ANTONI /PL. SANTS,Sants,0.3696608485880516,0.34777838405766504,0.02188246453038656,0.0004788422539236258,0.34741103993692507,0.022249808651126524,0.0004950539850117447,0.29752786288510036,0.07213298570295124,0.0052031676264221675,0.2990957679808983,0.07056508060715327,0.004979430601094039
189,"C/ BRUC, 130",la Dreta de l'Eixample,0.162887760857304,0.15166326322810925,0.011224497629194752,0.0001259893470277986,0.31158043431693827,-0.14869267345963427,0.022109511140573426,0.1523784068600411,0.01050935399726291,0.00011044652143978591,0.09741053097748242,0.06547722987982157,0.004287267632734999
19,"C/ ROSSELLÓ, 354",la Sagrada Família,0.2115039597642908,0.2508271030163051,-0.03932314325201433,0.0015463095952184401,0.31368782732287265,-0.10218386755858186,0.010441542789229798,0.1875201036143665,0.023983856149924293,0.0005752253558202613,0.19555932517852065,0.01594463458577014,0.0002542313720737373
190,"AV. LITORAL, 72",el Poblenou,0.4086887610997094,0.5640865496059781,-0.15539778850626873,0.024148472672639025,0.44931137797967713,-0.04062261687996771,0.0016501970021766375,0.5784940613445825,-0.16980530024487306,0.028833839991251487,0.5297662418361015,-0.12107748073639213,0.014659756341471408
191,"C/ ENTENÇA, 137",la Nova Esquerra de l'Eixample,0.1849912899692784,0.2795190629033378,-0.09452777293405937,0.008935499855873087,0.3365524821053845,-0.1515611921361061,0.022970794961717673,0.3252205471725139,-0.1402292572032355,0.019664244575771178,0.3126527915326526,-0.12766150156337416,0.016297458981415384
192,"C/ JOAN GÜELL, 50",Sants,0.3707030705002307,0.29429308643566077,0.07640998406456995,0.005838485664747833,0.33192801540333033,0.03877505509690038,0.00150350489776766,0.27035385805110074,0.10034921244912998,0.010069964439160623,0.25106999509243344,0.11963307540779727,0.014312072731527709
193,"C/ FÍGOLS, 1",les Corts,0.1913364486371589,0.2837544551433788,-0.09241800650621992,0.008541087926583708,0.30929553948411925,-0.11795909084696035,0.013914347113441446,0.1853631794590694,0.005973269178089491,3.5679944673913905e-05,0.19985213243213235,-0.008515683794973444,7.251687049597333e-05
194,"C/ JOAN GÜELL, 98",les Corts,0.2441893264131784,0.3203369385948637,-0.07614761218168528,0.005798458840972345,0.3135779249173763,-0.0693885985041979,0.004814777602376775,0.24282263465594517,0.0013666917572332238,1.867846359289237e-06,0.2671585475298079,-0.022969221116629496,0.0005275851187046183
195,"C/ VALLESPIR, 130",les Corts,0.1616806694462289,0.33726699887980205,-0.17558632943357316,0.03083055908395528,0.31525694977862,-0.15357628033239112,0.023585673880733186,0.24048417723924936,-0.07880350779302048,0.0062099928404846395,0.22384360993196223,-0.06216294048573334,0.0038642311698328254
196,"C/ BERLÍN, 38",Sants,0.1891379195079556,0.22178958028150747,-0.03265166077355186,0.0010661309512711053,0.30323437746030846,-0.11409645795235285,0.013018001717273022,0.20618012395987445,-0.01704220445191884,0.00029043673258100235,0.2015065557895969,-0.012368636281641282,0.00015298316346753308
197,"C/ GELABERT, 1",les Corts,0.1498432261593122,0.24937130815949957,-0.09952808200018737,0.00990583910663602,0.2974032387142757,-0.1475600125549635,0.021773957305220987,0.215175885559845,-0.06533265940053279,0.0042683563843460256,0.23960210825534775,-0.08975888209603555,0.008056656915130012
198,"C/ VALLESPIR, 194",les Corts,0.1448799284502286,0.29144556740506306,-0.14656563895483446,0.02148148652223889,0.2781751606500555,-0.1332952321998269,0.017767618927205766,0.20705077123309865,-0.06217084278287005,0.0038652136923323453,0.19767923221434283,-0.052799303764114236,0.0027877664779752077
199,"C/ MEJÍA LEQUERICA, 2",la Maternitat i Sant Ramon,0.1811323601523895,0.3113724787329758,-0.1302401185805863,0.016962488487885178,0.2927180140670772,-0.1115856539146877,0.012451358159568457,0.19520490908538116,-0.014072548932991646,0.00019803663347144434,0.18492086755482726,-0.0037885074024377463,1.43527883383256e-05
2,"C/ ROGER DE FLOR, 126",el Fort Pienc,0.187323577261026,0.2813659358509848,-0.0940423585899588,0.008843965209162396,0.3679824139070757,-0.1806588366460497,0.032637615258304074,0.26188332536048664,-0.07455974809946064,0.005559156036655025,0.23673329675505964,-0.04940971949403364,0.0024413203804790878
20,"C/ CARTAGENA, 308",la Sagrada Família,0.2501688808826841,0.2369075392704757,0.013261341612208377,0.00017586318135568948,0.2930807600132892,-0.042911879130605124,0.0018414293705196637,0.21337306280119525,0.036795818081488824,0.0013539322282860198,0.19442177246293735,0.05574710841974673,0.0031077400971629963
200,"C/ JOAN GÜELL, 174",les Corts,0.2355591931963573,0.30951281073016496,-0.07395361753380766,0.005469137546336704,0.28961755019814933,-0.05405835700179204,0.0029223059617331983,0.21238768674262326,0.02317150645373403,0.0005369187113354379,0.22941316838159573,0.006146024814761564,3.777362102366491e-05
201,"C/ NUMÀNCIA, 136",les Corts,0.1509682933243172,0.21861191782284184,-0.06764362449852465,0.004575659935297405,0.27173217496605667,-0.12076388164173948,0.014583915109180064,0.18278973305136395,-0.03182143972704676,0.00101260402630207,0.1953659887688858,-0.04439769544456862,0.001971155360788669
202,"C/ DE LES CORTS, 20",les Corts,0.1468212241082903,0.18612522156032216,-0.039303997452031864,0.0015448042157093272,0.2686681332972758,-0.1218469091889855,0.014846669278908878,0.170920896579414,-0.024099672471123712,0.0005807942132154381,0.15756166023118653,-0.01074043612289624,0.00011535696811001443
203,"AV. DIAGONAL, 668",les Corts,0.1041487105821191,0.15149764499490442,-0.04734893441278533,0.0022419215900262466,0.23866948712798158,-0.13452077654586247,0.018095839322501864,0.20098062166756417,-0.09683191108544507,0.00937641900445954,0.1685088994540159,-0.0643601888718968,0.004142233911626229
204,"AV. DIAGONAL, 672",Pedralbes,0.152847265741378,0.30275971324262385,-0.14991244750124585,0.022473741915813795,0.24880514580812202,-0.09595788006674402,0.00920791474690363,0.17975036897427843,-0.026903103232900433,0.0007237769635600977,0.18024681280346413,-0.027399547062086138,0.0007507351792074732
205,"C/ DE CAN SEGALAR, 4",les Corts,0.1024042634183479,0.1793648319300432,-0.07696056851169532,0.005922929105643349,0.262217670313348,-0.15981340689500007,0.025540325023386854,0.18649580415093037,-0.08409154073258247,0.007071387222779577,0.16962574077041853,-0.06722147735207064,0.004518727017394946
206,"AV. DIAGONAL, 650",les Corts,0.1727719916297138,0.20303911613844472,-0.030267124508730925,0.0009160988260270202,0.23727626368451077,-0.06450427205479697,0.0041608011133192615,0.19094231335441456,-0.01817032172470076,0.00033016059157913244,0.17141028963583196,0.0013617019938818309,1.8542323201417538e-06
207,"AV. DIAGONAL, 634",les Corts,0.1924350148591205,0.19669604435020238,-0.004261029491081869,1.815637232386941e-05,0.24045998704061103,-0.048024972181490516,0.002306397953032938,0.17718951035890831,0.015245504500212198,0.0002324254074659904,0.19203750317095516,0.0003975116881653473,1.5801554222806432e-07
208,"AV. DIAGONAL, 630",Sant Gervasi - Galvany,0.0936601836568003,0.2339615054095909,-0.1403013217527906,0.01968446088558007,0.23600891100004073,-0.14234872734324044,0.02026316017624021,0.17264548077656733,-0.07898529711976703,0.006238677161097877,0.1802116231394928,-0.08655143948269249,0.00749115167652618
209,"C/ DIPUTACIÓ, 200",l'Antiga Esquerra de l'Eixample,0.1926367564665436,0.3451975265863842,-0.1525607701198406,0.023274788579558846,0.3608674316833336,-0.16823067521678997,0.02830156008389707,0.29653140809177553,-0.10389465162523193,0.010794098636328306,0.320619496172268,-0.12798273970572438,0.0163795816625832
21,"C/ SANT ANTONI MARIA CLARET, 214",la Sagrada Família,0.2495132978295496,0.23228255428442657,0.017230743545123023,0.00029689852311779873,0.27397460079022873,-0.024461302960679138,0.0005983553425341299,0.20989140802797837,0.03962188980157122,0.0015698941514478535,0.20533655556904956,0.04417674226050003,0.0019515845567506492
210,"C/ VILARDELL, 18",Hostafrancs,0.2886609558160505,0.45108507454105706,-0.16242411872500656,0.026381594343595025,0.3764811578989245,-0.087820202082874,0.007712387893876827,0.4007407296681335,-0.11207977385208301,0.01256187570673407,0.4178997814494026,-0.1292388256333521,0.016702674051087985
211,"C/ SANCHO DE ÁVILA, 60-64",el Parc i la Llacuna del Poblenou,0.5498077974716119,0.2772429758129558,0.2725648216586561,0.074291582005815,0.4349465329676697,0.11486126450394218,0.013193110083444568,0.49528083297885817,0.05452696449275374,0.002973189856794027,0.47938372327705436,0.07042407419455754,0.004959550226160545
212,"AV. SARRIÀ, 163",les Corts,0.2919108531500056,0.1234745866507663,0.1684362664992393,0.02837077587220276,0.19954432498339575,0.09236652816660984,0.008531575525553128,0.15989077822722408,0.1320200749227815,0.017429300182616844,0.14072218043710782,0.15118867271289776,0.02285801475668772
213,"C/ SANTA FE DE NOU MÈXIC, 2",les Tres Torres,0.1926797278465448,0.15912136408575842,0.033558363760786386,0.001126163778301261,0.2132814222123227,-0.02060169436577791,0.00042442981074092533,0.18019281618277255,0.012486911663772249,0.00015592296289885144,0.17466338246573387,0.018016345380810928,0.00032458870088066725
214,"C/ JOSÉ DE  AGULLÓ, 9",les Tres Torres,0.2650146693748589,0.20072346725619802,0.06429120211866088,0.004133358669862505,0.21053769894279653,0.05447697043206237,0.0029677403074557978,0.18063407093341433,0.08438059844144458,0.007120085393336319,0.16513250286009054,0.09988216651476836,0.009976447187683915
215,"C/ GANDUXER, 29",Sant Gervasi - Galvany,0.1216424358540891,0.13436934249340565,-0.012726906639316554,0.0001619741526058798,0.22856209805630184,-0.10691966220221275,0.01143181416543528,0.1915515484236428,-0.0699091125695537,0.004887284020262532,0.24391423368699786,-0.12227179783290876,0.014950392545291711
216,"C/ MADRAZO, 131",Sant Gervasi - Galvany,0.2078133613992883,0.13634083287320461,0.07147252852608368,0.005108322333911846,0.23555880193979883,-0.027745440540510535,0.0007698094707870055,0.16269319094061532,0.045120170458672976,0.0020358297822197055,0.17090083390003266,0.03691252749925564,0.0013625346863833036
217,"C/ RECTOR UBACH, 24",Sant Gervasi - Galvany,0.1643474158410467,0.1575492564541175,0.006798159386929209,4.6214971050093716e-05,0.19974580355228064,-0.035398387711233936,0.0012530458525548376,0.1546708001433723,0.00967661569767439,9.363689136047842e-05,0.13933923288748515,0.025008182953561553,0.0006254092146388067
218,"C/ CONSELL DE CENT, 566",la Sagrada Família,0.3305780350159715,0.3272634920489869,0.0033145429669845794,1.0986195079986939e-05,0.38311833464301653,-0.05254029962704504,0.002760483084899669,0.3125472067340242,0.018030828281947298,0.00032511076853307055,0.2620700382926512,0.06850799672332031,0.004693345615042466
219,"C/ LAFORJA, 74-76",Sant Gervasi - Galvany,0.1015429741738406,0.19859583531767622,-0.09705286114383561,0.009419257856204637,0.22378920585545342,-0.12224623168161282,0.014944141160354557,0.16326482446543056,-0.061721850291589955,0.003809586803417443,0.17630817301651053,-0.07476519884266992,0.005589834957983973
22,"C/ SARDENYA, 292",la Sagrada Família,0.3009448212540354,0.29955862727729254,0.0013861939767428333,1.9215337411581106e-06,0.35486222137857143,-0.05391740012453605,0.0029070860361893203,0.2981172400496382,0.0028275812043971893,7.99521546746026e-06,0.32825518299754125,-0.027310361743505873,0.0007458558585611492
220,"C/ TUSET, 19",Sant Gervasi - Galvany,0.1721848216263199,0.15153065134821206,0.020654170278107842,0.0004265947498770734,0.2622214762563302,-0.09003665463001029,0.008106599176963753,0.1566865956536771,0.015498225972642804,0.0002401950082991,0.15600488144245617,0.016179940183863734,0.0002617904643534084
221,"GRAN DE GRÀCIA, 155 (METRO FONTANA)",la Vila de Gràcia,0.1359775099496883,0.13515282323591127,0.0008246867137770286,6.801081758803548e-07,0.2390636091114593,-0.103086099161771,0.010626743840390484,0.14621544818592055,-0.010237938236232258,0.00010481537932890648,0.14790430272646593,-0.011926792776777634,0.00014224838594019515
222,"C/ DEL CANÓ, 1",la Vila de Gràcia,0.1735800486804042,0.2389146259005374,-0.0653345772201332,0.004268606980533547,0.27583075854169103,-0.10225070986128684,0.010455207667137062,0.19708509417045628,-0.023505045490052084,0.0005524871634894178,0.2500728735862869,-0.07649282490588269,0.005851152262082027
223,"C/ DE BONAVISTA, 14",la Vila de Gràcia,0.1798882286361064,0.2500437263768505,-0.07015549774074412,0.0049217938632515525,0.279787839473097,-0.09989961083699059,0.009979932245382168,0.18158668895518873,-0.0016984603190823289,2.8847674554972466e-06,0.1639014083619669,0.0159868202741395,0.0002555784224776378
224,"C / GIRONA, 176",la Dreta de l'Eixample,0.1271982665222102,0.25186315503871287,-0.12466488851650268,0.015541334428832041,0.3001533909645187,-0.1729551244423085,0.02991347507085442,0.17841980934874468,-0.05122154282653449,0.002623646449530507,0.12654031255944886,0.0006579539627613318,4.3290341711333997e-07
225,"C/ VILADOMAT, 200",la Nova Esquerra de l'Eixample,0.2620017804909068,0.2703796861030935,-0.008377905612186709,7.018930244670955e-05,0.32207997708730685,-0.06007819659640007,0.003609389706275697,0.21402518613983734,0.047976594351069435,0.0023017536055270674,0.20935689224610843,0.05264488824479835,0.0027714842583073072
226,"C/ MONTMANY, 1",la Vila de Gràcia,0.1843033509700176,0.3159739312853061,-0.1316705803152885,0.01733714172056484,0.28649808857168113,-0.10219473760166353,0.010443764393472861,0.18712141773467458,-0.0028180667646569846,7.941500290064285e-06,0.2230573465712019,-0.03875399560118431,0.0015018721750566129
227,"C/ DEL TORRENT DE LES FLORS, 102",la Vila de Gràcia,0.2351901969628627,0.29812404844028506,-0.06293385147742236,0.0039606696617822575,0.2351435427301255,4.665423273719771e-05,2.1766174322966105e-09,0.20327316798279207,0.03191702898007062,0.0010186967389146679,0.24658879243096563,-0.011398595468102929,0.00012992797864545662
228,"PL. DEL NORD, 5",la Vila de Gràcia,0.1245433642771187,0.18972521010892548,-0.06518184583180678,0.0042486730260414265,0.22745718726371772,-0.10291382298659901,0.010591254961717035,0.1974438157603059,-0.07290045148318719,0.00531447582645253,0.23026206888516176,-0.10571870460804306,0.011176444504002665
229,"C/ DE LA SANTACREU, 2 (PL. DE LA VIRREINA)",la Vila de Gràcia,0.1638691013408973,0.2236023978727286,-0.05973329653183129,0.0035680667145596883,0.24918523232110912,-0.08531613098021182,0.0072788422054326585,0.18469074876322178,-0.02082164742232448,0.00043354100137959166,0.19099092665121803,-0.02712182531032073,0.0007355934081635542
23,"C/ BRUC, 45",la Dreta de l'Eixample,0.2208266479475865,0.26902758889071143,-0.04820094094312494,0.002323330707802618,0.3434249149600104,-0.12259826701242388,0.01503033507444958,0.28941687553010287,-0.06859022758251637,0.00470461931982139,0.2608568401673463,-0.040030192219759786,0.001602416289150917
230,"C/ DE NIL FABRA, 16-20",la Vila de Gràcia,0.1530977556808235,0.18531200848196566,-0.03221425280114215,0.001037758083535895,0.2135303193484334,-0.06043256366760988,0.0036520947514397215,0.19081704214456216,-0.03771928646373865,0.0014227445713335778,0.2125571337078023,-0.05945937802697879,0.0035354176353551677
231,"C/ PAU ALSINA, 54",el Camp d'en Grassot i Gràcia Nova,0.2720864308778253,0.21017892692984044,0.06190750394798486,0.003832539045069761,0.2118007513053559,0.060285679572469414,0.003634363161514456,0.22302423029337776,0.049062200584447546,0.002407099526188565,0.24366606794556142,0.028420362932263882,0.0008077170292015988
232,"C/ PALAUDÀRIES, 2",el Poble-sec,0.6368959674120819,0.4927399710833912,0.1441559963286907,0.020780951277517484,0.4263315064858169,0.21056446092626496,0.044337392205168566,0.4926077480551875,0.1442882193568944,0.020819090245183275,0.527425031905407,0.10947093550667486,0.011983885720706567
233,"C/ NOU DE LA RAMBLA, 164",el Poble-sec,0.3746147238643827,0.43670679126094103,-0.062092067396558315,0.00385542483357874,0.37083458182433315,0.003780142040049561,1.4289473842950057e-05,0.39023554095669966,-0.015620817092316941,0.0002440099266316211,0.36203524296055345,0.012579480903829265,0.00015824333980980515
234,"PG. DE L´EXPOSICIÓ,34",el Poble-sec,0.4766986297344682,0.42366852112582276,0.05303010860864543,0.00281219241904473,0.3522645187926611,0.12443411094180712,0.015483847965877963,0.29064936516681217,0.18604926456765603,0.034614328846165665,0.2675205190635023,0.20917811067096587,0.04375548198387484
235,"AV. PARAL.LEL, 98",Sant Antoni,0.4585410310699142,0.3921386201024778,0.06640241096743638,0.0044092801822883144,0.3907035917607061,0.06783743930920805,0.004601918172030485,0.4384127777498822,0.020128253320031986,0.00040514658171537867,0.4340846043622085,0.024456426707705647,0.0005981168073093781
236,"AV. PARAL.LEL, 194",Sant Antoni,0.247148025088704,0.3389608378155334,-0.09181281272682937,0.008429592580811841,0.36329019495514614,-0.11614216986644213,0.013489003621285498,0.3684948526093605,-0.12134682752065648,0.014725052549327954,0.3879585365394798,-0.1408105114507758,0.019827600135029065
237,"C/ RIUS I TAULET, 4",el Poble-sec,0.3418140935895804,0.4191051740910892,-0.07729108050150879,0.005973911125090712,0.3590940358643068,-0.0172799422747264,0.00029859640501787664,0.37638074043913433,-0.034566646849553906,0.001194853074421775,0.3897885425399653,-0.047974448950384885,0.0023015477520930854
238,"C/ ESPRONCEDA, 298",Navas,0.3833043390565514,0.3830561638766696,0.0002481751798818488,6.1590919909388e-08,0.38402937777903545,-0.0007250387224840282,5.256811491012717e-07,0.3925437147721518,-0.009239375715600351,8.53660636140255e-05,0.4118005288666336,-0.028496189810082173,0.0008120328336922311
239,"C/ INDÚSTRIA, 329",Navas,0.3765888226767595,0.2982104305166935,0.07837839216006603,0.006143172357597101,0.34131333258090374,0.03527549009585579,0.0012443602015028198,0.31188376168282317,0.06470506099393636,0.004186744918229024,0.29740353718216905,0.07918528549459047,0.006270309438859801
24,"C/ MARINA, 199",el Fort Pienc,0.2321650124069479,0.29274431197174416,-0.06057929956479627,0.0036698515357613255,0.3666687058583298,-0.13450369345138188,0.018091243552063308,0.3266094052256657,-0.09444439281871783,0.00891974333489628,0.29633992190471387,-0.06417490949776597,0.004118419009046453
240,"C/ JOSEP ESTIVILL, 32",Navas,0.3524590505998956,0.3404534240436689,0.012005626556226667,0.00014413506900757498,0.3605159358858123,-0.008056885285916748,6.49134005104218e-05,0.3462821822475555,0.006176868352340048,3.815370264214006e-05,0.3406376632022027,0.011821387397692895,0.0001397452000063324
241,"C/ TEODOR LLORENTE, 1",el Guinardó,0.3326607672033539,0.24705343377915334,0.08560733342420057,0.007328615536002248,0.31198431115648756,0.020676456046866354,0.0004275158346579962,0.26738351415587297,0.06527725304748094,0.0042611197654248605,0.31495485392974926,0.017705913273604656,0.0003134993648524096
242,"C/ RAMON ALBÓ, 1",el Congrés i els Indians,0.3213547490766155,0.2934910326965091,0.027863716380106374,0.0007763866905110082,0.28795764459296697,0.03339710448364852,0.0011153665878917362,0.23842444715468666,0.08293030192192882,0.006877434976862272,0.24572659133457078,0.0756281577420447,0.005719618243455596
243,"C/ ALEXANDRE GALÍ, 1-5",el Congrés i els Indians,0.3182756937403777,0.32957383718655275,-0.01129814344617508,0.0001276480453303489,0.31910113638046167,-0.0008254426400839954,6.813555520688363e-07,0.2672226822618159,0.05105301147856178,0.0026064099810301613,0.2597261662936882,0.05854952744668945,0.0034280471642306417
244,"C/ FELIP II, 214",el Congrés i els Indians,0.3038825002846408,0.3105508922531137,-0.006668391968472909,4.446745144519399e-05,0.32007170714467054,-0.016189206860029726,0.00026209041875683355,0.25581301337125556,0.04806948691338525,0.002310675572116116,0.3102140354294,-0.006331535144759204,4.008833728932095e-05
246," C/ GARCILASO, 56",la Sagrera,0.3915492770395201,0.40633056237341914,-0.014781285333899052,0.0002184863961221392,0.36390281727789253,0.02764645976162755,0.0007643267373512913,0.35302356806704904,0.03852570897247104,0.0014842302518315357,0.37900244255009885,0.012546834489421232,0.00015742305570493016
247,"C/ FELIPE II, 112",la Sagrera,0.3848948953174246,0.2975786367129958,0.08731625860442882,0.00762412901667549,0.3556316326066193,0.029263262710805316,0.0008563385444816089,0.34168069486339697,0.04321420045402763,0.0018674671208808817,0.33218242029107875,0.05271247502634585,0.002778605023403135
248,"C/ PALÈNCIA, 31",la Sagrera,0.3004958567395229,0.38242539230479755,-0.08192953556527466,0.006712448797941605,0.37989890877869364,-0.07940305203917075,0.006304844673135259,0.36011781647677166,-0.059621959737248764,0.0035547780829101126,0.36999406915820127,-0.06949821241867837,0.004830001529391741
249,"C/ ANTILLES, 8",la Sagrera,0.3696855046499876,0.3706692340792614,-0.000983729429273772,9.67723590019301e-07,0.34403580899388686,0.025649695656100757,0.000657906887250594,0.2787980566991846,0.090887447950803,0.008260528195009924,0.2806922173939118,0.0889932872560758,0.007919805176642425
25,"C/ BRUC, 102",la Dreta de l'Eixample,0.1086006104593465,0.2915833994494038,-0.18298278899005732,0.03348270106657984,0.3402755493340403,-0.23167493887469381,0.053673277302593116,0.24085329097097843,-0.13225268051163191,0.017490771502511784,0.2279333054488257,-0.1193326949894792,0.014240292093452074
250,"C/ PORTUGAL, 3",la Sagrera,0.4643816867791631,0.3444922316176085,0.11988945516155458,0.014373481458934407,0.37268158536467466,0.09170010141448842,0.008408908599427462,0.40728410110309227,0.05709758567607082,0.0032601342900362472,0.4074340544680057,0.0569476323111574,0.003243032825846779
251,"C/ CARDENAL TEDESCHINI, 13",la Sagrera,0.2585872231262302,0.3677295960987622,-0.10914237297253199,0.01191205757807528,0.3268495736120745,-0.06826235048584428,0.004659748493852245,0.24682906942976773,0.011758153696462492,0.00013825417834963458,0.2769729978158135,-0.0183857746895833,0.00033803671093612193
252,"RAMBLA DE L'ONZE DE SETEMBRE, 31",Sant Andreu,0.4476068463667111,0.3477791006292457,0.09982774573746539,0.009965578819024039,0.3668055760056631,0.080801270361048,0.006528845291959175,0.37846641426748073,0.06914043209923038,0.004780399350868286,0.3475179137763843,0.1000889325903268,0.010017794427070983
253,"C/ ONZE DE SETEMBRE, 37-39",Sant Andreu,0.4195571232608269,0.3560192270580219,0.06353789620280498,0.004037064253878419,0.3632820304240222,0.05627509283680471,0.0031668860737909883,0.4134041699911136,0.006152953269713268,3.78588339392752e-05,0.39586825906921363,0.023688864191613257,0.0005611622866886968
254,"RAMBLA DE L'ONZE DE SETEMBRE, 69",Sant Andreu,0.4941718376260963,0.38309343811708535,0.11107839950901094,0.012338410837483441,0.36069111016564137,0.13348072746045492,0.017817104603372245,0.31483384492161726,0.17933799270447903,0.032162115627271774,0.33796720548094655,0.15620463214514974,0.024399887103601546
255,"C/ IRLANDA, 34",Sant Andreu,0.3025265607988887,0.30372117618375233,-0.001194615384863651,1.427105917752929e-06,0.3475442432687722,-0.045017682469883524,0.0020265917349592583,0.3504613832213453,-0.04793482242245661,0.0022977472006724493,0.35770398669237496,-0.05517742589348629,0.003044548328231171
256,"C/ MALATS, 28-30",Sant Andreu,0.2702475205680153,0.35124033891086426,-0.08099281834284894,0.006559836623117727,0.3672336932259444,-0.09698617265792908,0.00940631768683363,0.3709500072323409,-0.10070248666432557,0.01014099082037867,0.3416934537808307,-0.0714459332128154,0.005104521372650077
257,"C/ SANT ADRIÀ, 2-8",Sant Andreu,0.2830908085302165,0.3127193415263992,-0.029628532996182677,0.0008778499675058856,0.37010124550418694,-0.08701043697397043,0.00757081614240128,0.36549086436345873,-0.08240005583324223,0.006789769201321436,0.34304314206526754,-0.05995233353505103,0.0035942822962980042
258,"C/ FERNANDO PESSOA, 41",Sant Andreu,0.162221721383317,0.3808732560462699,-0.21865153466295292,0.047808493610464506,0.385365362701923,-0.223143641318606,0.04979308466092669,0.3093232708109613,-0.14710154942764428,0.02163886584401367,0.29056018081866525,-0.12833845943534825,0.016470760170238526
259,"C/ DE BARTRINA, 14",Sant Andreu,0.3234120228502251,0.3315996139765268,-0.008187591126301741,6.703664845149501e-05,0.34365484665667495,-0.020242823806449872,0.0004097719156589737,0.30737820860191356,0.016033814248311518,0.00025708319934935746,0.3308954440916131,-0.007483421241388011,5.6001593476057274e-05
26,"C/ DOS DE MAIG, 230-232",el Camp de l'Arpa del Clot,0.4332369109783738,0.3374135826324549,0.09582332834591889,0.009182110255289783,0.35290090894407045,0.08033600203430336,0.006453873222855593,0.28556733955119823,0.14766957142717557,0.021806302325485707,0.2483273624437236,0.1849095485346502,0.034191541139288156
260,"CARRER DEL CINCA, 7",Sant Andreu,0.2675337572813913,0.3604826350263091,-0.09294887774491783,0.008639493874039682,0.37368330435536545,-0.10614954707397417,0.01126772634400986,0.36725070312310365,-0.09971694584171237,0.009943469287998998,0.3146710141742804,-0.04713725689288911,0.0022219209873862223
261,"C/ VILLARROEL, 39",Sant Antoni,0.3181895093062605,0.30114236053249577,0.01704714877376473,0.00029060528131486836,0.3644531132862185,-0.04626360397995799,0.002140321053214385,0.3413343401560528,-0.023144830849792297,0.0005356831950654972,0.37312124057756213,-0.05493173127130163,0.0030174951004624975
262,"C/ ENTENÇA, 70",la Nova Esquerra de l'Eixample,0.5180436579501052,0.3009728048145516,0.21707085313555363,0.04711975528099709,0.3661838518514525,0.15185980609865268,0.02306140070832039,0.33375338811751315,0.18429026983259206,0.03396290355496959,0.314345936462374,0.2036977214877312,0.0414927617392933
263,"PG. TORRAS I BAGES, 29",Sant Andreu,0.2587476045541652,0.36924895218888837,-0.11050134763472319,0.012210547829089945,0.37147533213226974,-0.11272772757810456,0.012707540564923356,0.3699903112209602,-0.11124270666679503,0.012374939786554604,0.4059690212059074,-0.1472214166517422,0.02167414552094588
264,"C/ FERRAN JUNOY, 10",el Bon Pastor,0.3440549804698621,0.5796154587861787,-0.2355604783163166,0.055488738944611864,0.4246469273127924,-0.0805919468429303,0.006495061895933704,0.46862621770189367,-0.12457123723203156,0.015517993145519087,0.44069167968861755,-0.09663669921875545,0.00933865163589621
265,"C/ CASANOVA, 55",l'Antiga Esquerra de l'Eixample,0.259238348556325,0.31637101941287316,-0.05713267085654816,0.0032641420792026677,0.3533054690842401,-0.0940671205279151,0.008848623164413308,0.2977039530205257,-0.03846560446420072,0.0014796027267963384,0.2793099364091579,-0.020071587852832917,0.00040286863893398994
266,"C/ RIERA D'HORTA, 2",el Congrés i els Indians,0.205013056232421,0.34187502670502395,-0.13686197047260296,0.018731198961643644,0.33956947713609015,-0.13455642090366915,0.018105430406405373,0.3043262575022371,-0.09931320126981608,0.009863111946458997,0.28427136002391895,-0.07925830379149795,0.006281878719905379
267,"PG. TORRAS I BAGES, 129",Sant Andreu,0.1807439433329565,0.38152795645261245,-0.20078401311965594,0.040314219924434166,0.3853274544651702,-0.20458351113221368,0.0418544130271846,0.37567327744265183,-0.19492933410969532,0.037997445296449224,0.3688218146654178,-0.1880778713324613,0.035373285684949865
268,"C/ FERNANDO PESSOA, 72",Sant Andreu,0.1830077628027847,0.3389694387232596,-0.15596167592047488,0.024324044355923235,0.38362634832140763,-0.20061858551862294,0.04024781685549302,0.33763546291254287,-0.15462770010975818,0.02390972564123331,0.24729180027360415,-0.06428403747081946,0.0041324374735497195
269,"VIA BARCINO, 121",la Trinitat Vella,0.2299019055135866,0.38734802308640615,-0.15744611757281954,0.024789279938754114,0.3854570829398631,-0.15555517742627648,0.024197413224120355,0.34984408109560433,-0.11994217558201772,0.014386125483347568,0.311329809485215,-0.08142790397162838,0.006630503545212734
27,"C/ PROVENÇA, 322",la Dreta de l'Eixample,0.0766652979588593,0.1316876807901769,-0.05502238283131759,0.003027462612436073,0.30844329380467317,-0.23177799584581388,0.053721039358302115,0.16456687724341193,-0.08790157928455263,0.007726687640718492,0.1351267700961078,-0.05846147213724849,0.0034177437244542817
270,"CRTA. DE RIBES, 77 (TRINITAT VELLA)",la Trinitat Vella,0.1433244871730676,0.3889517244384885,-0.24562723726542093,0.06033273968664339,0.35766513084479573,-0.21434064367172814,0.04594191152961073,0.3268526349370215,-0.1835281477639539,0.0336825810216677,0.26088337685443913,-0.11755888968137154,0.013820092543116884
271,"VIA DE BÀRCINO, 54",la Trinitat Vella,0.3909650041629737,0.3949198982122891,-0.003954894049315427,1.5641186941310578e-05,0.36164369996066315,0.02932130420231055,0.0008597388801244344,0.3550890827105739,0.03587592145239982,0.0012870817400587615,0.3329700017379379,0.0579950024250358,0.0033634203062799088
272,"C/ CONCEPCIÓ ARENAL, 281",Sant Andreu,0.3648257577070373,0.27675329147013417,0.08807246623690312,0.007756759309050441,0.33599916084235526,0.02882659686468203,0.0008309726867988959,0.28471722656665066,0.08010853114038663,0.006417376761470295,0.2778353081269725,0.0869904495800648,0.007567338318141796
273,"AV. MERIDIANA, 404",Sant Andreu,0.292386211782132,0.3068380708824428,-0.014451859100310827,0.00020885623145523686,0.3356845083613672,-0.04329829657923523,0.0018747424866634131,0.2725326322561702,0.019853579525961784,0.00039416461999368895,0.29704020162116096,-0.0046539898390289824,2.1659621421785016e-05
274,"RAMBLA FABRA I PUIG, 67",Sant Andreu,0.2614227076468583,0.2852480908131794,-0.0238253831663211,0.0005676488830220169,0.3404431631193217,-0.07902045547246339,0.006244232383075569,0.31951214117553195,-0.05808943352867363,0.003374382287682192,0.3367259971500142,-0.0753032895031559,0.00567058540999611
275,"AV. RIO DE JANEIRO, 3",Porta,0.1455210211902615,0.3130363600789871,-0.1675153388887256,0.028061388763004586,0.3330696918113906,-0.18754867062112912,0.03517450385175278,0.28305495176207557,-0.13753393057181407,0.01891558205853257,0.3012129073592327,-0.15569188616897117,0.024239963418851877
276,PLAÇA ALFONS X EL SAVI / RONDA DEL GUIN,el Baix Guinardó,0.1836343115124153,0.20608604134853598,-0.022451729836120676,0.0005040801726341514,0.17648242286505192,0.00715188864736338,5.11495112242852e-05,0.18357910207514902,5.520943726627925e-05,3.0480819632592237e-09,0.19219398851721062,-0.008559677004795319,7.326807042642175e-05
277,"TRAVESSERA DE GRÀCIA, 328",el Baix Guinardó,0.2209522854684144,0.2233756413786102,-0.0024233559101958235,5.8726538674810285e-06,0.2669202431685487,-0.04596795770013429,0.0021130531351213353,0.21144360992837083,0.00950867554004356,9.041491052582269e-05,0.22112407136652015,-0.00017178589810576406,2.951039478800395e-08
278,"TRAVESSERA DE GRÀCIA, 368",el Baix Guinardó,0.2534333024064461,0.25692012724413155,-0.0034868248376854205,1.2157947448699959e-05,0.255032967244521,-0.001599664838074888,2.5589275941731574e-06,0.1860529470815299,0.06738035532491624,0.004540112283711968,0.2390775482544315,0.014355754152014621,0.00020608767727308503
279,"C/ MAS CASANOVAS, 137",el Guinardó,0.2795812042881475,0.2428856828671802,0.03669552142096727,0.0013465612923566678,0.23506629207193733,0.04451491221621015,0.0019815774096168955,0.20429526235605822,0.07528594193208926,0.0056679730526019165,0.23602393617327744,0.04355726811487004,0.0018972356056306742
28,"C/ SARDENYA, 362",la Sagrada Família,0.2520607328948492,0.32415570437448843,-0.07209497147963922,0.005197684912649993,0.29985370042001075,-0.047792967525161545,0.002284167744861146,0.22092898667144736,0.03113174622340184,0.0009691856229182948,0.2132082970342653,0.0388524358605839,0.0015095117723007859
280,"C/ SANT ANTONI Mª CLARET, 290-296",el Guinardó,0.315645583784746,0.28223908789103136,0.03340649589371464,0.001115993967896773,0.2927842132149984,0.022861370569747574,0.0005226422643273206,0.250509150995482,0.06513643278926401,0.0042427548765103075,0.256530784095244,0.05911479968950201,0.0034945595423299465
281,"C/ D'ESCORNALBOU, 51",el Guinardó,0.2925877885555305,0.2495269576497133,0.04306083090581722,0.0018542351582993837,0.23871078262135317,0.05387700593417735,0.0029027317684313814,0.23274632943583412,0.059841459119696405,0.003581000229574296,0.23918745938883337,0.05340032916669715,0.0028515951551116065
282,"PG. FONT D´EN- FARGAS, 1",la Font d'en Fargues,0.1479807112718505,0.12744517959466534,0.020535531677185165,0.0004217080612646753,0.22687617369733482,-0.07889546242548431,0.006224493991331007,0.17608316596216023,-0.028102454690309725,0.0007897479596209111,0.17660402640561157,-0.028623315133761068,0.0008192941692465954
283,"C/ FULTON, 1",Horta,0.2924259488681157,0.1534277967202521,0.13899815214786357,0.01932048630052063,0.2308544222162499,0.06157152665186577,0.003791052894241417,0.18499707193442463,0.10742887693369105,0.011540963599234136,0.2178062158697949,0.07461973299832078,0.005568104552740683
284,"AV. DIAGONAL, 652",les Corts,0.1501315295001878,0.21657060828319208,-0.06643907878300429,0.00441415118953425,0.23948559398121377,-0.08935406448102598,0.007984148839279349,0.19627759386705612,-0.04614606436686833,0.0021294592565511547,0.1786285751036406,-0.028497045603452814,0.0008120816081252694
285,"C/ MALATS, 98-100",Sant Andreu,0.2787318268905669,0.3415886097948219,-0.062856782904255,0.003950975157072644,0.3395121157345551,-0.06078028884398817,0.0036942435119586333,0.2995991049036512,-0.0208672780130843,0.0004354432916753515,0.37098002118362045,-0.09224819429305353,0.008509729350328954
286,"C/ BOLÍVIA, 76",el Parc i la Llacuna del Poblenou,0.4818270303634593,0.5461501982716122,-0.06432316790815285,0.004137469929740424,0.4476884561920439,0.034138574171415415,0.0011654422464572316,0.5527758229249148,-0.07094879256145548,0.00503373116592844,0.5435053632826605,-0.06167833291920122,0.003804216751691821
287,"Mercado Time Out GRAN VIA , 632",la Dreta de l'Eixample,0.2970915492957746,0.33631667375033203,-0.03922512445455745,0.0015386103884755208,0.3487145315455748,-0.05162298224980022,0.0026649322963631884,0.301853243423329,-0.0047616941275543945,2.2673730964386006e-05,0.33018518978645195,-0.03309364049067737,0.0010951890409262005
288,PL. VIRREI AMAT,Vilapicina i la Torre Llobeta,0.2955259524346258,0.2693947924279405,0.026131160006685306,0.0006828375232949895,0.2891016921172907,0.006424260317335118,4.1271120624886705e-05,0.21834719899511595,0.07717875343950986,0.005956559982476656,0.24522326554123522,0.0503026868933906,0.0025303603086944903
289,"C/ MÚRCIA, 64",Navas,0.3939824932644164,0.34020556947858904,0.05377692378582738,0.0028919575318666867,0.39631942198378406,-0.002336928719367637,5.461235839405263e-06,0.4096133598778581,-0.015630866613441652,0.0002443239910872049,0.41304489152707513,-0.01906239826265871,0.00036337502752421374
29,"C/ PROVENÇA, 388-390",la Dreta de l'Eixample,0.2033502771512859,0.2461447524767555,-0.042794475325469594,0.0018313671183822259,0.3221133315564838,-0.11876305440519791,0.014104663091651998,0.1995944081044986,0.0037558690467872913,1.4106552296614877e-05,0.15045458339838066,0.05289569375290523,0.0027979544176011378
290,"PL. DELS JARDINS D'ALFÀBIA, 1",Porta,0.1425316438927783,0.31530127949273934,-0.17276963559996103,0.029849346985343323,0.2676540415228398,-0.12512239763006147,0.015655614388695213,0.22263292861247597,-0.08010128471969766,0.006416215813746069,0.1997149097821366,-0.05718326588935829,0.0032699258977730477
291,"C/ CUBELLES, 2",Vilapicina i la Torre Llobeta,0.1673089756423089,0.3258689993983651,-0.1585600237560562,0.02514128113352111,0.2909997860141103,-0.12369081037180141,0.015299416570432935,0.21150956053040632,-0.044200584888097416,0.0019536917044499055,0.2211386290593885,-0.0538296534170796,0.0028976315870029093
292,"C/ AMILCAR, 1",Vilapicina i la Torre Llobeta,0.2904037558685446,0.2934905479745974,-0.0030867921060527825,9.528285505989773e-06,0.2741234011245077,0.016280354744036885,0.0002650499505916843,0.22890360919391226,0.061500146674632356,0.003782268041001293,0.23161421505153185,0.058789540817012764,0.0034562101094752096
293,"C/ GRANOLLERS, 1",Horta,0.2048385565052231,0.17871071162619673,0.026127844879026363,0.0006826642780224641,0.22731993504700718,-0.022481378541784086,0.00050541238113899,0.22729394616598497,-0.022455389660761882,0.0005042445248166517,0.24048128916868186,-0.03564273266345877,0.0012704043917187908
294,SEU DEL DISTRICTE (NOU BARRIS),la Guineueta,0.1491991512693405,0.144440185964377,0.004758965304963503,2.2647750773846367e-05,0.24889874910801157,-0.09969959783867108,0.009940009809192747,0.17972418639218637,-0.03052503512284588,0.0009317777692509745,0.18219211935320212,-0.032992968083861623,0.0010885359429827117
295,"C/ SANT ISCLE, 60",el Turó de la Peira,0.1783043746766144,0.27681060219730014,-0.09850622752068575,0.009703476860357106,0.2712788382526167,-0.09297446357600234,0.008644250877245385,0.19802538215034138,-0.019721007473726987,0.0003889181357787957,0.1880698035266733,-0.009765428850058905,9.536360062556278e-05
296,"C/ DE ROSSELLÓ I PORCEL, 1 | AV. MERIDIANA",Porta,0.2178874674516019,0.3520091088652133,-0.1341216414136114,0.017988614695481363,0.3443151517979475,-0.12642768434634563,0.015983959369179207,0.3450588642645565,-0.1271713968129546,0.01617256416735796,0.2953757408224449,-0.07748827337084299,0.006004432509994495
297,"C/ TURÓ BLAU, 1-3",la Prosperitat,0.2082156042796865,0.2770812773310225,-0.06886567305133601,0.0047424809248135065,0.27464150328694936,-0.06642589900726287,0.004412400058923086,0.20462743097499836,0.003588173304688136,1.2874987664476579e-05,0.19603946608339456,0.01217613819629193,0.0001482583413751993
298,"C/ ANDREU NIN, 22",Porta,0.2956286615592609,0.30316058227170184,-0.007531920712440965,5.672982961849721e-05,0.3503900493035566,-0.05476138774429573,0.002998809587681103,0.32782233860468124,-0.032193677045420366,0.0010364328417048262,0.30173320917400054,-0.006104547614739664,3.726550158062372e-05
299,"C/ DE L'ESCULTOR ORDÓÑEZ, 55",Porta,0.2368082690445179,0.4683233820411477,-0.2315151129966298,0.05359924754584226,0.4423856662905116,-0.20557739724599372,0.042262066258437106,0.23304397623010678,0.0037642928144111243,1.4169900392627223e-05,0.23387313605930415,0.002935132985213751,8.615005640889785e-06
3," C/ NÀPOLS, 82",el Fort Pienc,0.3911426639621366,0.46793131342183397,-0.07678864945969738,0.005896496685844283,0.4702140890164861,-0.0790714250543495,0.006252290260125609,0.4106848606566376,-0.019542196694501024,0.00038189745164656674,0.3897010608087951,0.0014416031533415197,2.0782196517242133e-06
30,"C/ CASTILLEJOS, 180",la Sagrada Família,0.2641778623231482,0.37095760480586915,-0.10677974248272093,0.011401913404676197,0.3881814876092621,-0.12400362528611386,0.015376899084098937,0.38259019868545063,-0.11841233636230242,0.014021481402779047,0.3494769215604238,-0.0852990592372756,0.007275929506764252
300,"C/ DE MALADETA, 1",Porta,0.2928108994828255,0.331036426672253,-0.03822552718942751,0.0014611909289096619,0.3059919845529499,-0.013181085070124388,0.00017374100362585603,0.2531240183035726,0.0396868811792529,0.0015750485377361379,0.24936731278400268,0.04344358669882284,0.0018873452252581367
301,"C/ MARIE CURIE, 8-14",la Guineueta,0.1521664747216797,0.13600374288905406,0.01616273183262565,0.00026123390029337044,0.24816602362026527,-0.09599954889858556,0.009215913388731919,0.18140136418101072,-0.029234889459331004,0.000854678761699303,0.21116447801367744,-0.058998003291997725,0.0034807643924425744
302,"C/ CAVALLERS, 41",Pedralbes,0.2177622430187544,0.12355977551933942,0.094202467499415,0.008874104882978339,0.14255573406128863,0.07520650895746578,0.00565601898956938,0.19712959883803802,0.020632644180716392,0.00042570600588805,0.19572665233525316,0.02203559068350125,0.00048556725677080704
303,"C/ CAVALLERS, 67",Pedralbes,0.1803807639488919,0.21335719372433504,-0.03297642977544313,0.001087444920734732,0.14092246628909535,0.039458297659796554,0.0015569572542091061,0.16821114167888113,0.012169622270010783,0.0001480997061947424,0.17693381044983347,0.003446953499058436,1.1881488424671197e-05
304,"PG. MANUEL GIRONA, 7",Sarrià,0.2107648970747562,0.23921862765794094,-0.028453730583184733,0.0008096147841004622,0.19960877566828578,0.011156121406470432,0.0001244590448359078,0.15508210944508036,0.05568278762967585,0.003100572838211582,0.15774691168180338,0.05301798539295283,0.002810906775127359
305,"AV. DIAGONAL, 680",Pedralbes,0.1830818988002086,0.24670085070412057,-0.06361895190391198,0.0040473710413522655,0.2409520780625345,-0.057870179262325905,0.003348957647853735,0.16994778425011986,0.013134114550088727,0.0001725049650148524,0.18032178199952384,0.0027601168006847476,7.618244753422207e-06
306,"C/ DOCTOR SALVADOR CARDENAL, 1-5",la Maternitat i Sant Ramon,0.1512020133723987,0.18498123462637295,-0.033779221253974256,0.0011410357885249462,0.26215510363007566,-0.11095309025767697,0.012310588237728211,0.18385600951719613,-0.03265399614479744,0.0010662834642244463,0.18856440229924118,-0.03736238892684249,0.0013959481063206421
307,C/ PINTOR RIBALTA | AV. XILE,la Maternitat i Sant Ramon,0.1665820929183581,0.18880046421412874,-0.022218371295770645,0.000493656023036725,0.28120153642954654,-0.11461944351118844,0.013137616830814517,0.18496064679860066,-0.018378553880242565,0.00033777124272897906,0.21354240953127673,-0.046960316612918634,0.0022052713363855617
308,"C/ CARDENAL REIG, 11",la Maternitat i Sant Ramon,0.2225709939574246,0.26968229345064987,-0.04711129949322526,0.0022194745399403666,0.2733176315767988,-0.050746637619374174,0.002575221229672082,0.1874798212204188,0.035091172737005794,0.0012313904040583787,0.19303148208741933,0.02953951187000528,0.0008725827615181828
309,"C/ SANT RAMON NONAT,  26",la Maternitat i Sant Ramon,0.2981195826315573,0.34313800069303674,-0.04501841806147944,0.002026657964758138,0.3082356539529104,-0.010116071321353115,0.00010233489897870296,0.23558862816441062,0.06253095446714668,0.003910120266572371,0.23005640306194475,0.06806317956961255,0.004632596413125324
31,PL. DEL MAR,la Barceloneta,0.6623979770667467,0.6070238148960374,0.05537416217070934,0.0030662978361080174,0.44902205797112893,0.21337591909561782,0.04552928284989964,0.6204197946828415,0.04197818238390527,0.0017621677962564148,0.6809623959784235,-0.018564418911676706,0.00034463764952821974
310,C/ JOSEP SAMITIER | AV. JOAN XXIII,la Maternitat i Sant Ramon,0.2133420213943502,0.30782648680200503,-0.09448446540765482,0.00892731420337032,0.3088753091665005,-0.09553328777215031,0.009126609072556484,0.22085636065024902,-0.007514339255898811,5.6465294452741895e-05,0.2268418642109283,-0.013499842816578095,0.00018224575607231518
311,"C/ GALLEGO, 2",la Maternitat i Sant Ramon,0.2245440872344425,0.29591503691955606,-0.07137094968511357,0.0050938124589550125,0.31531284843289065,-0.09076876119844815,0.008238968009500906,0.2105710051290774,0.013973082105365103,0.00019524702352327446,0.214005164098586,0.010538923135856498,0.00011106890086349136
312,"C/ ARIZALA, 77",la Maternitat i Sant Ramon,0.2479489973571813,0.3435037349542463,-0.09555473759706501,0.00913070787724395,0.325944494682432,-0.07799549732525068,0.006083297603013187,0.24617105241363849,0.001777944943542803,3.161088222269421e-06,0.23483789276610847,0.013111104591072814,0.00017190106359805062
313,"C/ FELIU DE CASANOVA, 1",Sants - Badal,0.336920587754848,0.3543332975537669,-0.0174127097989189,0.00030320246254136635,0.3570203273586492,-0.02009973960380118,0.0004039995321406137,0.35605988002467986,-0.019139292269831853,0.00036631250859004533,0.34949948877256287,-0.01257890101771486,0.00015822875081346796
314,"RAMBLA DEL BRASIL, 44",Sants,0.2596576191012501,0.36767403450467123,-0.1080164154034211,0.011667545996604429,0.3334247441424858,-0.07376712504123567,0.005441588736849298,0.31191651307308443,-0.05225889397183431,0.00273099199915942,0.32342252848208014,-0.06376490938083001,0.004065963668345464
315,"C/ DEL GUINARDÓ, 32-38",el Camp de l'Arpa del Clot,0.3324659944790546,0.293315248289915,0.03915074618913961,0.0015327809271664294,0.3299373039749082,0.0025286905041463914,6.394275665760131e-06,0.24995367695480877,0.08251231752424584,0.006808282543221968,0.2642783416783979,0.0681876528006567,0.004649555994462905
316,"C/ CANTÀBRIA, 55",la Verneda i la Pau,0.5075441954734827,0.434435197999914,0.07310899747356875,0.005344925511590282,0.4143837897119046,0.09316040576157814,0.008678861201661881,0.5130897600090488,-0.005545564535566094,3.075328601812839e-05,0.5160809829833579,-0.008536787509875188,7.2876740988761e-05
318,"C/ CASTILLEJOS, 388",el Baix Guinardó,0.1534616469261139,0.18257104017753062,-0.029109393251416732,0.000847356775465626,0.2246795214249695,-0.07121787449885561,0.005071985648134748,0.22024371625251135,-0.06678206932639746,0.004459844783515757,0.23457461277085107,-0.08111296584473718,0.0065793132281295
319,"C/ SAGUÉS, 1",Sant Gervasi - Galvany,0.1127480160541663,0.17767860683299366,-0.06493059077882736,0.004215981618887541,0.2660119195889874,-0.1532639035348211,0.02348982412673095,0.16307142735092373,-0.05032341129675742,0.0025324457245426125,0.12393771541343623,-0.01118969935926993,0.00012520937175084589
32,LA BARCELONETA (CN BARCELONETA),la Barceloneta,0.5786310194878402,0.5403066740871544,0.038324345400685855,0.001468755450391071,0.44378437769747037,0.13484664179036987,0.018183616802140326,0.5796117652767702,-0.0009807457889299265,9.61862302503784e-07,0.5650755417222264,0.013555477765613833,0.000183750977454051
320,"C/ MADRAZO, 39",Sant Gervasi - Galvany,0.0888052838391438,0.16660768002192541,-0.07780239618278162,0.006053212851782512,0.23464628434018125,-0.14584100050103746,0.02126959742714361,0.15268038163113898,-0.06387509779199518,0.004080028117936948,0.14140949645099712,-0.05260421261185333,0.002767203184513069
321,"C/ SANT HERMENEGILD, 30",el Putxet i el Farró,0.1754454138253777,0.12944581038051337,0.04599960344486434,0.0021159635170847754,0.18824164552414793,-0.012796231698770227,0.00016374354568861197,0.14906386119764373,0.02638155262773398,0.0006959863190498976,0.13298480520282557,0.04246060862255213,0.0018029032845975485
322,"C/ SANTALÓ, 165",Sant Gervasi - Galvany,0.159474257454888,0.12194560558103698,0.037528651873851016,0.0014083997114687013,0.12349354991856332,0.03598070753632468,0.0012946113148145316,0.1270529712292116,0.03242128622567639,0.0010511398005272335,0.1620093080517535,-0.0025350505968655124,6.4264815286681905e-06
323,"C/ VALLMAJOR, 13",Sant Gervasi - Galvany,0.1192919996465048,0.1613082287346121,-0.04201622908810729,0.001765363506784313,0.16757911335989992,-0.04828711371339511,0.0023316453507703505,0.160082280528709,-0.04079028088220418,0.001663847014449112,0.14987537553174893,-0.030583375885244124,0.0009353428805381318
324,"C/ REINA VICTORIA, 31",Sant Gervasi - Galvany,0.1799276937835924,0.1013847960666025,0.07854289771698991,0.006168986781781539,0.16686510617756262,0.013062587606029796,0.00017063119496520324,0.16745526119489323,0.012472432588699178,0.00015556157467964528,0.14332718147722293,0.03660051230636949,0.0013395975010887043
325,"C/ ALT DE GIRONELLA, 13",les Tres Torres,0.1264166494951576,0.24488607847215194,-0.11846942897699433,0.014035005602135105,0.1988527414442099,-0.07243609194905229,0.0052469874168515574,0.1645341107773369,-0.0381174612821793,0.001452940854598438,0.16242067311410033,-0.036004023618942727,0.0012962897167533858
326,"C/ BALMES, 409",Sant Gervasi - la Bonanova,0.0714637509850275,0.00253203164129151,0.06893171934373599,0.004751581931683586,0.08849705491680193,-0.017033303931774435,0.0002901334428322024,0.14363144714926238,-0.07216769616423488,0.005208176369653322,0.1385608163738234,-0.0670970653887959,0.004502016183788352
327,"C/ REUS, 23",Sant Gervasi - la Bonanova,0.1110985957798302,0.03226986698507567,0.07882872879475453,0.006213968483396962,0.10637669007068035,0.004721905709149848,2.229639352610193e-05,0.14733137565215226,-0.03623277987232207,0.0013128143372761472,0.13193195830788085,-0.020833362528050653,0.0004340289942251851
328,"C/ ARTESA DE SEGRE, 2",Sant Gervasi - la Bonanova,0.1087910329611102,0.08404627737959763,0.024744755581512567,0.0006123029287887974,0.13559506888897643,-0.026804035927866232,0.0007184563420223437,0.15229069306032003,-0.04349966009920983,0.0018922204287467879,0.15344765535678306,-0.04465662239567286,0.0019942139237897113
329,"C/ DE LES ESCOLES PIES, 99",les Tres Torres,0.1723109449918828,0.033438075558429925,0.13887286943345287,0.019285673864680847,0.08605470311170804,0.08625624188017475,0.007440139263291213,0.12777934063710517,0.044531604354777626,0.0019830637864104495,0.13914057698389573,0.03317036800798706,0.0011002733137852915
33,"C/ PONTEVEDRA, 58B | C/ JUDICI",la Barceloneta,0.708382925338566,0.5510480302067366,0.1573348951318293,0.024754269226143724,0.4419409217979837,0.26644200354058223,0.07099134125071964,0.636170668051683,0.07221225728688296,0.005214610102466982,0.6982659381912393,0.010116987147326673,0.00010235342893917308
330,"C/ PAU ALCOVER, 94",les Tres Torres,0.1264437155173497,0.1259722185910388,0.0004714969263109048,2.2230935152063077e-07,0.11852984774895778,0.007913867768391925,6.262930305559258e-05,0.15716023294875384,-0.030716517431404133,0.000943504443113754,0.1559898720605857,-0.029546156543236002,0.0008729753664774076
331,"C/ CASTELLNOU, 65",les Tres Torres,0.1248431823884276,0.11688270951553945,0.00796047287288816,6.336912835998828e-05,0.16167616086695366,-0.036832978478526054,0.0013566683035995636,0.14197431134936908,-0.017131128960941475,0.00029347557947640774,0.14930025253850604,-0.024457070150078433,0.0005981482803258575
332,"C/ DOCTOR ROUX, 86",les Tres Torres,0.1772624216717282,0.05356191121044335,0.12370051046128486,0.015301816288382444,0.1308336739876797,0.046428747684048505,0.0021556286115090393,0.14467431407575979,0.03258810759596842,0.0010619847566864145,0.1566718822260411,0.020590539445687117,0.00042397031466439715
333,"PASSATGE DE SENILLOSA, 3-5",Sarrià,0.1101874838051773,0.15432169483504168,-0.04413421102986438,0.0019478285832286028,0.16890324648558477,-0.05871576268040747,0.003447540787141931,0.151290237330895,-0.0411027535257177,0.0016894363473958986,0.18824774240969325,-0.07806025860451594,0.006093403973403906
334,"PG. BONANOVA, 100",Sarrià,0.1507349117759212,0.1092649163402698,0.041469995435651386,0.0017197605214329468,0.10931028002225979,0.0414246317536614,0.0017160001159264523,0.14260669488642197,0.008128216889499218,6.606790980274034e-05,0.14318080696639388,0.007554104809527312,5.706449947332367e-05
335,"C/ SANTA AMÈLIA, 2",Sarrià,0.1479504758598744,0.24241322449192562,-0.09446274863205123,0.008923210879122097,0.18205973223916747,-0.034109256379293074,0.0011634413707483453,0.1775667611846283,-0.02961628532475391,0.0008771243564372339,0.166944136452322,-0.018993660592447614,0.00036075914270109746
336,"AV. JOSEP VICENÇ FOIX, 52",Sarrià,0.2098454499037743,0.1537024344005981,0.056143015503176186,0.0031520381897898815,0.14361777433924683,0.06622767556452747,0.004386105010680309,0.14365824477267436,0.06618720513109994,0.0043807461230663015,0.14972863192976318,0.06011681797401111,0.0036140318033203852
337,"C/ CARME KARR, 12-14",Sarrià,0.1154615968342407,0.13452228823063767,-0.01906069139639696,0.00036330995650868115,0.11948506267398568,-0.004023465839744972,1.6188277363594713e-05,0.10796096093480162,0.007500635899439084,5.625953889595436e-05,0.11130058713200805,0.004161009702232654,1.7314001742074283e-05
338,"AV. JOSEP VICENÇ FOIX, 63",Sarrià,0.0945617137625264,0.13352964720990892,-0.03896793344738253,0.0015184998371596341,0.12737483757419818,-0.032813123811671785,0.001076701094280102,0.15516203521781222,-0.06060032145528582,0.0036723989604839752,0.15316600815240225,-0.058604294389875855,0.0034344633209352346
339,"C/ RAMON TURRÓ, 246",el Poblenou,0.7163975798903597,0.4652943568379596,0.25110322305240007,0.06305282862730338,0.43692160591599505,0.27947597397436463,0.07810682002891974,0.6162143202893247,0.10018325960103502,0.010036685504288377,0.6584161225383587,0.057981457352001,0.0033618493966619104
34,"C/ SANT PERE MÉS ALT, 4","Sant Pere, Santa Caterina i la Ribera",0.4647962054827558,0.45778869943285855,0.00700750604989725,4.9105141039346555e-05,0.38856557431359634,0.07623063116915946,0.005811109128448426,0.4451499979225812,0.0196462075601746,0.0003859734714974616,0.43263556538784287,0.03216064009491293,0.0010343067713145212
340,"C/ SANT ADRIÀ, 113",el Bon Pastor,0.5775350896945133,0.44603187000573835,0.13150321968877493,0.017293096788514203,0.4072695872103302,0.1702655024841831,0.02899034133619136,0.48364211481568514,0.09389297487882814,0.008815890731596252,0.5298456714303224,0.04768941826419093,0.0022742806143769474
341,"PG. D'ENRIC SANCHIS, 33",el Bon Pastor,0.4417114988849847,0.6041242422820805,-0.16241274339709583,0.026377899217770895,0.4925675554630745,-0.05085605657808984,0.0025863384906738745,0.5450354841560084,-0.10332398527102377,0.010675845932286735,0.5723231517732992,-0.1306116528883145,0.017059403870217555
342,"C/ ROC BORONAT, 134",el Parc i la Llacuna del Poblenou,0.427140336086048,0.49606277083077277,-0.06892243474472476,0.004750302011140842,0.45800453565194904,-0.03086419956590103,0.0009525988148437653,0.5213874014125837,-0.09424706532653565,0.00888250932266428,0.5549779347600323,-0.1278375986739843,0.016342451634730675
343,CAMPANA DE LA MAQUINISTA (SAO PAULO I P,el Bon Pastor,0.5923290284523764,0.5086889993552787,0.08364002909709778,0.006995654467363363,0.4215771423618411,0.17075188609053538,0.02915620660347517,0.44810328069032784,0.1442257477620486,0.020801066317522068,0.45048971351276634,0.1418393149396101,0.020118391262537904
344,"C/ CIUTAT D'ASUNCIÓN, 73 / POTOSÍ",Baró de Viver,0.5166541541541542,0.4502395011017963,0.06641465305235789,0.004410906140065071,0.4107373324894132,0.10591682166474098,0.011218373111560544,0.4921823370944097,0.02447181705974444,0.000598869830205599,0.49720790200945514,0.019446252144699028,0.00037815672247521154
345,PL. TERESA DE CLARAMUNT/C/ DELS FERROCA,la Marina de Port,0.4263360072308214,0.3531248745489395,0.0732111326818819,0.005359869948564116,0.38029675568678356,0.04603925154403782,0.0021196126827351886,0.40582073669957625,0.020515270531245133,0.000420876324970175,0.3874320335646821,0.03890397366613929,0.0015135191670156594
346,"PG. ZONA FRANCA, 182",la Marina de Port,0.4086153189137589,0.3986943175747508,0.009921001339008084,9.84262675686002e-05,0.41055222052497103,-0.0019369016112121273,3.7515878515161347e-06,0.4334249561236045,-0.02480963720984558,0.0006155180984841544,0.4271350783908338,-0.018519759477074904,0.00034298149108870574
347,"C/ ALTS FORNS, 77",la Marina de Port,0.4914788752256318,0.39635718751785254,0.09512168770777923,0.00904813547237628,0.41856626552916026,0.07291260969647151,0.005316248652749991,0.4513390973048393,0.040139777920792485,0.0016112017715305398,0.39195712583197245,0.09952174939365932,0.00990457860237433
348,JARDINS DE CAN FERRERO/PG.DE LA ZONA FR,la Marina de Port,0.3590610328638497,0.4150629497541742,-0.056001916890324466,0.0031362146953908088,0.46036643550196676,-0.10130540263811705,0.010262784603671013,0.480610392403515,-0.12154935953966528,0.01477424680450282,0.4452683216939969,-0.08620728883014717,0.0074316966474444164
349,"C/ DE L'ENERGIA, 2 / ALTS FORNS",la Marina de Port,0.4596562711482066,0.3948723603870846,0.064783910761122,0.0041969550935050184,0.42969291774693047,0.02996335340127615,0.000897802547049767,0.43487651584829345,0.024779755299913164,0.0006140362727235745,0.43561504964271286,0.02404122150549376,0.0005779803314762156
35,"C/ SANT RAMON DE PENYAFORT, 1",el Besòs i el Maresme,0.514282556010228,0.550125156692403,-0.03584260068217504,0.0012846920236618546,0.4453986815046634,0.0688838745055646,0.004744988166898373,0.5148867355293055,-0.0006041795190775412,3.6503289127276895e-07,0.5665961256790928,-0.0523135696688648,0.0027367095714991713
350,"C/ LONDRES, 63",l'Antiga Esquerra de l'Eixample,0.1441309255079007,0.13610884086268896,0.00802208464521173,6.43538420549418e-05,0.28468223648159957,-0.14055131097369888,0.019754671016425408,0.1594829901628568,-0.015352064654956116,0.00023568588916995285,0.1343692762456384,0.009761649262262279,9.528979631942569e-05
351,"C/ JANE ADDAMS, 26/ CRTA. DEL PRAT",la Marina de Port,0.4439071203412463,0.39714747522422883,0.04675964511701747,0.0021864644114694153,0.4379321885595108,0.005974931781735471,3.5699809796392606e-05,0.43466132914007327,0.009245791201173026,8.548465493568855e-05,0.4061793185754487,0.0377278017657976,0.0014233870260793203
352,"C/RADI,10/GRAN VIA DE LES CORTS CATALA",la Marina de Port,0.3666669353668563,0.4287323568526112,-0.06206542148575489,0.0038521165442044047,0.4237893977529421,-0.057122462386085815,0.003262975709049789,0.4569245763505747,-0.09025764098371841,0.008146441755945805,0.4589963332865545,-0.09232939791969819,0.008524717720213968
353,C/ MUNNÉ  2-6,Sants - Badal,0.38868747315468,0.3612202511167091,0.027467222037970918,0.0007544482864831953,0.3324023696495628,0.05628510350511717,0.0031680128765817534,0.24043617052255983,0.14825130263212016,0.02197844873212048,0.22516823159723084,0.16351924155744915,0.026738542359523405
354,"RAMBLA DEL BRASIL, 5",Sants - Badal,0.3719494364655655,0.367837276606463,0.0041121598591025155,1.690985870681402e-05,0.3513886800757738,0.020560756389791712,0.00042274470332036074,0.33727394853179465,0.03467548793377084,0.0012023894634450873,0.3734705872895444,-0.0015211508239789118,2.313899829291722e-06
355,"C/ RIERA BLANCA, 123",Sants - Badal,0.4256430543326144,0.3804378259991214,0.045205228333493,0.002043512668683238,0.3693707485168463,0.05627230581576809,0.0031665724018233267,0.37131086751187303,0.05433218682074137,0.002951986524723942,0.3473664725908347,0.0782765817417797,0.00612722324917752
356,"C/ CAMÈLIES, 73",el Baix Guinardó,0.2133417101617372,0.16009150087489443,0.053250209286842765,0.0028355847890925556,0.13931305644693062,0.07402865371480657,0.0054802415708267455,0.1794370916424076,0.033904618519329605,0.001149523156941268,0.19426876192027312,0.019072948241464077,0.00036377735462156765
357,"C/ CARDENER, 59",la Salut,0.2061006596322581,0.1699348872674988,0.03616577236475929,0.001307963090739587,0.18298263614661944,0.023118023485638656,0.0005344430098825404,0.1986101571545342,0.007490502477723898,5.610762736878786e-05,0.20683314965135208,-0.0007324900190939787,5.365416280722973e-07
358,"C/ GOMBAU, 24","Sant Pere, Santa Caterina i la Ribera",0.6319806953609771,0.5139594527240451,0.11802124263693203,0.013929013713565584,0.41947993780539267,0.21250075755558445,0.045156571961697284,0.5375361667155109,0.09444452864546626,0.008919768991064298,0.5450919157779371,0.08688877958303998,0.007549660017430105
359,"C/ MÉNDEZ NÚÑEZ, 16","Sant Pere, Santa Caterina i la Ribera",0.4458564206619668,0.4566172581012384,-0.010760837439271587,0.00011579562239442908,0.39030864811419924,0.05554777254776755,0.0030855550350185183,0.357823484042619,0.0880329366193478,0.007749797929826107,0.3433147848334263,0.10254163582854048,0.010514787078393017
36,"AV. DE LA CATEDRAL, 6",el Barri Gòtic,0.5259591622306921,0.45936909154641936,0.0665900706842727,0.004434237513736434,0.3916048687546543,0.13435429347603778,0.018051076175445286,0.45847852539070977,0.06748063683998229,0.004553636348329575,0.47199382964493797,0.05396533258575409,0.0029122571210910522
360,"C/ BAILÉN, 62",la Dreta de l'Eixample,0.1750789711191336,0.2610876309862574,-0.08600865986712383,0.007397489572138598,0.35129642456968496,-0.17621745345055137,0.03105259090059724,0.25663868840762133,-0.08155971728848774,0.006651987484178046,0.23859236512503418,-0.06351339400590059,0.004033951218148768
361,PG. DE COLOM (LES RAMBLES),el Barri Gòtic,0.5880495091762697,0.5433248263544914,0.04472468282177833,0.0020002972535086735,0.44659102071265017,0.14145848846361958,0.020010503958411995,0.5474619493556466,0.04058755982062312,0.0016473500121926602,0.5720466621636412,0.01600284701262855,0.00025609111250959453
362,"C/ BAILÉN, 100",la Dreta de l'Eixample,0.1920713682432432,0.3177996964592685,-0.12572832821602528,0.015807612515996577,0.3392518866994647,-0.14718051845622152,0.021662105013042162,0.18067591145075498,0.011395456792488212,0.00012985643550946573,0.1475464633120193,0.04452490493122391,0.001982467159134527
363,"C/ BRUC, 20",la Dreta de l'Eixample,0.4608711385365482,0.30336374155343315,0.15750739698311506,0.024808580104396603,0.3573782358978443,0.10349290263870392,0.01071078089658425,0.2645771622008122,0.19629397633573603,0.038531325145694496,0.24675996633667407,0.21411117219987413,0.045843594060804155
364,"PG. DE GRÀCIA, 61",la Dreta de l'Eixample,0.2417410493162945,0.26748856277714705,-0.02574751346085255,0.0006629344494167833,0.3236571759822375,-0.08191612666594297,0.0067102518079508134,0.19919880301050152,0.04254224630579298,0.0018098427207427564,0.20115988732908557,0.04058116198720893,0.001646830708232091
365,"C/ VILADOMAT, 244",la Nova Esquerra de l'Eixample,0.136883735496981,0.287267023963681,-0.1503832884667,0.0226151334500587,0.3191886437783087,-0.1823049082813277,0.033235079583463306,0.20447215868380064,-0.06758842318681965,0.00456819494888062,0.21152630839693767,-0.07464257289995668,0.005571513689125348
367,"C/ MARQUÈS DE SENTMENAT, 46",les Corts,0.1754577464788732,0.3993839171312163,-0.2239261706523431,0.050142929903022285,0.2998694197791735,-0.12441167330030029,0.015478264453380651,0.19414501302401688,-0.018687266545143688,0.0003492139309292465,0.20342024811711412,-0.027962501638240933,0.0007819014978686269
368,"C/ DIPUTACIÓ, 373",la Dreta de l'Eixample,0.1768424792872742,0.28341372706724216,-0.10657124777996796,0.011357430853379325,0.36245291250763845,-0.18561043322036425,0.0344512329202513,0.25800581771609077,-0.08116333842881657,0.006587487504910612,0.29482768841158735,-0.11798520912431315,0.013920509572107907
369,"C/ CONSELL DE CENT, 482",el Fort Pienc,0.2400553383357163,0.2748342516602835,-0.03477891332456723,0.0012095728120377599,0.3582779293676465,-0.11822259103193022,0.01397658103030303,0.32150078666618287,-0.08144544833046657,0.006633361053750701,0.3156480293874886,-0.0755926910517723,0.005714254940448696
37,PG. DE COLOM - VIA LAIETANA,el Barri Gòtic,0.699644950405771,0.473447808707398,0.22619714169837302,0.051165146912513844,0.44468695696930155,0.25495799343646947,0.0650035784171508,0.6113082466982964,0.0883367037074746,0.007803373221902156,0.6447404808242493,0.05490446958152173,0.003014500780028245
370,"C/ SARDENYA, 326",la Sagrada Família,0.1420438542136097,0.32598159184149583,-0.18393773762788612,0.03383309132366508,0.3256914160014284,-0.1836475617878187,0.03372642695061069,0.20456456145184576,-0.06252070723823605,0.003908838833569222,0.2259567148036957,-0.08391286059008599,0.007041368172411206
371,"C/ DELS ENAMORATS, 49",la Sagrada Família,0.3531151888125883,0.35670295074039565,-0.0035877619278073536,1.2872035650623939e-05,0.35490893615924973,-0.001793747346661434,3.2175295436549346e-06,0.3278105866820335,0.0253046021305548,0.0006403228889856785,0.3556464267129884,-0.0025312379004001073,6.407165308421944e-06
372,"C/ RIBES, 77",el Fort Pienc,0.4525399017802332,0.32881975507417605,0.12372014670605713,0.0153066747009683,0.401956161663952,0.050583740116281195,0.0025587147641514753,0.3889690547089336,0.06357084707129956,0.0040412525973625565,0.36982515354199114,0.08271474823824204,0.006841729576115765
373,"AV. PARAL.LEL, 132",Sant Antoni,0.5114973365994012,0.36362988814254893,0.1478674484568523,0.021864782313139867,0.3755960284566989,0.1359013081427023,0.01846916555489772,0.3629269988563529,0.14857033774304834,0.022073145257083454,0.33615956582475237,0.17533777077464885,0.030743333860223303
374,"PG. DE GRÀCIA, 89",la Dreta de l'Eixample,0.2358482484005496,0.20746973597894208,0.02837851242160752,0.0008053399672633323,0.30564098704039055,-0.06979273863984095,0.004871026366849148,0.18432737768523177,0.05152087071531783,0.0026544001192644944,0.1699986581810717,0.0658495902194779,0.004336168532073159
375,WORLD TRADE CENTER,el Raval,0.3040392509418591,0.5517446019696721,-0.24770535102781305,0.061357940927812084,0.44091265301650373,-0.13687340207464466,0.01873432819548734,0.3920652125125393,-0.08802596157068021,0.007748569910442869,0.3514734221835733,-0.04743417124171423,0.0022500006013882693
376,WORLD  TRADE CENTER,el Raval,0.2721398188118135,0.5739733768746897,-0.30183355806287626,0.0911034967728957,0.44462797729963494,-0.17248815848782145,0.029752164818519812,0.41085595503819594,-0.13871613622638246,0.019242166449576294,0.3663879924895318,-0.09424817367771832,0.008882718241585355
377,PL. ICTÍNEO,el Barri Gòtic,0.6759283963381081,0.6082048762294634,0.06772352010864469,0.004586475175906001,0.4691254247591625,0.20680297157894556,0.042767469053882165,0.4938036004764747,0.18212479586163338,0.03316944126764163,0.5649141020989386,0.11101429423916953,0.012324173525420909
378,"PL. JOAQUIM XIRAU I PALAU, 1",el Barri Gòtic,0.5610003379520108,0.5082314814237521,0.05276885652825869,0.0027845522192999498,0.410727405257577,0.15027293269443376,0.022581954300585818,0.4987589839871839,0.062241353964826884,0.0038739861433748713,0.5889014183711118,-0.027901080419101,0.0007784702885531412
379,"AV. JOSEP TARRADELLAS, 27",Sants,0.2552537572812409,0.25460634777918423,0.0006474095020566617,4.1913906335325464e-07,0.3159536278624839,-0.06069987058124299,0.0036844742885796477,0.20297858533666194,0.05227517194457895,0.0027326936018352943,0.20942627642169778,0.04582748085954311,0.0021001580019317898
380,"C/ DURAN I BAS, 2",el Barri Gòtic,0.5293145643041585,0.3814635996563974,0.14785096464776104,0.021859907747273484,0.3957341600353718,0.13358040426878665,0.017843724404612474,0.43949930944473187,0.0898152548594266,0.008066780005463754,0.43579951096927494,0.09351505333488352,0.00874506520022611
381,"C/ AGUSTÍ DURAN I SANPERE, 10",el Raval,0.412769764123601,0.45567434884543195,-0.04290458472183095,0.00184080339015277,0.40383504865378556,0.008934715469815446,7.982914052655945e-05,0.4790645617345416,-0.06629479761094059,0.004395000190275574,0.4838722668552007,-0.07110250273159968,0.00505556589469714
382,"C/ LOPE DE VEGA, 79",el Poblenou,0.6193697695868132,0.4747681169337127,0.14460165265310054,0.02090963795000794,0.42680602983502924,0.19256373975178398,0.03708079386719279,0.6015913988754317,0.017778370711381553,0.0003160704651513094,0.6127194456160832,0.006650323970730065,4.4226808915666906e-05
383,"C/ NUMÀNCIA, 2",Sants,0.2451790237163251,0.25611548842039444,-0.010936464704069337,0.00011960626022335443,0.32790095620544935,-0.08272193248912424,0.006842918114735228,0.2403811098551687,0.004797913861156411,2.301997741907682e-05,0.23352586065075764,0.011653163065567462,0.00013579620943270565
384,"C/ VILAMARÍ, 85",la Nova Esquerra de l'Eixample,0.2324475051389021,0.22586705338126448,0.006580451757637634,4.330234533459623e-05,0.33078420608417,-0.09833670094526786,0.009670106752799045,0.29538464174652146,-0.06293713660761935,0.003961083164366139,0.31010939200651183,-0.07766188686760972,0.006031368671837411
385,"C/ CASANOVA, 119",l'Antiga Esquerra de l'Eixample,0.1909496057593417,0.2899273329937978,-0.09897772723445611,0.009796590488498395,0.3268206392602842,-0.1358710335009425,0.018460937744614242,0.20724659387746702,-0.016296988118125327,0.0002655918217223181,0.19105586829628768,-0.00010626253694598353,1.1291726758196515e-08
386,AV. PARAL.LEL 164,Sant Antoni,0.3587212212212212,0.3494696075159157,0.009251613705305473,8.559235615219605e-05,0.37324804960113833,-0.014526828379917145,0.0002110287427795662,0.3942920378852381,-0.0355708166640169,0.0012652829981451025,0.4045390993596616,-0.045817878138440404,0.002099277957108975
387,"C/ NÀPOLS, 125",el Fort Pienc,0.2403762245242653,0.282127806073172,-0.04175158154890671,0.0017431945618350071,0.37651087404577555,-0.13613464952151025,0.01853264280034443,0.2461490217049299,-0.005772797180664591,3.332518728908905e-05,0.22127717623141235,0.019099048292852944,0.0003647736456927289
388,"C/ RIERA ALTA, 6",el Raval,0.3788036117381489,0.6532793888188122,-0.2744757770806633,0.07533695220403397,0.4023775542978798,-0.023573942559730887,0.0005557307678094913,0.48586138098588527,-0.10705776924773636,0.011461365956301565,0.5358482540220545,-0.15704464228390558,0.024663019670079864
389,RECINTE PARC DE LA CIUTADELLA,"Sant Pere, Santa Caterina i la Ribera",0.6647386998561344,0.5577821856760935,0.10695651418004093,0.011439695925545296,0.4209350336605145,0.24380366619561994,0.059440227650425274,0.5183449429436776,0.14639375691245682,0.0214311320629435,0.46325275541160743,0.201485944444527,0.04059658580870302
39,PL. PAU VILA (D),la Barceloneta,0.7970874283374284,0.48111496138511467,0.31597246695231374,0.099838599871931,0.44387865522456815,0.35320877311286025,0.12475643740389199,0.5326286083882873,0.2644588199491411,0.06993846744889223,0.4943337894928943,0.3027536388445341,0.09165976583360659
390,"C/ COMERÇ, 36","Sant Pere, Santa Caterina i la Ribera",0.6373820673900628,0.4477750364517935,0.18960703093826925,0.03595082618122579,0.4047540344663545,0.23262803292370826,0.054115801701953896,0.5092736403037925,0.12810842708627024,0.016411769090518218,0.5159351730367853,0.12144689435327749,0.014749348148056144
391,"C/ GRAN DE LA SAGRERA, 74",la Sagrera,0.4434049694419397,0.3513314849443307,0.09207348449760899,0.008477526547531443,0.38326201287309264,0.06014295656884705,0.0036171752248422223,0.4116375656985112,0.03176740374342851,0.0010091679405979958,0.4120929821933152,0.031311987248624495,0.000980440545458023
392,"C/ RAMON TURRÓ, 4",la Vila Olímpica del Poblenou,0.5071397122695955,0.48320234784909005,0.02393736442050548,0.0005729974154000816,0.41507585730721935,0.09206385496237618,0.008475753390533436,0.44113470164767177,0.06600501062192377,0.0043566614272002695,0.47878983226000804,0.02834988000958749,0.0008037156965580084
393,"C/ LLACUNA, 86",el Poblenou,0.6793761258725513,0.5074972652738818,0.17187886059866941,0.029542342720696835,0.43450902318156787,0.24486710269098338,0.0599598979802766,0.6066173586240547,0.0727587672484965,0.005293838211520887,0.6650468415314099,0.014329284341141335,0.00020532838972927826
394,"C/ DIPUTACIÓ, 226",l'Antiga Esquerra de l'Eixample,0.2348736117392833,0.3623018136607876,-0.1274282019215043,0.016237946644947675,0.36071971566404953,-0.12584610392476622,0.01583724187304306,0.3081620565044362,-0.07328844476515287,0.005371196136094863,0.22665265467446236,0.008220957064820955,6.758413506162957e-05
395,"PL. CATALUNYA, 20",la Dreta de l'Eixample,0.2500961148806617,0.35065687903522935,-0.10056076415456766,0.01011246728735058,0.3690592381261009,-0.11896312324543923,0.014152224692309564,0.3742322473446645,-0.12413613246400279,0.015409779383120447,0.3562701292469957,-0.106174014366334,0.011272921326662499
396,"C/ JOAN MIRÓ, 2-12",la Vila Olímpica del Poblenou,0.4985255055409573,0.46245318360472154,0.036072321936235774,0.0013012124098714366,0.4162746253431059,0.08225088019785143,0.006765207293321308,0.5394712198653009,-0.040945714324343574,0.0016765515215307546,0.5224847980411588,-0.023959292500201457,0.0005740476971102098
397,AV. LITORAL (PG MARÍTIM DEL PORT OLÍMPI,la Vila Olímpica del Poblenou,0.5266848884542408,0.5438960916749718,-0.017211203220730997,0.00029622551630530103,0.42939480860837353,0.09729007984586724,0.009465359636415222,0.5602655844626495,-0.03358069600840874,0.0011276631444091586,0.5600390328243889,-0.033354144370148164,0.0011124989466646865
398,PG. MARÍTIM DE LA BARCELONETA/ANDREA DÒ,la Barceloneta,0.5997593283816562,0.5438814046811861,0.05587792370047018,0.0031223423570755668,0.4504815505163714,0.14927777786528484,0.022283854964397325,0.5076756015949615,0.09208372678669474,0.008479412738926643,0.5151163731702048,0.08464295521145149,0.007164429866927782
399,"C/ PAVIA, 3",Sants,0.5213031952702307,0.4456376219233971,0.0756655733468336,0.005725278989905056,0.3779175723297035,0.1433856229405272,0.02055943686604304,0.426463880449072,0.0948393148211587,0.008994495635746853,0.3859916156860945,0.1353115795841362,0.018309223569554025
4,"C/ RIBES, 13",el Fort Pienc,0.3995478660566617,0.42793086148653836,-0.028382995429876656,0.0008055944295723991,0.407110825786318,-0.007562959729656316,5.719835987240313e-05,0.4419741816162938,-0.04242631555963211,0.0017999922519654817,0.4552858750065097,-0.055738008949847984,0.0031067256416933337
40,"C/ DOCTOR AIGUADER, 2",la Barceloneta,0.6109610454573876,0.41960041516614144,0.19136063029124617,0.036618890825463,0.4340215563721922,0.1769394890851954,0.03130758279772999,0.5802663861169359,0.03069465934045168,0.0009421621120263775,0.5944885264690125,0.016472518988375096,0.0002713438818223781
400,MOLL ORIENTAL,la Barceloneta,0.4011364936104727,0.5857552797369383,-0.1846187861264656,0.03408409619080965,0.45949509034657465,-0.05835859673610194,0.0034057258130069682,0.45897725707811554,-0.05784076346764283,0.0033455539185198056,0.45818275509228595,-0.05704626148181324,0.003254275949051409
401,PLA DE PALAU,"Sant Pere, Santa Caterina i la Ribera",0.6063928611642833,0.5869962132670377,0.0193966478972456,0.00037622994964972215,0.42121444683321135,0.1851784143310719,0.03429104513417014,0.6155182003315347,-0.009125339167251445,8.32718149173733e-05,0.65336227013503,-0.04696940897074675,0.002206125379061265
402,PG. DE COLOM (VIA LAIETANA),el Barri Gòtic,0.5530140845070423,0.4875778469545201,0.06543623755252215,0.00428190118503011,0.44526468683607945,0.10774939767096281,0.011609932698455287,0.6077199535293858,-0.054705869022343534,0.002992732105489806,0.6502465068397183,-0.09723242233267604,0.009454143952679878
403,"C/ VALLESPIR, 49",Sants,0.3047600995871028,0.35701714521281386,-0.05225704562571104,0.0027307988175276454,0.34314559003457107,-0.03838549044746825,0.0014734458768926764,0.28391180409815614,0.020848295488946678,0.00043465142479443437,0.27378851858292425,0.030971581004178572,0.000959238829898395
404,"C/ JUAN GRIS, 28",la Bordeta,0.3018084686513306,0.4105167479021257,-0.10870827925079513,0.011817489977668854,0.40451046221639686,-0.10270199356506626,0.010547699482238913,0.4658674609383258,-0.16405899228699522,0.026915352950224358,0.4846355719500532,-0.1828271032987226,0.03342574970060178
405,"C/ COMTE BORRELL, 198",la Nova Esquerra de l'Eixample,0.2534378292939936,0.26662652721484337,-0.013188697920849757,0.0001739417528474267,0.3300659906073799,-0.07662816131338629,0.005871875106270351,0.240325234663531,0.013112594630462604,0.00017194013794283672,0.23417828642191296,0.01925954287208065,0.0003709299916415125
406,"GRAN VIA DE LES CORTS CATALANES, 592",la Dreta de l'Eixample,0.2782564501384852,0.33005328315384225,-0.051796833015357036,0.0026829119104207805,0.36063401090225616,-0.08237756076377095,0.006786062517388776,0.33616485179217614,-0.05790840165369093,0.0033533829820851947,0.3492420407514623,-0.0709855906129771,0.005038954074673183
408,"C/ RAMON TRIAS FARGAS, 23",la Vila Olímpica del Poblenou,0.3833596629805161,0.40721321058727383,-0.02385354760675773,0.0005689917334278574,0.41229376467562506,-0.02893410169510896,0.0008371822409029072,0.45184128630900255,-0.06848162332848645,0.0046897327337047,0.3534835208269414,0.029876142153574703,0.0008925838699806033
409,"C/ JOAN D'ÀUSTRIA, 31B",la Vila Olímpica del Poblenou,0.457962524877023,0.5275065397935232,-0.06954401491650025,0.004836370010706409,0.41842150534940215,0.039541019527620846,0.001563492225283693,0.5216786510007551,-0.06371612612373206,0.0040597447282153315,0.5136826116015559,-0.055720086724532936,0.0031047280645894715
41,PL. POETA BOSCÀ | C/ ATLÀNTIDA,la Barceloneta,0.7616230838593328,0.4795321510835838,0.2820909327757489,0.0795752943542921,0.4247107787110696,0.33691230514826315,0.11350990136031638,0.5612088024691255,0.20041428139020723,0.04016588418515316,0.5607458464306504,0.20087723742868235,0.040351664516979226
410,PG.DE COLOM (LES RAMBLES),el Barri Gòtic,0.5308896113141285,0.5385826181856063,-0.007693006871477781,5.9182354724604355e-05,0.45766342240061614,0.07322618891351235,0.005362074742797399,0.5851969948860785,-0.054307383571949974,0.002949291910430902,0.5822920086800293,-0.0514023973659008,0.0026422064549619655
411,"C/ JOSEP PLA, 67",Diagonal Mar i el Front Marítim del Poblenou,0.5393781654473833,0.4852368780117139,0.05414128743566937,0.0029312790051917704,0.43446367271938885,0.10491449272799441,0.011007050784372393,0.5624011722780557,-0.023023006830672488,0.000530058843525192,0.5720258305713873,-0.03264766512400408,0.001065870038049112
412,"PL. URQUINAONA, 3",la Dreta de l'Eixample,0.3070712392229665,0.3750390893504931,-0.06796785012752665,0.0046196286509579245,0.36561688463826775,-0.05854564541530127,0.003427592597094187,0.3480871506170971,-0.04101591139413063,0.0016823049874911751,0.3668643282208192,-0.05979308899785274,0.0035752134919051384
413,"C/ BRUC, 66",la Dreta de l'Eixample,0.2270045666756495,0.26688622535213424,-0.039881658676484744,0.0015905466987876308,0.33593620504834426,-0.10893163837269476,0.011866101838559545,0.24507713515808385,-0.018072568482434354,0.00032661773155227955,0.21402899142886714,0.012975575246782362,0.00016836555298491114
414,"VIVAGYM-C/ CASP, 67",la Dreta de l'Eixample,0.2445777572681125,0.2947606628416247,-0.05018290557351221,0.002518324011800043,0.375242018952007,-0.13066426168389447,0.017073149281397252,0.27601071240746783,-0.03143295513935532,0.0009880306687927239,0.2388089093960594,0.005768847872053118,3.3279605770891786e-05
415,"RAMBLA DEL RAVAL, 13",el Raval,0.5142992445597023,0.6806610929401716,-0.1663618483804693,0.027676264596566257,0.4255440819697362,0.08875516258996613,0.007877478886371324,0.5072932649875811,0.007005979572121235,4.908374976498004e-05,0.5523614271045968,-0.03806218254489446,0.0014487297400808687
416,"RAMBLA DEL RAVAL, 20",el Raval,0.3792751084417751,0.5725017678712094,-0.19322665942943434,0.03733654191425861,0.454576181588518,-0.07530107314674289,0.005670251617051123,0.4862413768853156,-0.10696626844354051,0.011441782584735572,0.45788761458662786,-0.07861250614485277,0.006179926122374514
417,"C/ VILLAR, 2",el Guinardó,0.2684016674280493,0.2448812052617314,0.023520462166317868,0.0005532121405171902,0.30355514706223174,-0.03515347963418247,0.0012357671303908817,0.2509794706728231,0.01742219675522616,0.00030353293977781294,0.26900614570357095,-0.0006044782755216804,3.653939855776646e-07
418,Time Out Market PG. LLUíS COMPANYS,"Sant Pere, Santa Caterina i la Ribera",0.385401720104702,0.4428159937442415,-0.05741427363953955,0.003296398817555926,0.3930289437897682,-0.007627223685066242,5.817454114203547e-05,0.34732294922196566,0.03807877088273631,0.0014499927919399268,0.3122029444732043,0.07319877563149768,0.005358060753950338
419,PG. DE LLUIS COMPANYS (ARC DE TRIOMF ),"Sant Pere, Santa Caterina i la Ribera",0.5647489972737264,0.4532155366871691,0.11153346058655733,0.012439712830413138,0.3993581100456119,0.1653908872281145,0.027354145578102892,0.49887955568121434,0.06586944159251207,0.0043387833357093585,0.520184524300405,0.044564472973321445,0.0019859922513898974
42,"C/ CIUTAT DE GRANADA, 168| AV.DIAGONAL   ",el Parc i la Llacuna del Poblenou,0.4485851094470046,0.5221453550047704,-0.07356024555776586,0.005411109726518812,0.44219129031348214,0.006393819133522438,4.0880923112197625e-05,0.4824556558874826,-0.033870546440478044,0.00114721391617658,0.449463381007923,-0.0008782715609184089,7.713609347180584e-07
420,"GRAN VIA DE LES CORTS CATALANES,368",Hostafrancs,0.2844533508099751,0.3602732224853142,-0.0758198716753391,0.0057486529408648885,0.369090996274378,-0.08463764546440294,0.0071635310297579686,0.3292993673416419,-0.04484601653166681,0.0020111651987585327,0.2828940208588673,0.0015593299511078018,2.4315098964218595e-06
421,"C/ VALLESPIR, 13",Sants,0.3372291737120956,0.3560440659313575,-0.018814892219261914,0.0003540001692224425,0.36041577975588285,-0.02318660604378725,0.0005376186998297915,0.34171185893297124,-0.004482685220875637,2.009446678945686e-05,0.3902690752060373,-0.05303990149394172,0.002813231150487041
422,"C/ JORDI GIRONA, 29",Pedralbes,0.2619523048836147,0.12982372676638881,0.1321285781172259,0.017457961155279866,0.2123268508581022,0.049625454025512494,0.002462685687238254,0.19787803954064093,0.06407426534297378,0.004105511479241811,0.19759055474109913,0.06436175014251558,0.004142434881407604
423,"C/ HONDURAS, 32-34",la Sagrera,0.3041835830283623,0.3156117060630291,-0.011428123034666782,0.00013060199609548148,0.36985046171215963,-0.06566687868379734,0.004312138956072557,0.3448422555956423,-0.04065867256728001,0.0016531276549332878,0.35921465420195325,-0.05503107117359096,0.003028418794512834
424,"PG. MARÍTIM DE LA BARCELONETA, 6",la Barceloneta,0.6729524795911064,0.5868720517764571,0.08608042781464931,0.00740984005275305,0.44567997729643954,0.22727250229466683,0.05165279029927934,0.6058156717300663,0.06713680786104004,0.004507350969770207,0.6553242707638459,0.01762820882726046,0.00031075374645750365
425,"C/ DE CERVELLÓ, 5",el Raval,0.6040939622499907,0.5471519326883525,0.056942029561638186,0.003242394730598477,0.41900706223450745,0.18508690001548322,0.03425716055734149,0.5668752554923489,0.03721870675764183,0.0013852321327113336,0.558903105803163,0.04519085644682763,0.0020422135063977824
426,"C/ DE RIBES, 59 B",el Fort Pienc,0.272556589893528,0.31325703104819047,-0.04070044115466248,0.0016565259101841434,0.38212131357202406,-0.10956472367849607,0.012004428674745196,0.3727583339299492,-0.10020174403642124,0.010040389507940478,0.3445734123667747,-0.0720168224732467,0.005186422719143131
427,"C/ DE SANT PAU, 119/ RONDA SANT PAU",el Raval,0.4678757016075162,0.5244151443572685,-0.05653944274975237,0.0031967085864525254,0.4074886651764212,0.060387036431095,0.0036465941689303944,0.44603301661243505,0.02184268499508113,0.00047710288779434235,0.4068916422061635,0.06098405940135271,0.0037190555010677157
428,"C/ PUJADES, 103",el Poblenou,0.5777987479442969,0.5743029698623487,0.00349577808194812,1.2220464398228877e-05,0.434242962477501,0.14355578546679587,0.02060826354098872,0.591235639363308,-0.013436891419011165,0.0001805500510062959,0.5919319012182507,-0.014133153273953813,0.0001997460214650714
429,"C/ GRAN CAPITÀ, 9",Pedralbes,0.2004700627287826,0.12284534239405046,0.07762472033473214,0.006025597207045377,0.15498836355936974,0.04548169916941286,0.00206858495933697,0.16804020998663396,0.03242985274214863,0.001051695348877445,0.1917817568681689,0.008688305860613699,7.548665872757435e-05
43,"C/ CLOT, 1",el Clot,0.4695953708926071,0.36608073408988306,0.10351463680272405,0.010715280032399872,0.3986144477587146,0.07098092313389254,0.005038291448939561,0.403407299761285,0.06618807113132213,0.004380860760084959,0.4020914060361264,0.06750396485648069,0.00455678527134498
430," C/ ALFAMBRA, 2 | AV. DIAGONAL",Pedralbes,0.239690057349056,0.13792938410576844,0.10176067324328755,0.01035523461892714,0.22581420022125415,0.013875857127801844,0.00019253941103116923,0.18663688233679668,0.05305317501225931,0.002814639378881416,0.1520542008429503,0.0876358565061057,0.007680043345558748
431,"AV. JOAN XXIII, 17",la Maternitat i Sant Ramon,0.2987938225679179,0.26079916181112217,0.03799466075679575,0.001443594246023995,0.29034379749664785,0.008450025071270073,7.140292370509281e-05,0.1897263287211029,0.10906749384681502,0.011895718214025033,0.20534272345364252,0.0934510991142754,0.008733107925666126
432,"C/ MARTÍ I FRANQUÈS, 1",la Maternitat i Sant Ramon,0.208941919603265,0.1884871980619061,0.020454721541358883,0.00041839563333453115,0.24912305074676247,-0.04018113114349747,0.0016145232999709425,0.17153577766415853,0.03740614193910646,0.0013992194547685795,0.13270862370868142,0.07623329589458358,0.005811515402951134
433,"C/ J. MAYNARD KEYNES, 2|AV. DGNAL.",Pedralbes,0.2401540112668763,0.17794688366865982,0.06220712759821648,0.003869726724020786,0.24615276861393842,-0.0059987573470621225,3.598508970893179e-05,0.20945538066758837,0.03069863059928793,0.0009424059206715372,0.1936338749659288,0.04652013630094751,0.002164123081458734
434,"C/ ROGER, 24",Sants - Badal,0.3323961880626171,0.38999680965752825,-0.05760062159491114,0.0033178316081201435,0.3325979890720065,-0.00020180100938937962,4.072364739057248e-08,0.26950317193523127,0.06289301612738585,0.003955531477599616,0.2605044667797049,0.07189172128291221,0.005168419589019933
435,"AV. DOCTOR MARAÑON, 25 | PAU GARGALLO",la Maternitat i Sant Ramon,0.248808316021708,0.22142484781786922,0.027383468203838773,0.0007498543308706491,0.25681439321920807,-0.008006077197500072,6.40972720923306e-05,0.18966866735397125,0.059139648667736744,0.0034974980445433364,0.19417940291558916,0.05462891310611884,0.0029843181471558827
436,"PG. ZONA FRANCA, 54",la Marina de Port,0.3381746121332982,0.45875707246187636,-0.12058246032857817,0.014540129738893128,0.4481837867509186,-0.11000917461762039,0.012102018500050094,0.5476470039283585,-0.20947239179506033,0.04387868292434326,0.5096840794927273,-0.17150946735942912,0.029415497393915083
437,"PG. ZONA FRANCA, 9",la Marina del Prat Vermell,0.4403001918519355,0.8850455492097797,-0.44474535735784426,0.1977984328913566,0.4838043033161183,-0.043504111464182815,0.0018926077142880427,0.4860128353614424,-0.045712643509506934,0.0020896457766272666,0.5563243680145488,-0.11602417616261329,0.013461609454213121
438,"C/ NÀPOLS, 183",la Dreta de l'Eixample,0.2779369147528351,0.2957168104378136,-0.01777989568497851,0.0003161246905687174,0.35736020965548526,-0.07942329490265015,0.006308059773193334,0.2640707990317448,0.01386611572109031,0.00019226916519066788,0.2682488905183242,0.009688024234510928,9.385781356847105e-05
439,"RBLA. BADAL, 73 | C/ CONSTITUCIÓ",la Bordeta,0.4819528922930589,0.44719843207633614,0.03475446021672274,0.0012078725049557634,0.38714058044298216,0.09481231185007671,0.008989374478356198,0.4103616264843603,0.07159126580869857,0.005125309340091732,0.3773520566531256,0.10460083563993328,0.010941334816572336
44,"AV. MERIDIANA, 71",el Fort Pienc,0.297699995060834,0.413397377958124,-0.11569738289728998,0.013385884409282128,0.4135232529615192,-0.1158232579006852,0.013415027070728638,0.458243455130589,-0.160543460069755,0.02577420257116902,0.4700912253100982,-0.17239123024926423,0.029718736266854832
440,"C/ SELVA DE MAR, 230",Sant Martí de Provençals,0.5031400058457555,0.5212679936124097,-0.018127987766654252,0.0003286239404679662,0.4193446112344773,0.08379539461127816,0.007021668158059826,0.49655739941727495,0.00658260642848052,4.333070739227306e-05,0.49997690865636824,0.0031630971893872317,1.0005183829509405e-05
441,"C/ WATT, 2",Sants,0.3839692554203595,0.4436503809808089,-0.05968112556044941,0.003561836748162128,0.36356581827130596,0.020403437149053516,0.0004163002474953771,0.4194609178987646,-0.03549166247840513,0.0012596581054810305,0.46323618704827424,-0.07926693162791476,0.006283246449704513
442,"C/ MINERIA, 30",la Marina de Port,0.4250149359976611,0.41994230967224616,0.005072626325414942,2.5731537837292696e-05,0.43024660112865,-0.005231665130988883,2.7370320042804924e-05,0.4524292253428765,-0.027414289345215392,0.0007515432603031902,0.4821160250235762,-0.0571010890259151,0.0032605343679454816
443,"C/ CASANOVA, 139",l'Antiga Esquerra de l'Eixample,0.2212304379644224,0.2632449934740434,-0.04201455550962099,0.0017652228746710239,0.3368340730525437,-0.1156036350881213,0.01336420044558751,0.21303976375731618,0.00819067420710623,6.708714396695526e-05,0.1987421815223948,0.022488256442027593,0.0005057216778023956
444,"C/ LLEIDA, 40",el Poble-sec,0.3916801525472633,0.3581365966504866,0.03354355589677671,0.0011251701422001837,0.3440374950225052,0.0476426575247581,0.0022698228160213897,0.3481404862152104,0.04353966633205292,0.0018957025443065024,0.33527256509904974,0.05640758744821356,0.00318181592172786
445,"C/ VILAMARÍ, 2",Sant Antoni,0.4343353241679814,0.3544506984274352,0.07988462574054617,0.006381553429707131,0.35858033768484493,0.07575498648313644,0.005738817977060186,0.32148175340529667,0.11285357076268471,0.012735928433888285,0.321022330259823,0.11331299390815835,0.012839834588430332
446,"PG. JOAN DE BORBÓ, 42",la Barceloneta,0.6938085034397203,0.651064880709016,0.04274362273070431,0.0018270172841447824,0.4338633980210548,0.25994510541866556,0.06757145783112115,0.611904392265518,0.08190411117420238,0.006708283427236102,0.6592180644102987,0.034590439029421605,0.0011964984722481334
447,"C/ ALMOGÀVERS, 63",el Fort Pienc,0.3076349386929591,0.4005677143472188,-0.09293277565425967,0.008636500790804958,0.4103038911750505,-0.1026689524820914,0.010540913803769942,0.4401704843500262,-0.1325355456570671,0.01756567086261652,0.41127240500276463,-0.10363746630980553,0.010740724423116075
448,"C/ RAMÓN TURRÓ, 160",el Poblenou,0.6876657161438791,0.5567686239238848,0.13089709221999424,0.017134048751649675,0.43836760436541966,0.2492981117784594,0.062149548536305235,0.576045345752865,0.11162037039101402,0.01245910708622716,0.5853125967068269,0.10235311943705216,0.010476161058495465
449,"C/ BOLIVIA, 120",Provençals del Poblenou,0.523136155639816,0.4129332763232394,0.11020287931657657,0.01214467460966394,0.4266271588096267,0.09650899683018926,0.00931398646916948,0.5625653182619091,-0.03942916262209317,0.0015546588650794694,0.5774447393512293,-0.05430858371141334,0.00294942226473959
45,"C/ SARDENYA, 66",la Vila Olímpica del Poblenou,0.3894004501739308,0.4436305932393634,-0.05423014306543256,0.0029409084168972826,0.41553316297517845,-0.026132712801247626,0.0006829186783524916,0.4548855539026878,-0.06548510372875699,0.004288298810366063,0.44662552372884606,-0.05722507355491524,0.0032747090433654594
450,"C/ CRISTOBAL DE MOURA, 84",Provençals del Poblenou,0.5532952563070317,0.541855639427599,0.011439616879432735,0.00013086483434820233,0.44083785117934726,0.11245740512768443,0.012646667968052144,0.5870005149469352,-0.03370525863990348,0.001136044459982788,0.5860726012089574,-0.03277734490192574,0.0010743543388197975
451,"C/ PALLARS, 504",el Besòs i el Maresme,0.6594737039537849,0.5238973214747777,0.13557638247900716,0.01838095548609404,0.4334422374769911,0.22603146647679379,0.05109022383764995,0.5318765793978533,0.12759712455593164,0.016281026194941935,0.5311348495161352,0.1283388544376497,0.016470861558368237
452,"GRAN VIA DE LES CORTS CATALANES, 1157 (D)",el Besòs i el Maresme,0.3891523162487944,0.39055056535044635,-0.0013982491016519272,1.9551005502704214e-06,0.42089912382078987,-0.03174680757199544,0.001007859791013307,0.4718154657990824,-0.08266314955028797,0.006833196293573275,0.5039947322029549,-0.11484241595416045,0.013188780502188406
454,"C/ SARDENYA, 402",el Baix Guinardó,0.1551418550630351,0.21843761143072532,-0.06329575636769022,0.004006352774157997,0.26910799751549974,-0.11396614245246464,0.012988281625495464,0.22050611947569082,-0.06536426441265572,0.004272487062207571,0.23049418420843687,-0.07535232914540177,0.005677973507636965
455,"C/ PROVENÇA, 595",el Camp de l'Arpa del Clot,0.4141362867251192,0.2865454715428475,0.12759081518227172,0.016279416118876622,0.346115270034729,0.06802101669039023,0.004626858711594347,0.3329659756610197,0.0811703110640995,0.006588619398242674,0.34844573825446673,0.06569054847065248,0.004315248158375143
456,"C/ MÚRCIA, 1",el Clot,0.4082431437066189,0.44202083110206586,-0.033777687395446954,0.001140932165784536,0.3704671384943504,0.03777600521226848,0.0014270265697973355,0.3476027333251774,0.06064041038144152,0.0036772593712296408,0.39554468623130395,0.01269845747531495,0.00016125082225238214
457,"C/ GRANADELLA, 10-19 | C/ SAS",el Bon Pastor,0.4987477616239027,0.4707939400803869,0.027953821543515833,0.00078141613888673,0.43107994147533824,0.06766782014856448,0.00457893388365847,0.5074566441738091,-0.008708882549906372,7.58446352680637e-05,0.5008856920385824,-0.002137930414679634,4.570746458012232e-06
458,"C/ TUCUMÁN, 21",el Bon Pastor,0.3565691579303348,0.43149852630894603,-0.07492936837861125,0.005614410245617627,0.40592447418504773,-0.049355316254712955,0.002435947242602733,0.4542136037096365,-0.0976444457793017,0.009534437791546991,0.42235898115274045,-0.06578982322240567,0.004328300839635389
459,"PG. SANTA COLOMA, 105",la Trinitat Vella,0.2983101745371857,0.4039751273437759,-0.10566495280659016,0.011165082251618927,0.40626767068923036,-0.10795749615204464,0.011654820975418733,0.3760875189808614,-0.07777734444367568,0.006049315308710168,0.28764748635180143,0.010662688185384295,0.00011369291933873382
46,"C/ VILLENA, 1",la Vila Olímpica del Poblenou,0.2395022140784853,0.3660864720165574,-0.12658425793807213,0.016023574357732377,0.42288859754519914,-0.18338638346671385,0.033630565641000615,0.4436048700622154,-0.2041026559837301,0.041657894179612874,0.38754065692307427,-0.14803844284458897,0.021915380559850636
460,"C/ MIREIA, 28",la Trinitat Vella,0.1782786731282166,0.3562820627381881,-0.17800338960997147,0.0316852067126393,0.31796558786097384,-0.13968691473275724,0.01951243414755659,0.2435242324149267,-0.06524555928671011,0.004256983006635603,0.25026004897054366,-0.07198137584232706,0.005181318468154345
461,"AV. RIO DE JANEIRO, 118",la Prosperitat,0.1858085250338295,0.3295270715346959,-0.1437185465008664,0.020655020608321698,0.3095383241443076,-0.1237297991104781,0.015309063187919266,0.26097388342240324,-0.07516535838857374,0.0056498311016827335,0.2547091128517561,-0.06890058781792663,0.004747291001655819
462,"C/ PALAMÓS, 33",la Trinitat Nova,0.1594400695685782,0.3137698171763013,-0.1543297476077231,0.023817670996663518,0.30148903563568863,-0.14204896606711043,0.02017790876073509,0.23967460333094615,-0.08023453376236794,0.006437580408064561,0.2673570280290396,-0.1079169584604614,0.011646069923356952
463,"C/ PEDROSA, 24",la Trinitat Nova,0.1121649679124197,0.25393299811537373,-0.14176803020295403,0.020098174387625685,0.26096453654001284,-0.14879956862759314,0.0221413116237578,0.17179481710779165,-0.05962984919537195,0.0035557189150628014,0.14670284204319534,-0.034537874130775637,0.001192864749473301
464,"AV. RIO DE JANEIRO, 96",la Prosperitat,0.2161751992181627,0.3492031255743079,-0.1330279263561452,0.017696429190615988,0.3137583111465343,-0.0975831119283716,0.0095224637336251,0.25911928186307687,-0.04294408264491417,0.0018441942342132187,0.24201296753724033,-0.025837768319077636,0.000667590271710332
465,"C/ ROSSELLÓ, 261",la Dreta de l'Eixample,0.1837785040760359,0.2419653970198989,-0.05818689294386298,0.003385714510460571,0.29964577249664043,-0.11586726842060452,0.013425223891252417,0.18094156788970195,0.0028369361863339604,8.048206925331075e-06,0.16404768177296167,0.01973082230307424,0.00038930534875549193
466,"C/ PABLO IGLESIAS, 21",la Prosperitat,0.1685416901514297,0.21663376517004276,-0.04809207501861307,0.002312847679595907,0.26942152758606575,-0.10087983743463605,0.010176741600838597,0.20091813800920033,-0.032376447857770635,0.0010482343758869408,0.1314478628944251,0.03709382725700461,0.001375952020572498
467,PL. JESÚS CARRASCO,Verdun,0.1062899908592321,0.18646438746001018,-0.08017439660077808,0.006427933870298855,0.19650518540977086,-0.09021519455053875,0.008138781327791557,0.1454501810796443,-0.0391601902204122,0.0015335204980988673,0.12267329718871055,-0.016383306329478445,0.00026841272628552845
468,"C/ NOU BARRIS, 23",les Roquetes,0.1018727295502943,0.12687569509156862,-0.02500296554127432,0.000625148285858151,0.151293889927445,-0.04942116037715069,0.0024424510930240494,0.13940253355796292,-0.037529804007668616,0.0014084861888540193,0.144062776017326,-0.0421900464670317,0.001780000020890294
469,"C/ SANT FRANCESC XAVIER, 1",la Prosperitat,0.3201848303843119,0.24307912807851598,0.07710570230579591,0.005945289328070021,0.24720485751634966,0.07297997286796223,0.005326076439808504,0.1764277183188378,0.1437571120654741,0.020666107269405275,0.1543287148966108,0.1658561154877011,0.027508251044669644
47,"C/ RAMON TRIAS FARGAS, 21",la Vila Olímpica del Poblenou,0.38778024913169,0.3878446564523073,-6.440732061729904e-05,4.1483029490995535e-09,0.40287758437882343,-0.015097335247133414,0.00022792953156433696,0.4097542986548487,-0.02197404952315868,0.00048285885244623016,0.3636868179486383,0.02409343118305174,0.0005804934261724499
470,"C/ GÒNGORA, 23",Verdun,0.0833476599808978,0.19656361996137983,-0.11321595998048203,0.01281785359430211,0.19703314393083426,-0.11368548394993647,0.012924389260931262,0.16988848578261612,-0.08654082580171832,0.007489314530443355,0.19920547382618542,-0.11585781384528762,0.01342303302900932
471,"PG. VALLDAURA, 171",la Guineueta,0.1274715115840314,0.2159202469301103,-0.08844873534607892,0.00782317878432071,0.22875099347383285,-0.10127948188980146,0.010257533451866621,0.20724514617443202,-0.07977363459040063,0.006363832775762764,0.19107374645660194,-0.06360223487257055,0.00404524428078563
472,"VIA FAVÈNCIA, 186",la Guineueta,0.1066202712348322,0.11132452997588466,-0.004704258741052458,2.213005030276846e-05,0.16592544975931334,-0.05930517852448114,0.003517104199820579,0.17484473944558548,-0.06822446821075329,0.004654578062640085,0.22381866106729587,-0.11719838983246367,0.013735462579322124
473,"PG. FABRA I PUIG, 449",la Guineueta,0.1273615023474178,0.17448909214624841,-0.04712758979883061,0.002221009720246843,0.18445172505721494,-0.057090222709797134,0.0032592935290542365,0.14055053451603153,-0.013189032168613724,0.00017395056954472762,0.09980664199553153,0.02755486035188627,0.000759270329011954
474,"VIA FAVÈNCIA, 47",Canyelles,0.1041877981892633,0.07170238365685994,0.03248541453240336,0.0010553021573420835,0.15789160950529998,-0.05370381131603669,0.00288409934986847,0.16864127800773435,-0.06445347981847105,0.0041542510607100545,0.17767838695798419,-0.07349058876872089,0.005400866637573245
475,"C/ CAMPO FLORIDO, 66",el Congrés i els Indians,0.263957856812714,0.33170856182035613,-0.06775070500764213,0.004590158029032544,0.31050817411841775,-0.04655031730570375,0.002166932041261702,0.23845875623364607,0.02549910057906793,0.0006502041303414224,0.3025401314960431,-0.03858227468332909,0.0014885919197398566
476,"C/ PERIODISTES, 9",el Guinardó,0.2827827827827828,0.28267442718173236,0.00010835560105043607,1.1740936279001263e-08,0.22602727327463118,0.056755509508151614,0.003221187859529888,0.2240038371907753,0.0587789455920075,0.0034549644449081776,0.23724028012932527,0.04554250265345752,0.0020741195479401855
477,"C/ AMILCAR, 78",la Font d'en Fargues,0.1603112975352723,0.20786455017411748,-0.04755325263884519,0.0022613118365338368,0.22490063196039095,-0.06458933442511866,0.004171782121479818,0.200482514803087,-0.040171217267814696,0.0016137266967779736,0.177922857515787,-0.017611559980514696,0.0003101670449472668
478,"C/ ESCULTOR LLIMONA, 7",Vilapicina i la Torre Llobeta,0.2463232254913012,0.21302859339032315,0.03329463210097805,0.001108532526739478,0.2426713970049657,0.0036518284863354955,1.3335851293611396e-05,0.17904047895557462,0.06728274653572658,0.004526967981390827,0.2050431327231863,0.041280092768114895,0.0017040460589441717
479,"PG. FABRA I PUIG, 344",el Turó de la Peira,0.2137893471564871,0.252803628886028,-0.039014281729540884,0.0015221141788719877,0.22505385570152747,-0.01126450854504038,0.00012688915276128773,0.1866561792929809,0.027133167863506197,0.0007362087983092054,0.20752012248128662,0.006269224675200469,3.9303178028142426e-05
48,"AV. MERIDIANA, 40",el Parc i la Llacuna del Poblenou,0.3657810930845779,0.4011904049407569,-0.035409311856179015,0.0012538193661281397,0.40626476007602014,-0.040483666991442235,0.0016389272930739896,0.43896534987111097,-0.07318425678653306,0.0053559354413972105,0.4300446078542819,-0.06426351476970399,0.004129799330555963
480,"PG. FABRA I PUIG, 385",Horta,0.1911078717201166,0.09458779960807923,0.09652007211203736,0.009316124320512893,0.18810781578913763,0.003000055930978962,9.000335589002048e-06,0.20028235462000077,-0.009174482899884179,8.417113648026721e-05,0.161601505500792,0.029506366219324592,0.0008706256474688994
481,"PG. FABRA I PUIG, 411",Horta,0.2416444394354909,0.13532004081821644,0.10632439861727447,0.011304877741325077,0.20260463319776012,0.03903980623773079,0.001524106471079564,0.1551745238228895,0.08646991561260142,0.007477046306050411,0.1317248406612348,0.10991959877425611,0.012082318194693445
482,"PG. UNIVERSAL, 29 | C/ DOCTOR LETAMENDI",Horta,0.3589576579135528,0.10557674577706536,0.2533809121364874,0.06420188663511835,0.1782540291307488,0.18070362878280397,0.03265380145527342,0.13536783171994582,0.22358982619360696,0.04999241037728737,0.13300064356389338,0.2259570143496594,0.05105657233381218
483,"BAIXADA DE LA PLANA, 35",Horta,0.2142444482020065,0.20108287754865278,0.013161570653353716,0.00017322694206322177,0.21265939061858025,0.0015850575834262526,2.5124075427770717e-06,0.20969993140356608,0.004544516798440423,2.0652632931307196e-05,0.18867062739588447,0.025573820806122027,0.0006540203106236399
484,"C/ EDUARD TODA, 33 | C/ DOCTOR LETAMENDI",Horta,0.0754328442604618,0.08431496399852861,-0.00888211973806681,7.889205104135601e-05,0.18057183835421173,-0.10513899409374992,0.011054208079045582,0.17996681770663822,-0.10453397344617642,0.010927351604445917,0.19114391158826166,-0.11571106732779986,0.013389051102138632
485,"PG. VALLDAURA, 26",Horta,0.1012849584278155,0.10307128556712392,-0.0017863271393084162,3.19096464862979e-06,0.13048336412823566,-0.029198405700420163,0.0008525468954463287,0.13182862495217992,-0.030543666524364424,0.0009329155647515799,0.10268830223187987,-0.001403343804064372,1.9693738324058623e-06
486,"C/ PORTO, 35 | AV. ESTATUT DE CATALUNYA",Horta,0.2254001352569882,0.1777057711136297,0.04769436414335851,0.002274752371039282,0.2147151726281948,0.010684962628793399,0.00011416842637871153,0.19829239399866497,0.027107741258323242,0.0007348296361282001,0.15624276165614018,0.06915737360084803,0.004782742323367273
487,"C/ LISBOA, 128",el Carmel,0.1270562797667497,0.12717014788789244,-0.00011386812114272393,1.2965949012574052e-08,0.14078199604966968,-0.013725716282919964,0.00018839528747921424,0.1593013160144749,-0.03224503624772518,0.0010397423626171106,0.21306109564756381,-0.0860048158808141,0.007396828354692733
488,"AV. CAN MARCET, 36",la Vall d'Hebron,0.1448737867321539,0.04020042999583906,0.10467335673631484,0.010956511610447826,0.0801160026419207,0.0647577840902332,0.004193570600277259,0.13163133553001174,0.013242451202142153,0.00017536251384111615,0.06615882969818622,0.07871495703396768,0.006196044460859378
489,"C/ JORGE MANRIQUE, 15",la Vall d'Hebron,0.134064017159055,0.10900611548920333,0.025057901669851668,0.000627898436095955,0.1261364710864734,0.007927546072581587,6.284598673290374e-05,0.11232770376046636,0.02173631339858864,0.0004724673201616641,0.0822598731694857,0.0518041439895693,0.0026836693344920288
49,"C/ ROSA SENSAT, 20",la Vila Olímpica del Poblenou,0.6438112438789716,0.47587989304373957,0.16793135083523203,0.028200938593345784,0.4109474077155447,0.23286383616342687,0.054225566192747314,0.5753157162082508,0.06849552767072076,0.004691637310890473,0.5489996471113079,0.09481159676766371,0.00898923888163406
490,"PG. VALL D'HEBRÓN, 168",la Vall d'Hebron,0.1746394312154384,-0.11076530065965307,0.28540473187509147,0.08145586097669286,0.04130149368220909,0.1333379375332293,0.017779005585615362,0.16515372843084147,0.009485702784596928,8.997855731770991e-05,0.16916241336837093,0.005477017847067472,2.999772449709561e-05
491,"C/ PARE MARIANA, 24",la Vall d'Hebron,0.0588033931135824,0.030287998096133473,0.02851539501744893,0.0008131277530011513,0.07295714330651776,-0.014153750192935355,0.0002003286445240176,0.11829232120588107,-0.059488928092298665,0.0035389325655706813,0.10836993059791081,-0.049566537484328405,0.0024568416381853327
492,PL. TETUAN,la Dreta de l'Eixample,0.1664132026585558,0.2982451360809844,-0.1318319334224286,0.01737965866989565,0.3595423293352635,-0.19312912667670767,0.0372988595709078,0.27003767890842495,-0.10362447624986915,0.010738032078059694,0.28327907419883597,-0.11686587154028016,0.013657631930869265
493,"PG. VALL D'HEBRÓN, 80",Vallcarca i els Penitents,0.1122232246908011,-0.017881427730614796,0.1301046524214159,0.01692722058169744,-0.02277634764807035,0.13499957233887144,0.018224884531678184,0.17273570096758628,-0.06051247627678519,0.00366175978514849,0.18512994808113667,-0.07290672339033558,0.005315390315514905
494,"RBLA. CATALUNYA, 33 - C/ DIPUTACIÓ",la Dreta de l'Eixample,0.2785219094985117,0.24499693205593187,0.03352497744257982,0.0011239241125254856,0.3307249558192966,-0.05220304632078493,0.002725158045170017,0.24504717862442935,0.03347473087408234,0.0011205576070922416,0.23942813011011002,0.03909377938840167,0.001528323586869019
495,"C/ DIPUTACIÓ, 22",la Nova Esquerra de l'Eixample,0.3271422133522179,0.3775611642148929,-0.050418950862675005,0.0025420706060928365,0.3658067832415668,-0.03866456988934891,0.0014949489647283463,0.3700113575715275,-0.042869144219309596,0.0018377635260959655,0.38239598772385497,-0.05525377437163709,0.0030529795823117795
496,"C/ PROVENÇA,  445",la Sagrada Família,0.1560032191539661,0.3529226146449879,-0.19691939549102183,0.03877724832054947,0.33855151975866365,-0.18254830060469757,0.033323882053663025,0.18692751127545923,-0.03092429212149314,0.0009563118432154427,0.20930680603473414,-0.053303586880768056,0.0028412723743555884
497,"PTGE. MALUQUER, 16",Sant Gervasi - la Bonanova,0.0767872572222848,-0.00495180710092441,0.08173906432320921,0.006681274636433733,0.06061603374989427,0.016171223472390528,0.00026150846859399437,0.14025853060408947,-0.06347127338180467,0.004028602544707786,0.14266274857918376,-0.06587549135689896,0.00433958036151287
498,"C/ ESTEVE TERRADAS, 42",Vallcarca i els Penitents,0.2268555537786307,0.01714925083997848,0.20970630293865222,0.04397673349219778,0.04421611315844398,0.18263944062018672,0.03335716527005471,0.12869459253250465,0.09816096124612606,0.009635574312763462,0.11941569234347528,0.10743986143515542,0.011543323825205398
499,"AV. VALLCARCA, 196",Vallcarca i els Penitents,0.1104551816339746,0.07454934013980796,0.03590584149416663,0.0012892294534042183,0.05465367066407284,0.055801510969901755,0.0031138086265240657,0.1773785661532578,-0.06692338451928322,0.004478739395515836,0.1909193553546782,-0.0804641737207036,0.006474483252555567
5,"PG. LLUIS COMPANYS, 11 (ARC TRIOMF)","Sant Pere, Santa Caterina i la Ribera",0.174814493460951,0.4036986015998488,-0.22888410813889784,0.05238793495853868,0.401984031481191,-0.22716953802024,0.05160599900432927,0.38665908552616396,-0.21184459206521297,0.044878131187276495,0.3540750077776879,-0.17926051431673692,0.03213433199310104
50,"AV. PARAL.LEL, 54",el Raval,0.4686526479750779,0.404830213364868,0.06382243461020987,0.0040733031595745145,0.4721283475637129,-0.0034756995886350284,1.2080487630437705e-05,0.4961551887844096,-0.027502540809331733,0.0007563897509689574,0.5145336940317655,-0.045881046056687635,0.002105070387255892
500,"C/ ARGENTERA, 23",Vallcarca i els Penitents,0.2407849519822341,0.10278678391416207,0.13799816806807202,0.019043494390143852,0.1262793640727368,0.1145055879094973,0.013111529662499614,0.12566710458067365,0.11511784740156045,0.013252118790368958,0.12731783312367606,0.11346711885855804,0.012874787062062137
501,"C/ ELISA, 1",el Putxet i el Farró,0.1804913783387805,0.09061001471830168,0.08988136362047883,0.008078659526276734,0.14522810938587938,0.03526326895290113,0.001243498137244641,0.14124917135150275,0.03924220698727776,0.0015399508092323515,0.13736895372969707,0.04312242460908344,0.0018595435041660854
502,"AV. VALLCARCA, 11",Vallcarca i els Penitents,0.1982897258932651,0.20761735065630377,-0.009327624763038667,8.700458372005213e-05,0.1930426946670594,0.005247031226205706,2.7531336688777757e-05,0.20572411339507626,-0.007434387501811163,5.527011752708602e-05,0.2475435819163508,-0.04925385602308571,0.0024259423331428566
503,"C/ MAIGNON, 31-41",la Salut,0.1081736909323116,0.09125154559761281,0.016922145334698796,0.00028635900272866823,0.1385927476198059,-0.030419056687494284,0.0009253190097569906,0.1396645026472266,-0.031490811714914996,0.0009916712224642276,0.12668186241504908,-0.01850817148273748,0.00034255241163441686
504,"C/ MASSENS, 76",la Vila de Gràcia,0.1876076216224915,0.22743998768741458,-0.039832366064923075,0.0015866173863300353,0.1943143448205849,-0.0067067231980934006,4.498013605584417e-05,0.20951623387192672,-0.021908612249435216,0.0004799872906961028,0.22676946571936754,-0.039161844096876036,0.0015336500330680243
505,"C/ CAMÈLIES, 78",el Baix Guinardó,0.2282887412911053,0.15508072553778876,0.07320801575331654,0.005359413570537842,0.12637834697818023,0.10191039431292506,0.010385728469015868,0.16958864236326854,0.05870009892783676,0.003445701614137822,0.20725149025608708,0.021037251035018217,0.00044256593111037507
506,"C/ GARRIGA I ROCA, 2",el Guinardó,0.2727450537877078,0.1635842285914879,0.10916082519621989,0.011916085757519675,0.14127575182004795,0.13146930196765985,0.01728417735986373,0.15636953034084128,0.11637552344686652,0.013543262457532181,0.1961358947163029,0.07660915907140489,0.005868963253627819
507,"C/ SARDENYA, 494",el Baix Guinardó,0.1560517325524646,0.21158072752152024,-0.05552899496905564,0.0030834692822734066,0.18904789897428362,-0.03299616642181902,0.0010887469985363769,0.1949085850718225,-0.03885685251935789,0.0015098549877111294,0.22382470552667882,-0.06777297297421422,0.004593175865763572
508,"C/ SARDENYA, 465",el Camp d'en Grassot i Gràcia Nova,0.2406487751860212,0.2190595623307389,0.021589212855282314,0.0004660941117106871,0.2296771927929415,0.010971582393079715,0.00012037562020813681,0.21464441540346604,0.026004359782555164,0.0006762267277005725,0.24118516204743112,-0.0005363868614099154,2.877108650931798e-07
51,PL. VICENÇ MARTORELL,el Raval,0.4524281409364858,0.33965669560271117,0.11277144533377464,0.012717398882668523,0.3964044873117226,0.05602365362476319,0.003138649765467442,0.4400131276162961,0.012415013320189738,0.00015413255574048864,0.42451036804866704,0.02791777288781877,0.0007794020430158287
510,"C/ GRAN DE GRÀCIA, 37",la Vila de Gràcia,0.1724213916433596,0.22836284693020298,-0.05594145528684338,0.0031294464196098977,0.27737676766567887,-0.10495537602231927,0.01101563095598643,0.18765402276211945,-0.01523263111875986,0.00023203305080021124,0.14562492175227687,0.026796469891082725,0.000718050798623703
511,"C/ GRAN DE GRÀCIA, 91",la Vila de Gràcia,0.1781584948688711,0.21697668690668725,-0.03881819203781617,0.0015068520330847747,0.26960759658838,-0.09144910171950893,0.008362938205305091,0.16980811970376972,0.00835037516510137,6.972876539794173e-05,0.15894434532448395,0.019214149544387132,0.00036918354271407223
512,"C/ D'ALACANT, 12",les Tres Torres,0.1011188007537539,0.17037128668849943,-0.06925248593474553,0.004795906808142128,0.16243590380621659,-0.061317103052462685,0.003759787126746329,0.17067100948431216,-0.06955220873055826,0.004837509739299144,0.15968942081956194,-0.05857062006580804,0.0034305175348932357
513,"VIA AUGUSTA, 317",Sarrià,0.0805192608226328,0.1368862697445333,-0.0563670089219005,0.00317723969480161,0.13139343686317867,-0.050874176040545865,0.002588181787804451,0.15647332792345905,-0.07595406710082625,0.005769020309156816,0.14598653034619732,-0.06546726952356452,0.00428596337887104
514,"C/ ARAGÓ, 614",el Clot,0.3712317940611945,0.41980952572618824,-0.04857773166499374,0.0023597960137161354,0.4002012700862468,-0.028969476025052288,0.0008392305411660793,0.4067647245409986,-0.0355329304798041,0.0012625891484825914,0.3800088466423693,-0.008777052581174782,7.703665201270691e-05
515,"C/ SANT ADRIÀ, 43",el Bon Pastor,0.4053658765989466,0.5399128233359285,-0.13454694673698192,0.01810288087624425,0.4096876929952187,-0.0043218163962721046,1.86780969630864e-05,0.44978479253497616,-0.04441891593602959,0.0019730400929320636,0.42033688460742163,-0.014971008008475062,0.00022413108078982443
516,"C/ SANT ADRIÀ, 88",el Bon Pastor,0.5447625484800206,0.5446295090178679,0.00013303946215270646,1.7699498489881414e-08,0.4161282536901179,0.12863429478990268,0.016546781796095585,0.5104576660626959,0.034304882417324656,0.0011768249576664704,0.5466380543589665,-0.0018755058789459156,3.5175223019606913e-06
517,"AV. RASOS DE PEGUERA, 10",Ciutat Meridiana,0.4122691441441441,0.2954320618765494,0.1168370822675947,0.013650903792804692,0.3374437477757245,0.07482539636841962,0.005598839941691103,0.1857806852106453,0.2264884589334988,0.05129702203007118,0.15558884768973294,0.25668029645441115,0.0658847745879244
518,"C/ LLOBREGÓS, 115",el Carmel,0.0831319316611776,0.13920024578870444,-0.05606831412752683,0.003143655849103025,0.14900636379935256,-0.06587443213817495,0.004339440809527017,0.16363254380770773,-0.08050061214653012,0.006480348555966073,0.12699613472934834,-0.04386420306817074,0.0019240683108057192
519,"C/ PEDRELL, 52",la Font d'en Fargues,0.2116424627486574,0.09788363858337568,0.11375882416528171,0.012941070075467482,0.14722162283581,0.06442083991284739,0.004150044615076711,0.13188547648658033,0.07975698626207706,0.006361176857609148,0.14041497461485425,0.07122748813380314,0.0050733550658510675
52,"PL. SANT MIQUEL, 4",el Barri Gòtic,0.382819547812359,0.4312370464012952,-0.04841749858893618,0.002344254169609637,0.38415218211005747,-0.0013326342976984762,1.7759141714023109e-06,0.45901331056042266,-0.07619376274806366,0.005805489481708215,0.42804276746714065,-0.045223219654781655,0.0020451395959446297
526,C/ TARONGERS | AV. MIRAMAR (TELEFÈRIC),el Poble-sec,0.1926135995857337,0.2611159951332105,-0.06850239554747678,0.004692578195742966,0.2089376484111547,-0.01632404882542099,0.00026647457005472835,0.17564262503565625,0.016970974550077456,0.0002880139771793767,0.18701632971142973,0.005597269874303978,3.132943004579087e-05
527,"PG. OLIMPIC, 8",el Poble-sec,0.2263775817880295,0.22610690414310933,0.00027067764492016977,7.326638745952951e-08,0.2389001980518432,-0.012522616263813707,0.00015681591809073157,0.1987089397697987,0.0276686420182308,0.0007655537511330069,0.20557017491673146,0.020807406871298034,0.00043294818070774066
53,PL. CARLES PI I SUNYER,el Barri Gòtic,0.4723151304646127,0.36609349796435603,0.10622163250025668,0.011283035211019586,0.3943480667806664,0.07796706368394629,0.006078863019496537,0.47778256626958626,-0.005467435804973553,2.98928542815068e-05,0.5053812033339447,-0.03306607286933194,0.0010933651749999698
536,Estación de TESTING (no usuarios),la Marina del Prat Vermell,0.9117647058823528,0.043944638361417654,0.8678200675209351,0.7531116695920403,0.3518262795017136,0.5599384263806393,0.3135310413376266,0.25993199315262366,0.6518327127297292,0.42488588538459765,0.29090489974152184,0.620859806140831,0.38546689888123026
537,"AV. ESTADI, 12",el Poble-sec,0.3430506745266977,0.31279134585890817,0.03025932866778952,0.0009156269714253087,0.26654258229218897,0.07650809223450872,0.0058534881773640935,0.19172819873820773,0.15132247578848995,0.022898491678758126,0.18268409542132358,0.1603665791053741,0.02571743969396021
538,"AV. ESTADI, 38",el Poble-sec,0.1275802860485301,0.3372716790052593,-0.20969139295672917,0.04397048028013341,0.22995342842704253,-0.10237314237851242,0.010480260280451174,0.2431227109426269,-0.1155424248940968,0.013350051950408,0.3062083221611519,-0.1786280361126218,0.03190797528545211
539,"C/ FRANÇA XICA, 4",el Poble-sec,0.4673906230412435,0.6370656173721196,-0.16967499433087613,0.028789603701182845,0.3588433152331757,0.10854730780806782,0.01178251803237942,0.39883148832842125,0.06855913471282227,0.004700354952570911,0.40627849925707693,0.06111212378416658,0.003734691673411299
54,"C/ SANT OLEGUER, 2",el Raval,0.4532532865075221,0.5703530414118856,-0.11709975490436347,0.013712352598661997,0.4384226313139429,0.014830655193579234,0.0002199483334708387,0.47713220872992235,-0.023878922222400234,0.0005702029265034397,0.474275369097722,-0.021022082590199886,0.00044192795642918514
540,"C/ MANDONI, 6",la Font de la Guatlla,0.4009301014656144,0.4471871866128193,-0.04625708514720489,0.0021397179263157634,0.3825653801364251,0.018364721329189315,0.000337262989498781,0.4099183685796537,-0.008988267114039272,8.078894571331987e-05,0.4560050655040906,-0.05507496403847617,0.0030332516638394433
541,"C/ MARBRE, 2",la Marina de Port,0.2386050953352109,0.2918822358399309,-0.05327714050471999,0.002838453700359675,0.36591147208867913,-0.12730637675346823,0.016206913562095998,0.43056640991312845,-0.19196131457791754,0.036849146294482216,0.33234654361328114,-0.09374144827807024,0.008787459125270118
544,"C/ MONTFAR, 1",la Font de la Guatlla,0.3838056206088993,0.3576872414500709,0.026118379158828364,0.0006821697298843198,0.3325636190409963,0.051242001567902984,0.0026257427246849717,0.3025095709466193,0.08129604966227999,0.006609047690691894,0.29280792634916336,0.09099769425973592,0.008280580360588374
547,"C/ MALLORCA, 194 (xamfrà)",l'Antiga Esquerra de l'Eixample,0.1969888676877238,0.2396625307753391,-0.042673663087615304,0.001821041521315301,0.3191216856923841,-0.12213281800466028,0.014916425233759469,0.21346938946089924,-0.01648052177317544,0.0002716075979161097,0.20993946892049947,-0.012950601232775666,0.0001677180722903706
55,"LA RAMBLA, 56",el Barri Gòtic,0.5479709654368348,0.41102966149973474,0.13694130393710002,0.018752920723993205,0.4046446087125494,0.14332635672428534,0.020542444531857093,0.4977937250321647,0.05017724040467009,0.002517755454628056,0.5163015287809123,0.03166943665592248,0.0010029532181034862
553,"VIA AUGUSTA, 68",la Vila de Gràcia,0.0765286705006765,0.12150366562286843,-0.04497499512219194,0.002022750186241189,0.250318157790893,-0.1737894872902165,0.030202785892596326,0.172999811040564,-0.0964711405398875,0.009306680957066727,0.14606983384336134,-0.06954116334268484,0.004835973399053974
554,"C/ AVENIR, 35",Sant Gervasi - Galvany,0.1005924402663533,0.20223207867101875,-0.10163963840466544,0.010330616095031143,0.24852108005175158,-0.14792863978539827,0.02188288246875812,0.1503449068260157,-0.049752466559662395,0.002475307928770325,0.17898222372324565,-0.07838978345689235,0.0061449581504184735
558,"RBLA MUNTANYA, 49",el Guinardó,0.1436164833775755,0.3030106653666196,-0.1593941819890441,0.025406505251956507,0.27105391926363787,-0.12743743588606238,0.01624030006521426,0.2681579434138394,-0.12454146003626393,0.015510575267964325,0.26996674586988795,-0.12635026249231246,0.015964388831876262
561,"C/ MANILA, 53",Pedralbes,0.2242683110809383,0.26552825135119984,-0.04125994027026153,0.001702382671105549,0.22839119169309052,-0.004122880612152213,1.6998144542060608e-05,0.16514150773733816,0.059126803343600154,0.0034959788736327662,0.154009260580916,0.07025905050002232,0.004936334177164686
563,"C/ ENTENÇA, 301",les Corts,0.2406576769728428,0.2040295135817052,0.036628163391137586,0.0013416223534078718,0.2639868208698507,-0.02332914389700791,0.0005442489549673014,0.1633520322822094,0.07730564469063339,0.005976162701034455,0.1684016249223432,0.07225605205049959,0.0052209370579245065
564,"C/ CARRERA, 1",el Poble-sec,0.5537193431780973,0.48747663514844386,0.06624270802965349,0.0043880963671019185,0.43354461954488743,0.12017472363320991,0.014441964200318382,0.510141338809149,0.04357800436894832,0.0018990424647800789,0.52870576025548,0.02501358292261735,0.0006256793306266543
565,"C/ FRA JUNÍPER SERRA, 53 | C/ SANTANDER",el Bon Pastor,0.5809292805569881,0.5467424542774931,0.034186826279494986,0.001168739091064369,0.4205451040027412,0.16038417655424692,0.025723084088983845,0.511725710131297,0.06920357042569114,0.0047891341596635936,0.5407922183956444,0.04013706216134372,0.0016109837589435695
566,"C/ CRISTÓBAL DE MOURA, 163 (xamfrà)",Provençals del Poblenou,0.6477016674177557,0.6255024077498307,0.02219925966792502,0.0004928071298039624,0.4455176495187848,0.2021840178989709,0.04087837709377138,0.5348503387562147,0.11285132866154102,0.012735422380675149,0.514874414383702,0.13282725303405374,0.01764307914857254
567,"C/ RAMON TURRÓ, 182 (xamfrà)",el Poblenou,0.6244391323941454,0.5829822173452957,0.04145691504884974,0.0017186758053675442,0.4408099919629567,0.18362914043118866,0.03371966121549721,0.5876709514733811,0.03676818092076428,0.0013518991282220544,0.5767242315599865,0.04771490083415886,0.0022767117616136136
568,"C/ ROMÁN MACAYA, 8",Sant Gervasi - la Bonanova,0.0903923673899939,-0.025626211791747067,0.11601857918174097,0.013460310715349899,0.012967901889378963,0.07742446550061494,0.005994547858055912,0.1337264133363078,-0.043334045946313904,0.0018778395380772445,0.14805231803502567,-0.057659950645031766,0.003324669908387499
569,"C/ QUATRE CAMINS, 46",Sant Gervasi - la Bonanova,0.0942216715476458,0.027124727249027925,0.06709694429861787,0.004501999934211829,0.024711268327332392,0.0695104032203134,0.004831696155850556,0.13787157170702213,-0.04364990015937634,0.0019053137839235223,0.14513804640302078,-0.05091637485537498,0.0025924772284130616
57,"LA RAMBLA, 1",el Raval,0.7354401847518244,0.4864740603374108,0.24896612441441357,0.06198413110593326,0.4292909239330466,0.3061492608187778,0.09372736989988403,0.527255193366571,0.20818499138525337,0.04334099063807802,0.46238257937103777,0.2730576053807866,0.07456045585628938
572,"AV. CAN MARCET, 3",la Vall d'Hebron,0.1021589991928975,0.07568462051753302,0.02647437867536448,0.0007008927262465935,0.13656212539015847,-0.034403126197260964,0.0011835750921446637,0.1732670565620864,-0.0711080573691889,0.00505635582281986,0.19291692123563856,-0.09075792204274105,0.008237000413516262
573," AV. MARTÍ CODOLAR, 2 | COLL I ALENTORN",la Vall d'Hebron,0.0527423981640849,0.05438078441378491,-0.0016383862497000093,2.6843095032060612e-06,0.09086190438619293,-0.03811950622210803,0.0014530967546173329,0.1503037224435024,-0.0975613242794175,0.009518211995153658,0.16729149088713843,-0.11454909272305352,0.013121494643674713
577,"PTGE. CALAFELL, 3",el Carmel,0.1185187723669974,0.11302681568899439,0.005491956678003007,3.0161588153061825e-05,0.09504566505039111,0.02347310731660629,0.0005509867670969158,0.1503870310480347,-0.03186825868103729,0.0010155859113615087,0.14723325599644282,-0.028714483629445425,0.0008245215701056894
58,"C/ VALLDONZELLA, 2",el Raval,0.3746827547640555,0.3431332782558267,0.03154947650822881,0.0009953694679432816,0.3982136160236913,-0.023530861259635827,0.0005537014316202302,0.457758442420473,-0.08307568765641749,0.006901569879586637,0.47601356885847784,-0.10133081409442235,0.010267933885038383
581,"AV. JORDÀ, 18",Sant Genís dels Agudells,0.1722217748429698,-0.18578635863230192,0.3580081334752717,0.12816982363444798,-0.06549943313220508,0.23772120797517488,0.056511372721176345,0.1287023953532478,0.04351937948972201,0.0018939363911704367,0.123691671511761,0.0485301033312088,0.0023551709293378035
582,"C/ JUDEA, 1",Sant Genís dels Agudells,0.1550756661675558,-0.02973280746003043,0.18480847362758623,0.03415417192455824,-0.006829881314041608,0.1619055474815974,0.026213406305315795,0.1486834647092838,0.00639220145827199,4.0860239483134554e-05,0.14632120574954885,0.008754460418006954,7.66405772104505e-05
59,"C/ AGUSTÍ DURAN I SANPERE, 1",el Raval,0.5082799393320333,0.4355528083497868,0.07272713098224648,0.0052892355809088356,0.41124712104456185,0.09703281828747146,0.009415367824809454,0.4767077247240174,0.0315722146080159,0.0009968047352546128,0.4959292408284218,0.01235069850361148,0.00015253975352711084
595,"C/ BRUC, 88",la Dreta de l'Eixample,0.1211452813169466,0.30365777663660637,-0.18251249531965977,0.03331081094780883,0.3378000429619058,-0.2166547616449592,0.04693928574343408,0.26222644835255443,-0.14108116703560783,0.019903895692129078,0.24810469325719384,-0.12695941194024724,0.01611869228021339
596,"C/ DIPUTACIÓ, 303",la Dreta de l'Eixample,0.2466912239244616,0.28648335209141196,-0.03979212816695035,0.0015834134640550035,0.3409998057288404,-0.09430858180437882,0.00889410860195321,0.2545020161336762,-0.007810792209214573,6.100847493552707e-05,0.28310312879546434,-0.03641190487100274,0.0013258268163349528
597,"C/ PROVENÇA, 310",la Dreta de l'Eixample,0.1497401280854761,0.2362582462715799,-0.0865181181861038,0.0074853847744646256,0.30494234997290215,-0.15520222188742605,0.02408772967879383,0.17367552681340065,-0.02393539872792455,0.0005729033122647322,0.1855849773397576,-0.0358448492542815,0.0012848532180621648
598,"C/ BRUC, 103 (xamfrà)",la Dreta de l'Eixample,0.1177954684629516,0.22271492153370884,-0.10491945307075724,0.011008091632666831,0.31748700591973394,-0.19969153745678236,0.03987671013185352,0.20229386850842118,-0.08449840004546959,0.007139979610244215,0.20046797557180374,-0.08267250710885214,0.006834743431663208
599,"C/ VALÈNCIA, 312 (xamfrà)",la Dreta de l'Eixample,0.2114613376947071,0.3183393074629532,-0.1068779697682461,0.011422900421782126,0.3286456025333871,-0.11718426483868,0.013732151925781894,0.16991658276287963,0.041544754931827466,0.0017259666623456026,0.1451777797791254,0.06628355791558169,0.004393510049948272
6,"PG. LLUIS COMPANYS, 18 (ARC TRIOMF)","Sant Pere, Santa Caterina i la Ribera",0.232319393928427,0.4298500651419998,-0.19753067121357282,0.039018366070084604,0.3977382138043424,-0.1654188198759154,0.02736338596914054,0.4142789715433844,-0.1819595776149574,0.03310928788581371,0.4260647881428489,-0.19374539421442194,0.03753727777930176
60,"RBLA. CATALUNYA, 47",la Dreta de l'Eixample,0.2495342172761527,0.2636383881931489,-0.0141041709169962,0.00019892763725584144,0.3255326594844616,-0.0759984422083089,0.005775763218089668,0.21493106816437654,0.034603149111776144,0.001197377928451814,0.19789916296411728,0.05163505431203541,0.002666178833806847
600,"C/ VALÈNCIA, 237",la Dreta de l'Eixample,0.2113655138748075,0.26936862512720694,-0.05800311125239943,0.0033643609149582253,0.31218402657715466,-0.10081851270234715,0.010164372503513335,0.21053701733726757,0.0008284965375399411,6.864065127156711e-07,0.23716999785357323,-0.025804483978765724,0.0006658713934103769
602,"C/ ROSSELLÓ, 497 (xamfrà)",la Sagrada Família,0.2346762346027799,0.2927813144167695,-0.05810507981398963,0.003376200300190105,0.3154492806296738,-0.08077304602689392,0.006524284964462723,0.2179576279049009,0.016718606697879,0.0002795118099183646,0.2238489520867744,0.010827282516005482,0.000117230046681398
603,"C/ CÒRSEGA, 612 (xamfrà)",la Sagrada Família,0.2454047914085089,0.2790276190521665,-0.03362282764365759,0.0011304945387551053,0.3005144405455179,-0.055109649137009,0.0030370734280042366,0.23029936176399787,0.015105429644511031,0.00022817400474527266,0.22040129508354608,0.02500349632496282,0.0006251748284724293
604,"C/ CÒRSEGA, 578",la Sagrada Família,0.2222995926647454,0.25864252172946306,-0.03634292906471767,0.0013208084930031005,0.29532382440985067,-0.07302423174510528,0.005332538421962842,0.20444064509557744,0.01785894756916795,0.0003189420082782898,0.1658760699831599,0.056423522681585486,0.0031836139117993917
608,"C/ PAMPLONA, 116 (xamfrà)",el Parc i la Llacuna del Poblenou,0.4908475619135518,0.39254043712880726,0.09830712478474452,0.00966429078344333,0.44106706733936396,0.04978049457418782,0.0024780976400507427,0.5156870309396073,-0.02483946902605555,0.000616999221496373,0.4638371729742376,0.02701038893931418,0.0007295611106530257
609,"C/ ÀVILA, 94",el Parc i la Llacuna del Poblenou,0.554015826472689,0.577037371412773,-0.023021544940084016,0.000529991531428308,0.45639380005190544,0.09762202642078355,0.009530060042500161,0.5637194180116186,-0.009703591538929635,9.41596887543868e-05,0.5858041707009938,-0.03178834422830479,0.0010104988287771984
61,"C/ ARAGÓ, 288",la Dreta de l'Eixample,0.2500303461191649,0.2712456452397539,-0.021215299120589004,0.0004500889167760646,0.3305407223239667,-0.08051037620480178,0.0064819206766387125,0.19807128846614003,0.05195905765302489,0.0026997436721903642,0.23527525677514272,0.014755089344022199,0.00021771266155007745
610,"C/ ÀVILA, 102",el Parc i la Llacuna del Poblenou,0.4105321202095395,0.5597938047923078,-0.14926168458276828,0.022279050484485807,0.45682933438963425,-0.04629721418009475,0.002143432040837566,0.5649948404947976,-0.15446272028525815,0.0238587319579219,0.5781783986597735,-0.167646278450234,0.02810527467821339
62,"PL. CATALUNYA, 5",la Dreta de l'Eixample,0.4023924886982729,0.3294832252577165,0.07290926344055637,0.0053157606954444495,0.36106730830233963,0.04132518039593325,0.0017077705347564255,0.3973827714943081,0.005009717203964759,2.509726646370048e-05,0.3702828230895508,0.03210966560872208,0.0010310306255039497
63,"PL. CATALUNYA, 7",la Dreta de l'Eixample,0.3972489719096054,0.3453703330273105,0.05187863888229488,0.002691393172279558,0.36938737855481907,0.02786159335478633,0.0007762683842674737,0.39886563637100647,-0.001616664461401074,2.6136039807572245e-06,0.3574031698379317,0.03984580207167371,0.0015876879427349968
64,"PL. CATALUNYA, 10-11 (LA RAMBLA)",la Dreta de l'Eixample,0.4275617038968893,0.31410069954131487,0.11346100435557444,0.012873399509375681,0.3585214041149353,0.06904029978195397,0.004766562993982074,0.3564185800078038,0.0711431238890855,0.0050613440766977685,0.369800708912804,0.05776099498408532,0.0033363325415515298
65,"PL. CATALUNYA, 10-11 (PG. DE GRÀCIA)",la Dreta de l'Eixample,0.4884330759330759,0.2984128663573045,0.19002020957577137,0.03610768004722007,0.35897125768819454,0.12946181824488134,0.01676036238327069,0.35091913792887114,0.13751393800420475,0.018910083145424268,0.37533261956863084,0.11310045636444505,0.012791713229845738
66,"GRAN VIA DE LES CORTS CATALANES, 609",la Dreta de l'Eixample,0.2932827827263502,0.22998230031839725,0.06330048240795297,0.004006951073079563,0.35220589431046356,-0.05892311158411334,0.003471933078753872,0.3056419350158441,-0.012359152289493858,0.00015274864531490126,0.33432773007079997,-0.041044947344449745,0.0016846877025086522
67,"C/ ROCAFORT, 214 | C/ ROSSELLÓ",la Nova Esquerra de l'Eixample,0.2111570187175604,0.2179697064294165,-0.006812687711856086,4.641271385927491e-05,0.3059255674735844,-0.094768548756024,0.008981077833322899,0.18876805886095413,0.022388959856606272,0.0005012655234607271,0.21092005743619743,0.00023696128136296846,5.6150648865179905e-08
68,"RAMBLA CATALUNYA, 133 /  CÒRSEGA",la Dreta de l'Eixample,0.121433250305617,0.1996515920771817,-0.0782183417715647,0.006118108989493303,0.2846042274928284,-0.16317097718721138,0.026624767796229458,0.19907884418577118,-0.07764559388015418,0.006028838249001837,0.19954238804720495,-0.07810913774158795,0.00610103739873436
69,"CARRER DE LA MARINA,25-33",la Vila Olímpica del Poblenou,0.3502478078536027,0.3892103680828207,-0.03896256022921801,0.0015180810996154412,0.40824621901007807,-0.05799841115647536,0.0033638156966755654,0.4475435910779471,-0.0972957832243444,0.009466469433238617,0.46911165827985357,-0.11886385042625086,0.014128614938154137
7,"PG. PUJADES,  1 (JUTJATS)","Sant Pere, Santa Caterina i la Ribera",0.551401506328131,0.42768263111113086,0.12371887521700015,0.015306360084959654,0.41389537623796446,0.13750613009016655,0.018907935812373804,0.4906151479654846,0.0607863583626464,0.0036949813629920717,0.4712294296722083,0.08017207665592269,0.006427561875323143
70,"C/ COMTE URGELL, 23",Sant Antoni,0.4473576155219287,0.38002576440857433,0.06733185111335438,0.004533578174350922,0.37014072972011935,0.07721688580180935,0.005962447452929667,0.3874636648335603,0.05989395068836839,0.0035872853290607044,0.4142813808321046,0.033076234689824124,0.0010940373012563248
71,"C/ FLORIDABLANCA, 145",Sant Antoni,0.3219016853229159,0.3675150619279488,-0.045613376605032896,0.0020805801253125623,0.3702865009677191,-0.04838481564480318,0.0023410903849815905,0.3640329295857196,-0.04213124426280368,0.001775041743132028,0.38411455788381843,-0.06221287256090252,0.0038704415122790977
72,"C/ PROVENÇA, 215",la Dreta de l'Eixample,0.2447679557089732,0.23036295229716053,0.014405003411812667,0.00020750412329433458,0.29670350327389455,-0.05193554756492136,0.002697301100868209,0.17688124917255726,0.06788670653641593,0.004608604924361458,0.18342388656433037,0.06134406914464283,0.0037630948192227203
73,"C/ ENRIC GRANADOS, 93",l'Antiga Esquerra de l'Eixample,0.1656008976653193,0.2368672252911063,-0.071266327625787,0.005078889453266011,0.3111864618969904,-0.1455855642316711,0.02119515651265403,0.19660809400504145,-0.031007196339722154,0.0009614462248500789,0.24179335055453358,-0.07619245288921428,0.005805289877275137
74,"AV. JOSEP TARRADELLAS, 133",les Corts,0.2178248301235124,0.1561116883184022,0.0617131418051102,0.00380851187145764,0.2737294382788799,-0.05590460815536752,0.0031253252130051846,0.15429599463778432,0.06352883548572807,0.004035912938172703,0.14370553792893315,0.07411929219457924,0.005493669475425416
75,"AV. JOSEP TARRADELLAS, 58",la Nova Esquerra de l'Eixample,0.2054198100814472,0.24949404151841487,-0.044074231436967676,0.0019425378767593897,0.3093631090765578,-0.1039432989951106,0.01080420940598696,0.2064045870367509,-0.0009847769553037178,9.697856516972605e-07,0.21345696328586997,-0.008037153204422776,6.459583163136329e-05
76,"C/ CÒRSEGA, 216",l'Antiga Esquerra de l'Eixample,0.1713534717501081,0.216744576133801,-0.0453911043836929,0.002060352357171305,0.3053973761476195,-0.13404390439751143,0.017967768306129183,0.18024248584823852,-0.008889014098130421,7.901457163676139e-05,0.17091430338440244,0.00043916836570565,1.9286885343657153e-07
77,"AV. FRANCESC CAMBÓ, 10","Sant Pere, Santa Caterina i la Ribera",0.6298741409929735,0.4182981415791569,0.21157599941381655,0.0447644035279553,0.39686167399564565,0.2330124669973278,0.05429480977618078,0.4723450446232122,0.15752909636976126,0.02481541620307353,0.44811922718682834,0.1817549138061451,0.03303484869267924
78,PL. UNIVERSITAT /  ARIBAU,Sant Antoni,0.2276871131119865,0.2790957713330169,-0.051408658221030384,0.0026428501400867148,0.3678315636507643,-0.1401444505387778,0.01964046701681594,0.3294361016500752,-0.1017489885380887,0.010352856668524105,0.31055687764795975,-0.08286976453597325,0.00686739787424765
79, PL.  UNIVERSITAT,Sant Antoni,0.2557430782523761,0.31062380141566265,-0.05488072316328657,0.003011893774925299,0.367338844634598,-0.1115957663822219,0.012453615074435449,0.28681421151356273,-0.031071133261186656,0.0009654153221344198,0.2651466073022131,-0.009403529049837045,8.84263585911292e-05
8,"PG. PUJADES, 2","Sant Pere, Santa Caterina i la Ribera",0.5305866211038625,0.43940967150137544,0.09117694960248701,0.008313236138814456,0.4204565316466008,0.11013008945726166,0.012128636603864455,0.5115877122187059,0.01899890888515654,0.0003609585388264801,0.49002472485447834,0.04056189624938411,0.0016452674273458008
80,"C/ ENRIC  GRANADOS, 35",l'Antiga Esquerra de l'Eixample,0.2292022054686621,0.26026688531308223,-0.03106467984442013,0.0009650143338363222,0.32825126072302,-0.09904905525435792,0.009810715346780848,0.21074948769466592,0.01845271777399618,0.00034050279324675454,0.20088422320543414,0.02831798226322796,0.0008019081194604933
81,"C/ VILAMARÍ,  61",la Nova Esquerra de l'Eixample,0.3221105662298684,0.2904697054942933,0.031640860735575094,0.0010011440680880576,0.36591955198519327,-0.04380898575532488,0.0019192272329102583,0.3163595092885181,0.005751056941350308,3.3074655942653555e-05,0.3060388548606871,0.016071711369181285,0.00025829990633427095
82,"C/ CALÀBRIA, 112",la Nova Esquerra de l'Eixample,0.4292361894024802,0.3630679034152675,0.0661682859872127,0.004378242070485568,0.36214471965671924,0.06709146974576097,0.004501265312646359,0.2770479163504443,0.15218827305203592,0.023161270454561043,0.31030601180281975,0.11893017759966046,0.014144387143886779
83,"C/ CALABRIA, 158",la Nova Esquerra de l'Eixample,0.3666056681681682,0.3091487245504179,0.05745694361775028,0.0033013003698933343,0.3509092834075624,0.015696384760605808,0.00024637649455297824,0.28629023267092235,0.08031543549724585,0.006450569179112258,0.28427305674207975,0.08233261142608844,0.006778658904239269
84,C/ DEL COMTE D'URGELL 75 B,la Nova Esquerra de l'Eixample,0.317897063730397,0.31841933990464455,-0.000522276174247549,2.727724021866562e-07,0.3552645130229712,-0.037367449292574184,0.001396326266633103,0.2852421173309869,0.03265494639941008,0.0010663455243483454,0.2624082682229309,0.055488795507466104,0.0030790064268693905
85,"AV. PARAL·LEL, 146 BIS",Sant Antoni,0.4903209775491113,0.33457084326978676,0.15575013427932455,0.02425810432802763,0.36641355812279774,0.12390741942631356,0.015353048588888387,0.3539506498946817,0.13637032765442958,0.018596866264576482,0.36184336808195044,0.12847760946716086,0.016506496134396302
86,"C/ VILADOMAT,  2",Sant Antoni,0.5036472999877932,0.38273331237990355,0.12091398760788968,0.0146201923992409,0.38179314810905124,0.12185415187874199,0.01484843433008752,0.39505531930036936,0.10859198068742387,0.011792218269617839,0.39807557701397717,0.10557172297381606,0.011145388691660162
87,"C/ ROCAFORT, 187",la Nova Esquerra de l'Eixample,0.3049465270741867,0.3223512791692594,-0.017404752095072695,0.00030292539549093737,0.33890456785440265,-0.03395804078021597,0.0011531485336308109,0.2857298652821973,0.019216661791989387,0.00036928009042770475,0.28457167972711994,0.020374847347066738,0.0004151344044162725
88,"C/ LONDRES, 101-103",l'Antiga Esquerra de l'Eixample,0.1407945298372513,0.22287586867312031,-0.08208133883586902,0.006737346185088739,0.27453738528182825,-0.13374285544457695,0.01788715138246901,0.16526383006453682,-0.024469300227285523,0.0005987466536130354,0.1825951020921942,-0.04180057225494291,0.0017472878408407028
89,"C/ ROSSELLÓ,  101",la Nova Esquerra de l'Eixample,0.1881220657276995,0.29142059915720475,-0.10329853342950526,0.010670587008686616,0.3354619636767052,-0.14733989794900573,0.021709045527623424,0.18660684278102327,0.0015152229466762202,2.2959005781341676e-06,0.17082239145392492,0.017299674273774573,0.0002992787299786978
9,"AV. MARQUÉS DE L'ARGENTERA,13","Sant Pere, Santa Caterina i la Ribera",0.5601498525521763,0.6118383600064274,-0.05168850745425113,0.002671701802848175,0.41543515947502063,0.14471469307715568,0.02094234239241537,0.5738728611817183,-0.01372300862954201,0.00018832096584648448,0.5638138860708638,-0.003664033518687493,1.342514162606545e-05
90,"C/ ROSSELLÓ, 108-110",l'Antiga Esquerra de l'Eixample,0.1699559757866826,0.36414472078294774,-0.19418874499626515,0.037709268683224495,0.32028685439765625,-0.15033087861097366,0.022599373063947298,0.19685709245422275,-0.026901116667540165,0.0007236700779606073,0.23504123874223354,-0.06508526295555095,0.004236091453993213
91,"C/ COMTE D'URGELL, 43",Sant Antoni,0.3808644160525214,0.2942684638724478,0.0865959521800736,0.0074988589339735935,0.3707657957813596,0.010098620271161818,0.00010198213138112039,0.3414508782977034,0.03941353775481804,0.001553426958350467,0.3336841042374178,0.047180311815103626,0.002225981822970407
92,"C / PROVENÇA, 241",la Dreta de l'Eixample,0.1812671245730585,0.23772212580075075,-0.05645500122769226,0.0031871671636187343,0.30636322012956446,-0.12509609555650597,0.015649033123482474,0.18590565716221344,-0.004638532589154948,2.1515984580652505e-05,0.22274671423295656,-0.041479589659898064,0.0017205563583535225
94,"GRAN VIA DE LES CORTS CATALANES,375",la Nova Esquerra de l'Eixample,0.3713237328463922,0.29287160491899916,0.07845212792739303,0.006154736376336042,0.36389675976807556,0.007426973078316634,5.515992910604006e-05,0.32289073577479094,0.04843299707160126,0.002345755205337736,0.29075625728882476,0.08056747555756744,0.0064911181177192264
95,"C/ TARRAGONA, 103-115",Hostafrancs,0.3061515425008204,0.3267404490026146,-0.020588906501794235,0.00042390307093962494,0.3548686822118327,-0.048717139711012325,0.002373359701622294,0.34733814652788414,-0.041186604027063756,0.0016963363512821443,0.34423025448467864,-0.03807871198385826,0.0014499883063496307
96,"GRAN VIA DE LES CORTS CATALANES,  368",el Poble-sec,0.2924414210128495,0.4396638996887825,-0.14722247867593302,0.021674458227485552,0.3785460852779045,-0.08610466426505503,0.007414013208197845,0.3717313239167887,-0.07928990290393922,0.0062868887025161095,0.399087556627562,-0.10664613561471253,0.011373398241551657
97,"C/ TARRAGONA, 141",Hostafrancs,0.3092687368692437,0.2783091978256515,0.03095953904359222,0.0009584930577917111,0.3498166996985411,-0.0405479628292974,0.0016441372896060836,0.3285200703337224,-0.01925133346447866,0.0003706138401605559,0.32924815999183565,-0.019979423122591933,0.0003991773483115612
98," C/ DOLORS BATLLE I SUNYER, 2",Sants,0.1676142824653172,0.343677375264308,-0.17606309279899082,0.030998212645946054,0.3503581940730945,-0.18274391160777728,0.033395337229711115,0.3193289129865162,-0.15171463052119902,0.023017329114183933,0.3529916534933646,-0.18537737102804738,0.03436476968927034
99,"C/ VIRIAT,  53",Sants,0.2708148768583992,0.32526614996451575,-0.05445127310611653,0.002964941142876889,0.3476572136539863,-0.07684233679558705,0.005904744724206432,0.26192611962806384,0.008888757230335387,7.901000509983962e-05,0.25108411965772726,0.019730757200671967,0.00038930277971186865
