"Any","Codi_Districte","Nom_Districte","Codi_Barri","Nom_Barri","Seccio_Censal","Tipus_Vehicle","Index_Motoritzacio"
2023,"01","Ciutat Vella","01","el Raval","001","Turismes",288.92
2023,"01","Ciutat Vella","01","el Raval","001","Motos",120.39
2023,"01","Ciutat Vella","01","el Raval","001","Ciclomotors",290.53
2023,"01","Ciutat Vella","01","el Raval","001","Furgonetes",31.3
2023,"01","Ciutat Vella","01","el Raval","001","Camions",31.3
2023,"01","Ciutat Vella","01","el Raval","001","Resta de vehicles",77.85
2023,"01","Ciutat Vella","01","el Raval","002","Turismes",149.43
2023,"01","Ciutat Vella","01","el Raval","002","Motos",113.89
2023,"01","Ciutat Vella","01","el Raval","002","Ciclomotors",41.2
2023,"01","Ciutat Vella","01","el Raval","002","Furgonetes",25.85
2023,"01","Ciutat Vella","01","el Raval","002","Camions",7.27
2023,"01","Ciutat Vella","01","el Raval","002","Resta de vehicles",4.85
2023,"01","Ciutat Vella","01","el Raval","003","Turismes",120.38
2023,"01","Ciutat Vella","01","el Raval","003","Motos",59.01
2023,"01","Ciutat Vella","01","el Raval","003","Ciclomotors",21.14
2023,"01","Ciutat Vella","01","el Raval","003","Furgonetes",11.45
2023,"01","Ciutat Vella","01","el Raval","003","Camions",16.74
2023,"01","Ciutat Vella","01","el Raval","003","Resta de vehicles",1.47
2023,"01","Ciutat Vella","01","el Raval","004","Turismes",147.87
2023,"01","Ciutat Vella","01","el Raval","004","Motos",84
2023,"01","Ciutat Vella","01","el Raval","004","Ciclomotors",26.03
2023,"01","Ciutat Vella","01","el Raval","004","Furgonetes",15.62
2023,"01","Ciutat Vella","01","el Raval","004","Camions",5.55
2023,"01","Ciutat Vella","01","el Raval","004","Resta de vehicles",2.08
2023,"01","Ciutat Vella","01","el Raval","005","Turismes",136.01
2023,"01","Ciutat Vella","01","el Raval","005","Motos",91.54
2023,"01","Ciutat Vella","01","el Raval","005","Ciclomotors",31.82
2023,"01","Ciutat Vella","01","el Raval","005","Furgonetes",21.8
2023,"01","Ciutat Vella","01","el Raval","005","Camions",5.67
2023,"01","Ciutat Vella","01","el Raval","005","Resta de vehicles",3.05
2023,"01","Ciutat Vella","01","el Raval","006","Turismes",145.66
2023,"01","Ciutat Vella","01","el Raval","006","Motos",72.2
2023,"01","Ciutat Vella","01","el Raval","006","Ciclomotors",30.4
2023,"01","Ciutat Vella","01","el Raval","006","Furgonetes",19
2023,"01","Ciutat Vella","01","el Raval","006","Camions",6.97
2023,"01","Ciutat Vella","01","el Raval","006","Resta de vehicles",1.27
2023,"01","Ciutat Vella","01","el Raval","007","Turismes",140.24
2023,"01","Ciutat Vella","01","el Raval","007","Motos",63.84
2023,"01","Ciutat Vella","01","el Raval","007","Ciclomotors",29.83
2023,"01","Ciutat Vella","01","el Raval","007","Furgonetes",19.36
2023,"01","Ciutat Vella","01","el Raval","007","Camions",4.71
2023,"01","Ciutat Vella","01","el Raval","007","Resta de vehicles",3.14
2023,"01","Ciutat Vella","01","el Raval","008","Turismes",113.2
2023,"01","Ciutat Vella","01","el Raval","008","Motos",59.18
2023,"01","Ciutat Vella","01","el Raval","008","Ciclomotors",22.32
2023,"01","Ciutat Vella","01","el Raval","008","Furgonetes",12.29
2023,"01","Ciutat Vella","01","el Raval","008","Camions",3.56
2023,"01","Ciutat Vella","01","el Raval","008","Resta de vehicles",0.65
2023,"01","Ciutat Vella","01","el Raval","009","Turismes",119.03
2023,"01","Ciutat Vella","01","el Raval","009","Motos",73.57
2023,"01","Ciutat Vella","01","el Raval","009","Ciclomotors",21.09
2023,"01","Ciutat Vella","01","el Raval","009","Furgonetes",19.21
2023,"01","Ciutat Vella","01","el Raval","009","Camions",3.28
2023,"01","Ciutat Vella","01","el Raval","009","Resta de vehicles",1.87
2023,"01","Ciutat Vella","01","el Raval","010","Turismes",112.32
2023,"01","Ciutat Vella","01","el Raval","010","Motos",55.29
2023,"01","Ciutat Vella","01","el Raval","010","Ciclomotors",26.12
2023,"01","Ciutat Vella","01","el Raval","010","Furgonetes",17.85
2023,"01","Ciutat Vella","01","el Raval","010","Camions",5.66
2023,"01","Ciutat Vella","01","el Raval","010","Resta de vehicles",3.05
2023,"01","Ciutat Vella","01","el Raval","011","Turismes",115.95
2023,"01","Ciutat Vella","01","el Raval","011","Motos",61.58
2023,"01","Ciutat Vella","01","el Raval","011","Ciclomotors",28.5
2023,"01","Ciutat Vella","01","el Raval","011","Furgonetes",16.05
2023,"01","Ciutat Vella","01","el Raval","011","Camions",4.26
2023,"01","Ciutat Vella","01","el Raval","011","Resta de vehicles",0.98
2023,"01","Ciutat Vella","01","el Raval","012","Turismes",126.93
2023,"01","Ciutat Vella","01","el Raval","012","Motos",72.53
2023,"01","Ciutat Vella","01","el Raval","012","Ciclomotors",19.73
2023,"01","Ciutat Vella","01","el Raval","012","Furgonetes",13.33
2023,"01","Ciutat Vella","01","el Raval","012","Camions",2.67
2023,"01","Ciutat Vella","01","el Raval","012","Resta de vehicles",2.13
2023,"01","Ciutat Vella","01","el Raval","013","Turismes",121.82
2023,"01","Ciutat Vella","01","el Raval","013","Motos",67.45
2023,"01","Ciutat Vella","01","el Raval","013","Ciclomotors",9.64
2023,"01","Ciutat Vella","01","el Raval","013","Furgonetes",16.52
2023,"01","Ciutat Vella","01","el Raval","013","Camions",4.82
2023,"01","Ciutat Vella","01","el Raval","013","Resta de vehicles",3.44
2023,"01","Ciutat Vella","01","el Raval","014","Turismes",91.6
2023,"01","Ciutat Vella","01","el Raval","014","Motos",65.98
2023,"01","Ciutat Vella","01","el Raval","014","Ciclomotors",21.26
2023,"01","Ciutat Vella","01","el Raval","014","Furgonetes",14.18
2023,"01","Ciutat Vella","01","el Raval","014","Camions",8.72
2023,"01","Ciutat Vella","01","el Raval","015","Turismes",91.71
2023,"01","Ciutat Vella","01","el Raval","015","Motos",64.5
2023,"01","Ciutat Vella","01","el Raval","015","Ciclomotors",15.8
2023,"01","Ciutat Vella","01","el Raval","015","Furgonetes",27.64
2023,"01","Ciutat Vella","01","el Raval","015","Camions",3.95
2023,"01","Ciutat Vella","01","el Raval","015","Resta de vehicles",8.34
2023,"01","Ciutat Vella","01","el Raval","016","Turismes",81.65
2023,"01","Ciutat Vella","01","el Raval","016","Motos",65.42
2023,"01","Ciutat Vella","01","el Raval","016","Ciclomotors",21.64
2023,"01","Ciutat Vella","01","el Raval","016","Furgonetes",15.25
2023,"01","Ciutat Vella","01","el Raval","016","Camions",2.46
2023,"01","Ciutat Vella","01","el Raval","017","Turismes",98.48
2023,"01","Ciutat Vella","01","el Raval","017","Motos",60.85
2023,"01","Ciutat Vella","01","el Raval","017","Ciclomotors",27.62
2023,"01","Ciutat Vella","01","el Raval","017","Furgonetes",12.81
2023,"01","Ciutat Vella","01","el Raval","017","Camions",3.2
2023,"01","Ciutat Vella","01","el Raval","017","Resta de vehicles",2
2023,"01","Ciutat Vella","01","el Raval","018","Turismes",102.36
2023,"01","Ciutat Vella","01","el Raval","018","Motos",82.68
2023,"01","Ciutat Vella","01","el Raval","018","Ciclomotors",52.49
2023,"01","Ciutat Vella","01","el Raval","018","Furgonetes",24.28
2023,"01","Ciutat Vella","01","el Raval","018","Camions",4.59
2023,"01","Ciutat Vella","01","el Raval","018","Resta de vehicles",3.28
2023,"01","Ciutat Vella","01","el Raval","019","Turismes",122.14
2023,"01","Ciutat Vella","01","el Raval","019","Motos",72.69
2023,"01","Ciutat Vella","01","el Raval","019","Ciclomotors",24.73
2023,"01","Ciutat Vella","01","el Raval","019","Furgonetes",22.11
2023,"01","Ciutat Vella","01","el Raval","019","Camions",4.12
2023,"01","Ciutat Vella","01","el Raval","019","Resta de vehicles",1.12
2023,"01","Ciutat Vella","01","el Raval","020","Turismes",138.38
2023,"01","Ciutat Vella","01","el Raval","020","Motos",92.25
2023,"01","Ciutat Vella","01","el Raval","020","Ciclomotors",16.57
2023,"01","Ciutat Vella","01","el Raval","020","Furgonetes",16.12
2023,"01","Ciutat Vella","01","el Raval","020","Camions",4.03
2023,"01","Ciutat Vella","01","el Raval","020","Resta de vehicles",3.58
2023,"01","Ciutat Vella","01","el Raval","021","Turismes",180.21
2023,"01","Ciutat Vella","01","el Raval","021","Motos",106.44
2023,"01","Ciutat Vella","01","el Raval","021","Ciclomotors",21.94
2023,"01","Ciutat Vella","01","el Raval","021","Furgonetes",22.41
2023,"01","Ciutat Vella","01","el Raval","021","Camions",10.74
2023,"01","Ciutat Vella","01","el Raval","021","Resta de vehicles",11.2
2023,"01","Ciutat Vella","02","el Barri Gòtic","022","Turismes",154.06
2023,"01","Ciutat Vella","02","el Barri Gòtic","022","Motos",97.63
2023,"01","Ciutat Vella","02","el Barri Gòtic","022","Ciclomotors",14.67
2023,"01","Ciutat Vella","02","el Barri Gòtic","022","Furgonetes",19.19
2023,"01","Ciutat Vella","02","el Barri Gòtic","022","Camions",5.08
2023,"01","Ciutat Vella","02","el Barri Gòtic","022","Resta de vehicles",3.95
2023,"01","Ciutat Vella","02","el Barri Gòtic","023","Turismes",223.8
2023,"01","Ciutat Vella","02","el Barri Gòtic","023","Motos",127.16
2023,"01","Ciutat Vella","02","el Barri Gòtic","023","Ciclomotors",18.31
2023,"01","Ciutat Vella","02","el Barri Gòtic","023","Furgonetes",30.52
2023,"01","Ciutat Vella","02","el Barri Gòtic","023","Camions",9.16
2023,"01","Ciutat Vella","02","el Barri Gòtic","023","Resta de vehicles",4.07
2023,"01","Ciutat Vella","02","el Barri Gòtic","025","Turismes",1219.18
2023,"01","Ciutat Vella","02","el Barri Gòtic","025","Motos",453.58
2023,"01","Ciutat Vella","02","el Barri Gòtic","025","Ciclomotors",20.55
2023,"01","Ciutat Vella","02","el Barri Gòtic","025","Furgonetes",466.51
2023,"01","Ciutat Vella","02","el Barri Gòtic","025","Camions",330.29
2023,"01","Ciutat Vella","02","el Barri Gòtic","025","Resta de vehicles",112.63
2023,"01","Ciutat Vella","02","el Barri Gòtic","026","Turismes",33.74
2023,"01","Ciutat Vella","02","el Barri Gòtic","026","Motos",46.39
2023,"01","Ciutat Vella","02","el Barri Gòtic","026","Ciclomotors",6.18
2023,"01","Ciutat Vella","02","el Barri Gòtic","026","Furgonetes",26.71
2023,"01","Ciutat Vella","02","el Barri Gòtic","026","Camions",5.72
2023,"01","Ciutat Vella","02","el Barri Gòtic","026","Resta de vehicles",0.84
2023,"01","Ciutat Vella","02","el Barri Gòtic","027","Turismes",377.52
2023,"01","Ciutat Vella","02","el Barri Gòtic","027","Motos",528.11
2023,"01","Ciutat Vella","02","el Barri Gòtic","027","Ciclomotors",28.45
2023,"01","Ciutat Vella","02","el Barri Gòtic","027","Furgonetes",89.52
2023,"01","Ciutat Vella","02","el Barri Gòtic","027","Camions",180.43
2023,"01","Ciutat Vella","02","el Barri Gòtic","027","Resta de vehicles",27.06
2023,"01","Ciutat Vella","02","el Barri Gòtic","028","Turismes",170.78
2023,"01","Ciutat Vella","02","el Barri Gòtic","028","Motos",110.88
2023,"01","Ciutat Vella","02","el Barri Gòtic","028","Ciclomotors",19.44
2023,"01","Ciutat Vella","02","el Barri Gòtic","028","Furgonetes",18.92
2023,"01","Ciutat Vella","02","el Barri Gòtic","028","Camions",2.1
2023,"01","Ciutat Vella","02","el Barri Gòtic","028","Resta de vehicles",3.15
2023,"01","Ciutat Vella","02","el Barri Gòtic","029","Turismes",173.29
2023,"01","Ciutat Vella","02","el Barri Gòtic","029","Motos",112.64
2023,"01","Ciutat Vella","02","el Barri Gòtic","029","Ciclomotors",31.05
2023,"01","Ciutat Vella","02","el Barri Gòtic","029","Furgonetes",17.33
2023,"01","Ciutat Vella","02","el Barri Gòtic","029","Camions",6.5
2023,"01","Ciutat Vella","02","el Barri Gòtic","029","Resta de vehicles",2.89
2023,"01","Ciutat Vella","02","el Barri Gòtic","030","Turismes",192.32
2023,"01","Ciutat Vella","02","el Barri Gòtic","030","Motos",176.81
2023,"01","Ciutat Vella","02","el Barri Gòtic","030","Ciclomotors",44.51
2023,"01","Ciutat Vella","02","el Barri Gòtic","030","Furgonetes",24.09
2023,"01","Ciutat Vella","02","el Barri Gòtic","030","Camions",13.47
2023,"01","Ciutat Vella","02","el Barri Gòtic","030","Resta de vehicles",23.68
2023,"01","Ciutat Vella","02","el Barri Gòtic","031","Turismes",187.94
2023,"01","Ciutat Vella","02","el Barri Gòtic","031","Motos",134.06
2023,"01","Ciutat Vella","02","el Barri Gòtic","031","Ciclomotors",44.9
2023,"01","Ciutat Vella","02","el Barri Gòtic","031","Furgonetes",75.05
2023,"01","Ciutat Vella","02","el Barri Gòtic","031","Camions",6.41
2023,"01","Ciutat Vella","02","el Barri Gòtic","031","Resta de vehicles",8.34
2023,"01","Ciutat Vella","03","la Barceloneta","032","Turismes",260.16
2023,"01","Ciutat Vella","03","la Barceloneta","032","Motos",185.83
2023,"01","Ciutat Vella","03","la Barceloneta","032","Ciclomotors",34.84
2023,"01","Ciutat Vella","03","la Barceloneta","032","Furgonetes",52.26
2023,"01","Ciutat Vella","03","la Barceloneta","032","Camions",20.33
2023,"01","Ciutat Vella","03","la Barceloneta","032","Resta de vehicles",11.61
2023,"01","Ciutat Vella","03","la Barceloneta","033","Turismes",216.19
2023,"01","Ciutat Vella","03","la Barceloneta","033","Motos",123.81
2023,"01","Ciutat Vella","03","la Barceloneta","033","Ciclomotors",33.33
2023,"01","Ciutat Vella","03","la Barceloneta","033","Furgonetes",16.19
2023,"01","Ciutat Vella","03","la Barceloneta","033","Camions",0.95
2023,"01","Ciutat Vella","03","la Barceloneta","033","Resta de vehicles",0.95
2023,"01","Ciutat Vella","03","la Barceloneta","034","Turismes",192.51
2023,"01","Ciutat Vella","03","la Barceloneta","034","Motos",130.48
2023,"01","Ciutat Vella","03","la Barceloneta","034","Ciclomotors",27.81
2023,"01","Ciutat Vella","03","la Barceloneta","034","Furgonetes",23.53
2023,"01","Ciutat Vella","03","la Barceloneta","034","Camions",3.21
2023,"01","Ciutat Vella","03","la Barceloneta","034","Resta de vehicles",1.07
2023,"01","Ciutat Vella","03","la Barceloneta","035","Turismes",221.65
2023,"01","Ciutat Vella","03","la Barceloneta","035","Motos",120.35
2023,"01","Ciutat Vella","03","la Barceloneta","035","Ciclomotors",38.1
2023,"01","Ciutat Vella","03","la Barceloneta","035","Furgonetes",28.57
2023,"01","Ciutat Vella","03","la Barceloneta","035","Camions",6.06
2023,"01","Ciutat Vella","03","la Barceloneta","035","Resta de vehicles",4.33
2023,"01","Ciutat Vella","03","la Barceloneta","036","Turismes",237.89
2023,"01","Ciutat Vella","03","la Barceloneta","036","Motos",139.27
2023,"01","Ciutat Vella","03","la Barceloneta","036","Ciclomotors",76.99
2023,"01","Ciutat Vella","03","la Barceloneta","036","Furgonetes",22.49
2023,"01","Ciutat Vella","03","la Barceloneta","036","Camions",5.19
2023,"01","Ciutat Vella","03","la Barceloneta","036","Resta de vehicles",4.33
2023,"01","Ciutat Vella","03","la Barceloneta","037","Turismes",213.17
2023,"01","Ciutat Vella","03","la Barceloneta","037","Motos",125.39
2023,"01","Ciutat Vella","03","la Barceloneta","037","Ciclomotors",32.92
2023,"01","Ciutat Vella","03","la Barceloneta","037","Furgonetes",21.16
2023,"01","Ciutat Vella","03","la Barceloneta","037","Camions",4.7
2023,"01","Ciutat Vella","03","la Barceloneta","037","Resta de vehicles",7.05
2023,"01","Ciutat Vella","03","la Barceloneta","038","Turismes",186.79
2023,"01","Ciutat Vella","03","la Barceloneta","038","Motos",101.56
2023,"01","Ciutat Vella","03","la Barceloneta","038","Ciclomotors",19.89
2023,"01","Ciutat Vella","03","la Barceloneta","038","Furgonetes",19.89
2023,"01","Ciutat Vella","03","la Barceloneta","038","Camions",6.39
2023,"01","Ciutat Vella","03","la Barceloneta","038","Resta de vehicles",3.55
2023,"01","Ciutat Vella","03","la Barceloneta","039","Turismes",213.69
2023,"01","Ciutat Vella","03","la Barceloneta","039","Motos",131.56
2023,"01","Ciutat Vella","03","la Barceloneta","039","Ciclomotors",20.53
2023,"01","Ciutat Vella","03","la Barceloneta","039","Furgonetes",17.49
2023,"01","Ciutat Vella","03","la Barceloneta","039","Camions",2.28
2023,"01","Ciutat Vella","03","la Barceloneta","039","Resta de vehicles",3.04
2023,"01","Ciutat Vella","03","la Barceloneta","040","Turismes",222.02
2023,"01","Ciutat Vella","03","la Barceloneta","040","Motos",112.86
2023,"01","Ciutat Vella","03","la Barceloneta","040","Ciclomotors",20.35
2023,"01","Ciutat Vella","03","la Barceloneta","040","Furgonetes",18.5
2023,"01","Ciutat Vella","03","la Barceloneta","040","Camions",8.33
2023,"01","Ciutat Vella","03","la Barceloneta","040","Resta de vehicles",14.8
2023,"01","Ciutat Vella","03","la Barceloneta","041","Turismes",209.06
2023,"01","Ciutat Vella","03","la Barceloneta","041","Motos",130.31
2023,"01","Ciutat Vella","03","la Barceloneta","041","Ciclomotors",36.24
2023,"01","Ciutat Vella","03","la Barceloneta","041","Furgonetes",13.94
2023,"01","Ciutat Vella","03","la Barceloneta","041","Camions",5.57
2023,"01","Ciutat Vella","03","la Barceloneta","041","Resta de vehicles",4.18
2023,"01","Ciutat Vella","03","la Barceloneta","042","Turismes",198.74
2023,"01","Ciutat Vella","03","la Barceloneta","042","Motos",97.07
2023,"01","Ciutat Vella","03","la Barceloneta","042","Ciclomotors",24.12
2023,"01","Ciutat Vella","03","la Barceloneta","042","Furgonetes",21.25
2023,"01","Ciutat Vella","03","la Barceloneta","042","Camions",8.62
2023,"01","Ciutat Vella","03","la Barceloneta","042","Resta de vehicles",7.47
2023,"01","Ciutat Vella","04","Sant Pere, Santa Caterina i la Ribera","043","Turismes",223.46
2023,"01","Ciutat Vella","04","Sant Pere, Santa Caterina i la Ribera","043","Motos",1581.63
2023,"01","Ciutat Vella","04","Sant Pere, Santa Caterina i la Ribera","043","Ciclomotors",1971.45
2023,"01","Ciutat Vella","04","Sant Pere, Santa Caterina i la Ribera","043","Furgonetes",61.45
2023,"01","Ciutat Vella","04","Sant Pere, Santa Caterina i la Ribera","043","Camions",14.28
2023,"01","Ciutat Vella","04","Sant Pere, Santa Caterina i la Ribera","043","Resta de vehicles",8.69
2023,"01","Ciutat Vella","04","Sant Pere, Santa Caterina i la Ribera","044","Turismes",211.43
2023,"01","Ciutat Vella","04","Sant Pere, Santa Caterina i la Ribera","044","Motos",130.17
2023,"01","Ciutat Vella","04","Sant Pere, Santa Caterina i la Ribera","044","Ciclomotors",28.24
2023,"01","Ciutat Vella","04","Sant Pere, Santa Caterina i la Ribera","044","Furgonetes",21.35
2023,"01","Ciutat Vella","04","Sant Pere, Santa Caterina i la Ribera","044","Camions",6.89
2023,"01","Ciutat Vella","04","Sant Pere, Santa Caterina i la Ribera","044","Resta de vehicles",7.58
2023,"01","Ciutat Vella","04","Sant Pere, Santa Caterina i la Ribera","045","Turismes",159.87
2023,"01","Ciutat Vella","04","Sant Pere, Santa Caterina i la Ribera","045","Motos",115.99
2023,"01","Ciutat Vella","04","Sant Pere, Santa Caterina i la Ribera","045","Ciclomotors",20.9
2023,"01","Ciutat Vella","04","Sant Pere, Santa Caterina i la Ribera","045","Furgonetes",22.47
2023,"01","Ciutat Vella","04","Sant Pere, Santa Caterina i la Ribera","045","Camions",6.27
2023,"01","Ciutat Vella","04","Sant Pere, Santa Caterina i la Ribera","045","Resta de vehicles",3.66
2023,"01","Ciutat Vella","04","Sant Pere, Santa Caterina i la Ribera","046","Turismes",156.93
2023,"01","Ciutat Vella","04","Sant Pere, Santa Caterina i la Ribera","046","Motos",129.66
2023,"01","Ciutat Vella","04","Sant Pere, Santa Caterina i la Ribera","046","Ciclomotors",22.26
2023,"01","Ciutat Vella","04","Sant Pere, Santa Caterina i la Ribera","046","Furgonetes",27.27
2023,"01","Ciutat Vella","04","Sant Pere, Santa Caterina i la Ribera","046","Camions",4.45
2023,"01","Ciutat Vella","04","Sant Pere, Santa Caterina i la Ribera","046","Resta de vehicles",3.9
2023,"01","Ciutat Vella","04","Sant Pere, Santa Caterina i la Ribera","047","Turismes",147.76
2023,"01","Ciutat Vella","04","Sant Pere, Santa Caterina i la Ribera","047","Motos",100.64
2023,"01","Ciutat Vella","04","Sant Pere, Santa Caterina i la Ribera","047","Ciclomotors",26.76
2023,"01","Ciutat Vella","04","Sant Pere, Santa Caterina i la Ribera","047","Furgonetes",22.69
2023,"01","Ciutat Vella","04","Sant Pere, Santa Caterina i la Ribera","047","Camions",4.65
2023,"01","Ciutat Vella","04","Sant Pere, Santa Caterina i la Ribera","047","Resta de vehicles",11.05
2023,"01","Ciutat Vella","04","Sant Pere, Santa Caterina i la Ribera","048","Turismes",144.24
2023,"01","Ciutat Vella","04","Sant Pere, Santa Caterina i la Ribera","048","Motos",84.7
2023,"01","Ciutat Vella","04","Sant Pere, Santa Caterina i la Ribera","048","Ciclomotors",29.53
2023,"01","Ciutat Vella","04","Sant Pere, Santa Caterina i la Ribera","048","Furgonetes",19.36
2023,"01","Ciutat Vella","04","Sant Pere, Santa Caterina i la Ribera","048","Camions",4.84
2023,"01","Ciutat Vella","04","Sant Pere, Santa Caterina i la Ribera","048","Resta de vehicles",2.42
2023,"01","Ciutat Vella","04","Sant Pere, Santa Caterina i la Ribera","049","Turismes",139.19
2023,"01","Ciutat Vella","04","Sant Pere, Santa Caterina i la Ribera","049","Motos",106.08
2023,"01","Ciutat Vella","04","Sant Pere, Santa Caterina i la Ribera","049","Ciclomotors",35.81
2023,"01","Ciutat Vella","04","Sant Pere, Santa Caterina i la Ribera","049","Furgonetes",14.19
2023,"01","Ciutat Vella","04","Sant Pere, Santa Caterina i la Ribera","049","Camions",5.41
2023,"01","Ciutat Vella","04","Sant Pere, Santa Caterina i la Ribera","049","Resta de vehicles",5.41
2023,"01","Ciutat Vella","04","Sant Pere, Santa Caterina i la Ribera","050","Turismes",156.23
2023,"01","Ciutat Vella","04","Sant Pere, Santa Caterina i la Ribera","050","Motos",92.98
2023,"01","Ciutat Vella","04","Sant Pere, Santa Caterina i la Ribera","050","Ciclomotors",20.24
2023,"01","Ciutat Vella","04","Sant Pere, Santa Caterina i la Ribera","050","Furgonetes",15.18
2023,"01","Ciutat Vella","04","Sant Pere, Santa Caterina i la Ribera","050","Camions",4.43
2023,"01","Ciutat Vella","04","Sant Pere, Santa Caterina i la Ribera","050","Resta de vehicles",1.27
2023,"01","Ciutat Vella","04","Sant Pere, Santa Caterina i la Ribera","051","Turismes",128.96
2023,"01","Ciutat Vella","04","Sant Pere, Santa Caterina i la Ribera","051","Motos",94.33
2023,"01","Ciutat Vella","04","Sant Pere, Santa Caterina i la Ribera","051","Ciclomotors",20.3
2023,"01","Ciutat Vella","04","Sant Pere, Santa Caterina i la Ribera","051","Furgonetes",19.7
2023,"01","Ciutat Vella","04","Sant Pere, Santa Caterina i la Ribera","051","Camions",1.79
2023,"01","Ciutat Vella","04","Sant Pere, Santa Caterina i la Ribera","051","Resta de vehicles",1.19
2023,"01","Ciutat Vella","04","Sant Pere, Santa Caterina i la Ribera","052","Turismes",243.35
2023,"01","Ciutat Vella","04","Sant Pere, Santa Caterina i la Ribera","052","Motos",132.66
2023,"01","Ciutat Vella","04","Sant Pere, Santa Caterina i la Ribera","052","Ciclomotors",21.97
2023,"01","Ciutat Vella","04","Sant Pere, Santa Caterina i la Ribera","052","Furgonetes",25.77
2023,"01","Ciutat Vella","04","Sant Pere, Santa Caterina i la Ribera","052","Camions",6.34
2023,"01","Ciutat Vella","04","Sant Pere, Santa Caterina i la Ribera","052","Resta de vehicles",8.87
2023,"01","Ciutat Vella","04","Sant Pere, Santa Caterina i la Ribera","053","Turismes",176.66
2023,"01","Ciutat Vella","04","Sant Pere, Santa Caterina i la Ribera","053","Motos",94.33
2023,"01","Ciutat Vella","04","Sant Pere, Santa Caterina i la Ribera","053","Ciclomotors",29.99
2023,"01","Ciutat Vella","04","Sant Pere, Santa Caterina i la Ribera","053","Furgonetes",20.17
2023,"01","Ciutat Vella","04","Sant Pere, Santa Caterina i la Ribera","053","Camions",4.36
2023,"01","Ciutat Vella","04","Sant Pere, Santa Caterina i la Ribera","053","Resta de vehicles",2.73
2023,"01","Ciutat Vella","04","Sant Pere, Santa Caterina i la Ribera","054","Turismes",124.21
2023,"01","Ciutat Vella","04","Sant Pere, Santa Caterina i la Ribera","054","Motos",134.49
2023,"01","Ciutat Vella","04","Sant Pere, Santa Caterina i la Ribera","054","Ciclomotors",24.53
2023,"01","Ciutat Vella","04","Sant Pere, Santa Caterina i la Ribera","054","Furgonetes",25.32
2023,"01","Ciutat Vella","04","Sant Pere, Santa Caterina i la Ribera","054","Camions",7.12
2023,"01","Ciutat Vella","04","Sant Pere, Santa Caterina i la Ribera","054","Resta de vehicles",6.33
2023,"01","Ciutat Vella","04","Sant Pere, Santa Caterina i la Ribera","055","Turismes",239.66
2023,"01","Ciutat Vella","04","Sant Pere, Santa Caterina i la Ribera","055","Motos",105.39
2023,"01","Ciutat Vella","04","Sant Pere, Santa Caterina i la Ribera","055","Ciclomotors",18.74
2023,"01","Ciutat Vella","04","Sant Pere, Santa Caterina i la Ribera","055","Furgonetes",19.52
2023,"01","Ciutat Vella","04","Sant Pere, Santa Caterina i la Ribera","055","Camions",7.81
2023,"01","Ciutat Vella","04","Sant Pere, Santa Caterina i la Ribera","055","Resta de vehicles",3.9
2023,"02","Eixample","05","el Fort Pienc","001","Turismes",346.76
2023,"02","Eixample","05","el Fort Pienc","001","Motos",89.49
2023,"02","Eixample","05","el Fort Pienc","001","Ciclomotors",14.91
2023,"02","Eixample","05","el Fort Pienc","001","Furgonetes",21.63
2023,"02","Eixample","05","el Fort Pienc","001","Camions",5.97
2023,"02","Eixample","05","el Fort Pienc","001","Resta de vehicles",76.06
2023,"02","Eixample","05","el Fort Pienc","002","Turismes",97.09
2023,"02","Eixample","05","el Fort Pienc","002","Motos",44.32
2023,"02","Eixample","05","el Fort Pienc","002","Ciclomotors",5.7
2023,"02","Eixample","05","el Fort Pienc","002","Furgonetes",7.81
2023,"02","Eixample","05","el Fort Pienc","002","Camions",2.11
2023,"02","Eixample","05","el Fort Pienc","002","Resta de vehicles",2.53
2023,"02","Eixample","05","el Fort Pienc","003","Turismes",258.52
2023,"02","Eixample","05","el Fort Pienc","003","Motos",117.9
2023,"02","Eixample","05","el Fort Pienc","003","Ciclomotors",13.1
2023,"02","Eixample","05","el Fort Pienc","003","Furgonetes",14.85
2023,"02","Eixample","05","el Fort Pienc","003","Camions",4.37
2023,"02","Eixample","05","el Fort Pienc","003","Resta de vehicles",5.24
2023,"02","Eixample","05","el Fort Pienc","004","Turismes",231.98
2023,"02","Eixample","05","el Fort Pienc","004","Motos",125.82
2023,"02","Eixample","05","el Fort Pienc","004","Ciclomotors",13.11
2023,"02","Eixample","05","el Fort Pienc","004","Furgonetes",25.56
2023,"02","Eixample","05","el Fort Pienc","004","Camions",4.59
2023,"02","Eixample","05","el Fort Pienc","004","Resta de vehicles",6.55
2023,"02","Eixample","05","el Fort Pienc","005","Turismes",317.09
2023,"02","Eixample","05","el Fort Pienc","005","Motos",141.71
2023,"02","Eixample","05","el Fort Pienc","005","Ciclomotors",26.63
2023,"02","Eixample","05","el Fort Pienc","005","Furgonetes",21.11
2023,"02","Eixample","05","el Fort Pienc","005","Camions",5.53
2023,"02","Eixample","05","el Fort Pienc","005","Resta de vehicles",8.04
2023,"02","Eixample","05","el Fort Pienc","006","Turismes",291.18
2023,"02","Eixample","05","el Fort Pienc","006","Motos",126.47
2023,"02","Eixample","05","el Fort Pienc","006","Ciclomotors",20.97
2023,"02","Eixample","05","el Fort Pienc","006","Furgonetes",17.89
2023,"02","Eixample","05","el Fort Pienc","006","Camions",2.47
2023,"02","Eixample","05","el Fort Pienc","006","Resta de vehicles",5.55
2023,"02","Eixample","05","el Fort Pienc","007","Turismes",287.37
2023,"02","Eixample","05","el Fort Pienc","007","Motos",128.82
2023,"02","Eixample","05","el Fort Pienc","007","Ciclomotors",23.12
2023,"02","Eixample","05","el Fort Pienc","007","Furgonetes",20.64
2023,"02","Eixample","05","el Fort Pienc","007","Camions",3.3
2023,"02","Eixample","05","el Fort Pienc","007","Resta de vehicles",7.43
2023,"02","Eixample","05","el Fort Pienc","008","Turismes",302.68
2023,"02","Eixample","05","el Fort Pienc","008","Motos",141.36
2023,"02","Eixample","05","el Fort Pienc","008","Ciclomotors",24.7
2023,"02","Eixample","05","el Fort Pienc","008","Furgonetes",14.19
2023,"02","Eixample","05","el Fort Pienc","008","Camions",6.31
2023,"02","Eixample","05","el Fort Pienc","008","Resta de vehicles",3.68
2023,"02","Eixample","05","el Fort Pienc","009","Turismes",272.47
2023,"02","Eixample","05","el Fort Pienc","009","Motos",132.58
2023,"02","Eixample","05","el Fort Pienc","009","Ciclomotors",25.84
2023,"02","Eixample","05","el Fort Pienc","009","Furgonetes",22.47
2023,"02","Eixample","05","el Fort Pienc","009","Camions",1.12
2023,"02","Eixample","05","el Fort Pienc","009","Resta de vehicles",8.99
2023,"02","Eixample","05","el Fort Pienc","010","Turismes",300.66
2023,"02","Eixample","05","el Fort Pienc","010","Motos",121.09
2023,"02","Eixample","05","el Fort Pienc","010","Ciclomotors",23.06
2023,"02","Eixample","05","el Fort Pienc","010","Furgonetes",17.3
2023,"02","Eixample","05","el Fort Pienc","010","Camions",3.29
2023,"02","Eixample","05","el Fort Pienc","010","Resta de vehicles",6.59
2023,"02","Eixample","05","el Fort Pienc","011","Turismes",309.42
2023,"02","Eixample","05","el Fort Pienc","011","Motos",130.94
2023,"02","Eixample","05","el Fort Pienc","011","Ciclomotors",13.45
2023,"02","Eixample","05","el Fort Pienc","011","Furgonetes",13.45
2023,"02","Eixample","05","el Fort Pienc","011","Camions",8.97
2023,"02","Eixample","05","el Fort Pienc","011","Resta de vehicles",1.79
2023,"02","Eixample","05","el Fort Pienc","012","Turismes",240.86
2023,"02","Eixample","05","el Fort Pienc","012","Motos",148.17
2023,"02","Eixample","05","el Fort Pienc","012","Ciclomotors",22.07
2023,"02","Eixample","05","el Fort Pienc","012","Furgonetes",19.55
2023,"02","Eixample","05","el Fort Pienc","012","Camions",7.57
2023,"02","Eixample","05","el Fort Pienc","012","Resta de vehicles",3.15
2023,"02","Eixample","05","el Fort Pienc","013","Turismes",256.3
2023,"02","Eixample","05","el Fort Pienc","013","Motos",155.52
2023,"02","Eixample","05","el Fort Pienc","013","Ciclomotors",22.59
2023,"02","Eixample","05","el Fort Pienc","013","Furgonetes",29.54
2023,"02","Eixample","05","el Fort Pienc","013","Camions",40.83
2023,"02","Eixample","05","el Fort Pienc","013","Resta de vehicles",37.36
2023,"02","Eixample","05","el Fort Pienc","014","Turismes",214.81
2023,"02","Eixample","05","el Fort Pienc","014","Motos",107.77
2023,"02","Eixample","05","el Fort Pienc","014","Ciclomotors",19.06
2023,"02","Eixample","05","el Fort Pienc","014","Furgonetes",17.6
2023,"02","Eixample","05","el Fort Pienc","014","Camions",11
2023,"02","Eixample","05","el Fort Pienc","014","Resta de vehicles",2.2
2023,"02","Eixample","05","el Fort Pienc","015","Turismes",228.9
2023,"02","Eixample","05","el Fort Pienc","015","Motos",134.27
2023,"02","Eixample","05","el Fort Pienc","015","Ciclomotors",23.66
2023,"02","Eixample","05","el Fort Pienc","015","Furgonetes",19.82
2023,"02","Eixample","05","el Fort Pienc","015","Camions",3.2
2023,"02","Eixample","05","el Fort Pienc","015","Resta de vehicles",6.39
2023,"02","Eixample","05","el Fort Pienc","016","Turismes",255.02
2023,"02","Eixample","05","el Fort Pienc","016","Motos",140.53
2023,"02","Eixample","05","el Fort Pienc","016","Ciclomotors",14.11
2023,"02","Eixample","05","el Fort Pienc","016","Furgonetes",14.65
2023,"02","Eixample","05","el Fort Pienc","016","Camions",3.8
2023,"02","Eixample","05","el Fort Pienc","016","Resta de vehicles",8.14
2023,"02","Eixample","05","el Fort Pienc","017","Turismes",266.36
2023,"02","Eixample","05","el Fort Pienc","017","Motos",155.07
2023,"02","Eixample","05","el Fort Pienc","017","Ciclomotors",20.09
2023,"02","Eixample","05","el Fort Pienc","017","Furgonetes",22.67
2023,"02","Eixample","05","el Fort Pienc","017","Camions",4.64
2023,"02","Eixample","05","el Fort Pienc","017","Resta de vehicles",4.64
2023,"02","Eixample","05","el Fort Pienc","018","Turismes",296.87
2023,"02","Eixample","05","el Fort Pienc","018","Motos",148.43
2023,"02","Eixample","05","el Fort Pienc","018","Ciclomotors",14.29
2023,"02","Eixample","05","el Fort Pienc","018","Furgonetes",17.04
2023,"02","Eixample","05","el Fort Pienc","018","Camions",3.3
2023,"02","Eixample","05","el Fort Pienc","018","Resta de vehicles",6.05
2023,"02","Eixample","05","el Fort Pienc","019","Turismes",255.67
2023,"02","Eixample","05","el Fort Pienc","019","Motos",130.11
2023,"02","Eixample","05","el Fort Pienc","019","Ciclomotors",22.19
2023,"02","Eixample","05","el Fort Pienc","019","Furgonetes",38.83
2023,"02","Eixample","05","el Fort Pienc","019","Camions",22.69
2023,"02","Eixample","05","el Fort Pienc","019","Resta de vehicles",4.54
2023,"02","Eixample","05","el Fort Pienc","020","Turismes",228.95
2023,"02","Eixample","05","el Fort Pienc","020","Motos",132.65
2023,"02","Eixample","05","el Fort Pienc","020","Ciclomotors",22.32
2023,"02","Eixample","05","el Fort Pienc","020","Furgonetes",17.86
2023,"02","Eixample","05","el Fort Pienc","020","Camions",3.19
2023,"02","Eixample","05","el Fort Pienc","020","Resta de vehicles",4.46
2023,"02","Eixample","06","la Sagrada Família","021","Turismes",243.77
2023,"02","Eixample","06","la Sagrada Família","021","Motos",127.13
2023,"02","Eixample","06","la Sagrada Família","021","Ciclomotors",19
2023,"02","Eixample","06","la Sagrada Família","021","Furgonetes",24.25
2023,"02","Eixample","06","la Sagrada Família","021","Camions",3.93
2023,"02","Eixample","06","la Sagrada Família","021","Resta de vehicles",4.59
2023,"02","Eixample","06","la Sagrada Família","022","Turismes",248.84
2023,"02","Eixample","06","la Sagrada Família","022","Motos",129.06
2023,"02","Eixample","06","la Sagrada Família","022","Ciclomotors",20.09
2023,"02","Eixample","06","la Sagrada Família","022","Furgonetes",30.14
2023,"02","Eixample","06","la Sagrada Família","022","Camions",10.05
2023,"02","Eixample","06","la Sagrada Família","022","Resta de vehicles",5.41
2023,"02","Eixample","06","la Sagrada Família","023","Turismes",302.1
2023,"02","Eixample","06","la Sagrada Família","023","Motos",127.15
2023,"02","Eixample","06","la Sagrada Família","023","Ciclomotors",21.03
2023,"02","Eixample","06","la Sagrada Família","023","Furgonetes",14.34
2023,"02","Eixample","06","la Sagrada Família","023","Resta de vehicles",5.74
2023,"02","Eixample","06","la Sagrada Família","024","Turismes",237.14
2023,"02","Eixample","06","la Sagrada Família","024","Motos",129.03
2023,"02","Eixample","06","la Sagrada Família","024","Ciclomotors",34
2023,"02","Eixample","06","la Sagrada Família","024","Furgonetes",13.95
2023,"02","Eixample","06","la Sagrada Família","024","Camions",6.97
2023,"02","Eixample","06","la Sagrada Família","024","Resta de vehicles",11.33
2023,"02","Eixample","06","la Sagrada Família","025","Turismes",253.55
2023,"02","Eixample","06","la Sagrada Família","025","Motos",114.36
2023,"02","Eixample","06","la Sagrada Família","025","Ciclomotors",11.52
2023,"02","Eixample","06","la Sagrada Família","025","Furgonetes",14.18
2023,"02","Eixample","06","la Sagrada Família","025","Camions",5.32
2023,"02","Eixample","06","la Sagrada Família","025","Resta de vehicles",7.98
2023,"02","Eixample","06","la Sagrada Família","026","Turismes",257.06
2023,"02","Eixample","06","la Sagrada Família","026","Motos",125.12
2023,"02","Eixample","06","la Sagrada Família","026","Ciclomotors",15.58
2023,"02","Eixample","06","la Sagrada Família","026","Furgonetes",17.04
2023,"02","Eixample","06","la Sagrada Família","026","Camions",3.41
2023,"02","Eixample","06","la Sagrada Família","026","Resta de vehicles",0.49
2023,"02","Eixample","06","la Sagrada Família","027","Turismes",250.48
2023,"02","Eixample","06","la Sagrada Família","027","Motos",93.63
2023,"02","Eixample","06","la Sagrada Família","027","Ciclomotors",19.79
2023,"02","Eixample","06","la Sagrada Família","027","Furgonetes",16.41
2023,"02","Eixample","06","la Sagrada Família","027","Camions",4.83
2023,"02","Eixample","06","la Sagrada Família","027","Resta de vehicles",3.86
2023,"02","Eixample","06","la Sagrada Família","028","Turismes",272.1
2023,"02","Eixample","06","la Sagrada Família","028","Motos",151.77
2023,"02","Eixample","06","la Sagrada Família","028","Ciclomotors",21.12
2023,"02","Eixample","06","la Sagrada Família","028","Furgonetes",36.35
2023,"02","Eixample","06","la Sagrada Família","028","Camions",18.17
2023,"02","Eixample","06","la Sagrada Família","028","Resta de vehicles",6.88
2023,"02","Eixample","06","la Sagrada Família","029","Turismes",261.3
2023,"02","Eixample","06","la Sagrada Família","029","Motos",106
2023,"02","Eixample","06","la Sagrada Família","029","Ciclomotors",18.08
2023,"02","Eixample","06","la Sagrada Família","029","Furgonetes",28.76
2023,"02","Eixample","06","la Sagrada Família","029","Camions",4.11
2023,"02","Eixample","06","la Sagrada Família","029","Resta de vehicles",3.29
2023,"02","Eixample","06","la Sagrada Família","030","Turismes",212.14
2023,"02","Eixample","06","la Sagrada Família","030","Motos",119.24
2023,"02","Eixample","06","la Sagrada Família","030","Ciclomotors",17.56
2023,"02","Eixample","06","la Sagrada Família","030","Furgonetes",23.41
2023,"02","Eixample","06","la Sagrada Família","030","Camions",4.39
2023,"02","Eixample","06","la Sagrada Família","030","Resta de vehicles",6.58
2023,"02","Eixample","06","la Sagrada Família","031","Turismes",256.56
2023,"02","Eixample","06","la Sagrada Família","031","Motos",112.73
2023,"02","Eixample","06","la Sagrada Família","031","Ciclomotors",34.01
2023,"02","Eixample","06","la Sagrada Família","031","Furgonetes",13.61
2023,"02","Eixample","06","la Sagrada Família","031","Camions",1.94
2023,"02","Eixample","06","la Sagrada Família","031","Resta de vehicles",5.83
2023,"02","Eixample","06","la Sagrada Família","032","Turismes",231.61
2023,"02","Eixample","06","la Sagrada Família","032","Motos",108.7
2023,"02","Eixample","06","la Sagrada Família","032","Ciclomotors",27.59
2023,"02","Eixample","06","la Sagrada Família","032","Furgonetes",15.89
2023,"02","Eixample","06","la Sagrada Família","032","Camions",3.34
2023,"02","Eixample","06","la Sagrada Família","032","Resta de vehicles",2.51
2023,"02","Eixample","06","la Sagrada Família","033","Turismes",256.06
2023,"02","Eixample","06","la Sagrada Família","033","Motos",134.95
2023,"02","Eixample","06","la Sagrada Família","033","Ciclomotors",19.9
2023,"02","Eixample","06","la Sagrada Família","033","Furgonetes",28.55
2023,"02","Eixample","06","la Sagrada Família","033","Camions",2.6
2023,"02","Eixample","06","la Sagrada Família","033","Resta de vehicles",3.46
2023,"02","Eixample","06","la Sagrada Família","034","Turismes",223.71
2023,"02","Eixample","06","la Sagrada Família","034","Motos",118.53
2023,"02","Eixample","06","la Sagrada Família","034","Ciclomotors",18.36
2023,"02","Eixample","06","la Sagrada Família","034","Furgonetes",12.52
2023,"02","Eixample","06","la Sagrada Família","034","Camions",3.34
2023,"02","Eixample","06","la Sagrada Família","034","Resta de vehicles",3.34
2023,"02","Eixample","06","la Sagrada Família","035","Turismes",261.42
2023,"02","Eixample","06","la Sagrada Família","035","Motos",122.83
2023,"02","Eixample","06","la Sagrada Família","035","Ciclomotors",27.56
2023,"02","Eixample","06","la Sagrada Família","035","Furgonetes",11.02
2023,"02","Eixample","06","la Sagrada Família","035","Camions",2.36
2023,"02","Eixample","06","la Sagrada Família","035","Resta de vehicles",10.24
2023,"02","Eixample","06","la Sagrada Família","036","Turismes",287.85
2023,"02","Eixample","06","la Sagrada Família","036","Motos",123.13
2023,"02","Eixample","06","la Sagrada Família","036","Ciclomotors",24.96
2023,"02","Eixample","06","la Sagrada Família","036","Furgonetes",15.81
2023,"02","Eixample","06","la Sagrada Família","036","Camions",2.5
2023,"02","Eixample","06","la Sagrada Família","036","Resta de vehicles",4.16
2023,"02","Eixample","06","la Sagrada Família","037","Turismes",279.44
2023,"02","Eixample","06","la Sagrada Família","037","Motos",145.87
2023,"02","Eixample","06","la Sagrada Família","037","Ciclomotors",23.73
2023,"02","Eixample","06","la Sagrada Família","037","Furgonetes",11.42
2023,"02","Eixample","06","la Sagrada Família","037","Camions",2.64
2023,"02","Eixample","06","la Sagrada Família","037","Resta de vehicles",8.79
2023,"02","Eixample","06","la Sagrada Família","038","Turismes",282.52
2023,"02","Eixample","06","la Sagrada Família","038","Motos",159.66
2023,"02","Eixample","06","la Sagrada Família","038","Ciclomotors",22.34
2023,"02","Eixample","06","la Sagrada Família","038","Furgonetes",26.94
2023,"02","Eixample","06","la Sagrada Família","038","Camions",24.31
2023,"02","Eixample","06","la Sagrada Família","038","Resta de vehicles",142.58
2023,"02","Eixample","06","la Sagrada Família","039","Turismes",213.11
2023,"02","Eixample","06","la Sagrada Família","039","Motos",104.01
2023,"02","Eixample","06","la Sagrada Família","039","Ciclomotors",16.39
2023,"02","Eixample","06","la Sagrada Família","039","Furgonetes",15.26
2023,"02","Eixample","06","la Sagrada Família","039","Camions",3.39
2023,"02","Eixample","06","la Sagrada Família","039","Resta de vehicles",3.39
2023,"02","Eixample","06","la Sagrada Família","040","Turismes",209.3
2023,"02","Eixample","06","la Sagrada Família","040","Motos",133.86
2023,"02","Eixample","06","la Sagrada Família","040","Ciclomotors",15.88
2023,"02","Eixample","06","la Sagrada Família","040","Furgonetes",14.18
2023,"02","Eixample","06","la Sagrada Família","040","Camions",3.97
2023,"02","Eixample","06","la Sagrada Família","040","Resta de vehicles",1.13
2023,"02","Eixample","06","la Sagrada Família","041","Turismes",260.37
2023,"02","Eixample","06","la Sagrada Família","041","Motos",134.1
2023,"02","Eixample","06","la Sagrada Família","041","Ciclomotors",24.05
2023,"02","Eixample","06","la Sagrada Família","041","Furgonetes",19.24
2023,"02","Eixample","06","la Sagrada Família","041","Camions",5.41
2023,"02","Eixample","06","la Sagrada Família","041","Resta de vehicles",5.41
2023,"02","Eixample","06","la Sagrada Família","042","Turismes",342.36
2023,"02","Eixample","06","la Sagrada Família","042","Motos",146.21
2023,"02","Eixample","06","la Sagrada Família","042","Ciclomotors",14.44
2023,"02","Eixample","06","la Sagrada Família","042","Furgonetes",16.85
2023,"02","Eixample","06","la Sagrada Família","042","Camions",3.61
2023,"02","Eixample","06","la Sagrada Família","042","Resta de vehicles",10.83
2023,"02","Eixample","06","la Sagrada Família","043","Turismes",254.53
2023,"02","Eixample","06","la Sagrada Família","043","Motos",129.62
2023,"02","Eixample","06","la Sagrada Família","043","Ciclomotors",11.42
2023,"02","Eixample","06","la Sagrada Família","043","Furgonetes",12.76
2023,"02","Eixample","06","la Sagrada Família","043","Camions",4.7
2023,"02","Eixample","06","la Sagrada Família","043","Resta de vehicles",4.03
2023,"02","Eixample","06","la Sagrada Família","044","Turismes",257.19
2023,"02","Eixample","06","la Sagrada Família","044","Motos",125.87
2023,"02","Eixample","06","la Sagrada Família","044","Ciclomotors",12.43
2023,"02","Eixample","06","la Sagrada Família","044","Furgonetes",18.65
2023,"02","Eixample","06","la Sagrada Família","044","Camions",4.66
2023,"02","Eixample","06","la Sagrada Família","044","Resta de vehicles",3.89
2023,"02","Eixample","06","la Sagrada Família","045","Turismes",259.55
2023,"02","Eixample","06","la Sagrada Família","045","Motos",126.74
2023,"02","Eixample","06","la Sagrada Família","045","Ciclomotors",25.17
2023,"02","Eixample","06","la Sagrada Família","045","Furgonetes",16.49
2023,"02","Eixample","06","la Sagrada Família","045","Camions",3.47
2023,"02","Eixample","06","la Sagrada Família","045","Resta de vehicles",3.47
2023,"02","Eixample","06","la Sagrada Família","046","Turismes",208.55
2023,"02","Eixample","06","la Sagrada Família","046","Motos",126.14
2023,"02","Eixample","06","la Sagrada Família","046","Ciclomotors",16.28
2023,"02","Eixample","06","la Sagrada Família","046","Furgonetes",11.19
2023,"02","Eixample","06","la Sagrada Família","046","Camions",2.54
2023,"02","Eixample","06","la Sagrada Família","046","Resta de vehicles",3.56
2023,"02","Eixample","06","la Sagrada Família","047","Turismes",243.48
2023,"02","Eixample","06","la Sagrada Família","047","Motos",134.53
2023,"02","Eixample","06","la Sagrada Família","047","Ciclomotors",17.39
2023,"02","Eixample","06","la Sagrada Família","047","Furgonetes",13.3
2023,"02","Eixample","06","la Sagrada Família","047","Camions",3.58
2023,"02","Eixample","06","la Sagrada Família","047","Resta de vehicles",6.14
2023,"02","Eixample","06","la Sagrada Família","048","Turismes",224.3
2023,"02","Eixample","06","la Sagrada Família","048","Motos",126.95
2023,"02","Eixample","06","la Sagrada Família","048","Ciclomotors",15.58
2023,"02","Eixample","06","la Sagrada Família","048","Furgonetes",13.24
2023,"02","Eixample","06","la Sagrada Família","048","Camions",3.89
2023,"02","Eixample","06","la Sagrada Família","048","Resta de vehicles",4.67
2023,"02","Eixample","06","la Sagrada Família","049","Turismes",233.81
2023,"02","Eixample","06","la Sagrada Família","049","Motos",125.56
2023,"02","Eixample","06","la Sagrada Família","049","Ciclomotors",25.7
2023,"02","Eixample","06","la Sagrada Família","049","Furgonetes",15.82
2023,"02","Eixample","06","la Sagrada Família","049","Camions",3.95
2023,"02","Eixample","06","la Sagrada Família","049","Resta de vehicles",4.94
2023,"02","Eixample","06","la Sagrada Família","050","Turismes",272.45
2023,"02","Eixample","06","la Sagrada Família","050","Motos",129.51
2023,"02","Eixample","06","la Sagrada Família","050","Ciclomotors",18.33
2023,"02","Eixample","06","la Sagrada Família","050","Furgonetes",19.55
2023,"02","Eixample","06","la Sagrada Família","050","Camions",3.67
2023,"02","Eixample","06","la Sagrada Família","050","Resta de vehicles",6.11
2023,"02","Eixample","06","la Sagrada Família","051","Turismes",239.06
2023,"02","Eixample","06","la Sagrada Família","051","Motos",168.62
2023,"02","Eixample","06","la Sagrada Família","051","Ciclomotors",21.34
2023,"02","Eixample","06","la Sagrada Família","051","Furgonetes",19.21
2023,"02","Eixample","06","la Sagrada Família","051","Camions",5.87
2023,"02","Eixample","06","la Sagrada Família","051","Resta de vehicles",5.87
2023,"02","Eixample","06","la Sagrada Família","052","Turismes",250.42
2023,"02","Eixample","06","la Sagrada Família","052","Motos",147.01
2023,"02","Eixample","06","la Sagrada Família","052","Ciclomotors",26.83
2023,"02","Eixample","06","la Sagrada Família","052","Furgonetes",23.48
2023,"02","Eixample","06","la Sagrada Família","052","Camions",5.59
2023,"02","Eixample","06","la Sagrada Família","052","Resta de vehicles",5.03
2023,"02","Eixample","06","la Sagrada Família","053","Turismes",222.87
2023,"02","Eixample","06","la Sagrada Família","053","Motos",128.03
2023,"02","Eixample","06","la Sagrada Família","053","Ciclomotors",24.24
2023,"02","Eixample","06","la Sagrada Família","053","Furgonetes",13.17
2023,"02","Eixample","06","la Sagrada Família","053","Camions",7.38
2023,"02","Eixample","06","la Sagrada Família","053","Resta de vehicles",8.43
2023,"02","Eixample","06","la Sagrada Família","054","Turismes",263.27
2023,"02","Eixample","06","la Sagrada Família","054","Motos",147.66
2023,"02","Eixample","06","la Sagrada Família","054","Ciclomotors",22.07
2023,"02","Eixample","06","la Sagrada Família","054","Furgonetes",19.44
2023,"02","Eixample","06","la Sagrada Família","054","Camions",4.2
2023,"02","Eixample","06","la Sagrada Família","054","Resta de vehicles",4.2
2023,"02","Eixample","07","la Dreta de l'Eixample","055","Turismes",256.56
2023,"02","Eixample","07","la Dreta de l'Eixample","055","Motos",149.34
2023,"02","Eixample","07","la Dreta de l'Eixample","055","Ciclomotors",20.79
2023,"02","Eixample","07","la Dreta de l'Eixample","055","Furgonetes",12.58
2023,"02","Eixample","07","la Dreta de l'Eixample","055","Camions",2.74
2023,"02","Eixample","07","la Dreta de l'Eixample","055","Resta de vehicles",6.02
2023,"02","Eixample","07","la Dreta de l'Eixample","056","Turismes",227.75
2023,"02","Eixample","07","la Dreta de l'Eixample","056","Motos",137.43
2023,"02","Eixample","07","la Dreta de l'Eixample","056","Ciclomotors",18.98
2023,"02","Eixample","07","la Dreta de l'Eixample","056","Furgonetes",20.29
2023,"02","Eixample","07","la Dreta de l'Eixample","056","Camions",11.13
2023,"02","Eixample","07","la Dreta de l'Eixample","056","Resta de vehicles",12.43
2023,"02","Eixample","07","la Dreta de l'Eixample","057","Turismes",283.33
2023,"02","Eixample","07","la Dreta de l'Eixample","057","Motos",222.22
2023,"02","Eixample","07","la Dreta de l'Eixample","057","Ciclomotors",19.05
2023,"02","Eixample","07","la Dreta de l'Eixample","057","Furgonetes",14.29
2023,"02","Eixample","07","la Dreta de l'Eixample","057","Camions",4.76
2023,"02","Eixample","07","la Dreta de l'Eixample","057","Resta de vehicles",7.14
2023,"02","Eixample","07","la Dreta de l'Eixample","058","Turismes",273.56
2023,"02","Eixample","07","la Dreta de l'Eixample","058","Motos",154.5
2023,"02","Eixample","07","la Dreta de l'Eixample","058","Ciclomotors",25.51
2023,"02","Eixample","07","la Dreta de l'Eixample","058","Furgonetes",23.39
2023,"02","Eixample","07","la Dreta de l'Eixample","058","Camions",2.83
2023,"02","Eixample","07","la Dreta de l'Eixample","058","Resta de vehicles",7.8
2023,"02","Eixample","07","la Dreta de l'Eixample","059","Turismes",254.65
2023,"02","Eixample","07","la Dreta de l'Eixample","059","Motos",146.51
2023,"02","Eixample","07","la Dreta de l'Eixample","059","Ciclomotors",18.02
2023,"02","Eixample","07","la Dreta de l'Eixample","059","Furgonetes",16.28
2023,"02","Eixample","07","la Dreta de l'Eixample","059","Camions",10.47
2023,"02","Eixample","07","la Dreta de l'Eixample","059","Resta de vehicles",0.58
2023,"02","Eixample","07","la Dreta de l'Eixample","060","Turismes",285.71
2023,"02","Eixample","07","la Dreta de l'Eixample","060","Motos",157.64
2023,"02","Eixample","07","la Dreta de l'Eixample","060","Ciclomotors",28.94
2023,"02","Eixample","07","la Dreta de l'Eixample","060","Furgonetes",24.63
2023,"02","Eixample","07","la Dreta de l'Eixample","060","Camions",3.69
2023,"02","Eixample","07","la Dreta de l'Eixample","060","Resta de vehicles",12.93
2023,"02","Eixample","07","la Dreta de l'Eixample","061","Turismes",267.36
2023,"02","Eixample","07","la Dreta de l'Eixample","061","Motos",160.27
2023,"02","Eixample","07","la Dreta de l'Eixample","061","Ciclomotors",19.2
2023,"02","Eixample","07","la Dreta de l'Eixample","061","Furgonetes",25.85
2023,"02","Eixample","07","la Dreta de l'Eixample","061","Camions",9.6
2023,"02","Eixample","07","la Dreta de l'Eixample","061","Resta de vehicles",3.69
2023,"02","Eixample","07","la Dreta de l'Eixample","062","Turismes",302.01
2023,"02","Eixample","07","la Dreta de l'Eixample","062","Motos",160.08
2023,"02","Eixample","07","la Dreta de l'Eixample","062","Ciclomotors",22.68
2023,"02","Eixample","07","la Dreta de l'Eixample","062","Furgonetes",23.33
2023,"02","Eixample","07","la Dreta de l'Eixample","062","Camions",4.54
2023,"02","Eixample","07","la Dreta de l'Eixample","062","Resta de vehicles",6.48
2023,"02","Eixample","07","la Dreta de l'Eixample","063","Turismes",381.03
2023,"02","Eixample","07","la Dreta de l'Eixample","063","Motos",243.1
2023,"02","Eixample","07","la Dreta de l'Eixample","063","Ciclomotors",27.59
2023,"02","Eixample","07","la Dreta de l'Eixample","063","Furgonetes",23.28
2023,"02","Eixample","07","la Dreta de l'Eixample","063","Camions",8.62
2023,"02","Eixample","07","la Dreta de l'Eixample","063","Resta de vehicles",9.48
2023,"02","Eixample","07","la Dreta de l'Eixample","064","Turismes",445.13
2023,"02","Eixample","07","la Dreta de l'Eixample","064","Motos",178.05
2023,"02","Eixample","07","la Dreta de l'Eixample","064","Ciclomotors",22.26
2023,"02","Eixample","07","la Dreta de l'Eixample","064","Furgonetes",16.12
2023,"02","Eixample","07","la Dreta de l'Eixample","064","Camions",4.6
2023,"02","Eixample","07","la Dreta de l'Eixample","064","Resta de vehicles",7.67
2023,"02","Eixample","07","la Dreta de l'Eixample","065","Turismes",255.57
2023,"02","Eixample","07","la Dreta de l'Eixample","065","Motos",143.56
2023,"02","Eixample","07","la Dreta de l'Eixample","065","Ciclomotors",20.66
2023,"02","Eixample","07","la Dreta de l'Eixample","065","Furgonetes",32.08
2023,"02","Eixample","07","la Dreta de l'Eixample","065","Camions",7.07
2023,"02","Eixample","07","la Dreta de l'Eixample","065","Resta de vehicles",55.46
2023,"02","Eixample","07","la Dreta de l'Eixample","066","Turismes",285.96
2023,"02","Eixample","07","la Dreta de l'Eixample","066","Motos",151.9
2023,"02","Eixample","07","la Dreta de l'Eixample","066","Ciclomotors",19.56
2023,"02","Eixample","07","la Dreta de l'Eixample","066","Furgonetes",18.99
2023,"02","Eixample","07","la Dreta de l'Eixample","066","Camions",4.6
2023,"02","Eixample","07","la Dreta de l'Eixample","066","Resta de vehicles",9.21
2023,"02","Eixample","07","la Dreta de l'Eixample","067","Turismes",240.38
2023,"02","Eixample","07","la Dreta de l'Eixample","067","Motos",161.66
2023,"02","Eixample","07","la Dreta de l'Eixample","067","Ciclomotors",28.85
2023,"02","Eixample","07","la Dreta de l'Eixample","067","Furgonetes",16.83
2023,"02","Eixample","07","la Dreta de l'Eixample","067","Camions",7.21
2023,"02","Eixample","07","la Dreta de l'Eixample","067","Resta de vehicles",4.21
2023,"02","Eixample","07","la Dreta de l'Eixample","068","Turismes",247.72
2023,"02","Eixample","07","la Dreta de l'Eixample","068","Motos",129.33
2023,"02","Eixample","07","la Dreta de l'Eixample","068","Ciclomotors",12.75
2023,"02","Eixample","07","la Dreta de l'Eixample","068","Furgonetes",34
2023,"02","Eixample","07","la Dreta de l'Eixample","068","Camions",8.5
2023,"02","Eixample","07","la Dreta de l'Eixample","068","Resta de vehicles",47.36
2023,"02","Eixample","07","la Dreta de l'Eixample","069","Turismes",304.57
2023,"02","Eixample","07","la Dreta de l'Eixample","069","Motos",154.87
2023,"02","Eixample","07","la Dreta de l'Eixample","069","Ciclomotors",21.39
2023,"02","Eixample","07","la Dreta de l'Eixample","069","Furgonetes",11.06
2023,"02","Eixample","07","la Dreta de l'Eixample","069","Camions",5.9
2023,"02","Eixample","07","la Dreta de l'Eixample","069","Resta de vehicles",6.64
2023,"02","Eixample","07","la Dreta de l'Eixample","070","Turismes",347.44
2023,"02","Eixample","07","la Dreta de l'Eixample","070","Motos",220.45
2023,"02","Eixample","07","la Dreta de l'Eixample","070","Ciclomotors",37.54
2023,"02","Eixample","07","la Dreta de l'Eixample","070","Furgonetes",46.33
2023,"02","Eixample","07","la Dreta de l'Eixample","070","Camions",11.18
2023,"02","Eixample","07","la Dreta de l'Eixample","070","Resta de vehicles",2.4
2023,"02","Eixample","07","la Dreta de l'Eixample","071","Turismes",333.74
2023,"02","Eixample","07","la Dreta de l'Eixample","071","Motos",187.39
2023,"02","Eixample","07","la Dreta de l'Eixample","071","Ciclomotors",24.49
2023,"02","Eixample","07","la Dreta de l'Eixample","071","Furgonetes",30.01
2023,"02","Eixample","07","la Dreta de l'Eixample","071","Camions",7.96
2023,"02","Eixample","07","la Dreta de l'Eixample","071","Resta de vehicles",10.41
2023,"02","Eixample","07","la Dreta de l'Eixample","072","Turismes",349.06
2023,"02","Eixample","07","la Dreta de l'Eixample","072","Motos",181.45
2023,"02","Eixample","07","la Dreta de l'Eixample","072","Ciclomotors",25.22
2023,"02","Eixample","07","la Dreta de l'Eixample","072","Furgonetes",30.11
2023,"02","Eixample","07","la Dreta de l'Eixample","072","Camions",23.6
2023,"02","Eixample","07","la Dreta de l'Eixample","072","Resta de vehicles",26.85
2023,"02","Eixample","07","la Dreta de l'Eixample","073","Turismes",281.68
2023,"02","Eixample","07","la Dreta de l'Eixample","073","Motos",170.57
2023,"02","Eixample","07","la Dreta de l'Eixample","073","Ciclomotors",18.02
2023,"02","Eixample","07","la Dreta de l'Eixample","073","Furgonetes",22.82
2023,"02","Eixample","07","la Dreta de l'Eixample","073","Camions",7.81
2023,"02","Eixample","07","la Dreta de l'Eixample","073","Resta de vehicles",6.61
2023,"02","Eixample","07","la Dreta de l'Eixample","074","Turismes",319.69
2023,"02","Eixample","07","la Dreta de l'Eixample","074","Motos",162.2
2023,"02","Eixample","07","la Dreta de l'Eixample","074","Ciclomotors",18.9
2023,"02","Eixample","07","la Dreta de l'Eixample","074","Furgonetes",35.43
2023,"02","Eixample","07","la Dreta de l'Eixample","074","Camions",8.66
2023,"02","Eixample","07","la Dreta de l'Eixample","074","Resta de vehicles",18.9
2023,"02","Eixample","07","la Dreta de l'Eixample","075","Turismes",317.25
2023,"02","Eixample","07","la Dreta de l'Eixample","075","Motos",201.14
2023,"02","Eixample","07","la Dreta de l'Eixample","075","Ciclomotors",11.45
2023,"02","Eixample","07","la Dreta de l'Eixample","075","Furgonetes",31.07
2023,"02","Eixample","07","la Dreta de l'Eixample","075","Camions",11.45
2023,"02","Eixample","07","la Dreta de l'Eixample","075","Resta de vehicles",16.35
2023,"02","Eixample","07","la Dreta de l'Eixample","076","Turismes",333.13
2023,"02","Eixample","07","la Dreta de l'Eixample","076","Motos",178.12
2023,"02","Eixample","07","la Dreta de l'Eixample","076","Ciclomotors",13.98
2023,"02","Eixample","07","la Dreta de l'Eixample","076","Furgonetes",31.61
2023,"02","Eixample","07","la Dreta de l'Eixample","076","Camions",69.3
2023,"02","Eixample","07","la Dreta de l'Eixample","076","Resta de vehicles",7.29
2023,"02","Eixample","07","la Dreta de l'Eixample","077","Turismes",512.95
2023,"02","Eixample","07","la Dreta de l'Eixample","077","Motos",213.96
2023,"02","Eixample","07","la Dreta de l'Eixample","077","Ciclomotors",26.46
2023,"02","Eixample","07","la Dreta de l'Eixample","077","Furgonetes",57.43
2023,"02","Eixample","07","la Dreta de l'Eixample","077","Camions",118.24
2023,"02","Eixample","07","la Dreta de l'Eixample","077","Resta de vehicles",48.42
2023,"02","Eixample","07","la Dreta de l'Eixample","078","Turismes",604.65
2023,"02","Eixample","07","la Dreta de l'Eixample","078","Motos",272.02
2023,"02","Eixample","07","la Dreta de l'Eixample","078","Ciclomotors",279.07
2023,"02","Eixample","07","la Dreta de l'Eixample","078","Furgonetes",126.15
2023,"02","Eixample","07","la Dreta de l'Eixample","078","Camions",140.94
2023,"02","Eixample","07","la Dreta de l'Eixample","078","Resta de vehicles",151.52
2023,"02","Eixample","07","la Dreta de l'Eixample","079","Turismes",594.27
2023,"02","Eixample","07","la Dreta de l'Eixample","079","Motos",236.03
2023,"02","Eixample","07","la Dreta de l'Eixample","079","Ciclomotors",25.84
2023,"02","Eixample","07","la Dreta de l'Eixample","079","Furgonetes",122.91
2023,"02","Eixample","07","la Dreta de l'Eixample","079","Camions",64.25
2023,"02","Eixample","07","la Dreta de l'Eixample","079","Resta de vehicles",48.18
2023,"02","Eixample","07","la Dreta de l'Eixample","080","Turismes",467
2023,"02","Eixample","07","la Dreta de l'Eixample","080","Motos",321.3
2023,"02","Eixample","07","la Dreta de l'Eixample","080","Ciclomotors",30.51
2023,"02","Eixample","07","la Dreta de l'Eixample","080","Furgonetes",60.4
2023,"02","Eixample","07","la Dreta de l'Eixample","080","Camions",47.32
2023,"02","Eixample","07","la Dreta de l'Eixample","080","Resta de vehicles",46.08
2023,"02","Eixample","07","la Dreta de l'Eixample","081","Turismes",525.5
2023,"02","Eixample","07","la Dreta de l'Eixample","081","Motos",269.54
2023,"02","Eixample","07","la Dreta de l'Eixample","081","Ciclomotors",28.54
2023,"02","Eixample","07","la Dreta de l'Eixample","081","Furgonetes",53.35
2023,"02","Eixample","07","la Dreta de l'Eixample","081","Camions",37.44
2023,"02","Eixample","07","la Dreta de l'Eixample","081","Resta de vehicles",42.12
2023,"02","Eixample","07","la Dreta de l'Eixample","082","Turismes",487.54
2023,"02","Eixample","07","la Dreta de l'Eixample","082","Motos",238.35
2023,"02","Eixample","07","la Dreta de l'Eixample","082","Ciclomotors",149.51
2023,"02","Eixample","07","la Dreta de l'Eixample","082","Furgonetes",30.34
2023,"02","Eixample","07","la Dreta de l'Eixample","082","Camions",32.5
2023,"02","Eixample","07","la Dreta de l'Eixample","082","Resta de vehicles",23.84
2023,"02","Eixample","07","la Dreta de l'Eixample","083","Turismes",646.35
2023,"02","Eixample","07","la Dreta de l'Eixample","083","Motos",256.77
2023,"02","Eixample","07","la Dreta de l'Eixample","083","Ciclomotors",29.17
2023,"02","Eixample","07","la Dreta de l'Eixample","083","Furgonetes",115.1
2023,"02","Eixample","07","la Dreta de l'Eixample","083","Camions",88.02
2023,"02","Eixample","07","la Dreta de l'Eixample","083","Resta de vehicles",105.73
2023,"02","Eixample","08","l'Antiga Esquerra de l'Eixample","084","Turismes",304.24
2023,"02","Eixample","08","l'Antiga Esquerra de l'Eixample","084","Motos",185.76
2023,"02","Eixample","08","l'Antiga Esquerra de l'Eixample","084","Ciclomotors",550.46
2023,"02","Eixample","08","l'Antiga Esquerra de l'Eixample","084","Furgonetes",37.54
2023,"02","Eixample","08","l'Antiga Esquerra de l'Eixample","084","Camions",14.14
2023,"02","Eixample","08","l'Antiga Esquerra de l'Eixample","084","Resta de vehicles",12.19
2023,"02","Eixample","08","l'Antiga Esquerra de l'Eixample","085","Turismes",416.9
2023,"02","Eixample","08","l'Antiga Esquerra de l'Eixample","085","Motos",231.99
2023,"02","Eixample","08","l'Antiga Esquerra de l'Eixample","085","Ciclomotors",30.47
2023,"02","Eixample","08","l'Antiga Esquerra de l'Eixample","085","Furgonetes",65.1
2023,"02","Eixample","08","l'Antiga Esquerra de l'Eixample","085","Camions",46.4
2023,"02","Eixample","08","l'Antiga Esquerra de l'Eixample","085","Resta de vehicles",33.93
2023,"02","Eixample","08","l'Antiga Esquerra de l'Eixample","086","Turismes",400.57
2023,"02","Eixample","08","l'Antiga Esquerra de l'Eixample","086","Motos",242.64
2023,"02","Eixample","08","l'Antiga Esquerra de l'Eixample","086","Ciclomotors",25.13
2023,"02","Eixample","08","l'Antiga Esquerra de l'Eixample","086","Furgonetes",36.61
2023,"02","Eixample","08","l'Antiga Esquerra de l'Eixample","086","Camions",15.79
2023,"02","Eixample","08","l'Antiga Esquerra de l'Eixample","086","Resta de vehicles",9.33
2023,"02","Eixample","08","l'Antiga Esquerra de l'Eixample","087","Turismes",252.87
2023,"02","Eixample","08","l'Antiga Esquerra de l'Eixample","087","Motos",160.46
2023,"02","Eixample","08","l'Antiga Esquerra de l'Eixample","087","Ciclomotors",12.89
2023,"02","Eixample","08","l'Antiga Esquerra de l'Eixample","087","Furgonetes",13.61
2023,"02","Eixample","08","l'Antiga Esquerra de l'Eixample","087","Camions",3.58
2023,"02","Eixample","08","l'Antiga Esquerra de l'Eixample","087","Resta de vehicles",6.45
2023,"02","Eixample","08","l'Antiga Esquerra de l'Eixample","088","Turismes",300.65
2023,"02","Eixample","08","l'Antiga Esquerra de l'Eixample","088","Motos",176.61
2023,"02","Eixample","08","l'Antiga Esquerra de l'Eixample","088","Ciclomotors",17.13
2023,"02","Eixample","08","l'Antiga Esquerra de l'Eixample","088","Furgonetes",21.85
2023,"02","Eixample","08","l'Antiga Esquerra de l'Eixample","088","Camions",13.59
2023,"02","Eixample","08","l'Antiga Esquerra de l'Eixample","088","Resta de vehicles",9.45
2023,"02","Eixample","08","l'Antiga Esquerra de l'Eixample","089","Turismes",289.27
2023,"02","Eixample","08","l'Antiga Esquerra de l'Eixample","089","Motos",351.77
2023,"02","Eixample","08","l'Antiga Esquerra de l'Eixample","089","Ciclomotors",44.25
2023,"02","Eixample","08","l'Antiga Esquerra de l'Eixample","089","Furgonetes",19.36
2023,"02","Eixample","08","l'Antiga Esquerra de l'Eixample","089","Camions",16.59
2023,"02","Eixample","08","l'Antiga Esquerra de l'Eixample","089","Resta de vehicles",8.3
2023,"02","Eixample","08","l'Antiga Esquerra de l'Eixample","090","Turismes",246.16
2023,"02","Eixample","08","l'Antiga Esquerra de l'Eixample","090","Motos",161.16
2023,"02","Eixample","08","l'Antiga Esquerra de l'Eixample","090","Ciclomotors",22.43
2023,"02","Eixample","08","l'Antiga Esquerra de l'Eixample","090","Furgonetes",26.56
2023,"02","Eixample","08","l'Antiga Esquerra de l'Eixample","090","Camions",4.72
2023,"02","Eixample","08","l'Antiga Esquerra de l'Eixample","090","Resta de vehicles",5.31
2023,"02","Eixample","08","l'Antiga Esquerra de l'Eixample","091","Turismes",204.94
2023,"02","Eixample","08","l'Antiga Esquerra de l'Eixample","091","Motos",106.46
2023,"02","Eixample","08","l'Antiga Esquerra de l'Eixample","091","Ciclomotors",13.31
2023,"02","Eixample","08","l'Antiga Esquerra de l'Eixample","091","Furgonetes",20.91
2023,"02","Eixample","08","l'Antiga Esquerra de l'Eixample","091","Camions",6.08
2023,"02","Eixample","08","l'Antiga Esquerra de l'Eixample","091","Resta de vehicles",5.7
2023,"02","Eixample","08","l'Antiga Esquerra de l'Eixample","092","Turismes",257.11
2023,"02","Eixample","08","l'Antiga Esquerra de l'Eixample","092","Motos",167.15
2023,"02","Eixample","08","l'Antiga Esquerra de l'Eixample","092","Ciclomotors",29.02
2023,"02","Eixample","08","l'Antiga Esquerra de l'Eixample","092","Furgonetes",29.6
2023,"02","Eixample","08","l'Antiga Esquerra de l'Eixample","092","Camions",10.45
2023,"02","Eixample","08","l'Antiga Esquerra de l'Eixample","092","Resta de vehicles",9.29
2023,"02","Eixample","08","l'Antiga Esquerra de l'Eixample","093","Turismes",264.93
2023,"02","Eixample","08","l'Antiga Esquerra de l'Eixample","093","Motos",154.94
2023,"02","Eixample","08","l'Antiga Esquerra de l'Eixample","093","Ciclomotors",22.47
2023,"02","Eixample","08","l'Antiga Esquerra de l'Eixample","093","Furgonetes",28.98
2023,"02","Eixample","08","l'Antiga Esquerra de l'Eixample","093","Camions",7.69
2023,"02","Eixample","08","l'Antiga Esquerra de l'Eixample","093","Resta de vehicles",8.87
2023,"02","Eixample","08","l'Antiga Esquerra de l'Eixample","094","Turismes",292
2023,"02","Eixample","08","l'Antiga Esquerra de l'Eixample","094","Motos",138
2023,"02","Eixample","08","l'Antiga Esquerra de l'Eixample","094","Ciclomotors",18
2023,"02","Eixample","08","l'Antiga Esquerra de l'Eixample","094","Furgonetes",19.33
2023,"02","Eixample","08","l'Antiga Esquerra de l'Eixample","094","Camions",2
2023,"02","Eixample","08","l'Antiga Esquerra de l'Eixample","094","Resta de vehicles",4
2023,"02","Eixample","08","l'Antiga Esquerra de l'Eixample","095","Turismes",257.44
2023,"02","Eixample","08","l'Antiga Esquerra de l'Eixample","095","Motos",165.59
2023,"02","Eixample","08","l'Antiga Esquerra de l'Eixample","095","Ciclomotors",29.11
2023,"02","Eixample","08","l'Antiga Esquerra de l'Eixample","095","Furgonetes",17.46
2023,"02","Eixample","08","l'Antiga Esquerra de l'Eixample","095","Camions",3.88
2023,"02","Eixample","08","l'Antiga Esquerra de l'Eixample","095","Resta de vehicles",6.47
2023,"02","Eixample","08","l'Antiga Esquerra de l'Eixample","096","Turismes",243.07
2023,"02","Eixample","08","l'Antiga Esquerra de l'Eixample","096","Motos",266.62
2023,"02","Eixample","08","l'Antiga Esquerra de l'Eixample","096","Ciclomotors",18.01
2023,"02","Eixample","08","l'Antiga Esquerra de l'Eixample","096","Furgonetes",18.7
2023,"02","Eixample","08","l'Antiga Esquerra de l'Eixample","096","Camions",4.16
2023,"02","Eixample","08","l'Antiga Esquerra de l'Eixample","096","Resta de vehicles",3.46
2023,"02","Eixample","08","l'Antiga Esquerra de l'Eixample","097","Turismes",229.52
2023,"02","Eixample","08","l'Antiga Esquerra de l'Eixample","097","Motos",151.22
2023,"02","Eixample","08","l'Antiga Esquerra de l'Eixample","097","Ciclomotors",26.1
2023,"02","Eixample","08","l'Antiga Esquerra de l'Eixample","097","Furgonetes",19.8
2023,"02","Eixample","08","l'Antiga Esquerra de l'Eixample","097","Camions",4.5
2023,"02","Eixample","08","l'Antiga Esquerra de l'Eixample","097","Resta de vehicles",3.6
2023,"02","Eixample","08","l'Antiga Esquerra de l'Eixample","098","Turismes",252.43
2023,"02","Eixample","08","l'Antiga Esquerra de l'Eixample","098","Motos",188.46
2023,"02","Eixample","08","l'Antiga Esquerra de l'Eixample","098","Ciclomotors",21.56
2023,"02","Eixample","08","l'Antiga Esquerra de l'Eixample","098","Furgonetes",19.47
2023,"02","Eixample","08","l'Antiga Esquerra de l'Eixample","098","Camions",7.65
2023,"02","Eixample","08","l'Antiga Esquerra de l'Eixample","098","Resta de vehicles",6.95
2023,"02","Eixample","08","l'Antiga Esquerra de l'Eixample","099","Turismes",234.48
2023,"02","Eixample","08","l'Antiga Esquerra de l'Eixample","099","Motos",199.37
2023,"02","Eixample","08","l'Antiga Esquerra de l'Eixample","099","Ciclomotors",26.96
2023,"02","Eixample","08","l'Antiga Esquerra de l'Eixample","099","Furgonetes",15.05
2023,"02","Eixample","08","l'Antiga Esquerra de l'Eixample","099","Camions",9.4
2023,"02","Eixample","08","l'Antiga Esquerra de l'Eixample","099","Resta de vehicles",3.76
2023,"02","Eixample","08","l'Antiga Esquerra de l'Eixample","100","Turismes",313.7
2023,"02","Eixample","08","l'Antiga Esquerra de l'Eixample","100","Motos",175.21
2023,"02","Eixample","08","l'Antiga Esquerra de l'Eixample","100","Ciclomotors",22.95
2023,"02","Eixample","08","l'Antiga Esquerra de l'Eixample","100","Furgonetes",11.48
2023,"02","Eixample","08","l'Antiga Esquerra de l'Eixample","100","Camions",4.59
2023,"02","Eixample","08","l'Antiga Esquerra de l'Eixample","100","Resta de vehicles",2.3
2023,"02","Eixample","08","l'Antiga Esquerra de l'Eixample","101","Turismes",243.45
2023,"02","Eixample","08","l'Antiga Esquerra de l'Eixample","101","Motos",143.18
2023,"02","Eixample","08","l'Antiga Esquerra de l'Eixample","101","Ciclomotors",15.81
2023,"02","Eixample","08","l'Antiga Esquerra de l'Eixample","101","Furgonetes",12.65
2023,"02","Eixample","08","l'Antiga Esquerra de l'Eixample","101","Camions",3.61
2023,"02","Eixample","08","l'Antiga Esquerra de l'Eixample","101","Resta de vehicles",3.61
2023,"02","Eixample","08","l'Antiga Esquerra de l'Eixample","102","Turismes",283.3
2023,"02","Eixample","08","l'Antiga Esquerra de l'Eixample","102","Motos",161.15
2023,"02","Eixample","08","l'Antiga Esquerra de l'Eixample","102","Ciclomotors",24.28
2023,"02","Eixample","08","l'Antiga Esquerra de l'Eixample","102","Furgonetes",20.6
2023,"02","Eixample","08","l'Antiga Esquerra de l'Eixample","102","Camions",4.42
2023,"02","Eixample","08","l'Antiga Esquerra de l'Eixample","102","Resta de vehicles",2.21
2023,"02","Eixample","08","l'Antiga Esquerra de l'Eixample","103","Turismes",247.15
2023,"02","Eixample","08","l'Antiga Esquerra de l'Eixample","103","Motos",155.97
2023,"02","Eixample","08","l'Antiga Esquerra de l'Eixample","103","Ciclomotors",26.99
2023,"02","Eixample","08","l'Antiga Esquerra de l'Eixample","103","Furgonetes",19.8
2023,"02","Eixample","08","l'Antiga Esquerra de l'Eixample","103","Camions",3.6
2023,"02","Eixample","08","l'Antiga Esquerra de l'Eixample","103","Resta de vehicles",3.6
2023,"02","Eixample","08","l'Antiga Esquerra de l'Eixample","104","Turismes",277.45
2023,"02","Eixample","08","l'Antiga Esquerra de l'Eixample","104","Motos",142.98
2023,"02","Eixample","08","l'Antiga Esquerra de l'Eixample","104","Ciclomotors",11.06
2023,"02","Eixample","08","l'Antiga Esquerra de l'Eixample","104","Furgonetes",23.83
2023,"02","Eixample","08","l'Antiga Esquerra de l'Eixample","104","Camions",5.11
2023,"02","Eixample","08","l'Antiga Esquerra de l'Eixample","104","Resta de vehicles",2.55
2023,"02","Eixample","08","l'Antiga Esquerra de l'Eixample","105","Turismes",232.58
2023,"02","Eixample","08","l'Antiga Esquerra de l'Eixample","105","Motos",144.16
2023,"02","Eixample","08","l'Antiga Esquerra de l'Eixample","105","Ciclomotors",14.9
2023,"02","Eixample","08","l'Antiga Esquerra de l'Eixample","105","Furgonetes",15.86
2023,"02","Eixample","08","l'Antiga Esquerra de l'Eixample","105","Camions",3.36
2023,"02","Eixample","08","l'Antiga Esquerra de l'Eixample","105","Resta de vehicles",2.88
2023,"02","Eixample","08","l'Antiga Esquerra de l'Eixample","106","Turismes",306.83
2023,"02","Eixample","08","l'Antiga Esquerra de l'Eixample","106","Motos",214.09
2023,"02","Eixample","08","l'Antiga Esquerra de l'Eixample","106","Ciclomotors",18.13
2023,"02","Eixample","08","l'Antiga Esquerra de l'Eixample","106","Furgonetes",14.64
2023,"02","Eixample","08","l'Antiga Esquerra de l'Eixample","106","Camions",5.58
2023,"02","Eixample","08","l'Antiga Esquerra de l'Eixample","106","Resta de vehicles",4.18
2023,"02","Eixample","08","l'Antiga Esquerra de l'Eixample","107","Turismes",323.21
2023,"02","Eixample","08","l'Antiga Esquerra de l'Eixample","107","Motos",193.2
2023,"02","Eixample","08","l'Antiga Esquerra de l'Eixample","107","Ciclomotors",18.23
2023,"02","Eixample","08","l'Antiga Esquerra de l'Eixample","107","Furgonetes",22.48
2023,"02","Eixample","08","l'Antiga Esquerra de l'Eixample","107","Camions",6.68
2023,"02","Eixample","08","l'Antiga Esquerra de l'Eixample","107","Resta de vehicles",4.86
2023,"02","Eixample","08","l'Antiga Esquerra de l'Eixample","108","Turismes",398.24
2023,"02","Eixample","08","l'Antiga Esquerra de l'Eixample","108","Motos",194.71
2023,"02","Eixample","08","l'Antiga Esquerra de l'Eixample","108","Ciclomotors",23.94
2023,"02","Eixample","08","l'Antiga Esquerra de l'Eixample","108","Furgonetes",17.01
2023,"02","Eixample","08","l'Antiga Esquerra de l'Eixample","108","Camions",10.08
2023,"02","Eixample","08","l'Antiga Esquerra de l'Eixample","108","Resta de vehicles",11.97
2023,"02","Eixample","08","l'Antiga Esquerra de l'Eixample","109","Turismes",342.28
2023,"02","Eixample","08","l'Antiga Esquerra de l'Eixample","109","Motos",176.55
2023,"02","Eixample","08","l'Antiga Esquerra de l'Eixample","109","Ciclomotors",17.42
2023,"02","Eixample","08","l'Antiga Esquerra de l'Eixample","109","Furgonetes",17.42
2023,"02","Eixample","08","l'Antiga Esquerra de l'Eixample","109","Camions",8.47
2023,"02","Eixample","08","l'Antiga Esquerra de l'Eixample","109","Resta de vehicles",7.53
2023,"02","Eixample","09","la Nova Esquerra de l'Eixample","110","Turismes",286.26
2023,"02","Eixample","09","la Nova Esquerra de l'Eixample","110","Motos",164.04
2023,"02","Eixample","09","la Nova Esquerra de l'Eixample","110","Ciclomotors",20.1
2023,"02","Eixample","09","la Nova Esquerra de l'Eixample","110","Furgonetes",26.07
2023,"02","Eixample","09","la Nova Esquerra de l'Eixample","110","Camions",9.78
2023,"02","Eixample","09","la Nova Esquerra de l'Eixample","110","Resta de vehicles",8.15
2023,"02","Eixample","09","la Nova Esquerra de l'Eixample","111","Turismes",271.57
2023,"02","Eixample","09","la Nova Esquerra de l'Eixample","111","Motos",165.6
2023,"02","Eixample","09","la Nova Esquerra de l'Eixample","111","Ciclomotors",19.7
2023,"02","Eixample","09","la Nova Esquerra de l'Eixample","111","Furgonetes",23.43
2023,"02","Eixample","09","la Nova Esquerra de l'Eixample","111","Camions",9.58
2023,"02","Eixample","09","la Nova Esquerra de l'Eixample","111","Resta de vehicles",3.73
2023,"02","Eixample","09","la Nova Esquerra de l'Eixample","112","Turismes",405.82
2023,"02","Eixample","09","la Nova Esquerra de l'Eixample","112","Motos",194.49
2023,"02","Eixample","09","la Nova Esquerra de l'Eixample","112","Ciclomotors",22.97
2023,"02","Eixample","09","la Nova Esquerra de l'Eixample","112","Furgonetes",20.67
2023,"02","Eixample","09","la Nova Esquerra de l'Eixample","112","Camions",5.36
2023,"02","Eixample","09","la Nova Esquerra de l'Eixample","112","Resta de vehicles",16.85
2023,"02","Eixample","09","la Nova Esquerra de l'Eixample","113","Turismes",447.06
2023,"02","Eixample","09","la Nova Esquerra de l'Eixample","113","Motos",157.47
2023,"02","Eixample","09","la Nova Esquerra de l'Eixample","113","Ciclomotors",13.12
2023,"02","Eixample","09","la Nova Esquerra de l'Eixample","113","Furgonetes",24.43
2023,"02","Eixample","09","la Nova Esquerra de l'Eixample","113","Camions",3.62
2023,"02","Eixample","09","la Nova Esquerra de l'Eixample","113","Resta de vehicles",3.62
2023,"02","Eixample","09","la Nova Esquerra de l'Eixample","114","Turismes",250.73
2023,"02","Eixample","09","la Nova Esquerra de l'Eixample","114","Motos",157
2023,"02","Eixample","09","la Nova Esquerra de l'Eixample","114","Ciclomotors",24.02
2023,"02","Eixample","09","la Nova Esquerra de l'Eixample","114","Furgonetes",14.65
2023,"02","Eixample","09","la Nova Esquerra de l'Eixample","114","Camions",4.1
2023,"02","Eixample","09","la Nova Esquerra de l'Eixample","114","Resta de vehicles",4.1
2023,"02","Eixample","09","la Nova Esquerra de l'Eixample","115","Turismes",242.16
2023,"02","Eixample","09","la Nova Esquerra de l'Eixample","115","Motos",134.94
2023,"02","Eixample","09","la Nova Esquerra de l'Eixample","115","Ciclomotors",17.51
2023,"02","Eixample","09","la Nova Esquerra de l'Eixample","115","Furgonetes",11.67
2023,"02","Eixample","09","la Nova Esquerra de l'Eixample","115","Camions",2.19
2023,"02","Eixample","09","la Nova Esquerra de l'Eixample","115","Resta de vehicles",1.46
2023,"02","Eixample","09","la Nova Esquerra de l'Eixample","116","Turismes",325.8
2023,"02","Eixample","09","la Nova Esquerra de l'Eixample","116","Motos",165.47
2023,"02","Eixample","09","la Nova Esquerra de l'Eixample","116","Ciclomotors",24.67
2023,"02","Eixample","09","la Nova Esquerra de l'Eixample","116","Furgonetes",14.39
2023,"02","Eixample","09","la Nova Esquerra de l'Eixample","116","Camions",3.08
2023,"02","Eixample","09","la Nova Esquerra de l'Eixample","116","Resta de vehicles",6.17
2023,"02","Eixample","09","la Nova Esquerra de l'Eixample","117","Turismes",325.22
2023,"02","Eixample","09","la Nova Esquerra de l'Eixample","117","Motos",160.58
2023,"02","Eixample","09","la Nova Esquerra de l'Eixample","117","Ciclomotors",21.09
2023,"02","Eixample","09","la Nova Esquerra de l'Eixample","117","Furgonetes",32.44
2023,"02","Eixample","09","la Nova Esquerra de l'Eixample","117","Camions",8.92
2023,"02","Eixample","09","la Nova Esquerra de l'Eixample","117","Resta de vehicles",7.3
2023,"02","Eixample","09","la Nova Esquerra de l'Eixample","118","Turismes",437.28
2023,"02","Eixample","09","la Nova Esquerra de l'Eixample","118","Motos",154.17
2023,"02","Eixample","09","la Nova Esquerra de l'Eixample","118","Ciclomotors",21.02
2023,"02","Eixample","09","la Nova Esquerra de l'Eixample","118","Furgonetes",57.46
2023,"02","Eixample","09","la Nova Esquerra de l'Eixample","118","Camions",2.8
2023,"02","Eixample","09","la Nova Esquerra de l'Eixample","118","Resta de vehicles",4.2
2023,"02","Eixample","09","la Nova Esquerra de l'Eixample","119","Turismes",314.26
2023,"02","Eixample","09","la Nova Esquerra de l'Eixample","119","Motos",154.39
2023,"02","Eixample","09","la Nova Esquerra de l'Eixample","119","Ciclomotors",14.89
2023,"02","Eixample","09","la Nova Esquerra de l'Eixample","119","Furgonetes",16.46
2023,"02","Eixample","09","la Nova Esquerra de l'Eixample","119","Camions",0.78
2023,"02","Eixample","09","la Nova Esquerra de l'Eixample","119","Resta de vehicles",3.92
2023,"02","Eixample","09","la Nova Esquerra de l'Eixample","120","Turismes",311.15
2023,"02","Eixample","09","la Nova Esquerra de l'Eixample","120","Motos",222.13
2023,"02","Eixample","09","la Nova Esquerra de l'Eixample","120","Ciclomotors",19.01
2023,"02","Eixample","09","la Nova Esquerra de l'Eixample","120","Furgonetes",23.34
2023,"02","Eixample","09","la Nova Esquerra de l'Eixample","120","Resta de vehicles",4.32
2023,"02","Eixample","09","la Nova Esquerra de l'Eixample","121","Turismes",327.75
2023,"02","Eixample","09","la Nova Esquerra de l'Eixample","121","Motos",151.52
2023,"02","Eixample","09","la Nova Esquerra de l'Eixample","121","Ciclomotors",15.15
2023,"02","Eixample","09","la Nova Esquerra de l'Eixample","121","Furgonetes",23.92
2023,"02","Eixample","09","la Nova Esquerra de l'Eixample","121","Camions",6.38
2023,"02","Eixample","09","la Nova Esquerra de l'Eixample","121","Resta de vehicles",7.97
2023,"02","Eixample","09","la Nova Esquerra de l'Eixample","122","Turismes",329.16
2023,"02","Eixample","09","la Nova Esquerra de l'Eixample","122","Motos",134.74
2023,"02","Eixample","09","la Nova Esquerra de l'Eixample","122","Ciclomotors",20.21
2023,"02","Eixample","09","la Nova Esquerra de l'Eixample","122","Furgonetes",14.44
2023,"02","Eixample","09","la Nova Esquerra de l'Eixample","122","Camions",0.96
2023,"02","Eixample","09","la Nova Esquerra de l'Eixample","122","Resta de vehicles",5.77
2023,"02","Eixample","09","la Nova Esquerra de l'Eixample","123","Turismes",252.27
2023,"02","Eixample","09","la Nova Esquerra de l'Eixample","123","Motos",153.36
2023,"02","Eixample","09","la Nova Esquerra de l'Eixample","123","Ciclomotors",21.78
2023,"02","Eixample","09","la Nova Esquerra de l'Eixample","123","Furgonetes",19.06
2023,"02","Eixample","09","la Nova Esquerra de l'Eixample","123","Camions",4.54
2023,"02","Eixample","09","la Nova Esquerra de l'Eixample","123","Resta de vehicles",7.26
2023,"02","Eixample","09","la Nova Esquerra de l'Eixample","124","Turismes",329.5
2023,"02","Eixample","09","la Nova Esquerra de l'Eixample","124","Motos",146.15
2023,"02","Eixample","09","la Nova Esquerra de l'Eixample","124","Ciclomotors",12.4
2023,"02","Eixample","09","la Nova Esquerra de l'Eixample","124","Furgonetes",22.14
2023,"02","Eixample","09","la Nova Esquerra de l'Eixample","124","Camions",11.51
2023,"02","Eixample","09","la Nova Esquerra de l'Eixample","124","Resta de vehicles",5.31
2023,"02","Eixample","09","la Nova Esquerra de l'Eixample","125","Turismes",273
2023,"02","Eixample","09","la Nova Esquerra de l'Eixample","125","Motos",130.75
2023,"02","Eixample","09","la Nova Esquerra de l'Eixample","125","Ciclomotors",29.66
2023,"02","Eixample","09","la Nova Esquerra de l'Eixample","125","Furgonetes",10.29
2023,"02","Eixample","09","la Nova Esquerra de l'Eixample","125","Camions",1.82
2023,"02","Eixample","09","la Nova Esquerra de l'Eixample","125","Resta de vehicles",0.61
2023,"02","Eixample","09","la Nova Esquerra de l'Eixample","126","Turismes",388.49
2023,"02","Eixample","09","la Nova Esquerra de l'Eixample","126","Motos",158.38
2023,"02","Eixample","09","la Nova Esquerra de l'Eixample","126","Ciclomotors",17.05
2023,"02","Eixample","09","la Nova Esquerra de l'Eixample","126","Furgonetes",37.64
2023,"02","Eixample","09","la Nova Esquerra de l'Eixample","126","Camions",9.23
2023,"02","Eixample","09","la Nova Esquerra de l'Eixample","126","Resta de vehicles",8.52
2023,"02","Eixample","09","la Nova Esquerra de l'Eixample","127","Turismes",274.17
2023,"02","Eixample","09","la Nova Esquerra de l'Eixample","127","Motos",135.83
2023,"02","Eixample","09","la Nova Esquerra de l'Eixample","127","Ciclomotors",20.83
2023,"02","Eixample","09","la Nova Esquerra de l'Eixample","127","Furgonetes",90
2023,"02","Eixample","09","la Nova Esquerra de l'Eixample","127","Camions",6.67
2023,"02","Eixample","09","la Nova Esquerra de l'Eixample","127","Resta de vehicles",495
2023,"02","Eixample","09","la Nova Esquerra de l'Eixample","128","Turismes",233.99
2023,"02","Eixample","09","la Nova Esquerra de l'Eixample","128","Motos",119.66
2023,"02","Eixample","09","la Nova Esquerra de l'Eixample","128","Ciclomotors",15.24
2023,"02","Eixample","09","la Nova Esquerra de l'Eixample","128","Furgonetes",17.53
2023,"02","Eixample","09","la Nova Esquerra de l'Eixample","128","Camions",8.38
2023,"02","Eixample","09","la Nova Esquerra de l'Eixample","128","Resta de vehicles",3.81
2023,"02","Eixample","09","la Nova Esquerra de l'Eixample","129","Turismes",302.27
2023,"02","Eixample","09","la Nova Esquerra de l'Eixample","129","Motos",120.39
2023,"02","Eixample","09","la Nova Esquerra de l'Eixample","129","Ciclomotors",22.01
2023,"02","Eixample","09","la Nova Esquerra de l'Eixample","129","Furgonetes",19.42
2023,"02","Eixample","09","la Nova Esquerra de l'Eixample","129","Camions",21.36
2023,"02","Eixample","09","la Nova Esquerra de l'Eixample","129","Resta de vehicles",8.41
2023,"02","Eixample","09","la Nova Esquerra de l'Eixample","130","Turismes",375.11
2023,"02","Eixample","09","la Nova Esquerra de l'Eixample","130","Motos",164.4
2023,"02","Eixample","09","la Nova Esquerra de l'Eixample","130","Ciclomotors",19.07
2023,"02","Eixample","09","la Nova Esquerra de l'Eixample","130","Furgonetes",19.07
2023,"02","Eixample","09","la Nova Esquerra de l'Eixample","130","Camions",36.33
2023,"02","Eixample","09","la Nova Esquerra de l'Eixample","130","Resta de vehicles",28.16
2023,"02","Eixample","09","la Nova Esquerra de l'Eixample","131","Turismes",273.13
2023,"02","Eixample","09","la Nova Esquerra de l'Eixample","131","Motos",135.23
2023,"02","Eixample","09","la Nova Esquerra de l'Eixample","131","Ciclomotors",29.36
2023,"02","Eixample","09","la Nova Esquerra de l'Eixample","131","Furgonetes",11.57
2023,"02","Eixample","09","la Nova Esquerra de l'Eixample","131","Camions",3.56
2023,"02","Eixample","09","la Nova Esquerra de l'Eixample","131","Resta de vehicles",19.57
2023,"02","Eixample","09","la Nova Esquerra de l'Eixample","132","Turismes",359.92
2023,"02","Eixample","09","la Nova Esquerra de l'Eixample","132","Motos",162.51
2023,"02","Eixample","09","la Nova Esquerra de l'Eixample","132","Ciclomotors",23.93
2023,"02","Eixample","09","la Nova Esquerra de l'Eixample","132","Furgonetes",21.93
2023,"02","Eixample","09","la Nova Esquerra de l'Eixample","132","Camions",4.99
2023,"02","Eixample","09","la Nova Esquerra de l'Eixample","132","Resta de vehicles",6.98
2023,"02","Eixample","09","la Nova Esquerra de l'Eixample","133","Turismes",297.27
2023,"02","Eixample","09","la Nova Esquerra de l'Eixample","133","Motos",139.12
2023,"02","Eixample","09","la Nova Esquerra de l'Eixample","133","Ciclomotors",27.35
2023,"02","Eixample","09","la Nova Esquerra de l'Eixample","133","Furgonetes",8.32
2023,"02","Eixample","09","la Nova Esquerra de l'Eixample","133","Camions",1.19
2023,"02","Eixample","09","la Nova Esquerra de l'Eixample","133","Resta de vehicles",7.13
2023,"02","Eixample","09","la Nova Esquerra de l'Eixample","134","Turismes",284.55
2023,"02","Eixample","09","la Nova Esquerra de l'Eixample","134","Motos",141.59
2023,"02","Eixample","09","la Nova Esquerra de l'Eixample","134","Ciclomotors",24.51
2023,"02","Eixample","09","la Nova Esquerra de l'Eixample","134","Furgonetes",16.34
2023,"02","Eixample","09","la Nova Esquerra de l'Eixample","134","Camions",1.36
2023,"02","Eixample","09","la Nova Esquerra de l'Eixample","134","Resta de vehicles",2.04
2023,"02","Eixample","09","la Nova Esquerra de l'Eixample","135","Turismes",238.26
2023,"02","Eixample","09","la Nova Esquerra de l'Eixample","135","Motos",118.89
2023,"02","Eixample","09","la Nova Esquerra de l'Eixample","135","Ciclomotors",21.57
2023,"02","Eixample","09","la Nova Esquerra de l'Eixample","135","Furgonetes",16.3
2023,"02","Eixample","09","la Nova Esquerra de l'Eixample","135","Camions",5.75
2023,"02","Eixample","09","la Nova Esquerra de l'Eixample","135","Resta de vehicles",1.92
2023,"02","Eixample","09","la Nova Esquerra de l'Eixample","136","Turismes",291.01
2023,"02","Eixample","09","la Nova Esquerra de l'Eixample","136","Motos",143.82
2023,"02","Eixample","09","la Nova Esquerra de l'Eixample","136","Ciclomotors",20.22
2023,"02","Eixample","09","la Nova Esquerra de l'Eixample","136","Furgonetes",20.22
2023,"02","Eixample","09","la Nova Esquerra de l'Eixample","136","Camions",7.87
2023,"02","Eixample","09","la Nova Esquerra de l'Eixample","136","Resta de vehicles",3.37
2023,"02","Eixample","09","la Nova Esquerra de l'Eixample","137","Turismes",245.91
2023,"02","Eixample","09","la Nova Esquerra de l'Eixample","137","Motos",123.98
2023,"02","Eixample","09","la Nova Esquerra de l'Eixample","137","Ciclomotors",20.44
2023,"02","Eixample","09","la Nova Esquerra de l'Eixample","137","Furgonetes",13.62
2023,"02","Eixample","09","la Nova Esquerra de l'Eixample","137","Camions",6.13
2023,"02","Eixample","09","la Nova Esquerra de l'Eixample","137","Resta de vehicles",4.77
2023,"02","Eixample","09","la Nova Esquerra de l'Eixample","138","Turismes",280.52
2023,"02","Eixample","09","la Nova Esquerra de l'Eixample","138","Motos",152.21
2023,"02","Eixample","09","la Nova Esquerra de l'Eixample","138","Ciclomotors",18.7
2023,"02","Eixample","09","la Nova Esquerra de l'Eixample","138","Furgonetes",20.78
2023,"02","Eixample","09","la Nova Esquerra de l'Eixample","138","Camions",7.79
2023,"02","Eixample","09","la Nova Esquerra de l'Eixample","138","Resta de vehicles",15.58
2023,"02","Eixample","09","la Nova Esquerra de l'Eixample","139","Turismes",236.75
2023,"02","Eixample","09","la Nova Esquerra de l'Eixample","139","Motos",129.52
2023,"02","Eixample","09","la Nova Esquerra de l'Eixample","139","Ciclomotors",21.69
2023,"02","Eixample","09","la Nova Esquerra de l'Eixample","139","Furgonetes",19.28
2023,"02","Eixample","09","la Nova Esquerra de l'Eixample","139","Camions",4.82
2023,"02","Eixample","09","la Nova Esquerra de l'Eixample","139","Resta de vehicles",4.82
2023,"02","Eixample","09","la Nova Esquerra de l'Eixample","140","Turismes",280.4
2023,"02","Eixample","09","la Nova Esquerra de l'Eixample","140","Motos",180.82
2023,"02","Eixample","09","la Nova Esquerra de l'Eixample","140","Ciclomotors",25.68
2023,"02","Eixample","09","la Nova Esquerra de l'Eixample","140","Furgonetes",12.58
2023,"02","Eixample","09","la Nova Esquerra de l'Eixample","140","Camions",2.62
2023,"02","Eixample","09","la Nova Esquerra de l'Eixample","140","Resta de vehicles",4.72
2023,"02","Eixample","09","la Nova Esquerra de l'Eixample","141","Turismes",246.24
2023,"02","Eixample","09","la Nova Esquerra de l'Eixample","141","Motos",190.32
2023,"02","Eixample","09","la Nova Esquerra de l'Eixample","141","Ciclomotors",16.69
2023,"02","Eixample","09","la Nova Esquerra de l'Eixample","141","Furgonetes",10.85
2023,"02","Eixample","09","la Nova Esquerra de l'Eixample","141","Camions",5.84
2023,"02","Eixample","09","la Nova Esquerra de l'Eixample","141","Resta de vehicles",1.67
2023,"02","Eixample","09","la Nova Esquerra de l'Eixample","142","Turismes",220.71
2023,"02","Eixample","09","la Nova Esquerra de l'Eixample","142","Motos",135.35
2023,"02","Eixample","09","la Nova Esquerra de l'Eixample","142","Ciclomotors",21.21
2023,"02","Eixample","09","la Nova Esquerra de l'Eixample","142","Furgonetes",18.69
2023,"02","Eixample","09","la Nova Esquerra de l'Eixample","142","Camions",5.05
2023,"02","Eixample","09","la Nova Esquerra de l'Eixample","142","Resta de vehicles",2.53
2023,"02","Eixample","09","la Nova Esquerra de l'Eixample","143","Turismes",245.18
2023,"02","Eixample","09","la Nova Esquerra de l'Eixample","143","Motos",124.25
2023,"02","Eixample","09","la Nova Esquerra de l'Eixample","143","Ciclomotors",29.24
2023,"02","Eixample","09","la Nova Esquerra de l'Eixample","143","Furgonetes",19.93
2023,"02","Eixample","09","la Nova Esquerra de l'Eixample","143","Camions",2.66
2023,"02","Eixample","09","la Nova Esquerra de l'Eixample","143","Resta de vehicles",11.3
2023,"02","Eixample","09","la Nova Esquerra de l'Eixample","144","Turismes",233.42
2023,"02","Eixample","09","la Nova Esquerra de l'Eixample","144","Motos",139.38
2023,"02","Eixample","09","la Nova Esquerra de l'Eixample","144","Ciclomotors",12.18
2023,"02","Eixample","09","la Nova Esquerra de l'Eixample","144","Furgonetes",17.59
2023,"02","Eixample","09","la Nova Esquerra de l'Eixample","144","Camions",4.06
2023,"02","Eixample","09","la Nova Esquerra de l'Eixample","144","Resta de vehicles",3.38
2023,"02","Eixample","09","la Nova Esquerra de l'Eixample","145","Turismes",245.47
2023,"02","Eixample","09","la Nova Esquerra de l'Eixample","145","Motos",128.5
2023,"02","Eixample","09","la Nova Esquerra de l'Eixample","145","Ciclomotors",23.89
2023,"02","Eixample","09","la Nova Esquerra de l'Eixample","145","Furgonetes",16.47
2023,"02","Eixample","09","la Nova Esquerra de l'Eixample","145","Camions",3.29
2023,"02","Eixample","09","la Nova Esquerra de l'Eixample","145","Resta de vehicles",1.65
2023,"02","Eixample","09","la Nova Esquerra de l'Eixample","146","Turismes",278.2
2023,"02","Eixample","09","la Nova Esquerra de l'Eixample","146","Motos",147.87
2023,"02","Eixample","09","la Nova Esquerra de l'Eixample","146","Ciclomotors",24.23
2023,"02","Eixample","09","la Nova Esquerra de l'Eixample","146","Furgonetes",35.92
2023,"02","Eixample","09","la Nova Esquerra de l'Eixample","146","Camions",17.54
2023,"02","Eixample","09","la Nova Esquerra de l'Eixample","146","Resta de vehicles",21.72
2023,"02","Eixample","09","la Nova Esquerra de l'Eixample","147","Turismes",227.85
2023,"02","Eixample","09","la Nova Esquerra de l'Eixample","147","Motos",135.96
2023,"02","Eixample","09","la Nova Esquerra de l'Eixample","147","Ciclomotors",23.44
2023,"02","Eixample","09","la Nova Esquerra de l'Eixample","147","Furgonetes",17.35
2023,"02","Eixample","09","la Nova Esquerra de l'Eixample","147","Camions",4.22
2023,"02","Eixample","09","la Nova Esquerra de l'Eixample","147","Resta de vehicles",4.69
2023,"02","Eixample","09","la Nova Esquerra de l'Eixample","148","Turismes",303.64
2023,"02","Eixample","09","la Nova Esquerra de l'Eixample","148","Motos",164.5
2023,"02","Eixample","09","la Nova Esquerra de l'Eixample","148","Ciclomotors",26.01
2023,"02","Eixample","09","la Nova Esquerra de l'Eixample","148","Furgonetes",33.16
2023,"02","Eixample","09","la Nova Esquerra de l'Eixample","148","Camions",12.35
2023,"02","Eixample","09","la Nova Esquerra de l'Eixample","148","Resta de vehicles",7.15
2023,"02","Eixample","09","la Nova Esquerra de l'Eixample","149","Turismes",221.56
2023,"02","Eixample","09","la Nova Esquerra de l'Eixample","149","Motos",166.85
2023,"02","Eixample","09","la Nova Esquerra de l'Eixample","149","Ciclomotors",15.71
2023,"02","Eixample","09","la Nova Esquerra de l'Eixample","149","Furgonetes",21.13
2023,"02","Eixample","09","la Nova Esquerra de l'Eixample","149","Camions",4.88
2023,"02","Eixample","09","la Nova Esquerra de l'Eixample","149","Resta de vehicles",7.04
2023,"02","Eixample","10","Sant Antoni","150","Turismes",215.06
2023,"02","Eixample","10","Sant Antoni","150","Motos",104.66
2023,"02","Eixample","10","Sant Antoni","150","Ciclomotors",17.87
2023,"02","Eixample","10","Sant Antoni","150","Furgonetes",7.66
2023,"02","Eixample","10","Sant Antoni","150","Camions",3.19
2023,"02","Eixample","10","Sant Antoni","150","Resta de vehicles",12.13
2023,"02","Eixample","10","Sant Antoni","151","Turismes",236.05
2023,"02","Eixample","10","Sant Antoni","151","Motos",128.45
2023,"02","Eixample","10","Sant Antoni","151","Ciclomotors",26.23
2023,"02","Eixample","10","Sant Antoni","151","Furgonetes",10.76
2023,"02","Eixample","10","Sant Antoni","151","Camions",3.36
2023,"02","Eixample","10","Sant Antoni","151","Resta de vehicles",4.03
2023,"02","Eixample","10","Sant Antoni","152","Turismes",287.76
2023,"02","Eixample","10","Sant Antoni","152","Motos",139.11
2023,"02","Eixample","10","Sant Antoni","152","Ciclomotors",11.92
2023,"02","Eixample","10","Sant Antoni","152","Furgonetes",16.69
2023,"02","Eixample","10","Sant Antoni","152","Camions",15.1
2023,"02","Eixample","10","Sant Antoni","152","Resta de vehicles",13.51
2023,"02","Eixample","10","Sant Antoni","153","Turismes",267.4
2023,"02","Eixample","10","Sant Antoni","153","Motos",137
2023,"02","Eixample","10","Sant Antoni","153","Ciclomotors",17.58
2023,"02","Eixample","10","Sant Antoni","153","Furgonetes",13.92
2023,"02","Eixample","10","Sant Antoni","153","Camions",5.86
2023,"02","Eixample","10","Sant Antoni","153","Resta de vehicles",4.4
2023,"02","Eixample","10","Sant Antoni","154","Turismes",243.01
2023,"02","Eixample","10","Sant Antoni","154","Motos",122.47
2023,"02","Eixample","10","Sant Antoni","154","Ciclomotors",27.97
2023,"02","Eixample","10","Sant Antoni","154","Furgonetes",22.18
2023,"02","Eixample","10","Sant Antoni","154","Camions",2.89
2023,"02","Eixample","10","Sant Antoni","154","Resta de vehicles",5.79
2023,"02","Eixample","10","Sant Antoni","155","Turismes",216.19
2023,"02","Eixample","10","Sant Antoni","155","Motos",110.81
2023,"02","Eixample","10","Sant Antoni","155","Ciclomotors",21.73
2023,"02","Eixample","10","Sant Antoni","155","Furgonetes",16.84
2023,"02","Eixample","10","Sant Antoni","155","Camions",1.09
2023,"02","Eixample","10","Sant Antoni","155","Resta de vehicles",5.43
2023,"02","Eixample","10","Sant Antoni","156","Turismes",292.97
2023,"02","Eixample","10","Sant Antoni","156","Motos",120.31
2023,"02","Eixample","10","Sant Antoni","156","Ciclomotors",17.19
2023,"02","Eixample","10","Sant Antoni","156","Furgonetes",12.5
2023,"02","Eixample","10","Sant Antoni","156","Camions",4.69
2023,"02","Eixample","10","Sant Antoni","156","Resta de vehicles",7.81
2023,"02","Eixample","10","Sant Antoni","157","Turismes",223.47
2023,"02","Eixample","10","Sant Antoni","157","Motos",101.29
2023,"02","Eixample","10","Sant Antoni","157","Ciclomotors",18.49
2023,"02","Eixample","10","Sant Antoni","157","Furgonetes",16.88
2023,"02","Eixample","10","Sant Antoni","157","Camions",12.06
2023,"02","Eixample","10","Sant Antoni","157","Resta de vehicles",2.41
2023,"02","Eixample","10","Sant Antoni","158","Turismes",253.19
2023,"02","Eixample","10","Sant Antoni","158","Motos",124.47
2023,"02","Eixample","10","Sant Antoni","158","Ciclomotors",18.82
2023,"02","Eixample","10","Sant Antoni","158","Furgonetes",29.14
2023,"02","Eixample","10","Sant Antoni","158","Camions",33.39
2023,"02","Eixample","10","Sant Antoni","158","Resta de vehicles",6.68
2023,"02","Eixample","10","Sant Antoni","159","Turismes",236.5
2023,"02","Eixample","10","Sant Antoni","159","Motos",129.56
2023,"02","Eixample","10","Sant Antoni","159","Ciclomotors",19.02
2023,"02","Eixample","10","Sant Antoni","159","Furgonetes",11.83
2023,"02","Eixample","10","Sant Antoni","159","Camions",5.66
2023,"02","Eixample","10","Sant Antoni","159","Resta de vehicles",5.14
2023,"02","Eixample","10","Sant Antoni","160","Turismes",247.19
2023,"02","Eixample","10","Sant Antoni","160","Motos",145.85
2023,"02","Eixample","10","Sant Antoni","160","Ciclomotors",25.59
2023,"02","Eixample","10","Sant Antoni","160","Furgonetes",19.96
2023,"02","Eixample","10","Sant Antoni","160","Camions",2.56
2023,"02","Eixample","10","Sant Antoni","160","Resta de vehicles",8.19
2023,"02","Eixample","10","Sant Antoni","161","Turismes",207.94
2023,"02","Eixample","10","Sant Antoni","161","Motos",150.13
2023,"02","Eixample","10","Sant Antoni","161","Ciclomotors",19.84
2023,"02","Eixample","10","Sant Antoni","161","Furgonetes",19.84
2023,"02","Eixample","10","Sant Antoni","161","Camions",4.31
2023,"02","Eixample","10","Sant Antoni","161","Resta de vehicles",4.31
2023,"02","Eixample","10","Sant Antoni","162","Turismes",189.73
2023,"02","Eixample","10","Sant Antoni","162","Motos",113.41
2023,"02","Eixample","10","Sant Antoni","162","Ciclomotors",17.12
2023,"02","Eixample","10","Sant Antoni","162","Furgonetes",14.27
2023,"02","Eixample","10","Sant Antoni","162","Camions",4.99
2023,"02","Eixample","10","Sant Antoni","162","Resta de vehicles",0.71
2023,"02","Eixample","10","Sant Antoni","163","Turismes",258.82
2023,"02","Eixample","10","Sant Antoni","163","Motos",166.1
2023,"02","Eixample","10","Sant Antoni","163","Ciclomotors",25.03
2023,"02","Eixample","10","Sant Antoni","163","Furgonetes",18.2
2023,"02","Eixample","10","Sant Antoni","163","Camions",3.98
2023,"02","Eixample","10","Sant Antoni","163","Resta de vehicles",4.55
2023,"02","Eixample","10","Sant Antoni","164","Turismes",238.69
2023,"02","Eixample","10","Sant Antoni","164","Motos",146.89
2023,"02","Eixample","10","Sant Antoni","164","Ciclomotors",28.2
2023,"02","Eixample","10","Sant Antoni","164","Furgonetes",38.69
2023,"02","Eixample","10","Sant Antoni","164","Camions",26.23
2023,"02","Eixample","10","Sant Antoni","164","Resta de vehicles",15.74
2023,"02","Eixample","10","Sant Antoni","165","Turismes",213.73
2023,"02","Eixample","10","Sant Antoni","165","Motos",111.64
2023,"02","Eixample","10","Sant Antoni","165","Ciclomotors",16.72
2023,"02","Eixample","10","Sant Antoni","165","Furgonetes",16.12
2023,"02","Eixample","10","Sant Antoni","165","Camions",5.97
2023,"02","Eixample","10","Sant Antoni","165","Resta de vehicles",6.57
2023,"02","Eixample","10","Sant Antoni","166","Turismes",219.43
2023,"02","Eixample","10","Sant Antoni","166","Motos",112.32
2023,"02","Eixample","10","Sant Antoni","166","Ciclomotors",21.8
2023,"02","Eixample","10","Sant Antoni","166","Furgonetes",21.8
2023,"02","Eixample","10","Sant Antoni","166","Camions",1.9
2023,"02","Eixample","10","Sant Antoni","166","Resta de vehicles",4.74
2023,"02","Eixample","10","Sant Antoni","167","Turismes",256.76
2023,"02","Eixample","10","Sant Antoni","167","Motos",143.06
2023,"02","Eixample","10","Sant Antoni","167","Ciclomotors",13.51
2023,"02","Eixample","10","Sant Antoni","167","Furgonetes",24.7
2023,"02","Eixample","10","Sant Antoni","167","Camions",9.32
2023,"02","Eixample","10","Sant Antoni","167","Resta de vehicles",21.9
2023,"02","Eixample","10","Sant Antoni","168","Turismes",215.47
2023,"02","Eixample","10","Sant Antoni","168","Motos",117.86
2023,"02","Eixample","10","Sant Antoni","168","Ciclomotors",21.14
2023,"02","Eixample","10","Sant Antoni","168","Furgonetes",19.79
2023,"02","Eixample","10","Sant Antoni","168","Camions",5.85
2023,"02","Eixample","10","Sant Antoni","168","Resta de vehicles",4.5
2023,"02","Eixample","10","Sant Antoni","169","Turismes",195.71
2023,"02","Eixample","10","Sant Antoni","169","Motos",111.26
2023,"02","Eixample","10","Sant Antoni","169","Ciclomotors",20.11
2023,"02","Eixample","10","Sant Antoni","169","Furgonetes",12.06
2023,"02","Eixample","10","Sant Antoni","169","Camions",13.4
2023,"02","Eixample","10","Sant Antoni","169","Resta de vehicles",8.04
2023,"02","Eixample","10","Sant Antoni","170","Turismes",211.2
2023,"02","Eixample","10","Sant Antoni","170","Motos",121.7
2023,"02","Eixample","10","Sant Antoni","170","Ciclomotors",16.1
2023,"02","Eixample","10","Sant Antoni","170","Furgonetes",17.39
2023,"02","Eixample","10","Sant Antoni","170","Camions",6.44
2023,"02","Eixample","10","Sant Antoni","170","Resta de vehicles",17.39
2023,"02","Eixample","10","Sant Antoni","171","Turismes",208.59
2023,"02","Eixample","10","Sant Antoni","171","Motos",109.59
2023,"02","Eixample","10","Sant Antoni","171","Ciclomotors",14.32
2023,"02","Eixample","10","Sant Antoni","171","Furgonetes",11.21
2023,"02","Eixample","10","Sant Antoni","171","Camions",3.11
2023,"02","Eixample","10","Sant Antoni","171","Resta de vehicles",8.72
2023,"02","Eixample","10","Sant Antoni","172","Turismes",217.68
2023,"02","Eixample","10","Sant Antoni","172","Motos",121.23
2023,"02","Eixample","10","Sant Antoni","172","Ciclomotors",19.42
2023,"02","Eixample","10","Sant Antoni","172","Furgonetes",16.74
2023,"02","Eixample","10","Sant Antoni","172","Camions",4.69
2023,"02","Eixample","10","Sant Antoni","172","Resta de vehicles",3.35
2023,"02","Eixample","10","Sant Antoni","173","Turismes",239.01
2023,"02","Eixample","10","Sant Antoni","173","Motos",138.48
2023,"02","Eixample","10","Sant Antoni","173","Ciclomotors",13.98
2023,"02","Eixample","10","Sant Antoni","173","Furgonetes",25.3
2023,"02","Eixample","10","Sant Antoni","173","Camions",7.99
2023,"02","Eixample","10","Sant Antoni","173","Resta de vehicles",5.33
2023,"03","Sants-Montjuïc","11","el Poble Sec - AEI Parc Montjuïc","001","Turismes",214.66
2023,"03","Sants-Montjuïc","11","el Poble Sec - AEI Parc Montjuïc","001","Motos",116.13
2023,"03","Sants-Montjuïc","11","el Poble Sec - AEI Parc Montjuïc","001","Ciclomotors",25.22
2023,"03","Sants-Montjuïc","11","el Poble Sec - AEI Parc Montjuïc","001","Furgonetes",14.08
2023,"03","Sants-Montjuïc","11","el Poble Sec - AEI Parc Montjuïc","001","Camions",5.87
2023,"03","Sants-Montjuïc","11","el Poble Sec - AEI Parc Montjuïc","001","Resta de vehicles",3.52
2023,"03","Sants-Montjuïc","11","el Poble Sec - AEI Parc Montjuïc","002","Turismes",215.04
2023,"03","Sants-Montjuïc","11","el Poble Sec - AEI Parc Montjuïc","002","Motos",129.86
2023,"03","Sants-Montjuïc","11","el Poble Sec - AEI Parc Montjuïc","002","Ciclomotors",23.66
2023,"03","Sants-Montjuïc","11","el Poble Sec - AEI Parc Montjuïc","002","Furgonetes",26.29
2023,"03","Sants-Montjuïc","11","el Poble Sec - AEI Parc Montjuïc","002","Camions",6.83
2023,"03","Sants-Montjuïc","11","el Poble Sec - AEI Parc Montjuïc","002","Resta de vehicles",3.15
2023,"03","Sants-Montjuïc","11","el Poble Sec - AEI Parc Montjuïc","003","Turismes",179.02
2023,"03","Sants-Montjuïc","11","el Poble Sec - AEI Parc Montjuïc","003","Motos",103.68
2023,"03","Sants-Montjuïc","11","el Poble Sec - AEI Parc Montjuïc","003","Ciclomotors",26.52
2023,"03","Sants-Montjuïc","11","el Poble Sec - AEI Parc Montjuïc","003","Furgonetes",17.48
2023,"03","Sants-Montjuïc","11","el Poble Sec - AEI Parc Montjuïc","003","Camions",4.22
2023,"03","Sants-Montjuïc","11","el Poble Sec - AEI Parc Montjuïc","003","Resta de vehicles",0.6
2023,"03","Sants-Montjuïc","11","el Poble Sec - AEI Parc Montjuïc","004","Turismes",239.92
2023,"03","Sants-Montjuïc","11","el Poble Sec - AEI Parc Montjuïc","004","Motos",115.66
2023,"03","Sants-Montjuïc","11","el Poble Sec - AEI Parc Montjuïc","004","Ciclomotors",17.85
2023,"03","Sants-Montjuïc","11","el Poble Sec - AEI Parc Montjuïc","004","Furgonetes",17.85
2023,"03","Sants-Montjuïc","11","el Poble Sec - AEI Parc Montjuïc","004","Camions",5.29
2023,"03","Sants-Montjuïc","11","el Poble Sec - AEI Parc Montjuïc","004","Resta de vehicles",1.32
2023,"03","Sants-Montjuïc","11","el Poble Sec - AEI Parc Montjuïc","005","Turismes",238.53
2023,"03","Sants-Montjuïc","11","el Poble Sec - AEI Parc Montjuïc","005","Motos",107.59
2023,"03","Sants-Montjuïc","11","el Poble Sec - AEI Parc Montjuïc","005","Ciclomotors",21.68
2023,"03","Sants-Montjuïc","11","el Poble Sec - AEI Parc Montjuïc","005","Furgonetes",16.68
2023,"03","Sants-Montjuïc","11","el Poble Sec - AEI Parc Montjuïc","005","Camions",6.67
2023,"03","Sants-Montjuïc","11","el Poble Sec - AEI Parc Montjuïc","005","Resta de vehicles",4.17
2023,"03","Sants-Montjuïc","11","el Poble Sec - AEI Parc Montjuïc","006","Turismes",229.09
2023,"03","Sants-Montjuïc","11","el Poble Sec - AEI Parc Montjuïc","006","Motos",138.91
2023,"03","Sants-Montjuïc","11","el Poble Sec - AEI Parc Montjuïc","006","Ciclomotors",26.18
2023,"03","Sants-Montjuïc","11","el Poble Sec - AEI Parc Montjuïc","006","Furgonetes",37.09
2023,"03","Sants-Montjuïc","11","el Poble Sec - AEI Parc Montjuïc","006","Camions",8
2023,"03","Sants-Montjuïc","11","el Poble Sec - AEI Parc Montjuïc","006","Resta de vehicles",2.18
2023,"03","Sants-Montjuïc","11","el Poble Sec - AEI Parc Montjuïc","007","Turismes",212.55
2023,"03","Sants-Montjuïc","11","el Poble Sec - AEI Parc Montjuïc","007","Motos",99.88
2023,"03","Sants-Montjuïc","11","el Poble Sec - AEI Parc Montjuïc","007","Ciclomotors",25.58
2023,"03","Sants-Montjuïc","11","el Poble Sec - AEI Parc Montjuïc","007","Furgonetes",23.75
2023,"03","Sants-Montjuïc","11","el Poble Sec - AEI Parc Montjuïc","007","Camions",3.05
2023,"03","Sants-Montjuïc","11","el Poble Sec - AEI Parc Montjuïc","007","Resta de vehicles",2.44
2023,"03","Sants-Montjuïc","11","el Poble Sec - AEI Parc Montjuïc","008","Turismes",208.05
2023,"03","Sants-Montjuïc","11","el Poble Sec - AEI Parc Montjuïc","008","Motos",95.89
2023,"03","Sants-Montjuïc","11","el Poble Sec - AEI Parc Montjuïc","008","Ciclomotors",18.84
2023,"03","Sants-Montjuïc","11","el Poble Sec - AEI Parc Montjuïc","008","Furgonetes",25.68
2023,"03","Sants-Montjuïc","11","el Poble Sec - AEI Parc Montjuïc","008","Camions",5.14
2023,"03","Sants-Montjuïc","11","el Poble Sec - AEI Parc Montjuïc","008","Resta de vehicles",5.99
2023,"03","Sants-Montjuïc","11","el Poble Sec - AEI Parc Montjuïc","009","Turismes",233.93
2023,"03","Sants-Montjuïc","11","el Poble Sec - AEI Parc Montjuïc","009","Motos",114.82
2023,"03","Sants-Montjuïc","11","el Poble Sec - AEI Parc Montjuïc","009","Ciclomotors",18.85
2023,"03","Sants-Montjuïc","11","el Poble Sec - AEI Parc Montjuïc","009","Furgonetes",25.71
2023,"03","Sants-Montjuïc","11","el Poble Sec - AEI Parc Montjuïc","009","Camions",3.43
2023,"03","Sants-Montjuïc","11","el Poble Sec - AEI Parc Montjuïc","009","Resta de vehicles",3.43
2023,"03","Sants-Montjuïc","11","el Poble Sec - AEI Parc Montjuïc","010","Turismes",178.69
2023,"03","Sants-Montjuïc","11","el Poble Sec - AEI Parc Montjuïc","010","Motos",84.84
2023,"03","Sants-Montjuïc","11","el Poble Sec - AEI Parc Montjuïc","010","Ciclomotors",24.92
2023,"03","Sants-Montjuïc","11","el Poble Sec - AEI Parc Montjuïc","010","Furgonetes",31.28
2023,"03","Sants-Montjuïc","11","el Poble Sec - AEI Parc Montjuïc","010","Camions",5.83
2023,"03","Sants-Montjuïc","11","el Poble Sec - AEI Parc Montjuïc","010","Resta de vehicles",5.83
2023,"03","Sants-Montjuïc","11","el Poble Sec - AEI Parc Montjuïc","011","Turismes",157.21
2023,"03","Sants-Montjuïc","11","el Poble Sec - AEI Parc Montjuïc","011","Motos",98.18
2023,"03","Sants-Montjuïc","11","el Poble Sec - AEI Parc Montjuïc","011","Ciclomotors",31.21
2023,"03","Sants-Montjuïc","11","el Poble Sec - AEI Parc Montjuïc","011","Furgonetes",25.54
2023,"03","Sants-Montjuïc","11","el Poble Sec - AEI Parc Montjuïc","011","Camions",3.97
2023,"03","Sants-Montjuïc","11","el Poble Sec - AEI Parc Montjuïc","011","Resta de vehicles",3.97
2023,"03","Sants-Montjuïc","11","el Poble Sec - AEI Parc Montjuïc","012","Turismes",202.86
2023,"03","Sants-Montjuïc","11","el Poble Sec - AEI Parc Montjuïc","012","Motos",101.68
2023,"03","Sants-Montjuïc","11","el Poble Sec - AEI Parc Montjuïc","012","Ciclomotors",24.19
2023,"03","Sants-Montjuïc","11","el Poble Sec - AEI Parc Montjuïc","012","Furgonetes",21.72
2023,"03","Sants-Montjuïc","11","el Poble Sec - AEI Parc Montjuïc","012","Camions",7.4
2023,"03","Sants-Montjuïc","11","el Poble Sec - AEI Parc Montjuïc","012","Resta de vehicles",4.44
2023,"03","Sants-Montjuïc","11","el Poble Sec - AEI Parc Montjuïc","013","Turismes",185.7
2023,"03","Sants-Montjuïc","11","el Poble Sec - AEI Parc Montjuïc","013","Motos",106.69
2023,"03","Sants-Montjuïc","11","el Poble Sec - AEI Parc Montjuïc","013","Ciclomotors",19.03
2023,"03","Sants-Montjuïc","11","el Poble Sec - AEI Parc Montjuïc","013","Furgonetes",28.26
2023,"03","Sants-Montjuïc","11","el Poble Sec - AEI Parc Montjuïc","013","Camions",4.61
2023,"03","Sants-Montjuïc","11","el Poble Sec - AEI Parc Montjuïc","013","Resta de vehicles",1.73
2023,"03","Sants-Montjuïc","11","el Poble Sec - AEI Parc Montjuïc","014","Turismes",180.89
2023,"03","Sants-Montjuïc","11","el Poble Sec - AEI Parc Montjuïc","014","Motos",111.49
2023,"03","Sants-Montjuïc","11","el Poble Sec - AEI Parc Montjuïc","014","Ciclomotors",25.03
2023,"03","Sants-Montjuïc","11","el Poble Sec - AEI Parc Montjuïc","014","Furgonetes",21.62
2023,"03","Sants-Montjuïc","11","el Poble Sec - AEI Parc Montjuïc","014","Camions",5.12
2023,"03","Sants-Montjuïc","11","el Poble Sec - AEI Parc Montjuïc","014","Resta de vehicles",2.28
2023,"03","Sants-Montjuïc","11","el Poble Sec - AEI Parc Montjuïc","015","Turismes",176.15
2023,"03","Sants-Montjuïc","11","el Poble Sec - AEI Parc Montjuïc","015","Motos",84.8
2023,"03","Sants-Montjuïc","11","el Poble Sec - AEI Parc Montjuïc","015","Ciclomotors",22.75
2023,"03","Sants-Montjuïc","11","el Poble Sec - AEI Parc Montjuïc","015","Furgonetes",17.92
2023,"03","Sants-Montjuïc","11","el Poble Sec - AEI Parc Montjuïc","015","Camions",3.1
2023,"03","Sants-Montjuïc","11","el Poble Sec - AEI Parc Montjuïc","015","Resta de vehicles",3.1
2023,"03","Sants-Montjuïc","11","el Poble Sec - AEI Parc Montjuïc","016","Turismes",163.8
2023,"03","Sants-Montjuïc","11","el Poble Sec - AEI Parc Montjuïc","016","Motos",81.08
2023,"03","Sants-Montjuïc","11","el Poble Sec - AEI Parc Montjuïc","016","Ciclomotors",14.74
2023,"03","Sants-Montjuïc","11","el Poble Sec - AEI Parc Montjuïc","016","Furgonetes",23.75
2023,"03","Sants-Montjuïc","11","el Poble Sec - AEI Parc Montjuïc","016","Camions",6.55
2023,"03","Sants-Montjuïc","11","el Poble Sec - AEI Parc Montjuïc","016","Resta de vehicles",2.46
2023,"03","Sants-Montjuïc","11","el Poble Sec - AEI Parc Montjuïc","017","Turismes",177.69
2023,"03","Sants-Montjuïc","11","el Poble Sec - AEI Parc Montjuïc","017","Motos",78.76
2023,"03","Sants-Montjuïc","11","el Poble Sec - AEI Parc Montjuïc","017","Ciclomotors",37.81
2023,"03","Sants-Montjuïc","11","el Poble Sec - AEI Parc Montjuïc","017","Furgonetes",26.47
2023,"03","Sants-Montjuïc","11","el Poble Sec - AEI Parc Montjuïc","017","Camions",6.3
2023,"03","Sants-Montjuïc","11","el Poble Sec - AEI Parc Montjuïc","017","Resta de vehicles",3.15
2023,"03","Sants-Montjuïc","11","el Poble Sec - AEI Parc Montjuïc","018","Turismes",200.12
2023,"03","Sants-Montjuïc","11","el Poble Sec - AEI Parc Montjuïc","018","Motos",102.46
2023,"03","Sants-Montjuïc","11","el Poble Sec - AEI Parc Montjuïc","018","Ciclomotors",23.97
2023,"03","Sants-Montjuïc","11","el Poble Sec - AEI Parc Montjuïc","018","Furgonetes",13.18
2023,"03","Sants-Montjuïc","11","el Poble Sec - AEI Parc Montjuïc","018","Camions",2.4
2023,"03","Sants-Montjuïc","11","el Poble Sec - AEI Parc Montjuïc","018","Resta de vehicles",3
2023,"03","Sants-Montjuïc","11","el Poble Sec - AEI Parc Montjuïc","019","Turismes",205.28
2023,"03","Sants-Montjuïc","11","el Poble Sec - AEI Parc Montjuïc","019","Motos",83.33
2023,"03","Sants-Montjuïc","11","el Poble Sec - AEI Parc Montjuïc","019","Ciclomotors",16.26
2023,"03","Sants-Montjuïc","11","el Poble Sec - AEI Parc Montjuïc","019","Furgonetes",19.65
2023,"03","Sants-Montjuïc","11","el Poble Sec - AEI Parc Montjuïc","019","Camions",3.39
2023,"03","Sants-Montjuïc","11","el Poble Sec - AEI Parc Montjuïc","019","Resta de vehicles",6.78
2023,"03","Sants-Montjuïc","11","el Poble Sec - AEI Parc Montjuïc","020","Turismes",295.19
2023,"03","Sants-Montjuïc","11","el Poble Sec - AEI Parc Montjuïc","020","Motos",143.45
2023,"03","Sants-Montjuïc","11","el Poble Sec - AEI Parc Montjuïc","020","Ciclomotors",23.22
2023,"03","Sants-Montjuïc","11","el Poble Sec - AEI Parc Montjuïc","020","Furgonetes",33.17
2023,"03","Sants-Montjuïc","11","el Poble Sec - AEI Parc Montjuïc","020","Camions",26.53
2023,"03","Sants-Montjuïc","11","el Poble Sec - AEI Parc Montjuïc","020","Resta de vehicles",29.85
2023,"03","Sants-Montjuïc","11","el Poble Sec - AEI Parc Montjuïc","021","Turismes",252.6
2023,"03","Sants-Montjuïc","11","el Poble Sec - AEI Parc Montjuïc","021","Motos",100.28
2023,"03","Sants-Montjuïc","11","el Poble Sec - AEI Parc Montjuïc","021","Ciclomotors",13.25
2023,"03","Sants-Montjuïc","11","el Poble Sec - AEI Parc Montjuïc","021","Furgonetes",15.14
2023,"03","Sants-Montjuïc","11","el Poble Sec - AEI Parc Montjuïc","021","Camions",2.84
2023,"03","Sants-Montjuïc","11","el Poble Sec - AEI Parc Montjuïc","021","Resta de vehicles",5.68
2023,"03","Sants-Montjuïc","11","el Poble Sec - AEI Parc Montjuïc","022","Turismes",215.94
2023,"03","Sants-Montjuïc","11","el Poble Sec - AEI Parc Montjuïc","022","Motos",94.2
2023,"03","Sants-Montjuïc","11","el Poble Sec - AEI Parc Montjuïc","022","Ciclomotors",16.67
2023,"03","Sants-Montjuïc","11","el Poble Sec - AEI Parc Montjuïc","022","Furgonetes",36.96
2023,"03","Sants-Montjuïc","11","el Poble Sec - AEI Parc Montjuïc","022","Camions",7.97
2023,"03","Sants-Montjuïc","11","el Poble Sec - AEI Parc Montjuïc","022","Resta de vehicles",21.01
2023,"03","Sants-Montjuïc","11","el Poble Sec - AEI Parc Montjuïc","023","Turismes",199.78
2023,"03","Sants-Montjuïc","11","el Poble Sec - AEI Parc Montjuïc","023","Motos",104.04
2023,"03","Sants-Montjuïc","11","el Poble Sec - AEI Parc Montjuïc","023","Ciclomotors",28.78
2023,"03","Sants-Montjuïc","11","el Poble Sec - AEI Parc Montjuïc","023","Furgonetes",19.92
2023,"03","Sants-Montjuïc","11","el Poble Sec - AEI Parc Montjuïc","023","Camions",3.87
2023,"03","Sants-Montjuïc","11","el Poble Sec - AEI Parc Montjuïc","023","Resta de vehicles",2.77
2023,"03","Sants-Montjuïc","11","el Poble Sec - AEI Parc Montjuïc","024","Turismes",245.7
2023,"03","Sants-Montjuïc","11","el Poble Sec - AEI Parc Montjuïc","024","Motos",153.19
2023,"03","Sants-Montjuïc","11","el Poble Sec - AEI Parc Montjuïc","024","Ciclomotors",22.75
2023,"03","Sants-Montjuïc","11","el Poble Sec - AEI Parc Montjuïc","024","Furgonetes",40.95
2023,"03","Sants-Montjuïc","11","el Poble Sec - AEI Parc Montjuïc","024","Camions",8.09
2023,"03","Sants-Montjuïc","11","el Poble Sec - AEI Parc Montjuïc","024","Resta de vehicles",12.64
2023,"03","Sants-Montjuïc","11","el Poble Sec - AEI Parc Montjuïc","NC","Turismes",NA
2023,"03","Sants-Montjuïc","12","la Marina del Prat Vermell - AEI Zona Franca","025","Turismes",4272.35
2023,"03","Sants-Montjuïc","12","la Marina del Prat Vermell - AEI Zona Franca","025","Motos",229.44
2023,"03","Sants-Montjuïc","12","la Marina del Prat Vermell - AEI Zona Franca","025","Ciclomotors",383.19
2023,"03","Sants-Montjuïc","12","la Marina del Prat Vermell - AEI Zona Franca","025","Furgonetes",637.07
2023,"03","Sants-Montjuïc","12","la Marina del Prat Vermell - AEI Zona Franca","025","Camions",1249.7
2023,"03","Sants-Montjuïc","12","la Marina del Prat Vermell - AEI Zona Franca","025","Resta de vehicles",2119.79
2023,"03","Sants-Montjuïc","13","la Marina de Port","026","Turismes",357.07
2023,"03","Sants-Montjuïc","13","la Marina de Port","026","Motos",82.25
2023,"03","Sants-Montjuïc","13","la Marina de Port","026","Ciclomotors",16.05
2023,"03","Sants-Montjuïc","13","la Marina de Port","026","Furgonetes",12.04
2023,"03","Sants-Montjuïc","13","la Marina de Port","026","Camions",6.02
2023,"03","Sants-Montjuïc","13","la Marina de Port","026","Resta de vehicles",4.01
2023,"03","Sants-Montjuïc","13","la Marina de Port","027","Turismes",287.68
2023,"03","Sants-Montjuïc","13","la Marina de Port","027","Motos",123.78
2023,"03","Sants-Montjuïc","13","la Marina de Port","027","Ciclomotors",14.9
2023,"03","Sants-Montjuïc","13","la Marina de Port","027","Furgonetes",12.03
2023,"03","Sants-Montjuïc","13","la Marina de Port","027","Camions",1.72
2023,"03","Sants-Montjuïc","13","la Marina de Port","027","Resta de vehicles",9.17
2023,"03","Sants-Montjuïc","13","la Marina de Port","028","Turismes",278.33
2023,"03","Sants-Montjuïc","13","la Marina de Port","028","Motos",123.36
2023,"03","Sants-Montjuïc","13","la Marina de Port","028","Ciclomotors",8.1
2023,"03","Sants-Montjuïc","13","la Marina de Port","028","Furgonetes",16.19
2023,"03","Sants-Montjuïc","13","la Marina de Port","028","Camions",8.48
2023,"03","Sants-Montjuïc","13","la Marina de Port","028","Resta de vehicles",8.1
2023,"03","Sants-Montjuïc","13","la Marina de Port","029","Turismes",259.52
2023,"03","Sants-Montjuïc","13","la Marina de Port","029","Motos",107.94
2023,"03","Sants-Montjuïc","13","la Marina de Port","029","Ciclomotors",15.08
2023,"03","Sants-Montjuïc","13","la Marina de Port","029","Furgonetes",20.63
2023,"03","Sants-Montjuïc","13","la Marina de Port","029","Camions",2.38
2023,"03","Sants-Montjuïc","13","la Marina de Port","029","Resta de vehicles",5.56
2023,"03","Sants-Montjuïc","13","la Marina de Port","030","Turismes",340.38
2023,"03","Sants-Montjuïc","13","la Marina de Port","030","Motos",135.9
2023,"03","Sants-Montjuïc","13","la Marina de Port","030","Ciclomotors",21.15
2023,"03","Sants-Montjuïc","13","la Marina de Port","030","Furgonetes",33.97
2023,"03","Sants-Montjuïc","13","la Marina de Port","030","Camions",5.13
2023,"03","Sants-Montjuïc","13","la Marina de Port","030","Resta de vehicles",12.82
2023,"03","Sants-Montjuïc","13","la Marina de Port","031","Turismes",326.01
2023,"03","Sants-Montjuïc","13","la Marina de Port","031","Motos",130.06
2023,"03","Sants-Montjuïc","13","la Marina de Port","031","Ciclomotors",22.83
2023,"03","Sants-Montjuïc","13","la Marina de Port","031","Furgonetes",19.81
2023,"03","Sants-Montjuïc","13","la Marina de Port","031","Camions",13.78
2023,"03","Sants-Montjuïc","13","la Marina de Port","031","Resta de vehicles",8.61
2023,"03","Sants-Montjuïc","13","la Marina de Port","032","Turismes",255.96
2023,"03","Sants-Montjuïc","13","la Marina de Port","032","Motos",114.02
2023,"03","Sants-Montjuïc","13","la Marina de Port","032","Ciclomotors",29.09
2023,"03","Sants-Montjuïc","13","la Marina de Port","032","Furgonetes",23.85
2023,"03","Sants-Montjuïc","13","la Marina de Port","032","Camions",22.69
2023,"03","Sants-Montjuïc","13","la Marina de Port","032","Resta de vehicles",17.45
2023,"03","Sants-Montjuïc","13","la Marina de Port","033","Turismes",218.11
2023,"03","Sants-Montjuïc","13","la Marina de Port","033","Motos",93.96
2023,"03","Sants-Montjuïc","13","la Marina de Port","033","Ciclomotors",22.63
2023,"03","Sants-Montjuïc","13","la Marina de Port","033","Furgonetes",21.95
2023,"03","Sants-Montjuïc","13","la Marina de Port","033","Camions",10.97
2023,"03","Sants-Montjuïc","13","la Marina de Port","033","Resta de vehicles",2.74
2023,"03","Sants-Montjuïc","13","la Marina de Port","034","Turismes",321.74
2023,"03","Sants-Montjuïc","13","la Marina de Port","034","Motos",141.14
2023,"03","Sants-Montjuïc","13","la Marina de Port","034","Ciclomotors",31.44
2023,"03","Sants-Montjuïc","13","la Marina de Port","034","Furgonetes",20.07
2023,"03","Sants-Montjuïc","13","la Marina de Port","034","Camions",33.44
2023,"03","Sants-Montjuïc","13","la Marina de Port","034","Resta de vehicles",6.69
2023,"03","Sants-Montjuïc","13","la Marina de Port","035","Turismes",314.8
2023,"03","Sants-Montjuïc","13","la Marina de Port","035","Motos",138.79
2023,"03","Sants-Montjuïc","13","la Marina de Port","035","Ciclomotors",28.46
2023,"03","Sants-Montjuïc","13","la Marina de Port","035","Furgonetes",16.2
2023,"03","Sants-Montjuïc","13","la Marina de Port","035","Camions",8.76
2023,"03","Sants-Montjuïc","13","la Marina de Port","035","Resta de vehicles",11.38
2023,"03","Sants-Montjuïc","13","la Marina de Port","036","Turismes",289.44
2023,"03","Sants-Montjuïc","13","la Marina de Port","036","Motos",134.62
2023,"03","Sants-Montjuïc","13","la Marina de Port","036","Ciclomotors",21.46
2023,"03","Sants-Montjuïc","13","la Marina de Port","036","Furgonetes",13.04
2023,"03","Sants-Montjuïc","13","la Marina de Port","036","Camions",6.31
2023,"03","Sants-Montjuïc","13","la Marina de Port","036","Resta de vehicles",3.79
2023,"03","Sants-Montjuïc","13","la Marina de Port","037","Turismes",343.88
2023,"03","Sants-Montjuïc","13","la Marina de Port","037","Motos",120.41
2023,"03","Sants-Montjuïc","13","la Marina de Port","037","Ciclomotors",14.29
2023,"03","Sants-Montjuïc","13","la Marina de Port","037","Furgonetes",27.55
2023,"03","Sants-Montjuïc","13","la Marina de Port","037","Camions",3.06
2023,"03","Sants-Montjuïc","13","la Marina de Port","037","Resta de vehicles",9.18
2023,"03","Sants-Montjuïc","13","la Marina de Port","038","Turismes",319.28
2023,"03","Sants-Montjuïc","13","la Marina de Port","038","Motos",141.2
2023,"03","Sants-Montjuïc","13","la Marina de Port","038","Ciclomotors",40.04
2023,"03","Sants-Montjuïc","13","la Marina de Port","038","Furgonetes",21.07
2023,"03","Sants-Montjuïc","13","la Marina de Port","038","Camions",9.48
2023,"03","Sants-Montjuïc","13","la Marina de Port","038","Resta de vehicles",6.32
2023,"03","Sants-Montjuïc","13","la Marina de Port","039","Turismes",223.94
2023,"03","Sants-Montjuïc","13","la Marina de Port","039","Motos",102.61
2023,"03","Sants-Montjuïc","13","la Marina de Port","039","Ciclomotors",22.39
2023,"03","Sants-Montjuïc","13","la Marina de Port","039","Furgonetes",17.92
2023,"03","Sants-Montjuïc","13","la Marina de Port","039","Camions",6.51
2023,"03","Sants-Montjuïc","13","la Marina de Port","039","Resta de vehicles",3.26
2023,"03","Sants-Montjuïc","13","la Marina de Port","211","Turismes",294
2023,"03","Sants-Montjuïc","13","la Marina de Port","211","Motos",147
2023,"03","Sants-Montjuïc","13","la Marina de Port","211","Ciclomotors",27.03
2023,"03","Sants-Montjuïc","13","la Marina de Port","211","Furgonetes",19.78
2023,"03","Sants-Montjuïc","13","la Marina de Port","211","Camions",8.57
2023,"03","Sants-Montjuïc","13","la Marina de Port","211","Resta de vehicles",11.21
2023,"03","Sants-Montjuïc","13","la Marina de Port","212","Turismes",246.06
2023,"03","Sants-Montjuïc","13","la Marina de Port","212","Motos",115.99
2023,"03","Sants-Montjuïc","13","la Marina de Port","212","Ciclomotors",21.13
2023,"03","Sants-Montjuïc","13","la Marina de Port","212","Furgonetes",12.01
2023,"03","Sants-Montjuïc","13","la Marina de Port","212","Camions",4.14
2023,"03","Sants-Montjuïc","13","la Marina de Port","212","Resta de vehicles",4.56
2023,"03","Sants-Montjuïc","13","la Marina de Port","213","Turismes",238.96
2023,"03","Sants-Montjuïc","13","la Marina de Port","213","Motos",110.82
2023,"03","Sants-Montjuïc","13","la Marina de Port","213","Ciclomotors",29.87
2023,"03","Sants-Montjuïc","13","la Marina de Port","213","Furgonetes",19.05
2023,"03","Sants-Montjuïc","13","la Marina de Port","213","Camions",7.79
2023,"03","Sants-Montjuïc","13","la Marina de Port","213","Resta de vehicles",5.63
2023,"03","Sants-Montjuïc","14","la Font de la Guatlla","040","Turismes",308.46
2023,"03","Sants-Montjuïc","14","la Font de la Guatlla","040","Motos",140.41
2023,"03","Sants-Montjuïc","14","la Font de la Guatlla","040","Ciclomotors",19.35
2023,"03","Sants-Montjuïc","14","la Font de la Guatlla","040","Furgonetes",17.14
2023,"03","Sants-Montjuïc","14","la Font de la Guatlla","040","Camions",11.61
2023,"03","Sants-Montjuïc","14","la Font de la Guatlla","040","Resta de vehicles",8.29
2023,"03","Sants-Montjuïc","14","la Font de la Guatlla","041","Turismes",256.32
2023,"03","Sants-Montjuïc","14","la Font de la Guatlla","041","Motos",134.13
2023,"03","Sants-Montjuïc","14","la Font de la Guatlla","041","Ciclomotors",21.07
2023,"03","Sants-Montjuïc","14","la Font de la Guatlla","041","Furgonetes",14.75
2023,"03","Sants-Montjuïc","14","la Font de la Guatlla","041","Camions",4.21
2023,"03","Sants-Montjuïc","14","la Font de la Guatlla","041","Resta de vehicles",5.62
2023,"03","Sants-Montjuïc","14","la Font de la Guatlla","042","Turismes",289.32
2023,"03","Sants-Montjuïc","14","la Font de la Guatlla","042","Motos",146.14
2023,"03","Sants-Montjuïc","14","la Font de la Guatlla","042","Ciclomotors",34.87
2023,"03","Sants-Montjuïc","14","la Font de la Guatlla","042","Furgonetes",28.19
2023,"03","Sants-Montjuïc","14","la Font de la Guatlla","042","Camions",3.71
2023,"03","Sants-Montjuïc","14","la Font de la Guatlla","042","Resta de vehicles",8.16
2023,"03","Sants-Montjuïc","14","la Font de la Guatlla","043","Turismes",295.74
2023,"03","Sants-Montjuïc","14","la Font de la Guatlla","043","Motos",116.72
2023,"03","Sants-Montjuïc","14","la Font de la Guatlla","043","Ciclomotors",17.05
2023,"03","Sants-Montjuïc","14","la Font de la Guatlla","043","Furgonetes",19.67
2023,"03","Sants-Montjuïc","14","la Font de la Guatlla","043","Camions",5.25
2023,"03","Sants-Montjuïc","14","la Font de la Guatlla","043","Resta de vehicles",5.9
2023,"03","Sants-Montjuïc","14","la Font de la Guatlla","044","Turismes",239.89
2023,"03","Sants-Montjuïc","14","la Font de la Guatlla","044","Motos",132.61
2023,"03","Sants-Montjuïc","14","la Font de la Guatlla","044","Ciclomotors",24.26
2023,"03","Sants-Montjuïc","14","la Font de la Guatlla","044","Furgonetes",16.71
2023,"03","Sants-Montjuïc","14","la Font de la Guatlla","044","Camions",7.55
2023,"03","Sants-Montjuïc","14","la Font de la Guatlla","044","Resta de vehicles",5.93
2023,"03","Sants-Montjuïc","14","la Font de la Guatlla","045","Turismes",264.6
2023,"03","Sants-Montjuïc","14","la Font de la Guatlla","045","Motos",151.46
2023,"03","Sants-Montjuïc","14","la Font de la Guatlla","045","Ciclomotors",28.28
2023,"03","Sants-Montjuïc","14","la Font de la Guatlla","045","Furgonetes",23.72
2023,"03","Sants-Montjuïc","14","la Font de la Guatlla","045","Camions",3.65
2023,"03","Sants-Montjuïc","14","la Font de la Guatlla","045","Resta de vehicles",4.56
2023,"03","Sants-Montjuïc","14","la Font de la Guatlla","046","Turismes",309.99
2023,"03","Sants-Montjuïc","14","la Font de la Guatlla","046","Motos",119.97
2023,"03","Sants-Montjuïc","14","la Font de la Guatlla","046","Ciclomotors",23.58
2023,"03","Sants-Montjuïc","14","la Font de la Guatlla","046","Furgonetes",18.72
2023,"03","Sants-Montjuïc","14","la Font de la Guatlla","046","Camions",4.85
2023,"03","Sants-Montjuïc","14","la Font de la Guatlla","046","Resta de vehicles",6.24
2023,"03","Sants-Montjuïc","15","Hostafrancs","047","Turismes",230.51
2023,"03","Sants-Montjuïc","15","Hostafrancs","047","Motos",124.86
2023,"03","Sants-Montjuïc","15","Hostafrancs","047","Ciclomotors",32.77
2023,"03","Sants-Montjuïc","15","Hostafrancs","047","Furgonetes",22.03
2023,"03","Sants-Montjuïc","15","Hostafrancs","047","Camions",10.17
2023,"03","Sants-Montjuïc","15","Hostafrancs","047","Resta de vehicles",6.78
2023,"03","Sants-Montjuïc","15","Hostafrancs","048","Turismes",338.08
2023,"03","Sants-Montjuïc","15","Hostafrancs","048","Motos",134.18
2023,"03","Sants-Montjuïc","15","Hostafrancs","048","Ciclomotors",23.24
2023,"03","Sants-Montjuïc","15","Hostafrancs","048","Furgonetes",30.73
2023,"03","Sants-Montjuïc","15","Hostafrancs","048","Camions",20.24
2023,"03","Sants-Montjuïc","15","Hostafrancs","048","Resta de vehicles",12.74
2023,"03","Sants-Montjuïc","15","Hostafrancs","049","Turismes",243.28
2023,"03","Sants-Montjuïc","15","Hostafrancs","049","Motos",95.64
2023,"03","Sants-Montjuïc","15","Hostafrancs","049","Ciclomotors",15.54
2023,"03","Sants-Montjuïc","15","Hostafrancs","049","Furgonetes",20.32
2023,"03","Sants-Montjuïc","15","Hostafrancs","049","Camions",13.15
2023,"03","Sants-Montjuïc","15","Hostafrancs","049","Resta de vehicles",11.95
2023,"03","Sants-Montjuïc","15","Hostafrancs","050","Turismes",230.06
2023,"03","Sants-Montjuïc","15","Hostafrancs","050","Motos",97.55
2023,"03","Sants-Montjuïc","15","Hostafrancs","050","Ciclomotors",19.02
2023,"03","Sants-Montjuïc","15","Hostafrancs","050","Furgonetes",19.02
2023,"03","Sants-Montjuïc","15","Hostafrancs","050","Camions",4.29
2023,"03","Sants-Montjuïc","15","Hostafrancs","050","Resta de vehicles",7.36
2023,"03","Sants-Montjuïc","15","Hostafrancs","051","Turismes",204.79
2023,"03","Sants-Montjuïc","15","Hostafrancs","051","Motos",102.94
2023,"03","Sants-Montjuïc","15","Hostafrancs","051","Ciclomotors",23.42
2023,"03","Sants-Montjuïc","15","Hostafrancs","051","Furgonetes",25.05
2023,"03","Sants-Montjuïc","15","Hostafrancs","051","Camions",5.99
2023,"03","Sants-Montjuïc","15","Hostafrancs","051","Resta de vehicles",5.45
2023,"03","Sants-Montjuïc","15","Hostafrancs","052","Turismes",192.39
2023,"03","Sants-Montjuïc","15","Hostafrancs","052","Motos",105.53
2023,"03","Sants-Montjuïc","15","Hostafrancs","052","Ciclomotors",22.97
2023,"03","Sants-Montjuïc","15","Hostafrancs","052","Furgonetes",18.66
2023,"03","Sants-Montjuïc","15","Hostafrancs","052","Camions",3.59
2023,"03","Sants-Montjuïc","15","Hostafrancs","052","Resta de vehicles",5.03
2023,"03","Sants-Montjuïc","15","Hostafrancs","053","Turismes",211.42
2023,"03","Sants-Montjuïc","15","Hostafrancs","053","Motos",101.37
2023,"03","Sants-Montjuïc","15","Hostafrancs","053","Ciclomotors",15.07
2023,"03","Sants-Montjuïc","15","Hostafrancs","053","Furgonetes",26.03
2023,"03","Sants-Montjuïc","15","Hostafrancs","053","Camions",6.39
2023,"03","Sants-Montjuïc","15","Hostafrancs","053","Resta de vehicles",8.22
2023,"03","Sants-Montjuïc","15","Hostafrancs","054","Turismes",279.34
2023,"03","Sants-Montjuïc","15","Hostafrancs","054","Motos",113.69
2023,"03","Sants-Montjuïc","15","Hostafrancs","054","Ciclomotors",14.06
2023,"03","Sants-Montjuïc","15","Hostafrancs","054","Furgonetes",23.84
2023,"03","Sants-Montjuïc","15","Hostafrancs","054","Camions",12.84
2023,"03","Sants-Montjuïc","15","Hostafrancs","054","Resta de vehicles",3.67
2023,"03","Sants-Montjuïc","15","Hostafrancs","055","Turismes",247.78
2023,"03","Sants-Montjuïc","15","Hostafrancs","055","Motos",114.36
2023,"03","Sants-Montjuïc","15","Hostafrancs","055","Ciclomotors",22.24
2023,"03","Sants-Montjuïc","15","Hostafrancs","055","Furgonetes",19.7
2023,"03","Sants-Montjuïc","15","Hostafrancs","055","Camions",5.08
2023,"03","Sants-Montjuïc","15","Hostafrancs","055","Resta de vehicles",5.08
2023,"03","Sants-Montjuïc","15","Hostafrancs","056","Turismes",296.89
2023,"03","Sants-Montjuïc","15","Hostafrancs","056","Motos",96.46
2023,"03","Sants-Montjuïc","15","Hostafrancs","056","Ciclomotors",21.44
2023,"03","Sants-Montjuïc","15","Hostafrancs","056","Furgonetes",34.3
2023,"03","Sants-Montjuïc","15","Hostafrancs","056","Camions",9.65
2023,"03","Sants-Montjuïc","15","Hostafrancs","056","Resta de vehicles",8.57
2023,"03","Sants-Montjuïc","16","la Bordeta","057","Turismes",267.88
2023,"03","Sants-Montjuïc","16","la Bordeta","057","Motos",107.29
2023,"03","Sants-Montjuïc","16","la Bordeta","057","Ciclomotors",20.24
2023,"03","Sants-Montjuïc","16","la Bordeta","057","Furgonetes",17.54
2023,"03","Sants-Montjuïc","16","la Bordeta","057","Camions",4.72
2023,"03","Sants-Montjuïc","16","la Bordeta","057","Resta de vehicles",4.72
2023,"03","Sants-Montjuïc","16","la Bordeta","058","Turismes",246.38
2023,"03","Sants-Montjuïc","16","la Bordeta","058","Motos",104.24
2023,"03","Sants-Montjuïc","16","la Bordeta","058","Ciclomotors",12.26
2023,"03","Sants-Montjuïc","16","la Bordeta","058","Furgonetes",16.72
2023,"03","Sants-Montjuïc","16","la Bordeta","058","Camions",5.57
2023,"03","Sants-Montjuïc","16","la Bordeta","058","Resta de vehicles",3.9
2023,"03","Sants-Montjuïc","16","la Bordeta","059","Turismes",264.81
2023,"03","Sants-Montjuïc","16","la Bordeta","059","Motos",121.08
2023,"03","Sants-Montjuïc","16","la Bordeta","059","Ciclomotors",20.03
2023,"03","Sants-Montjuïc","16","la Bordeta","059","Furgonetes",17.42
2023,"03","Sants-Montjuïc","16","la Bordeta","059","Camions",6.1
2023,"03","Sants-Montjuïc","16","la Bordeta","059","Resta de vehicles",3.48
2023,"03","Sants-Montjuïc","16","la Bordeta","060","Turismes",275.81
2023,"03","Sants-Montjuïc","16","la Bordeta","060","Motos",108.41
2023,"03","Sants-Montjuïc","16","la Bordeta","060","Ciclomotors",12.54
2023,"03","Sants-Montjuïc","16","la Bordeta","060","Furgonetes",21.39
2023,"03","Sants-Montjuïc","16","la Bordeta","060","Camions",9.59
2023,"03","Sants-Montjuïc","16","la Bordeta","060","Resta de vehicles",4.42
2023,"03","Sants-Montjuïc","16","la Bordeta","061","Turismes",223.61
2023,"03","Sants-Montjuïc","16","la Bordeta","061","Motos",93.02
2023,"03","Sants-Montjuïc","16","la Bordeta","061","Ciclomotors",20.57
2023,"03","Sants-Montjuïc","16","la Bordeta","061","Furgonetes",16.99
2023,"03","Sants-Montjuïc","16","la Bordeta","061","Camions",2.68
2023,"03","Sants-Montjuïc","16","la Bordeta","061","Resta de vehicles",3.58
2023,"03","Sants-Montjuïc","16","la Bordeta","062","Turismes",228.89
2023,"03","Sants-Montjuïc","16","la Bordeta","062","Motos",114.45
2023,"03","Sants-Montjuïc","16","la Bordeta","062","Ciclomotors",26.27
2023,"03","Sants-Montjuïc","16","la Bordeta","062","Furgonetes",19.39
2023,"03","Sants-Montjuïc","16","la Bordeta","062","Camions",3.75
2023,"03","Sants-Montjuïc","16","la Bordeta","062","Resta de vehicles",6.88
2023,"03","Sants-Montjuïc","16","la Bordeta","063","Turismes",209
2023,"03","Sants-Montjuïc","16","la Bordeta","063","Motos",92.5
2023,"03","Sants-Montjuïc","16","la Bordeta","063","Ciclomotors",19.5
2023,"03","Sants-Montjuïc","16","la Bordeta","063","Furgonetes",22
2023,"03","Sants-Montjuïc","16","la Bordeta","063","Camions",6.5
2023,"03","Sants-Montjuïc","16","la Bordeta","063","Resta de vehicles",9.5
2023,"03","Sants-Montjuïc","16","la Bordeta","064","Turismes",310.6
2023,"03","Sants-Montjuïc","16","la Bordeta","064","Motos",137.07
2023,"03","Sants-Montjuïc","16","la Bordeta","064","Ciclomotors",17.56
2023,"03","Sants-Montjuïc","16","la Bordeta","064","Furgonetes",20.93
2023,"03","Sants-Montjuïc","16","la Bordeta","064","Camions",4.73
2023,"03","Sants-Montjuïc","16","la Bordeta","064","Resta de vehicles",8.1
2023,"03","Sants-Montjuïc","16","la Bordeta","065","Turismes",333.08
2023,"03","Sants-Montjuïc","16","la Bordeta","065","Motos",161.61
2023,"03","Sants-Montjuïc","16","la Bordeta","065","Ciclomotors",22.76
2023,"03","Sants-Montjuïc","16","la Bordeta","065","Furgonetes",14.42
2023,"03","Sants-Montjuïc","16","la Bordeta","065","Camions",3.79
2023,"03","Sants-Montjuïc","16","la Bordeta","065","Resta de vehicles",5.31
2023,"03","Sants-Montjuïc","16","la Bordeta","066","Turismes",280.6
2023,"03","Sants-Montjuïc","16","la Bordeta","066","Motos",121.55
2023,"03","Sants-Montjuïc","16","la Bordeta","066","Ciclomotors",18.1
2023,"03","Sants-Montjuïc","16","la Bordeta","066","Furgonetes",12.93
2023,"03","Sants-Montjuïc","16","la Bordeta","066","Camions",7.33
2023,"03","Sants-Montjuïc","16","la Bordeta","066","Resta de vehicles",6.47
2023,"03","Sants-Montjuïc","16","la Bordeta","067","Turismes",285.71
2023,"03","Sants-Montjuïc","16","la Bordeta","067","Motos",123.19
2023,"03","Sants-Montjuïc","16","la Bordeta","067","Ciclomotors",19.09
2023,"03","Sants-Montjuïc","16","la Bordeta","067","Furgonetes",15.62
2023,"03","Sants-Montjuïc","16","la Bordeta","067","Camions",5.78
2023,"03","Sants-Montjuïc","16","la Bordeta","067","Resta de vehicles",4.63
2023,"03","Sants-Montjuïc","16","la Bordeta","068","Turismes",228.4
2023,"03","Sants-Montjuïc","16","la Bordeta","068","Motos",97.52
2023,"03","Sants-Montjuïc","16","la Bordeta","068","Ciclomotors",16.25
2023,"03","Sants-Montjuïc","16","la Bordeta","068","Furgonetes",23.1
2023,"03","Sants-Montjuïc","16","la Bordeta","068","Camions",10.27
2023,"03","Sants-Montjuïc","16","la Bordeta","068","Resta de vehicles",15.4
2023,"03","Sants-Montjuïc","16","la Bordeta","069","Turismes",313.01
2023,"03","Sants-Montjuïc","16","la Bordeta","069","Motos",104.61
2023,"03","Sants-Montjuïc","16","la Bordeta","069","Ciclomotors",18.12
2023,"03","Sants-Montjuïc","16","la Bordeta","069","Furgonetes",23.89
2023,"03","Sants-Montjuïc","16","la Bordeta","069","Camions",1.65
2023,"03","Sants-Montjuïc","16","la Bordeta","069","Resta de vehicles",4.94
2023,"03","Sants-Montjuïc","17","Sants - Badal","070","Turismes",248.23
2023,"03","Sants-Montjuïc","17","Sants - Badal","070","Motos",117.83
2023,"03","Sants-Montjuïc","17","Sants - Badal","070","Ciclomotors",36.92
2023,"03","Sants-Montjuïc","17","Sants - Badal","070","Furgonetes",27.49
2023,"03","Sants-Montjuïc","17","Sants - Badal","070","Camions",5.5
2023,"03","Sants-Montjuïc","17","Sants - Badal","070","Resta de vehicles",3.93
2023,"03","Sants-Montjuïc","17","Sants - Badal","071","Turismes",204.9
2023,"03","Sants-Montjuïc","17","Sants - Badal","071","Motos",84.63
2023,"03","Sants-Montjuïc","17","Sants - Badal","071","Ciclomotors",23.01
2023,"03","Sants-Montjuïc","17","Sants - Badal","071","Furgonetes",15.59
2023,"03","Sants-Montjuïc","17","Sants - Badal","071","Camions",2.97
2023,"03","Sants-Montjuïc","17","Sants - Badal","071","Resta de vehicles",2.23
2023,"03","Sants-Montjuïc","17","Sants - Badal","072","Turismes",222.63
2023,"03","Sants-Montjuïc","17","Sants - Badal","072","Motos",94.67
2023,"03","Sants-Montjuïc","17","Sants - Badal","072","Ciclomotors",23.67
2023,"03","Sants-Montjuïc","17","Sants - Badal","072","Furgonetes",15.53
2023,"03","Sants-Montjuïc","17","Sants - Badal","072","Camions",2.22
2023,"03","Sants-Montjuïc","17","Sants - Badal","072","Resta de vehicles",2.96
2023,"03","Sants-Montjuïc","17","Sants - Badal","073","Turismes",254.48
2023,"03","Sants-Montjuïc","17","Sants - Badal","073","Motos",102.3
2023,"03","Sants-Montjuïc","17","Sants - Badal","073","Ciclomotors",16.62
2023,"03","Sants-Montjuïc","17","Sants - Badal","073","Furgonetes",14.07
2023,"03","Sants-Montjuïc","17","Sants - Badal","073","Camions",3.84
2023,"03","Sants-Montjuïc","17","Sants - Badal","073","Resta de vehicles",7.03
2023,"03","Sants-Montjuïc","17","Sants - Badal","074","Turismes",247.9
2023,"03","Sants-Montjuïc","17","Sants - Badal","074","Motos",111.36
2023,"03","Sants-Montjuïc","17","Sants - Badal","074","Ciclomotors",25.18
2023,"03","Sants-Montjuïc","17","Sants - Badal","074","Furgonetes",16.79
2023,"03","Sants-Montjuïc","17","Sants - Badal","074","Camions",3.36
2023,"03","Sants-Montjuïc","17","Sants - Badal","074","Resta de vehicles",24.06
2023,"03","Sants-Montjuïc","17","Sants - Badal","075","Turismes",247.31
2023,"03","Sants-Montjuïc","17","Sants - Badal","075","Motos",98.13
2023,"03","Sants-Montjuïc","17","Sants - Badal","075","Ciclomotors",14.18
2023,"03","Sants-Montjuïc","17","Sants - Badal","075","Furgonetes",18.15
2023,"03","Sants-Montjuïc","17","Sants - Badal","075","Camions",4.54
2023,"03","Sants-Montjuïc","17","Sants - Badal","075","Resta de vehicles",2.84
2023,"03","Sants-Montjuïc","17","Sants - Badal","076","Turismes",254.03
2023,"03","Sants-Montjuïc","17","Sants - Badal","076","Motos",106.16
2023,"03","Sants-Montjuïc","17","Sants - Badal","076","Ciclomotors",8.53
2023,"03","Sants-Montjuïc","17","Sants - Badal","076","Furgonetes",18.01
2023,"03","Sants-Montjuïc","17","Sants - Badal","076","Camions",7.58
2023,"03","Sants-Montjuïc","17","Sants - Badal","076","Resta de vehicles",6.64
2023,"03","Sants-Montjuïc","17","Sants - Badal","077","Turismes",234.82
2023,"03","Sants-Montjuïc","17","Sants - Badal","077","Motos",96.56
2023,"03","Sants-Montjuïc","17","Sants - Badal","077","Ciclomotors",20.48
2023,"03","Sants-Montjuïc","17","Sants - Badal","077","Furgonetes",13.9
2023,"03","Sants-Montjuïc","17","Sants - Badal","077","Camions",2.93
2023,"03","Sants-Montjuïc","17","Sants - Badal","077","Resta de vehicles",5.85
2023,"03","Sants-Montjuïc","17","Sants - Badal","078","Turismes",216.05
2023,"03","Sants-Montjuïc","17","Sants - Badal","078","Motos",99.14
2023,"03","Sants-Montjuïc","17","Sants - Badal","078","Ciclomotors",20.63
2023,"03","Sants-Montjuïc","17","Sants - Badal","078","Furgonetes",26.93
2023,"03","Sants-Montjuïc","17","Sants - Badal","078","Camions",7.45
2023,"03","Sants-Montjuïc","17","Sants - Badal","078","Resta de vehicles",3.44
2023,"03","Sants-Montjuïc","17","Sants - Badal","079","Turismes",204.36
2023,"03","Sants-Montjuïc","17","Sants - Badal","079","Motos",89.89
2023,"03","Sants-Montjuïc","17","Sants - Badal","079","Ciclomotors",22.89
2023,"03","Sants-Montjuïc","17","Sants - Badal","079","Furgonetes",20.66
2023,"03","Sants-Montjuïc","17","Sants - Badal","079","Camions",4.47
2023,"03","Sants-Montjuïc","17","Sants - Badal","079","Resta de vehicles",3.35
2023,"03","Sants-Montjuïc","17","Sants - Badal","080","Turismes",278.73
2023,"03","Sants-Montjuïc","17","Sants - Badal","080","Motos",101.72
2023,"03","Sants-Montjuïc","17","Sants - Badal","080","Ciclomotors",18.49
2023,"03","Sants-Montjuïc","17","Sants - Badal","080","Furgonetes",7.27
2023,"03","Sants-Montjuïc","17","Sants - Badal","080","Camions",4.62
2023,"03","Sants-Montjuïc","17","Sants - Badal","080","Resta de vehicles",4.62
2023,"03","Sants-Montjuïc","17","Sants - Badal","081","Turismes",260.23
2023,"03","Sants-Montjuïc","17","Sants - Badal","081","Motos",125.39
2023,"03","Sants-Montjuïc","17","Sants - Badal","081","Ciclomotors",18.36
2023,"03","Sants-Montjuïc","17","Sants - Badal","081","Furgonetes",21.51
2023,"03","Sants-Montjuïc","17","Sants - Badal","081","Camions",2.62
2023,"03","Sants-Montjuïc","17","Sants - Badal","081","Resta de vehicles",3.67
2023,"03","Sants-Montjuïc","17","Sants - Badal","082","Turismes",297.85
2023,"03","Sants-Montjuïc","17","Sants - Badal","082","Motos",130.11
2023,"03","Sants-Montjuïc","17","Sants - Badal","082","Ciclomotors",23.12
2023,"03","Sants-Montjuïc","17","Sants - Badal","082","Furgonetes",20.43
2023,"03","Sants-Montjuïc","17","Sants - Badal","082","Camions",5.38
2023,"03","Sants-Montjuïc","17","Sants - Badal","082","Resta de vehicles",4.3
2023,"03","Sants-Montjuïc","17","Sants - Badal","083","Turismes",292.31
2023,"03","Sants-Montjuïc","17","Sants - Badal","083","Motos",121.61
2023,"03","Sants-Montjuïc","17","Sants - Badal","083","Ciclomotors",13.92
2023,"03","Sants-Montjuïc","17","Sants - Badal","083","Furgonetes",15.38
2023,"03","Sants-Montjuïc","17","Sants - Badal","083","Camions",6.59
2023,"03","Sants-Montjuïc","17","Sants - Badal","083","Resta de vehicles",5.86
2023,"03","Sants-Montjuïc","17","Sants - Badal","084","Turismes",316.74
2023,"03","Sants-Montjuïc","17","Sants - Badal","084","Motos",125.54
2023,"03","Sants-Montjuïc","17","Sants - Badal","084","Ciclomotors",25.25
2023,"03","Sants-Montjuïc","17","Sants - Badal","084","Furgonetes",23.09
2023,"03","Sants-Montjuïc","17","Sants - Badal","084","Camions",3.61
2023,"03","Sants-Montjuïc","17","Sants - Badal","084","Resta de vehicles",10.82
2023,"03","Sants-Montjuïc","17","Sants - Badal","085","Turismes",281.18
2023,"03","Sants-Montjuïc","17","Sants - Badal","085","Motos",144.07
2023,"03","Sants-Montjuïc","17","Sants - Badal","085","Ciclomotors",17.04
2023,"03","Sants-Montjuïc","17","Sants - Badal","085","Furgonetes",31.76
2023,"03","Sants-Montjuïc","17","Sants - Badal","085","Camions",13.94
2023,"03","Sants-Montjuïc","17","Sants - Badal","085","Resta de vehicles",6.97
2023,"03","Sants-Montjuïc","18","Sants","086","Turismes",362.97
2023,"03","Sants-Montjuïc","18","Sants","086","Motos",160.87
2023,"03","Sants-Montjuïc","18","Sants","086","Ciclomotors",29.1
2023,"03","Sants-Montjuïc","18","Sants","086","Furgonetes",12.93
2023,"03","Sants-Montjuïc","18","Sants","086","Camions",4.04
2023,"03","Sants-Montjuïc","18","Sants","086","Resta de vehicles",5.66
2023,"03","Sants-Montjuïc","18","Sants","087","Turismes",264.89
2023,"03","Sants-Montjuïc","18","Sants","087","Motos",130.05
2023,"03","Sants-Montjuïc","18","Sants","087","Ciclomotors",17.8
2023,"03","Sants-Montjuïc","18","Sants","087","Furgonetes",18.48
2023,"03","Sants-Montjuïc","18","Sants","087","Camions",5.48
2023,"03","Sants-Montjuïc","18","Sants","087","Resta de vehicles",4.11
2023,"03","Sants-Montjuïc","18","Sants","088","Turismes",268.19
2023,"03","Sants-Montjuïc","18","Sants","088","Motos",146.95
2023,"03","Sants-Montjuïc","18","Sants","088","Ciclomotors",13.96
2023,"03","Sants-Montjuïc","18","Sants","088","Furgonetes",22.78
2023,"03","Sants-Montjuïc","18","Sants","088","Camions",5.14
2023,"03","Sants-Montjuïc","18","Sants","088","Resta de vehicles",2.94
2023,"03","Sants-Montjuïc","18","Sants","089","Turismes",293.64
2023,"03","Sants-Montjuïc","18","Sants","089","Motos",137.85
2023,"03","Sants-Montjuïc","18","Sants","089","Ciclomotors",16.31
2023,"03","Sants-Montjuïc","18","Sants","089","Furgonetes",14.68
2023,"03","Sants-Montjuïc","18","Sants","089","Camions",4.08
2023,"03","Sants-Montjuïc","18","Sants","089","Resta de vehicles",4.89
2023,"03","Sants-Montjuïc","18","Sants","090","Turismes",256.67
2023,"03","Sants-Montjuïc","18","Sants","090","Motos",113.96
2023,"03","Sants-Montjuïc","18","Sants","090","Ciclomotors",16.43
2023,"03","Sants-Montjuïc","18","Sants","090","Furgonetes",7.19
2023,"03","Sants-Montjuïc","18","Sants","090","Camions",7.19
2023,"03","Sants-Montjuïc","18","Sants","090","Resta de vehicles",3.08
2023,"03","Sants-Montjuïc","18","Sants","091","Turismes",245.59
2023,"03","Sants-Montjuïc","18","Sants","091","Motos",120.08
2023,"03","Sants-Montjuïc","18","Sants","091","Ciclomotors",19.67
2023,"03","Sants-Montjuïc","18","Sants","091","Furgonetes",21.71
2023,"03","Sants-Montjuïc","18","Sants","091","Camions",3.39
2023,"03","Sants-Montjuïc","18","Sants","091","Resta de vehicles",7.46
2023,"03","Sants-Montjuïc","18","Sants","092","Turismes",271
2023,"03","Sants-Montjuïc","18","Sants","092","Motos",126.85
2023,"03","Sants-Montjuïc","18","Sants","092","Ciclomotors",16.47
2023,"03","Sants-Montjuïc","18","Sants","092","Furgonetes",22.24
2023,"03","Sants-Montjuïc","18","Sants","092","Camions",9.06
2023,"03","Sants-Montjuïc","18","Sants","092","Resta de vehicles",2.47
2023,"03","Sants-Montjuïc","18","Sants","093","Turismes",307.74
2023,"03","Sants-Montjuïc","18","Sants","093","Motos",146.06
2023,"03","Sants-Montjuïc","18","Sants","093","Ciclomotors",21.06
2023,"03","Sants-Montjuïc","18","Sants","093","Furgonetes",21.74
2023,"03","Sants-Montjuïc","18","Sants","093","Camions",2.72
2023,"03","Sants-Montjuïc","18","Sants","093","Resta de vehicles",2.72
2023,"03","Sants-Montjuïc","18","Sants","094","Turismes",217.79
2023,"03","Sants-Montjuïc","18","Sants","094","Motos",123.86
2023,"03","Sants-Montjuïc","18","Sants","094","Ciclomotors",15.79
2023,"03","Sants-Montjuïc","18","Sants","094","Furgonetes",10.81
2023,"03","Sants-Montjuïc","18","Sants","094","Camions",2.49
2023,"03","Sants-Montjuïc","18","Sants","094","Resta de vehicles",4.16
2023,"03","Sants-Montjuïc","18","Sants","095","Turismes",242.97
2023,"03","Sants-Montjuïc","18","Sants","095","Motos",115.09
2023,"03","Sants-Montjuïc","18","Sants","095","Ciclomotors",22.38
2023,"03","Sants-Montjuïc","18","Sants","095","Furgonetes",13.43
2023,"03","Sants-Montjuïc","18","Sants","095","Camions",7.67
2023,"03","Sants-Montjuïc","18","Sants","095","Resta de vehicles",3.2
2023,"03","Sants-Montjuïc","18","Sants","096","Turismes",220.47
2023,"03","Sants-Montjuïc","18","Sants","096","Motos",106.76
2023,"03","Sants-Montjuïc","18","Sants","096","Ciclomotors",18.32
2023,"03","Sants-Montjuïc","18","Sants","096","Furgonetes",22.74
2023,"03","Sants-Montjuïc","18","Sants","096","Camions",13.9
2023,"03","Sants-Montjuïc","18","Sants","096","Resta de vehicles",3.16
2023,"03","Sants-Montjuïc","18","Sants","097","Turismes",176.77
2023,"03","Sants-Montjuïc","18","Sants","097","Motos",88.38
2023,"03","Sants-Montjuïc","18","Sants","097","Ciclomotors",23.36
2023,"03","Sants-Montjuïc","18","Sants","097","Furgonetes",23.36
2023,"03","Sants-Montjuïc","18","Sants","097","Camions",9.47
2023,"03","Sants-Montjuïc","18","Sants","097","Resta de vehicles",3.79
2023,"03","Sants-Montjuïc","18","Sants","098","Turismes",210.49
2023,"03","Sants-Montjuïc","18","Sants","098","Motos",95.1
2023,"03","Sants-Montjuïc","18","Sants","098","Ciclomotors",24.48
2023,"03","Sants-Montjuïc","18","Sants","098","Furgonetes",15.38
2023,"03","Sants-Montjuïc","18","Sants","098","Camions",3.5
2023,"03","Sants-Montjuïc","18","Sants","098","Resta de vehicles",2.1
2023,"03","Sants-Montjuïc","18","Sants","099","Turismes",201.83
2023,"03","Sants-Montjuïc","18","Sants","099","Motos",109.07
2023,"03","Sants-Montjuïc","18","Sants","099","Ciclomotors",31.6
2023,"03","Sants-Montjuïc","18","Sants","099","Furgonetes",13.25
2023,"03","Sants-Montjuïc","18","Sants","099","Camions",8.15
2023,"03","Sants-Montjuïc","18","Sants","099","Resta de vehicles",4.08
2023,"03","Sants-Montjuïc","18","Sants","100","Turismes",200.79
2023,"03","Sants-Montjuïc","18","Sants","100","Motos",111.11
2023,"03","Sants-Montjuïc","18","Sants","100","Ciclomotors",27.78
2023,"03","Sants-Montjuïc","18","Sants","100","Furgonetes",26.19
2023,"03","Sants-Montjuïc","18","Sants","100","Camions",9.52
2023,"03","Sants-Montjuïc","18","Sants","100","Resta de vehicles",6.35
2023,"03","Sants-Montjuïc","18","Sants","101","Turismes",54.05
2023,"03","Sants-Montjuïc","18","Sants","101","Motos",29.15
2023,"03","Sants-Montjuïc","18","Sants","101","Ciclomotors",4.24
2023,"03","Sants-Montjuïc","18","Sants","101","Furgonetes",6.01
2023,"03","Sants-Montjuïc","18","Sants","101","Camions",2.83
2023,"03","Sants-Montjuïc","18","Sants","101","Resta de vehicles",1.41
2023,"03","Sants-Montjuïc","18","Sants","102","Turismes",231.52
2023,"03","Sants-Montjuïc","18","Sants","102","Motos",118
2023,"03","Sants-Montjuïc","18","Sants","102","Ciclomotors",21.66
2023,"03","Sants-Montjuïc","18","Sants","102","Furgonetes",20.91
2023,"03","Sants-Montjuïc","18","Sants","102","Camions",3.73
2023,"03","Sants-Montjuïc","18","Sants","102","Resta de vehicles",5.23
2023,"03","Sants-Montjuïc","18","Sants","103","Turismes",266.01
2023,"03","Sants-Montjuïc","18","Sants","103","Motos",89.86
2023,"03","Sants-Montjuïc","18","Sants","103","Ciclomotors",21.35
2023,"03","Sants-Montjuïc","18","Sants","103","Furgonetes",20.46
2023,"03","Sants-Montjuïc","18","Sants","103","Camions",5.34
2023,"03","Sants-Montjuïc","18","Sants","103","Resta de vehicles",4.45
2023,"03","Sants-Montjuïc","18","Sants","104","Turismes",218.47
2023,"03","Sants-Montjuïc","18","Sants","104","Motos",100.62
2023,"03","Sants-Montjuïc","18","Sants","104","Ciclomotors",28.26
2023,"03","Sants-Montjuïc","18","Sants","104","Furgonetes",19.99
2023,"03","Sants-Montjuïc","18","Sants","104","Camions",5.51
2023,"03","Sants-Montjuïc","18","Sants","104","Resta de vehicles",3.45
2023,"03","Sants-Montjuïc","18","Sants","105","Turismes",196.65
2023,"03","Sants-Montjuïc","18","Sants","105","Motos",110.46
2023,"03","Sants-Montjuïc","18","Sants","105","Ciclomotors",23.43
2023,"03","Sants-Montjuïc","18","Sants","105","Furgonetes",22.59
2023,"03","Sants-Montjuïc","18","Sants","105","Camions",9.21
2023,"03","Sants-Montjuïc","18","Sants","105","Resta de vehicles",1.67
2023,"03","Sants-Montjuïc","18","Sants","106","Turismes",205.17
2023,"03","Sants-Montjuïc","18","Sants","106","Motos",137.04
2023,"03","Sants-Montjuïc","18","Sants","106","Ciclomotors",23.49
2023,"03","Sants-Montjuïc","18","Sants","106","Furgonetes",31.32
2023,"03","Sants-Montjuïc","18","Sants","106","Camions",5.48
2023,"03","Sants-Montjuïc","18","Sants","106","Resta de vehicles",5.48
2023,"03","Sants-Montjuïc","18","Sants","107","Turismes",248.52
2023,"03","Sants-Montjuïc","18","Sants","107","Motos",114.47
2023,"03","Sants-Montjuïc","18","Sants","107","Ciclomotors",18.39
2023,"03","Sants-Montjuïc","18","Sants","107","Furgonetes",26.1
2023,"03","Sants-Montjuïc","18","Sants","107","Camions",16.01
2023,"03","Sants-Montjuïc","18","Sants","107","Resta de vehicles",18.39
2023,"03","Sants-Montjuïc","18","Sants","108","Turismes",249.53
2023,"03","Sants-Montjuïc","18","Sants","108","Motos",112.1
2023,"03","Sants-Montjuïc","18","Sants","108","Ciclomotors",22.17
2023,"03","Sants-Montjuïc","18","Sants","108","Furgonetes",29.13
2023,"03","Sants-Montjuïc","18","Sants","108","Camions",5.7
2023,"03","Sants-Montjuïc","18","Sants","108","Resta de vehicles",5.07
2023,"03","Sants-Montjuïc","18","Sants","109","Turismes",251.32
2023,"03","Sants-Montjuïc","18","Sants","109","Motos",110.82
2023,"03","Sants-Montjuïc","18","Sants","109","Ciclomotors",39.58
2023,"03","Sants-Montjuïc","18","Sants","109","Furgonetes",21.11
2023,"03","Sants-Montjuïc","18","Sants","109","Camions",7.26
2023,"03","Sants-Montjuïc","18","Sants","109","Resta de vehicles",5.28
2023,"03","Sants-Montjuïc","18","Sants","110","Turismes",291.5
2023,"03","Sants-Montjuïc","18","Sants","110","Motos",131.69
2023,"03","Sants-Montjuïc","18","Sants","110","Ciclomotors",19.89
2023,"03","Sants-Montjuïc","18","Sants","110","Furgonetes",22.63
2023,"03","Sants-Montjuïc","18","Sants","110","Camions",8.23
2023,"03","Sants-Montjuïc","18","Sants","110","Resta de vehicles",5.49
2023,"03","Sants-Montjuïc","18","Sants","111","Turismes",239.38
2023,"03","Sants-Montjuïc","18","Sants","111","Motos",159.85
2023,"03","Sants-Montjuïc","18","Sants","111","Ciclomotors",22.39
2023,"03","Sants-Montjuïc","18","Sants","111","Furgonetes",23.17
2023,"03","Sants-Montjuïc","18","Sants","111","Camions",8.49
2023,"03","Sants-Montjuïc","18","Sants","111","Resta de vehicles",3.86
2023,"03","Sants-Montjuïc","18","Sants","112","Turismes",265.35
2023,"03","Sants-Montjuïc","18","Sants","112","Motos",127.6
2023,"03","Sants-Montjuïc","18","Sants","112","Ciclomotors",40.04
2023,"03","Sants-Montjuïc","18","Sants","112","Furgonetes",19.75
2023,"03","Sants-Montjuïc","18","Sants","112","Camions",1.6
2023,"03","Sants-Montjuïc","18","Sants","112","Resta de vehicles",7.47
2023,"03","Sants-Montjuïc","18","Sants","113","Turismes",309.23
2023,"03","Sants-Montjuïc","18","Sants","113","Motos",143.96
2023,"03","Sants-Montjuïc","18","Sants","113","Ciclomotors",24.53
2023,"03","Sants-Montjuïc","18","Sants","113","Furgonetes",17.43
2023,"03","Sants-Montjuïc","18","Sants","113","Camions",8.39
2023,"03","Sants-Montjuïc","18","Sants","113","Resta de vehicles",3.87
2023,"03","Sants-Montjuïc","18","Sants","114","Turismes",320.05
2023,"03","Sants-Montjuïc","18","Sants","114","Motos",185.69
2023,"03","Sants-Montjuïc","18","Sants","114","Ciclomotors",18.91
2023,"03","Sants-Montjuïc","18","Sants","114","Furgonetes",20.93
2023,"03","Sants-Montjuïc","18","Sants","114","Camions",6.08
2023,"03","Sants-Montjuïc","18","Sants","114","Resta de vehicles",6.75
2023,"04","Les Corts","19","les Corts","001","Turismes",275.83
2023,"04","Les Corts","19","les Corts","001","Motos",147.06
2023,"04","Les Corts","19","les Corts","001","Ciclomotors",17.49
2023,"04","Les Corts","19","les Corts","001","Furgonetes",20.67
2023,"04","Les Corts","19","les Corts","001","Camions",11.92
2023,"04","Les Corts","19","les Corts","001","Resta de vehicles",11.92
2023,"04","Les Corts","19","les Corts","002","Turismes",646.66
2023,"04","Les Corts","19","les Corts","002","Motos",121.64
2023,"04","Les Corts","19","les Corts","002","Ciclomotors",18.43
2023,"04","Les Corts","19","les Corts","002","Furgonetes",33.18
2023,"04","Les Corts","19","les Corts","002","Camions",3.16
2023,"04","Les Corts","19","les Corts","002","Resta de vehicles",6.32
2023,"04","Les Corts","19","les Corts","003","Turismes",355.98
2023,"04","Les Corts","19","les Corts","003","Motos",164.59
2023,"04","Les Corts","19","les Corts","003","Ciclomotors",20.1
2023,"04","Les Corts","19","les Corts","003","Furgonetes",7.66
2023,"04","Les Corts","19","les Corts","003","Camions",3.83
2023,"04","Les Corts","19","les Corts","003","Resta de vehicles",7.66
2023,"04","Les Corts","19","les Corts","004","Turismes",319.02
2023,"04","Les Corts","19","les Corts","004","Motos",136.59
2023,"04","Les Corts","19","les Corts","004","Ciclomotors",19.51
2023,"04","Les Corts","19","les Corts","004","Furgonetes",14.63
2023,"04","Les Corts","19","les Corts","004","Camions",4.88
2023,"04","Les Corts","19","les Corts","004","Resta de vehicles",10.73
2023,"04","Les Corts","19","les Corts","005","Turismes",281.22
2023,"04","Les Corts","19","les Corts","005","Motos",134
2023,"04","Les Corts","19","les Corts","005","Ciclomotors",19.02
2023,"04","Les Corts","19","les Corts","005","Furgonetes",41.36
2023,"04","Les Corts","19","les Corts","005","Camions",3.31
2023,"04","Les Corts","19","les Corts","005","Resta de vehicles",4.96
2023,"04","Les Corts","19","les Corts","006","Turismes",291.41
2023,"04","Les Corts","19","les Corts","006","Motos",139.06
2023,"04","Les Corts","19","les Corts","006","Ciclomotors",16.83
2023,"04","Les Corts","19","les Corts","006","Furgonetes",14.17
2023,"04","Les Corts","19","les Corts","006","Camions",4.43
2023,"04","Les Corts","19","les Corts","006","Resta de vehicles",7.09
2023,"04","Les Corts","19","les Corts","007","Turismes",281.07
2023,"04","Les Corts","19","les Corts","007","Motos",131.16
2023,"04","Les Corts","19","les Corts","007","Ciclomotors",30.57
2023,"04","Les Corts","19","les Corts","007","Furgonetes",28.6
2023,"04","Les Corts","19","les Corts","007","Camions",1.97
2023,"04","Les Corts","19","les Corts","007","Resta de vehicles",10.85
2023,"04","Les Corts","19","les Corts","008","Turismes",281.97
2023,"04","Les Corts","19","les Corts","008","Motos",137.97
2023,"04","Les Corts","19","les Corts","008","Ciclomotors",18.13
2023,"04","Les Corts","19","les Corts","008","Furgonetes",23.16
2023,"04","Les Corts","19","les Corts","008","Camions",5.04
2023,"04","Les Corts","19","les Corts","008","Resta de vehicles",5.04
2023,"04","Les Corts","19","les Corts","009","Turismes",270.55
2023,"04","Les Corts","19","les Corts","009","Motos",144.52
2023,"04","Les Corts","19","les Corts","009","Ciclomotors",17.81
2023,"04","Les Corts","19","les Corts","009","Furgonetes",15.07
2023,"04","Les Corts","19","les Corts","009","Camions",8.22
2023,"04","Les Corts","19","les Corts","009","Resta de vehicles",4.79
2023,"04","Les Corts","19","les Corts","010","Turismes",322.19
2023,"04","Les Corts","19","les Corts","010","Motos",148.27
2023,"04","Les Corts","19","les Corts","010","Ciclomotors",16.72
2023,"04","Les Corts","19","les Corts","010","Furgonetes",18.95
2023,"04","Les Corts","19","les Corts","010","Camions",2.23
2023,"04","Les Corts","19","les Corts","010","Resta de vehicles",2.23
2023,"04","Les Corts","19","les Corts","011","Turismes",353.86
2023,"04","Les Corts","19","les Corts","011","Motos",144.68
2023,"04","Les Corts","19","les Corts","011","Ciclomotors",13.36
2023,"04","Les Corts","19","les Corts","011","Furgonetes",12.2
2023,"04","Les Corts","19","les Corts","011","Camions",6.39
2023,"04","Les Corts","19","les Corts","011","Resta de vehicles",5.23
2023,"04","Les Corts","19","les Corts","012","Turismes",364.05
2023,"04","Les Corts","19","les Corts","012","Motos",179.74
2023,"04","Les Corts","19","les Corts","012","Ciclomotors",27.42
2023,"04","Les Corts","19","les Corts","012","Furgonetes",14.47
2023,"04","Les Corts","19","les Corts","012","Camions",6.85
2023,"04","Les Corts","19","les Corts","012","Resta de vehicles",9.14
2023,"04","Les Corts","19","les Corts","013","Turismes",368.16
2023,"04","Les Corts","19","les Corts","013","Motos",191.54
2023,"04","Les Corts","19","les Corts","013","Ciclomotors",21.56
2023,"04","Les Corts","19","les Corts","013","Furgonetes",21.56
2023,"04","Les Corts","19","les Corts","013","Camions",5.8
2023,"04","Les Corts","19","les Corts","013","Resta de vehicles",5.8
2023,"04","Les Corts","19","les Corts","014","Turismes",289
2023,"04","Les Corts","19","les Corts","014","Motos",116.37
2023,"04","Les Corts","19","les Corts","014","Ciclomotors",28.13
2023,"04","Les Corts","19","les Corts","014","Furgonetes",16.62
2023,"04","Les Corts","19","les Corts","014","Camions",1.28
2023,"04","Les Corts","19","les Corts","014","Resta de vehicles",2.56
2023,"04","Les Corts","19","les Corts","015","Turismes",301.61
2023,"04","Les Corts","19","les Corts","015","Motos",155.38
2023,"04","Les Corts","19","les Corts","015","Ciclomotors",12.9
2023,"04","Les Corts","19","les Corts","015","Furgonetes",10.75
2023,"04","Les Corts","19","les Corts","015","Camions",6.45
2023,"04","Les Corts","19","les Corts","015","Resta de vehicles",7.53
2023,"04","Les Corts","19","les Corts","016","Turismes",342.94
2023,"04","Les Corts","19","les Corts","016","Motos",150.56
2023,"04","Les Corts","19","les Corts","016","Ciclomotors",15.8
2023,"04","Les Corts","19","les Corts","016","Furgonetes",20.45
2023,"04","Les Corts","19","les Corts","016","Camions",4.65
2023,"04","Les Corts","19","les Corts","016","Resta de vehicles",6.51
2023,"04","Les Corts","19","les Corts","017","Turismes",365.52
2023,"04","Les Corts","19","les Corts","017","Motos",175
2023,"04","Les Corts","19","les Corts","017","Ciclomotors",21.55
2023,"04","Les Corts","19","les Corts","017","Furgonetes",18.1
2023,"04","Les Corts","19","les Corts","017","Camions",4.31
2023,"04","Les Corts","19","les Corts","017","Resta de vehicles",2.59
2023,"04","Les Corts","19","les Corts","018","Turismes",328.89
2023,"04","Les Corts","19","les Corts","018","Motos",191.74
2023,"04","Les Corts","19","les Corts","018","Ciclomotors",22.64
2023,"04","Les Corts","19","les Corts","018","Furgonetes",19.97
2023,"04","Les Corts","19","les Corts","018","Camions",4.66
2023,"04","Les Corts","19","les Corts","018","Resta de vehicles",2.66
2023,"04","Les Corts","19","les Corts","019","Turismes",371.84
2023,"04","Les Corts","19","les Corts","019","Motos",237.55
2023,"04","Les Corts","19","les Corts","019","Ciclomotors",30.32
2023,"04","Les Corts","19","les Corts","019","Furgonetes",19.49
2023,"04","Les Corts","19","les Corts","019","Camions",5.05
2023,"04","Les Corts","19","les Corts","019","Resta de vehicles",5.78
2023,"04","Les Corts","19","les Corts","020","Turismes",318.21
2023,"04","Les Corts","19","les Corts","020","Motos",186.87
2023,"04","Les Corts","19","les Corts","020","Ciclomotors",14.9
2023,"04","Les Corts","19","les Corts","020","Furgonetes",18.28
2023,"04","Les Corts","19","les Corts","020","Camions",6.09
2023,"04","Les Corts","19","les Corts","020","Resta de vehicles",3.39
2023,"04","Les Corts","19","les Corts","021","Turismes",569.8
2023,"04","Les Corts","19","les Corts","021","Motos",235.2
2023,"04","Les Corts","19","les Corts","021","Ciclomotors",352.05
2023,"04","Les Corts","19","les Corts","021","Furgonetes",36.42
2023,"04","Les Corts","19","les Corts","021","Camions",15.93
2023,"04","Les Corts","19","les Corts","021","Resta de vehicles",11.38
2023,"04","Les Corts","19","les Corts","022","Turismes",329.49
2023,"04","Les Corts","19","les Corts","022","Motos",168.69
2023,"04","Les Corts","19","les Corts","022","Ciclomotors",25.49
2023,"04","Les Corts","19","les Corts","022","Furgonetes",16.38
2023,"04","Les Corts","19","les Corts","022","Camions",9.71
2023,"04","Les Corts","19","les Corts","022","Resta de vehicles",7.28
2023,"04","Les Corts","19","les Corts","023","Turismes",646.63
2023,"04","Les Corts","19","les Corts","023","Motos",268.67
2023,"04","Les Corts","19","les Corts","023","Ciclomotors",14.57
2023,"04","Les Corts","19","les Corts","023","Furgonetes",55.56
2023,"04","Les Corts","19","les Corts","023","Camions",14.57
2023,"04","Les Corts","19","les Corts","023","Resta de vehicles",16.39
2023,"04","Les Corts","19","les Corts","024","Turismes",1051.66
2023,"04","Les Corts","19","les Corts","024","Motos",266.08
2023,"04","Les Corts","19","les Corts","024","Ciclomotors",29.24
2023,"04","Les Corts","19","les Corts","024","Furgonetes",50.68
2023,"04","Les Corts","19","les Corts","024","Camions",40.94
2023,"04","Les Corts","19","les Corts","024","Resta de vehicles",31.19
2023,"04","Les Corts","19","les Corts","025","Turismes",298.96
2023,"04","Les Corts","19","les Corts","025","Motos",195.84
2023,"04","Les Corts","19","les Corts","025","Ciclomotors",21.66
2023,"04","Les Corts","19","les Corts","025","Furgonetes",16.46
2023,"04","Les Corts","19","les Corts","025","Camions",5.2
2023,"04","Les Corts","19","les Corts","025","Resta de vehicles",4.33
2023,"04","Les Corts","19","les Corts","026","Turismes",301.47
2023,"04","Les Corts","19","les Corts","026","Motos",165.85
2023,"04","Les Corts","19","les Corts","026","Ciclomotors",23.69
2023,"04","Les Corts","19","les Corts","026","Furgonetes",10.62
2023,"04","Les Corts","19","les Corts","026","Camions",8.17
2023,"04","Les Corts","19","les Corts","026","Resta de vehicles",4.08
2023,"04","Les Corts","19","les Corts","027","Turismes",341.5
2023,"04","Les Corts","19","les Corts","027","Motos",134.76
2023,"04","Les Corts","19","les Corts","027","Ciclomotors",20.67
2023,"04","Les Corts","19","les Corts","027","Furgonetes",22.97
2023,"04","Les Corts","19","les Corts","027","Camions",11.49
2023,"04","Les Corts","19","les Corts","027","Resta de vehicles",6.13
2023,"04","Les Corts","19","les Corts","028","Turismes",299.61
2023,"04","Les Corts","19","les Corts","028","Motos",149.81
2023,"04","Les Corts","19","les Corts","028","Ciclomotors",18.53
2023,"04","Les Corts","19","les Corts","028","Furgonetes",16.22
2023,"04","Les Corts","19","les Corts","028","Camions",20.08
2023,"04","Les Corts","19","les Corts","028","Resta de vehicles",6.18
2023,"04","Les Corts","19","les Corts","029","Turismes",633.36
2023,"04","Les Corts","19","les Corts","029","Motos",244.42
2023,"04","Les Corts","19","les Corts","029","Ciclomotors",28.55
2023,"04","Les Corts","19","les Corts","029","Furgonetes",62.44
2023,"04","Les Corts","19","les Corts","029","Camions",33.9
2023,"04","Les Corts","19","les Corts","029","Resta de vehicles",37.47
2023,"04","Les Corts","19","les Corts","030","Turismes",356.94
2023,"04","Les Corts","19","les Corts","030","Motos",135.92
2023,"04","Les Corts","19","les Corts","030","Ciclomotors",14.85
2023,"04","Les Corts","19","les Corts","030","Furgonetes",14.28
2023,"04","Les Corts","19","les Corts","030","Camions",7.42
2023,"04","Les Corts","19","les Corts","030","Resta de vehicles",7.42
2023,"04","Les Corts","19","les Corts","031","Turismes",211.03
2023,"04","Les Corts","19","les Corts","031","Motos",112.17
2023,"04","Les Corts","19","les Corts","031","Ciclomotors",10.46
2023,"04","Les Corts","19","les Corts","031","Furgonetes",19.49
2023,"04","Les Corts","19","les Corts","031","Camions",6.65
2023,"04","Les Corts","19","les Corts","031","Resta de vehicles",3.33
2023,"04","Les Corts","19","les Corts","032","Turismes",309.6
2023,"04","Les Corts","19","les Corts","032","Motos",136.05
2023,"04","Les Corts","19","les Corts","032","Ciclomotors",15.26
2023,"04","Les Corts","19","les Corts","032","Furgonetes",19.07
2023,"04","Les Corts","19","les Corts","032","Camions",3.18
2023,"04","Les Corts","19","les Corts","032","Resta de vehicles",11.44
2023,"04","Les Corts","19","les Corts","033","Turismes",325.15
2023,"04","Les Corts","19","les Corts","033","Motos",146.36
2023,"04","Les Corts","19","les Corts","033","Ciclomotors",21.91
2023,"04","Les Corts","19","les Corts","033","Furgonetes",13.15
2023,"04","Les Corts","19","les Corts","033","Camions",4.38
2023,"04","Les Corts","19","les Corts","033","Resta de vehicles",4.38
2023,"04","Les Corts","19","les Corts","034","Turismes",381.49
2023,"04","Les Corts","19","les Corts","034","Motos",179.52
2023,"04","Les Corts","19","les Corts","034","Ciclomotors",14.03
2023,"04","Les Corts","19","les Corts","034","Furgonetes",9.82
2023,"04","Les Corts","19","les Corts","034","Camions",2.1
2023,"04","Les Corts","19","les Corts","034","Resta de vehicles",2.81
2023,"04","Les Corts","19","les Corts","035","Turismes",365.96
2023,"04","Les Corts","19","les Corts","035","Motos",159.97
2023,"04","Les Corts","19","les Corts","035","Ciclomotors",22.64
2023,"04","Les Corts","19","les Corts","035","Furgonetes",21.91
2023,"04","Les Corts","19","les Corts","035","Camions",6.57
2023,"04","Les Corts","19","les Corts","035","Resta de vehicles",7.3
2023,"04","Les Corts","20","la Maternitat i Sant Ramon","036","Turismes",241.62
2023,"04","Les Corts","20","la Maternitat i Sant Ramon","036","Motos",120.23
2023,"04","Les Corts","20","la Maternitat i Sant Ramon","036","Ciclomotors",18.5
2023,"04","Les Corts","20","la Maternitat i Sant Ramon","036","Furgonetes",20.81
2023,"04","Les Corts","20","la Maternitat i Sant Ramon","036","Camions",4.05
2023,"04","Les Corts","20","la Maternitat i Sant Ramon","036","Resta de vehicles",4.05
2023,"04","Les Corts","20","la Maternitat i Sant Ramon","037","Turismes",330.4
2023,"04","Les Corts","20","la Maternitat i Sant Ramon","037","Motos",150.39
2023,"04","Les Corts","20","la Maternitat i Sant Ramon","037","Ciclomotors",26.38
2023,"04","Les Corts","20","la Maternitat i Sant Ramon","037","Furgonetes",16.2
2023,"04","Les Corts","20","la Maternitat i Sant Ramon","037","Camions",3.24
2023,"04","Les Corts","20","la Maternitat i Sant Ramon","037","Resta de vehicles",6.02
2023,"04","Les Corts","20","la Maternitat i Sant Ramon","038","Turismes",377.39
2023,"04","Les Corts","20","la Maternitat i Sant Ramon","038","Motos",156.05
2023,"04","Les Corts","20","la Maternitat i Sant Ramon","038","Ciclomotors",27.07
2023,"04","Les Corts","20","la Maternitat i Sant Ramon","038","Furgonetes",12.74
2023,"04","Les Corts","20","la Maternitat i Sant Ramon","038","Camions",3.98
2023,"04","Les Corts","20","la Maternitat i Sant Ramon","038","Resta de vehicles",5.57
2023,"04","Les Corts","20","la Maternitat i Sant Ramon","039","Turismes",339.88
2023,"04","Les Corts","20","la Maternitat i Sant Ramon","039","Motos",163.11
2023,"04","Les Corts","20","la Maternitat i Sant Ramon","039","Ciclomotors",21.35
2023,"04","Les Corts","20","la Maternitat i Sant Ramon","039","Furgonetes",19.64
2023,"04","Les Corts","20","la Maternitat i Sant Ramon","039","Camions",8.54
2023,"04","Les Corts","20","la Maternitat i Sant Ramon","039","Resta de vehicles",4.27
2023,"04","Les Corts","20","la Maternitat i Sant Ramon","040","Turismes",231.1
2023,"04","Les Corts","20","la Maternitat i Sant Ramon","040","Motos",119.24
2023,"04","Les Corts","20","la Maternitat i Sant Ramon","040","Ciclomotors",23.97
2023,"04","Les Corts","20","la Maternitat i Sant Ramon","040","Furgonetes",15.98
2023,"04","Les Corts","20","la Maternitat i Sant Ramon","040","Camions",4.3
2023,"04","Les Corts","20","la Maternitat i Sant Ramon","040","Resta de vehicles",5.53
2023,"04","Les Corts","20","la Maternitat i Sant Ramon","041","Turismes",252.09
2023,"04","Les Corts","20","la Maternitat i Sant Ramon","041","Motos",135.16
2023,"04","Les Corts","20","la Maternitat i Sant Ramon","041","Ciclomotors",25.82
2023,"04","Les Corts","20","la Maternitat i Sant Ramon","041","Furgonetes",22.02
2023,"04","Les Corts","20","la Maternitat i Sant Ramon","041","Camions",6.07
2023,"04","Les Corts","20","la Maternitat i Sant Ramon","041","Resta de vehicles",6.83
2023,"04","Les Corts","20","la Maternitat i Sant Ramon","042","Turismes",257.83
2023,"04","Les Corts","20","la Maternitat i Sant Ramon","042","Motos",114.35
2023,"04","Les Corts","20","la Maternitat i Sant Ramon","042","Ciclomotors",20.34
2023,"04","Les Corts","20","la Maternitat i Sant Ramon","042","Furgonetes",19.24
2023,"04","Les Corts","20","la Maternitat i Sant Ramon","042","Camions",8.8
2023,"04","Les Corts","20","la Maternitat i Sant Ramon","042","Resta de vehicles",2.75
2023,"04","Les Corts","20","la Maternitat i Sant Ramon","043","Turismes",409.09
2023,"04","Les Corts","20","la Maternitat i Sant Ramon","043","Motos",144.46
2023,"04","Les Corts","20","la Maternitat i Sant Ramon","043","Ciclomotors",21.79
2023,"04","Les Corts","20","la Maternitat i Sant Ramon","043","Furgonetes",13.08
2023,"04","Les Corts","20","la Maternitat i Sant Ramon","043","Camions",3.74
2023,"04","Les Corts","20","la Maternitat i Sant Ramon","043","Resta de vehicles",11.21
2023,"04","Les Corts","20","la Maternitat i Sant Ramon","044","Turismes",316.7
2023,"04","Les Corts","20","la Maternitat i Sant Ramon","044","Motos",139.86
2023,"04","Les Corts","20","la Maternitat i Sant Ramon","044","Ciclomotors",21.57
2023,"04","Les Corts","20","la Maternitat i Sant Ramon","044","Furgonetes",24.03
2023,"04","Les Corts","20","la Maternitat i Sant Ramon","044","Camions",12.94
2023,"04","Les Corts","20","la Maternitat i Sant Ramon","044","Resta de vehicles",9.86
2023,"04","Les Corts","20","la Maternitat i Sant Ramon","045","Turismes",323.34
2023,"04","Les Corts","20","la Maternitat i Sant Ramon","045","Motos",134.19
2023,"04","Les Corts","20","la Maternitat i Sant Ramon","045","Ciclomotors",17.84
2023,"04","Les Corts","20","la Maternitat i Sant Ramon","045","Furgonetes",19.99
2023,"04","Les Corts","20","la Maternitat i Sant Ramon","045","Camions",16.42
2023,"04","Les Corts","20","la Maternitat i Sant Ramon","045","Resta de vehicles",14.99
2023,"04","Les Corts","20","la Maternitat i Sant Ramon","046","Turismes",430.44
2023,"04","Les Corts","20","la Maternitat i Sant Ramon","046","Motos",189.85
2023,"04","Les Corts","20","la Maternitat i Sant Ramon","046","Ciclomotors",26.22
2023,"04","Les Corts","20","la Maternitat i Sant Ramon","046","Furgonetes",16.49
2023,"04","Les Corts","20","la Maternitat i Sant Ramon","046","Camions",4.23
2023,"04","Les Corts","20","la Maternitat i Sant Ramon","046","Resta de vehicles",8.03
2023,"04","Les Corts","20","la Maternitat i Sant Ramon","047","Turismes",343.95
2023,"04","Les Corts","20","la Maternitat i Sant Ramon","047","Motos",134.66
2023,"04","Les Corts","20","la Maternitat i Sant Ramon","047","Ciclomotors",15.14
2023,"04","Les Corts","20","la Maternitat i Sant Ramon","047","Furgonetes",43.84
2023,"04","Les Corts","20","la Maternitat i Sant Ramon","047","Camions",17.22
2023,"04","Les Corts","20","la Maternitat i Sant Ramon","047","Resta de vehicles",17.22
2023,"04","Les Corts","20","la Maternitat i Sant Ramon","048","Turismes",334
2023,"04","Les Corts","20","la Maternitat i Sant Ramon","048","Motos",186.88
2023,"04","Les Corts","20","la Maternitat i Sant Ramon","048","Ciclomotors",24.52
2023,"04","Les Corts","20","la Maternitat i Sant Ramon","048","Furgonetes",13.92
2023,"04","Les Corts","20","la Maternitat i Sant Ramon","048","Camions",1.99
2023,"04","Les Corts","20","la Maternitat i Sant Ramon","048","Resta de vehicles",3.98
2023,"04","Les Corts","20","la Maternitat i Sant Ramon","049","Turismes",470.98
2023,"04","Les Corts","20","la Maternitat i Sant Ramon","049","Motos",201.01
2023,"04","Les Corts","20","la Maternitat i Sant Ramon","049","Ciclomotors",27.75
2023,"04","Les Corts","20","la Maternitat i Sant Ramon","049","Furgonetes",31.12
2023,"04","Les Corts","20","la Maternitat i Sant Ramon","049","Camions",43.73
2023,"04","Les Corts","20","la Maternitat i Sant Ramon","049","Resta de vehicles",31.96
2023,"04","Les Corts","20","la Maternitat i Sant Ramon","084","Turismes",358.66
2023,"04","Les Corts","20","la Maternitat i Sant Ramon","084","Motos",194.3
2023,"04","Les Corts","20","la Maternitat i Sant Ramon","084","Ciclomotors",27.03
2023,"04","Les Corts","20","la Maternitat i Sant Ramon","084","Furgonetes",18.26
2023,"04","Les Corts","20","la Maternitat i Sant Ramon","084","Camions",7.3
2023,"04","Les Corts","20","la Maternitat i Sant Ramon","084","Resta de vehicles",5.84
2023,"04","Les Corts","21","Pedralbes","050","Turismes",458.52
2023,"04","Les Corts","21","Pedralbes","050","Motos",228.04
2023,"04","Les Corts","21","Pedralbes","050","Ciclomotors",21.35
2023,"04","Les Corts","21","Pedralbes","050","Furgonetes",15.53
2023,"04","Les Corts","21","Pedralbes","050","Camions",11.16
2023,"04","Les Corts","21","Pedralbes","050","Resta de vehicles",5.82
2023,"04","Les Corts","21","Pedralbes","051","Turismes",348.03
2023,"04","Les Corts","21","Pedralbes","051","Motos",203.22
2023,"04","Les Corts","21","Pedralbes","051","Ciclomotors",25.63
2023,"04","Les Corts","21","Pedralbes","051","Furgonetes",13.71
2023,"04","Les Corts","21","Pedralbes","051","Camions",2.98
2023,"04","Les Corts","21","Pedralbes","051","Resta de vehicles",6.56
2023,"04","Les Corts","21","Pedralbes","052","Turismes",568.93
2023,"04","Les Corts","21","Pedralbes","052","Motos",258.73
2023,"04","Les Corts","21","Pedralbes","052","Ciclomotors",26.65
2023,"04","Les Corts","21","Pedralbes","052","Furgonetes",22.52
2023,"04","Les Corts","21","Pedralbes","052","Camions",15.17
2023,"04","Les Corts","21","Pedralbes","052","Resta de vehicles",19.76
2023,"04","Les Corts","21","Pedralbes","053","Turismes",354.91
2023,"04","Les Corts","21","Pedralbes","053","Motos",200.58
2023,"04","Les Corts","21","Pedralbes","053","Ciclomotors",23.7
2023,"04","Les Corts","21","Pedralbes","053","Furgonetes",21.39
2023,"04","Les Corts","21","Pedralbes","053","Camions",6.36
2023,"04","Les Corts","21","Pedralbes","053","Resta de vehicles",9.25
2023,"04","Les Corts","21","Pedralbes","054","Turismes",502.86
2023,"04","Les Corts","21","Pedralbes","054","Motos",260
2023,"04","Les Corts","21","Pedralbes","054","Ciclomotors",20.95
2023,"04","Les Corts","21","Pedralbes","054","Furgonetes",13.33
2023,"04","Les Corts","21","Pedralbes","054","Camions",4.76
2023,"04","Les Corts","21","Pedralbes","054","Resta de vehicles",7.62
2023,"04","Les Corts","21","Pedralbes","055","Turismes",604.09
2023,"04","Les Corts","21","Pedralbes","055","Motos",284.16
2023,"04","Les Corts","21","Pedralbes","055","Ciclomotors",27.46
2023,"04","Les Corts","21","Pedralbes","055","Furgonetes",26.18
2023,"04","Les Corts","21","Pedralbes","055","Camions",8.3
2023,"04","Les Corts","21","Pedralbes","055","Resta de vehicles",17.24
2023,"04","Les Corts","21","Pedralbes","056","Turismes",478.33
2023,"04","Les Corts","21","Pedralbes","056","Motos",272.87
2023,"04","Les Corts","21","Pedralbes","056","Ciclomotors",26.75
2023,"04","Les Corts","21","Pedralbes","056","Furgonetes",25.15
2023,"04","Les Corts","21","Pedralbes","056","Camions",9.1
2023,"04","Les Corts","21","Pedralbes","056","Resta de vehicles",11.77
2023,"05","Sarrià-St. Gervasi","22","Vallvidrera, el Tibidabo i les Planes","001","Turismes",396.84
2023,"05","Sarrià-St. Gervasi","22","Vallvidrera, el Tibidabo i les Planes","001","Motos",146.43
2023,"05","Sarrià-St. Gervasi","22","Vallvidrera, el Tibidabo i les Planes","001","Ciclomotors",26.67
2023,"05","Sarrià-St. Gervasi","22","Vallvidrera, el Tibidabo i les Planes","001","Furgonetes",39.74
2023,"05","Sarrià-St. Gervasi","22","Vallvidrera, el Tibidabo i les Planes","001","Camions",16.33
2023,"05","Sarrià-St. Gervasi","22","Vallvidrera, el Tibidabo i les Planes","001","Resta de vehicles",15.79
2023,"05","Sarrià-St. Gervasi","22","Vallvidrera, el Tibidabo i les Planes","002","Turismes",417.44
2023,"05","Sarrià-St. Gervasi","22","Vallvidrera, el Tibidabo i les Planes","002","Motos",254.17
2023,"05","Sarrià-St. Gervasi","22","Vallvidrera, el Tibidabo i les Planes","002","Ciclomotors",21.65
2023,"05","Sarrià-St. Gervasi","22","Vallvidrera, el Tibidabo i les Planes","002","Furgonetes",32.16
2023,"05","Sarrià-St. Gervasi","22","Vallvidrera, el Tibidabo i les Planes","002","Camions",8.04
2023,"05","Sarrià-St. Gervasi","22","Vallvidrera, el Tibidabo i les Planes","002","Resta de vehicles",7.42
2023,"05","Sarrià-St. Gervasi","22","Vallvidrera, el Tibidabo i les Planes","003","Turismes",396.51
2023,"05","Sarrià-St. Gervasi","22","Vallvidrera, el Tibidabo i les Planes","003","Motos",254.18
2023,"05","Sarrià-St. Gervasi","22","Vallvidrera, el Tibidabo i les Planes","003","Ciclomotors",16.7
2023,"05","Sarrià-St. Gervasi","22","Vallvidrera, el Tibidabo i les Planes","003","Furgonetes",36.31
2023,"05","Sarrià-St. Gervasi","22","Vallvidrera, el Tibidabo i les Planes","003","Camions",7.26
2023,"05","Sarrià-St. Gervasi","22","Vallvidrera, el Tibidabo i les Planes","003","Resta de vehicles",11.62
2023,"05","Sarrià-St. Gervasi","23","Sarrià","004","Turismes",439.89
2023,"05","Sarrià-St. Gervasi","23","Sarrià","004","Motos",307.83
2023,"05","Sarrià-St. Gervasi","23","Sarrià","004","Ciclomotors",28.23
2023,"05","Sarrià-St. Gervasi","23","Sarrià","004","Furgonetes",26.41
2023,"05","Sarrià-St. Gervasi","23","Sarrià","004","Camions",16.39
2023,"05","Sarrià-St. Gervasi","23","Sarrià","004","Resta de vehicles",23.68
2023,"05","Sarrià-St. Gervasi","23","Sarrià","005","Turismes",354.58
2023,"05","Sarrià-St. Gervasi","23","Sarrià","005","Motos",266.93
2023,"05","Sarrià-St. Gervasi","23","Sarrià","005","Ciclomotors",31.87
2023,"05","Sarrià-St. Gervasi","23","Sarrià","005","Furgonetes",25.5
2023,"05","Sarrià-St. Gervasi","23","Sarrià","005","Camions",3.19
2023,"05","Sarrià-St. Gervasi","23","Sarrià","005","Resta de vehicles",5.58
2023,"05","Sarrià-St. Gervasi","23","Sarrià","006","Turismes",493.38
2023,"05","Sarrià-St. Gervasi","23","Sarrià","006","Motos",283.9
2023,"05","Sarrià-St. Gervasi","23","Sarrià","006","Ciclomotors",21.5
2023,"05","Sarrià-St. Gervasi","23","Sarrià","006","Furgonetes",14.88
2023,"05","Sarrià-St. Gervasi","23","Sarrià","006","Camions",8.82
2023,"05","Sarrià-St. Gervasi","23","Sarrià","006","Resta de vehicles",7.17
2023,"05","Sarrià-St. Gervasi","23","Sarrià","007","Turismes",293.48
2023,"05","Sarrià-St. Gervasi","23","Sarrià","007","Motos",186.76
2023,"05","Sarrià-St. Gervasi","23","Sarrià","007","Ciclomotors",15.91
2023,"05","Sarrià-St. Gervasi","23","Sarrià","007","Furgonetes",18.98
2023,"05","Sarrià-St. Gervasi","23","Sarrià","007","Camions",3.08
2023,"05","Sarrià-St. Gervasi","23","Sarrià","007","Resta de vehicles",4.1
2023,"05","Sarrià-St. Gervasi","23","Sarrià","008","Turismes",355.98
2023,"05","Sarrià-St. Gervasi","23","Sarrià","008","Motos",223.69
2023,"05","Sarrià-St. Gervasi","23","Sarrià","008","Ciclomotors",24.65
2023,"05","Sarrià-St. Gervasi","23","Sarrià","008","Furgonetes",25.86
2023,"05","Sarrià-St. Gervasi","23","Sarrià","008","Camions",5.41
2023,"05","Sarrià-St. Gervasi","23","Sarrià","008","Resta de vehicles",6.61
2023,"05","Sarrià-St. Gervasi","23","Sarrià","009","Turismes",346.48
2023,"05","Sarrià-St. Gervasi","23","Sarrià","009","Motos",253.29
2023,"05","Sarrià-St. Gervasi","23","Sarrià","009","Ciclomotors",22.1
2023,"05","Sarrià-St. Gervasi","23","Sarrià","009","Furgonetes",15.53
2023,"05","Sarrià-St. Gervasi","23","Sarrià","009","Camions",7.77
2023,"05","Sarrià-St. Gervasi","23","Sarrià","009","Resta de vehicles",5.97
2023,"05","Sarrià-St. Gervasi","23","Sarrià","010","Turismes",336.38
2023,"05","Sarrià-St. Gervasi","23","Sarrià","010","Motos",229.92
2023,"05","Sarrià-St. Gervasi","23","Sarrià","010","Ciclomotors",19.6
2023,"05","Sarrià-St. Gervasi","23","Sarrià","010","Furgonetes",33.96
2023,"05","Sarrià-St. Gervasi","23","Sarrià","010","Camions",3.27
2023,"05","Sarrià-St. Gervasi","23","Sarrià","010","Resta de vehicles",6.53
2023,"05","Sarrià-St. Gervasi","23","Sarrià","011","Turismes",340.73
2023,"05","Sarrià-St. Gervasi","23","Sarrià","011","Motos",213.31
2023,"05","Sarrià-St. Gervasi","23","Sarrià","011","Ciclomotors",14.32
2023,"05","Sarrià-St. Gervasi","23","Sarrià","011","Furgonetes",20.76
2023,"05","Sarrià-St. Gervasi","23","Sarrià","011","Camions",2.86
2023,"05","Sarrià-St. Gervasi","23","Sarrià","011","Resta de vehicles",10.74
2023,"05","Sarrià-St. Gervasi","23","Sarrià","012","Turismes",370.96
2023,"05","Sarrià-St. Gervasi","23","Sarrià","012","Motos",196.98
2023,"05","Sarrià-St. Gervasi","23","Sarrià","012","Ciclomotors",30.19
2023,"05","Sarrià-St. Gervasi","23","Sarrià","012","Furgonetes",40.98
2023,"05","Sarrià-St. Gervasi","23","Sarrià","012","Camions",22.29
2023,"05","Sarrià-St. Gervasi","23","Sarrià","012","Resta de vehicles",10.78
2023,"05","Sarrià-St. Gervasi","23","Sarrià","013","Turismes",367.43
2023,"05","Sarrià-St. Gervasi","23","Sarrià","013","Motos",211.86
2023,"05","Sarrià-St. Gervasi","23","Sarrià","013","Ciclomotors",29.06
2023,"05","Sarrià-St. Gervasi","23","Sarrià","013","Furgonetes",23
2023,"05","Sarrià-St. Gervasi","23","Sarrià","013","Camions",10.29
2023,"05","Sarrià-St. Gervasi","23","Sarrià","013","Resta de vehicles",8.47
2023,"05","Sarrià-St. Gervasi","23","Sarrià","014","Turismes",408.18
2023,"05","Sarrià-St. Gervasi","23","Sarrià","014","Motos",237.74
2023,"05","Sarrià-St. Gervasi","23","Sarrià","014","Ciclomotors",21.38
2023,"05","Sarrià-St. Gervasi","23","Sarrià","014","Furgonetes",20.13
2023,"05","Sarrià-St. Gervasi","23","Sarrià","014","Camions",6.29
2023,"05","Sarrià-St. Gervasi","23","Sarrià","014","Resta de vehicles",4.4
2023,"05","Sarrià-St. Gervasi","23","Sarrià","015","Turismes",335.97
2023,"05","Sarrià-St. Gervasi","23","Sarrià","015","Motos",210.56
2023,"05","Sarrià-St. Gervasi","23","Sarrià","015","Ciclomotors",21.12
2023,"05","Sarrià-St. Gervasi","23","Sarrià","015","Furgonetes",7.92
2023,"05","Sarrià-St. Gervasi","23","Sarrià","015","Camions",3.3
2023,"05","Sarrià-St. Gervasi","23","Sarrià","015","Resta de vehicles",6.6
2023,"05","Sarrià-St. Gervasi","23","Sarrià","016","Turismes",307.57
2023,"05","Sarrià-St. Gervasi","23","Sarrià","016","Motos",178.23
2023,"05","Sarrià-St. Gervasi","23","Sarrià","016","Ciclomotors",13.67
2023,"05","Sarrià-St. Gervasi","23","Sarrià","016","Furgonetes",17.35
2023,"05","Sarrià-St. Gervasi","23","Sarrià","016","Camions",3.68
2023,"05","Sarrià-St. Gervasi","23","Sarrià","016","Resta de vehicles",2.63
2023,"05","Sarrià-St. Gervasi","23","Sarrià","017","Turismes",513.98
2023,"05","Sarrià-St. Gervasi","23","Sarrià","017","Motos",303.6
2023,"05","Sarrià-St. Gervasi","23","Sarrià","017","Ciclomotors",47.27
2023,"05","Sarrià-St. Gervasi","23","Sarrià","017","Furgonetes",20.64
2023,"05","Sarrià-St. Gervasi","23","Sarrià","017","Camions",6.66
2023,"05","Sarrià-St. Gervasi","23","Sarrià","017","Resta de vehicles",9.32
2023,"05","Sarrià-St. Gervasi","23","Sarrià","018","Turismes",404.39
2023,"05","Sarrià-St. Gervasi","23","Sarrià","018","Motos",221.79
2023,"05","Sarrià-St. Gervasi","23","Sarrià","018","Ciclomotors",25.86
2023,"05","Sarrià-St. Gervasi","23","Sarrià","018","Furgonetes",13.32
2023,"05","Sarrià-St. Gervasi","23","Sarrià","018","Camions",3.13
2023,"05","Sarrià-St. Gervasi","23","Sarrià","018","Resta de vehicles",6.27
2023,"05","Sarrià-St. Gervasi","23","Sarrià","019","Turismes",410.55
2023,"05","Sarrià-St. Gervasi","23","Sarrià","019","Motos",274.71
2023,"05","Sarrià-St. Gervasi","23","Sarrià","019","Ciclomotors",20.01
2023,"05","Sarrià-St. Gervasi","23","Sarrià","019","Furgonetes",19.41
2023,"05","Sarrià-St. Gervasi","23","Sarrià","019","Camions",5.46
2023,"05","Sarrià-St. Gervasi","23","Sarrià","019","Resta de vehicles",16.37
2023,"05","Sarrià-St. Gervasi","24","les Tres Torres","020","Turismes",421.68
2023,"05","Sarrià-St. Gervasi","24","les Tres Torres","020","Motos",250.46
2023,"05","Sarrià-St. Gervasi","24","les Tres Torres","020","Ciclomotors",26.41
2023,"05","Sarrià-St. Gervasi","24","les Tres Torres","020","Furgonetes",18.21
2023,"05","Sarrià-St. Gervasi","24","les Tres Torres","020","Camions",6.38
2023,"05","Sarrià-St. Gervasi","24","les Tres Torres","020","Resta de vehicles",6.38
2023,"05","Sarrià-St. Gervasi","24","les Tres Torres","021","Turismes",386.02
2023,"05","Sarrià-St. Gervasi","24","les Tres Torres","021","Motos",175.54
2023,"05","Sarrià-St. Gervasi","24","les Tres Torres","021","Ciclomotors",10.33
2023,"05","Sarrià-St. Gervasi","24","les Tres Torres","021","Furgonetes",11.12
2023,"05","Sarrià-St. Gervasi","24","les Tres Torres","021","Camions",0.79
2023,"05","Sarrià-St. Gervasi","24","les Tres Torres","021","Resta de vehicles",16.68
2023,"05","Sarrià-St. Gervasi","24","les Tres Torres","022","Turismes",456.78
2023,"05","Sarrià-St. Gervasi","24","les Tres Torres","022","Motos",266.36
2023,"05","Sarrià-St. Gervasi","24","les Tres Torres","022","Ciclomotors",29.79
2023,"05","Sarrià-St. Gervasi","24","les Tres Torres","022","Furgonetes",19.28
2023,"05","Sarrià-St. Gervasi","24","les Tres Torres","022","Camions",5.26
2023,"05","Sarrià-St. Gervasi","24","les Tres Torres","022","Resta de vehicles",3.5
2023,"05","Sarrià-St. Gervasi","24","les Tres Torres","023","Turismes",375.83
2023,"05","Sarrià-St. Gervasi","24","les Tres Torres","023","Motos",208.95
2023,"05","Sarrià-St. Gervasi","24","les Tres Torres","023","Ciclomotors",16.69
2023,"05","Sarrià-St. Gervasi","24","les Tres Torres","023","Furgonetes",25.37
2023,"05","Sarrià-St. Gervasi","24","les Tres Torres","023","Camions",4.01
2023,"05","Sarrià-St. Gervasi","24","les Tres Torres","023","Resta de vehicles",4.01
2023,"05","Sarrià-St. Gervasi","24","les Tres Torres","024","Turismes",444.56
2023,"05","Sarrià-St. Gervasi","24","les Tres Torres","024","Motos",303.21
2023,"05","Sarrià-St. Gervasi","24","les Tres Torres","024","Ciclomotors",28.38
2023,"05","Sarrià-St. Gervasi","24","les Tres Torres","024","Furgonetes",27.85
2023,"05","Sarrià-St. Gervasi","24","les Tres Torres","024","Camions",6.31
2023,"05","Sarrià-St. Gervasi","24","les Tres Torres","024","Resta de vehicles",8.41
2023,"05","Sarrià-St. Gervasi","24","les Tres Torres","025","Turismes",475.71
2023,"05","Sarrià-St. Gervasi","24","les Tres Torres","025","Motos",310.72
2023,"05","Sarrià-St. Gervasi","24","les Tres Torres","025","Ciclomotors",26.21
2023,"05","Sarrià-St. Gervasi","24","les Tres Torres","025","Furgonetes",16.19
2023,"05","Sarrià-St. Gervasi","24","les Tres Torres","025","Camions",3.86
2023,"05","Sarrià-St. Gervasi","24","les Tres Torres","025","Resta de vehicles",8.48
2023,"05","Sarrià-St. Gervasi","24","les Tres Torres","026","Turismes",472.03
2023,"05","Sarrià-St. Gervasi","24","les Tres Torres","026","Motos",330.07
2023,"05","Sarrià-St. Gervasi","24","les Tres Torres","026","Ciclomotors",30.07
2023,"05","Sarrià-St. Gervasi","24","les Tres Torres","026","Furgonetes",9.79
2023,"05","Sarrià-St. Gervasi","24","les Tres Torres","026","Camions",6.29
2023,"05","Sarrià-St. Gervasi","24","les Tres Torres","026","Resta de vehicles",11.89
2023,"05","Sarrià-St. Gervasi","24","les Tres Torres","027","Turismes",497.45
2023,"05","Sarrià-St. Gervasi","24","les Tres Torres","027","Motos",276.77
2023,"05","Sarrià-St. Gervasi","24","les Tres Torres","027","Ciclomotors",29.86
2023,"05","Sarrià-St. Gervasi","24","les Tres Torres","027","Furgonetes",11.65
2023,"05","Sarrià-St. Gervasi","24","les Tres Torres","027","Camions",5.1
2023,"05","Sarrià-St. Gervasi","24","les Tres Torres","027","Resta de vehicles",3.64
2023,"05","Sarrià-St. Gervasi","24","les Tres Torres","028","Turismes",388.22
2023,"05","Sarrià-St. Gervasi","24","les Tres Torres","028","Motos",253.61
2023,"05","Sarrià-St. Gervasi","24","les Tres Torres","028","Ciclomotors",21.63
2023,"05","Sarrià-St. Gervasi","24","les Tres Torres","028","Furgonetes",15.02
2023,"05","Sarrià-St. Gervasi","24","les Tres Torres","028","Camions",29.45
2023,"05","Sarrià-St. Gervasi","24","les Tres Torres","028","Resta de vehicles",7.21
2023,"05","Sarrià-St. Gervasi","24","les Tres Torres","029","Turismes",462.05
2023,"05","Sarrià-St. Gervasi","24","les Tres Torres","029","Motos",371.08
2023,"05","Sarrià-St. Gervasi","24","les Tres Torres","029","Ciclomotors",29.52
2023,"05","Sarrià-St. Gervasi","24","les Tres Torres","029","Furgonetes",16.87
2023,"05","Sarrià-St. Gervasi","24","les Tres Torres","029","Camions",7.83
2023,"05","Sarrià-St. Gervasi","24","les Tres Torres","029","Resta de vehicles",11.45
2023,"05","Sarrià-St. Gervasi","24","les Tres Torres","030","Turismes",468.89
2023,"05","Sarrià-St. Gervasi","24","les Tres Torres","030","Motos",321.27
2023,"05","Sarrià-St. Gervasi","24","les Tres Torres","030","Ciclomotors",31.11
2023,"05","Sarrià-St. Gervasi","24","les Tres Torres","030","Furgonetes",16.64
2023,"05","Sarrià-St. Gervasi","24","les Tres Torres","030","Camions",4.34
2023,"05","Sarrià-St. Gervasi","24","les Tres Torres","030","Resta de vehicles",3.62
2023,"05","Sarrià-St. Gervasi","25","Sant Gervasi - la Bonanova","031","Turismes",532.43
2023,"05","Sarrià-St. Gervasi","25","Sant Gervasi - la Bonanova","031","Motos",517.66
2023,"05","Sarrià-St. Gervasi","25","Sant Gervasi - la Bonanova","031","Ciclomotors",21.19
2023,"05","Sarrià-St. Gervasi","25","Sant Gervasi - la Bonanova","031","Furgonetes",19.91
2023,"05","Sarrià-St. Gervasi","25","Sant Gervasi - la Bonanova","031","Camions",7.71
2023,"05","Sarrià-St. Gervasi","25","Sant Gervasi - la Bonanova","031","Resta de vehicles",14.13
2023,"05","Sarrià-St. Gervasi","25","Sant Gervasi - la Bonanova","032","Turismes",441.48
2023,"05","Sarrià-St. Gervasi","25","Sant Gervasi - la Bonanova","032","Motos",247.69
2023,"05","Sarrià-St. Gervasi","25","Sant Gervasi - la Bonanova","032","Ciclomotors",23.95
2023,"05","Sarrià-St. Gervasi","25","Sant Gervasi - la Bonanova","032","Furgonetes",20.14
2023,"05","Sarrià-St. Gervasi","25","Sant Gervasi - la Bonanova","032","Camions",7.08
2023,"05","Sarrià-St. Gervasi","25","Sant Gervasi - la Bonanova","032","Resta de vehicles",4.9
2023,"05","Sarrià-St. Gervasi","25","Sant Gervasi - la Bonanova","033","Turismes",423.05
2023,"05","Sarrià-St. Gervasi","25","Sant Gervasi - la Bonanova","033","Motos",273.98
2023,"05","Sarrià-St. Gervasi","25","Sant Gervasi - la Bonanova","033","Ciclomotors",28.3
2023,"05","Sarrià-St. Gervasi","25","Sant Gervasi - la Bonanova","033","Furgonetes",20.01
2023,"05","Sarrià-St. Gervasi","25","Sant Gervasi - la Bonanova","033","Camions",7.59
2023,"05","Sarrià-St. Gervasi","25","Sant Gervasi - la Bonanova","033","Resta de vehicles",6.9
2023,"05","Sarrià-St. Gervasi","25","Sant Gervasi - la Bonanova","034","Turismes",312.29
2023,"05","Sarrià-St. Gervasi","25","Sant Gervasi - la Bonanova","034","Motos",224.4
2023,"05","Sarrià-St. Gervasi","25","Sant Gervasi - la Bonanova","034","Ciclomotors",29.01
2023,"05","Sarrià-St. Gervasi","25","Sant Gervasi - la Bonanova","034","Furgonetes",17.92
2023,"05","Sarrià-St. Gervasi","25","Sant Gervasi - la Bonanova","034","Camions",5.97
2023,"05","Sarrià-St. Gervasi","25","Sant Gervasi - la Bonanova","034","Resta de vehicles",3.41
2023,"05","Sarrià-St. Gervasi","25","Sant Gervasi - la Bonanova","035","Turismes",479.01
2023,"05","Sarrià-St. Gervasi","25","Sant Gervasi - la Bonanova","035","Motos",301.53
2023,"05","Sarrià-St. Gervasi","25","Sant Gervasi - la Bonanova","035","Ciclomotors",27.67
2023,"05","Sarrià-St. Gervasi","25","Sant Gervasi - la Bonanova","035","Furgonetes",18.13
2023,"05","Sarrià-St. Gervasi","25","Sant Gervasi - la Bonanova","035","Camions",4.77
2023,"05","Sarrià-St. Gervasi","25","Sant Gervasi - la Bonanova","035","Resta de vehicles",9.54
2023,"05","Sarrià-St. Gervasi","25","Sant Gervasi - la Bonanova","036","Turismes",370.7
2023,"05","Sarrià-St. Gervasi","25","Sant Gervasi - la Bonanova","036","Motos",263.66
2023,"05","Sarrià-St. Gervasi","25","Sant Gervasi - la Bonanova","036","Ciclomotors",23.1
2023,"05","Sarrià-St. Gervasi","25","Sant Gervasi - la Bonanova","036","Furgonetes",11.27
2023,"05","Sarrià-St. Gervasi","25","Sant Gervasi - la Bonanova","036","Camions",5.07
2023,"05","Sarrià-St. Gervasi","25","Sant Gervasi - la Bonanova","036","Resta de vehicles",11.27
2023,"05","Sarrià-St. Gervasi","25","Sant Gervasi - la Bonanova","037","Turismes",303.44
2023,"05","Sarrià-St. Gervasi","25","Sant Gervasi - la Bonanova","037","Motos",232.64
2023,"05","Sarrià-St. Gervasi","25","Sant Gervasi - la Bonanova","037","Ciclomotors",32.37
2023,"05","Sarrià-St. Gervasi","25","Sant Gervasi - la Bonanova","037","Furgonetes",14.16
2023,"05","Sarrià-St. Gervasi","25","Sant Gervasi - la Bonanova","037","Camions",7.42
2023,"05","Sarrià-St. Gervasi","25","Sant Gervasi - la Bonanova","037","Resta de vehicles",6.74
2023,"05","Sarrià-St. Gervasi","25","Sant Gervasi - la Bonanova","038","Turismes",349.39
2023,"05","Sarrià-St. Gervasi","25","Sant Gervasi - la Bonanova","038","Motos",250.9
2023,"05","Sarrià-St. Gervasi","25","Sant Gervasi - la Bonanova","038","Ciclomotors",33.79
2023,"05","Sarrià-St. Gervasi","25","Sant Gervasi - la Bonanova","038","Furgonetes",7.91
2023,"05","Sarrià-St. Gervasi","25","Sant Gervasi - la Bonanova","038","Camions",1.44
2023,"05","Sarrià-St. Gervasi","25","Sant Gervasi - la Bonanova","038","Resta de vehicles",4.31
2023,"05","Sarrià-St. Gervasi","25","Sant Gervasi - la Bonanova","039","Turismes",392.86
2023,"05","Sarrià-St. Gervasi","25","Sant Gervasi - la Bonanova","039","Motos",246.1
2023,"05","Sarrià-St. Gervasi","25","Sant Gervasi - la Bonanova","039","Ciclomotors",31.17
2023,"05","Sarrià-St. Gervasi","25","Sant Gervasi - la Bonanova","039","Furgonetes",20.78
2023,"05","Sarrià-St. Gervasi","25","Sant Gervasi - la Bonanova","039","Camions",4.55
2023,"05","Sarrià-St. Gervasi","25","Sant Gervasi - la Bonanova","039","Resta de vehicles",10.39
2023,"05","Sarrià-St. Gervasi","25","Sant Gervasi - la Bonanova","040","Turismes",297.35
2023,"05","Sarrià-St. Gervasi","25","Sant Gervasi - la Bonanova","040","Motos",230.82
2023,"05","Sarrià-St. Gervasi","25","Sant Gervasi - la Bonanova","040","Ciclomotors",22.4
2023,"05","Sarrià-St. Gervasi","25","Sant Gervasi - la Bonanova","040","Furgonetes",27.16
2023,"05","Sarrià-St. Gervasi","25","Sant Gervasi - la Bonanova","040","Camions",1.36
2023,"05","Sarrià-St. Gervasi","25","Sant Gervasi - la Bonanova","040","Resta de vehicles",5.43
2023,"05","Sarrià-St. Gervasi","25","Sant Gervasi - la Bonanova","041","Turismes",239.48
2023,"05","Sarrià-St. Gervasi","25","Sant Gervasi - la Bonanova","041","Motos",187.09
2023,"05","Sarrià-St. Gervasi","25","Sant Gervasi - la Bonanova","041","Ciclomotors",21.98
2023,"05","Sarrià-St. Gervasi","25","Sant Gervasi - la Bonanova","041","Furgonetes",20.58
2023,"05","Sarrià-St. Gervasi","25","Sant Gervasi - la Bonanova","041","Camions",2.34
2023,"05","Sarrià-St. Gervasi","25","Sant Gervasi - la Bonanova","041","Resta de vehicles",2.34
2023,"05","Sarrià-St. Gervasi","25","Sant Gervasi - la Bonanova","042","Turismes",319.02
2023,"05","Sarrià-St. Gervasi","25","Sant Gervasi - la Bonanova","042","Motos",216.26
2023,"05","Sarrià-St. Gervasi","25","Sant Gervasi - la Bonanova","042","Ciclomotors",20.71
2023,"05","Sarrià-St. Gervasi","25","Sant Gervasi - la Bonanova","042","Furgonetes",6.13
2023,"05","Sarrià-St. Gervasi","25","Sant Gervasi - la Bonanova","042","Resta de vehicles",0.77
2023,"05","Sarrià-St. Gervasi","25","Sant Gervasi - la Bonanova","043","Turismes",300.94
2023,"05","Sarrià-St. Gervasi","25","Sant Gervasi - la Bonanova","043","Motos",241.96
2023,"05","Sarrià-St. Gervasi","25","Sant Gervasi - la Bonanova","043","Ciclomotors",19.44
2023,"05","Sarrià-St. Gervasi","25","Sant Gervasi - la Bonanova","043","Furgonetes",18.77
2023,"05","Sarrià-St. Gervasi","25","Sant Gervasi - la Bonanova","043","Camions",7.37
2023,"05","Sarrià-St. Gervasi","25","Sant Gervasi - la Bonanova","043","Resta de vehicles",2.68
2023,"05","Sarrià-St. Gervasi","25","Sant Gervasi - la Bonanova","044","Turismes",307.22
2023,"05","Sarrià-St. Gervasi","25","Sant Gervasi - la Bonanova","044","Motos",249.62
2023,"05","Sarrià-St. Gervasi","25","Sant Gervasi - la Bonanova","044","Ciclomotors",26.88
2023,"05","Sarrià-St. Gervasi","25","Sant Gervasi - la Bonanova","044","Furgonetes",14.59
2023,"05","Sarrià-St. Gervasi","25","Sant Gervasi - la Bonanova","044","Camions",5.38
2023,"05","Sarrià-St. Gervasi","25","Sant Gervasi - la Bonanova","044","Resta de vehicles",5.38
2023,"05","Sarrià-St. Gervasi","25","Sant Gervasi - la Bonanova","045","Turismes",479.67
2023,"05","Sarrià-St. Gervasi","25","Sant Gervasi - la Bonanova","045","Motos",246.4
2023,"05","Sarrià-St. Gervasi","25","Sant Gervasi - la Bonanova","045","Ciclomotors",26.89
2023,"05","Sarrià-St. Gervasi","25","Sant Gervasi - la Bonanova","045","Furgonetes",16.26
2023,"05","Sarrià-St. Gervasi","25","Sant Gervasi - la Bonanova","045","Camions",3.13
2023,"05","Sarrià-St. Gervasi","25","Sant Gervasi - la Bonanova","045","Resta de vehicles",5.63
2023,"05","Sarrià-St. Gervasi","25","Sant Gervasi - la Bonanova","046","Turismes",491.27
2023,"05","Sarrià-St. Gervasi","25","Sant Gervasi - la Bonanova","046","Motos",304.54
2023,"05","Sarrià-St. Gervasi","25","Sant Gervasi - la Bonanova","046","Ciclomotors",34.9
2023,"05","Sarrià-St. Gervasi","25","Sant Gervasi - la Bonanova","046","Furgonetes",12.22
2023,"05","Sarrià-St. Gervasi","25","Sant Gervasi - la Bonanova","046","Camions",6.11
2023,"05","Sarrià-St. Gervasi","25","Sant Gervasi - la Bonanova","046","Resta de vehicles",8.73
2023,"05","Sarrià-St. Gervasi","25","Sant Gervasi - la Bonanova","047","Turismes",422.07
2023,"05","Sarrià-St. Gervasi","25","Sant Gervasi - la Bonanova","047","Motos",275.48
2023,"05","Sarrià-St. Gervasi","25","Sant Gervasi - la Bonanova","047","Ciclomotors",25.27
2023,"05","Sarrià-St. Gervasi","25","Sant Gervasi - la Bonanova","047","Furgonetes",12.64
2023,"05","Sarrià-St. Gervasi","25","Sant Gervasi - la Bonanova","047","Camions",5.9
2023,"05","Sarrià-St. Gervasi","25","Sant Gervasi - la Bonanova","047","Resta de vehicles",11.79
2023,"05","Sarrià-St. Gervasi","25","Sant Gervasi - la Bonanova","048","Turismes",405.8
2023,"05","Sarrià-St. Gervasi","25","Sant Gervasi - la Bonanova","048","Motos",318.84
2023,"05","Sarrià-St. Gervasi","25","Sant Gervasi - la Bonanova","048","Ciclomotors",30.6
2023,"05","Sarrià-St. Gervasi","25","Sant Gervasi - la Bonanova","048","Furgonetes",19.32
2023,"05","Sarrià-St. Gervasi","25","Sant Gervasi - la Bonanova","048","Camions",3.22
2023,"05","Sarrià-St. Gervasi","25","Sant Gervasi - la Bonanova","048","Resta de vehicles",9.66
2023,"05","Sarrià-St. Gervasi","26","Sant Gervasi - Galvany","049","Turismes",463.28
2023,"05","Sarrià-St. Gervasi","26","Sant Gervasi - Galvany","049","Motos",316.42
2023,"05","Sarrià-St. Gervasi","26","Sant Gervasi - Galvany","049","Ciclomotors",23.28
2023,"05","Sarrià-St. Gervasi","26","Sant Gervasi - Galvany","049","Furgonetes",23.88
2023,"05","Sarrià-St. Gervasi","26","Sant Gervasi - Galvany","049","Camions",13.73
2023,"05","Sarrià-St. Gervasi","26","Sant Gervasi - Galvany","049","Resta de vehicles",9.55
2023,"05","Sarrià-St. Gervasi","26","Sant Gervasi - Galvany","050","Turismes",405.37
2023,"05","Sarrià-St. Gervasi","26","Sant Gervasi - Galvany","050","Motos",251.53
2023,"05","Sarrià-St. Gervasi","26","Sant Gervasi - Galvany","050","Ciclomotors",24.42
2023,"05","Sarrià-St. Gervasi","26","Sant Gervasi - Galvany","050","Furgonetes",20.76
2023,"05","Sarrià-St. Gervasi","26","Sant Gervasi - Galvany","050","Camions",9.77
2023,"05","Sarrià-St. Gervasi","26","Sant Gervasi - Galvany","050","Resta de vehicles",6.72
2023,"05","Sarrià-St. Gervasi","26","Sant Gervasi - Galvany","051","Turismes",413.44
2023,"05","Sarrià-St. Gervasi","26","Sant Gervasi - Galvany","051","Motos",273.61
2023,"05","Sarrià-St. Gervasi","26","Sant Gervasi - Galvany","051","Ciclomotors",18.77
2023,"05","Sarrià-St. Gervasi","26","Sant Gervasi - Galvany","051","Furgonetes",22.4
2023,"05","Sarrià-St. Gervasi","26","Sant Gervasi - Galvany","051","Camions",7.26
2023,"05","Sarrià-St. Gervasi","26","Sant Gervasi - Galvany","051","Resta de vehicles",12.11
2023,"05","Sarrià-St. Gervasi","26","Sant Gervasi - Galvany","052","Turismes",420.25
2023,"05","Sarrià-St. Gervasi","26","Sant Gervasi - Galvany","052","Motos",280.86
2023,"05","Sarrià-St. Gervasi","26","Sant Gervasi - Galvany","052","Ciclomotors",27.74
2023,"05","Sarrià-St. Gervasi","26","Sant Gervasi - Galvany","052","Furgonetes",18.72
2023,"05","Sarrià-St. Gervasi","26","Sant Gervasi - Galvany","052","Camions",2.08
2023,"05","Sarrià-St. Gervasi","26","Sant Gervasi - Galvany","052","Resta de vehicles",6.24
2023,"05","Sarrià-St. Gervasi","26","Sant Gervasi - Galvany","053","Turismes",513.03
2023,"05","Sarrià-St. Gervasi","26","Sant Gervasi - Galvany","053","Motos",301.27
2023,"05","Sarrià-St. Gervasi","26","Sant Gervasi - Galvany","053","Ciclomotors",28.72
2023,"05","Sarrià-St. Gervasi","26","Sant Gervasi - Galvany","053","Furgonetes",50.1
2023,"05","Sarrià-St. Gervasi","26","Sant Gervasi - Galvany","053","Camions",6.01
2023,"05","Sarrià-St. Gervasi","26","Sant Gervasi - Galvany","053","Resta de vehicles",11.36
2023,"05","Sarrià-St. Gervasi","26","Sant Gervasi - Galvany","054","Turismes",545.54
2023,"05","Sarrià-St. Gervasi","26","Sant Gervasi - Galvany","054","Motos",337.21
2023,"05","Sarrià-St. Gervasi","26","Sant Gervasi - Galvany","054","Ciclomotors",44.57
2023,"05","Sarrià-St. Gervasi","26","Sant Gervasi - Galvany","054","Furgonetes",23.26
2023,"05","Sarrià-St. Gervasi","26","Sant Gervasi - Galvany","054","Camions",10.66
2023,"05","Sarrià-St. Gervasi","26","Sant Gervasi - Galvany","054","Resta de vehicles",6.78
2023,"05","Sarrià-St. Gervasi","26","Sant Gervasi - Galvany","055","Turismes",565.53
2023,"05","Sarrià-St. Gervasi","26","Sant Gervasi - Galvany","055","Motos",447.29
2023,"05","Sarrià-St. Gervasi","26","Sant Gervasi - Galvany","055","Ciclomotors",27.78
2023,"05","Sarrià-St. Gervasi","26","Sant Gervasi - Galvany","055","Furgonetes",33.48
2023,"05","Sarrià-St. Gervasi","26","Sant Gervasi - Galvany","055","Camions",17.81
2023,"05","Sarrià-St. Gervasi","26","Sant Gervasi - Galvany","055","Resta de vehicles",19.94
2023,"05","Sarrià-St. Gervasi","26","Sant Gervasi - Galvany","056","Turismes",419.06
2023,"05","Sarrià-St. Gervasi","26","Sant Gervasi - Galvany","056","Motos",254.72
2023,"05","Sarrià-St. Gervasi","26","Sant Gervasi - Galvany","056","Ciclomotors",25.47
2023,"05","Sarrià-St. Gervasi","26","Sant Gervasi - Galvany","056","Furgonetes",12.33
2023,"05","Sarrià-St. Gervasi","26","Sant Gervasi - Galvany","056","Camions",4.93
2023,"05","Sarrià-St. Gervasi","26","Sant Gervasi - Galvany","056","Resta de vehicles",5.75
2023,"05","Sarrià-St. Gervasi","26","Sant Gervasi - Galvany","057","Turismes",521.16
2023,"05","Sarrià-St. Gervasi","26","Sant Gervasi - Galvany","057","Motos",281.14
2023,"05","Sarrià-St. Gervasi","26","Sant Gervasi - Galvany","057","Ciclomotors",23.58
2023,"05","Sarrià-St. Gervasi","26","Sant Gervasi - Galvany","057","Furgonetes",15.11
2023,"05","Sarrià-St. Gervasi","26","Sant Gervasi - Galvany","057","Camions",10.28
2023,"05","Sarrià-St. Gervasi","26","Sant Gervasi - Galvany","057","Resta de vehicles",16.32
2023,"05","Sarrià-St. Gervasi","26","Sant Gervasi - Galvany","058","Turismes",430.3
2023,"05","Sarrià-St. Gervasi","26","Sant Gervasi - Galvany","058","Motos",303.63
2023,"05","Sarrià-St. Gervasi","26","Sant Gervasi - Galvany","058","Ciclomotors",26.1
2023,"05","Sarrià-St. Gervasi","26","Sant Gervasi - Galvany","058","Furgonetes",17.82
2023,"05","Sarrià-St. Gervasi","26","Sant Gervasi - Galvany","058","Camions",26.73
2023,"05","Sarrià-St. Gervasi","26","Sant Gervasi - Galvany","058","Resta de vehicles",11.46
2023,"05","Sarrià-St. Gervasi","26","Sant Gervasi - Galvany","059","Turismes",519.13
2023,"05","Sarrià-St. Gervasi","26","Sant Gervasi - Galvany","059","Motos",262.53
2023,"05","Sarrià-St. Gervasi","26","Sant Gervasi - Galvany","059","Ciclomotors",32.32
2023,"05","Sarrià-St. Gervasi","26","Sant Gervasi - Galvany","059","Furgonetes",66.62
2023,"05","Sarrià-St. Gervasi","26","Sant Gervasi - Galvany","059","Camions",33.64
2023,"05","Sarrià-St. Gervasi","26","Sant Gervasi - Galvany","059","Resta de vehicles",43.54
2023,"05","Sarrià-St. Gervasi","26","Sant Gervasi - Galvany","060","Turismes",408.3
2023,"05","Sarrià-St. Gervasi","26","Sant Gervasi - Galvany","060","Motos",320.93
2023,"05","Sarrià-St. Gervasi","26","Sant Gervasi - Galvany","060","Ciclomotors",25.95
2023,"05","Sarrià-St. Gervasi","26","Sant Gervasi - Galvany","060","Furgonetes",19.9
2023,"05","Sarrià-St. Gervasi","26","Sant Gervasi - Galvany","060","Camions",5.19
2023,"05","Sarrià-St. Gervasi","26","Sant Gervasi - Galvany","060","Resta de vehicles",14.71
2023,"05","Sarrià-St. Gervasi","26","Sant Gervasi - Galvany","061","Turismes",361.55
2023,"05","Sarrià-St. Gervasi","26","Sant Gervasi - Galvany","061","Motos",263.71
2023,"05","Sarrià-St. Gervasi","26","Sant Gervasi - Galvany","061","Ciclomotors",34
2023,"05","Sarrià-St. Gervasi","26","Sant Gervasi - Galvany","061","Furgonetes",36.78
2023,"05","Sarrià-St. Gervasi","26","Sant Gervasi - Galvany","061","Camions",20.12
2023,"05","Sarrià-St. Gervasi","26","Sant Gervasi - Galvany","061","Resta de vehicles",17.35
2023,"05","Sarrià-St. Gervasi","26","Sant Gervasi - Galvany","062","Turismes",327.38
2023,"05","Sarrià-St. Gervasi","26","Sant Gervasi - Galvany","062","Motos",214.15
2023,"05","Sarrià-St. Gervasi","26","Sant Gervasi - Galvany","062","Ciclomotors",25.85
2023,"05","Sarrià-St. Gervasi","26","Sant Gervasi - Galvany","062","Furgonetes",12.31
2023,"05","Sarrià-St. Gervasi","26","Sant Gervasi - Galvany","062","Camions",5.54
2023,"05","Sarrià-St. Gervasi","26","Sant Gervasi - Galvany","062","Resta de vehicles",4.31
2023,"05","Sarrià-St. Gervasi","26","Sant Gervasi - Galvany","063","Turismes",350.29
2023,"05","Sarrià-St. Gervasi","26","Sant Gervasi - Galvany","063","Motos",232.68
2023,"05","Sarrià-St. Gervasi","26","Sant Gervasi - Galvany","063","Ciclomotors",22.89
2023,"05","Sarrià-St. Gervasi","26","Sant Gervasi - Galvany","063","Furgonetes",20.34
2023,"05","Sarrià-St. Gervasi","26","Sant Gervasi - Galvany","063","Camions",7.63
2023,"05","Sarrià-St. Gervasi","26","Sant Gervasi - Galvany","063","Resta de vehicles",4.45
2023,"05","Sarrià-St. Gervasi","26","Sant Gervasi - Galvany","064","Turismes",316.18
2023,"05","Sarrià-St. Gervasi","26","Sant Gervasi - Galvany","064","Motos",216.91
2023,"05","Sarrià-St. Gervasi","26","Sant Gervasi - Galvany","064","Ciclomotors",20.22
2023,"05","Sarrià-St. Gervasi","26","Sant Gervasi - Galvany","064","Furgonetes",16.54
2023,"05","Sarrià-St. Gervasi","26","Sant Gervasi - Galvany","064","Camions",3.68
2023,"05","Sarrià-St. Gervasi","26","Sant Gervasi - Galvany","064","Resta de vehicles",1.84
2023,"05","Sarrià-St. Gervasi","26","Sant Gervasi - Galvany","065","Turismes",415.65
2023,"05","Sarrià-St. Gervasi","26","Sant Gervasi - Galvany","065","Motos",222.42
2023,"05","Sarrià-St. Gervasi","26","Sant Gervasi - Galvany","065","Ciclomotors",25.1
2023,"05","Sarrià-St. Gervasi","26","Sant Gervasi - Galvany","065","Furgonetes",42.03
2023,"05","Sarrià-St. Gervasi","26","Sant Gervasi - Galvany","065","Camions",16.35
2023,"05","Sarrià-St. Gervasi","26","Sant Gervasi - Galvany","065","Resta de vehicles",70.64
2023,"05","Sarrià-St. Gervasi","26","Sant Gervasi - Galvany","066","Turismes",388.05
2023,"05","Sarrià-St. Gervasi","26","Sant Gervasi - Galvany","066","Motos",242.81
2023,"05","Sarrià-St. Gervasi","26","Sant Gervasi - Galvany","066","Ciclomotors",28.74
2023,"05","Sarrià-St. Gervasi","26","Sant Gervasi - Galvany","066","Furgonetes",33.28
2023,"05","Sarrià-St. Gervasi","26","Sant Gervasi - Galvany","066","Camions",24.21
2023,"05","Sarrià-St. Gervasi","26","Sant Gervasi - Galvany","066","Resta de vehicles",16.64
2023,"05","Sarrià-St. Gervasi","26","Sant Gervasi - Galvany","067","Turismes",787.09
2023,"05","Sarrià-St. Gervasi","26","Sant Gervasi - Galvany","067","Motos",327.15
2023,"05","Sarrià-St. Gervasi","26","Sant Gervasi - Galvany","067","Ciclomotors",23.74
2023,"05","Sarrià-St. Gervasi","26","Sant Gervasi - Galvany","067","Furgonetes",90.5
2023,"05","Sarrià-St. Gervasi","26","Sant Gervasi - Galvany","067","Camions",40.8
2023,"05","Sarrià-St. Gervasi","26","Sant Gervasi - Galvany","067","Resta de vehicles",66.77
2023,"05","Sarrià-St. Gervasi","26","Sant Gervasi - Galvany","068","Turismes",534.94
2023,"05","Sarrià-St. Gervasi","26","Sant Gervasi - Galvany","068","Motos",283.35
2023,"05","Sarrià-St. Gervasi","26","Sant Gervasi - Galvany","068","Ciclomotors",62.9
2023,"05","Sarrià-St. Gervasi","26","Sant Gervasi - Galvany","068","Furgonetes",31.77
2023,"05","Sarrià-St. Gervasi","26","Sant Gervasi - Galvany","068","Camions",25.41
2023,"05","Sarrià-St. Gervasi","26","Sant Gervasi - Galvany","068","Resta de vehicles",15.88
2023,"05","Sarrià-St. Gervasi","26","Sant Gervasi - Galvany","069","Turismes",344.27
2023,"05","Sarrià-St. Gervasi","26","Sant Gervasi - Galvany","069","Motos",215.31
2023,"05","Sarrià-St. Gervasi","26","Sant Gervasi - Galvany","069","Ciclomotors",28.21
2023,"05","Sarrià-St. Gervasi","26","Sant Gervasi - Galvany","069","Furgonetes",24.18
2023,"05","Sarrià-St. Gervasi","26","Sant Gervasi - Galvany","069","Camions",10.36
2023,"05","Sarrià-St. Gervasi","26","Sant Gervasi - Galvany","069","Resta de vehicles",10.94
2023,"05","Sarrià-St. Gervasi","26","Sant Gervasi - Galvany","070","Turismes",294
2023,"05","Sarrià-St. Gervasi","26","Sant Gervasi - Galvany","070","Motos",232.61
2023,"05","Sarrià-St. Gervasi","26","Sant Gervasi - Galvany","070","Ciclomotors",37.52
2023,"05","Sarrià-St. Gervasi","26","Sant Gervasi - Galvany","070","Furgonetes",23.19
2023,"05","Sarrià-St. Gervasi","26","Sant Gervasi - Galvany","070","Camions",2.05
2023,"05","Sarrià-St. Gervasi","26","Sant Gervasi - Galvany","070","Resta de vehicles",4.09
2023,"05","Sarrià-St. Gervasi","26","Sant Gervasi - Galvany","071","Turismes",341.07
2023,"05","Sarrià-St. Gervasi","26","Sant Gervasi - Galvany","071","Motos",221.58
2023,"05","Sarrià-St. Gervasi","26","Sant Gervasi - Galvany","071","Ciclomotors",19.72
2023,"05","Sarrià-St. Gervasi","26","Sant Gervasi - Galvany","071","Furgonetes",22.04
2023,"05","Sarrià-St. Gervasi","26","Sant Gervasi - Galvany","071","Camions",11.02
2023,"05","Sarrià-St. Gervasi","26","Sant Gervasi - Galvany","071","Resta de vehicles",12.18
2023,"05","Sarrià-St. Gervasi","26","Sant Gervasi - Galvany","072","Turismes",343.29
2023,"05","Sarrià-St. Gervasi","26","Sant Gervasi - Galvany","072","Motos",213.83
2023,"05","Sarrià-St. Gervasi","26","Sant Gervasi - Galvany","072","Ciclomotors",25.19
2023,"05","Sarrià-St. Gervasi","26","Sant Gervasi - Galvany","072","Furgonetes",13.47
2023,"05","Sarrià-St. Gervasi","26","Sant Gervasi - Galvany","072","Camions",2.93
2023,"05","Sarrià-St. Gervasi","26","Sant Gervasi - Galvany","072","Resta de vehicles",3.51
2023,"05","Sarrià-St. Gervasi","26","Sant Gervasi - Galvany","073","Turismes",424.53
2023,"05","Sarrià-St. Gervasi","26","Sant Gervasi - Galvany","073","Motos",257.23
2023,"05","Sarrià-St. Gervasi","26","Sant Gervasi - Galvany","073","Ciclomotors",25.79
2023,"05","Sarrià-St. Gervasi","26","Sant Gervasi - Galvany","073","Furgonetes",23.9
2023,"05","Sarrià-St. Gervasi","26","Sant Gervasi - Galvany","073","Camions",5.66
2023,"05","Sarrià-St. Gervasi","26","Sant Gervasi - Galvany","073","Resta de vehicles",5.66
2023,"05","Sarrià-St. Gervasi","26","Sant Gervasi - Galvany","074","Turismes",412.23
2023,"05","Sarrià-St. Gervasi","26","Sant Gervasi - Galvany","074","Motos",240.92
2023,"05","Sarrià-St. Gervasi","26","Sant Gervasi - Galvany","074","Ciclomotors",16.34
2023,"05","Sarrià-St. Gervasi","26","Sant Gervasi - Galvany","074","Furgonetes",19.98
2023,"05","Sarrià-St. Gervasi","26","Sant Gervasi - Galvany","074","Camions",4.84
2023,"05","Sarrià-St. Gervasi","26","Sant Gervasi - Galvany","074","Resta de vehicles",3.63
2023,"05","Sarrià-St. Gervasi","26","Sant Gervasi - Galvany","075","Turismes",376.97
2023,"05","Sarrià-St. Gervasi","26","Sant Gervasi - Galvany","075","Motos",296.03
2023,"05","Sarrià-St. Gervasi","26","Sant Gervasi - Galvany","075","Ciclomotors",20.1
2023,"05","Sarrià-St. Gervasi","26","Sant Gervasi - Galvany","075","Furgonetes",36.94
2023,"05","Sarrià-St. Gervasi","26","Sant Gervasi - Galvany","075","Camions",14.12
2023,"05","Sarrià-St. Gervasi","26","Sant Gervasi - Galvany","075","Resta de vehicles",14.67
2023,"05","Sarrià-St. Gervasi","26","Sant Gervasi - Galvany","076","Turismes",352.11
2023,"05","Sarrià-St. Gervasi","26","Sant Gervasi - Galvany","076","Motos",264.79
2023,"05","Sarrià-St. Gervasi","26","Sant Gervasi - Galvany","076","Ciclomotors",21.83
2023,"05","Sarrià-St. Gervasi","26","Sant Gervasi - Galvany","076","Furgonetes",14.79
2023,"05","Sarrià-St. Gervasi","26","Sant Gervasi - Galvany","076","Camions",6.34
2023,"05","Sarrià-St. Gervasi","26","Sant Gervasi - Galvany","076","Resta de vehicles",5.63
2023,"05","Sarrià-St. Gervasi","26","Sant Gervasi - Galvany","077","Turismes",329.82
2023,"05","Sarrià-St. Gervasi","26","Sant Gervasi - Galvany","077","Motos",273.86
2023,"05","Sarrià-St. Gervasi","26","Sant Gervasi - Galvany","077","Ciclomotors",31.6
2023,"05","Sarrià-St. Gervasi","26","Sant Gervasi - Galvany","077","Furgonetes",26.33
2023,"05","Sarrià-St. Gervasi","26","Sant Gervasi - Galvany","077","Camions",11.19
2023,"05","Sarrià-St. Gervasi","26","Sant Gervasi - Galvany","077","Resta de vehicles",7.9
2023,"05","Sarrià-St. Gervasi","26","Sant Gervasi - Galvany","078","Turismes",346.87
2023,"05","Sarrià-St. Gervasi","26","Sant Gervasi - Galvany","078","Motos",242.71
2023,"05","Sarrià-St. Gervasi","26","Sant Gervasi - Galvany","078","Ciclomotors",24.84
2023,"05","Sarrià-St. Gervasi","26","Sant Gervasi - Galvany","078","Furgonetes",10.51
2023,"05","Sarrià-St. Gervasi","26","Sant Gervasi - Galvany","078","Camions",2.87
2023,"05","Sarrià-St. Gervasi","26","Sant Gervasi - Galvany","078","Resta de vehicles",3.34
2023,"05","Sarrià-St. Gervasi","26","Sant Gervasi - Galvany","079","Turismes",343.52
2023,"05","Sarrià-St. Gervasi","26","Sant Gervasi - Galvany","079","Motos",246.18
2023,"05","Sarrià-St. Gervasi","26","Sant Gervasi - Galvany","079","Ciclomotors",19.31
2023,"05","Sarrià-St. Gervasi","26","Sant Gervasi - Galvany","079","Furgonetes",12.87
2023,"05","Sarrià-St. Gervasi","26","Sant Gervasi - Galvany","079","Camions",8.85
2023,"05","Sarrià-St. Gervasi","26","Sant Gervasi - Galvany","079","Resta de vehicles",1.61
2023,"05","Sarrià-St. Gervasi","27","el Putxet i el Farró","080","Turismes",264.62
2023,"05","Sarrià-St. Gervasi","27","el Putxet i el Farró","080","Motos",192.25
2023,"05","Sarrià-St. Gervasi","27","el Putxet i el Farró","080","Ciclomotors",21.93
2023,"05","Sarrià-St. Gervasi","27","el Putxet i el Farró","080","Furgonetes",13.89
2023,"05","Sarrià-St. Gervasi","27","el Putxet i el Farró","080","Camions",4.39
2023,"05","Sarrià-St. Gervasi","27","el Putxet i el Farró","080","Resta de vehicles",5.85
2023,"05","Sarrià-St. Gervasi","27","el Putxet i el Farró","081","Turismes",297.11
2023,"05","Sarrià-St. Gervasi","27","el Putxet i el Farró","081","Motos",239.32
2023,"05","Sarrià-St. Gervasi","27","el Putxet i el Farró","081","Ciclomotors",20.1
2023,"05","Sarrià-St. Gervasi","27","el Putxet i el Farró","081","Furgonetes",14.45
2023,"05","Sarrià-St. Gervasi","27","el Putxet i el Farró","081","Camions",10.68
2023,"05","Sarrià-St. Gervasi","27","el Putxet i el Farró","081","Resta de vehicles",5.03
2023,"05","Sarrià-St. Gervasi","27","el Putxet i el Farró","082","Turismes",271.67
2023,"05","Sarrià-St. Gervasi","27","el Putxet i el Farró","082","Motos",183.77
2023,"05","Sarrià-St. Gervasi","27","el Putxet i el Farró","082","Ciclomotors",16.59
2023,"05","Sarrià-St. Gervasi","27","el Putxet i el Farró","082","Furgonetes",17.82
2023,"05","Sarrià-St. Gervasi","27","el Putxet i el Farró","082","Camions",3.69
2023,"05","Sarrià-St. Gervasi","27","el Putxet i el Farró","082","Resta de vehicles",6.76
2023,"05","Sarrià-St. Gervasi","27","el Putxet i el Farró","083","Turismes",309.43
2023,"05","Sarrià-St. Gervasi","27","el Putxet i el Farró","083","Motos",213.56
2023,"05","Sarrià-St. Gervasi","27","el Putxet i el Farró","083","Ciclomotors",21.04
2023,"05","Sarrià-St. Gervasi","27","el Putxet i el Farró","083","Furgonetes",18.71
2023,"05","Sarrià-St. Gervasi","27","el Putxet i el Farró","083","Camions",2.34
2023,"05","Sarrià-St. Gervasi","27","el Putxet i el Farró","083","Resta de vehicles",3.9
2023,"05","Sarrià-St. Gervasi","27","el Putxet i el Farró","084","Turismes",277.53
2023,"05","Sarrià-St. Gervasi","27","el Putxet i el Farró","084","Motos",207.78
2023,"05","Sarrià-St. Gervasi","27","el Putxet i el Farró","084","Ciclomotors",22.76
2023,"05","Sarrià-St. Gervasi","27","el Putxet i el Farró","084","Furgonetes",22.76
2023,"05","Sarrià-St. Gervasi","27","el Putxet i el Farró","084","Camions",0.73
2023,"05","Sarrià-St. Gervasi","27","el Putxet i el Farró","084","Resta de vehicles",2.2
2023,"05","Sarrià-St. Gervasi","27","el Putxet i el Farró","085","Turismes",252.45
2023,"05","Sarrià-St. Gervasi","27","el Putxet i el Farró","085","Motos",183.87
2023,"05","Sarrià-St. Gervasi","27","el Putxet i el Farró","085","Ciclomotors",23.36
2023,"05","Sarrià-St. Gervasi","27","el Putxet i el Farró","085","Furgonetes",19.59
2023,"05","Sarrià-St. Gervasi","27","el Putxet i el Farró","085","Camions",6.03
2023,"05","Sarrià-St. Gervasi","27","el Putxet i el Farró","085","Resta de vehicles",8.29
2023,"05","Sarrià-St. Gervasi","27","el Putxet i el Farró","086","Turismes",291.82
2023,"05","Sarrià-St. Gervasi","27","el Putxet i el Farró","086","Motos",174.79
2023,"05","Sarrià-St. Gervasi","27","el Putxet i el Farró","086","Ciclomotors",18
2023,"05","Sarrià-St. Gervasi","27","el Putxet i el Farró","086","Furgonetes",41.26
2023,"05","Sarrià-St. Gervasi","27","el Putxet i el Farró","086","Camions",3.75
2023,"05","Sarrià-St. Gervasi","27","el Putxet i el Farró","086","Resta de vehicles",5.25
2023,"05","Sarrià-St. Gervasi","27","el Putxet i el Farró","087","Turismes",307.69
2023,"05","Sarrià-St. Gervasi","27","el Putxet i el Farró","087","Motos",240
2023,"05","Sarrià-St. Gervasi","27","el Putxet i el Farró","087","Ciclomotors",28.31
2023,"05","Sarrià-St. Gervasi","27","el Putxet i el Farró","087","Furgonetes",16
2023,"05","Sarrià-St. Gervasi","27","el Putxet i el Farró","087","Camions",3.08
2023,"05","Sarrià-St. Gervasi","27","el Putxet i el Farró","087","Resta de vehicles",3.69
2023,"05","Sarrià-St. Gervasi","27","el Putxet i el Farró","088","Turismes",305.34
2023,"05","Sarrià-St. Gervasi","27","el Putxet i el Farró","088","Motos",211.35
2023,"05","Sarrià-St. Gervasi","27","el Putxet i el Farró","088","Ciclomotors",26.14
2023,"05","Sarrià-St. Gervasi","27","el Putxet i el Farró","088","Furgonetes",18.35
2023,"05","Sarrià-St. Gervasi","27","el Putxet i el Farró","088","Camions",1.11
2023,"05","Sarrià-St. Gervasi","27","el Putxet i el Farró","088","Resta de vehicles",2.22
2023,"05","Sarrià-St. Gervasi","27","el Putxet i el Farró","089","Turismes",326.09
2023,"05","Sarrià-St. Gervasi","27","el Putxet i el Farró","089","Motos",197.28
2023,"05","Sarrià-St. Gervasi","27","el Putxet i el Farró","089","Ciclomotors",20.65
2023,"05","Sarrià-St. Gervasi","27","el Putxet i el Farró","089","Furgonetes",16.3
2023,"05","Sarrià-St. Gervasi","27","el Putxet i el Farró","089","Camions",5.98
2023,"05","Sarrià-St. Gervasi","27","el Putxet i el Farró","089","Resta de vehicles",2.72
2023,"05","Sarrià-St. Gervasi","27","el Putxet i el Farró","090","Turismes",336.58
2023,"05","Sarrià-St. Gervasi","27","el Putxet i el Farró","090","Motos",221.32
2023,"05","Sarrià-St. Gervasi","27","el Putxet i el Farró","090","Ciclomotors",27.06
2023,"05","Sarrià-St. Gervasi","27","el Putxet i el Farró","090","Furgonetes",16.23
2023,"05","Sarrià-St. Gervasi","27","el Putxet i el Farró","090","Camions",2.71
2023,"05","Sarrià-St. Gervasi","27","el Putxet i el Farró","090","Resta de vehicles",9.74
2023,"05","Sarrià-St. Gervasi","27","el Putxet i el Farró","091","Turismes",307.79
2023,"05","Sarrià-St. Gervasi","27","el Putxet i el Farró","091","Motos",216.88
2023,"05","Sarrià-St. Gervasi","27","el Putxet i el Farró","091","Ciclomotors",23.38
2023,"05","Sarrià-St. Gervasi","27","el Putxet i el Farró","091","Furgonetes",11.69
2023,"05","Sarrià-St. Gervasi","27","el Putxet i el Farró","091","Camions",3.25
2023,"05","Sarrià-St. Gervasi","27","el Putxet i el Farró","091","Resta de vehicles",3.25
2023,"05","Sarrià-St. Gervasi","27","el Putxet i el Farró","092","Turismes",363.58
2023,"05","Sarrià-St. Gervasi","27","el Putxet i el Farró","092","Motos",200.97
2023,"05","Sarrià-St. Gervasi","27","el Putxet i el Farró","092","Ciclomotors",26.8
2023,"05","Sarrià-St. Gervasi","27","el Putxet i el Farró","092","Furgonetes",15.23
2023,"05","Sarrià-St. Gervasi","27","el Putxet i el Farró","092","Camions",4.26
2023,"05","Sarrià-St. Gervasi","27","el Putxet i el Farró","092","Resta de vehicles",7.31
2023,"05","Sarrià-St. Gervasi","27","el Putxet i el Farró","093","Turismes",375.66
2023,"05","Sarrià-St. Gervasi","27","el Putxet i el Farró","093","Motos",267.2
2023,"05","Sarrià-St. Gervasi","27","el Putxet i el Farró","093","Ciclomotors",27.34
2023,"05","Sarrià-St. Gervasi","27","el Putxet i el Farró","093","Furgonetes",16.75
2023,"05","Sarrià-St. Gervasi","27","el Putxet i el Farró","093","Camions",1.76
2023,"05","Sarrià-St. Gervasi","27","el Putxet i el Farró","093","Resta de vehicles",7.94
2023,"05","Sarrià-St. Gervasi","27","el Putxet i el Farró","094","Turismes",336.11
2023,"05","Sarrià-St. Gervasi","27","el Putxet i el Farró","094","Motos",251.81
2023,"05","Sarrià-St. Gervasi","27","el Putxet i el Farró","094","Ciclomotors",27.86
2023,"05","Sarrià-St. Gervasi","27","el Putxet i el Farró","094","Furgonetes",15.56
2023,"05","Sarrià-St. Gervasi","27","el Putxet i el Farró","094","Camions",3.98
2023,"05","Sarrià-St. Gervasi","27","el Putxet i el Farró","094","Resta de vehicles",5.43
2023,"05","Sarrià-St. Gervasi","27","el Putxet i el Farró","095","Turismes",280.83
2023,"05","Sarrià-St. Gervasi","27","el Putxet i el Farró","095","Motos",198.82
2023,"05","Sarrià-St. Gervasi","27","el Putxet i el Farró","095","Ciclomotors",28.91
2023,"05","Sarrià-St. Gervasi","27","el Putxet i el Farró","095","Furgonetes",14.75
2023,"05","Sarrià-St. Gervasi","27","el Putxet i el Farró","095","Camions",1.77
2023,"05","Sarrià-St. Gervasi","27","el Putxet i el Farró","095","Resta de vehicles",1.77
2023,"05","Sarrià-St. Gervasi","27","el Putxet i el Farró","096","Turismes",296.93
2023,"05","Sarrià-St. Gervasi","27","el Putxet i el Farró","096","Motos",185.92
2023,"05","Sarrià-St. Gervasi","27","el Putxet i el Farró","096","Ciclomotors",27.98
2023,"05","Sarrià-St. Gervasi","27","el Putxet i el Farró","096","Furgonetes",9.93
2023,"05","Sarrià-St. Gervasi","27","el Putxet i el Farró","096","Camions",1.81
2023,"05","Sarrià-St. Gervasi","27","el Putxet i el Farró","096","Resta de vehicles",3.61
2023,"05","Sarrià-St. Gervasi","27","el Putxet i el Farró","097","Turismes",397.92
2023,"05","Sarrià-St. Gervasi","27","el Putxet i el Farró","097","Motos",279.95
2023,"05","Sarrià-St. Gervasi","27","el Putxet i el Farró","097","Ciclomotors",23.23
2023,"05","Sarrià-St. Gervasi","27","el Putxet i el Farró","097","Furgonetes",20.17
2023,"05","Sarrià-St. Gervasi","27","el Putxet i el Farró","097","Camions",5.5
2023,"05","Sarrià-St. Gervasi","27","el Putxet i el Farró","097","Resta de vehicles",7.95
2023,"05","Sarrià-St. Gervasi","27","el Putxet i el Farró","098","Turismes",314.99
2023,"05","Sarrià-St. Gervasi","27","el Putxet i el Farró","098","Motos",212.2
2023,"05","Sarrià-St. Gervasi","27","el Putxet i el Farró","098","Ciclomotors",25.86
2023,"05","Sarrià-St. Gervasi","27","el Putxet i el Farró","098","Furgonetes",9.95
2023,"05","Sarrià-St. Gervasi","27","el Putxet i el Farró","098","Camions",3.32
2023,"05","Sarrià-St. Gervasi","27","el Putxet i el Farró","098","Resta de vehicles",2.65
2023,"06","Gràcia","28","Vallcarca i els Penitents","001","Turismes",270.51
2023,"06","Gràcia","28","Vallcarca i els Penitents","001","Motos",172.22
2023,"06","Gràcia","28","Vallcarca i els Penitents","001","Ciclomotors",19.5
2023,"06","Gràcia","28","Vallcarca i els Penitents","001","Furgonetes",31.68
2023,"06","Gràcia","28","Vallcarca i els Penitents","001","Camions",4.06
2023,"06","Gràcia","28","Vallcarca i els Penitents","001","Resta de vehicles",5.69
2023,"06","Gràcia","28","Vallcarca i els Penitents","002","Turismes",289.38
2023,"06","Gràcia","28","Vallcarca i els Penitents","002","Motos",155.51
2023,"06","Gràcia","28","Vallcarca i els Penitents","002","Ciclomotors",21.64
2023,"06","Gràcia","28","Vallcarca i els Penitents","002","Furgonetes",14.87
2023,"06","Gràcia","28","Vallcarca i els Penitents","002","Camions",5.41
2023,"06","Gràcia","28","Vallcarca i els Penitents","002","Resta de vehicles",4.06
2023,"06","Gràcia","28","Vallcarca i els Penitents","003","Turismes",301.72
2023,"06","Gràcia","28","Vallcarca i els Penitents","003","Motos",175.41
2023,"06","Gràcia","28","Vallcarca i els Penitents","003","Ciclomotors",27.28
2023,"06","Gràcia","28","Vallcarca i els Penitents","003","Furgonetes",22.66
2023,"06","Gràcia","28","Vallcarca i els Penitents","003","Camions",5.04
2023,"06","Gràcia","28","Vallcarca i els Penitents","003","Resta de vehicles",7.13
2023,"06","Gràcia","28","Vallcarca i els Penitents","004","Turismes",327.12
2023,"06","Gràcia","28","Vallcarca i els Penitents","004","Motos",190.1
2023,"06","Gràcia","28","Vallcarca i els Penitents","004","Ciclomotors",28.69
2023,"06","Gràcia","28","Vallcarca i els Penitents","004","Furgonetes",35.15
2023,"06","Gràcia","28","Vallcarca i els Penitents","004","Camions",5.02
2023,"06","Gràcia","28","Vallcarca i els Penitents","004","Resta de vehicles",3.59
2023,"06","Gràcia","28","Vallcarca i els Penitents","006","Turismes",376.95
2023,"06","Gràcia","28","Vallcarca i els Penitents","006","Motos",224.61
2023,"06","Gràcia","28","Vallcarca i els Penitents","006","Ciclomotors",26.37
2023,"06","Gràcia","28","Vallcarca i els Penitents","006","Furgonetes",17.58
2023,"06","Gràcia","28","Vallcarca i els Penitents","006","Camions",3.91
2023,"06","Gràcia","28","Vallcarca i els Penitents","006","Resta de vehicles",4.88
2023,"06","Gràcia","28","Vallcarca i els Penitents","007","Turismes",302.74
2023,"06","Gràcia","28","Vallcarca i els Penitents","007","Motos",171.07
2023,"06","Gràcia","28","Vallcarca i els Penitents","007","Ciclomotors",22.94
2023,"06","Gràcia","28","Vallcarca i els Penitents","007","Furgonetes",19.95
2023,"06","Gràcia","28","Vallcarca i els Penitents","007","Camions",1.5
2023,"06","Gràcia","28","Vallcarca i els Penitents","007","Resta de vehicles",2
2023,"06","Gràcia","28","Vallcarca i els Penitents","008","Turismes",282.86
2023,"06","Gràcia","28","Vallcarca i els Penitents","008","Motos",185.41
2023,"06","Gràcia","28","Vallcarca i els Penitents","008","Ciclomotors",27.99
2023,"06","Gràcia","28","Vallcarca i els Penitents","008","Furgonetes",11.49
2023,"06","Gràcia","28","Vallcarca i els Penitents","008","Camions",3.5
2023,"06","Gràcia","28","Vallcarca i els Penitents","008","Resta de vehicles",3.5
2023,"06","Gràcia","28","Vallcarca i els Penitents","009","Turismes",416.67
2023,"06","Gràcia","28","Vallcarca i els Penitents","009","Motos",274.46
2023,"06","Gràcia","28","Vallcarca i els Penitents","009","Ciclomotors",35.93
2023,"06","Gràcia","28","Vallcarca i els Penitents","009","Furgonetes",19.88
2023,"06","Gràcia","28","Vallcarca i els Penitents","009","Camions",7.65
2023,"06","Gràcia","28","Vallcarca i els Penitents","009","Resta de vehicles",9.17
2023,"06","Gràcia","28","Vallcarca i els Penitents","010","Turismes",388.28
2023,"06","Gràcia","28","Vallcarca i els Penitents","010","Motos",183.71
2023,"06","Gràcia","28","Vallcarca i els Penitents","010","Ciclomotors",28.8
2023,"06","Gràcia","28","Vallcarca i els Penitents","010","Furgonetes",11.92
2023,"06","Gràcia","28","Vallcarca i els Penitents","010","Camions",4.97
2023,"06","Gràcia","28","Vallcarca i els Penitents","010","Resta de vehicles",7.94
2023,"06","Gràcia","28","Vallcarca i els Penitents","011","Turismes",401.69
2023,"06","Gràcia","28","Vallcarca i els Penitents","011","Motos",178.96
2023,"06","Gràcia","28","Vallcarca i els Penitents","011","Ciclomotors",21.51
2023,"06","Gràcia","28","Vallcarca i els Penitents","011","Furgonetes",14.59
2023,"06","Gràcia","28","Vallcarca i els Penitents","011","Camions",3.07
2023,"06","Gràcia","28","Vallcarca i els Penitents","011","Resta de vehicles",3.84
2023,"06","Gràcia","28","Vallcarca i els Penitents","012","Turismes",338.63
2023,"06","Gràcia","28","Vallcarca i els Penitents","012","Motos",208.19
2023,"06","Gràcia","28","Vallcarca i els Penitents","012","Ciclomotors",19.23
2023,"06","Gràcia","28","Vallcarca i els Penitents","012","Furgonetes",10.03
2023,"06","Gràcia","28","Vallcarca i els Penitents","012","Camions",0.84
2023,"06","Gràcia","28","Vallcarca i els Penitents","012","Resta de vehicles",5.85
2023,"06","Gràcia","29","el Coll","013","Turismes",273.08
2023,"06","Gràcia","29","el Coll","013","Motos",190.71
2023,"06","Gràcia","29","el Coll","013","Ciclomotors",25.98
2023,"06","Gràcia","29","el Coll","013","Furgonetes",19.9
2023,"06","Gràcia","29","el Coll","013","Camions",3.87
2023,"06","Gràcia","29","el Coll","013","Resta de vehicles",4.42
2023,"06","Gràcia","29","el Coll","014","Turismes",270.82
2023,"06","Gràcia","29","el Coll","014","Motos",142.06
2023,"06","Gràcia","29","el Coll","014","Ciclomotors",25.19
2023,"06","Gràcia","29","el Coll","014","Furgonetes",9.1
2023,"06","Gràcia","29","el Coll","014","Camions",2.1
2023,"06","Gràcia","29","el Coll","014","Resta de vehicles",2.1
2023,"06","Gràcia","29","el Coll","015","Turismes",264.24
2023,"06","Gràcia","29","el Coll","015","Motos",194.92
2023,"06","Gràcia","29","el Coll","015","Ciclomotors",40.49
2023,"06","Gràcia","29","el Coll","015","Furgonetes",26.77
2023,"06","Gràcia","29","el Coll","015","Camions",4.12
2023,"06","Gràcia","29","el Coll","015","Resta de vehicles",6.86
2023,"06","Gràcia","29","el Coll","016","Turismes",250
2023,"06","Gràcia","29","el Coll","016","Motos",153.85
2023,"06","Gràcia","29","el Coll","016","Ciclomotors",24.81
2023,"06","Gràcia","29","el Coll","016","Furgonetes",15.51
2023,"06","Gràcia","29","el Coll","016","Camions",7.44
2023,"06","Gràcia","29","el Coll","016","Resta de vehicles",3.1
2023,"06","Gràcia","29","el Coll","017","Turismes",263.08
2023,"06","Gràcia","29","el Coll","017","Motos",181.44
2023,"06","Gràcia","29","el Coll","017","Ciclomotors",25.12
2023,"06","Gràcia","29","el Coll","017","Furgonetes",16.75
2023,"06","Gràcia","29","el Coll","017","Camions",4.19
2023,"06","Gràcia","29","el Coll","017","Resta de vehicles",8.37
2023,"06","Gràcia","30","la Salut","018","Turismes",269.75
2023,"06","Gràcia","30","la Salut","018","Motos",205.66
2023,"06","Gràcia","30","la Salut","018","Ciclomotors",35.02
2023,"06","Gràcia","30","la Salut","018","Furgonetes",23.85
2023,"06","Gràcia","30","la Salut","018","Camions",3.73
2023,"06","Gràcia","30","la Salut","018","Resta de vehicles",4.47
2023,"06","Gràcia","30","la Salut","019","Turismes",282.22
2023,"06","Gràcia","30","la Salut","019","Motos",184.28
2023,"06","Gràcia","30","la Salut","019","Ciclomotors",32.86
2023,"06","Gràcia","30","la Salut","019","Furgonetes",31.57
2023,"06","Gràcia","30","la Salut","019","Camions",5.8
2023,"06","Gràcia","30","la Salut","019","Resta de vehicles",3.22
2023,"06","Gràcia","30","la Salut","020","Turismes",242.07
2023,"06","Gràcia","30","la Salut","020","Motos",141.07
2023,"06","Gràcia","30","la Salut","020","Ciclomotors",30.05
2023,"06","Gràcia","30","la Salut","020","Furgonetes",19.2
2023,"06","Gràcia","30","la Salut","020","Camions",9.18
2023,"06","Gràcia","30","la Salut","020","Resta de vehicles",5.84
2023,"06","Gràcia","30","la Salut","021","Turismes",307.24
2023,"06","Gràcia","30","la Salut","021","Motos",143.38
2023,"06","Gràcia","30","la Salut","021","Ciclomotors",23.41
2023,"06","Gràcia","30","la Salut","021","Furgonetes",16.83
2023,"06","Gràcia","30","la Salut","021","Camions",2.19
2023,"06","Gràcia","30","la Salut","021","Resta de vehicles",8.05
2023,"06","Gràcia","30","la Salut","022","Turismes",282.8
2023,"06","Gràcia","30","la Salut","022","Motos",185.86
2023,"06","Gràcia","30","la Salut","022","Ciclomotors",26.97
2023,"06","Gràcia","30","la Salut","022","Furgonetes",26.97
2023,"06","Gràcia","30","la Salut","022","Camions",5.83
2023,"06","Gràcia","30","la Salut","022","Resta de vehicles",10.93
2023,"06","Gràcia","30","la Salut","023","Turismes",419.69
2023,"06","Gràcia","30","la Salut","023","Motos",195.28
2023,"06","Gràcia","30","la Salut","023","Ciclomotors",25.2
2023,"06","Gràcia","30","la Salut","023","Furgonetes",16.54
2023,"06","Gràcia","30","la Salut","023","Camions",5.51
2023,"06","Gràcia","30","la Salut","023","Resta de vehicles",7.09
2023,"06","Gràcia","30","la Salut","024","Turismes",287.06
2023,"06","Gràcia","30","la Salut","024","Motos",185.29
2023,"06","Gràcia","30","la Salut","024","Ciclomotors",30.59
2023,"06","Gràcia","30","la Salut","024","Furgonetes",21.76
2023,"06","Gràcia","30","la Salut","024","Camions",1.18
2023,"06","Gràcia","30","la Salut","024","Resta de vehicles",5.29
2023,"06","Gràcia","30","la Salut","025","Turismes",312.19
2023,"06","Gràcia","30","la Salut","025","Motos",162.79
2023,"06","Gràcia","30","la Salut","025","Ciclomotors",16.21
2023,"06","Gràcia","30","la Salut","025","Furgonetes",7.75
2023,"06","Gràcia","30","la Salut","025","Camions",0.7
2023,"06","Gràcia","30","la Salut","025","Resta de vehicles",4.23
2023,"06","Gràcia","30","la Salut","026","Turismes",247.02
2023,"06","Gràcia","30","la Salut","026","Motos",138.66
2023,"06","Gràcia","30","la Salut","026","Ciclomotors",17.45
2023,"06","Gràcia","30","la Salut","026","Furgonetes",8.26
2023,"06","Gràcia","30","la Salut","026","Camions",1.84
2023,"06","Gràcia","30","la Salut","026","Resta de vehicles",4.59
2023,"06","Gràcia","30","la Salut","027","Turismes",308.8
2023,"06","Gràcia","30","la Salut","027","Motos",163.28
2023,"06","Gràcia","30","la Salut","027","Ciclomotors",20.3
2023,"06","Gràcia","30","la Salut","027","Furgonetes",19.46
2023,"06","Gràcia","30","la Salut","027","Camions",3.38
2023,"06","Gràcia","30","la Salut","027","Resta de vehicles",5.08
2023,"06","Gràcia","31","la Vila de Gràcia","028","Turismes",234.38
2023,"06","Gràcia","31","la Vila de Gràcia","028","Motos",133.18
2023,"06","Gràcia","31","la Vila de Gràcia","028","Ciclomotors",20.83
2023,"06","Gràcia","31","la Vila de Gràcia","028","Furgonetes",14.88
2023,"06","Gràcia","31","la Vila de Gràcia","028","Camions",2.98
2023,"06","Gràcia","31","la Vila de Gràcia","028","Resta de vehicles",2.23
2023,"06","Gràcia","31","la Vila de Gràcia","029","Turismes",240.3
2023,"06","Gràcia","31","la Vila de Gràcia","029","Motos",172.39
2023,"06","Gràcia","31","la Vila de Gràcia","029","Ciclomotors",15.67
2023,"06","Gràcia","31","la Vila de Gràcia","029","Furgonetes",11.19
2023,"06","Gràcia","31","la Vila de Gràcia","029","Camions",2.99
2023,"06","Gràcia","31","la Vila de Gràcia","029","Resta de vehicles",7.46
2023,"06","Gràcia","31","la Vila de Gràcia","030","Turismes",228.74
2023,"06","Gràcia","31","la Vila de Gràcia","030","Motos",144.43
2023,"06","Gràcia","31","la Vila de Gràcia","030","Ciclomotors",25.66
2023,"06","Gràcia","31","la Vila de Gràcia","030","Furgonetes",13.93
2023,"06","Gràcia","31","la Vila de Gràcia","030","Camions",5.87
2023,"06","Gràcia","31","la Vila de Gràcia","030","Resta de vehicles",7.33
2023,"06","Gràcia","31","la Vila de Gràcia","031","Turismes",243.47
2023,"06","Gràcia","31","la Vila de Gràcia","031","Motos",153.92
2023,"06","Gràcia","31","la Vila de Gràcia","031","Ciclomotors",21.46
2023,"06","Gràcia","31","la Vila de Gràcia","031","Furgonetes",22.39
2023,"06","Gràcia","31","la Vila de Gràcia","031","Camions",3.73
2023,"06","Gràcia","31","la Vila de Gràcia","031","Resta de vehicles",3.73
2023,"06","Gràcia","31","la Vila de Gràcia","032","Turismes",245.41
2023,"06","Gràcia","31","la Vila de Gràcia","032","Motos",158.95
2023,"06","Gràcia","31","la Vila de Gràcia","032","Ciclomotors",20.09
2023,"06","Gràcia","31","la Vila de Gràcia","032","Furgonetes",14.85
2023,"06","Gràcia","31","la Vila de Gràcia","032","Camions",4.37
2023,"06","Gràcia","31","la Vila de Gràcia","032","Resta de vehicles",13.1
2023,"06","Gràcia","31","la Vila de Gràcia","033","Turismes",227.34
2023,"06","Gràcia","31","la Vila de Gràcia","033","Motos",160.16
2023,"06","Gràcia","31","la Vila de Gràcia","033","Ciclomotors",24.22
2023,"06","Gràcia","31","la Vila de Gràcia","033","Furgonetes",19.53
2023,"06","Gràcia","31","la Vila de Gràcia","033","Camions",3.12
2023,"06","Gràcia","31","la Vila de Gràcia","033","Resta de vehicles",4.69
2023,"06","Gràcia","31","la Vila de Gràcia","034","Turismes",405.24
2023,"06","Gràcia","31","la Vila de Gràcia","034","Motos",152.84
2023,"06","Gràcia","31","la Vila de Gràcia","034","Ciclomotors",22.71
2023,"06","Gràcia","31","la Vila de Gràcia","034","Furgonetes",10.48
2023,"06","Gràcia","31","la Vila de Gràcia","034","Camions",3.49
2023,"06","Gràcia","31","la Vila de Gràcia","034","Resta de vehicles",0.87
2023,"06","Gràcia","31","la Vila de Gràcia","035","Turismes",265.38
2023,"06","Gràcia","31","la Vila de Gràcia","035","Motos",144.17
2023,"06","Gràcia","31","la Vila de Gràcia","035","Ciclomotors",12.86
2023,"06","Gràcia","31","la Vila de Gràcia","035","Furgonetes",15.61
2023,"06","Gràcia","31","la Vila de Gràcia","035","Camions",1.84
2023,"06","Gràcia","31","la Vila de Gràcia","035","Resta de vehicles",9.18
2023,"06","Gràcia","31","la Vila de Gràcia","036","Turismes",255.67
2023,"06","Gràcia","31","la Vila de Gràcia","036","Motos",168.56
2023,"06","Gràcia","31","la Vila de Gràcia","036","Ciclomotors",17.71
2023,"06","Gràcia","31","la Vila de Gràcia","036","Furgonetes",21.95
2023,"06","Gràcia","31","la Vila de Gràcia","036","Camions",133.14
2023,"06","Gràcia","31","la Vila de Gràcia","036","Resta de vehicles",48.87
2023,"06","Gràcia","31","la Vila de Gràcia","037","Turismes",274.75
2023,"06","Gràcia","31","la Vila de Gràcia","037","Motos",158.19
2023,"06","Gràcia","31","la Vila de Gràcia","037","Ciclomotors",32.38
2023,"06","Gràcia","31","la Vila de Gràcia","037","Furgonetes",24.05
2023,"06","Gràcia","31","la Vila de Gràcia","037","Camions",9.25
2023,"06","Gràcia","31","la Vila de Gràcia","037","Resta de vehicles",9.25
2023,"06","Gràcia","31","la Vila de Gràcia","038","Turismes",213.58
2023,"06","Gràcia","31","la Vila de Gràcia","038","Motos",129.2
2023,"06","Gràcia","31","la Vila de Gràcia","038","Ciclomotors",17.8
2023,"06","Gràcia","31","la Vila de Gràcia","038","Furgonetes",15.16
2023,"06","Gràcia","31","la Vila de Gràcia","038","Camions",0.66
2023,"06","Gràcia","31","la Vila de Gràcia","038","Resta de vehicles",4.61
2023,"06","Gràcia","31","la Vila de Gràcia","039","Turismes",179.44
2023,"06","Gràcia","31","la Vila de Gràcia","039","Motos",132.71
2023,"06","Gràcia","31","la Vila de Gràcia","039","Ciclomotors",24.3
2023,"06","Gràcia","31","la Vila de Gràcia","039","Furgonetes",15.58
2023,"06","Gràcia","31","la Vila de Gràcia","039","Camions",4.36
2023,"06","Gràcia","31","la Vila de Gràcia","039","Resta de vehicles",2.49
2023,"06","Gràcia","31","la Vila de Gràcia","040","Turismes",233.25
2023,"06","Gràcia","31","la Vila de Gràcia","040","Motos",168.66
2023,"06","Gràcia","31","la Vila de Gràcia","040","Ciclomotors",14.35
2023,"06","Gràcia","31","la Vila de Gràcia","040","Furgonetes",17.94
2023,"06","Gràcia","31","la Vila de Gràcia","040","Camions",1.2
2023,"06","Gràcia","31","la Vila de Gràcia","040","Resta de vehicles",5.38
2023,"06","Gràcia","31","la Vila de Gràcia","041","Turismes",216.99
2023,"06","Gràcia","31","la Vila de Gràcia","041","Motos",157.86
2023,"06","Gràcia","31","la Vila de Gràcia","041","Ciclomotors",18.37
2023,"06","Gràcia","31","la Vila de Gràcia","041","Furgonetes",8.61
2023,"06","Gràcia","31","la Vila de Gràcia","041","Camions",3.44
2023,"06","Gràcia","31","la Vila de Gràcia","041","Resta de vehicles",4.59
2023,"06","Gràcia","31","la Vila de Gràcia","042","Turismes",244.87
2023,"06","Gràcia","31","la Vila de Gràcia","042","Motos",170.47
2023,"06","Gràcia","31","la Vila de Gràcia","042","Ciclomotors",19.92
2023,"06","Gràcia","31","la Vila de Gràcia","042","Furgonetes",25.19
2023,"06","Gràcia","31","la Vila de Gràcia","042","Camions",12.89
2023,"06","Gràcia","31","la Vila de Gràcia","042","Resta de vehicles",2.93
2023,"06","Gràcia","31","la Vila de Gràcia","043","Turismes",263.41
2023,"06","Gràcia","31","la Vila de Gràcia","043","Motos",176.66
2023,"06","Gràcia","31","la Vila de Gràcia","043","Ciclomotors",22.87
2023,"06","Gràcia","31","la Vila de Gràcia","043","Furgonetes",18.93
2023,"06","Gràcia","31","la Vila de Gràcia","043","Camions",4.73
2023,"06","Gràcia","31","la Vila de Gràcia","043","Resta de vehicles",7.1
2023,"06","Gràcia","31","la Vila de Gràcia","044","Turismes",395.6
2023,"06","Gràcia","31","la Vila de Gràcia","044","Motos",214.9
2023,"06","Gràcia","31","la Vila de Gràcia","044","Ciclomotors",20.15
2023,"06","Gràcia","31","la Vila de Gràcia","044","Furgonetes",42.12
2023,"06","Gràcia","31","la Vila de Gràcia","044","Camions",56.78
2023,"06","Gràcia","31","la Vila de Gràcia","044","Resta de vehicles",25.03
2023,"06","Gràcia","31","la Vila de Gràcia","045","Turismes",290.14
2023,"06","Gràcia","31","la Vila de Gràcia","045","Motos",171.7
2023,"06","Gràcia","31","la Vila de Gràcia","045","Ciclomotors",21.46
2023,"06","Gràcia","31","la Vila de Gràcia","045","Furgonetes",39.75
2023,"06","Gràcia","31","la Vila de Gràcia","045","Camions",13.51
2023,"06","Gràcia","31","la Vila de Gràcia","045","Resta de vehicles",11.13
2023,"06","Gràcia","31","la Vila de Gràcia","046","Turismes",208.49
2023,"06","Gràcia","31","la Vila de Gràcia","046","Motos",127.31
2023,"06","Gràcia","31","la Vila de Gràcia","046","Ciclomotors",21.22
2023,"06","Gràcia","31","la Vila de Gràcia","046","Furgonetes",19.37
2023,"06","Gràcia","31","la Vila de Gràcia","046","Camions",2.77
2023,"06","Gràcia","31","la Vila de Gràcia","046","Resta de vehicles",2.77
2023,"06","Gràcia","31","la Vila de Gràcia","047","Turismes",169.34
2023,"06","Gràcia","31","la Vila de Gràcia","047","Motos",125.2
2023,"06","Gràcia","31","la Vila de Gràcia","047","Ciclomotors",20.06
2023,"06","Gràcia","31","la Vila de Gràcia","047","Furgonetes",17.66
2023,"06","Gràcia","31","la Vila de Gràcia","047","Camions",2.41
2023,"06","Gràcia","31","la Vila de Gràcia","047","Resta de vehicles",4.01
2023,"06","Gràcia","31","la Vila de Gràcia","048","Turismes",245.01
2023,"06","Gràcia","31","la Vila de Gràcia","048","Motos",152.42
2023,"06","Gràcia","31","la Vila de Gràcia","048","Ciclomotors",27.07
2023,"06","Gràcia","31","la Vila de Gràcia","048","Furgonetes",14.96
2023,"06","Gràcia","31","la Vila de Gràcia","048","Camions",3.56
2023,"06","Gràcia","31","la Vila de Gràcia","048","Resta de vehicles",2.14
2023,"06","Gràcia","31","la Vila de Gràcia","049","Turismes",182.07
2023,"06","Gràcia","31","la Vila de Gràcia","049","Motos",135.41
2023,"06","Gràcia","31","la Vila de Gràcia","049","Ciclomotors",28.36
2023,"06","Gràcia","31","la Vila de Gràcia","049","Furgonetes",16.47
2023,"06","Gràcia","31","la Vila de Gràcia","049","Camions",3.66
2023,"06","Gràcia","31","la Vila de Gràcia","049","Resta de vehicles",4.57
2023,"06","Gràcia","31","la Vila de Gràcia","050","Turismes",161.98
2023,"06","Gràcia","31","la Vila de Gràcia","050","Motos",133.08
2023,"06","Gràcia","31","la Vila de Gràcia","050","Ciclomotors",22.81
2023,"06","Gràcia","31","la Vila de Gràcia","050","Furgonetes",17.49
2023,"06","Gràcia","31","la Vila de Gràcia","050","Camions",6.84
2023,"06","Gràcia","31","la Vila de Gràcia","050","Resta de vehicles",6.08
2023,"06","Gràcia","31","la Vila de Gràcia","051","Turismes",186.66
2023,"06","Gràcia","31","la Vila de Gràcia","051","Motos",129.22
2023,"06","Gràcia","31","la Vila de Gràcia","051","Ciclomotors",28.72
2023,"06","Gràcia","31","la Vila de Gràcia","051","Furgonetes",17.74
2023,"06","Gràcia","31","la Vila de Gràcia","051","Camions",2.53
2023,"06","Gràcia","31","la Vila de Gràcia","051","Resta de vehicles",4.22
2023,"06","Gràcia","31","la Vila de Gràcia","052","Turismes",230.34
2023,"06","Gràcia","31","la Vila de Gràcia","052","Motos",151.72
2023,"06","Gràcia","31","la Vila de Gràcia","052","Ciclomotors",21.38
2023,"06","Gràcia","31","la Vila de Gràcia","052","Furgonetes",22.07
2023,"06","Gràcia","31","la Vila de Gràcia","052","Camions",9.66
2023,"06","Gràcia","31","la Vila de Gràcia","052","Resta de vehicles",1.38
2023,"06","Gràcia","31","la Vila de Gràcia","053","Turismes",184.33
2023,"06","Gràcia","31","la Vila de Gràcia","053","Motos",134.23
2023,"06","Gràcia","31","la Vila de Gràcia","053","Ciclomotors",23.76
2023,"06","Gràcia","31","la Vila de Gràcia","053","Furgonetes",13.49
2023,"06","Gràcia","31","la Vila de Gràcia","053","Camions",1.93
2023,"06","Gràcia","31","la Vila de Gràcia","053","Resta de vehicles",4.5
2023,"06","Gràcia","31","la Vila de Gràcia","054","Turismes",205.94
2023,"06","Gràcia","31","la Vila de Gràcia","054","Motos",125.08
2023,"06","Gràcia","31","la Vila de Gràcia","054","Ciclomotors",18.32
2023,"06","Gràcia","31","la Vila de Gràcia","054","Furgonetes",17.69
2023,"06","Gràcia","31","la Vila de Gràcia","054","Camions",6.32
2023,"06","Gràcia","31","la Vila de Gràcia","054","Resta de vehicles",3.79
2023,"06","Gràcia","31","la Vila de Gràcia","055","Turismes",187.59
2023,"06","Gràcia","31","la Vila de Gràcia","055","Motos",107.3
2023,"06","Gràcia","31","la Vila de Gràcia","055","Ciclomotors",15.33
2023,"06","Gràcia","31","la Vila de Gràcia","055","Furgonetes",12.41
2023,"06","Gràcia","31","la Vila de Gràcia","055","Camions",3.65
2023,"06","Gràcia","31","la Vila de Gràcia","055","Resta de vehicles",5.84
2023,"06","Gràcia","31","la Vila de Gràcia","056","Turismes",181.71
2023,"06","Gràcia","31","la Vila de Gràcia","056","Motos",115.12
2023,"06","Gràcia","31","la Vila de Gràcia","056","Ciclomotors",17.42
2023,"06","Gràcia","31","la Vila de Gràcia","056","Furgonetes",25.51
2023,"06","Gràcia","31","la Vila de Gràcia","056","Camions",5.6
2023,"06","Gràcia","31","la Vila de Gràcia","056","Resta de vehicles",8.09
2023,"06","Gràcia","31","la Vila de Gràcia","057","Turismes",188.12
2023,"06","Gràcia","31","la Vila de Gràcia","057","Motos",126.07
2023,"06","Gràcia","31","la Vila de Gràcia","057","Ciclomotors",27.06
2023,"06","Gràcia","31","la Vila de Gràcia","057","Furgonetes",24.42
2023,"06","Gràcia","31","la Vila de Gràcia","057","Camions",4.62
2023,"06","Gràcia","31","la Vila de Gràcia","057","Resta de vehicles",3.96
2023,"06","Gràcia","31","la Vila de Gràcia","058","Turismes",226.85
2023,"06","Gràcia","31","la Vila de Gràcia","058","Motos",150.64
2023,"06","Gràcia","31","la Vila de Gràcia","058","Ciclomotors",21.1
2023,"06","Gràcia","31","la Vila de Gràcia","058","Furgonetes",29.89
2023,"06","Gràcia","31","la Vila de Gràcia","058","Camions",13.48
2023,"06","Gràcia","31","la Vila de Gràcia","058","Resta de vehicles",4.1
2023,"06","Gràcia","31","la Vila de Gràcia","059","Turismes",235.02
2023,"06","Gràcia","31","la Vila de Gràcia","059","Motos",124.58
2023,"06","Gràcia","31","la Vila de Gràcia","059","Ciclomotors",26.94
2023,"06","Gràcia","31","la Vila de Gràcia","059","Furgonetes",28.96
2023,"06","Gràcia","31","la Vila de Gràcia","059","Camions",5.39
2023,"06","Gràcia","31","la Vila de Gràcia","059","Resta de vehicles",4.04
2023,"06","Gràcia","31","la Vila de Gràcia","060","Turismes",262.03
2023,"06","Gràcia","31","la Vila de Gràcia","060","Motos",179.13
2023,"06","Gràcia","31","la Vila de Gràcia","060","Ciclomotors",37.1
2023,"06","Gràcia","31","la Vila de Gràcia","060","Furgonetes",19.71
2023,"06","Gràcia","31","la Vila de Gràcia","060","Camions",5.22
2023,"06","Gràcia","31","la Vila de Gràcia","060","Resta de vehicles",7.54
2023,"06","Gràcia","31","la Vila de Gràcia","061","Turismes",240.71
2023,"06","Gràcia","31","la Vila de Gràcia","061","Motos",135.22
2023,"06","Gràcia","31","la Vila de Gràcia","061","Ciclomotors",26.75
2023,"06","Gràcia","31","la Vila de Gràcia","061","Furgonetes",10.4
2023,"06","Gràcia","31","la Vila de Gràcia","061","Camions",2.97
2023,"06","Gràcia","31","la Vila de Gràcia","061","Resta de vehicles",6.69
2023,"06","Gràcia","31","la Vila de Gràcia","062","Turismes",225.96
2023,"06","Gràcia","31","la Vila de Gràcia","062","Motos",141.03
2023,"06","Gràcia","31","la Vila de Gràcia","062","Ciclomotors",20.03
2023,"06","Gràcia","31","la Vila de Gràcia","062","Furgonetes",16.03
2023,"06","Gràcia","31","la Vila de Gràcia","062","Resta de vehicles",7.21
2023,"06","Gràcia","31","la Vila de Gràcia","063","Turismes",238.46
2023,"06","Gràcia","31","la Vila de Gràcia","063","Motos",138.53
2023,"06","Gràcia","31","la Vila de Gràcia","063","Ciclomotors",22.05
2023,"06","Gràcia","31","la Vila de Gràcia","063","Furgonetes",16.54
2023,"06","Gràcia","31","la Vila de Gràcia","063","Camions",3.45
2023,"06","Gràcia","31","la Vila de Gràcia","063","Resta de vehicles",6.89
2023,"06","Gràcia","32","el Camp d'en Grassot i Gràcia Nova","064","Turismes",255.43
2023,"06","Gràcia","32","el Camp d'en Grassot i Gràcia Nova","064","Motos",133.92
2023,"06","Gràcia","32","el Camp d'en Grassot i Gràcia Nova","064","Ciclomotors",22.23
2023,"06","Gràcia","32","el Camp d'en Grassot i Gràcia Nova","064","Furgonetes",19.13
2023,"06","Gràcia","32","el Camp d'en Grassot i Gràcia Nova","064","Camions",3.62
2023,"06","Gràcia","32","el Camp d'en Grassot i Gràcia Nova","064","Resta de vehicles",5.69
2023,"06","Gràcia","32","el Camp d'en Grassot i Gràcia Nova","065","Turismes",277.38
2023,"06","Gràcia","32","el Camp d'en Grassot i Gràcia Nova","065","Motos",135.55
2023,"06","Gràcia","32","el Camp d'en Grassot i Gràcia Nova","065","Ciclomotors",18.85
2023,"06","Gràcia","32","el Camp d'en Grassot i Gràcia Nova","065","Furgonetes",12.57
2023,"06","Gràcia","32","el Camp d'en Grassot i Gràcia Nova","065","Camions",1.8
2023,"06","Gràcia","32","el Camp d'en Grassot i Gràcia Nova","065","Resta de vehicles",2.69
2023,"06","Gràcia","32","el Camp d'en Grassot i Gràcia Nova","066","Turismes",259.75
2023,"06","Gràcia","32","el Camp d'en Grassot i Gràcia Nova","066","Motos",138.6
2023,"06","Gràcia","32","el Camp d'en Grassot i Gràcia Nova","066","Ciclomotors",27.72
2023,"06","Gràcia","32","el Camp d'en Grassot i Gràcia Nova","066","Furgonetes",11.29
2023,"06","Gràcia","32","el Camp d'en Grassot i Gràcia Nova","066","Camions",8.21
2023,"06","Gràcia","32","el Camp d'en Grassot i Gràcia Nova","066","Resta de vehicles",2.05
2023,"06","Gràcia","32","el Camp d'en Grassot i Gràcia Nova","067","Turismes",228.89
2023,"06","Gràcia","32","el Camp d'en Grassot i Gràcia Nova","067","Motos",157.22
2023,"06","Gràcia","32","el Camp d'en Grassot i Gràcia Nova","067","Ciclomotors",31.11
2023,"06","Gràcia","32","el Camp d'en Grassot i Gràcia Nova","067","Furgonetes",21.67
2023,"06","Gràcia","32","el Camp d'en Grassot i Gràcia Nova","067","Camions",2.22
2023,"06","Gràcia","32","el Camp d'en Grassot i Gràcia Nova","067","Resta de vehicles",8.89
2023,"06","Gràcia","32","el Camp d'en Grassot i Gràcia Nova","068","Turismes",253.7
2023,"06","Gràcia","32","el Camp d'en Grassot i Gràcia Nova","068","Motos",183.52
2023,"06","Gràcia","32","el Camp d'en Grassot i Gràcia Nova","068","Ciclomotors",24.47
2023,"06","Gràcia","32","el Camp d'en Grassot i Gràcia Nova","068","Furgonetes",18.67
2023,"06","Gràcia","32","el Camp d'en Grassot i Gràcia Nova","068","Camions",8.37
2023,"06","Gràcia","32","el Camp d'en Grassot i Gràcia Nova","068","Resta de vehicles",8.37
2023,"06","Gràcia","32","el Camp d'en Grassot i Gràcia Nova","069","Turismes",264.57
2023,"06","Gràcia","32","el Camp d'en Grassot i Gràcia Nova","069","Motos",139.45
2023,"06","Gràcia","32","el Camp d'en Grassot i Gràcia Nova","069","Ciclomotors",20.06
2023,"06","Gràcia","32","el Camp d'en Grassot i Gràcia Nova","069","Furgonetes",14.33
2023,"06","Gràcia","32","el Camp d'en Grassot i Gràcia Nova","069","Camions",4.78
2023,"06","Gràcia","32","el Camp d'en Grassot i Gràcia Nova","069","Resta de vehicles",3.82
2023,"06","Gràcia","32","el Camp d'en Grassot i Gràcia Nova","070","Turismes",247.07
2023,"06","Gràcia","32","el Camp d'en Grassot i Gràcia Nova","070","Motos",150.16
2023,"06","Gràcia","32","el Camp d'en Grassot i Gràcia Nova","070","Ciclomotors",17.57
2023,"06","Gràcia","32","el Camp d'en Grassot i Gràcia Nova","070","Furgonetes",18.64
2023,"06","Gràcia","32","el Camp d'en Grassot i Gràcia Nova","070","Camions",2.66
2023,"06","Gràcia","32","el Camp d'en Grassot i Gràcia Nova","070","Resta de vehicles",3.19
2023,"06","Gràcia","32","el Camp d'en Grassot i Gràcia Nova","071","Turismes",295.54
2023,"06","Gràcia","32","el Camp d'en Grassot i Gràcia Nova","071","Motos",164.5
2023,"06","Gràcia","32","el Camp d'en Grassot i Gràcia Nova","071","Ciclomotors",32.53
2023,"06","Gràcia","32","el Camp d'en Grassot i Gràcia Nova","071","Furgonetes",14.87
2023,"06","Gràcia","32","el Camp d'en Grassot i Gràcia Nova","071","Camions",1.86
2023,"06","Gràcia","32","el Camp d'en Grassot i Gràcia Nova","071","Resta de vehicles",4.65
2023,"06","Gràcia","32","el Camp d'en Grassot i Gràcia Nova","072","Turismes",301.3
2023,"06","Gràcia","32","el Camp d'en Grassot i Gràcia Nova","072","Motos",123.99
2023,"06","Gràcia","32","el Camp d'en Grassot i Gràcia Nova","072","Ciclomotors",13.02
2023,"06","Gràcia","32","el Camp d'en Grassot i Gràcia Nova","072","Furgonetes",18.6
2023,"06","Gràcia","32","el Camp d'en Grassot i Gràcia Nova","072","Camions",4.34
2023,"06","Gràcia","32","el Camp d'en Grassot i Gràcia Nova","072","Resta de vehicles",4.96
2023,"06","Gràcia","32","el Camp d'en Grassot i Gràcia Nova","073","Turismes",317.97
2023,"06","Gràcia","32","el Camp d'en Grassot i Gràcia Nova","073","Motos",189.84
2023,"06","Gràcia","32","el Camp d'en Grassot i Gràcia Nova","073","Ciclomotors",27.34
2023,"06","Gràcia","32","el Camp d'en Grassot i Gràcia Nova","073","Furgonetes",20.31
2023,"06","Gràcia","32","el Camp d'en Grassot i Gràcia Nova","073","Camions",8.59
2023,"06","Gràcia","32","el Camp d'en Grassot i Gràcia Nova","073","Resta de vehicles",11.72
2023,"06","Gràcia","32","el Camp d'en Grassot i Gràcia Nova","074","Turismes",236.41
2023,"06","Gràcia","32","el Camp d'en Grassot i Gràcia Nova","074","Motos",151.27
2023,"06","Gràcia","32","el Camp d'en Grassot i Gràcia Nova","074","Ciclomotors",17.21
2023,"06","Gràcia","32","el Camp d'en Grassot i Gràcia Nova","074","Furgonetes",9.96
2023,"06","Gràcia","32","el Camp d'en Grassot i Gràcia Nova","074","Camions",1.81
2023,"06","Gràcia","32","el Camp d'en Grassot i Gràcia Nova","074","Resta de vehicles",3.62
2023,"06","Gràcia","32","el Camp d'en Grassot i Gràcia Nova","075","Turismes",349.76
2023,"06","Gràcia","32","el Camp d'en Grassot i Gràcia Nova","075","Motos",169.67
2023,"06","Gràcia","32","el Camp d'en Grassot i Gràcia Nova","075","Ciclomotors",29.38
2023,"06","Gràcia","32","el Camp d'en Grassot i Gràcia Nova","075","Furgonetes",33.18
2023,"06","Gràcia","32","el Camp d'en Grassot i Gràcia Nova","075","Camions",2.84
2023,"06","Gràcia","32","el Camp d'en Grassot i Gràcia Nova","075","Resta de vehicles",8.53
2023,"06","Gràcia","32","el Camp d'en Grassot i Gràcia Nova","076","Turismes",311.27
2023,"06","Gràcia","32","el Camp d'en Grassot i Gràcia Nova","076","Motos",158.39
2023,"06","Gràcia","32","el Camp d'en Grassot i Gràcia Nova","076","Ciclomotors",31.52
2023,"06","Gràcia","32","el Camp d'en Grassot i Gràcia Nova","076","Furgonetes",15.76
2023,"06","Gràcia","32","el Camp d'en Grassot i Gràcia Nova","076","Camions",6.3
2023,"06","Gràcia","32","el Camp d'en Grassot i Gràcia Nova","076","Resta de vehicles",3.15
2023,"06","Gràcia","32","el Camp d'en Grassot i Gràcia Nova","077","Turismes",258.62
2023,"06","Gràcia","32","el Camp d'en Grassot i Gràcia Nova","077","Motos",118.1
2023,"06","Gràcia","32","el Camp d'en Grassot i Gràcia Nova","077","Ciclomotors",31.9
2023,"06","Gràcia","32","el Camp d'en Grassot i Gràcia Nova","077","Furgonetes",32.76
2023,"06","Gràcia","32","el Camp d'en Grassot i Gràcia Nova","077","Camions",1.72
2023,"06","Gràcia","32","el Camp d'en Grassot i Gràcia Nova","077","Resta de vehicles",8.62
2023,"06","Gràcia","32","el Camp d'en Grassot i Gràcia Nova","078","Turismes",247.89
2023,"06","Gràcia","32","el Camp d'en Grassot i Gràcia Nova","078","Motos",157.33
2023,"06","Gràcia","32","el Camp d'en Grassot i Gràcia Nova","078","Ciclomotors",37.61
2023,"06","Gràcia","32","el Camp d'en Grassot i Gràcia Nova","078","Furgonetes",22.26
2023,"06","Gràcia","32","el Camp d'en Grassot i Gràcia Nova","078","Camions",1.53
2023,"06","Gràcia","32","el Camp d'en Grassot i Gràcia Nova","078","Resta de vehicles",3.07
2023,"06","Gràcia","32","el Camp d'en Grassot i Gràcia Nova","079","Turismes",263.9
2023,"06","Gràcia","32","el Camp d'en Grassot i Gràcia Nova","079","Motos",182.7
2023,"06","Gràcia","32","el Camp d'en Grassot i Gràcia Nova","079","Ciclomotors",16.77
2023,"06","Gràcia","32","el Camp d'en Grassot i Gràcia Nova","079","Furgonetes",15
2023,"06","Gràcia","32","el Camp d'en Grassot i Gràcia Nova","079","Camions",3.53
2023,"06","Gràcia","32","el Camp d'en Grassot i Gràcia Nova","079","Resta de vehicles",9.71
2023,"06","Gràcia","32","el Camp d'en Grassot i Gràcia Nova","080","Turismes",258.75
2023,"06","Gràcia","32","el Camp d'en Grassot i Gràcia Nova","080","Motos",134.07
2023,"06","Gràcia","32","el Camp d'en Grassot i Gràcia Nova","080","Ciclomotors",25.62
2023,"06","Gràcia","32","el Camp d'en Grassot i Gràcia Nova","080","Furgonetes",29.04
2023,"06","Gràcia","32","el Camp d'en Grassot i Gràcia Nova","080","Camions",4.27
2023,"06","Gràcia","32","el Camp d'en Grassot i Gràcia Nova","080","Resta de vehicles",5.12
2023,"06","Gràcia","32","el Camp d'en Grassot i Gràcia Nova","081","Turismes",254.96
2023,"06","Gràcia","32","el Camp d'en Grassot i Gràcia Nova","081","Motos",140.46
2023,"06","Gràcia","32","el Camp d'en Grassot i Gràcia Nova","081","Ciclomotors",16.79
2023,"06","Gràcia","32","el Camp d'en Grassot i Gràcia Nova","081","Furgonetes",11.45
2023,"06","Gràcia","32","el Camp d'en Grassot i Gràcia Nova","081","Camions",5.34
2023,"06","Gràcia","32","el Camp d'en Grassot i Gràcia Nova","081","Resta de vehicles",5.34
2023,"06","Gràcia","32","el Camp d'en Grassot i Gràcia Nova","082","Turismes",155.29
2023,"06","Gràcia","32","el Camp d'en Grassot i Gràcia Nova","082","Motos",88.01
2023,"06","Gràcia","32","el Camp d'en Grassot i Gràcia Nova","082","Ciclomotors",10.2
2023,"06","Gràcia","32","el Camp d'en Grassot i Gràcia Nova","082","Furgonetes",8.93
2023,"06","Gràcia","32","el Camp d'en Grassot i Gràcia Nova","082","Camions",1.59
2023,"06","Gràcia","32","el Camp d'en Grassot i Gràcia Nova","082","Resta de vehicles",0.64
2023,"06","Gràcia","32","el Camp d'en Grassot i Gràcia Nova","083","Turismes",304.32
2023,"06","Gràcia","32","el Camp d'en Grassot i Gràcia Nova","083","Motos",158.86
2023,"06","Gràcia","32","el Camp d'en Grassot i Gràcia Nova","083","Ciclomotors",24.35
2023,"06","Gràcia","32","el Camp d'en Grassot i Gràcia Nova","083","Furgonetes",14
2023,"06","Gràcia","32","el Camp d'en Grassot i Gràcia Nova","083","Camions",3.65
2023,"06","Gràcia","32","el Camp d'en Grassot i Gràcia Nova","083","Resta de vehicles",8.52
2023,"06","Gràcia","32","el Camp d'en Grassot i Gràcia Nova","084","Turismes",272.35
2023,"06","Gràcia","32","el Camp d'en Grassot i Gràcia Nova","084","Motos",162.16
2023,"06","Gràcia","32","el Camp d'en Grassot i Gràcia Nova","084","Ciclomotors",24.26
2023,"06","Gràcia","32","el Camp d'en Grassot i Gràcia Nova","084","Furgonetes",23.56
2023,"06","Gràcia","32","el Camp d'en Grassot i Gràcia Nova","084","Camions",2.08
2023,"06","Gràcia","32","el Camp d'en Grassot i Gràcia Nova","084","Resta de vehicles",3.47
2023,"06","Gràcia","32","el Camp d'en Grassot i Gràcia Nova","085","Turismes",270.79
2023,"06","Gràcia","32","el Camp d'en Grassot i Gràcia Nova","085","Motos",162.47
2023,"06","Gràcia","32","el Camp d'en Grassot i Gràcia Nova","085","Ciclomotors",32.04
2023,"06","Gràcia","32","el Camp d'en Grassot i Gràcia Nova","085","Furgonetes",16.02
2023,"06","Gràcia","32","el Camp d'en Grassot i Gràcia Nova","085","Resta de vehicles",4.58
2023,"06","Gràcia","32","el Camp d'en Grassot i Gràcia Nova","086","Turismes",347.78
2023,"06","Gràcia","32","el Camp d'en Grassot i Gràcia Nova","086","Motos",183.69
2023,"06","Gràcia","32","el Camp d'en Grassot i Gràcia Nova","086","Ciclomotors",20.64
2023,"06","Gràcia","32","el Camp d'en Grassot i Gràcia Nova","086","Furgonetes",16.51
2023,"06","Gràcia","32","el Camp d'en Grassot i Gràcia Nova","086","Camions",4.13
2023,"06","Gràcia","32","el Camp d'en Grassot i Gràcia Nova","086","Resta de vehicles",7.22
2023,"06","Gràcia","32","el Camp d'en Grassot i Gràcia Nova","087","Turismes",339.8
2023,"06","Gràcia","32","el Camp d'en Grassot i Gràcia Nova","087","Motos",186.81
2023,"06","Gràcia","32","el Camp d'en Grassot i Gràcia Nova","087","Ciclomotors",31.04
2023,"06","Gràcia","32","el Camp d'en Grassot i Gràcia Nova","087","Furgonetes",18.85
2023,"06","Gràcia","32","el Camp d'en Grassot i Gràcia Nova","087","Camions",2.22
2023,"06","Gràcia","32","el Camp d'en Grassot i Gràcia Nova","087","Resta de vehicles",6.1
2023,"06","Gràcia","32","el Camp d'en Grassot i Gràcia Nova","088","Turismes",296.21
2023,"06","Gràcia","32","el Camp d'en Grassot i Gràcia Nova","088","Motos",162.23
2023,"06","Gràcia","32","el Camp d'en Grassot i Gràcia Nova","088","Ciclomotors",19.37
2023,"06","Gràcia","32","el Camp d'en Grassot i Gràcia Nova","088","Furgonetes",16.95
2023,"06","Gràcia","32","el Camp d'en Grassot i Gràcia Nova","088","Camions",4.84
2023,"06","Gràcia","32","el Camp d'en Grassot i Gràcia Nova","088","Resta de vehicles",4.04
2023,"07","Horta-Guinardó","33","el Baix Guinardó","001","Turismes",285.62
2023,"07","Horta-Guinardó","33","el Baix Guinardó","001","Motos",144.42
2023,"07","Horta-Guinardó","33","el Baix Guinardó","001","Ciclomotors",17.41
2023,"07","Horta-Guinardó","33","el Baix Guinardó","001","Furgonetes",13.54
2023,"07","Horta-Guinardó","33","el Baix Guinardó","001","Camions",3.87
2023,"07","Horta-Guinardó","33","el Baix Guinardó","001","Resta de vehicles",7.74
2023,"07","Horta-Guinardó","33","el Baix Guinardó","002","Turismes",239.96
2023,"07","Horta-Guinardó","33","el Baix Guinardó","002","Motos",140.51
2023,"07","Horta-Guinardó","33","el Baix Guinardó","002","Ciclomotors",17.34
2023,"07","Horta-Guinardó","33","el Baix Guinardó","002","Furgonetes",14.6
2023,"07","Horta-Guinardó","33","el Baix Guinardó","002","Camions",0.91
2023,"07","Horta-Guinardó","33","el Baix Guinardó","002","Resta de vehicles",3.65
2023,"07","Horta-Guinardó","33","el Baix Guinardó","003","Turismes",238.31
2023,"07","Horta-Guinardó","33","el Baix Guinardó","003","Motos",129.18
2023,"07","Horta-Guinardó","33","el Baix Guinardó","003","Ciclomotors",31.18
2023,"07","Horta-Guinardó","33","el Baix Guinardó","003","Furgonetes",14.11
2023,"07","Horta-Guinardó","33","el Baix Guinardó","003","Camions",6.68
2023,"07","Horta-Guinardó","33","el Baix Guinardó","003","Resta de vehicles",6.68
2023,"07","Horta-Guinardó","33","el Baix Guinardó","004","Turismes",243.84
2023,"07","Horta-Guinardó","33","el Baix Guinardó","004","Motos",121.92
2023,"07","Horta-Guinardó","33","el Baix Guinardó","004","Ciclomotors",18.16
2023,"07","Horta-Guinardó","33","el Baix Guinardó","004","Furgonetes",14.27
2023,"07","Horta-Guinardó","33","el Baix Guinardó","004","Camions",1.3
2023,"07","Horta-Guinardó","33","el Baix Guinardó","004","Resta de vehicles",3.89
2023,"07","Horta-Guinardó","33","el Baix Guinardó","005","Turismes",240.83
2023,"07","Horta-Guinardó","33","el Baix Guinardó","005","Motos",105.19
2023,"07","Horta-Guinardó","33","el Baix Guinardó","005","Ciclomotors",23.53
2023,"07","Horta-Guinardó","33","el Baix Guinardó","005","Furgonetes",16.61
2023,"07","Horta-Guinardó","33","el Baix Guinardó","005","Camions",3.46
2023,"07","Horta-Guinardó","33","el Baix Guinardó","005","Resta de vehicles",4.15
2023,"07","Horta-Guinardó","33","el Baix Guinardó","006","Turismes",298.94
2023,"07","Horta-Guinardó","33","el Baix Guinardó","006","Motos",156.38
2023,"07","Horta-Guinardó","33","el Baix Guinardó","006","Ciclomotors",30.85
2023,"07","Horta-Guinardó","33","el Baix Guinardó","006","Furgonetes",35.11
2023,"07","Horta-Guinardó","33","el Baix Guinardó","006","Camions",2.13
2023,"07","Horta-Guinardó","33","el Baix Guinardó","006","Resta de vehicles",7.45
2023,"07","Horta-Guinardó","33","el Baix Guinardó","007","Turismes",207.29
2023,"07","Horta-Guinardó","33","el Baix Guinardó","007","Motos",107.22
2023,"07","Horta-Guinardó","33","el Baix Guinardó","007","Ciclomotors",16.44
2023,"07","Horta-Guinardó","33","el Baix Guinardó","007","Furgonetes",11.44
2023,"07","Horta-Guinardó","33","el Baix Guinardó","007","Camions",3.57
2023,"07","Horta-Guinardó","33","el Baix Guinardó","007","Resta de vehicles",2.86
2023,"07","Horta-Guinardó","33","el Baix Guinardó","008","Turismes",310.57
2023,"07","Horta-Guinardó","33","el Baix Guinardó","008","Motos",145.94
2023,"07","Horta-Guinardó","33","el Baix Guinardó","008","Ciclomotors",23.72
2023,"07","Horta-Guinardó","33","el Baix Guinardó","008","Furgonetes",17.97
2023,"07","Horta-Guinardó","33","el Baix Guinardó","008","Camions",5.75
2023,"07","Horta-Guinardó","33","el Baix Guinardó","008","Resta de vehicles",5.75
2023,"07","Horta-Guinardó","33","el Baix Guinardó","009","Turismes",225.94
2023,"07","Horta-Guinardó","33","el Baix Guinardó","009","Motos",146
2023,"07","Horta-Guinardó","33","el Baix Guinardó","009","Ciclomotors",20.39
2023,"07","Horta-Guinardó","33","el Baix Guinardó","009","Furgonetes",18.76
2023,"07","Horta-Guinardó","33","el Baix Guinardó","009","Camions",7.34
2023,"07","Horta-Guinardó","33","el Baix Guinardó","009","Resta de vehicles",7.34
2023,"07","Horta-Guinardó","33","el Baix Guinardó","010","Turismes",245.06
2023,"07","Horta-Guinardó","33","el Baix Guinardó","010","Motos",150.99
2023,"07","Horta-Guinardó","33","el Baix Guinardó","010","Ciclomotors",30.04
2023,"07","Horta-Guinardó","33","el Baix Guinardó","010","Furgonetes",19.76
2023,"07","Horta-Guinardó","33","el Baix Guinardó","010","Camions",9.49
2023,"07","Horta-Guinardó","33","el Baix Guinardó","010","Resta de vehicles",3.16
2023,"07","Horta-Guinardó","33","el Baix Guinardó","011","Turismes",232.62
2023,"07","Horta-Guinardó","33","el Baix Guinardó","011","Motos",112.45
2023,"07","Horta-Guinardó","33","el Baix Guinardó","011","Ciclomotors",20.6
2023,"07","Horta-Guinardó","33","el Baix Guinardó","011","Furgonetes",19.74
2023,"07","Horta-Guinardó","33","el Baix Guinardó","011","Camions",3.43
2023,"07","Horta-Guinardó","33","el Baix Guinardó","011","Resta de vehicles",6.01
2023,"07","Horta-Guinardó","33","el Baix Guinardó","012","Turismes",258.15
2023,"07","Horta-Guinardó","33","el Baix Guinardó","012","Motos",138.2
2023,"07","Horta-Guinardó","33","el Baix Guinardó","012","Ciclomotors",24.77
2023,"07","Horta-Guinardó","33","el Baix Guinardó","012","Furgonetes",11.08
2023,"07","Horta-Guinardó","33","el Baix Guinardó","012","Camions",3.91
2023,"07","Horta-Guinardó","33","el Baix Guinardó","012","Resta de vehicles",7.17
2023,"07","Horta-Guinardó","33","el Baix Guinardó","013","Turismes",323.24
2023,"07","Horta-Guinardó","33","el Baix Guinardó","013","Motos",166.12
2023,"07","Horta-Guinardó","33","el Baix Guinardó","013","Ciclomotors",20.46
2023,"07","Horta-Guinardó","33","el Baix Guinardó","013","Furgonetes",13.09
2023,"07","Horta-Guinardó","33","el Baix Guinardó","013","Camions",4.09
2023,"07","Horta-Guinardó","33","el Baix Guinardó","013","Resta de vehicles",7.36
2023,"07","Horta-Guinardó","33","el Baix Guinardó","014","Turismes",219.37
2023,"07","Horta-Guinardó","33","el Baix Guinardó","014","Motos",158.69
2023,"07","Horta-Guinardó","33","el Baix Guinardó","014","Ciclomotors",18.67
2023,"07","Horta-Guinardó","33","el Baix Guinardó","014","Furgonetes",24.5
2023,"07","Horta-Guinardó","33","el Baix Guinardó","014","Camions",7
2023,"07","Horta-Guinardó","33","el Baix Guinardó","014","Resta de vehicles",2.33
2023,"07","Horta-Guinardó","33","el Baix Guinardó","015","Turismes",291.91
2023,"07","Horta-Guinardó","33","el Baix Guinardó","015","Motos",140.17
2023,"07","Horta-Guinardó","33","el Baix Guinardó","015","Ciclomotors",28.18
2023,"07","Horta-Guinardó","33","el Baix Guinardó","015","Furgonetes",29.62
2023,"07","Horta-Guinardó","33","el Baix Guinardó","015","Camions",9.39
2023,"07","Horta-Guinardó","33","el Baix Guinardó","015","Resta de vehicles",11.56
2023,"07","Horta-Guinardó","33","el Baix Guinardó","016","Turismes",338.03
2023,"07","Horta-Guinardó","33","el Baix Guinardó","016","Motos",177.17
2023,"07","Horta-Guinardó","33","el Baix Guinardó","016","Ciclomotors",30.39
2023,"07","Horta-Guinardó","33","el Baix Guinardó","016","Furgonetes",20.76
2023,"07","Horta-Guinardó","33","el Baix Guinardó","016","Camions",2.22
2023,"07","Horta-Guinardó","33","el Baix Guinardó","016","Resta de vehicles",9.64
2023,"07","Horta-Guinardó","33","el Baix Guinardó","017","Turismes",225.61
2023,"07","Horta-Guinardó","33","el Baix Guinardó","017","Motos",138.75
2023,"07","Horta-Guinardó","33","el Baix Guinardó","017","Ciclomotors",22
2023,"07","Horta-Guinardó","33","el Baix Guinardó","017","Furgonetes",18.61
2023,"07","Horta-Guinardó","33","el Baix Guinardó","017","Camions",2.26
2023,"07","Horta-Guinardó","33","el Baix Guinardó","017","Resta de vehicles",2.82
2023,"07","Horta-Guinardó","33","el Baix Guinardó","018","Turismes",222.68
2023,"07","Horta-Guinardó","33","el Baix Guinardó","018","Motos",130.05
2023,"07","Horta-Guinardó","33","el Baix Guinardó","018","Ciclomotors",21.97
2023,"07","Horta-Guinardó","33","el Baix Guinardó","018","Furgonetes",18.41
2023,"07","Horta-Guinardó","33","el Baix Guinardó","018","Camions",7.72
2023,"07","Horta-Guinardó","33","el Baix Guinardó","018","Resta de vehicles",6.53
2023,"07","Horta-Guinardó","33","el Baix Guinardó","019","Turismes",261.46
2023,"07","Horta-Guinardó","33","el Baix Guinardó","019","Motos",165.91
2023,"07","Horta-Guinardó","33","el Baix Guinardó","019","Ciclomotors",25.18
2023,"07","Horta-Guinardó","33","el Baix Guinardó","019","Furgonetes",13.56
2023,"07","Horta-Guinardó","33","el Baix Guinardó","019","Camions",3.23
2023,"07","Horta-Guinardó","33","el Baix Guinardó","019","Resta de vehicles",4.52
2023,"07","Horta-Guinardó","34","Can Baró","020","Turismes",256.62
2023,"07","Horta-Guinardó","34","Can Baró","020","Motos",128.88
2023,"07","Horta-Guinardó","34","Can Baró","020","Ciclomotors",24.17
2023,"07","Horta-Guinardó","34","Can Baró","020","Furgonetes",23.59
2023,"07","Horta-Guinardó","34","Can Baró","020","Camions",5.18
2023,"07","Horta-Guinardó","34","Can Baró","020","Resta de vehicles",5.18
2023,"07","Horta-Guinardó","34","Can Baró","021","Turismes",362.13
2023,"07","Horta-Guinardó","34","Can Baró","021","Motos",193.93
2023,"07","Horta-Guinardó","34","Can Baró","021","Ciclomotors",26.65
2023,"07","Horta-Guinardó","34","Can Baró","021","Furgonetes",40.44
2023,"07","Horta-Guinardó","34","Can Baró","021","Camions",5.51
2023,"07","Horta-Guinardó","34","Can Baró","021","Resta de vehicles",6.43
2023,"07","Horta-Guinardó","34","Can Baró","022","Turismes",271.14
2023,"07","Horta-Guinardó","34","Can Baró","022","Motos",186.57
2023,"07","Horta-Guinardó","34","Can Baró","022","Ciclomotors",55.8
2023,"07","Horta-Guinardó","34","Can Baró","022","Furgonetes",13.95
2023,"07","Horta-Guinardó","34","Can Baró","022","Camions",2.62
2023,"07","Horta-Guinardó","34","Can Baró","022","Resta de vehicles",5.23
2023,"07","Horta-Guinardó","34","Can Baró","023","Turismes",315.09
2023,"07","Horta-Guinardó","34","Can Baró","023","Motos",207.97
2023,"07","Horta-Guinardó","34","Can Baró","023","Ciclomotors",49.26
2023,"07","Horta-Guinardó","34","Can Baró","023","Furgonetes",28.93
2023,"07","Horta-Guinardó","34","Can Baró","023","Camions",2.35
2023,"07","Horta-Guinardó","34","Can Baró","023","Resta de vehicles",8.6
2023,"07","Horta-Guinardó","34","Can Baró","024","Turismes",278.4
2023,"07","Horta-Guinardó","34","Can Baró","024","Motos",175.31
2023,"07","Horta-Guinardó","34","Can Baró","024","Ciclomotors",36.11
2023,"07","Horta-Guinardó","34","Can Baró","024","Furgonetes",15.76
2023,"07","Horta-Guinardó","34","Can Baró","024","Camions",4.6
2023,"07","Horta-Guinardó","34","Can Baró","024","Resta de vehicles",5.91
2023,"07","Horta-Guinardó","34","Can Baró","025","Turismes",242.64
2023,"07","Horta-Guinardó","34","Can Baró","025","Motos",179.2
2023,"07","Horta-Guinardó","34","Can Baró","025","Ciclomotors",28.78
2023,"07","Horta-Guinardó","34","Can Baró","025","Furgonetes",24.2
2023,"07","Horta-Guinardó","34","Can Baró","025","Camions",6.54
2023,"07","Horta-Guinardó","34","Can Baró","025","Resta de vehicles",5.23
2023,"07","Horta-Guinardó","34","Can Baró","026","Turismes",309.76
2023,"07","Horta-Guinardó","34","Can Baró","026","Motos",172.78
2023,"07","Horta-Guinardó","34","Can Baró","026","Ciclomotors",34.02
2023,"07","Horta-Guinardó","34","Can Baró","026","Furgonetes",15.22
2023,"07","Horta-Guinardó","34","Can Baró","026","Camions",3.58
2023,"07","Horta-Guinardó","34","Can Baró","026","Resta de vehicles",4.48
2023,"07","Horta-Guinardó","35","el Guinardó","027","Turismes",261.95
2023,"07","Horta-Guinardó","35","el Guinardó","027","Motos",145.27
2023,"07","Horta-Guinardó","35","el Guinardó","027","Ciclomotors",27.65
2023,"07","Horta-Guinardó","35","el Guinardó","027","Furgonetes",27.18
2023,"07","Horta-Guinardó","35","el Guinardó","027","Camions",3.75
2023,"07","Horta-Guinardó","35","el Guinardó","027","Resta de vehicles",5.62
2023,"07","Horta-Guinardó","35","el Guinardó","028","Turismes",293.65
2023,"07","Horta-Guinardó","35","el Guinardó","028","Motos",189.97
2023,"07","Horta-Guinardó","35","el Guinardó","028","Ciclomotors",24.75
2023,"07","Horta-Guinardó","35","el Guinardó","028","Furgonetes",20.07
2023,"07","Horta-Guinardó","35","el Guinardó","028","Camions",6.02
2023,"07","Horta-Guinardó","35","el Guinardó","028","Resta de vehicles",5.35
2023,"07","Horta-Guinardó","35","el Guinardó","029","Turismes",261.98
2023,"07","Horta-Guinardó","35","el Guinardó","029","Motos",157.19
2023,"07","Horta-Guinardó","35","el Guinardó","029","Ciclomotors",22.46
2023,"07","Horta-Guinardó","35","el Guinardó","029","Furgonetes",14.22
2023,"07","Horta-Guinardó","35","el Guinardó","029","Camions",2.25
2023,"07","Horta-Guinardó","35","el Guinardó","029","Resta de vehicles",4.49
2023,"07","Horta-Guinardó","35","el Guinardó","030","Turismes",251.21
2023,"07","Horta-Guinardó","35","el Guinardó","030","Motos",127.67
2023,"07","Horta-Guinardó","35","el Guinardó","030","Ciclomotors",16.56
2023,"07","Horta-Guinardó","35","el Guinardó","030","Furgonetes",18.63
2023,"07","Horta-Guinardó","35","el Guinardó","030","Camions",8.28
2023,"07","Horta-Guinardó","35","el Guinardó","030","Resta de vehicles",11.04
2023,"07","Horta-Guinardó","35","el Guinardó","031","Turismes",245.14
2023,"07","Horta-Guinardó","35","el Guinardó","031","Motos",143.57
2023,"07","Horta-Guinardó","35","el Guinardó","031","Ciclomotors",22.57
2023,"07","Horta-Guinardó","35","el Guinardó","031","Furgonetes",16.3
2023,"07","Horta-Guinardó","35","el Guinardó","031","Camions",8.15
2023,"07","Horta-Guinardó","35","el Guinardó","031","Resta de vehicles",13.79
2023,"07","Horta-Guinardó","35","el Guinardó","032","Turismes",260.48
2023,"07","Horta-Guinardó","35","el Guinardó","032","Motos",123.02
2023,"07","Horta-Guinardó","35","el Guinardó","032","Ciclomotors",11
2023,"07","Horta-Guinardó","35","el Guinardó","032","Furgonetes",11.68
2023,"07","Horta-Guinardó","35","el Guinardó","032","Camions",4.12
2023,"07","Horta-Guinardó","35","el Guinardó","032","Resta de vehicles",9.62
2023,"07","Horta-Guinardó","35","el Guinardó","033","Turismes",286.19
2023,"07","Horta-Guinardó","35","el Guinardó","033","Motos",142.76
2023,"07","Horta-Guinardó","35","el Guinardó","033","Ciclomotors",30.02
2023,"07","Horta-Guinardó","35","el Guinardó","033","Furgonetes",19.35
2023,"07","Horta-Guinardó","35","el Guinardó","033","Camions",4.67
2023,"07","Horta-Guinardó","35","el Guinardó","033","Resta de vehicles",4.67
2023,"07","Horta-Guinardó","35","el Guinardó","034","Turismes",277.62
2023,"07","Horta-Guinardó","35","el Guinardó","034","Motos",127.71
2023,"07","Horta-Guinardó","35","el Guinardó","034","Ciclomotors",15.55
2023,"07","Horta-Guinardó","35","el Guinardó","034","Furgonetes",19.99
2023,"07","Horta-Guinardó","35","el Guinardó","034","Camions",5.55
2023,"07","Horta-Guinardó","35","el Guinardó","034","Resta de vehicles",9.99
2023,"07","Horta-Guinardó","35","el Guinardó","035","Turismes",330.64
2023,"07","Horta-Guinardó","35","el Guinardó","035","Motos",127.17
2023,"07","Horta-Guinardó","35","el Guinardó","035","Ciclomotors",23.7
2023,"07","Horta-Guinardó","35","el Guinardó","035","Furgonetes",18.5
2023,"07","Horta-Guinardó","35","el Guinardó","035","Camions",11.56
2023,"07","Horta-Guinardó","35","el Guinardó","035","Resta de vehicles",6.94
2023,"07","Horta-Guinardó","35","el Guinardó","036","Turismes",308.22
2023,"07","Horta-Guinardó","35","el Guinardó","036","Motos",138.22
2023,"07","Horta-Guinardó","35","el Guinardó","036","Ciclomotors",27.64
2023,"07","Horta-Guinardó","35","el Guinardó","036","Furgonetes",13.82
2023,"07","Horta-Guinardó","35","el Guinardó","036","Camions",5.53
2023,"07","Horta-Guinardó","35","el Guinardó","036","Resta de vehicles",6.22
2023,"07","Horta-Guinardó","35","el Guinardó","037","Turismes",265.27
2023,"07","Horta-Guinardó","35","el Guinardó","037","Motos",118.84
2023,"07","Horta-Guinardó","35","el Guinardó","037","Ciclomotors",19.7
2023,"07","Horta-Guinardó","35","el Guinardó","037","Furgonetes",28.89
2023,"07","Horta-Guinardó","35","el Guinardó","037","Camions",5.25
2023,"07","Horta-Guinardó","35","el Guinardó","037","Resta de vehicles",20.35
2023,"07","Horta-Guinardó","35","el Guinardó","038","Turismes",326.04
2023,"07","Horta-Guinardó","35","el Guinardó","038","Motos",149.34
2023,"07","Horta-Guinardó","35","el Guinardó","038","Ciclomotors",21.89
2023,"07","Horta-Guinardó","35","el Guinardó","038","Furgonetes",108.68
2023,"07","Horta-Guinardó","35","el Guinardó","038","Camions",82.1
2023,"07","Horta-Guinardó","35","el Guinardó","038","Resta de vehicles",25.8
2023,"07","Horta-Guinardó","35","el Guinardó","039","Turismes",307.45
2023,"07","Horta-Guinardó","35","el Guinardó","039","Motos",125.86
2023,"07","Horta-Guinardó","35","el Guinardó","039","Ciclomotors",10.64
2023,"07","Horta-Guinardó","35","el Guinardó","039","Furgonetes",25.05
2023,"07","Horta-Guinardó","35","el Guinardó","039","Camions",13.78
2023,"07","Horta-Guinardó","35","el Guinardó","039","Resta de vehicles",5.01
2023,"07","Horta-Guinardó","35","el Guinardó","040","Turismes",258.43
2023,"07","Horta-Guinardó","35","el Guinardó","040","Motos",128.21
2023,"07","Horta-Guinardó","35","el Guinardó","040","Ciclomotors",24.97
2023,"07","Horta-Guinardó","35","el Guinardó","040","Furgonetes",25.64
2023,"07","Horta-Guinardó","35","el Guinardó","040","Camions",2.02
2023,"07","Horta-Guinardó","35","el Guinardó","040","Resta de vehicles",3.37
2023,"07","Horta-Guinardó","35","el Guinardó","041","Turismes",207.59
2023,"07","Horta-Guinardó","35","el Guinardó","041","Motos",120.97
2023,"07","Horta-Guinardó","35","el Guinardó","041","Ciclomotors",12.17
2023,"07","Horta-Guinardó","35","el Guinardó","041","Furgonetes",21.47
2023,"07","Horta-Guinardó","35","el Guinardó","041","Camions",1.43
2023,"07","Horta-Guinardó","35","el Guinardó","041","Resta de vehicles",1.43
2023,"07","Horta-Guinardó","35","el Guinardó","042","Turismes",272.96
2023,"07","Horta-Guinardó","35","el Guinardó","042","Motos",137.11
2023,"07","Horta-Guinardó","35","el Guinardó","042","Ciclomotors",30.19
2023,"07","Horta-Guinardó","35","el Guinardó","042","Furgonetes",22.64
2023,"07","Horta-Guinardó","35","el Guinardó","042","Camions",6.92
2023,"07","Horta-Guinardó","35","el Guinardó","042","Resta de vehicles",8.81
2023,"07","Horta-Guinardó","35","el Guinardó","043","Turismes",250.68
2023,"07","Horta-Guinardó","35","el Guinardó","043","Motos",115.12
2023,"07","Horta-Guinardó","35","el Guinardó","043","Ciclomotors",18.39
2023,"07","Horta-Guinardó","35","el Guinardó","043","Furgonetes",24.52
2023,"07","Horta-Guinardó","35","el Guinardó","043","Camions",4.77
2023,"07","Horta-Guinardó","35","el Guinardó","043","Resta de vehicles",3.41
2023,"07","Horta-Guinardó","35","el Guinardó","044","Turismes",275.44
2023,"07","Horta-Guinardó","35","el Guinardó","044","Motos",132.36
2023,"07","Horta-Guinardó","35","el Guinardó","044","Ciclomotors",13.77
2023,"07","Horta-Guinardó","35","el Guinardó","044","Furgonetes",22.19
2023,"07","Horta-Guinardó","35","el Guinardó","044","Camions",2.3
2023,"07","Horta-Guinardó","35","el Guinardó","044","Resta de vehicles",5.36
2023,"07","Horta-Guinardó","35","el Guinardó","045","Turismes",256.19
2023,"07","Horta-Guinardó","35","el Guinardó","045","Motos",112
2023,"07","Horta-Guinardó","35","el Guinardó","045","Ciclomotors",17.95
2023,"07","Horta-Guinardó","35","el Guinardó","045","Furgonetes",17.33
2023,"07","Horta-Guinardó","35","el Guinardó","045","Camions",5.57
2023,"07","Horta-Guinardó","35","el Guinardó","045","Resta de vehicles",3.09
2023,"07","Horta-Guinardó","35","el Guinardó","046","Turismes",258.71
2023,"07","Horta-Guinardó","35","el Guinardó","046","Motos",109.71
2023,"07","Horta-Guinardó","35","el Guinardó","046","Ciclomotors",28.91
2023,"07","Horta-Guinardó","35","el Guinardó","046","Furgonetes",14.83
2023,"07","Horta-Guinardó","35","el Guinardó","046","Camions",3.71
2023,"07","Horta-Guinardó","35","el Guinardó","046","Resta de vehicles",5.93
2023,"07","Horta-Guinardó","35","el Guinardó","047","Turismes",236.19
2023,"07","Horta-Guinardó","35","el Guinardó","047","Motos",135.73
2023,"07","Horta-Guinardó","35","el Guinardó","047","Ciclomotors",13.31
2023,"07","Horta-Guinardó","35","el Guinardó","047","Furgonetes",22.62
2023,"07","Horta-Guinardó","35","el Guinardó","047","Camions",3.33
2023,"07","Horta-Guinardó","35","el Guinardó","047","Resta de vehicles",4.66
2023,"07","Horta-Guinardó","35","el Guinardó","048","Turismes",256.31
2023,"07","Horta-Guinardó","35","el Guinardó","048","Motos",116.3
2023,"07","Horta-Guinardó","35","el Guinardó","048","Ciclomotors",18.36
2023,"07","Horta-Guinardó","35","el Guinardó","048","Furgonetes",16.07
2023,"07","Horta-Guinardó","35","el Guinardó","048","Camions",6.12
2023,"07","Horta-Guinardó","35","el Guinardó","048","Resta de vehicles",6.12
2023,"07","Horta-Guinardó","35","el Guinardó","049","Turismes",299.08
2023,"07","Horta-Guinardó","35","el Guinardó","049","Motos",136.17
2023,"07","Horta-Guinardó","35","el Guinardó","049","Ciclomotors",20.05
2023,"07","Horta-Guinardó","35","el Guinardó","049","Furgonetes",17.54
2023,"07","Horta-Guinardó","35","el Guinardó","049","Camions",2.51
2023,"07","Horta-Guinardó","35","el Guinardó","049","Resta de vehicles",4.18
2023,"07","Horta-Guinardó","35","el Guinardó","050","Turismes",230.96
2023,"07","Horta-Guinardó","35","el Guinardó","050","Motos",146.52
2023,"07","Horta-Guinardó","35","el Guinardó","050","Ciclomotors",20.7
2023,"07","Horta-Guinardó","35","el Guinardó","050","Furgonetes",28.15
2023,"07","Horta-Guinardó","35","el Guinardó","050","Camions",3.31
2023,"07","Horta-Guinardó","35","el Guinardó","050","Resta de vehicles",4.97
2023,"07","Horta-Guinardó","35","el Guinardó","051","Turismes",261.73
2023,"07","Horta-Guinardó","35","el Guinardó","051","Motos",136.39
2023,"07","Horta-Guinardó","35","el Guinardó","051","Ciclomotors",25.4
2023,"07","Horta-Guinardó","35","el Guinardó","051","Furgonetes",18.77
2023,"07","Horta-Guinardó","35","el Guinardó","051","Camions",2.76
2023,"07","Horta-Guinardó","35","el Guinardó","051","Resta de vehicles",4.97
2023,"07","Horta-Guinardó","36","la Font d'en Fargues","052","Turismes",348.43
2023,"07","Horta-Guinardó","36","la Font d'en Fargues","052","Motos",171.91
2023,"07","Horta-Guinardó","36","la Font d'en Fargues","052","Ciclomotors",25.33
2023,"07","Horta-Guinardó","36","la Font d'en Fargues","052","Furgonetes",23.79
2023,"07","Horta-Guinardó","36","la Font d'en Fargues","052","Camions",5.37
2023,"07","Horta-Guinardó","36","la Font d'en Fargues","052","Resta de vehicles",12.28
2023,"07","Horta-Guinardó","36","la Font d'en Fargues","053","Turismes",352.54
2023,"07","Horta-Guinardó","36","la Font d'en Fargues","053","Motos",200.27
2023,"07","Horta-Guinardó","36","la Font d'en Fargues","053","Ciclomotors",20.58
2023,"07","Horta-Guinardó","36","la Font d'en Fargues","053","Furgonetes",23.32
2023,"07","Horta-Guinardó","36","la Font d'en Fargues","053","Camions",2.74
2023,"07","Horta-Guinardó","36","la Font d'en Fargues","053","Resta de vehicles",8.92
2023,"07","Horta-Guinardó","36","la Font d'en Fargues","054","Turismes",375.15
2023,"07","Horta-Guinardó","36","la Font d'en Fargues","054","Motos",223.29
2023,"07","Horta-Guinardó","36","la Font d'en Fargues","054","Ciclomotors",25.81
2023,"07","Horta-Guinardó","36","la Font d'en Fargues","054","Furgonetes",21.61
2023,"07","Horta-Guinardó","36","la Font d'en Fargues","054","Camions",6.6
2023,"07","Horta-Guinardó","36","la Font d'en Fargues","054","Resta de vehicles",13.21
2023,"07","Horta-Guinardó","36","la Font d'en Fargues","055","Turismes",364.01
2023,"07","Horta-Guinardó","36","la Font d'en Fargues","055","Motos",184.06
2023,"07","Horta-Guinardó","36","la Font d'en Fargues","055","Ciclomotors",22.19
2023,"07","Horta-Guinardó","36","la Font d'en Fargues","055","Furgonetes",23.01
2023,"07","Horta-Guinardó","36","la Font d'en Fargues","055","Camions",8.22
2023,"07","Horta-Guinardó","36","la Font d'en Fargues","055","Resta de vehicles",12.33
2023,"07","Horta-Guinardó","36","la Font d'en Fargues","056","Turismes",338.54
2023,"07","Horta-Guinardó","36","la Font d'en Fargues","056","Motos",211.18
2023,"07","Horta-Guinardó","36","la Font d'en Fargues","056","Ciclomotors",33.69
2023,"07","Horta-Guinardó","36","la Font d'en Fargues","056","Furgonetes",27.12
2023,"07","Horta-Guinardó","36","la Font d'en Fargues","056","Camions",3.29
2023,"07","Horta-Guinardó","36","la Font d'en Fargues","056","Resta de vehicles",1.64
2023,"07","Horta-Guinardó","36","la Font d'en Fargues","057","Turismes",333.78
2023,"07","Horta-Guinardó","36","la Font d'en Fargues","057","Motos",166.89
2023,"07","Horta-Guinardó","36","la Font d'en Fargues","057","Ciclomotors",21.36
2023,"07","Horta-Guinardó","36","la Font d'en Fargues","057","Furgonetes",26.03
2023,"07","Horta-Guinardó","36","la Font d'en Fargues","057","Camions",6.68
2023,"07","Horta-Guinardó","36","la Font d'en Fargues","057","Resta de vehicles",6.01
2023,"07","Horta-Guinardó","36","la Font d'en Fargues","058","Turismes",362.22
2023,"07","Horta-Guinardó","36","la Font d'en Fargues","058","Motos",224.44
2023,"07","Horta-Guinardó","36","la Font d'en Fargues","058","Ciclomotors",22.96
2023,"07","Horta-Guinardó","36","la Font d'en Fargues","058","Furgonetes",20
2023,"07","Horta-Guinardó","36","la Font d'en Fargues","058","Camions",4.44
2023,"07","Horta-Guinardó","36","la Font d'en Fargues","058","Resta de vehicles",9.63
2023,"07","Horta-Guinardó","37","el Carmel","059","Turismes",267.62
2023,"07","Horta-Guinardó","37","el Carmel","059","Motos",185.91
2023,"07","Horta-Guinardó","37","el Carmel","059","Ciclomotors",32.98
2023,"07","Horta-Guinardó","37","el Carmel","059","Furgonetes",23.99
2023,"07","Horta-Guinardó","37","el Carmel","059","Camions",3.75
2023,"07","Horta-Guinardó","37","el Carmel","059","Resta de vehicles",4.5
2023,"07","Horta-Guinardó","37","el Carmel","060","Turismes",288.36
2023,"07","Horta-Guinardó","37","el Carmel","060","Motos",205.29
2023,"07","Horta-Guinardó","37","el Carmel","060","Ciclomotors",40.74
2023,"07","Horta-Guinardó","37","el Carmel","060","Furgonetes",25.93
2023,"07","Horta-Guinardó","37","el Carmel","060","Camions",10.58
2023,"07","Horta-Guinardó","37","el Carmel","060","Resta de vehicles",5.82
2023,"07","Horta-Guinardó","37","el Carmel","061","Turismes",311.11
2023,"07","Horta-Guinardó","37","el Carmel","061","Motos",211.97
2023,"07","Horta-Guinardó","37","el Carmel","061","Ciclomotors",46.15
2023,"07","Horta-Guinardó","37","el Carmel","061","Furgonetes",26.5
2023,"07","Horta-Guinardó","37","el Carmel","061","Camions",6.84
2023,"07","Horta-Guinardó","37","el Carmel","061","Resta de vehicles",3.42
2023,"07","Horta-Guinardó","37","el Carmel","062","Turismes",276.2
2023,"07","Horta-Guinardó","37","el Carmel","062","Motos",150.45
2023,"07","Horta-Guinardó","37","el Carmel","062","Ciclomotors",21.71
2023,"07","Horta-Guinardó","37","el Carmel","062","Furgonetes",11.23
2023,"07","Horta-Guinardó","37","el Carmel","062","Camions",4.49
2023,"07","Horta-Guinardó","37","el Carmel","062","Resta de vehicles",5.99
2023,"07","Horta-Guinardó","37","el Carmel","063","Turismes",287.85
2023,"07","Horta-Guinardó","37","el Carmel","063","Motos",138.49
2023,"07","Horta-Guinardó","37","el Carmel","063","Ciclomotors",41.41
2023,"07","Horta-Guinardó","37","el Carmel","063","Furgonetes",19.01
2023,"07","Horta-Guinardó","37","el Carmel","063","Camions",4.07
2023,"07","Horta-Guinardó","37","el Carmel","063","Resta de vehicles",3.39
2023,"07","Horta-Guinardó","37","el Carmel","064","Turismes",246.93
2023,"07","Horta-Guinardó","37","el Carmel","064","Motos",147.45
2023,"07","Horta-Guinardó","37","el Carmel","064","Ciclomotors",31.01
2023,"07","Horta-Guinardó","37","el Carmel","064","Furgonetes",16.97
2023,"07","Horta-Guinardó","37","el Carmel","064","Camions",4.68
2023,"07","Horta-Guinardó","37","el Carmel","064","Resta de vehicles",2.93
2023,"07","Horta-Guinardó","37","el Carmel","065","Turismes",223.05
2023,"07","Horta-Guinardó","37","el Carmel","065","Motos",131.41
2023,"07","Horta-Guinardó","37","el Carmel","065","Ciclomotors",43.8
2023,"07","Horta-Guinardó","37","el Carmel","065","Furgonetes",15.56
2023,"07","Horta-Guinardó","37","el Carmel","065","Camions",4.03
2023,"07","Horta-Guinardó","37","el Carmel","065","Resta de vehicles",4.03
2023,"07","Horta-Guinardó","37","el Carmel","066","Turismes",222.28
2023,"07","Horta-Guinardó","37","el Carmel","066","Motos",127.58
2023,"07","Horta-Guinardó","37","el Carmel","066","Ciclomotors",30.08
2023,"07","Horta-Guinardó","37","el Carmel","066","Furgonetes",24.51
2023,"07","Horta-Guinardó","37","el Carmel","066","Camions",15.04
2023,"07","Horta-Guinardó","37","el Carmel","066","Resta de vehicles",6.69
2023,"07","Horta-Guinardó","37","el Carmel","067","Turismes",245.77
2023,"07","Horta-Guinardó","37","el Carmel","067","Motos",152.98
2023,"07","Horta-Guinardó","37","el Carmel","067","Ciclomotors",29.47
2023,"07","Horta-Guinardó","37","el Carmel","067","Furgonetes",17.55
2023,"07","Horta-Guinardó","37","el Carmel","067","Camions",3.76
2023,"07","Horta-Guinardó","37","el Carmel","067","Resta de vehicles",3.76
2023,"07","Horta-Guinardó","37","el Carmel","068","Turismes",214.77
2023,"07","Horta-Guinardó","37","el Carmel","068","Motos",122.83
2023,"07","Horta-Guinardó","37","el Carmel","068","Ciclomotors",42.95
2023,"07","Horta-Guinardó","37","el Carmel","068","Furgonetes",25.62
2023,"07","Horta-Guinardó","37","el Carmel","068","Camions",6.03
2023,"07","Horta-Guinardó","37","el Carmel","068","Resta de vehicles",1.51
2023,"07","Horta-Guinardó","37","el Carmel","069","Turismes",231.67
2023,"07","Horta-Guinardó","37","el Carmel","069","Motos",125.17
2023,"07","Horta-Guinardó","37","el Carmel","069","Ciclomotors",36.65
2023,"07","Horta-Guinardó","37","el Carmel","069","Furgonetes",12.45
2023,"07","Horta-Guinardó","37","el Carmel","069","Camions",3.46
2023,"07","Horta-Guinardó","37","el Carmel","069","Resta de vehicles",2.07
2023,"07","Horta-Guinardó","37","el Carmel","070","Turismes",246.27
2023,"07","Horta-Guinardó","37","el Carmel","070","Motos",139.11
2023,"07","Horta-Guinardó","37","el Carmel","070","Ciclomotors",24.13
2023,"07","Horta-Guinardó","37","el Carmel","070","Furgonetes",24.13
2023,"07","Horta-Guinardó","37","el Carmel","070","Camions",9.23
2023,"07","Horta-Guinardó","37","el Carmel","070","Resta de vehicles",2.84
2023,"07","Horta-Guinardó","37","el Carmel","071","Turismes",275.35
2023,"07","Horta-Guinardó","37","el Carmel","071","Motos",120.65
2023,"07","Horta-Guinardó","37","el Carmel","071","Ciclomotors",22.21
2023,"07","Horta-Guinardó","37","el Carmel","071","Furgonetes",18.5
2023,"07","Horta-Guinardó","37","el Carmel","071","Camions",5.92
2023,"07","Horta-Guinardó","37","el Carmel","071","Resta de vehicles",3.7
2023,"07","Horta-Guinardó","37","el Carmel","072","Turismes",269.44
2023,"07","Horta-Guinardó","37","el Carmel","072","Motos",140.28
2023,"07","Horta-Guinardó","37","el Carmel","072","Ciclomotors",28.47
2023,"07","Horta-Guinardó","37","el Carmel","072","Furgonetes",27.08
2023,"07","Horta-Guinardó","37","el Carmel","072","Camions",9.03
2023,"07","Horta-Guinardó","37","el Carmel","072","Resta de vehicles",4.17
2023,"07","Horta-Guinardó","37","el Carmel","073","Turismes",248.92
2023,"07","Horta-Guinardó","37","el Carmel","073","Motos",108.04
2023,"07","Horta-Guinardó","37","el Carmel","073","Ciclomotors",18.15
2023,"07","Horta-Guinardó","37","el Carmel","073","Furgonetes",19.01
2023,"07","Horta-Guinardó","37","el Carmel","073","Camions",13.83
2023,"07","Horta-Guinardó","37","el Carmel","073","Resta de vehicles",2.59
2023,"07","Horta-Guinardó","37","el Carmel","074","Turismes",255.94
2023,"07","Horta-Guinardó","37","el Carmel","074","Motos",133.02
2023,"07","Horta-Guinardó","37","el Carmel","074","Ciclomotors",23.16
2023,"07","Horta-Guinardó","37","el Carmel","074","Furgonetes",19
2023,"07","Horta-Guinardó","37","el Carmel","074","Camions",2.38
2023,"07","Horta-Guinardó","37","el Carmel","074","Resta de vehicles",3.56
2023,"07","Horta-Guinardó","37","el Carmel","075","Turismes",238.92
2023,"07","Horta-Guinardó","37","el Carmel","075","Motos",137.11
2023,"07","Horta-Guinardó","37","el Carmel","075","Ciclomotors",23.81
2023,"07","Horta-Guinardó","37","el Carmel","075","Furgonetes",18.88
2023,"07","Horta-Guinardó","37","el Carmel","075","Camions",7.39
2023,"07","Horta-Guinardó","37","el Carmel","075","Resta de vehicles",5.75
2023,"07","Horta-Guinardó","37","el Carmel","076","Turismes",258.83
2023,"07","Horta-Guinardó","37","el Carmel","076","Motos",139.87
2023,"07","Horta-Guinardó","37","el Carmel","076","Ciclomotors",20.19
2023,"07","Horta-Guinardó","37","el Carmel","076","Furgonetes",13.7
2023,"07","Horta-Guinardó","37","el Carmel","076","Camions",6.49
2023,"07","Horta-Guinardó","37","el Carmel","076","Resta de vehicles",3.6
2023,"07","Horta-Guinardó","37","el Carmel","077","Turismes",258.7
2023,"07","Horta-Guinardó","37","el Carmel","077","Motos",147.5
2023,"07","Horta-Guinardó","37","el Carmel","077","Ciclomotors",39.33
2023,"07","Horta-Guinardó","37","el Carmel","077","Furgonetes",16.64
2023,"07","Horta-Guinardó","37","el Carmel","077","Camions",6.81
2023,"07","Horta-Guinardó","37","el Carmel","077","Resta de vehicles",6.81
2023,"07","Horta-Guinardó","37","el Carmel","078","Turismes",278.69
2023,"07","Horta-Guinardó","37","el Carmel","078","Motos",148.25
2023,"07","Horta-Guinardó","37","el Carmel","078","Ciclomotors",29.94
2023,"07","Horta-Guinardó","37","el Carmel","078","Furgonetes",22.1
2023,"07","Horta-Guinardó","37","el Carmel","078","Camions",2.85
2023,"07","Horta-Guinardó","37","el Carmel","078","Resta de vehicles",4.28
2023,"07","Horta-Guinardó","37","el Carmel","079","Turismes",255.25
2023,"07","Horta-Guinardó","37","el Carmel","079","Motos",116.14
2023,"07","Horta-Guinardó","37","el Carmel","079","Ciclomotors",21
2023,"07","Horta-Guinardó","37","el Carmel","079","Furgonetes",24.28
2023,"07","Horta-Guinardó","37","el Carmel","079","Camions",3.28
2023,"07","Horta-Guinardó","37","el Carmel","079","Resta de vehicles",6.56
2023,"07","Horta-Guinardó","37","el Carmel","080","Turismes",256.78
2023,"07","Horta-Guinardó","37","el Carmel","080","Motos",122.86
2023,"07","Horta-Guinardó","37","el Carmel","080","Ciclomotors",23.24
2023,"07","Horta-Guinardó","37","el Carmel","080","Furgonetes",17.16
2023,"07","Horta-Guinardó","37","el Carmel","080","Camions",5.53
2023,"07","Horta-Guinardó","37","el Carmel","080","Resta de vehicles",3.87
2023,"07","Horta-Guinardó","38","la Teixonera","081","Turismes",305.48
2023,"07","Horta-Guinardó","38","la Teixonera","081","Motos",171.28
2023,"07","Horta-Guinardó","38","la Teixonera","081","Ciclomotors",31.85
2023,"07","Horta-Guinardó","38","la Teixonera","081","Furgonetes",29.24
2023,"07","Horta-Guinardó","38","la Teixonera","081","Camions",9.4
2023,"07","Horta-Guinardó","38","la Teixonera","081","Resta de vehicles",3.13
2023,"07","Horta-Guinardó","38","la Teixonera","082","Turismes",264.14
2023,"07","Horta-Guinardó","38","la Teixonera","082","Motos",155.9
2023,"07","Horta-Guinardó","38","la Teixonera","082","Ciclomotors",33.93
2023,"07","Horta-Guinardó","38","la Teixonera","082","Furgonetes",17.77
2023,"07","Horta-Guinardó","38","la Teixonera","082","Camions",5.65
2023,"07","Horta-Guinardó","38","la Teixonera","082","Resta de vehicles",3.23
2023,"07","Horta-Guinardó","38","la Teixonera","083","Turismes",252.17
2023,"07","Horta-Guinardó","38","la Teixonera","083","Motos",144.2
2023,"07","Horta-Guinardó","38","la Teixonera","083","Ciclomotors",23.19
2023,"07","Horta-Guinardó","38","la Teixonera","083","Furgonetes",19.57
2023,"07","Horta-Guinardó","38","la Teixonera","083","Camions",8.7
2023,"07","Horta-Guinardó","38","la Teixonera","083","Resta de vehicles",5.8
2023,"07","Horta-Guinardó","38","la Teixonera","084","Turismes",281.39
2023,"07","Horta-Guinardó","38","la Teixonera","084","Motos",165.95
2023,"07","Horta-Guinardó","38","la Teixonera","084","Ciclomotors",33.91
2023,"07","Horta-Guinardó","38","la Teixonera","084","Furgonetes",25.25
2023,"07","Horta-Guinardó","38","la Teixonera","084","Camions",2.89
2023,"07","Horta-Guinardó","38","la Teixonera","084","Resta de vehicles",4.33
2023,"07","Horta-Guinardó","38","la Teixonera","085","Turismes",312.55
2023,"07","Horta-Guinardó","38","la Teixonera","085","Motos",151.21
2023,"07","Horta-Guinardó","38","la Teixonera","085","Ciclomotors",26.5
2023,"07","Horta-Guinardó","38","la Teixonera","085","Furgonetes",21.04
2023,"07","Horta-Guinardó","38","la Teixonera","085","Camions",2.34
2023,"07","Horta-Guinardó","38","la Teixonera","085","Resta de vehicles",4.68
2023,"07","Horta-Guinardó","38","la Teixonera","086","Turismes",289.44
2023,"07","Horta-Guinardó","38","la Teixonera","086","Motos",138.37
2023,"07","Horta-Guinardó","38","la Teixonera","086","Ciclomotors",27.41
2023,"07","Horta-Guinardó","38","la Teixonera","086","Furgonetes",29.41
2023,"07","Horta-Guinardó","38","la Teixonera","086","Camions",15.37
2023,"07","Horta-Guinardó","38","la Teixonera","086","Resta de vehicles",6.68
2023,"07","Horta-Guinardó","38","la Teixonera","087","Turismes",306.3
2023,"07","Horta-Guinardó","38","la Teixonera","087","Motos",127.72
2023,"07","Horta-Guinardó","38","la Teixonera","087","Ciclomotors",25.42
2023,"07","Horta-Guinardó","38","la Teixonera","087","Furgonetes",21.79
2023,"07","Horta-Guinardó","38","la Teixonera","087","Camions",6.05
2023,"07","Horta-Guinardó","38","la Teixonera","087","Resta de vehicles",4.84
2023,"07","Horta-Guinardó","38","la Teixonera","088","Turismes",272.88
2023,"07","Horta-Guinardó","38","la Teixonera","088","Motos",127.23
2023,"07","Horta-Guinardó","38","la Teixonera","088","Ciclomotors",18.42
2023,"07","Horta-Guinardó","38","la Teixonera","088","Furgonetes",17.85
2023,"07","Horta-Guinardó","38","la Teixonera","088","Camions",4.03
2023,"07","Horta-Guinardó","38","la Teixonera","088","Resta de vehicles",4.03
2023,"07","Horta-Guinardó","39","Sant Genís dels Agudells","089","Turismes",309.1
2023,"07","Horta-Guinardó","39","Sant Genís dels Agudells","089","Motos",116.44
2023,"07","Horta-Guinardó","39","Sant Genís dels Agudells","089","Ciclomotors",17.64
2023,"07","Horta-Guinardó","39","Sant Genís dels Agudells","089","Furgonetes",22.58
2023,"07","Horta-Guinardó","39","Sant Genís dels Agudells","089","Camions",2.12
2023,"07","Horta-Guinardó","39","Sant Genís dels Agudells","089","Resta de vehicles",3.53
2023,"07","Horta-Guinardó","39","Sant Genís dels Agudells","090","Turismes",355.41
2023,"07","Horta-Guinardó","39","Sant Genís dels Agudells","090","Motos",172.3
2023,"07","Horta-Guinardó","39","Sant Genís dels Agudells","090","Ciclomotors",39.19
2023,"07","Horta-Guinardó","39","Sant Genís dels Agudells","090","Furgonetes",33.11
2023,"07","Horta-Guinardó","39","Sant Genís dels Agudells","090","Camions",6.08
2023,"07","Horta-Guinardó","39","Sant Genís dels Agudells","090","Resta de vehicles",7.43
2023,"07","Horta-Guinardó","39","Sant Genís dels Agudells","091","Turismes",303.23
2023,"07","Horta-Guinardó","39","Sant Genís dels Agudells","091","Motos",157.26
2023,"07","Horta-Guinardó","39","Sant Genís dels Agudells","091","Ciclomotors",29.84
2023,"07","Horta-Guinardó","39","Sant Genís dels Agudells","091","Furgonetes",17.74
2023,"07","Horta-Guinardó","39","Sant Genís dels Agudells","091","Camions",6.45
2023,"07","Horta-Guinardó","39","Sant Genís dels Agudells","091","Resta de vehicles",5.65
2023,"07","Horta-Guinardó","39","Sant Genís dels Agudells","092","Turismes",217.85
2023,"07","Horta-Guinardó","39","Sant Genís dels Agudells","092","Motos",86.61
2023,"07","Horta-Guinardó","39","Sant Genís dels Agudells","092","Ciclomotors",17.32
2023,"07","Horta-Guinardó","39","Sant Genís dels Agudells","092","Furgonetes",27.98
2023,"07","Horta-Guinardó","39","Sant Genís dels Agudells","092","Camions",2
2023,"07","Horta-Guinardó","39","Sant Genís dels Agudells","092","Resta de vehicles",2
2023,"07","Horta-Guinardó","39","Sant Genís dels Agudells","093","Turismes",266.74
2023,"07","Horta-Guinardó","39","Sant Genís dels Agudells","093","Motos",108.76
2023,"07","Horta-Guinardó","39","Sant Genís dels Agudells","093","Ciclomotors",17.74
2023,"07","Horta-Guinardó","39","Sant Genís dels Agudells","093","Furgonetes",18.32
2023,"07","Horta-Guinardó","39","Sant Genís dels Agudells","093","Camions",6.3
2023,"07","Horta-Guinardó","39","Sant Genís dels Agudells","093","Resta de vehicles",6.3
2023,"07","Horta-Guinardó","40","Montbau","094","Turismes",284.48
2023,"07","Horta-Guinardó","40","Montbau","094","Motos",103.23
2023,"07","Horta-Guinardó","40","Montbau","094","Ciclomotors",18.12
2023,"07","Horta-Guinardó","40","Montbau","094","Furgonetes",22.06
2023,"07","Horta-Guinardó","40","Montbau","094","Camions",6.3
2023,"07","Horta-Guinardó","40","Montbau","094","Resta de vehicles",10.24
2023,"07","Horta-Guinardó","40","Montbau","095","Turismes",350.83
2023,"07","Horta-Guinardó","40","Montbau","095","Motos",124.84
2023,"07","Horta-Guinardó","40","Montbau","095","Ciclomotors",18.57
2023,"07","Horta-Guinardó","40","Montbau","095","Furgonetes",18.57
2023,"07","Horta-Guinardó","40","Montbau","095","Camions",3.84
2023,"07","Horta-Guinardó","40","Montbau","095","Resta de vehicles",10.24
2023,"07","Horta-Guinardó","40","Montbau","096","Turismes",290.21
2023,"07","Horta-Guinardó","40","Montbau","096","Motos",106.09
2023,"07","Horta-Guinardó","40","Montbau","096","Ciclomotors",15.06
2023,"07","Horta-Guinardó","40","Montbau","096","Furgonetes",13.69
2023,"07","Horta-Guinardó","40","Montbau","096","Camions",4.79
2023,"07","Horta-Guinardó","40","Montbau","096","Resta de vehicles",0.68
2023,"07","Horta-Guinardó","40","Montbau","097","Turismes",301.59
2023,"07","Horta-Guinardó","40","Montbau","097","Motos",115.65
2023,"07","Horta-Guinardó","40","Montbau","097","Ciclomotors",10.2
2023,"07","Horta-Guinardó","40","Montbau","097","Furgonetes",13.61
2023,"07","Horta-Guinardó","40","Montbau","097","Camions",3.4
2023,"07","Horta-Guinardó","40","Montbau","097","Resta de vehicles",5.67
2023,"07","Horta-Guinardó","41","la Vall d'Hebron","098","Turismes",353.6
2023,"07","Horta-Guinardó","41","la Vall d'Hebron","098","Motos",121.11
2023,"07","Horta-Guinardó","41","la Vall d'Hebron","098","Ciclomotors",12.99
2023,"07","Horta-Guinardó","41","la Vall d'Hebron","098","Furgonetes",21.81
2023,"07","Horta-Guinardó","41","la Vall d'Hebron","098","Camions",6.03
2023,"07","Horta-Guinardó","41","la Vall d'Hebron","098","Resta de vehicles",3.25
2023,"07","Horta-Guinardó","41","la Vall d'Hebron","099","Turismes",420.49
2023,"07","Horta-Guinardó","41","la Vall d'Hebron","099","Motos",137.56
2023,"07","Horta-Guinardó","41","la Vall d'Hebron","099","Ciclomotors",22.44
2023,"07","Horta-Guinardó","41","la Vall d'Hebron","099","Furgonetes",15.61
2023,"07","Horta-Guinardó","41","la Vall d'Hebron","099","Camions",1.95
2023,"07","Horta-Guinardó","41","la Vall d'Hebron","099","Resta de vehicles",8.78
2023,"07","Horta-Guinardó","41","la Vall d'Hebron","100","Turismes",325.5
2023,"07","Horta-Guinardó","41","la Vall d'Hebron","100","Motos",91.44
2023,"07","Horta-Guinardó","41","la Vall d'Hebron","100","Ciclomotors",16.78
2023,"07","Horta-Guinardó","41","la Vall d'Hebron","100","Furgonetes",35.23
2023,"07","Horta-Guinardó","41","la Vall d'Hebron","100","Camions",2.52
2023,"07","Horta-Guinardó","41","la Vall d'Hebron","100","Resta de vehicles",7.55
2023,"07","Horta-Guinardó","41","la Vall d'Hebron","101","Turismes",304.26
2023,"07","Horta-Guinardó","41","la Vall d'Hebron","101","Motos",99.87
2023,"07","Horta-Guinardó","41","la Vall d'Hebron","101","Ciclomotors",15.98
2023,"07","Horta-Guinardó","41","la Vall d'Hebron","101","Furgonetes",27.96
2023,"07","Horta-Guinardó","41","la Vall d'Hebron","101","Camions",6.66
2023,"07","Horta-Guinardó","41","la Vall d'Hebron","101","Resta de vehicles",3.99
2023,"07","Horta-Guinardó","42","la Clota","102","Turismes",283.26
2023,"07","Horta-Guinardó","42","la Clota","102","Motos",175.97
2023,"07","Horta-Guinardó","42","la Clota","102","Ciclomotors",38.63
2023,"07","Horta-Guinardó","42","la Clota","102","Furgonetes",70.1
2023,"07","Horta-Guinardó","42","la Clota","102","Camions",14.31
2023,"07","Horta-Guinardó","42","la Clota","102","Resta de vehicles",10.01
2023,"07","Horta-Guinardó","42","la Clota","NC","Turismes",NA
2023,"07","Horta-Guinardó","43","Horta","103","Turismes",308.19
2023,"07","Horta-Guinardó","43","Horta","103","Motos",152.8
2023,"07","Horta-Guinardó","43","Horta","103","Ciclomotors",35.76
2023,"07","Horta-Guinardó","43","Horta","103","Furgonetes",26.01
2023,"07","Horta-Guinardó","43","Horta","103","Camions",6.5
2023,"07","Horta-Guinardó","43","Horta","103","Resta de vehicles",5.85
2023,"07","Horta-Guinardó","43","Horta","104","Turismes",313.41
2023,"07","Horta-Guinardó","43","Horta","104","Motos",160.84
2023,"07","Horta-Guinardó","43","Horta","104","Ciclomotors",22.89
2023,"07","Horta-Guinardó","43","Horta","104","Furgonetes",24.16
2023,"07","Horta-Guinardó","43","Horta","104","Camions",8.9
2023,"07","Horta-Guinardó","43","Horta","104","Resta de vehicles",4.45
2023,"07","Horta-Guinardó","43","Horta","105","Turismes",358.8
2023,"07","Horta-Guinardó","43","Horta","105","Motos",177.95
2023,"07","Horta-Guinardó","43","Horta","105","Ciclomotors",26.11
2023,"07","Horta-Guinardó","43","Horta","105","Furgonetes",15.47
2023,"07","Horta-Guinardó","43","Horta","105","Camions",2.9
2023,"07","Horta-Guinardó","43","Horta","105","Resta de vehicles",6.77
2023,"07","Horta-Guinardó","43","Horta","106","Turismes",290.35
2023,"07","Horta-Guinardó","43","Horta","106","Motos",126.46
2023,"07","Horta-Guinardó","43","Horta","106","Ciclomotors",15.81
2023,"07","Horta-Guinardó","43","Horta","106","Furgonetes",16.64
2023,"07","Horta-Guinardó","43","Horta","106","Camions",5.82
2023,"07","Horta-Guinardó","43","Horta","106","Resta de vehicles",6.66
2023,"07","Horta-Guinardó","43","Horta","107","Turismes",357.14
2023,"07","Horta-Guinardó","43","Horta","107","Motos",158.16
2023,"07","Horta-Guinardó","43","Horta","107","Ciclomotors",17.01
2023,"07","Horta-Guinardó","43","Horta","107","Furgonetes",11.9
2023,"07","Horta-Guinardó","43","Horta","107","Camions",2.55
2023,"07","Horta-Guinardó","43","Horta","107","Resta de vehicles",8.5
2023,"07","Horta-Guinardó","43","Horta","108","Turismes",323.25
2023,"07","Horta-Guinardó","43","Horta","108","Motos",146.5
2023,"07","Horta-Guinardó","43","Horta","108","Ciclomotors",20.7
2023,"07","Horta-Guinardó","43","Horta","108","Furgonetes",19.9
2023,"07","Horta-Guinardó","43","Horta","108","Camions",3.18
2023,"07","Horta-Guinardó","43","Horta","108","Resta de vehicles",3.18
2023,"07","Horta-Guinardó","43","Horta","109","Turismes",287.84
2023,"07","Horta-Guinardó","43","Horta","109","Motos",118.59
2023,"07","Horta-Guinardó","43","Horta","109","Ciclomotors",22.05
2023,"07","Horta-Guinardó","43","Horta","109","Furgonetes",22.65
2023,"07","Horta-Guinardó","43","Horta","109","Camions",5.96
2023,"07","Horta-Guinardó","43","Horta","109","Resta de vehicles",5.96
2023,"07","Horta-Guinardó","43","Horta","110","Turismes",304.09
2023,"07","Horta-Guinardó","43","Horta","110","Motos",151.55
2023,"07","Horta-Guinardó","43","Horta","110","Ciclomotors",10.97
2023,"07","Horta-Guinardó","43","Horta","110","Furgonetes",12.96
2023,"07","Horta-Guinardó","43","Horta","110","Camions",6.98
2023,"07","Horta-Guinardó","43","Horta","110","Resta de vehicles",2.99
2023,"07","Horta-Guinardó","43","Horta","111","Turismes",328.62
2023,"07","Horta-Guinardó","43","Horta","111","Motos",162.13
2023,"07","Horta-Guinardó","43","Horta","111","Ciclomotors",18.5
2023,"07","Horta-Guinardó","43","Horta","111","Furgonetes",15.23
2023,"07","Horta-Guinardó","43","Horta","111","Camions",6.53
2023,"07","Horta-Guinardó","43","Horta","111","Resta de vehicles",7.62
2023,"07","Horta-Guinardó","43","Horta","112","Turismes",288.27
2023,"07","Horta-Guinardó","43","Horta","112","Motos",119.49
2023,"07","Horta-Guinardó","43","Horta","112","Ciclomotors",9.71
2023,"07","Horta-Guinardó","43","Horta","112","Furgonetes",23.15
2023,"07","Horta-Guinardó","43","Horta","112","Camions",8.96
2023,"07","Horta-Guinardó","43","Horta","112","Resta de vehicles",9.71
2023,"07","Horta-Guinardó","43","Horta","113","Turismes",282.07
2023,"07","Horta-Guinardó","43","Horta","113","Motos",119.24
2023,"07","Horta-Guinardó","43","Horta","113","Ciclomotors",13.98
2023,"07","Horta-Guinardó","43","Horta","113","Furgonetes",15.62
2023,"07","Horta-Guinardó","43","Horta","113","Camions",4.93
2023,"07","Horta-Guinardó","43","Horta","113","Resta de vehicles",3.29
2023,"07","Horta-Guinardó","43","Horta","114","Turismes",297.73
2023,"07","Horta-Guinardó","43","Horta","114","Motos",136.73
2023,"07","Horta-Guinardó","43","Horta","114","Ciclomotors",12.14
2023,"07","Horta-Guinardó","43","Horta","114","Furgonetes",25.08
2023,"07","Horta-Guinardó","43","Horta","114","Camions",8.9
2023,"07","Horta-Guinardó","43","Horta","114","Resta de vehicles",4.05
2023,"07","Horta-Guinardó","43","Horta","115","Turismes",318.77
2023,"07","Horta-Guinardó","43","Horta","115","Motos",195.17
2023,"07","Horta-Guinardó","43","Horta","115","Ciclomotors",23.23
2023,"07","Horta-Guinardó","43","Horta","115","Furgonetes",23.23
2023,"07","Horta-Guinardó","43","Horta","115","Camions",2.79
2023,"07","Horta-Guinardó","43","Horta","115","Resta de vehicles",7.43
2023,"07","Horta-Guinardó","43","Horta","116","Turismes",270.39
2023,"07","Horta-Guinardó","43","Horta","116","Motos",137.5
2023,"07","Horta-Guinardó","43","Horta","116","Ciclomotors",25.66
2023,"07","Horta-Guinardó","43","Horta","116","Furgonetes",15.79
2023,"07","Horta-Guinardó","43","Horta","116","Camions",3.29
2023,"07","Horta-Guinardó","43","Horta","116","Resta de vehicles",1.97
2023,"07","Horta-Guinardó","43","Horta","117","Turismes",94.39
2023,"07","Horta-Guinardó","43","Horta","117","Motos",46.18
2023,"07","Horta-Guinardó","43","Horta","117","Ciclomotors",3.81
2023,"07","Horta-Guinardó","43","Horta","117","Furgonetes",7.87
2023,"07","Horta-Guinardó","43","Horta","117","Camions",4.82
2023,"07","Horta-Guinardó","43","Horta","117","Resta de vehicles",2.54
2023,"07","Horta-Guinardó","43","Horta","118","Turismes",289.14
2023,"07","Horta-Guinardó","43","Horta","118","Motos",134.98
2023,"07","Horta-Guinardó","43","Horta","118","Ciclomotors",18.37
2023,"07","Horta-Guinardó","43","Horta","118","Furgonetes",28.75
2023,"07","Horta-Guinardó","43","Horta","118","Camions",7.99
2023,"07","Horta-Guinardó","43","Horta","118","Resta de vehicles",3.99
2023,"07","Horta-Guinardó","43","Horta","119","Turismes",252.69
2023,"07","Horta-Guinardó","43","Horta","119","Motos",124.42
2023,"07","Horta-Guinardó","43","Horta","119","Ciclomotors",18.43
2023,"07","Horta-Guinardó","43","Horta","119","Furgonetes",23.81
2023,"07","Horta-Guinardó","43","Horta","119","Camions",5.38
2023,"07","Horta-Guinardó","43","Horta","119","Resta de vehicles",6.91
2023,"07","Horta-Guinardó","43","Horta","120","Turismes",306.62
2023,"07","Horta-Guinardó","43","Horta","120","Motos",142.27
2023,"07","Horta-Guinardó","43","Horta","120","Ciclomotors",22.08
2023,"07","Horta-Guinardó","43","Horta","120","Furgonetes",11.45
2023,"07","Horta-Guinardó","43","Horta","120","Resta de vehicles",9.81
2023,"07","Horta-Guinardó","43","Horta","121","Turismes",229.87
2023,"07","Horta-Guinardó","43","Horta","121","Motos",102.35
2023,"07","Horta-Guinardó","43","Horta","121","Ciclomotors",22.65
2023,"07","Horta-Guinardó","43","Horta","121","Furgonetes",16.78
2023,"07","Horta-Guinardó","43","Horta","121","Camions",5.03
2023,"07","Horta-Guinardó","43","Horta","121","Resta de vehicles",5.03
2023,"07","Horta-Guinardó","43","Horta","122","Turismes",272.24
2023,"07","Horta-Guinardó","43","Horta","122","Motos",128.07
2023,"07","Horta-Guinardó","43","Horta","122","Ciclomotors",17.64
2023,"07","Horta-Guinardó","43","Horta","122","Furgonetes",16.1
2023,"07","Horta-Guinardó","43","Horta","122","Camions",3.83
2023,"07","Horta-Guinardó","43","Horta","122","Resta de vehicles",3.83
2023,"07","Horta-Guinardó","43","Horta","123","Turismes",285.51
2023,"07","Horta-Guinardó","43","Horta","123","Motos",136.4
2023,"07","Horta-Guinardó","43","Horta","123","Ciclomotors",21.2
2023,"07","Horta-Guinardó","43","Horta","123","Furgonetes",24.03
2023,"07","Horta-Guinardó","43","Horta","123","Camions",2.83
2023,"07","Horta-Guinardó","43","Horta","123","Resta de vehicles",4.95
2023,"08","Nou Barris","44","Vilapicina i la Torre Llobeta","001","Turismes",290.17
2023,"08","Nou Barris","44","Vilapicina i la Torre Llobeta","001","Motos",105.3
2023,"08","Nou Barris","44","Vilapicina i la Torre Llobeta","001","Ciclomotors",21.06
2023,"08","Nou Barris","44","Vilapicina i la Torre Llobeta","001","Furgonetes",14.82
2023,"08","Nou Barris","44","Vilapicina i la Torre Llobeta","001","Camions",8.58
2023,"08","Nou Barris","44","Vilapicina i la Torre Llobeta","001","Resta de vehicles",2.34
2023,"08","Nou Barris","44","Vilapicina i la Torre Llobeta","002","Turismes",277.51
2023,"08","Nou Barris","44","Vilapicina i la Torre Llobeta","002","Motos",144.34
2023,"08","Nou Barris","44","Vilapicina i la Torre Llobeta","002","Ciclomotors",18.34
2023,"08","Nou Barris","44","Vilapicina i la Torre Llobeta","002","Furgonetes",22.33
2023,"08","Nou Barris","44","Vilapicina i la Torre Llobeta","002","Camions",3.99
2023,"08","Nou Barris","44","Vilapicina i la Torre Llobeta","002","Resta de vehicles",5.58
2023,"08","Nou Barris","44","Vilapicina i la Torre Llobeta","003","Turismes",300.49
2023,"08","Nou Barris","44","Vilapicina i la Torre Llobeta","003","Motos",120.52
2023,"08","Nou Barris","44","Vilapicina i la Torre Llobeta","003","Ciclomotors",23.62
2023,"08","Nou Barris","44","Vilapicina i la Torre Llobeta","003","Furgonetes",25.24
2023,"08","Nou Barris","44","Vilapicina i la Torre Llobeta","003","Camions",4.89
2023,"08","Nou Barris","44","Vilapicina i la Torre Llobeta","003","Resta de vehicles",8.14
2023,"08","Nou Barris","44","Vilapicina i la Torre Llobeta","004","Turismes",269.08
2023,"08","Nou Barris","44","Vilapicina i la Torre Llobeta","004","Motos",97.72
2023,"08","Nou Barris","44","Vilapicina i la Torre Llobeta","004","Ciclomotors",21.42
2023,"08","Nou Barris","44","Vilapicina i la Torre Llobeta","004","Furgonetes",19.41
2023,"08","Nou Barris","44","Vilapicina i la Torre Llobeta","004","Camions",6.02
2023,"08","Nou Barris","44","Vilapicina i la Torre Llobeta","004","Resta de vehicles",8.7
2023,"08","Nou Barris","44","Vilapicina i la Torre Llobeta","005","Turismes",293.55
2023,"08","Nou Barris","44","Vilapicina i la Torre Llobeta","005","Motos",89.3
2023,"08","Nou Barris","44","Vilapicina i la Torre Llobeta","005","Ciclomotors",10.61
2023,"08","Nou Barris","44","Vilapicina i la Torre Llobeta","005","Furgonetes",22.1
2023,"08","Nou Barris","44","Vilapicina i la Torre Llobeta","005","Camions",7.07
2023,"08","Nou Barris","44","Vilapicina i la Torre Llobeta","005","Resta de vehicles",3.54
2023,"08","Nou Barris","44","Vilapicina i la Torre Llobeta","006","Turismes",267.26
2023,"08","Nou Barris","44","Vilapicina i la Torre Llobeta","006","Motos",130.95
2023,"08","Nou Barris","44","Vilapicina i la Torre Llobeta","006","Ciclomotors",22.02
2023,"08","Nou Barris","44","Vilapicina i la Torre Llobeta","006","Furgonetes",22.02
2023,"08","Nou Barris","44","Vilapicina i la Torre Llobeta","006","Camions",10.12
2023,"08","Nou Barris","44","Vilapicina i la Torre Llobeta","006","Resta de vehicles",6.55
2023,"08","Nou Barris","44","Vilapicina i la Torre Llobeta","007","Turismes",306.3
2023,"08","Nou Barris","44","Vilapicina i la Torre Llobeta","007","Motos",103.54
2023,"08","Nou Barris","44","Vilapicina i la Torre Llobeta","007","Ciclomotors",13.81
2023,"08","Nou Barris","44","Vilapicina i la Torre Llobeta","007","Furgonetes",17.26
2023,"08","Nou Barris","44","Vilapicina i la Torre Llobeta","007","Camions",14.67
2023,"08","Nou Barris","44","Vilapicina i la Torre Llobeta","007","Resta de vehicles",11.22
2023,"08","Nou Barris","44","Vilapicina i la Torre Llobeta","008","Turismes",288.11
2023,"08","Nou Barris","44","Vilapicina i la Torre Llobeta","008","Motos",133.17
2023,"08","Nou Barris","44","Vilapicina i la Torre Llobeta","008","Ciclomotors",21.78
2023,"08","Nou Barris","44","Vilapicina i la Torre Llobeta","008","Furgonetes",15.56
2023,"08","Nou Barris","44","Vilapicina i la Torre Llobeta","008","Camions",4.36
2023,"08","Nou Barris","44","Vilapicina i la Torre Llobeta","008","Resta de vehicles",3.11
2023,"08","Nou Barris","44","Vilapicina i la Torre Llobeta","009","Turismes",213.18
2023,"08","Nou Barris","44","Vilapicina i la Torre Llobeta","009","Motos",113.51
2023,"08","Nou Barris","44","Vilapicina i la Torre Llobeta","009","Ciclomotors",16.61
2023,"08","Nou Barris","44","Vilapicina i la Torre Llobeta","009","Furgonetes",19.38
2023,"08","Nou Barris","44","Vilapicina i la Torre Llobeta","009","Camions",7.75
2023,"08","Nou Barris","44","Vilapicina i la Torre Llobeta","009","Resta de vehicles",3.88
2023,"08","Nou Barris","44","Vilapicina i la Torre Llobeta","010","Turismes",270.66
2023,"08","Nou Barris","44","Vilapicina i la Torre Llobeta","010","Motos",136.24
2023,"08","Nou Barris","44","Vilapicina i la Torre Llobeta","010","Ciclomotors",25.43
2023,"08","Nou Barris","44","Vilapicina i la Torre Llobeta","010","Furgonetes",77.2
2023,"08","Nou Barris","44","Vilapicina i la Torre Llobeta","010","Camions",13.62
2023,"08","Nou Barris","44","Vilapicina i la Torre Llobeta","010","Resta de vehicles",11.81
2023,"08","Nou Barris","44","Vilapicina i la Torre Llobeta","011","Turismes",277.25
2023,"08","Nou Barris","44","Vilapicina i la Torre Llobeta","011","Motos",97.85
2023,"08","Nou Barris","44","Vilapicina i la Torre Llobeta","011","Ciclomotors",12.02
2023,"08","Nou Barris","44","Vilapicina i la Torre Llobeta","011","Furgonetes",18.03
2023,"08","Nou Barris","44","Vilapicina i la Torre Llobeta","011","Camions",5.15
2023,"08","Nou Barris","44","Vilapicina i la Torre Llobeta","011","Resta de vehicles",5.15
2023,"08","Nou Barris","44","Vilapicina i la Torre Llobeta","012","Turismes",250.79
2023,"08","Nou Barris","44","Vilapicina i la Torre Llobeta","012","Motos",110.06
2023,"08","Nou Barris","44","Vilapicina i la Torre Llobeta","012","Ciclomotors",19.65
2023,"08","Nou Barris","44","Vilapicina i la Torre Llobeta","012","Furgonetes",29.09
2023,"08","Nou Barris","44","Vilapicina i la Torre Llobeta","012","Camions",5.5
2023,"08","Nou Barris","44","Vilapicina i la Torre Llobeta","012","Resta de vehicles",3.93
2023,"08","Nou Barris","44","Vilapicina i la Torre Llobeta","013","Turismes",250
2023,"08","Nou Barris","44","Vilapicina i la Torre Llobeta","013","Motos",90.91
2023,"08","Nou Barris","44","Vilapicina i la Torre Llobeta","013","Ciclomotors",15.15
2023,"08","Nou Barris","44","Vilapicina i la Torre Llobeta","013","Furgonetes",14.31
2023,"08","Nou Barris","44","Vilapicina i la Torre Llobeta","013","Camions",4.21
2023,"08","Nou Barris","44","Vilapicina i la Torre Llobeta","013","Resta de vehicles",3.37
2023,"08","Nou Barris","44","Vilapicina i la Torre Llobeta","014","Turismes",227.66
2023,"08","Nou Barris","44","Vilapicina i la Torre Llobeta","014","Motos",104.12
2023,"08","Nou Barris","44","Vilapicina i la Torre Llobeta","014","Ciclomotors",15.54
2023,"08","Nou Barris","44","Vilapicina i la Torre Llobeta","014","Furgonetes",16.32
2023,"08","Nou Barris","44","Vilapicina i la Torre Llobeta","014","Camions",0.78
2023,"08","Nou Barris","44","Vilapicina i la Torre Llobeta","014","Resta de vehicles",2.33
2023,"08","Nou Barris","44","Vilapicina i la Torre Llobeta","015","Turismes",231.21
2023,"08","Nou Barris","44","Vilapicina i la Torre Llobeta","015","Motos",84.4
2023,"08","Nou Barris","44","Vilapicina i la Torre Llobeta","015","Ciclomotors",20.57
2023,"08","Nou Barris","44","Vilapicina i la Torre Llobeta","015","Furgonetes",14.18
2023,"08","Nou Barris","44","Vilapicina i la Torre Llobeta","015","Camions",9.93
2023,"08","Nou Barris","44","Vilapicina i la Torre Llobeta","015","Resta de vehicles",2.84
2023,"08","Nou Barris","44","Vilapicina i la Torre Llobeta","016","Turismes",243.92
2023,"08","Nou Barris","44","Vilapicina i la Torre Llobeta","016","Motos",96.35
2023,"08","Nou Barris","44","Vilapicina i la Torre Llobeta","016","Ciclomotors",21.7
2023,"08","Nou Barris","44","Vilapicina i la Torre Llobeta","016","Furgonetes",26.04
2023,"08","Nou Barris","44","Vilapicina i la Torre Llobeta","016","Camions",7.81
2023,"08","Nou Barris","44","Vilapicina i la Torre Llobeta","016","Resta de vehicles",10.42
2023,"08","Nou Barris","44","Vilapicina i la Torre Llobeta","017","Turismes",313.51
2023,"08","Nou Barris","44","Vilapicina i la Torre Llobeta","017","Motos",124.08
2023,"08","Nou Barris","44","Vilapicina i la Torre Llobeta","017","Ciclomotors",25.7
2023,"08","Nou Barris","44","Vilapicina i la Torre Llobeta","017","Furgonetes",14.68
2023,"08","Nou Barris","44","Vilapicina i la Torre Llobeta","017","Camions",4.41
2023,"08","Nou Barris","44","Vilapicina i la Torre Llobeta","017","Resta de vehicles",10.28
2023,"08","Nou Barris","44","Vilapicina i la Torre Llobeta","018","Turismes",244.36
2023,"08","Nou Barris","44","Vilapicina i la Torre Llobeta","018","Motos",89.64
2023,"08","Nou Barris","44","Vilapicina i la Torre Llobeta","018","Ciclomotors",5.31
2023,"08","Nou Barris","44","Vilapicina i la Torre Llobeta","018","Furgonetes",15.27
2023,"08","Nou Barris","44","Vilapicina i la Torre Llobeta","018","Camions",6.64
2023,"08","Nou Barris","44","Vilapicina i la Torre Llobeta","018","Resta de vehicles",7.97
2023,"08","Nou Barris","44","Vilapicina i la Torre Llobeta","019","Turismes",223.98
2023,"08","Nou Barris","44","Vilapicina i la Torre Llobeta","019","Motos",93.73
2023,"08","Nou Barris","44","Vilapicina i la Torre Llobeta","019","Ciclomotors",20.71
2023,"08","Nou Barris","44","Vilapicina i la Torre Llobeta","019","Furgonetes",21.8
2023,"08","Nou Barris","44","Vilapicina i la Torre Llobeta","019","Camions",4.9
2023,"08","Nou Barris","44","Vilapicina i la Torre Llobeta","019","Resta de vehicles",2.18
2023,"08","Nou Barris","45","Porta","020","Turismes",251.46
2023,"08","Nou Barris","45","Porta","020","Motos",122.81
2023,"08","Nou Barris","45","Porta","020","Ciclomotors",13.89
2023,"08","Nou Barris","45","Porta","020","Furgonetes",20.47
2023,"08","Nou Barris","45","Porta","020","Camions",1.46
2023,"08","Nou Barris","45","Porta","020","Resta de vehicles",4.39
2023,"08","Nou Barris","45","Porta","021","Turismes",270.27
2023,"08","Nou Barris","45","Porta","021","Motos",101.87
2023,"08","Nou Barris","45","Porta","021","Ciclomotors",15.25
2023,"08","Nou Barris","45","Porta","021","Furgonetes",24.95
2023,"08","Nou Barris","45","Porta","021","Camions",6.24
2023,"08","Nou Barris","45","Porta","021","Resta de vehicles",6.93
2023,"08","Nou Barris","45","Porta","022","Turismes",311.31
2023,"08","Nou Barris","45","Porta","022","Motos",112.3
2023,"08","Nou Barris","45","Porta","022","Ciclomotors",18.17
2023,"08","Nou Barris","45","Porta","022","Furgonetes",12.39
2023,"08","Nou Barris","45","Porta","022","Camions",4.13
2023,"08","Nou Barris","45","Porta","022","Resta de vehicles",3.3
2023,"08","Nou Barris","45","Porta","023","Turismes",247.11
2023,"08","Nou Barris","45","Porta","023","Motos",109.83
2023,"08","Nou Barris","45","Porta","023","Ciclomotors",11.56
2023,"08","Nou Barris","45","Porta","023","Furgonetes",32.51
2023,"08","Nou Barris","45","Porta","023","Camions",4.34
2023,"08","Nou Barris","45","Porta","023","Resta de vehicles",7.23
2023,"08","Nou Barris","45","Porta","024","Turismes",275.15
2023,"08","Nou Barris","45","Porta","024","Motos",101.33
2023,"08","Nou Barris","45","Porta","024","Ciclomotors",18.49
2023,"08","Nou Barris","45","Porta","024","Furgonetes",18.49
2023,"08","Nou Barris","45","Porta","024","Camions",6.66
2023,"08","Nou Barris","45","Porta","024","Resta de vehicles",5.92
2023,"08","Nou Barris","45","Porta","025","Turismes",228.1
2023,"08","Nou Barris","45","Porta","025","Motos",88.4
2023,"08","Nou Barris","45","Porta","025","Ciclomotors",11.84
2023,"08","Nou Barris","45","Porta","025","Furgonetes",18.15
2023,"08","Nou Barris","45","Porta","025","Camions",7.89
2023,"08","Nou Barris","45","Porta","025","Resta de vehicles",5.52
2023,"08","Nou Barris","45","Porta","026","Turismes",236.57
2023,"08","Nou Barris","45","Porta","026","Motos",86.36
2023,"08","Nou Barris","45","Porta","026","Ciclomotors",19.59
2023,"08","Nou Barris","45","Porta","026","Furgonetes",18.14
2023,"08","Nou Barris","45","Porta","026","Camions",5.08
2023,"08","Nou Barris","45","Porta","026","Resta de vehicles",5.81
2023,"08","Nou Barris","45","Porta","027","Turismes",295.14
2023,"08","Nou Barris","45","Porta","027","Motos",97.22
2023,"08","Nou Barris","45","Porta","027","Ciclomotors",26.39
2023,"08","Nou Barris","45","Porta","027","Furgonetes",14.58
2023,"08","Nou Barris","45","Porta","027","Camions",1.39
2023,"08","Nou Barris","45","Porta","027","Resta de vehicles",4.86
2023,"08","Nou Barris","45","Porta","028","Turismes",304.91
2023,"08","Nou Barris","45","Porta","028","Motos",88.97
2023,"08","Nou Barris","45","Porta","028","Ciclomotors",23.17
2023,"08","Nou Barris","45","Porta","028","Furgonetes",16.68
2023,"08","Nou Barris","45","Porta","028","Camions",6.49
2023,"08","Nou Barris","45","Porta","028","Resta de vehicles",6.49
2023,"08","Nou Barris","45","Porta","029","Turismes",293.8
2023,"08","Nou Barris","45","Porta","029","Motos",105.93
2023,"08","Nou Barris","45","Porta","029","Ciclomotors",32.64
2023,"08","Nou Barris","45","Porta","029","Furgonetes",35.31
2023,"08","Nou Barris","45","Porta","029","Camions",8.66
2023,"08","Nou Barris","45","Porta","029","Resta de vehicles",4
2023,"08","Nou Barris","45","Porta","030","Turismes",255.61
2023,"08","Nou Barris","45","Porta","030","Motos",95.85
2023,"08","Nou Barris","45","Porta","030","Ciclomotors",10.88
2023,"08","Nou Barris","45","Porta","030","Furgonetes",20.39
2023,"08","Nou Barris","45","Porta","030","Camions",6.8
2023,"08","Nou Barris","45","Porta","030","Resta de vehicles",5.44
2023,"08","Nou Barris","45","Porta","031","Turismes",287.02
2023,"08","Nou Barris","45","Porta","031","Motos",95.42
2023,"08","Nou Barris","45","Porta","031","Ciclomotors",22.14
2023,"08","Nou Barris","45","Porta","031","Furgonetes",14.5
2023,"08","Nou Barris","45","Porta","031","Camions",9.16
2023,"08","Nou Barris","45","Porta","031","Resta de vehicles",6.87
2023,"08","Nou Barris","45","Porta","032","Turismes",313.49
2023,"08","Nou Barris","45","Porta","032","Motos",106.35
2023,"08","Nou Barris","45","Porta","032","Ciclomotors",17.46
2023,"08","Nou Barris","45","Porta","032","Furgonetes",20.63
2023,"08","Nou Barris","45","Porta","032","Camions",5.56
2023,"08","Nou Barris","45","Porta","032","Resta de vehicles",6.35
2023,"08","Nou Barris","45","Porta","033","Turismes",240.96
2023,"08","Nou Barris","45","Porta","033","Motos",85.68
2023,"08","Nou Barris","45","Porta","033","Ciclomotors",12.72
2023,"08","Nou Barris","45","Porta","033","Furgonetes",22.76
2023,"08","Nou Barris","45","Porta","033","Camions",0.67
2023,"08","Nou Barris","45","Porta","033","Resta de vehicles",2.68
2023,"08","Nou Barris","45","Porta","034","Turismes",206.81
2023,"08","Nou Barris","45","Porta","034","Motos",63.26
2023,"08","Nou Barris","45","Porta","034","Ciclomotors",13.79
2023,"08","Nou Barris","45","Porta","034","Furgonetes",12.17
2023,"08","Nou Barris","45","Porta","034","Camions",2.43
2023,"08","Nou Barris","45","Porta","034","Resta de vehicles",3.24
2023,"08","Nou Barris","45","Porta","035","Turismes",67.82
2023,"08","Nou Barris","45","Porta","035","Motos",26.56
2023,"08","Nou Barris","45","Porta","035","Ciclomotors",5.49
2023,"08","Nou Barris","45","Porta","035","Furgonetes",5.14
2023,"08","Nou Barris","45","Porta","035","Camions",0.71
2023,"08","Nou Barris","45","Porta","035","Resta de vehicles",1.24
2023,"08","Nou Barris","45","Porta","036","Turismes",220.93
2023,"08","Nou Barris","45","Porta","036","Motos",89.79
2023,"08","Nou Barris","45","Porta","036","Ciclomotors",13.57
2023,"08","Nou Barris","45","Porta","036","Furgonetes",16.15
2023,"08","Nou Barris","45","Porta","036","Camions",4.52
2023,"08","Nou Barris","45","Porta","036","Resta de vehicles",5.81
2023,"08","Nou Barris","45","Porta","037","Turismes",241.83
2023,"08","Nou Barris","45","Porta","037","Motos",80.4
2023,"08","Nou Barris","45","Porta","037","Ciclomotors",19.47
2023,"08","Nou Barris","45","Porta","037","Furgonetes",23.87
2023,"08","Nou Barris","45","Porta","037","Camions",12.56
2023,"08","Nou Barris","45","Porta","037","Resta de vehicles",3.77
2023,"08","Nou Barris","45","Porta","NC","Turismes",NA
2023,"08","Nou Barris","45","Porta","NC","Motos",NA
2023,"08","Nou Barris","45","Porta","NC","Ciclomotors",NA
2023,"08","Nou Barris","45","Porta","NC","Furgonetes",NA
2023,"08","Nou Barris","46","el Turó de la Peira","038","Turismes",219.09
2023,"08","Nou Barris","46","el Turó de la Peira","038","Motos",101.59
2023,"08","Nou Barris","46","el Turó de la Peira","038","Ciclomotors",14.69
2023,"08","Nou Barris","46","el Turó de la Peira","038","Furgonetes",13.46
2023,"08","Nou Barris","46","el Turó de la Peira","038","Camions",3.67
2023,"08","Nou Barris","46","el Turó de la Peira","038","Resta de vehicles",4.9
2023,"08","Nou Barris","46","el Turó de la Peira","039","Turismes",260.73
2023,"08","Nou Barris","46","el Turó de la Peira","039","Motos",96.88
2023,"08","Nou Barris","46","el Turó de la Peira","039","Ciclomotors",27.96
2023,"08","Nou Barris","46","el Turó de la Peira","039","Furgonetes",30.56
2023,"08","Nou Barris","46","el Turó de la Peira","039","Camions",2.6
2023,"08","Nou Barris","46","el Turó de la Peira","039","Resta de vehicles",3.9
2023,"08","Nou Barris","46","el Turó de la Peira","040","Turismes",210.85
2023,"08","Nou Barris","46","el Turó de la Peira","040","Motos",92.75
2023,"08","Nou Barris","46","el Turó de la Peira","040","Ciclomotors",18.25
2023,"08","Nou Barris","46","el Turó de la Peira","040","Furgonetes",17.23
2023,"08","Nou Barris","46","el Turó de la Peira","040","Camions",5.07
2023,"08","Nou Barris","46","el Turó de la Peira","040","Resta de vehicles",2.03
2023,"08","Nou Barris","46","el Turó de la Peira","041","Turismes",180.73
2023,"08","Nou Barris","46","el Turó de la Peira","041","Motos",71.66
2023,"08","Nou Barris","46","el Turó de la Peira","041","Ciclomotors",24.28
2023,"08","Nou Barris","46","el Turó de la Peira","041","Furgonetes",23.09
2023,"08","Nou Barris","46","el Turó de la Peira","041","Camions",5.57
2023,"08","Nou Barris","46","el Turó de la Peira","041","Resta de vehicles",0.4
2023,"08","Nou Barris","46","el Turó de la Peira","042","Turismes",278.58
2023,"08","Nou Barris","46","el Turó de la Peira","042","Motos",82.93
2023,"08","Nou Barris","46","el Turó de la Peira","042","Ciclomotors",10.47
2023,"08","Nou Barris","46","el Turó de la Peira","042","Furgonetes",17.71
2023,"08","Nou Barris","46","el Turó de la Peira","042","Camions",4.83
2023,"08","Nou Barris","46","el Turó de la Peira","042","Resta de vehicles",2.42
2023,"08","Nou Barris","46","el Turó de la Peira","043","Turismes",228.39
2023,"08","Nou Barris","46","el Turó de la Peira","043","Motos",95.54
2023,"08","Nou Barris","46","el Turó de la Peira","043","Ciclomotors",10.01
2023,"08","Nou Barris","46","el Turó de la Peira","043","Furgonetes",19.11
2023,"08","Nou Barris","46","el Turó de la Peira","043","Camions",1.82
2023,"08","Nou Barris","46","el Turó de la Peira","043","Resta de vehicles",3.64
2023,"08","Nou Barris","46","el Turó de la Peira","044","Turismes",199.12
2023,"08","Nou Barris","46","el Turó de la Peira","044","Motos",94.05
2023,"08","Nou Barris","46","el Turó de la Peira","044","Ciclomotors",21.31
2023,"08","Nou Barris","46","el Turó de la Peira","044","Furgonetes",22.04
2023,"08","Nou Barris","46","el Turó de la Peira","044","Camions",4.41
2023,"08","Nou Barris","46","el Turó de la Peira","044","Resta de vehicles",3.67
2023,"08","Nou Barris","46","el Turó de la Peira","045","Turismes",190.87
2023,"08","Nou Barris","46","el Turó de la Peira","045","Motos",73.46
2023,"08","Nou Barris","46","el Turó de la Peira","045","Ciclomotors",17.25
2023,"08","Nou Barris","46","el Turó de la Peira","045","Furgonetes",17.81
2023,"08","Nou Barris","46","el Turó de la Peira","045","Camions",2.23
2023,"08","Nou Barris","46","el Turó de la Peira","045","Resta de vehicles",3.34
2023,"08","Nou Barris","46","el Turó de la Peira","046","Turismes",212.94
2023,"08","Nou Barris","46","el Turó de la Peira","046","Motos",108.49
2023,"08","Nou Barris","46","el Turó de la Peira","046","Ciclomotors",18.19
2023,"08","Nou Barris","46","el Turó de la Peira","046","Furgonetes",21.56
2023,"08","Nou Barris","46","el Turó de la Peira","046","Camions",7.41
2023,"08","Nou Barris","46","el Turó de la Peira","046","Resta de vehicles",6.06
2023,"08","Nou Barris","46","el Turó de la Peira","047","Turismes",189.12
2023,"08","Nou Barris","46","el Turó de la Peira","047","Motos",92.45
2023,"08","Nou Barris","46","el Turó de la Peira","047","Ciclomotors",21.75
2023,"08","Nou Barris","46","el Turó de la Peira","047","Furgonetes",12.08
2023,"08","Nou Barris","46","el Turó de la Peira","047","Camions",3.63
2023,"08","Nou Barris","46","el Turó de la Peira","047","Resta de vehicles",0.6
2023,"08","Nou Barris","47","Can Peguera","048","Turismes",271.33
2023,"08","Nou Barris","47","Can Peguera","048","Motos",100.72
2023,"08","Nou Barris","47","Can Peguera","048","Ciclomotors",41.11
2023,"08","Nou Barris","47","Can Peguera","048","Furgonetes",11.31
2023,"08","Nou Barris","47","Can Peguera","048","Camions",3.08
2023,"08","Nou Barris","47","Can Peguera","048","Resta de vehicles",9.25
2023,"08","Nou Barris","47","Can Peguera","049","Turismes",282.37
2023,"08","Nou Barris","47","Can Peguera","049","Motos",111.11
2023,"08","Nou Barris","47","Can Peguera","049","Ciclomotors",41.77
2023,"08","Nou Barris","47","Can Peguera","049","Furgonetes",18.38
2023,"08","Nou Barris","47","Can Peguera","049","Camions",5.85
2023,"08","Nou Barris","47","Can Peguera","049","Resta de vehicles",4.18
2023,"08","Nou Barris","48","la Guineueta","050","Turismes",323.49
2023,"08","Nou Barris","48","la Guineueta","050","Motos",95.27
2023,"08","Nou Barris","48","la Guineueta","050","Ciclomotors",18.46
2023,"08","Nou Barris","48","la Guineueta","050","Furgonetes",15.51
2023,"08","Nou Barris","48","la Guineueta","050","Camions",2.95
2023,"08","Nou Barris","48","la Guineueta","050","Resta de vehicles",3.69
2023,"08","Nou Barris","48","la Guineueta","051","Turismes",406.09
2023,"08","Nou Barris","48","la Guineueta","051","Motos",112.84
2023,"08","Nou Barris","48","la Guineueta","051","Ciclomotors",13.36
2023,"08","Nou Barris","48","la Guineueta","051","Furgonetes",23.01
2023,"08","Nou Barris","48","la Guineueta","051","Camions",2.97
2023,"08","Nou Barris","48","la Guineueta","051","Resta de vehicles",10.39
2023,"08","Nou Barris","48","la Guineueta","052","Turismes",339.39
2023,"08","Nou Barris","48","la Guineueta","052","Motos",125.99
2023,"08","Nou Barris","48","la Guineueta","052","Ciclomotors",26.11
2023,"08","Nou Barris","48","la Guineueta","052","Furgonetes",20.43
2023,"08","Nou Barris","48","la Guineueta","052","Camions",7.95
2023,"08","Nou Barris","48","la Guineueta","052","Resta de vehicles",5.68
2023,"08","Nou Barris","48","la Guineueta","053","Turismes",347.47
2023,"08","Nou Barris","48","la Guineueta","053","Motos",147.11
2023,"08","Nou Barris","48","la Guineueta","053","Ciclomotors",9.93
2023,"08","Nou Barris","48","la Guineueta","053","Furgonetes",20.76
2023,"08","Nou Barris","48","la Guineueta","053","Camions",8.12
2023,"08","Nou Barris","48","la Guineueta","053","Resta de vehicles",4.51
2023,"08","Nou Barris","48","la Guineueta","054","Turismes",310.3
2023,"08","Nou Barris","48","la Guineueta","054","Motos",121.21
2023,"08","Nou Barris","48","la Guineueta","054","Ciclomotors",10.91
2023,"08","Nou Barris","48","la Guineueta","054","Furgonetes",15.76
2023,"08","Nou Barris","48","la Guineueta","054","Camions",5.45
2023,"08","Nou Barris","48","la Guineueta","054","Resta de vehicles",2.42
2023,"08","Nou Barris","48","la Guineueta","055","Turismes",403.91
2023,"08","Nou Barris","48","la Guineueta","055","Motos",93.3
2023,"08","Nou Barris","48","la Guineueta","055","Ciclomotors",14.53
2023,"08","Nou Barris","48","la Guineueta","055","Furgonetes",23.46
2023,"08","Nou Barris","48","la Guineueta","055","Camions",5.03
2023,"08","Nou Barris","48","la Guineueta","055","Resta de vehicles",7.82
2023,"08","Nou Barris","48","la Guineueta","056","Turismes",287.48
2023,"08","Nou Barris","48","la Guineueta","056","Motos",91.26
2023,"08","Nou Barris","48","la Guineueta","056","Ciclomotors",16.3
2023,"08","Nou Barris","48","la Guineueta","056","Furgonetes",20.86
2023,"08","Nou Barris","48","la Guineueta","056","Camions",7.82
2023,"08","Nou Barris","48","la Guineueta","056","Resta de vehicles",3.91
2023,"08","Nou Barris","48","la Guineueta","057","Turismes",269.41
2023,"08","Nou Barris","48","la Guineueta","057","Motos",74.58
2023,"08","Nou Barris","48","la Guineueta","057","Ciclomotors",14.46
2023,"08","Nou Barris","48","la Guineueta","057","Furgonetes",11.42
2023,"08","Nou Barris","48","la Guineueta","057","Camions",1.52
2023,"08","Nou Barris","48","la Guineueta","057","Resta de vehicles",6.09
2023,"08","Nou Barris","48","la Guineueta","058","Turismes",263.38
2023,"08","Nou Barris","48","la Guineueta","058","Motos",84.79
2023,"08","Nou Barris","48","la Guineueta","058","Ciclomotors",19.84
2023,"08","Nou Barris","48","la Guineueta","058","Furgonetes",18.04
2023,"08","Nou Barris","48","la Guineueta","058","Camions",6.01
2023,"08","Nou Barris","48","la Guineueta","058","Resta de vehicles",3.61
2023,"08","Nou Barris","48","la Guineueta","059","Turismes",251.95
2023,"08","Nou Barris","48","la Guineueta","059","Motos",110.89
2023,"08","Nou Barris","48","la Guineueta","059","Ciclomotors",24.32
2023,"08","Nou Barris","48","la Guineueta","059","Furgonetes",19.46
2023,"08","Nou Barris","48","la Guineueta","059","Camions",4.86
2023,"08","Nou Barris","48","la Guineueta","059","Resta de vehicles",5.84
2023,"08","Nou Barris","48","la Guineueta","215","Turismes",242.48
2023,"08","Nou Barris","48","la Guineueta","215","Motos",82.08
2023,"08","Nou Barris","48","la Guineueta","215","Ciclomotors",23.18
2023,"08","Nou Barris","48","la Guineueta","215","Furgonetes",13.16
2023,"08","Nou Barris","48","la Guineueta","215","Camions",4.39
2023,"08","Nou Barris","48","la Guineueta","215","Resta de vehicles",5.01
2023,"08","Nou Barris","49","Canyelles","060","Turismes",409.63
2023,"08","Nou Barris","49","Canyelles","060","Motos",102.2
2023,"08","Nou Barris","49","Canyelles","060","Ciclomotors",28.72
2023,"08","Nou Barris","49","Canyelles","060","Furgonetes",22.8
2023,"08","Nou Barris","49","Canyelles","060","Camions",5.91
2023,"08","Nou Barris","49","Canyelles","060","Resta de vehicles",6.76
2023,"08","Nou Barris","49","Canyelles","061","Turismes",334.57
2023,"08","Nou Barris","49","Canyelles","061","Motos",115.03
2023,"08","Nou Barris","49","Canyelles","061","Ciclomotors",30.3
2023,"08","Nou Barris","49","Canyelles","061","Furgonetes",25.97
2023,"08","Nou Barris","49","Canyelles","061","Camions",9.89
2023,"08","Nou Barris","49","Canyelles","061","Resta de vehicles",10.51
2023,"08","Nou Barris","49","Canyelles","062","Turismes",387.01
2023,"08","Nou Barris","49","Canyelles","062","Motos",111.21
2023,"08","Nou Barris","49","Canyelles","062","Ciclomotors",20.46
2023,"08","Nou Barris","49","Canyelles","062","Furgonetes",24.02
2023,"08","Nou Barris","49","Canyelles","062","Camions",7.12
2023,"08","Nou Barris","49","Canyelles","062","Resta de vehicles",6.23
2023,"08","Nou Barris","49","Canyelles","063","Turismes",423.19
2023,"08","Nou Barris","49","Canyelles","063","Motos",110.27
2023,"08","Nou Barris","49","Canyelles","063","Ciclomotors",14.14
2023,"08","Nou Barris","49","Canyelles","063","Furgonetes",10.37
2023,"08","Nou Barris","49","Canyelles","063","Camions",4.71
2023,"08","Nou Barris","49","Canyelles","063","Resta de vehicles",9.43
2023,"08","Nou Barris","49","Canyelles","064","Turismes",329.44
2023,"08","Nou Barris","49","Canyelles","064","Motos",115
2023,"08","Nou Barris","49","Canyelles","064","Ciclomotors",33.33
2023,"08","Nou Barris","49","Canyelles","064","Furgonetes",18.89
2023,"08","Nou Barris","49","Canyelles","064","Camions",3.89
2023,"08","Nou Barris","49","Canyelles","064","Resta de vehicles",6.11
2023,"08","Nou Barris","50","les Roquetes","065","Turismes",248.73
2023,"08","Nou Barris","50","les Roquetes","065","Motos",119.55
2023,"08","Nou Barris","50","les Roquetes","065","Ciclomotors",43.06
2023,"08","Nou Barris","50","les Roquetes","065","Furgonetes",23.23
2023,"08","Nou Barris","50","les Roquetes","065","Camions",6.8
2023,"08","Nou Barris","50","les Roquetes","065","Resta de vehicles",2.83
2023,"08","Nou Barris","50","les Roquetes","066","Turismes",293.28
2023,"08","Nou Barris","50","les Roquetes","066","Motos",102.12
2023,"08","Nou Barris","50","les Roquetes","066","Ciclomotors",36.74
2023,"08","Nou Barris","50","les Roquetes","066","Furgonetes",29.27
2023,"08","Nou Barris","50","les Roquetes","066","Camions",11.21
2023,"08","Nou Barris","50","les Roquetes","066","Resta de vehicles",1.25
2023,"08","Nou Barris","50","les Roquetes","067","Turismes",294.73
2023,"08","Nou Barris","50","les Roquetes","067","Motos",96.05
2023,"08","Nou Barris","50","les Roquetes","067","Ciclomotors",20.86
2023,"08","Nou Barris","50","les Roquetes","067","Furgonetes",26.89
2023,"08","Nou Barris","50","les Roquetes","067","Camions",5.49
2023,"08","Nou Barris","50","les Roquetes","067","Resta de vehicles",4.39
2023,"08","Nou Barris","50","les Roquetes","068","Turismes",247.31
2023,"08","Nou Barris","50","les Roquetes","068","Motos",85.67
2023,"08","Nou Barris","50","les Roquetes","068","Ciclomotors",16.16
2023,"08","Nou Barris","50","les Roquetes","068","Furgonetes",16.7
2023,"08","Nou Barris","50","les Roquetes","068","Camions",7.54
2023,"08","Nou Barris","50","les Roquetes","068","Resta de vehicles",7
2023,"08","Nou Barris","50","les Roquetes","069","Turismes",250
2023,"08","Nou Barris","50","les Roquetes","069","Motos",83.75
2023,"08","Nou Barris","50","les Roquetes","069","Ciclomotors",22.04
2023,"08","Nou Barris","50","les Roquetes","069","Furgonetes",22.67
2023,"08","Nou Barris","50","les Roquetes","069","Camions",12.59
2023,"08","Nou Barris","50","les Roquetes","069","Resta de vehicles",2.52
2023,"08","Nou Barris","50","les Roquetes","070","Turismes",243.24
2023,"08","Nou Barris","50","les Roquetes","070","Motos",100
2023,"08","Nou Barris","50","les Roquetes","070","Ciclomotors",13.51
2023,"08","Nou Barris","50","les Roquetes","070","Furgonetes",27.03
2023,"08","Nou Barris","50","les Roquetes","070","Camions",12.16
2023,"08","Nou Barris","50","les Roquetes","070","Resta de vehicles",6.08
2023,"08","Nou Barris","50","les Roquetes","071","Turismes",259.54
2023,"08","Nou Barris","50","les Roquetes","071","Motos",90.17
2023,"08","Nou Barris","50","les Roquetes","071","Ciclomotors",19.08
2023,"08","Nou Barris","50","les Roquetes","071","Furgonetes",24.28
2023,"08","Nou Barris","50","les Roquetes","071","Camions",23.7
2023,"08","Nou Barris","50","les Roquetes","071","Resta de vehicles",14.45
2023,"08","Nou Barris","50","les Roquetes","072","Turismes",306.8
2023,"08","Nou Barris","50","les Roquetes","072","Motos",97.84
2023,"08","Nou Barris","50","les Roquetes","072","Ciclomotors",11.61
2023,"08","Nou Barris","50","les Roquetes","072","Furgonetes",24.88
2023,"08","Nou Barris","50","les Roquetes","072","Camions",9.12
2023,"08","Nou Barris","50","les Roquetes","072","Resta de vehicles",3.32
2023,"08","Nou Barris","50","les Roquetes","073","Turismes",226.17
2023,"08","Nou Barris","50","les Roquetes","073","Motos",70.44
2023,"08","Nou Barris","50","les Roquetes","073","Ciclomotors",21.72
2023,"08","Nou Barris","50","les Roquetes","073","Furgonetes",20.13
2023,"08","Nou Barris","50","les Roquetes","073","Camions",2.65
2023,"08","Nou Barris","50","les Roquetes","073","Resta de vehicles",1.59
2023,"08","Nou Barris","50","les Roquetes","074","Turismes",247.79
2023,"08","Nou Barris","50","les Roquetes","074","Motos",88.5
2023,"08","Nou Barris","50","les Roquetes","074","Ciclomotors",24.02
2023,"08","Nou Barris","50","les Roquetes","074","Furgonetes",28.45
2023,"08","Nou Barris","50","les Roquetes","074","Camions",13.91
2023,"08","Nou Barris","50","les Roquetes","074","Resta de vehicles",16.43
2023,"08","Nou Barris","51","Verdun","075","Turismes",257.98
2023,"08","Nou Barris","51","Verdun","075","Motos",73.26
2023,"08","Nou Barris","51","Verdun","075","Ciclomotors",11.51
2023,"08","Nou Barris","51","Verdun","075","Furgonetes",25.12
2023,"08","Nou Barris","51","Verdun","075","Camions",4.19
2023,"08","Nou Barris","51","Verdun","075","Resta de vehicles",5.23
2023,"08","Nou Barris","51","Verdun","076","Turismes",258.37
2023,"08","Nou Barris","51","Verdun","076","Motos",81.49
2023,"08","Nou Barris","51","Verdun","076","Ciclomotors",21.48
2023,"08","Nou Barris","51","Verdun","076","Furgonetes",24.64
2023,"08","Nou Barris","51","Verdun","076","Camions",8.21
2023,"08","Nou Barris","51","Verdun","076","Resta de vehicles",4.42
2023,"08","Nou Barris","51","Verdun","077","Turismes",234.59
2023,"08","Nou Barris","51","Verdun","077","Motos",100.64
2023,"08","Nou Barris","51","Verdun","077","Ciclomotors",43.23
2023,"08","Nou Barris","51","Verdun","077","Furgonetes",29.06
2023,"08","Nou Barris","51","Verdun","077","Camions",8.5
2023,"08","Nou Barris","51","Verdun","077","Resta de vehicles",9.21
2023,"08","Nou Barris","51","Verdun","078","Turismes",217.42
2023,"08","Nou Barris","51","Verdun","078","Motos",85.84
2023,"08","Nou Barris","51","Verdun","078","Ciclomotors",20.68
2023,"08","Nou Barris","51","Verdun","078","Furgonetes",13.78
2023,"08","Nou Barris","51","Verdun","078","Camions",5.01
2023,"08","Nou Barris","51","Verdun","078","Resta de vehicles",1.25
2023,"08","Nou Barris","51","Verdun","079","Turismes",270.46
2023,"08","Nou Barris","51","Verdun","079","Motos",82.52
2023,"08","Nou Barris","51","Verdun","079","Ciclomotors",29.82
2023,"08","Nou Barris","51","Verdun","079","Furgonetes",33.29
2023,"08","Nou Barris","51","Verdun","079","Camions",9.71
2023,"08","Nou Barris","51","Verdun","079","Resta de vehicles",6.24
2023,"08","Nou Barris","51","Verdun","080","Turismes",257.64
2023,"08","Nou Barris","51","Verdun","080","Motos",104.1
2023,"08","Nou Barris","51","Verdun","080","Ciclomotors",13.66
2023,"08","Nou Barris","51","Verdun","080","Furgonetes",20.17
2023,"08","Nou Barris","51","Verdun","080","Camions",6.51
2023,"08","Nou Barris","51","Verdun","080","Resta de vehicles",5.2
2023,"08","Nou Barris","51","Verdun","081","Turismes",203.33
2023,"08","Nou Barris","51","Verdun","081","Motos",83.83
2023,"08","Nou Barris","51","Verdun","081","Ciclomotors",12.49
2023,"08","Nou Barris","51","Verdun","081","Furgonetes",18.43
2023,"08","Nou Barris","51","Verdun","081","Camions",5.35
2023,"08","Nou Barris","51","Verdun","081","Resta de vehicles",2.38
2023,"08","Nou Barris","51","Verdun","082","Turismes",252.48
2023,"08","Nou Barris","51","Verdun","082","Motos",96.77
2023,"08","Nou Barris","51","Verdun","082","Ciclomotors",15.51
2023,"08","Nou Barris","51","Verdun","082","Furgonetes",27.92
2023,"08","Nou Barris","51","Verdun","082","Camions",9.31
2023,"08","Nou Barris","51","Verdun","082","Resta de vehicles",4.34
2023,"08","Nou Barris","52","la Prosperitat","083","Turismes",230.12
2023,"08","Nou Barris","52","la Prosperitat","083","Motos",83.4
2023,"08","Nou Barris","52","la Prosperitat","083","Ciclomotors",13.9
2023,"08","Nou Barris","52","la Prosperitat","083","Furgonetes",20.85
2023,"08","Nou Barris","52","la Prosperitat","083","Camions",10.04
2023,"08","Nou Barris","52","la Prosperitat","083","Resta de vehicles",23.94
2023,"08","Nou Barris","52","la Prosperitat","084","Turismes",275.58
2023,"08","Nou Barris","52","la Prosperitat","084","Motos",106.82
2023,"08","Nou Barris","52","la Prosperitat","084","Ciclomotors",23.34
2023,"08","Nou Barris","52","la Prosperitat","084","Furgonetes",27.83
2023,"08","Nou Barris","52","la Prosperitat","084","Camions",4.49
2023,"08","Nou Barris","52","la Prosperitat","084","Resta de vehicles",4.49
2023,"08","Nou Barris","52","la Prosperitat","085","Turismes",261.69
2023,"08","Nou Barris","52","la Prosperitat","085","Motos",90.26
2023,"08","Nou Barris","52","la Prosperitat","085","Ciclomotors",24.68
2023,"08","Nou Barris","52","la Prosperitat","085","Furgonetes",29.22
2023,"08","Nou Barris","52","la Prosperitat","085","Camions",11.04
2023,"08","Nou Barris","52","la Prosperitat","085","Resta de vehicles",7.14
2023,"08","Nou Barris","52","la Prosperitat","086","Turismes",266.75
2023,"08","Nou Barris","52","la Prosperitat","086","Motos",91.29
2023,"08","Nou Barris","52","la Prosperitat","086","Ciclomotors",23.71
2023,"08","Nou Barris","52","la Prosperitat","086","Furgonetes",18.97
2023,"08","Nou Barris","52","la Prosperitat","086","Camions",5.93
2023,"08","Nou Barris","52","la Prosperitat","086","Resta de vehicles",8.89
2023,"08","Nou Barris","52","la Prosperitat","087","Turismes",271.37
2023,"08","Nou Barris","52","la Prosperitat","087","Motos",69.71
2023,"08","Nou Barris","52","la Prosperitat","087","Ciclomotors",19.92
2023,"08","Nou Barris","52","la Prosperitat","087","Furgonetes",24.9
2023,"08","Nou Barris","52","la Prosperitat","087","Camions",7.47
2023,"08","Nou Barris","52","la Prosperitat","087","Resta de vehicles",8.3
2023,"08","Nou Barris","52","la Prosperitat","088","Turismes",243.79
2023,"08","Nou Barris","52","la Prosperitat","088","Motos",98.6
2023,"08","Nou Barris","52","la Prosperitat","088","Ciclomotors",16.3
2023,"08","Nou Barris","52","la Prosperitat","088","Furgonetes",20.19
2023,"08","Nou Barris","52","la Prosperitat","088","Camions",3.88
2023,"08","Nou Barris","52","la Prosperitat","088","Resta de vehicles",6.21
2023,"08","Nou Barris","52","la Prosperitat","089","Turismes",260.76
2023,"08","Nou Barris","52","la Prosperitat","089","Motos",92.72
2023,"08","Nou Barris","52","la Prosperitat","089","Ciclomotors",13.25
2023,"08","Nou Barris","52","la Prosperitat","089","Furgonetes",27.32
2023,"08","Nou Barris","52","la Prosperitat","089","Camions",8.28
2023,"08","Nou Barris","52","la Prosperitat","089","Resta de vehicles",6.62
2023,"08","Nou Barris","52","la Prosperitat","090","Turismes",285.6
2023,"08","Nou Barris","52","la Prosperitat","090","Motos",110.1
2023,"08","Nou Barris","52","la Prosperitat","090","Ciclomotors",17.38
2023,"08","Nou Barris","52","la Prosperitat","090","Furgonetes",22.35
2023,"08","Nou Barris","52","la Prosperitat","090","Camions",4.14
2023,"08","Nou Barris","52","la Prosperitat","090","Resta de vehicles",6.62
2023,"08","Nou Barris","52","la Prosperitat","091","Turismes",295
2023,"08","Nou Barris","52","la Prosperitat","091","Motos",102.5
2023,"08","Nou Barris","52","la Prosperitat","091","Ciclomotors",20.83
2023,"08","Nou Barris","52","la Prosperitat","091","Furgonetes",23.33
2023,"08","Nou Barris","52","la Prosperitat","091","Camions",5.83
2023,"08","Nou Barris","52","la Prosperitat","091","Resta de vehicles",3.33
2023,"08","Nou Barris","52","la Prosperitat","092","Turismes",319.28
2023,"08","Nou Barris","52","la Prosperitat","092","Motos",111.45
2023,"08","Nou Barris","52","la Prosperitat","092","Ciclomotors",9.04
2023,"08","Nou Barris","52","la Prosperitat","092","Furgonetes",20.08
2023,"08","Nou Barris","52","la Prosperitat","092","Camions",4.02
2023,"08","Nou Barris","52","la Prosperitat","092","Resta de vehicles",4.02
2023,"08","Nou Barris","52","la Prosperitat","093","Turismes",241.43
2023,"08","Nou Barris","52","la Prosperitat","093","Motos",98.13
2023,"08","Nou Barris","52","la Prosperitat","093","Ciclomotors",15.58
2023,"08","Nou Barris","52","la Prosperitat","093","Furgonetes",20.25
2023,"08","Nou Barris","52","la Prosperitat","093","Camions",9.35
2023,"08","Nou Barris","52","la Prosperitat","093","Resta de vehicles",3.89
2023,"08","Nou Barris","52","la Prosperitat","094","Turismes",273.56
2023,"08","Nou Barris","52","la Prosperitat","094","Motos",85.79
2023,"08","Nou Barris","52","la Prosperitat","094","Ciclomotors",16.17
2023,"08","Nou Barris","52","la Prosperitat","094","Furgonetes",18.28
2023,"08","Nou Barris","52","la Prosperitat","094","Camions",7.03
2023,"08","Nou Barris","52","la Prosperitat","094","Resta de vehicles",4.22
2023,"08","Nou Barris","52","la Prosperitat","095","Turismes",293.74
2023,"08","Nou Barris","52","la Prosperitat","095","Motos",102.45
2023,"08","Nou Barris","52","la Prosperitat","095","Ciclomotors",15.41
2023,"08","Nou Barris","52","la Prosperitat","095","Furgonetes",14.51
2023,"08","Nou Barris","52","la Prosperitat","095","Camions",1.81
2023,"08","Nou Barris","52","la Prosperitat","095","Resta de vehicles",8.16
2023,"08","Nou Barris","52","la Prosperitat","096","Turismes",353.21
2023,"08","Nou Barris","52","la Prosperitat","096","Motos",114.71
2023,"08","Nou Barris","52","la Prosperitat","096","Ciclomotors",27.22
2023,"08","Nou Barris","52","la Prosperitat","096","Furgonetes",29.81
2023,"08","Nou Barris","52","la Prosperitat","096","Camions",18.79
2023,"08","Nou Barris","52","la Prosperitat","096","Resta de vehicles",17.5
2023,"08","Nou Barris","52","la Prosperitat","097","Turismes",291.38
2023,"08","Nou Barris","52","la Prosperitat","097","Motos",103.34
2023,"08","Nou Barris","52","la Prosperitat","097","Ciclomotors",13.99
2023,"08","Nou Barris","52","la Prosperitat","097","Furgonetes",28.75
2023,"08","Nou Barris","52","la Prosperitat","097","Camions",3.89
2023,"08","Nou Barris","52","la Prosperitat","097","Resta de vehicles",1.55
2023,"08","Nou Barris","52","la Prosperitat","098","Turismes",274.45
2023,"08","Nou Barris","52","la Prosperitat","098","Motos",94.64
2023,"08","Nou Barris","52","la Prosperitat","098","Ciclomotors",8.68
2023,"08","Nou Barris","52","la Prosperitat","098","Furgonetes",22.87
2023,"08","Nou Barris","52","la Prosperitat","098","Camions",14.2
2023,"08","Nou Barris","52","la Prosperitat","098","Resta de vehicles",6.31
2023,"08","Nou Barris","52","la Prosperitat","099","Turismes",243.62
2023,"08","Nou Barris","52","la Prosperitat","099","Motos",89.03
2023,"08","Nou Barris","52","la Prosperitat","099","Ciclomotors",27.61
2023,"08","Nou Barris","52","la Prosperitat","099","Furgonetes",20.01
2023,"08","Nou Barris","52","la Prosperitat","099","Camions",6.9
2023,"08","Nou Barris","52","la Prosperitat","099","Resta de vehicles",6.9
2023,"08","Nou Barris","52","la Prosperitat","100","Turismes",235.07
2023,"08","Nou Barris","52","la Prosperitat","100","Motos",104.9
2023,"08","Nou Barris","52","la Prosperitat","100","Ciclomotors",16.85
2023,"08","Nou Barris","52","la Prosperitat","100","Furgonetes",21.44
2023,"08","Nou Barris","52","la Prosperitat","100","Camions",8.42
2023,"08","Nou Barris","52","la Prosperitat","100","Resta de vehicles",4.59
2023,"08","Nou Barris","52","la Prosperitat","101","Turismes",277.52
2023,"08","Nou Barris","52","la Prosperitat","101","Motos",72.6
2023,"08","Nou Barris","52","la Prosperitat","101","Ciclomotors",15.22
2023,"08","Nou Barris","52","la Prosperitat","101","Furgonetes",18.15
2023,"08","Nou Barris","52","la Prosperitat","101","Camions",5.27
2023,"08","Nou Barris","52","la Prosperitat","101","Resta de vehicles",8.78
2023,"08","Nou Barris","52","la Prosperitat","102","Turismes",199.61
2023,"08","Nou Barris","52","la Prosperitat","102","Motos",77.91
2023,"08","Nou Barris","52","la Prosperitat","102","Ciclomotors",19.32
2023,"08","Nou Barris","52","la Prosperitat","102","Furgonetes",19.32
2023,"08","Nou Barris","52","la Prosperitat","102","Camions",6.44
2023,"08","Nou Barris","52","la Prosperitat","102","Resta de vehicles",5.8
2023,"08","Nou Barris","53","la Trinitat Nova","103","Turismes",215.35
2023,"08","Nou Barris","53","la Trinitat Nova","103","Motos",79.71
2023,"08","Nou Barris","53","la Trinitat Nova","103","Ciclomotors",29.15
2023,"08","Nou Barris","53","la Trinitat Nova","103","Furgonetes",24.39
2023,"08","Nou Barris","53","la Trinitat Nova","103","Camions",6.54
2023,"08","Nou Barris","53","la Trinitat Nova","103","Resta de vehicles",1.78
2023,"08","Nou Barris","53","la Trinitat Nova","104","Turismes",279.41
2023,"08","Nou Barris","53","la Trinitat Nova","104","Motos",82.04
2023,"08","Nou Barris","53","la Trinitat Nova","104","Ciclomotors",13.93
2023,"08","Nou Barris","53","la Trinitat Nova","104","Furgonetes",18.58
2023,"08","Nou Barris","53","la Trinitat Nova","104","Resta de vehicles",4.64
2023,"08","Nou Barris","53","la Trinitat Nova","105","Turismes",250
2023,"08","Nou Barris","53","la Trinitat Nova","105","Motos",76.33
2023,"08","Nou Barris","53","la Trinitat Nova","105","Ciclomotors",21.01
2023,"08","Nou Barris","53","la Trinitat Nova","105","Furgonetes",30.81
2023,"08","Nou Barris","53","la Trinitat Nova","105","Camions",14.71
2023,"08","Nou Barris","53","la Trinitat Nova","105","Resta de vehicles",3.5
2023,"08","Nou Barris","53","la Trinitat Nova","106","Turismes",272.8
2023,"08","Nou Barris","53","la Trinitat Nova","106","Motos",80.37
2023,"08","Nou Barris","53","la Trinitat Nova","106","Ciclomotors",30.91
2023,"08","Nou Barris","53","la Trinitat Nova","106","Furgonetes",23.18
2023,"08","Nou Barris","53","la Trinitat Nova","106","Camions",7.73
2023,"08","Nou Barris","53","la Trinitat Nova","106","Resta de vehicles",6.18
2023,"08","Nou Barris","53","la Trinitat Nova","107","Turismes",266.98
2023,"08","Nou Barris","53","la Trinitat Nova","107","Motos",88.65
2023,"08","Nou Barris","53","la Trinitat Nova","107","Ciclomotors",25.4
2023,"08","Nou Barris","53","la Trinitat Nova","107","Furgonetes",26.44
2023,"08","Nou Barris","53","la Trinitat Nova","107","Camions",4.15
2023,"08","Nou Barris","53","la Trinitat Nova","107","Resta de vehicles",3.11
2023,"08","Nou Barris","54","Torre Baró","108","Turismes",286.51
2023,"08","Nou Barris","54","Torre Baró","108","Motos",93.15
2023,"08","Nou Barris","54","Torre Baró","108","Ciclomotors",32.73
2023,"08","Nou Barris","54","Torre Baró","108","Furgonetes",36.25
2023,"08","Nou Barris","54","Torre Baró","108","Camions",20.64
2023,"08","Nou Barris","54","Torre Baró","108","Resta de vehicles",7.55
2023,"08","Nou Barris","54","Torre Baró","109","Turismes",360.97
2023,"08","Nou Barris","54","Torre Baró","109","Motos",133.26
2023,"08","Nou Barris","54","Torre Baró","109","Ciclomotors",68.21
2023,"08","Nou Barris","54","Torre Baró","109","Furgonetes",35.68
2023,"08","Nou Barris","54","Torre Baró","109","Camions",19.94
2023,"08","Nou Barris","54","Torre Baró","109","Resta de vehicles",13.64
2023,"08","Nou Barris","55","Ciutat Meridiana","110","Turismes",237.44
2023,"08","Nou Barris","55","Ciutat Meridiana","110","Motos",52.77
2023,"08","Nou Barris","55","Ciutat Meridiana","110","Ciclomotors",23.85
2023,"08","Nou Barris","55","Ciutat Meridiana","110","Furgonetes",26.89
2023,"08","Nou Barris","55","Ciutat Meridiana","110","Camions",9.13
2023,"08","Nou Barris","55","Ciutat Meridiana","110","Resta de vehicles",6.6
2023,"08","Nou Barris","55","Ciutat Meridiana","111","Turismes",223.83
2023,"08","Nou Barris","55","Ciutat Meridiana","111","Motos",57.16
2023,"08","Nou Barris","55","Ciutat Meridiana","111","Ciclomotors",27.08
2023,"08","Nou Barris","55","Ciutat Meridiana","111","Furgonetes",23.47
2023,"08","Nou Barris","55","Ciutat Meridiana","111","Camions",9.63
2023,"08","Nou Barris","55","Ciutat Meridiana","111","Resta de vehicles",2.41
2023,"08","Nou Barris","55","Ciutat Meridiana","112","Turismes",241.4
2023,"08","Nou Barris","55","Ciutat Meridiana","112","Motos",48.98
2023,"08","Nou Barris","55","Ciutat Meridiana","112","Ciclomotors",15.16
2023,"08","Nou Barris","55","Ciutat Meridiana","112","Furgonetes",21.57
2023,"08","Nou Barris","55","Ciutat Meridiana","112","Camions",15.74
2023,"08","Nou Barris","55","Ciutat Meridiana","112","Resta de vehicles",9.33
2023,"08","Nou Barris","55","Ciutat Meridiana","113","Turismes",224.71
2023,"08","Nou Barris","55","Ciutat Meridiana","113","Motos",53.58
2023,"08","Nou Barris","55","Ciutat Meridiana","113","Ciclomotors",13.67
2023,"08","Nou Barris","55","Ciutat Meridiana","113","Furgonetes",25.7
2023,"08","Nou Barris","55","Ciutat Meridiana","113","Camions",7.11
2023,"08","Nou Barris","55","Ciutat Meridiana","113","Resta de vehicles",4.37
2023,"08","Nou Barris","55","Ciutat Meridiana","114","Turismes",292.74
2023,"08","Nou Barris","55","Ciutat Meridiana","114","Motos",79.15
2023,"08","Nou Barris","55","Ciutat Meridiana","114","Ciclomotors",15.73
2023,"08","Nou Barris","55","Ciutat Meridiana","114","Furgonetes",25.88
2023,"08","Nou Barris","55","Ciutat Meridiana","114","Camions",5.07
2023,"08","Nou Barris","55","Ciutat Meridiana","114","Resta de vehicles",5.58
2023,"08","Nou Barris","55","Ciutat Meridiana","115","Turismes",233.47
2023,"08","Nou Barris","55","Ciutat Meridiana","115","Motos",49.74
2023,"08","Nou Barris","55","Ciutat Meridiana","115","Ciclomotors",14.04
2023,"08","Nou Barris","55","Ciutat Meridiana","115","Furgonetes",21.65
2023,"08","Nou Barris","55","Ciutat Meridiana","115","Camions",12.87
2023,"08","Nou Barris","55","Ciutat Meridiana","115","Resta de vehicles",6.44
2023,"08","Nou Barris","56","Vallbona","116","Turismes",325.83
2023,"08","Nou Barris","56","Vallbona","116","Motos",107.67
2023,"08","Nou Barris","56","Vallbona","116","Ciclomotors",40.11
2023,"08","Nou Barris","56","Vallbona","116","Furgonetes",30.96
2023,"08","Nou Barris","56","Vallbona","116","Camions",25.33
2023,"08","Nou Barris","56","Vallbona","116","Resta de vehicles",18.3
2023,"09","Sant Andreu","57","la Trinitat Vella","001","Turismes",251.02
2023,"09","Sant Andreu","57","la Trinitat Vella","001","Motos",65.35
2023,"09","Sant Andreu","57","la Trinitat Vella","001","Ciclomotors",24.88
2023,"09","Sant Andreu","57","la Trinitat Vella","001","Furgonetes",26.74
2023,"09","Sant Andreu","57","la Trinitat Vella","001","Camions",10.03
2023,"09","Sant Andreu","57","la Trinitat Vella","001","Resta de vehicles",1.49
2023,"09","Sant Andreu","57","la Trinitat Vella","002","Turismes",256.87
2023,"09","Sant Andreu","57","la Trinitat Vella","002","Motos",88.37
2023,"09","Sant Andreu","57","la Trinitat Vella","002","Ciclomotors",23.81
2023,"09","Sant Andreu","57","la Trinitat Vella","002","Furgonetes",25.18
2023,"09","Sant Andreu","57","la Trinitat Vella","002","Camions",6.87
2023,"09","Sant Andreu","57","la Trinitat Vella","002","Resta de vehicles",2.75
2023,"09","Sant Andreu","57","la Trinitat Vella","003","Turismes",248.61
2023,"09","Sant Andreu","57","la Trinitat Vella","003","Motos",84.72
2023,"09","Sant Andreu","57","la Trinitat Vella","003","Ciclomotors",25.46
2023,"09","Sant Andreu","57","la Trinitat Vella","003","Furgonetes",24.54
2023,"09","Sant Andreu","57","la Trinitat Vella","003","Camions",7.41
2023,"09","Sant Andreu","57","la Trinitat Vella","003","Resta de vehicles",4.17
2023,"09","Sant Andreu","57","la Trinitat Vella","004","Turismes",270.25
2023,"09","Sant Andreu","57","la Trinitat Vella","004","Motos",79.78
2023,"09","Sant Andreu","57","la Trinitat Vella","004","Ciclomotors",25.97
2023,"09","Sant Andreu","57","la Trinitat Vella","004","Furgonetes",25.97
2023,"09","Sant Andreu","57","la Trinitat Vella","004","Camions",4.33
2023,"09","Sant Andreu","57","la Trinitat Vella","004","Resta de vehicles",1.86
2023,"09","Sant Andreu","57","la Trinitat Vella","005","Turismes",303.31
2023,"09","Sant Andreu","57","la Trinitat Vella","005","Motos",91.91
2023,"09","Sant Andreu","57","la Trinitat Vella","005","Ciclomotors",17.77
2023,"09","Sant Andreu","57","la Trinitat Vella","005","Furgonetes",26.96
2023,"09","Sant Andreu","57","la Trinitat Vella","005","Camions",15.32
2023,"09","Sant Andreu","57","la Trinitat Vella","005","Resta de vehicles",8.58
2023,"09","Sant Andreu","58","Baró de Viver","006","Turismes",265.4
2023,"09","Sant Andreu","58","Baró de Viver","006","Motos",90.84
2023,"09","Sant Andreu","58","Baró de Viver","006","Ciclomotors",26.86
2023,"09","Sant Andreu","58","Baró de Viver","006","Furgonetes",13.43
2023,"09","Sant Andreu","58","Baró de Viver","006","Camions",8.69
2023,"09","Sant Andreu","58","Baró de Viver","006","Resta de vehicles",5.53
2023,"09","Sant Andreu","58","Baró de Viver","007","Turismes",282.67
2023,"09","Sant Andreu","58","Baró de Viver","007","Motos",98.02
2023,"09","Sant Andreu","58","Baró de Viver","007","Ciclomotors",23.56
2023,"09","Sant Andreu","58","Baró de Viver","007","Furgonetes",31.91
2023,"09","Sant Andreu","58","Baró de Viver","007","Camions",12.16
2023,"09","Sant Andreu","58","Baró de Viver","007","Resta de vehicles",7.6
2023,"09","Sant Andreu","59","el Bon Pastor","008","Turismes",400.65
2023,"09","Sant Andreu","59","el Bon Pastor","008","Motos",118.67
2023,"09","Sant Andreu","59","el Bon Pastor","008","Ciclomotors",8.17
2023,"09","Sant Andreu","59","el Bon Pastor","008","Furgonetes",16.88
2023,"09","Sant Andreu","59","el Bon Pastor","008","Camions",4.9
2023,"09","Sant Andreu","59","el Bon Pastor","008","Resta de vehicles",7.62
2023,"09","Sant Andreu","59","el Bon Pastor","009","Turismes",696.48
2023,"09","Sant Andreu","59","el Bon Pastor","009","Motos",189.44
2023,"09","Sant Andreu","59","el Bon Pastor","009","Ciclomotors",29.58
2023,"09","Sant Andreu","59","el Bon Pastor","009","Furgonetes",161.97
2023,"09","Sant Andreu","59","el Bon Pastor","009","Camions",79.58
2023,"09","Sant Andreu","59","el Bon Pastor","009","Resta de vehicles",36.62
2023,"09","Sant Andreu","59","el Bon Pastor","010","Turismes",333.52
2023,"09","Sant Andreu","59","el Bon Pastor","010","Motos",84.64
2023,"09","Sant Andreu","59","el Bon Pastor","010","Ciclomotors",18.5
2023,"09","Sant Andreu","59","el Bon Pastor","010","Furgonetes",35.31
2023,"09","Sant Andreu","59","el Bon Pastor","010","Camions",11.77
2023,"09","Sant Andreu","59","el Bon Pastor","010","Resta de vehicles",8.41
2023,"09","Sant Andreu","59","el Bon Pastor","011","Turismes",317.76
2023,"09","Sant Andreu","59","el Bon Pastor","011","Motos",76.83
2023,"09","Sant Andreu","59","el Bon Pastor","011","Ciclomotors",38.72
2023,"09","Sant Andreu","59","el Bon Pastor","011","Furgonetes",27.66
2023,"09","Sant Andreu","59","el Bon Pastor","011","Camions",6.15
2023,"09","Sant Andreu","59","el Bon Pastor","011","Resta de vehicles",2.46
2023,"09","Sant Andreu","59","el Bon Pastor","013","Turismes",230.51
2023,"09","Sant Andreu","59","el Bon Pastor","013","Motos",76.05
2023,"09","Sant Andreu","59","el Bon Pastor","013","Ciclomotors",16.06
2023,"09","Sant Andreu","59","el Bon Pastor","013","Furgonetes",20.78
2023,"09","Sant Andreu","59","el Bon Pastor","013","Camions",6.61
2023,"09","Sant Andreu","59","el Bon Pastor","013","Resta de vehicles",2.83
2023,"09","Sant Andreu","59","el Bon Pastor","014","Turismes",118.53
2023,"09","Sant Andreu","59","el Bon Pastor","014","Motos",32.3
2023,"09","Sant Andreu","59","el Bon Pastor","014","Ciclomotors",10.41
2023,"09","Sant Andreu","59","el Bon Pastor","014","Furgonetes",22.96
2023,"09","Sant Andreu","59","el Bon Pastor","014","Camions",3.47
2023,"09","Sant Andreu","59","el Bon Pastor","014","Resta de vehicles",3.47
2023,"09","Sant Andreu","59","el Bon Pastor","015","Turismes",633.21
2023,"09","Sant Andreu","59","el Bon Pastor","015","Motos",106.15
2023,"09","Sant Andreu","59","el Bon Pastor","015","Ciclomotors",18.39
2023,"09","Sant Andreu","59","el Bon Pastor","015","Furgonetes",199.16
2023,"09","Sant Andreu","59","el Bon Pastor","015","Camions",308.46
2023,"09","Sant Andreu","59","el Bon Pastor","015","Resta de vehicles",111.93
2023,"09","Sant Andreu","60","Sant Andreu","016","Turismes",373.22
2023,"09","Sant Andreu","60","Sant Andreu","016","Motos",118.86
2023,"09","Sant Andreu","60","Sant Andreu","016","Ciclomotors",9.51
2023,"09","Sant Andreu","60","Sant Andreu","016","Furgonetes",14.26
2023,"09","Sant Andreu","60","Sant Andreu","016","Camions",2.38
2023,"09","Sant Andreu","60","Sant Andreu","016","Resta de vehicles",11.89
2023,"09","Sant Andreu","60","Sant Andreu","017","Turismes",302.73
2023,"09","Sant Andreu","60","Sant Andreu","017","Motos",119.1
2023,"09","Sant Andreu","60","Sant Andreu","017","Ciclomotors",13.31
2023,"09","Sant Andreu","60","Sant Andreu","017","Furgonetes",18.63
2023,"09","Sant Andreu","60","Sant Andreu","017","Camions",2.66
2023,"09","Sant Andreu","60","Sant Andreu","017","Resta de vehicles",5.99
2023,"09","Sant Andreu","60","Sant Andreu","018","Turismes",304.92
2023,"09","Sant Andreu","60","Sant Andreu","018","Motos",115.04
2023,"09","Sant Andreu","60","Sant Andreu","018","Ciclomotors",19.4
2023,"09","Sant Andreu","60","Sant Andreu","018","Furgonetes",15.94
2023,"09","Sant Andreu","60","Sant Andreu","018","Camions",4.85
2023,"09","Sant Andreu","60","Sant Andreu","018","Resta de vehicles",3.47
2023,"09","Sant Andreu","60","Sant Andreu","019","Turismes",337.59
2023,"09","Sant Andreu","60","Sant Andreu","019","Motos",124.67
2023,"09","Sant Andreu","60","Sant Andreu","019","Ciclomotors",21.03
2023,"09","Sant Andreu","60","Sant Andreu","019","Furgonetes",12.02
2023,"09","Sant Andreu","60","Sant Andreu","019","Camions",5.26
2023,"09","Sant Andreu","60","Sant Andreu","019","Resta de vehicles",10.89
2023,"09","Sant Andreu","60","Sant Andreu","020","Turismes",276.54
2023,"09","Sant Andreu","60","Sant Andreu","020","Motos",103.48
2023,"09","Sant Andreu","60","Sant Andreu","020","Ciclomotors",15.17
2023,"09","Sant Andreu","60","Sant Andreu","020","Furgonetes",19.63
2023,"09","Sant Andreu","60","Sant Andreu","020","Camions",5.35
2023,"09","Sant Andreu","60","Sant Andreu","020","Resta de vehicles",5.35
2023,"09","Sant Andreu","60","Sant Andreu","021","Turismes",352.01
2023,"09","Sant Andreu","60","Sant Andreu","021","Motos",125.72
2023,"09","Sant Andreu","60","Sant Andreu","021","Ciclomotors",27.3
2023,"09","Sant Andreu","60","Sant Andreu","021","Furgonetes",30.89
2023,"09","Sant Andreu","60","Sant Andreu","021","Camions",7.18
2023,"09","Sant Andreu","60","Sant Andreu","021","Resta de vehicles",3.59
2023,"09","Sant Andreu","60","Sant Andreu","022","Turismes",264.61
2023,"09","Sant Andreu","60","Sant Andreu","022","Motos",112.95
2023,"09","Sant Andreu","60","Sant Andreu","022","Ciclomotors",23.7
2023,"09","Sant Andreu","60","Sant Andreu","022","Furgonetes",18.17
2023,"09","Sant Andreu","60","Sant Andreu","022","Camions",3.16
2023,"09","Sant Andreu","60","Sant Andreu","022","Resta de vehicles",9.48
2023,"09","Sant Andreu","60","Sant Andreu","023","Turismes",303.01
2023,"09","Sant Andreu","60","Sant Andreu","023","Motos",142.74
2023,"09","Sant Andreu","60","Sant Andreu","023","Ciclomotors",14.19
2023,"09","Sant Andreu","60","Sant Andreu","023","Furgonetes",15.86
2023,"09","Sant Andreu","60","Sant Andreu","023","Camions",5.01
2023,"09","Sant Andreu","60","Sant Andreu","023","Resta de vehicles",6.68
2023,"09","Sant Andreu","60","Sant Andreu","024","Turismes",306.71
2023,"09","Sant Andreu","60","Sant Andreu","024","Motos",102.8
2023,"09","Sant Andreu","60","Sant Andreu","024","Ciclomotors",14.44
2023,"09","Sant Andreu","60","Sant Andreu","024","Furgonetes",14.44
2023,"09","Sant Andreu","60","Sant Andreu","024","Camions",4.25
2023,"09","Sant Andreu","60","Sant Andreu","024","Resta de vehicles",5.95
2023,"09","Sant Andreu","60","Sant Andreu","025","Turismes",285.26
2023,"09","Sant Andreu","60","Sant Andreu","025","Motos",123.72
2023,"09","Sant Andreu","60","Sant Andreu","025","Ciclomotors",12.61
2023,"09","Sant Andreu","60","Sant Andreu","025","Furgonetes",43.34
2023,"09","Sant Andreu","60","Sant Andreu","025","Camions",3.15
2023,"09","Sant Andreu","60","Sant Andreu","025","Resta de vehicles",4.73
2023,"09","Sant Andreu","60","Sant Andreu","026","Turismes",326.29
2023,"09","Sant Andreu","60","Sant Andreu","026","Motos",104.22
2023,"09","Sant Andreu","60","Sant Andreu","026","Ciclomotors",17.03
2023,"09","Sant Andreu","60","Sant Andreu","026","Furgonetes",12.94
2023,"09","Sant Andreu","60","Sant Andreu","026","Camions",4.77
2023,"09","Sant Andreu","60","Sant Andreu","026","Resta de vehicles",5.45
2023,"09","Sant Andreu","60","Sant Andreu","027","Turismes",377.92
2023,"09","Sant Andreu","60","Sant Andreu","027","Motos",126.75
2023,"09","Sant Andreu","60","Sant Andreu","027","Ciclomotors",17.88
2023,"09","Sant Andreu","60","Sant Andreu","027","Furgonetes",17.11
2023,"09","Sant Andreu","60","Sant Andreu","027","Camions",3.89
2023,"09","Sant Andreu","60","Sant Andreu","027","Resta de vehicles",3.89
2023,"09","Sant Andreu","60","Sant Andreu","028","Turismes",364.64
2023,"09","Sant Andreu","60","Sant Andreu","028","Motos",104.37
2023,"09","Sant Andreu","60","Sant Andreu","028","Ciclomotors",10.44
2023,"09","Sant Andreu","60","Sant Andreu","028","Furgonetes",28.7
2023,"09","Sant Andreu","60","Sant Andreu","028","Camions",3.26
2023,"09","Sant Andreu","60","Sant Andreu","028","Resta de vehicles",5.87
2023,"09","Sant Andreu","60","Sant Andreu","029","Turismes",332.1
2023,"09","Sant Andreu","60","Sant Andreu","029","Motos",79.78
2023,"09","Sant Andreu","60","Sant Andreu","029","Ciclomotors",15.77
2023,"09","Sant Andreu","60","Sant Andreu","029","Furgonetes",11.13
2023,"09","Sant Andreu","60","Sant Andreu","029","Camions",1.86
2023,"09","Sant Andreu","60","Sant Andreu","029","Resta de vehicles",4.64
2023,"09","Sant Andreu","60","Sant Andreu","030","Turismes",323.69
2023,"09","Sant Andreu","60","Sant Andreu","030","Motos",133.61
2023,"09","Sant Andreu","60","Sant Andreu","030","Ciclomotors",26.17
2023,"09","Sant Andreu","60","Sant Andreu","030","Furgonetes",12.4
2023,"09","Sant Andreu","60","Sant Andreu","030","Camions",1.38
2023,"09","Sant Andreu","60","Sant Andreu","030","Resta de vehicles",8.26
2023,"09","Sant Andreu","60","Sant Andreu","031","Turismes",332.77
2023,"09","Sant Andreu","60","Sant Andreu","031","Motos",118.24
2023,"09","Sant Andreu","60","Sant Andreu","031","Ciclomotors",3.38
2023,"09","Sant Andreu","60","Sant Andreu","031","Furgonetes",27.87
2023,"09","Sant Andreu","60","Sant Andreu","031","Camions",7.6
2023,"09","Sant Andreu","60","Sant Andreu","031","Resta de vehicles",2.53
2023,"09","Sant Andreu","60","Sant Andreu","032","Turismes",247.47
2023,"09","Sant Andreu","60","Sant Andreu","032","Motos",87.86
2023,"09","Sant Andreu","60","Sant Andreu","032","Ciclomotors",12.88
2023,"09","Sant Andreu","60","Sant Andreu","032","Furgonetes",23.92
2023,"09","Sant Andreu","60","Sant Andreu","032","Camions",3.68
2023,"09","Sant Andreu","60","Sant Andreu","032","Resta de vehicles",5.52
2023,"09","Sant Andreu","60","Sant Andreu","033","Turismes",307.5
2023,"09","Sant Andreu","60","Sant Andreu","033","Motos",112.85
2023,"09","Sant Andreu","60","Sant Andreu","033","Ciclomotors",15.07
2023,"09","Sant Andreu","60","Sant Andreu","033","Furgonetes",15.99
2023,"09","Sant Andreu","60","Sant Andreu","033","Camions",2.77
2023,"09","Sant Andreu","60","Sant Andreu","033","Resta de vehicles",6.15
2023,"09","Sant Andreu","60","Sant Andreu","034","Turismes",278.01
2023,"09","Sant Andreu","60","Sant Andreu","034","Motos",103.04
2023,"09","Sant Andreu","60","Sant Andreu","034","Ciclomotors",22.13
2023,"09","Sant Andreu","60","Sant Andreu","034","Furgonetes",15.21
2023,"09","Sant Andreu","60","Sant Andreu","034","Camions",8.99
2023,"09","Sant Andreu","60","Sant Andreu","034","Resta de vehicles",8.3
2023,"09","Sant Andreu","60","Sant Andreu","035","Turismes",297.39
2023,"09","Sant Andreu","60","Sant Andreu","035","Motos",100.65
2023,"09","Sant Andreu","60","Sant Andreu","035","Ciclomotors",14.38
2023,"09","Sant Andreu","60","Sant Andreu","035","Furgonetes",22.22
2023,"09","Sant Andreu","60","Sant Andreu","035","Camions",5.23
2023,"09","Sant Andreu","60","Sant Andreu","035","Resta de vehicles",3.27
2023,"09","Sant Andreu","60","Sant Andreu","036","Turismes",326.17
2023,"09","Sant Andreu","60","Sant Andreu","036","Motos",88.95
2023,"09","Sant Andreu","60","Sant Andreu","036","Ciclomotors",15.57
2023,"09","Sant Andreu","60","Sant Andreu","036","Furgonetes",18.53
2023,"09","Sant Andreu","60","Sant Andreu","036","Camions",5.93
2023,"09","Sant Andreu","60","Sant Andreu","036","Resta de vehicles",7.41
2023,"09","Sant Andreu","60","Sant Andreu","037","Turismes",241.97
2023,"09","Sant Andreu","60","Sant Andreu","037","Motos",82
2023,"09","Sant Andreu","60","Sant Andreu","037","Ciclomotors",10.32
2023,"09","Sant Andreu","60","Sant Andreu","037","Furgonetes",26.38
2023,"09","Sant Andreu","60","Sant Andreu","037","Camions",9.17
2023,"09","Sant Andreu","60","Sant Andreu","037","Resta de vehicles",2.87
2023,"09","Sant Andreu","60","Sant Andreu","038","Turismes",306.94
2023,"09","Sant Andreu","60","Sant Andreu","038","Motos",109.58
2023,"09","Sant Andreu","60","Sant Andreu","038","Ciclomotors",16.64
2023,"09","Sant Andreu","60","Sant Andreu","038","Furgonetes",13.77
2023,"09","Sant Andreu","60","Sant Andreu","038","Camions",2.87
2023,"09","Sant Andreu","60","Sant Andreu","038","Resta de vehicles",6.31
2023,"09","Sant Andreu","60","Sant Andreu","039","Turismes",322.66
2023,"09","Sant Andreu","60","Sant Andreu","039","Motos",108.43
2023,"09","Sant Andreu","60","Sant Andreu","039","Ciclomotors",11.76
2023,"09","Sant Andreu","60","Sant Andreu","039","Furgonetes",15.68
2023,"09","Sant Andreu","60","Sant Andreu","039","Camions",5.23
2023,"09","Sant Andreu","60","Sant Andreu","039","Resta de vehicles",7.84
2023,"09","Sant Andreu","60","Sant Andreu","040","Turismes",281.4
2023,"09","Sant Andreu","60","Sant Andreu","040","Motos",104.06
2023,"09","Sant Andreu","60","Sant Andreu","040","Ciclomotors",22.78
2023,"09","Sant Andreu","60","Sant Andreu","040","Furgonetes",19.09
2023,"09","Sant Andreu","60","Sant Andreu","040","Camions",4.93
2023,"09","Sant Andreu","60","Sant Andreu","040","Resta de vehicles",6.77
2023,"09","Sant Andreu","60","Sant Andreu","041","Turismes",294.91
2023,"09","Sant Andreu","60","Sant Andreu","041","Motos",130.83
2023,"09","Sant Andreu","60","Sant Andreu","041","Ciclomotors",13.44
2023,"09","Sant Andreu","60","Sant Andreu","041","Furgonetes",29
2023,"09","Sant Andreu","60","Sant Andreu","041","Camions",3.54
2023,"09","Sant Andreu","60","Sant Andreu","041","Resta de vehicles",4.24
2023,"09","Sant Andreu","60","Sant Andreu","042","Turismes",298.09
2023,"09","Sant Andreu","60","Sant Andreu","042","Motos",124.01
2023,"09","Sant Andreu","60","Sant Andreu","042","Ciclomotors",14.31
2023,"09","Sant Andreu","60","Sant Andreu","042","Furgonetes",22.26
2023,"09","Sant Andreu","60","Sant Andreu","042","Camions",4.77
2023,"09","Sant Andreu","60","Sant Andreu","042","Resta de vehicles",7.95
2023,"09","Sant Andreu","60","Sant Andreu","043","Turismes",279.65
2023,"09","Sant Andreu","60","Sant Andreu","043","Motos",114.2
2023,"09","Sant Andreu","60","Sant Andreu","043","Ciclomotors",19.77
2023,"09","Sant Andreu","60","Sant Andreu","043","Furgonetes",26.35
2023,"09","Sant Andreu","60","Sant Andreu","043","Camions",8.05
2023,"09","Sant Andreu","60","Sant Andreu","043","Resta de vehicles",9.52
2023,"09","Sant Andreu","60","Sant Andreu","044","Turismes",275.05
2023,"09","Sant Andreu","60","Sant Andreu","044","Motos",119.19
2023,"09","Sant Andreu","60","Sant Andreu","044","Ciclomotors",16.37
2023,"09","Sant Andreu","60","Sant Andreu","044","Furgonetes",36.02
2023,"09","Sant Andreu","60","Sant Andreu","044","Camions",5.89
2023,"09","Sant Andreu","60","Sant Andreu","044","Resta de vehicles",9.17
2023,"09","Sant Andreu","60","Sant Andreu","045","Turismes",279.33
2023,"09","Sant Andreu","60","Sant Andreu","045","Motos",118.02
2023,"09","Sant Andreu","60","Sant Andreu","045","Ciclomotors",16.76
2023,"09","Sant Andreu","60","Sant Andreu","045","Furgonetes",13.97
2023,"09","Sant Andreu","60","Sant Andreu","045","Camions",4.89
2023,"09","Sant Andreu","60","Sant Andreu","045","Resta de vehicles",8.38
2023,"09","Sant Andreu","60","Sant Andreu","046","Turismes",314.81
2023,"09","Sant Andreu","60","Sant Andreu","046","Motos",129.63
2023,"09","Sant Andreu","60","Sant Andreu","046","Ciclomotors",10.8
2023,"09","Sant Andreu","60","Sant Andreu","046","Furgonetes",22.38
2023,"09","Sant Andreu","60","Sant Andreu","046","Camions",8.49
2023,"09","Sant Andreu","60","Sant Andreu","046","Resta de vehicles",7.72
2023,"09","Sant Andreu","60","Sant Andreu","047","Turismes",258.08
2023,"09","Sant Andreu","60","Sant Andreu","047","Motos",123.65
2023,"09","Sant Andreu","60","Sant Andreu","047","Ciclomotors",20.93
2023,"09","Sant Andreu","60","Sant Andreu","047","Furgonetes",16.49
2023,"09","Sant Andreu","60","Sant Andreu","047","Camions",3.8
2023,"09","Sant Andreu","60","Sant Andreu","047","Resta de vehicles",6.98
2023,"09","Sant Andreu","60","Sant Andreu","048","Turismes",296.65
2023,"09","Sant Andreu","60","Sant Andreu","048","Motos",107.06
2023,"09","Sant Andreu","60","Sant Andreu","048","Ciclomotors",20.07
2023,"09","Sant Andreu","60","Sant Andreu","048","Furgonetes",12.64
2023,"09","Sant Andreu","60","Sant Andreu","048","Camions",1.49
2023,"09","Sant Andreu","60","Sant Andreu","048","Resta de vehicles",5.95
2023,"09","Sant Andreu","60","Sant Andreu","049","Turismes",278.12
2023,"09","Sant Andreu","60","Sant Andreu","049","Motos",97.66
2023,"09","Sant Andreu","60","Sant Andreu","049","Ciclomotors",11.72
2023,"09","Sant Andreu","60","Sant Andreu","049","Furgonetes",18.75
2023,"09","Sant Andreu","60","Sant Andreu","049","Camions",2.34
2023,"09","Sant Andreu","60","Sant Andreu","049","Resta de vehicles",7.03
2023,"09","Sant Andreu","60","Sant Andreu","050","Turismes",277.92
2023,"09","Sant Andreu","60","Sant Andreu","050","Motos",120.89
2023,"09","Sant Andreu","60","Sant Andreu","050","Ciclomotors",16.43
2023,"09","Sant Andreu","60","Sant Andreu","050","Furgonetes",19.71
2023,"09","Sant Andreu","60","Sant Andreu","050","Camions",6.57
2023,"09","Sant Andreu","60","Sant Andreu","050","Resta de vehicles",5.26
2023,"09","Sant Andreu","60","Sant Andreu","051","Turismes",311.36
2023,"09","Sant Andreu","60","Sant Andreu","051","Motos",129.47
2023,"09","Sant Andreu","60","Sant Andreu","051","Ciclomotors",15.09
2023,"09","Sant Andreu","60","Sant Andreu","051","Furgonetes",30.98
2023,"09","Sant Andreu","60","Sant Andreu","051","Camions",2.38
2023,"09","Sant Andreu","60","Sant Andreu","051","Resta de vehicles",7.15
2023,"09","Sant Andreu","60","Sant Andreu","052","Turismes",280.23
2023,"09","Sant Andreu","60","Sant Andreu","052","Motos",102.94
2023,"09","Sant Andreu","60","Sant Andreu","052","Ciclomotors",17.16
2023,"09","Sant Andreu","60","Sant Andreu","052","Furgonetes",13.07
2023,"09","Sant Andreu","60","Sant Andreu","052","Camions",5.72
2023,"09","Sant Andreu","60","Sant Andreu","052","Resta de vehicles",5.72
2023,"09","Sant Andreu","60","Sant Andreu","053","Turismes",290.95
2023,"09","Sant Andreu","60","Sant Andreu","053","Motos",89.85
2023,"09","Sant Andreu","60","Sant Andreu","053","Ciclomotors",23.84
2023,"09","Sant Andreu","60","Sant Andreu","053","Furgonetes",12.22
2023,"09","Sant Andreu","60","Sant Andreu","053","Camions",8.56
2023,"09","Sant Andreu","60","Sant Andreu","053","Resta de vehicles",4.28
2023,"09","Sant Andreu","60","Sant Andreu","054","Turismes",267.16
2023,"09","Sant Andreu","60","Sant Andreu","054","Motos",110.39
2023,"09","Sant Andreu","60","Sant Andreu","054","Ciclomotors",12.06
2023,"09","Sant Andreu","60","Sant Andreu","054","Furgonetes",19.48
2023,"09","Sant Andreu","60","Sant Andreu","054","Camions",6.49
2023,"09","Sant Andreu","60","Sant Andreu","054","Resta de vehicles",1.86
2023,"09","Sant Andreu","61","la Sagrera","055","Turismes",286.27
2023,"09","Sant Andreu","61","la Sagrera","055","Motos",95.24
2023,"09","Sant Andreu","61","la Sagrera","055","Ciclomotors",22.15
2023,"09","Sant Andreu","61","la Sagrera","055","Furgonetes",18.83
2023,"09","Sant Andreu","61","la Sagrera","055","Camions",7.2
2023,"09","Sant Andreu","61","la Sagrera","055","Resta de vehicles",6.09
2023,"09","Sant Andreu","61","la Sagrera","056","Turismes",317.54
2023,"09","Sant Andreu","61","la Sagrera","056","Motos",105.26
2023,"09","Sant Andreu","61","la Sagrera","056","Ciclomotors",20.18
2023,"09","Sant Andreu","61","la Sagrera","056","Furgonetes",20.18
2023,"09","Sant Andreu","61","la Sagrera","056","Camions",4.39
2023,"09","Sant Andreu","61","la Sagrera","056","Resta de vehicles",6.14
2023,"09","Sant Andreu","61","la Sagrera","057","Turismes",258.56
2023,"09","Sant Andreu","61","la Sagrera","057","Motos",113.34
2023,"09","Sant Andreu","61","la Sagrera","057","Ciclomotors",16.53
2023,"09","Sant Andreu","61","la Sagrera","057","Furgonetes",15.94
2023,"09","Sant Andreu","61","la Sagrera","057","Camions",5.31
2023,"09","Sant Andreu","61","la Sagrera","057","Resta de vehicles",5.9
2023,"09","Sant Andreu","61","la Sagrera","058","Turismes",242.94
2023,"09","Sant Andreu","61","la Sagrera","058","Motos",119.5
2023,"09","Sant Andreu","61","la Sagrera","058","Ciclomotors",14.45
2023,"09","Sant Andreu","61","la Sagrera","058","Furgonetes",23.64
2023,"09","Sant Andreu","61","la Sagrera","058","Camions",2.63
2023,"09","Sant Andreu","61","la Sagrera","058","Resta de vehicles",7.88
2023,"09","Sant Andreu","61","la Sagrera","059","Turismes",287.11
2023,"09","Sant Andreu","61","la Sagrera","059","Motos",89.2
2023,"09","Sant Andreu","61","la Sagrera","059","Ciclomotors",9.06
2023,"09","Sant Andreu","61","la Sagrera","059","Furgonetes",18.82
2023,"09","Sant Andreu","61","la Sagrera","059","Camions",4.18
2023,"09","Sant Andreu","61","la Sagrera","059","Resta de vehicles",8.36
2023,"09","Sant Andreu","61","la Sagrera","060","Turismes",271.39
2023,"09","Sant Andreu","61","la Sagrera","060","Motos",103.98
2023,"09","Sant Andreu","61","la Sagrera","060","Ciclomotors",17.7
2023,"09","Sant Andreu","61","la Sagrera","060","Furgonetes",17.7
2023,"09","Sant Andreu","61","la Sagrera","060","Camions",8.11
2023,"09","Sant Andreu","61","la Sagrera","060","Resta de vehicles",8.11
2023,"09","Sant Andreu","61","la Sagrera","061","Turismes",323.99
2023,"09","Sant Andreu","61","la Sagrera","061","Motos",120.53
2023,"09","Sant Andreu","61","la Sagrera","061","Ciclomotors",12.53
2023,"09","Sant Andreu","61","la Sagrera","061","Furgonetes",12.53
2023,"09","Sant Andreu","61","la Sagrera","061","Camions",20.29
2023,"09","Sant Andreu","61","la Sagrera","061","Resta de vehicles",9.55
2023,"09","Sant Andreu","61","la Sagrera","062","Turismes",224.89
2023,"09","Sant Andreu","61","la Sagrera","062","Motos",96.57
2023,"09","Sant Andreu","61","la Sagrera","062","Ciclomotors",12.31
2023,"09","Sant Andreu","61","la Sagrera","062","Furgonetes",14.26
2023,"09","Sant Andreu","61","la Sagrera","062","Camions",3.89
2023,"09","Sant Andreu","61","la Sagrera","062","Resta de vehicles",1.3
2023,"09","Sant Andreu","61","la Sagrera","063","Turismes",339.25
2023,"09","Sant Andreu","61","la Sagrera","063","Motos",127
2023,"09","Sant Andreu","61","la Sagrera","063","Ciclomotors",14.21
2023,"09","Sant Andreu","61","la Sagrera","063","Furgonetes",22.2
2023,"09","Sant Andreu","61","la Sagrera","063","Camions",4.44
2023,"09","Sant Andreu","61","la Sagrera","063","Resta de vehicles",4.44
2023,"09","Sant Andreu","61","la Sagrera","064","Turismes",367.36
2023,"09","Sant Andreu","61","la Sagrera","064","Motos",141.36
2023,"09","Sant Andreu","61","la Sagrera","064","Ciclomotors",22.69
2023,"09","Sant Andreu","61","la Sagrera","064","Furgonetes",25.31
2023,"09","Sant Andreu","61","la Sagrera","064","Camions",3.49
2023,"09","Sant Andreu","61","la Sagrera","064","Resta de vehicles",13.09
2023,"09","Sant Andreu","61","la Sagrera","065","Turismes",262.51
2023,"09","Sant Andreu","61","la Sagrera","065","Motos",93.38
2023,"09","Sant Andreu","61","la Sagrera","065","Ciclomotors",20.49
2023,"09","Sant Andreu","61","la Sagrera","065","Furgonetes",14.77
2023,"09","Sant Andreu","61","la Sagrera","065","Camions",3.33
2023,"09","Sant Andreu","61","la Sagrera","065","Resta de vehicles",7.15
2023,"09","Sant Andreu","61","la Sagrera","066","Turismes",316.82
2023,"09","Sant Andreu","61","la Sagrera","066","Motos",102.58
2023,"09","Sant Andreu","61","la Sagrera","066","Ciclomotors",11.86
2023,"09","Sant Andreu","61","la Sagrera","066","Furgonetes",30.01
2023,"09","Sant Andreu","61","la Sagrera","066","Camions",6.28
2023,"09","Sant Andreu","61","la Sagrera","066","Resta de vehicles",8.37
2023,"09","Sant Andreu","61","la Sagrera","067","Turismes",230.72
2023,"09","Sant Andreu","61","la Sagrera","067","Motos",80.39
2023,"09","Sant Andreu","61","la Sagrera","067","Ciclomotors",18.3
2023,"09","Sant Andreu","61","la Sagrera","067","Furgonetes",15.69
2023,"09","Sant Andreu","61","la Sagrera","067","Camions",3.27
2023,"09","Sant Andreu","61","la Sagrera","067","Resta de vehicles",6.54
2023,"09","Sant Andreu","61","la Sagrera","068","Turismes",284.78
2023,"09","Sant Andreu","61","la Sagrera","068","Motos",111.55
2023,"09","Sant Andreu","61","la Sagrera","068","Ciclomotors",25.59
2023,"09","Sant Andreu","61","la Sagrera","068","Furgonetes",13.12
2023,"09","Sant Andreu","61","la Sagrera","068","Camions",2.62
2023,"09","Sant Andreu","61","la Sagrera","068","Resta de vehicles",7.22
2023,"09","Sant Andreu","61","la Sagrera","069","Turismes",214.67
2023,"09","Sant Andreu","61","la Sagrera","069","Motos",93.52
2023,"09","Sant Andreu","61","la Sagrera","069","Ciclomotors",15.94
2023,"09","Sant Andreu","61","la Sagrera","069","Furgonetes",8.5
2023,"09","Sant Andreu","61","la Sagrera","069","Camions",5.31
2023,"09","Sant Andreu","61","la Sagrera","069","Resta de vehicles",2.13
2023,"09","Sant Andreu","61","la Sagrera","070","Turismes",216.76
2023,"09","Sant Andreu","61","la Sagrera","070","Motos",80.45
2023,"09","Sant Andreu","61","la Sagrera","070","Ciclomotors",12.85
2023,"09","Sant Andreu","61","la Sagrera","070","Furgonetes",16.76
2023,"09","Sant Andreu","61","la Sagrera","070","Camions",2.79
2023,"09","Sant Andreu","61","la Sagrera","070","Resta de vehicles",2.23
2023,"09","Sant Andreu","61","la Sagrera","071","Turismes",254.23
2023,"09","Sant Andreu","61","la Sagrera","071","Motos",98.31
2023,"09","Sant Andreu","61","la Sagrera","071","Ciclomotors",16.38
2023,"09","Sant Andreu","61","la Sagrera","071","Furgonetes",13.74
2023,"09","Sant Andreu","61","la Sagrera","071","Camions",5.29
2023,"09","Sant Andreu","61","la Sagrera","071","Resta de vehicles",3.7
2023,"09","Sant Andreu","61","la Sagrera","072","Turismes",205.47
2023,"09","Sant Andreu","61","la Sagrera","072","Motos",70.71
2023,"09","Sant Andreu","61","la Sagrera","072","Ciclomotors",14.01
2023,"09","Sant Andreu","61","la Sagrera","072","Furgonetes",18.01
2023,"09","Sant Andreu","61","la Sagrera","072","Camions",3.34
2023,"09","Sant Andreu","61","la Sagrera","072","Resta de vehicles",2
2023,"09","Sant Andreu","61","la Sagrera","073","Turismes",321.74
2023,"09","Sant Andreu","61","la Sagrera","073","Motos",103.01
2023,"09","Sant Andreu","61","la Sagrera","073","Ciclomotors",13.38
2023,"09","Sant Andreu","61","la Sagrera","073","Furgonetes",16.05
2023,"09","Sant Andreu","61","la Sagrera","073","Camions",2.01
2023,"09","Sant Andreu","61","la Sagrera","073","Resta de vehicles",2.68
2023,"09","Sant Andreu","61","la Sagrera","156","Turismes",312.7
2023,"09","Sant Andreu","61","la Sagrera","156","Motos",98.41
2023,"09","Sant Andreu","61","la Sagrera","156","Ciclomotors",23.81
2023,"09","Sant Andreu","61","la Sagrera","156","Furgonetes",11.9
2023,"09","Sant Andreu","61","la Sagrera","156","Camions",1.59
2023,"09","Sant Andreu","61","la Sagrera","156","Resta de vehicles",7.94
2023,"09","Sant Andreu","62","el Congrés i els Indians","074","Turismes",235.12
2023,"09","Sant Andreu","62","el Congrés i els Indians","074","Motos",102.68
2023,"09","Sant Andreu","62","el Congrés i els Indians","074","Ciclomotors",15.75
2023,"09","Sant Andreu","62","el Congrés i els Indians","074","Furgonetes",14
2023,"09","Sant Andreu","62","el Congrés i els Indians","074","Camions",3.5
2023,"09","Sant Andreu","62","el Congrés i els Indians","074","Resta de vehicles",4.08
2023,"09","Sant Andreu","62","el Congrés i els Indians","075","Turismes",247.31
2023,"09","Sant Andreu","62","el Congrés i els Indians","075","Motos",86.87
2023,"09","Sant Andreu","62","el Congrés i els Indians","075","Ciclomotors",12.68
2023,"09","Sant Andreu","62","el Congrés i els Indians","075","Furgonetes",22.83
2023,"09","Sant Andreu","62","el Congrés i els Indians","075","Camions",5.71
2023,"09","Sant Andreu","62","el Congrés i els Indians","075","Resta de vehicles",3.8
2023,"09","Sant Andreu","62","el Congrés i els Indians","076","Turismes",257.71
2023,"09","Sant Andreu","62","el Congrés i els Indians","076","Motos",104.87
2023,"09","Sant Andreu","62","el Congrés i els Indians","076","Ciclomotors",14.39
2023,"09","Sant Andreu","62","el Congrés i els Indians","076","Furgonetes",21.93
2023,"09","Sant Andreu","62","el Congrés i els Indians","076","Camions",2.06
2023,"09","Sant Andreu","62","el Congrés i els Indians","076","Resta de vehicles",6.85
2023,"09","Sant Andreu","62","el Congrés i els Indians","077","Turismes",250.62
2023,"09","Sant Andreu","62","el Congrés i els Indians","077","Motos",99.38
2023,"09","Sant Andreu","62","el Congrés i els Indians","077","Ciclomotors",7.41
2023,"09","Sant Andreu","62","el Congrés i els Indians","077","Furgonetes",14.2
2023,"09","Sant Andreu","62","el Congrés i els Indians","077","Camions",4.32
2023,"09","Sant Andreu","62","el Congrés i els Indians","077","Resta de vehicles",5.56
2023,"09","Sant Andreu","62","el Congrés i els Indians","078","Turismes",278.88
2023,"09","Sant Andreu","62","el Congrés i els Indians","078","Motos",131.92
2023,"09","Sant Andreu","62","el Congrés i els Indians","078","Ciclomotors",20.51
2023,"09","Sant Andreu","62","el Congrés i els Indians","078","Furgonetes",25.29
2023,"09","Sant Andreu","62","el Congrés i els Indians","078","Camions",5.47
2023,"09","Sant Andreu","62","el Congrés i els Indians","078","Resta de vehicles",11.62
2023,"09","Sant Andreu","62","el Congrés i els Indians","079","Turismes",251.35
2023,"09","Sant Andreu","62","el Congrés i els Indians","079","Motos",104.98
2023,"09","Sant Andreu","62","el Congrés i els Indians","079","Ciclomotors",16.2
2023,"09","Sant Andreu","62","el Congrés i els Indians","079","Furgonetes",15
2023,"09","Sant Andreu","62","el Congrés i els Indians","079","Camions",4.8
2023,"09","Sant Andreu","62","el Congrés i els Indians","079","Resta de vehicles",9
2023,"09","Sant Andreu","62","el Congrés i els Indians","080","Turismes",272.86
2023,"09","Sant Andreu","62","el Congrés i els Indians","080","Motos",113.19
2023,"09","Sant Andreu","62","el Congrés i els Indians","080","Ciclomotors",20.24
2023,"09","Sant Andreu","62","el Congrés i els Indians","080","Furgonetes",20.99
2023,"09","Sant Andreu","62","el Congrés i els Indians","080","Camions",4.5
2023,"09","Sant Andreu","62","el Congrés i els Indians","080","Resta de vehicles",3
2023,"09","Sant Andreu","62","el Congrés i els Indians","081","Turismes",276.36
2023,"09","Sant Andreu","62","el Congrés i els Indians","081","Motos",114.72
2023,"09","Sant Andreu","62","el Congrés i els Indians","081","Ciclomotors",23.75
2023,"09","Sant Andreu","62","el Congrés i els Indians","081","Furgonetes",22.6
2023,"09","Sant Andreu","62","el Congrés i els Indians","081","Camions",4.63
2023,"09","Sant Andreu","62","el Congrés i els Indians","081","Resta de vehicles",2.9
2023,"09","Sant Andreu","62","el Congrés i els Indians","082","Turismes",241.4
2023,"09","Sant Andreu","62","el Congrés i els Indians","082","Motos",121.18
2023,"09","Sant Andreu","62","el Congrés i els Indians","082","Ciclomotors",20.84
2023,"09","Sant Andreu","62","el Congrés i els Indians","082","Furgonetes",25.69
2023,"09","Sant Andreu","62","el Congrés i els Indians","082","Camions",5.33
2023,"09","Sant Andreu","62","el Congrés i els Indians","082","Resta de vehicles",7.76
2023,"09","Sant Andreu","63","Navas","083","Turismes",254.91
2023,"09","Sant Andreu","63","Navas","083","Motos",128.99
2023,"09","Sant Andreu","63","Navas","083","Ciclomotors",22.73
2023,"09","Sant Andreu","63","Navas","083","Furgonetes",19.04
2023,"09","Sant Andreu","63","Navas","083","Resta de vehicles",6.14
2023,"09","Sant Andreu","63","Navas","084","Turismes",283.63
2023,"09","Sant Andreu","63","Navas","084","Motos",146.19
2023,"09","Sant Andreu","63","Navas","084","Ciclomotors",17.47
2023,"09","Sant Andreu","63","Navas","084","Furgonetes",18.64
2023,"09","Sant Andreu","63","Navas","084","Camions",3.49
2023,"09","Sant Andreu","63","Navas","084","Resta de vehicles",5.24
2023,"09","Sant Andreu","63","Navas","085","Turismes",276.29
2023,"09","Sant Andreu","63","Navas","085","Motos",139.82
2023,"09","Sant Andreu","63","Navas","085","Ciclomotors",25.17
2023,"09","Sant Andreu","63","Navas","085","Furgonetes",25.73
2023,"09","Sant Andreu","63","Navas","085","Camions",8.95
2023,"09","Sant Andreu","63","Navas","085","Resta de vehicles",2.8
2023,"09","Sant Andreu","63","Navas","086","Turismes",255.02
2023,"09","Sant Andreu","63","Navas","086","Motos",104.42
2023,"09","Sant Andreu","63","Navas","086","Ciclomotors",16.73
2023,"09","Sant Andreu","63","Navas","086","Furgonetes",23.43
2023,"09","Sant Andreu","63","Navas","086","Camions",2.01
2023,"09","Sant Andreu","63","Navas","086","Resta de vehicles",4.02
2023,"09","Sant Andreu","63","Navas","087","Turismes",287.04
2023,"09","Sant Andreu","63","Navas","087","Motos",119.6
2023,"09","Sant Andreu","63","Navas","087","Ciclomotors",22.38
2023,"09","Sant Andreu","63","Navas","087","Furgonetes",16.2
2023,"09","Sant Andreu","63","Navas","087","Camions",5.4
2023,"09","Sant Andreu","63","Navas","087","Resta de vehicles",3.86
2023,"09","Sant Andreu","63","Navas","088","Turismes",232.79
2023,"09","Sant Andreu","63","Navas","088","Motos",106.15
2023,"09","Sant Andreu","63","Navas","088","Ciclomotors",21.02
2023,"09","Sant Andreu","63","Navas","088","Furgonetes",18.92
2023,"09","Sant Andreu","63","Navas","088","Camions",2.1
2023,"09","Sant Andreu","63","Navas","088","Resta de vehicles",3.68
2023,"09","Sant Andreu","63","Navas","089","Turismes",241.49
2023,"09","Sant Andreu","63","Navas","089","Motos",122.08
2023,"09","Sant Andreu","63","Navas","089","Ciclomotors",13.34
2023,"09","Sant Andreu","63","Navas","089","Furgonetes",18.01
2023,"09","Sant Andreu","63","Navas","089","Camions",7.34
2023,"09","Sant Andreu","63","Navas","089","Resta de vehicles",2
2023,"09","Sant Andreu","63","Navas","090","Turismes",289.7
2023,"09","Sant Andreu","63","Navas","090","Motos",115.61
2023,"09","Sant Andreu","63","Navas","090","Ciclomotors",16.61
2023,"09","Sant Andreu","63","Navas","090","Furgonetes",17.28
2023,"09","Sant Andreu","63","Navas","090","Camions",3.32
2023,"09","Sant Andreu","63","Navas","090","Resta de vehicles",5.32
2023,"09","Sant Andreu","63","Navas","091","Turismes",292.48
2023,"09","Sant Andreu","63","Navas","091","Motos",107.3
2023,"09","Sant Andreu","63","Navas","091","Ciclomotors",15.8
2023,"09","Sant Andreu","63","Navas","091","Furgonetes",16.88
2023,"09","Sant Andreu","63","Navas","091","Camions",5.45
2023,"09","Sant Andreu","63","Navas","091","Resta de vehicles",4.36
2023,"09","Sant Andreu","63","Navas","092","Turismes",327.27
2023,"09","Sant Andreu","63","Navas","092","Motos",114.81
2023,"09","Sant Andreu","63","Navas","092","Ciclomotors",21.3
2023,"09","Sant Andreu","63","Navas","092","Furgonetes",23.38
2023,"09","Sant Andreu","63","Navas","092","Camions",8.83
2023,"09","Sant Andreu","63","Navas","092","Resta de vehicles",8.83
2023,"09","Sant Andreu","63","Navas","093","Turismes",311.78
2023,"09","Sant Andreu","63","Navas","093","Motos",119.32
2023,"09","Sant Andreu","63","Navas","093","Ciclomotors",14.63
2023,"09","Sant Andreu","63","Navas","093","Furgonetes",20.02
2023,"09","Sant Andreu","63","Navas","093","Camions",9.24
2023,"09","Sant Andreu","63","Navas","093","Resta de vehicles",14.63
2023,"09","Sant Andreu","63","Navas","094","Turismes",277.81
2023,"09","Sant Andreu","63","Navas","094","Motos",122.69
2023,"09","Sant Andreu","63","Navas","094","Ciclomotors",16.96
2023,"09","Sant Andreu","63","Navas","094","Furgonetes",18.95
2023,"09","Sant Andreu","63","Navas","094","Camions",4.49
2023,"09","Sant Andreu","63","Navas","094","Resta de vehicles",6.48
2023,"09","Sant Andreu","63","Navas","095","Turismes",258.18
2023,"09","Sant Andreu","63","Navas","095","Motos",96.82
2023,"09","Sant Andreu","63","Navas","095","Ciclomotors",12.45
2023,"09","Sant Andreu","63","Navas","095","Furgonetes",17.52
2023,"09","Sant Andreu","63","Navas","095","Camions",5.07
2023,"09","Sant Andreu","63","Navas","095","Resta de vehicles",5.53
2023,"10","Sant Martí","64","el Camp de l'Arpa del Clot","001","Turismes",241.08
2023,"10","Sant Martí","64","el Camp de l'Arpa del Clot","001","Motos",91.64
2023,"10","Sant Martí","64","el Camp de l'Arpa del Clot","001","Ciclomotors",25.22
2023,"10","Sant Martí","64","el Camp de l'Arpa del Clot","001","Furgonetes",20.3
2023,"10","Sant Martí","64","el Camp de l'Arpa del Clot","001","Camions",14.76
2023,"10","Sant Martí","64","el Camp de l'Arpa del Clot","001","Resta de vehicles",11.07
2023,"10","Sant Martí","64","el Camp de l'Arpa del Clot","002","Turismes",286.26
2023,"10","Sant Martí","64","el Camp de l'Arpa del Clot","002","Motos",131.91
2023,"10","Sant Martí","64","el Camp de l'Arpa del Clot","002","Ciclomotors",14.78
2023,"10","Sant Martí","64","el Camp de l'Arpa del Clot","002","Furgonetes",26.82
2023,"10","Sant Martí","64","el Camp de l'Arpa del Clot","002","Camions",7.12
2023,"10","Sant Martí","64","el Camp de l'Arpa del Clot","002","Resta de vehicles",4.93
2023,"10","Sant Martí","64","el Camp de l'Arpa del Clot","003","Turismes",239.85
2023,"10","Sant Martí","64","el Camp de l'Arpa del Clot","003","Motos",99.94
2023,"10","Sant Martí","64","el Camp de l'Arpa del Clot","003","Ciclomotors",14.37
2023,"10","Sant Martí","64","el Camp de l'Arpa del Clot","003","Furgonetes",25.61
2023,"10","Sant Martí","64","el Camp de l'Arpa del Clot","003","Camions",6.25
2023,"10","Sant Martí","64","el Camp de l'Arpa del Clot","003","Resta de vehicles",8.12
2023,"10","Sant Martí","64","el Camp de l'Arpa del Clot","004","Turismes",264.56
2023,"10","Sant Martí","64","el Camp de l'Arpa del Clot","004","Motos",96.2
2023,"10","Sant Martí","64","el Camp de l'Arpa del Clot","004","Ciclomotors",13.29
2023,"10","Sant Martí","64","el Camp de l'Arpa del Clot","004","Furgonetes",15.19
2023,"10","Sant Martí","64","el Camp de l'Arpa del Clot","004","Camions",13.29
2023,"10","Sant Martí","64","el Camp de l'Arpa del Clot","004","Resta de vehicles",6.33
2023,"10","Sant Martí","64","el Camp de l'Arpa del Clot","005","Turismes",317.16
2023,"10","Sant Martí","64","el Camp de l'Arpa del Clot","005","Motos",138.68
2023,"10","Sant Martí","64","el Camp de l'Arpa del Clot","005","Ciclomotors",16.17
2023,"10","Sant Martí","64","el Camp de l'Arpa del Clot","005","Furgonetes",20.52
2023,"10","Sant Martí","64","el Camp de l'Arpa del Clot","005","Camions",3.73
2023,"10","Sant Martí","64","el Camp de l'Arpa del Clot","005","Resta de vehicles",3.11
2023,"10","Sant Martí","64","el Camp de l'Arpa del Clot","006","Turismes",261.97
2023,"10","Sant Martí","64","el Camp de l'Arpa del Clot","006","Motos",124.26
2023,"10","Sant Martí","64","el Camp de l'Arpa del Clot","006","Ciclomotors",14.52
2023,"10","Sant Martí","64","el Camp de l'Arpa del Clot","006","Furgonetes",12.37
2023,"10","Sant Martí","64","el Camp de l'Arpa del Clot","006","Camions",5.92
2023,"10","Sant Martí","64","el Camp de l'Arpa del Clot","006","Resta de vehicles",2.69
2023,"10","Sant Martí","64","el Camp de l'Arpa del Clot","007","Turismes",358.3
2023,"10","Sant Martí","64","el Camp de l'Arpa del Clot","007","Motos",153.67
2023,"10","Sant Martí","64","el Camp de l'Arpa del Clot","007","Ciclomotors",19.31
2023,"10","Sant Martí","64","el Camp de l'Arpa del Clot","007","Furgonetes",26.25
2023,"10","Sant Martí","64","el Camp de l'Arpa del Clot","007","Camions",7.72
2023,"10","Sant Martí","64","el Camp de l'Arpa del Clot","007","Resta de vehicles",23.94
2023,"10","Sant Martí","64","el Camp de l'Arpa del Clot","008","Turismes",256.62
2023,"10","Sant Martí","64","el Camp de l'Arpa del Clot","008","Motos",106.53
2023,"10","Sant Martí","64","el Camp de l'Arpa del Clot","008","Ciclomotors",16.48
2023,"10","Sant Martí","64","el Camp de l'Arpa del Clot","008","Furgonetes",16.48
2023,"10","Sant Martí","64","el Camp de l'Arpa del Clot","008","Camions",7.06
2023,"10","Sant Martí","64","el Camp de l'Arpa del Clot","008","Resta de vehicles",3.53
2023,"10","Sant Martí","64","el Camp de l'Arpa del Clot","009","Turismes",222.56
2023,"10","Sant Martí","64","el Camp de l'Arpa del Clot","009","Motos",110.37
2023,"10","Sant Martí","64","el Camp de l'Arpa del Clot","009","Ciclomotors",18.8
2023,"10","Sant Martí","64","el Camp de l'Arpa del Clot","009","Furgonetes",16.98
2023,"10","Sant Martí","64","el Camp de l'Arpa del Clot","009","Camions",3.64
2023,"10","Sant Martí","64","el Camp de l'Arpa del Clot","009","Resta de vehicles",4.24
2023,"10","Sant Martí","64","el Camp de l'Arpa del Clot","010","Turismes",245.22
2023,"10","Sant Martí","64","el Camp de l'Arpa del Clot","010","Motos",118.26
2023,"10","Sant Martí","64","el Camp de l'Arpa del Clot","010","Ciclomotors",24.93
2023,"10","Sant Martí","64","el Camp de l'Arpa del Clot","010","Furgonetes",20.87
2023,"10","Sant Martí","64","el Camp de l'Arpa del Clot","010","Camions",12.17
2023,"10","Sant Martí","64","el Camp de l'Arpa del Clot","010","Resta de vehicles",9.28
2023,"10","Sant Martí","64","el Camp de l'Arpa del Clot","011","Turismes",276.6
2023,"10","Sant Martí","64","el Camp de l'Arpa del Clot","011","Motos",135.32
2023,"10","Sant Martí","64","el Camp de l'Arpa del Clot","011","Ciclomotors",29.79
2023,"10","Sant Martí","64","el Camp de l'Arpa del Clot","011","Furgonetes",17.02
2023,"10","Sant Martí","64","el Camp de l'Arpa del Clot","011","Camions",1.7
2023,"10","Sant Martí","64","el Camp de l'Arpa del Clot","011","Resta de vehicles",5.96
2023,"10","Sant Martí","64","el Camp de l'Arpa del Clot","012","Turismes",261.39
2023,"10","Sant Martí","64","el Camp de l'Arpa del Clot","012","Motos",134.97
2023,"10","Sant Martí","64","el Camp de l'Arpa del Clot","012","Ciclomotors",17.08
2023,"10","Sant Martí","64","el Camp de l'Arpa del Clot","012","Furgonetes",21.07
2023,"10","Sant Martí","64","el Camp de l'Arpa del Clot","012","Camions",2.28
2023,"10","Sant Martí","64","el Camp de l'Arpa del Clot","012","Resta de vehicles",4.56
2023,"10","Sant Martí","64","el Camp de l'Arpa del Clot","013","Turismes",264.88
2023,"10","Sant Martí","64","el Camp de l'Arpa del Clot","013","Motos",132.44
2023,"10","Sant Martí","64","el Camp de l'Arpa del Clot","013","Ciclomotors",14.14
2023,"10","Sant Martí","64","el Camp de l'Arpa del Clot","013","Furgonetes",20.09
2023,"10","Sant Martí","64","el Camp de l'Arpa del Clot","013","Camions",2.98
2023,"10","Sant Martí","64","el Camp de l'Arpa del Clot","013","Resta de vehicles",3.72
2023,"10","Sant Martí","64","el Camp de l'Arpa del Clot","014","Turismes",235.78
2023,"10","Sant Martí","64","el Camp de l'Arpa del Clot","014","Motos",124.74
2023,"10","Sant Martí","64","el Camp de l'Arpa del Clot","014","Ciclomotors",21.93
2023,"10","Sant Martí","64","el Camp de l'Arpa del Clot","014","Furgonetes",23.99
2023,"10","Sant Martí","64","el Camp de l'Arpa del Clot","014","Camions",6.85
2023,"10","Sant Martí","64","el Camp de l'Arpa del Clot","014","Resta de vehicles",6.17
2023,"10","Sant Martí","64","el Camp de l'Arpa del Clot","015","Turismes",257.16
2023,"10","Sant Martí","64","el Camp de l'Arpa del Clot","015","Motos",130.14
2023,"10","Sant Martí","64","el Camp de l'Arpa del Clot","015","Ciclomotors",19.78
2023,"10","Sant Martí","64","el Camp de l'Arpa del Clot","015","Furgonetes",14.58
2023,"10","Sant Martí","64","el Camp de l'Arpa del Clot","015","Camions",4.69
2023,"10","Sant Martí","64","el Camp de l'Arpa del Clot","015","Resta de vehicles",5.73
2023,"10","Sant Martí","64","el Camp de l'Arpa del Clot","016","Turismes",284.16
2023,"10","Sant Martí","64","el Camp de l'Arpa del Clot","016","Motos",142.5
2023,"10","Sant Martí","64","el Camp de l'Arpa del Clot","016","Ciclomotors",25.15
2023,"10","Sant Martí","64","el Camp de l'Arpa del Clot","016","Furgonetes",28.5
2023,"10","Sant Martí","64","el Camp de l'Arpa del Clot","016","Camions",20.12
2023,"10","Sant Martí","64","el Camp de l'Arpa del Clot","016","Resta de vehicles",30.18
2023,"10","Sant Martí","64","el Camp de l'Arpa del Clot","017","Turismes",256.85
2023,"10","Sant Martí","64","el Camp de l'Arpa del Clot","017","Motos",109.65
2023,"10","Sant Martí","64","el Camp de l'Arpa del Clot","017","Ciclomotors",23.24
2023,"10","Sant Martí","64","el Camp de l'Arpa del Clot","017","Furgonetes",17.88
2023,"10","Sant Martí","64","el Camp de l'Arpa del Clot","017","Camions",4.17
2023,"10","Sant Martí","64","el Camp de l'Arpa del Clot","017","Resta de vehicles",4.17
2023,"10","Sant Martí","64","el Camp de l'Arpa del Clot","018","Turismes",215.21
2023,"10","Sant Martí","64","el Camp de l'Arpa del Clot","018","Motos",101.83
2023,"10","Sant Martí","64","el Camp de l'Arpa del Clot","018","Ciclomotors",16.29
2023,"10","Sant Martí","64","el Camp de l'Arpa del Clot","018","Furgonetes",18.33
2023,"10","Sant Martí","64","el Camp de l'Arpa del Clot","018","Camions",1.36
2023,"10","Sant Martí","64","el Camp de l'Arpa del Clot","018","Resta de vehicles",7.47
2023,"10","Sant Martí","64","el Camp de l'Arpa del Clot","019","Turismes",243.24
2023,"10","Sant Martí","64","el Camp de l'Arpa del Clot","019","Motos",121.62
2023,"10","Sant Martí","64","el Camp de l'Arpa del Clot","019","Ciclomotors",21.24
2023,"10","Sant Martí","64","el Camp de l'Arpa del Clot","019","Furgonetes",22.52
2023,"10","Sant Martí","64","el Camp de l'Arpa del Clot","019","Camions",3.22
2023,"10","Sant Martí","64","el Camp de l'Arpa del Clot","019","Resta de vehicles",6.44
2023,"10","Sant Martí","64","el Camp de l'Arpa del Clot","020","Turismes",223.75
2023,"10","Sant Martí","64","el Camp de l'Arpa del Clot","020","Motos",106.38
2023,"10","Sant Martí","64","el Camp de l'Arpa del Clot","020","Ciclomotors",23.34
2023,"10","Sant Martí","64","el Camp de l'Arpa del Clot","020","Furgonetes",15.79
2023,"10","Sant Martí","64","el Camp de l'Arpa del Clot","020","Camions",2.06
2023,"10","Sant Martí","64","el Camp de l'Arpa del Clot","020","Resta de vehicles",4.12
2023,"10","Sant Martí","64","el Camp de l'Arpa del Clot","021","Turismes",246.15
2023,"10","Sant Martí","64","el Camp de l'Arpa del Clot","021","Motos",120
2023,"10","Sant Martí","64","el Camp de l'Arpa del Clot","021","Ciclomotors",21.54
2023,"10","Sant Martí","64","el Camp de l'Arpa del Clot","021","Furgonetes",28.46
2023,"10","Sant Martí","64","el Camp de l'Arpa del Clot","021","Camions",4.62
2023,"10","Sant Martí","64","el Camp de l'Arpa del Clot","021","Resta de vehicles",5.38
2023,"10","Sant Martí","64","el Camp de l'Arpa del Clot","022","Turismes",252.43
2023,"10","Sant Martí","64","el Camp de l'Arpa del Clot","022","Motos",148.31
2023,"10","Sant Martí","64","el Camp de l'Arpa del Clot","022","Ciclomotors",15.73
2023,"10","Sant Martí","64","el Camp de l'Arpa del Clot","022","Furgonetes",25.47
2023,"10","Sant Martí","64","el Camp de l'Arpa del Clot","022","Camions",7.49
2023,"10","Sant Martí","64","el Camp de l'Arpa del Clot","022","Resta de vehicles",8.24
2023,"10","Sant Martí","64","el Camp de l'Arpa del Clot","023","Turismes",256.66
2023,"10","Sant Martí","64","el Camp de l'Arpa del Clot","023","Motos",117.11
2023,"10","Sant Martí","64","el Camp de l'Arpa del Clot","023","Ciclomotors",20.34
2023,"10","Sant Martí","64","el Camp de l'Arpa del Clot","023","Furgonetes",22.44
2023,"10","Sant Martí","64","el Camp de l'Arpa del Clot","023","Camions",3.51
2023,"10","Sant Martí","64","el Camp de l'Arpa del Clot","023","Resta de vehicles",4.21
2023,"10","Sant Martí","64","el Camp de l'Arpa del Clot","024","Turismes",247.51
2023,"10","Sant Martí","64","el Camp de l'Arpa del Clot","024","Motos",100.86
2023,"10","Sant Martí","64","el Camp de l'Arpa del Clot","024","Ciclomotors",16.59
2023,"10","Sant Martí","64","el Camp de l'Arpa del Clot","024","Furgonetes",19.91
2023,"10","Sant Martí","64","el Camp de l'Arpa del Clot","024","Camions",3.32
2023,"10","Sant Martí","64","el Camp de l'Arpa del Clot","024","Resta de vehicles",1.99
2023,"10","Sant Martí","64","el Camp de l'Arpa del Clot","025","Turismes",240.74
2023,"10","Sant Martí","64","el Camp de l'Arpa del Clot","025","Motos",125
2023,"10","Sant Martí","64","el Camp de l'Arpa del Clot","025","Ciclomotors",16.98
2023,"10","Sant Martí","64","el Camp de l'Arpa del Clot","025","Furgonetes",13.12
2023,"10","Sant Martí","64","el Camp de l'Arpa del Clot","025","Camions",7.72
2023,"10","Sant Martí","64","el Camp de l'Arpa del Clot","025","Resta de vehicles",3.09
2023,"10","Sant Martí","65","el Clot","026","Turismes",302.6
2023,"10","Sant Martí","65","el Clot","026","Motos",101.49
2023,"10","Sant Martí","65","el Clot","026","Ciclomotors",17.95
2023,"10","Sant Martí","65","el Clot","026","Furgonetes",23.51
2023,"10","Sant Martí","65","el Clot","026","Camions",5.57
2023,"10","Sant Martí","65","el Clot","026","Resta de vehicles",4.33
2023,"10","Sant Martí","65","el Clot","027","Turismes",286.46
2023,"10","Sant Martí","65","el Clot","027","Motos",100.72
2023,"10","Sant Martí","65","el Clot","027","Ciclomotors",14.39
2023,"10","Sant Martí","65","el Clot","027","Furgonetes",25.51
2023,"10","Sant Martí","65","el Clot","027","Camions",5.23
2023,"10","Sant Martí","65","el Clot","027","Resta de vehicles",7.19
2023,"10","Sant Martí","65","el Clot","028","Turismes",287.35
2023,"10","Sant Martí","65","el Clot","028","Motos",127.65
2023,"10","Sant Martí","65","el Clot","028","Ciclomotors",20.61
2023,"10","Sant Martí","65","el Clot","028","Furgonetes",29.77
2023,"10","Sant Martí","65","el Clot","028","Camions",6.3
2023,"10","Sant Martí","65","el Clot","028","Resta de vehicles",7.44
2023,"10","Sant Martí","65","el Clot","029","Turismes",268.69
2023,"10","Sant Martí","65","el Clot","029","Motos",115.66
2023,"10","Sant Martí","65","el Clot","029","Ciclomotors",12.69
2023,"10","Sant Martí","65","el Clot","029","Furgonetes",18.34
2023,"10","Sant Martí","65","el Clot","029","Camions",7.05
2023,"10","Sant Martí","65","el Clot","029","Resta de vehicles",7.05
2023,"10","Sant Martí","65","el Clot","030","Turismes",300.35
2023,"10","Sant Martí","65","el Clot","030","Motos",113.35
2023,"10","Sant Martí","65","el Clot","030","Ciclomotors",20.14
2023,"10","Sant Martí","65","el Clot","030","Furgonetes",20.14
2023,"10","Sant Martí","65","el Clot","030","Camions",2.88
2023,"10","Sant Martí","65","el Clot","030","Resta de vehicles",8.06
2023,"10","Sant Martí","65","el Clot","031","Turismes",266.71
2023,"10","Sant Martí","65","el Clot","031","Motos",106.95
2023,"10","Sant Martí","65","el Clot","031","Ciclomotors",18.72
2023,"10","Sant Martí","65","el Clot","031","Furgonetes",28.74
2023,"10","Sant Martí","65","el Clot","031","Camions",4.01
2023,"10","Sant Martí","65","el Clot","031","Resta de vehicles",2.67
2023,"10","Sant Martí","65","el Clot","032","Turismes",309.66
2023,"10","Sant Martí","65","el Clot","032","Motos",138.36
2023,"10","Sant Martí","65","el Clot","032","Ciclomotors",24.89
2023,"10","Sant Martí","65","el Clot","032","Furgonetes",23.43
2023,"10","Sant Martí","65","el Clot","032","Camions",8.78
2023,"10","Sant Martí","65","el Clot","032","Resta de vehicles",19.77
2023,"10","Sant Martí","65","el Clot","033","Turismes",342.86
2023,"10","Sant Martí","65","el Clot","033","Motos",112
2023,"10","Sant Martí","65","el Clot","033","Ciclomotors",20.57
2023,"10","Sant Martí","65","el Clot","033","Furgonetes",10.29
2023,"10","Sant Martí","65","el Clot","033","Camions",3.43
2023,"10","Sant Martí","65","el Clot","033","Resta de vehicles",8
2023,"10","Sant Martí","65","el Clot","034","Turismes",325.68
2023,"10","Sant Martí","65","el Clot","034","Motos",108.16
2023,"10","Sant Martí","65","el Clot","034","Ciclomotors",16.31
2023,"10","Sant Martí","65","el Clot","034","Furgonetes",15.11
2023,"10","Sant Martí","65","el Clot","034","Camions",5.44
2023,"10","Sant Martí","65","el Clot","034","Resta de vehicles",4.23
2023,"10","Sant Martí","65","el Clot","035","Turismes",325.21
2023,"10","Sant Martí","65","el Clot","035","Motos",131.74
2023,"10","Sant Martí","65","el Clot","035","Ciclomotors",13.49
2023,"10","Sant Martí","65","el Clot","035","Furgonetes",14.52
2023,"10","Sant Martí","65","el Clot","035","Camions",4.15
2023,"10","Sant Martí","65","el Clot","035","Resta de vehicles",5.71
2023,"10","Sant Martí","65","el Clot","036","Turismes",320.98
2023,"10","Sant Martí","65","el Clot","036","Motos",146.15
2023,"10","Sant Martí","65","el Clot","036","Ciclomotors",20.98
2023,"10","Sant Martí","65","el Clot","036","Furgonetes",17.48
2023,"10","Sant Martí","65","el Clot","036","Camions",4.2
2023,"10","Sant Martí","65","el Clot","036","Resta de vehicles",4.2
2023,"10","Sant Martí","65","el Clot","037","Turismes",204.85
2023,"10","Sant Martí","65","el Clot","037","Motos",109.71
2023,"10","Sant Martí","65","el Clot","037","Ciclomotors",12.62
2023,"10","Sant Martí","65","el Clot","037","Furgonetes",29.13
2023,"10","Sant Martí","65","el Clot","037","Camions",10.68
2023,"10","Sant Martí","65","el Clot","037","Resta de vehicles",3.88
2023,"10","Sant Martí","65","el Clot","038","Turismes",276.84
2023,"10","Sant Martí","65","el Clot","038","Motos",95.3
2023,"10","Sant Martí","65","el Clot","038","Ciclomotors",18.7
2023,"10","Sant Martí","65","el Clot","038","Furgonetes",22.32
2023,"10","Sant Martí","65","el Clot","038","Camions",6.63
2023,"10","Sant Martí","65","el Clot","038","Resta de vehicles",9.05
2023,"10","Sant Martí","65","el Clot","039","Turismes",261.8
2023,"10","Sant Martí","65","el Clot","039","Motos",96.6
2023,"10","Sant Martí","65","el Clot","039","Ciclomotors",21.41
2023,"10","Sant Martí","65","el Clot","039","Furgonetes",24.15
2023,"10","Sant Martí","65","el Clot","039","Camions",8.78
2023,"10","Sant Martí","65","el Clot","039","Resta de vehicles",4.39
2023,"10","Sant Martí","65","el Clot","040","Turismes",231.87
2023,"10","Sant Martí","65","el Clot","040","Motos",112.09
2023,"10","Sant Martí","65","el Clot","040","Ciclomotors",28.57
2023,"10","Sant Martí","65","el Clot","040","Furgonetes",21.98
2023,"10","Sant Martí","65","el Clot","040","Camions",6.59
2023,"10","Sant Martí","65","el Clot","040","Resta de vehicles",4.4
2023,"10","Sant Martí","65","el Clot","041","Turismes",261.88
2023,"10","Sant Martí","65","el Clot","041","Motos",133.75
2023,"10","Sant Martí","65","el Clot","041","Ciclomotors",22.5
2023,"10","Sant Martí","65","el Clot","041","Furgonetes",21.88
2023,"10","Sant Martí","65","el Clot","041","Camions",6.25
2023,"10","Sant Martí","65","el Clot","041","Resta de vehicles",7.5
2023,"10","Sant Martí","65","el Clot","234","Turismes",284.73
2023,"10","Sant Martí","65","el Clot","234","Motos",114.24
2023,"10","Sant Martí","65","el Clot","234","Ciclomotors",22.39
2023,"10","Sant Martí","65","el Clot","234","Furgonetes",18.37
2023,"10","Sant Martí","65","el Clot","234","Camions",4.59
2023,"10","Sant Martí","65","el Clot","234","Resta de vehicles",5.17
2023,"10","Sant Martí","66","el Parc i la Llacuna del Poblenou","042","Turismes",262.34
2023,"10","Sant Martí","66","el Parc i la Llacuna del Poblenou","042","Motos",93.78
2023,"10","Sant Martí","66","el Parc i la Llacuna del Poblenou","042","Ciclomotors",10.22
2023,"10","Sant Martí","66","el Parc i la Llacuna del Poblenou","042","Furgonetes",45.57
2023,"10","Sant Martí","66","el Parc i la Llacuna del Poblenou","042","Camions",25.71
2023,"10","Sant Martí","66","el Parc i la Llacuna del Poblenou","042","Resta de vehicles",9.06
2023,"10","Sant Martí","66","el Parc i la Llacuna del Poblenou","043","Turismes",308.44
2023,"10","Sant Martí","66","el Parc i la Llacuna del Poblenou","043","Motos",153.68
2023,"10","Sant Martí","66","el Parc i la Llacuna del Poblenou","043","Ciclomotors",31.96
2023,"10","Sant Martí","66","el Parc i la Llacuna del Poblenou","043","Furgonetes",94.79
2023,"10","Sant Martí","66","el Parc i la Llacuna del Poblenou","043","Camions",30.52
2023,"10","Sant Martí","66","el Parc i la Llacuna del Poblenou","043","Resta de vehicles",15.8
2023,"10","Sant Martí","66","el Parc i la Llacuna del Poblenou","044","Turismes",297.33
2023,"10","Sant Martí","66","el Parc i la Llacuna del Poblenou","044","Motos",115.63
2023,"10","Sant Martí","66","el Parc i la Llacuna del Poblenou","044","Ciclomotors",17.15
2023,"10","Sant Martí","66","el Parc i la Llacuna del Poblenou","044","Furgonetes",31.77
2023,"10","Sant Martí","66","el Parc i la Llacuna del Poblenou","044","Camions",4.45
2023,"10","Sant Martí","66","el Parc i la Llacuna del Poblenou","044","Resta de vehicles",7.62
2023,"10","Sant Martí","66","el Parc i la Llacuna del Poblenou","045","Turismes",283.69
2023,"10","Sant Martí","66","el Parc i la Llacuna del Poblenou","045","Motos",141.84
2023,"10","Sant Martí","66","el Parc i la Llacuna del Poblenou","045","Ciclomotors",1081.95
2023,"10","Sant Martí","66","el Parc i la Llacuna del Poblenou","045","Furgonetes",26.79
2023,"10","Sant Martí","66","el Parc i la Llacuna del Poblenou","045","Camions",1.58
2023,"10","Sant Martí","66","el Parc i la Llacuna del Poblenou","045","Resta de vehicles",7.09
2023,"10","Sant Martí","66","el Parc i la Llacuna del Poblenou","046","Turismes",295.6
2023,"10","Sant Martí","66","el Parc i la Llacuna del Poblenou","046","Motos",142.51
2023,"10","Sant Martí","66","el Parc i la Llacuna del Poblenou","046","Ciclomotors",16.29
2023,"10","Sant Martí","66","el Parc i la Llacuna del Poblenou","046","Furgonetes",17.1
2023,"10","Sant Martí","66","el Parc i la Llacuna del Poblenou","046","Camions",7.33
2023,"10","Sant Martí","66","el Parc i la Llacuna del Poblenou","046","Resta de vehicles",15.47
2023,"10","Sant Martí","66","el Parc i la Llacuna del Poblenou","047","Turismes",259.59
2023,"10","Sant Martí","66","el Parc i la Llacuna del Poblenou","047","Motos",125.07
2023,"10","Sant Martí","66","el Parc i la Llacuna del Poblenou","047","Ciclomotors",24.78
2023,"10","Sant Martí","66","el Parc i la Llacuna del Poblenou","047","Furgonetes",20.65
2023,"10","Sant Martí","66","el Parc i la Llacuna del Poblenou","047","Camions",21.24
2023,"10","Sant Martí","66","el Parc i la Llacuna del Poblenou","047","Resta de vehicles",17.7
2023,"10","Sant Martí","66","el Parc i la Llacuna del Poblenou","048","Turismes",267.44
2023,"10","Sant Martí","66","el Parc i la Llacuna del Poblenou","048","Motos",156.67
2023,"10","Sant Martí","66","el Parc i la Llacuna del Poblenou","048","Ciclomotors",31.82
2023,"10","Sant Martí","66","el Parc i la Llacuna del Poblenou","048","Furgonetes",20.81
2023,"10","Sant Martí","66","el Parc i la Llacuna del Poblenou","048","Camions",5.51
2023,"10","Sant Martí","66","el Parc i la Llacuna del Poblenou","048","Resta de vehicles",9.79
2023,"10","Sant Martí","66","el Parc i la Llacuna del Poblenou","049","Turismes",300.56
2023,"10","Sant Martí","66","el Parc i la Llacuna del Poblenou","049","Motos",121.33
2023,"10","Sant Martí","66","el Parc i la Llacuna del Poblenou","049","Ciclomotors",20.62
2023,"10","Sant Martí","66","el Parc i la Llacuna del Poblenou","049","Furgonetes",16.65
2023,"10","Sant Martí","66","el Parc i la Llacuna del Poblenou","049","Camions",7.14
2023,"10","Sant Martí","66","el Parc i la Llacuna del Poblenou","049","Resta de vehicles",9.52
2023,"10","Sant Martí","66","el Parc i la Llacuna del Poblenou","050","Turismes",301.81
2023,"10","Sant Martí","66","el Parc i la Llacuna del Poblenou","050","Motos",139.25
2023,"10","Sant Martí","66","el Parc i la Llacuna del Poblenou","050","Ciclomotors",24.61
2023,"10","Sant Martí","66","el Parc i la Llacuna del Poblenou","050","Furgonetes",26.55
2023,"10","Sant Martí","66","el Parc i la Llacuna del Poblenou","050","Camions",11.66
2023,"10","Sant Martí","66","el Parc i la Llacuna del Poblenou","050","Resta de vehicles",9.72
2023,"10","Sant Martí","67","la Vila Olímpica del Poblenou","051","Turismes",296.27
2023,"10","Sant Martí","67","la Vila Olímpica del Poblenou","051","Motos",125.6
2023,"10","Sant Martí","67","la Vila Olímpica del Poblenou","051","Ciclomotors",18.63
2023,"10","Sant Martí","67","la Vila Olímpica del Poblenou","051","Furgonetes",12.02
2023,"10","Sant Martí","67","la Vila Olímpica del Poblenou","051","Camions",4.81
2023,"10","Sant Martí","67","la Vila Olímpica del Poblenou","051","Resta de vehicles",4.81
2023,"10","Sant Martí","67","la Vila Olímpica del Poblenou","052","Turismes",365.51
2023,"10","Sant Martí","67","la Vila Olímpica del Poblenou","052","Motos",173.73
2023,"10","Sant Martí","67","la Vila Olímpica del Poblenou","052","Ciclomotors",16.79
2023,"10","Sant Martí","67","la Vila Olímpica del Poblenou","052","Furgonetes",30.63
2023,"10","Sant Martí","67","la Vila Olímpica del Poblenou","052","Camions",6.71
2023,"10","Sant Martí","67","la Vila Olímpica del Poblenou","052","Resta de vehicles",7.13
2023,"10","Sant Martí","67","la Vila Olímpica del Poblenou","053","Turismes",400.35
2023,"10","Sant Martí","67","la Vila Olímpica del Poblenou","053","Motos",170.57
2023,"10","Sant Martí","67","la Vila Olímpica del Poblenou","053","Ciclomotors",25.79
2023,"10","Sant Martí","67","la Vila Olímpica del Poblenou","053","Furgonetes",25.21
2023,"10","Sant Martí","67","la Vila Olímpica del Poblenou","053","Camions",8.79
2023,"10","Sant Martí","67","la Vila Olímpica del Poblenou","053","Resta de vehicles",15.83
2023,"10","Sant Martí","67","la Vila Olímpica del Poblenou","054","Turismes",360.2
2023,"10","Sant Martí","67","la Vila Olímpica del Poblenou","054","Motos",159.18
2023,"10","Sant Martí","67","la Vila Olímpica del Poblenou","054","Ciclomotors",16.33
2023,"10","Sant Martí","67","la Vila Olímpica del Poblenou","054","Furgonetes",14.29
2023,"10","Sant Martí","67","la Vila Olímpica del Poblenou","054","Camions",24.49
2023,"10","Sant Martí","67","la Vila Olímpica del Poblenou","054","Resta de vehicles",15.31
2023,"10","Sant Martí","67","la Vila Olímpica del Poblenou","055","Turismes",424.18
2023,"10","Sant Martí","67","la Vila Olímpica del Poblenou","055","Motos",182.73
2023,"10","Sant Martí","67","la Vila Olímpica del Poblenou","055","Ciclomotors",16.89
2023,"10","Sant Martí","67","la Vila Olímpica del Poblenou","055","Furgonetes",21.88
2023,"10","Sant Martí","67","la Vila Olímpica del Poblenou","055","Camions",4.61
2023,"10","Sant Martí","67","la Vila Olímpica del Poblenou","055","Resta de vehicles",8.45
2023,"10","Sant Martí","68","el Poblenou","056","Turismes",308.62
2023,"10","Sant Martí","68","el Poblenou","056","Motos",131.8
2023,"10","Sant Martí","68","el Poblenou","056","Ciclomotors",140.03
2023,"10","Sant Martí","68","el Poblenou","056","Furgonetes",68.64
2023,"10","Sant Martí","68","el Poblenou","056","Camions",29.65
2023,"10","Sant Martí","68","el Poblenou","056","Resta de vehicles",15.38
2023,"10","Sant Martí","68","el Poblenou","057","Turismes",324.84
2023,"10","Sant Martí","68","el Poblenou","057","Motos",133.05
2023,"10","Sant Martí","68","el Poblenou","057","Ciclomotors",16.28
2023,"10","Sant Martí","68","el Poblenou","057","Furgonetes",58.74
2023,"10","Sant Martí","68","el Poblenou","057","Camions",31.14
2023,"10","Sant Martí","68","el Poblenou","057","Resta de vehicles",7.78
2023,"10","Sant Martí","68","el Poblenou","058","Turismes",327.09
2023,"10","Sant Martí","68","el Poblenou","058","Motos",139.04
2023,"10","Sant Martí","68","el Poblenou","058","Ciclomotors",432.26
2023,"10","Sant Martí","68","el Poblenou","058","Furgonetes",40.11
2023,"10","Sant Martí","68","el Poblenou","058","Camions",10.7
2023,"10","Sant Martí","68","el Poblenou","058","Resta de vehicles",10.7
2023,"10","Sant Martí","68","el Poblenou","059","Turismes",288.1
2023,"10","Sant Martí","68","el Poblenou","059","Motos",113.46
2023,"10","Sant Martí","68","el Poblenou","059","Ciclomotors",16.13
2023,"10","Sant Martí","68","el Poblenou","059","Furgonetes",23.92
2023,"10","Sant Martí","68","el Poblenou","059","Camions",9.45
2023,"10","Sant Martí","68","el Poblenou","059","Resta de vehicles",11.12
2023,"10","Sant Martí","68","el Poblenou","060","Turismes",231.72
2023,"10","Sant Martí","68","el Poblenou","060","Motos",146.82
2023,"10","Sant Martí","68","el Poblenou","060","Ciclomotors",20.64
2023,"10","Sant Martí","68","el Poblenou","060","Furgonetes",21.23
2023,"10","Sant Martí","68","el Poblenou","060","Camions",5.9
2023,"10","Sant Martí","68","el Poblenou","060","Resta de vehicles",8.25
2023,"10","Sant Martí","68","el Poblenou","061","Turismes",329.75
2023,"10","Sant Martí","68","el Poblenou","061","Motos",140.51
2023,"10","Sant Martí","68","el Poblenou","061","Ciclomotors",22.66
2023,"10","Sant Martí","68","el Poblenou","061","Furgonetes",17.56
2023,"10","Sant Martí","68","el Poblenou","061","Camions",6.8
2023,"10","Sant Martí","68","el Poblenou","061","Resta de vehicles",10.2
2023,"10","Sant Martí","68","el Poblenou","062","Turismes",306.73
2023,"10","Sant Martí","68","el Poblenou","062","Motos",136.54
2023,"10","Sant Martí","68","el Poblenou","062","Ciclomotors",10.55
2023,"10","Sant Martí","68","el Poblenou","062","Furgonetes",13.19
2023,"10","Sant Martí","68","el Poblenou","062","Camions",3.96
2023,"10","Sant Martí","68","el Poblenou","062","Resta de vehicles",4.62
2023,"10","Sant Martí","68","el Poblenou","063","Turismes",303.6
2023,"10","Sant Martí","68","el Poblenou","063","Motos",103.93
2023,"10","Sant Martí","68","el Poblenou","063","Ciclomotors",23.73
2023,"10","Sant Martí","68","el Poblenou","063","Furgonetes",22.09
2023,"10","Sant Martí","68","el Poblenou","063","Camions",3.27
2023,"10","Sant Martí","68","el Poblenou","063","Resta de vehicles",9.82
2023,"10","Sant Martí","68","el Poblenou","064","Turismes",286.06
2023,"10","Sant Martí","68","el Poblenou","064","Motos",110.64
2023,"10","Sant Martí","68","el Poblenou","064","Ciclomotors",21.39
2023,"10","Sant Martí","68","el Poblenou","064","Furgonetes",20.78
2023,"10","Sant Martí","68","el Poblenou","064","Camions",7.33
2023,"10","Sant Martí","68","el Poblenou","064","Resta de vehicles",11.61
2023,"10","Sant Martí","68","el Poblenou","065","Turismes",271.69
2023,"10","Sant Martí","68","el Poblenou","065","Motos",105.76
2023,"10","Sant Martí","68","el Poblenou","065","Ciclomotors",24.07
2023,"10","Sant Martí","68","el Poblenou","065","Furgonetes",16.47
2023,"10","Sant Martí","68","el Poblenou","065","Camions",3.17
2023,"10","Sant Martí","68","el Poblenou","065","Resta de vehicles",5.07
2023,"10","Sant Martí","68","el Poblenou","066","Turismes",268.81
2023,"10","Sant Martí","68","el Poblenou","066","Motos",125.06
2023,"10","Sant Martí","68","el Poblenou","066","Ciclomotors",20.12
2023,"10","Sant Martí","68","el Poblenou","066","Furgonetes",21.56
2023,"10","Sant Martí","68","el Poblenou","066","Camions",2.87
2023,"10","Sant Martí","68","el Poblenou","066","Resta de vehicles",13.9
2023,"10","Sant Martí","68","el Poblenou","067","Turismes",274.19
2023,"10","Sant Martí","68","el Poblenou","067","Motos",119.67
2023,"10","Sant Martí","68","el Poblenou","067","Ciclomotors",8.84
2023,"10","Sant Martí","68","el Poblenou","067","Furgonetes",6.76
2023,"10","Sant Martí","68","el Poblenou","067","Camions",1.56
2023,"10","Sant Martí","68","el Poblenou","067","Resta de vehicles",5.2
2023,"10","Sant Martí","68","el Poblenou","068","Turismes",287.04
2023,"10","Sant Martí","68","el Poblenou","068","Motos",123.99
2023,"10","Sant Martí","68","el Poblenou","068","Ciclomotors",11.16
2023,"10","Sant Martí","68","el Poblenou","068","Furgonetes",13.64
2023,"10","Sant Martí","68","el Poblenou","068","Camions",2.48
2023,"10","Sant Martí","68","el Poblenou","068","Resta de vehicles",7.44
2023,"10","Sant Martí","68","el Poblenou","069","Turismes",222.82
2023,"10","Sant Martí","68","el Poblenou","069","Motos",89.27
2023,"10","Sant Martí","68","el Poblenou","069","Ciclomotors",11.16
2023,"10","Sant Martí","68","el Poblenou","069","Furgonetes",14.4
2023,"10","Sant Martí","68","el Poblenou","069","Camions",2.52
2023,"10","Sant Martí","68","el Poblenou","069","Resta de vehicles",5.76
2023,"10","Sant Martí","68","el Poblenou","070","Turismes",276.07
2023,"10","Sant Martí","68","el Poblenou","070","Motos",106.75
2023,"10","Sant Martí","68","el Poblenou","070","Ciclomotors",20.25
2023,"10","Sant Martí","68","el Poblenou","070","Furgonetes",18.4
2023,"10","Sant Martí","68","el Poblenou","070","Camions",3.07
2023,"10","Sant Martí","68","el Poblenou","070","Resta de vehicles",3.68
2023,"10","Sant Martí","68","el Poblenou","071","Turismes",329.95
2023,"10","Sant Martí","68","el Poblenou","071","Motos",135.7
2023,"10","Sant Martí","68","el Poblenou","071","Ciclomotors",18.58
2023,"10","Sant Martí","68","el Poblenou","071","Furgonetes",22.52
2023,"10","Sant Martí","68","el Poblenou","071","Camions",3.94
2023,"10","Sant Martí","68","el Poblenou","071","Resta de vehicles",8.45
2023,"10","Sant Martí","68","el Poblenou","072","Turismes",283.63
2023,"10","Sant Martí","68","el Poblenou","072","Motos",122.39
2023,"10","Sant Martí","68","el Poblenou","072","Ciclomotors",11.17
2023,"10","Sant Martí","68","el Poblenou","072","Furgonetes",16.03
2023,"10","Sant Martí","68","el Poblenou","072","Camions",5.34
2023,"10","Sant Martí","68","el Poblenou","072","Resta de vehicles",5.83
2023,"10","Sant Martí","68","el Poblenou","073","Turismes",306.05
2023,"10","Sant Martí","68","el Poblenou","073","Motos",105.23
2023,"10","Sant Martí","68","el Poblenou","073","Ciclomotors",14.44
2023,"10","Sant Martí","68","el Poblenou","073","Furgonetes",26.82
2023,"10","Sant Martí","68","el Poblenou","073","Camions",6.19
2023,"10","Sant Martí","68","el Poblenou","073","Resta de vehicles",3.44
2023,"10","Sant Martí","68","el Poblenou","074","Turismes",245.27
2023,"10","Sant Martí","68","el Poblenou","074","Motos",110.03
2023,"10","Sant Martí","68","el Poblenou","074","Ciclomotors",16.62
2023,"10","Sant Martí","68","el Poblenou","074","Furgonetes",23.5
2023,"10","Sant Martí","68","el Poblenou","074","Camions",12.03
2023,"10","Sant Martí","68","el Poblenou","074","Resta de vehicles",7.45
2023,"10","Sant Martí","68","el Poblenou","075","Turismes",285.06
2023,"10","Sant Martí","68","el Poblenou","075","Motos",111.92
2023,"10","Sant Martí","68","el Poblenou","075","Ciclomotors",13.82
2023,"10","Sant Martí","68","el Poblenou","075","Furgonetes",25.02
2023,"10","Sant Martí","68","el Poblenou","075","Camions",13.17
2023,"10","Sant Martí","68","el Poblenou","075","Resta de vehicles",9.87
2023,"10","Sant Martí","69","Diagonal Mar i el Front Marítim del Poblenou","076","Turismes",271.29
2023,"10","Sant Martí","69","Diagonal Mar i el Front Marítim del Poblenou","076","Motos",114.57
2023,"10","Sant Martí","69","Diagonal Mar i el Front Marítim del Poblenou","076","Ciclomotors",8.34
2023,"10","Sant Martí","69","Diagonal Mar i el Front Marítim del Poblenou","076","Furgonetes",20.63
2023,"10","Sant Martí","69","Diagonal Mar i el Front Marítim del Poblenou","076","Camions",4.39
2023,"10","Sant Martí","69","Diagonal Mar i el Front Marítim del Poblenou","076","Resta de vehicles",6.58
2023,"10","Sant Martí","69","Diagonal Mar i el Front Marítim del Poblenou","077","Turismes",331.67
2023,"10","Sant Martí","69","Diagonal Mar i el Front Marítim del Poblenou","077","Motos",124.03
2023,"10","Sant Martí","69","Diagonal Mar i el Front Marítim del Poblenou","077","Ciclomotors",13.29
2023,"10","Sant Martí","69","Diagonal Mar i el Front Marítim del Poblenou","077","Furgonetes",16.06
2023,"10","Sant Martí","69","Diagonal Mar i el Front Marítim del Poblenou","077","Camions",4.43
2023,"10","Sant Martí","69","Diagonal Mar i el Front Marítim del Poblenou","077","Resta de vehicles",9.41
2023,"10","Sant Martí","69","Diagonal Mar i el Front Marítim del Poblenou","078","Turismes",341.48
2023,"10","Sant Martí","69","Diagonal Mar i el Front Marítim del Poblenou","078","Motos",128.77
2023,"10","Sant Martí","69","Diagonal Mar i el Front Marítim del Poblenou","078","Ciclomotors",6.11
2023,"10","Sant Martí","69","Diagonal Mar i el Front Marítim del Poblenou","078","Furgonetes",15.48
2023,"10","Sant Martí","69","Diagonal Mar i el Front Marítim del Poblenou","078","Camions",4.89
2023,"10","Sant Martí","69","Diagonal Mar i el Front Marítim del Poblenou","078","Resta de vehicles",6.93
2023,"10","Sant Martí","69","Diagonal Mar i el Front Marítim del Poblenou","079","Turismes",319.09
2023,"10","Sant Martí","69","Diagonal Mar i el Front Marítim del Poblenou","079","Motos",123.54
2023,"10","Sant Martí","69","Diagonal Mar i el Front Marítim del Poblenou","079","Ciclomotors",16.39
2023,"10","Sant Martí","69","Diagonal Mar i el Front Marítim del Poblenou","079","Furgonetes",25.76
2023,"10","Sant Martí","69","Diagonal Mar i el Front Marítim del Poblenou","079","Camions",4.1
2023,"10","Sant Martí","69","Diagonal Mar i el Front Marítim del Poblenou","079","Resta de vehicles",8.2
2023,"10","Sant Martí","69","Diagonal Mar i el Front Marítim del Poblenou","080","Turismes",334.05
2023,"10","Sant Martí","69","Diagonal Mar i el Front Marítim del Poblenou","080","Motos",140.04
2023,"10","Sant Martí","69","Diagonal Mar i el Front Marítim del Poblenou","080","Ciclomotors",5.14
2023,"10","Sant Martí","69","Diagonal Mar i el Front Marítim del Poblenou","080","Furgonetes",15.42
2023,"10","Sant Martí","69","Diagonal Mar i el Front Marítim del Poblenou","080","Camions",14.56
2023,"10","Sant Martí","69","Diagonal Mar i el Front Marítim del Poblenou","080","Resta de vehicles",8.14
2023,"10","Sant Martí","69","Diagonal Mar i el Front Marítim del Poblenou","235","Turismes",284.51
2023,"10","Sant Martí","69","Diagonal Mar i el Front Marítim del Poblenou","235","Motos",86.66
2023,"10","Sant Martí","69","Diagonal Mar i el Front Marítim del Poblenou","235","Ciclomotors",15.34
2023,"10","Sant Martí","69","Diagonal Mar i el Front Marítim del Poblenou","235","Furgonetes",22.24
2023,"10","Sant Martí","69","Diagonal Mar i el Front Marítim del Poblenou","235","Camions",7.67
2023,"10","Sant Martí","69","Diagonal Mar i el Front Marítim del Poblenou","235","Resta de vehicles",6.9
2023,"10","Sant Martí","69","Diagonal Mar i el Front Marítim del Poblenou","236","Turismes",269.13
2023,"10","Sant Martí","69","Diagonal Mar i el Front Marítim del Poblenou","236","Motos",91.84
2023,"10","Sant Martí","69","Diagonal Mar i el Front Marítim del Poblenou","236","Ciclomotors",12.12
2023,"10","Sant Martí","69","Diagonal Mar i el Front Marítim del Poblenou","236","Furgonetes",21.68
2023,"10","Sant Martí","69","Diagonal Mar i el Front Marítim del Poblenou","236","Camions",3.83
2023,"10","Sant Martí","69","Diagonal Mar i el Front Marítim del Poblenou","236","Resta de vehicles",9.57
2023,"10","Sant Martí","70","el Besòs i el Maresme","081","Turismes",237.75
2023,"10","Sant Martí","70","el Besòs i el Maresme","081","Motos",77.42
2023,"10","Sant Martí","70","el Besòs i el Maresme","081","Ciclomotors",17.87
2023,"10","Sant Martí","70","el Besòs i el Maresme","081","Furgonetes",19.24
2023,"10","Sant Martí","70","el Besòs i el Maresme","081","Camions",4.12
2023,"10","Sant Martí","70","el Besòs i el Maresme","081","Resta de vehicles",2.75
2023,"10","Sant Martí","70","el Besòs i el Maresme","082","Turismes",236.79
2023,"10","Sant Martí","70","el Besòs i el Maresme","082","Motos",49.8
2023,"10","Sant Martí","70","el Besòs i el Maresme","082","Ciclomotors",18.8
2023,"10","Sant Martí","70","el Besòs i el Maresme","082","Furgonetes",20.83
2023,"10","Sant Martí","70","el Besòs i el Maresme","082","Camions",4.57
2023,"10","Sant Martí","70","el Besòs i el Maresme","082","Resta de vehicles",1.02
2023,"10","Sant Martí","70","el Besòs i el Maresme","083","Turismes",207.48
2023,"10","Sant Martí","70","el Besòs i el Maresme","083","Motos",45.6
2023,"10","Sant Martí","70","el Besòs i el Maresme","083","Ciclomotors",20.98
2023,"10","Sant Martí","70","el Besòs i el Maresme","083","Furgonetes",22.8
2023,"10","Sant Martí","70","el Besòs i el Maresme","083","Camions",10.94
2023,"10","Sant Martí","70","el Besòs i el Maresme","083","Resta de vehicles",2.28
2023,"10","Sant Martí","70","el Besòs i el Maresme","084","Turismes",239.76
2023,"10","Sant Martí","70","el Besòs i el Maresme","084","Motos",67.06
2023,"10","Sant Martí","70","el Besòs i el Maresme","084","Ciclomotors",16.62
2023,"10","Sant Martí","70","el Besòs i el Maresme","084","Furgonetes",20.77
2023,"10","Sant Martí","70","el Besòs i el Maresme","084","Camions",7.12
2023,"10","Sant Martí","70","el Besòs i el Maresme","084","Resta de vehicles",5.34
2023,"10","Sant Martí","70","el Besòs i el Maresme","085","Turismes",209.67
2023,"10","Sant Martí","70","el Besòs i el Maresme","085","Motos",57.44
2023,"10","Sant Martí","70","el Besòs i el Maresme","085","Ciclomotors",22.5
2023,"10","Sant Martí","70","el Besòs i el Maresme","085","Furgonetes",18.67
2023,"10","Sant Martí","70","el Besòs i el Maresme","085","Camions",4.31
2023,"10","Sant Martí","70","el Besòs i el Maresme","085","Resta de vehicles",2.39
2023,"10","Sant Martí","70","el Besòs i el Maresme","086","Turismes",226.56
2023,"10","Sant Martí","70","el Besòs i el Maresme","086","Motos",71.46
2023,"10","Sant Martí","70","el Besòs i el Maresme","086","Ciclomotors",22.81
2023,"10","Sant Martí","70","el Besòs i el Maresme","086","Furgonetes",26.36
2023,"10","Sant Martí","70","el Besòs i el Maresme","086","Camions",5.07
2023,"10","Sant Martí","70","el Besòs i el Maresme","086","Resta de vehicles",3.04
2023,"10","Sant Martí","70","el Besòs i el Maresme","087","Turismes",224.42
2023,"10","Sant Martí","70","el Besòs i el Maresme","087","Motos",74.99
2023,"10","Sant Martí","70","el Besòs i el Maresme","087","Ciclomotors",24.64
2023,"10","Sant Martí","70","el Besòs i el Maresme","087","Furgonetes",22.5
2023,"10","Sant Martí","70","el Besòs i el Maresme","087","Camions",5.89
2023,"10","Sant Martí","70","el Besòs i el Maresme","087","Resta de vehicles",3.21
2023,"10","Sant Martí","70","el Besòs i el Maresme","088","Turismes",293.58
2023,"10","Sant Martí","70","el Besòs i el Maresme","088","Motos",84.75
2023,"10","Sant Martí","70","el Besòs i el Maresme","088","Ciclomotors",22.4
2023,"10","Sant Martí","70","el Besòs i el Maresme","088","Furgonetes",16.95
2023,"10","Sant Martí","70","el Besòs i el Maresme","088","Camions",4.84
2023,"10","Sant Martí","70","el Besòs i el Maresme","088","Resta de vehicles",6.66
2023,"10","Sant Martí","70","el Besòs i el Maresme","089","Turismes",90.69
2023,"10","Sant Martí","70","el Besòs i el Maresme","089","Motos",26.8
2023,"10","Sant Martí","70","el Besòs i el Maresme","089","Ciclomotors",7.35
2023,"10","Sant Martí","70","el Besòs i el Maresme","089","Furgonetes",19.12
2023,"10","Sant Martí","70","el Besòs i el Maresme","089","Camions",10.62
2023,"10","Sant Martí","70","el Besòs i el Maresme","089","Resta de vehicles",6.05
2023,"10","Sant Martí","70","el Besòs i el Maresme","090","Turismes",259.48
2023,"10","Sant Martí","70","el Besòs i el Maresme","090","Motos",72.52
2023,"10","Sant Martí","70","el Besòs i el Maresme","090","Ciclomotors",24.62
2023,"10","Sant Martí","70","el Besòs i el Maresme","090","Furgonetes",21.96
2023,"10","Sant Martí","70","el Besòs i el Maresme","090","Camions",7.32
2023,"10","Sant Martí","70","el Besòs i el Maresme","090","Resta de vehicles",3.99
2023,"10","Sant Martí","70","el Besòs i el Maresme","091","Turismes",292.66
2023,"10","Sant Martí","70","el Besòs i el Maresme","091","Motos",87.59
2023,"10","Sant Martí","70","el Besòs i el Maresme","091","Ciclomotors",19.24
2023,"10","Sant Martí","70","el Besòs i el Maresme","091","Furgonetes",21.27
2023,"10","Sant Martí","70","el Besòs i el Maresme","091","Camions",6.58
2023,"10","Sant Martí","70","el Besòs i el Maresme","091","Resta de vehicles",5.57
2023,"10","Sant Martí","70","el Besòs i el Maresme","092","Turismes",354.73
2023,"10","Sant Martí","70","el Besòs i el Maresme","092","Motos",98.69
2023,"10","Sant Martí","70","el Besòs i el Maresme","092","Ciclomotors",15.18
2023,"10","Sant Martí","70","el Besòs i el Maresme","092","Furgonetes",20.7
2023,"10","Sant Martí","70","el Besòs i el Maresme","092","Camions",2.76
2023,"10","Sant Martí","70","el Besòs i el Maresme","092","Resta de vehicles",11.73
2023,"10","Sant Martí","70","el Besòs i el Maresme","093","Turismes",334.41
2023,"10","Sant Martí","70","el Besòs i el Maresme","093","Motos",97.98
2023,"10","Sant Martí","70","el Besòs i el Maresme","093","Ciclomotors",17.81
2023,"10","Sant Martí","70","el Besòs i el Maresme","093","Furgonetes",28.34
2023,"10","Sant Martí","70","el Besòs i el Maresme","093","Camions",10.53
2023,"10","Sant Martí","70","el Besòs i el Maresme","093","Resta de vehicles",8.1
2023,"10","Sant Martí","71","Provençals del Poblenou","094","Turismes",286.65
2023,"10","Sant Martí","71","Provençals del Poblenou","094","Motos",105.58
2023,"10","Sant Martí","71","Provençals del Poblenou","094","Ciclomotors",10.03
2023,"10","Sant Martí","71","Provençals del Poblenou","094","Furgonetes",48.87
2023,"10","Sant Martí","71","Provençals del Poblenou","094","Camions",18.8
2023,"10","Sant Martí","71","Provençals del Poblenou","094","Resta de vehicles",47.31
2023,"10","Sant Martí","71","Provençals del Poblenou","095","Turismes",276.13
2023,"10","Sant Martí","71","Provençals del Poblenou","095","Motos",92.3
2023,"10","Sant Martí","71","Provençals del Poblenou","095","Ciclomotors",16.02
2023,"10","Sant Martí","71","Provençals del Poblenou","095","Furgonetes",51.87
2023,"10","Sant Martí","71","Provençals del Poblenou","095","Camions",16.78
2023,"10","Sant Martí","71","Provençals del Poblenou","095","Resta de vehicles",21.36
2023,"10","Sant Martí","71","Provençals del Poblenou","096","Turismes",269.6
2023,"10","Sant Martí","71","Provençals del Poblenou","096","Motos",130.05
2023,"10","Sant Martí","71","Provençals del Poblenou","096","Ciclomotors",16.03
2023,"10","Sant Martí","71","Provençals del Poblenou","096","Furgonetes",8.31
2023,"10","Sant Martí","71","Provençals del Poblenou","096","Camions",6.53
2023,"10","Sant Martí","71","Provençals del Poblenou","096","Resta de vehicles",2.97
2023,"10","Sant Martí","71","Provençals del Poblenou","097","Turismes",280.71
2023,"10","Sant Martí","71","Provençals del Poblenou","097","Motos",107.57
2023,"10","Sant Martí","71","Provençals del Poblenou","097","Ciclomotors",15.91
2023,"10","Sant Martí","71","Provençals del Poblenou","097","Furgonetes",16.55
2023,"10","Sant Martí","71","Provençals del Poblenou","097","Camions",10.82
2023,"10","Sant Martí","71","Provençals del Poblenou","097","Resta de vehicles",12.73
2023,"10","Sant Martí","71","Provençals del Poblenou","098","Turismes",368.03
2023,"10","Sant Martí","71","Provençals del Poblenou","098","Motos",163.31
2023,"10","Sant Martí","71","Provençals del Poblenou","098","Ciclomotors",26.45
2023,"10","Sant Martí","71","Provençals del Poblenou","098","Furgonetes",16.1
2023,"10","Sant Martí","71","Provençals del Poblenou","098","Camions",2.3
2023,"10","Sant Martí","71","Provençals del Poblenou","098","Resta de vehicles",6.33
2023,"10","Sant Martí","71","Provençals del Poblenou","099","Turismes",237.49
2023,"10","Sant Martí","71","Provençals del Poblenou","099","Motos",81.89
2023,"10","Sant Martí","71","Provençals del Poblenou","099","Ciclomotors",21.84
2023,"10","Sant Martí","71","Provençals del Poblenou","099","Furgonetes",16.38
2023,"10","Sant Martí","71","Provençals del Poblenou","099","Camions",5.46
2023,"10","Sant Martí","71","Provençals del Poblenou","099","Resta de vehicles",5.46
2023,"10","Sant Martí","71","Provençals del Poblenou","100","Turismes",284.37
2023,"10","Sant Martí","71","Provençals del Poblenou","100","Motos",115.04
2023,"10","Sant Martí","71","Provençals del Poblenou","100","Ciclomotors",20.06
2023,"10","Sant Martí","71","Provençals del Poblenou","100","Furgonetes",28.32
2023,"10","Sant Martí","71","Provençals del Poblenou","100","Camions",6.49
2023,"10","Sant Martí","71","Provençals del Poblenou","100","Resta de vehicles",9.44
2023,"10","Sant Martí","71","Provençals del Poblenou","101","Turismes",346.73
2023,"10","Sant Martí","71","Provençals del Poblenou","101","Motos",114.81
2023,"10","Sant Martí","71","Provençals del Poblenou","101","Ciclomotors",21.81
2023,"10","Sant Martí","71","Provençals del Poblenou","101","Furgonetes",112.51
2023,"10","Sant Martí","71","Provençals del Poblenou","101","Camions",34.44
2023,"10","Sant Martí","71","Provençals del Poblenou","101","Resta de vehicles",133.75
2023,"10","Sant Martí","71","Provençals del Poblenou","102","Turismes",292.16
2023,"10","Sant Martí","71","Provençals del Poblenou","102","Motos",101.93
2023,"10","Sant Martí","71","Provençals del Poblenou","102","Ciclomotors",20.46
2023,"10","Sant Martí","71","Provençals del Poblenou","102","Furgonetes",17.81
2023,"10","Sant Martí","71","Provençals del Poblenou","102","Camions",3.03
2023,"10","Sant Martí","71","Provençals del Poblenou","102","Resta de vehicles",5.31
2023,"10","Sant Martí","71","Provençals del Poblenou","103","Turismes",341.72
2023,"10","Sant Martí","71","Provençals del Poblenou","103","Motos",117.48
2023,"10","Sant Martí","71","Provençals del Poblenou","103","Ciclomotors",15.85
2023,"10","Sant Martí","71","Provençals del Poblenou","103","Furgonetes",15.85
2023,"10","Sant Martí","71","Provençals del Poblenou","103","Camions",6.06
2023,"10","Sant Martí","71","Provençals del Poblenou","103","Resta de vehicles",5.13
2023,"10","Sant Martí","71","Provençals del Poblenou","104","Turismes",396.65
2023,"10","Sant Martí","71","Provençals del Poblenou","104","Motos",131.36
2023,"10","Sant Martí","71","Provençals del Poblenou","104","Ciclomotors",19.32
2023,"10","Sant Martí","71","Provençals del Poblenou","104","Furgonetes",7.73
2023,"10","Sant Martí","71","Provençals del Poblenou","104","Camions",3.86
2023,"10","Sant Martí","71","Provençals del Poblenou","104","Resta de vehicles",5.8
2023,"10","Sant Martí","71","Provençals del Poblenou","237","Turismes",341.09
2023,"10","Sant Martí","71","Provençals del Poblenou","237","Motos",116.28
2023,"10","Sant Martí","71","Provençals del Poblenou","237","Ciclomotors",22.15
2023,"10","Sant Martí","71","Provençals del Poblenou","237","Furgonetes",31.01
2023,"10","Sant Martí","71","Provençals del Poblenou","237","Camions",13.29
2023,"10","Sant Martí","71","Provençals del Poblenou","237","Resta de vehicles",8.86
2023,"10","Sant Martí","72","Sant Martí de Provençals","105","Turismes",345
2023,"10","Sant Martí","72","Sant Martí de Provençals","105","Motos",115.78
2023,"10","Sant Martí","72","Sant Martí de Provençals","105","Ciclomotors",20.07
2023,"10","Sant Martí","72","Sant Martí de Provençals","105","Furgonetes",13.07
2023,"10","Sant Martí","72","Sant Martí de Provençals","105","Camions",6.54
2023,"10","Sant Martí","72","Sant Martí de Provençals","105","Resta de vehicles",9.8
2023,"10","Sant Martí","72","Sant Martí de Provençals","106","Turismes",307.31
2023,"10","Sant Martí","72","Sant Martí de Provençals","106","Motos",138.14
2023,"10","Sant Martí","72","Sant Martí de Provençals","106","Ciclomotors",17.02
2023,"10","Sant Martí","72","Sant Martí de Provençals","106","Furgonetes",10.01
2023,"10","Sant Martí","72","Sant Martí de Provençals","106","Camions",7.01
2023,"10","Sant Martí","72","Sant Martí de Provençals","106","Resta de vehicles",3
2023,"10","Sant Martí","72","Sant Martí de Provençals","107","Turismes",339.8
2023,"10","Sant Martí","72","Sant Martí de Provençals","107","Motos",135.12
2023,"10","Sant Martí","72","Sant Martí de Provençals","107","Ciclomotors",12.04
2023,"10","Sant Martí","72","Sant Martí de Provençals","107","Furgonetes",19.4
2023,"10","Sant Martí","72","Sant Martí de Provençals","107","Camions",8.03
2023,"10","Sant Martí","72","Sant Martí de Provençals","107","Resta de vehicles",8.03
2023,"10","Sant Martí","72","Sant Martí de Provençals","108","Turismes",311.08
2023,"10","Sant Martí","72","Sant Martí de Provençals","108","Motos",97.88
2023,"10","Sant Martí","72","Sant Martí de Provençals","108","Ciclomotors",21.24
2023,"10","Sant Martí","72","Sant Martí de Provençals","108","Furgonetes",21.24
2023,"10","Sant Martí","72","Sant Martí de Provençals","108","Camions",4.55
2023,"10","Sant Martí","72","Sant Martí de Provençals","108","Resta de vehicles",5.31
2023,"10","Sant Martí","72","Sant Martí de Provençals","109","Turismes",252.6
2023,"10","Sant Martí","72","Sant Martí de Provençals","109","Motos",102.14
2023,"10","Sant Martí","72","Sant Martí de Provençals","109","Ciclomotors",14.07
2023,"10","Sant Martí","72","Sant Martí de Provençals","109","Furgonetes",18.96
2023,"10","Sant Martí","72","Sant Martí de Provençals","109","Resta de vehicles",4.89
2023,"10","Sant Martí","72","Sant Martí de Provençals","110","Turismes",225.09
2023,"10","Sant Martí","72","Sant Martí de Provençals","110","Motos",77.01
2023,"10","Sant Martí","72","Sant Martí de Provençals","110","Ciclomotors",18.85
2023,"10","Sant Martí","72","Sant Martí de Provençals","110","Furgonetes",14
2023,"10","Sant Martí","72","Sant Martí de Provençals","110","Camions",3.77
2023,"10","Sant Martí","72","Sant Martí de Provençals","110","Resta de vehicles",3.77
2023,"10","Sant Martí","72","Sant Martí de Provençals","111","Turismes",339.08
2023,"10","Sant Martí","72","Sant Martí de Provençals","111","Motos",120.6
2023,"10","Sant Martí","72","Sant Martí de Provençals","111","Ciclomotors",18.01
2023,"10","Sant Martí","72","Sant Martí de Provençals","111","Furgonetes",20.36
2023,"10","Sant Martí","72","Sant Martí de Provençals","111","Camions",5.48
2023,"10","Sant Martí","72","Sant Martí de Provençals","111","Resta de vehicles",3.13
2023,"10","Sant Martí","72","Sant Martí de Provençals","112","Turismes",356.86
2023,"10","Sant Martí","72","Sant Martí de Provençals","112","Motos",115.44
2023,"10","Sant Martí","72","Sant Martí de Provençals","112","Ciclomotors",11.87
2023,"10","Sant Martí","72","Sant Martí de Provençals","112","Furgonetes",23.75
2023,"10","Sant Martí","72","Sant Martí de Provençals","112","Camions",3.96
2023,"10","Sant Martí","72","Sant Martí de Provençals","112","Resta de vehicles",13.19
2023,"10","Sant Martí","72","Sant Martí de Provençals","113","Turismes",285.83
2023,"10","Sant Martí","72","Sant Martí de Provençals","113","Motos",103.1
2023,"10","Sant Martí","72","Sant Martí de Provençals","113","Ciclomotors",17.6
2023,"10","Sant Martí","72","Sant Martí de Provençals","113","Furgonetes",33.53
2023,"10","Sant Martí","72","Sant Martí de Provençals","113","Camions",4.19
2023,"10","Sant Martí","72","Sant Martí de Provençals","113","Resta de vehicles",6.71
2023,"10","Sant Martí","72","Sant Martí de Provençals","114","Turismes",226.95
2023,"10","Sant Martí","72","Sant Martí de Provençals","114","Motos",106.8
2023,"10","Sant Martí","72","Sant Martí de Provençals","114","Ciclomotors",18.44
2023,"10","Sant Martí","72","Sant Martí de Provençals","114","Furgonetes",29.24
2023,"10","Sant Martí","72","Sant Martí de Provençals","114","Camions",4.45
2023,"10","Sant Martí","72","Sant Martí de Provençals","114","Resta de vehicles",5.72
2023,"10","Sant Martí","72","Sant Martí de Provençals","115","Turismes",259.79
2023,"10","Sant Martí","72","Sant Martí de Provençals","115","Motos",96.8
2023,"10","Sant Martí","72","Sant Martí de Provençals","115","Ciclomotors",16.37
2023,"10","Sant Martí","72","Sant Martí de Provençals","115","Furgonetes",16.37
2023,"10","Sant Martí","72","Sant Martí de Provençals","115","Camions",1.42
2023,"10","Sant Martí","72","Sant Martí de Provençals","115","Resta de vehicles",4.98
2023,"10","Sant Martí","72","Sant Martí de Provençals","116","Turismes",268.35
2023,"10","Sant Martí","72","Sant Martí de Provençals","116","Motos",95.24
2023,"10","Sant Martí","72","Sant Martí de Provençals","116","Ciclomotors",21.85
2023,"10","Sant Martí","72","Sant Martí de Provençals","116","Furgonetes",17.37
2023,"10","Sant Martí","72","Sant Martí de Provençals","116","Camions",6.16
2023,"10","Sant Martí","72","Sant Martí de Provençals","116","Resta de vehicles",2.24
2023,"10","Sant Martí","72","Sant Martí de Provençals","117","Turismes",280.22
2023,"10","Sant Martí","72","Sant Martí de Provençals","117","Motos",104.88
2023,"10","Sant Martí","72","Sant Martí de Provençals","117","Ciclomotors",25.62
2023,"10","Sant Martí","72","Sant Martí de Provençals","117","Furgonetes",13.61
2023,"10","Sant Martí","72","Sant Martí de Provençals","117","Camions",19.22
2023,"10","Sant Martí","72","Sant Martí de Provençals","117","Resta de vehicles",36.03
2023,"10","Sant Martí","72","Sant Martí de Provençals","118","Turismes",358.43
2023,"10","Sant Martí","72","Sant Martí de Provençals","118","Motos",121.49
2023,"10","Sant Martí","72","Sant Martí de Provençals","118","Ciclomotors",17.07
2023,"10","Sant Martí","72","Sant Martí de Provençals","118","Furgonetes",18.07
2023,"10","Sant Martí","72","Sant Martí de Provençals","118","Camions",8.03
2023,"10","Sant Martí","72","Sant Martí de Provençals","118","Resta de vehicles",8.03
2023,"10","Sant Martí","72","Sant Martí de Provençals","119","Turismes",253.69
2023,"10","Sant Martí","72","Sant Martí de Provençals","119","Motos",85.14
2023,"10","Sant Martí","72","Sant Martí de Provençals","119","Ciclomotors",13.9
2023,"10","Sant Martí","72","Sant Martí de Provençals","119","Furgonetes",12.16
2023,"10","Sant Martí","72","Sant Martí de Provençals","119","Camions",2.61
2023,"10","Sant Martí","72","Sant Martí de Provençals","119","Resta de vehicles",3.48
2023,"10","Sant Martí","72","Sant Martí de Provençals","120","Turismes",254.88
2023,"10","Sant Martí","72","Sant Martí de Provençals","120","Motos",97.51
2023,"10","Sant Martí","72","Sant Martí de Provençals","120","Ciclomotors",20.85
2023,"10","Sant Martí","72","Sant Martí de Provençals","120","Furgonetes",25.55
2023,"10","Sant Martí","72","Sant Martí de Provençals","120","Camions",4.03
2023,"10","Sant Martí","72","Sant Martí de Provençals","120","Resta de vehicles",2.02
2023,"10","Sant Martí","72","Sant Martí de Provençals","121","Turismes",250.16
2023,"10","Sant Martí","72","Sant Martí de Provençals","121","Motos",95.21
2023,"10","Sant Martí","72","Sant Martí de Provençals","121","Ciclomotors",14.31
2023,"10","Sant Martí","72","Sant Martí de Provençals","121","Furgonetes",18.05
2023,"10","Sant Martí","72","Sant Martí de Provençals","121","Camions",4.36
2023,"10","Sant Martí","72","Sant Martí de Provençals","121","Resta de vehicles",5.6
2023,"10","Sant Martí","72","Sant Martí de Provençals","122","Turismes",332.21
2023,"10","Sant Martí","72","Sant Martí de Provençals","122","Motos",137.47
2023,"10","Sant Martí","72","Sant Martí de Provençals","122","Ciclomotors",25.61
2023,"10","Sant Martí","72","Sant Martí de Provençals","122","Furgonetes",20.22
2023,"10","Sant Martí","72","Sant Martí de Provençals","122","Camions",4.72
2023,"10","Sant Martí","72","Sant Martí de Provençals","122","Resta de vehicles",7.41
2023,"10","Sant Martí","73","la Verneda i la Pau","123","Turismes",326.55
2023,"10","Sant Martí","73","la Verneda i la Pau","123","Motos",101.06
2023,"10","Sant Martí","73","la Verneda i la Pau","123","Ciclomotors",22.62
2023,"10","Sant Martí","73","la Verneda i la Pau","123","Furgonetes",23.38
2023,"10","Sant Martí","73","la Verneda i la Pau","123","Camions",8.3
2023,"10","Sant Martí","73","la Verneda i la Pau","123","Resta de vehicles",8.3
2023,"10","Sant Martí","73","la Verneda i la Pau","124","Turismes",347.87
2023,"10","Sant Martí","73","la Verneda i la Pau","124","Motos",123.22
2023,"10","Sant Martí","73","la Verneda i la Pau","124","Ciclomotors",21.8
2023,"10","Sant Martí","73","la Verneda i la Pau","124","Furgonetes",15.17
2023,"10","Sant Martí","73","la Verneda i la Pau","124","Camions",0.95
2023,"10","Sant Martí","73","la Verneda i la Pau","124","Resta de vehicles",7.58
2023,"10","Sant Martí","73","la Verneda i la Pau","125","Turismes",308.11
2023,"10","Sant Martí","73","la Verneda i la Pau","125","Motos",102.1
2023,"10","Sant Martí","73","la Verneda i la Pau","125","Ciclomotors",18.23
2023,"10","Sant Martí","73","la Verneda i la Pau","125","Furgonetes",19.14
2023,"10","Sant Martí","73","la Verneda i la Pau","125","Camions",6.38
2023,"10","Sant Martí","73","la Verneda i la Pau","125","Resta de vehicles",0.91
2023,"10","Sant Martí","73","la Verneda i la Pau","126","Turismes",383.93
2023,"10","Sant Martí","73","la Verneda i la Pau","126","Motos",90.28
2023,"10","Sant Martí","73","la Verneda i la Pau","126","Ciclomotors",24.8
2023,"10","Sant Martí","73","la Verneda i la Pau","126","Furgonetes",23.81
2023,"10","Sant Martí","73","la Verneda i la Pau","126","Resta de vehicles",2.98
2023,"10","Sant Martí","73","la Verneda i la Pau","127","Turismes",304.52
2023,"10","Sant Martí","73","la Verneda i la Pau","127","Motos",107.07
2023,"10","Sant Martí","73","la Verneda i la Pau","127","Ciclomotors",15.72
2023,"10","Sant Martí","73","la Verneda i la Pau","127","Furgonetes",12.77
2023,"10","Sant Martí","73","la Verneda i la Pau","127","Camions",5.89
2023,"10","Sant Martí","73","la Verneda i la Pau","127","Resta de vehicles",4.91
2023,"10","Sant Martí","73","la Verneda i la Pau","128","Turismes",354.88
2023,"10","Sant Martí","73","la Verneda i la Pau","128","Motos",106.86
2023,"10","Sant Martí","73","la Verneda i la Pau","128","Ciclomotors",21.11
2023,"10","Sant Martí","73","la Verneda i la Pau","128","Furgonetes",15.17
2023,"10","Sant Martí","73","la Verneda i la Pau","128","Camions",3.96
2023,"10","Sant Martí","73","la Verneda i la Pau","128","Resta de vehicles",5.28
2023,"10","Sant Martí","73","la Verneda i la Pau","129","Turismes",411.24
2023,"10","Sant Martí","73","la Verneda i la Pau","129","Motos",114.18
2023,"10","Sant Martí","73","la Verneda i la Pau","129","Ciclomotors",22.3
2023,"10","Sant Martí","73","la Verneda i la Pau","129","Furgonetes",22.3
2023,"10","Sant Martí","73","la Verneda i la Pau","129","Camions",7.14
2023,"10","Sant Martí","73","la Verneda i la Pau","129","Resta de vehicles",8.92
2023,"10","Sant Martí","73","la Verneda i la Pau","130","Turismes",283.02
2023,"10","Sant Martí","73","la Verneda i la Pau","130","Motos",94.34
2023,"10","Sant Martí","73","la Verneda i la Pau","130","Ciclomotors",16.41
2023,"10","Sant Martí","73","la Verneda i la Pau","130","Furgonetes",16.41
2023,"10","Sant Martí","73","la Verneda i la Pau","130","Camions",6.56
2023,"10","Sant Martí","73","la Verneda i la Pau","130","Resta de vehicles",4.92
2023,"10","Sant Martí","73","la Verneda i la Pau","131","Turismes",393.58
2023,"10","Sant Martí","73","la Verneda i la Pau","131","Motos",112.84
2023,"10","Sant Martí","73","la Verneda i la Pau","131","Ciclomotors",22.94
2023,"10","Sant Martí","73","la Verneda i la Pau","131","Furgonetes",14.68
2023,"10","Sant Martí","73","la Verneda i la Pau","131","Camions",10.09
2023,"10","Sant Martí","73","la Verneda i la Pau","131","Resta de vehicles",3.67
2023,"10","Sant Martí","73","la Verneda i la Pau","132","Turismes",290.88
2023,"10","Sant Martí","73","la Verneda i la Pau","132","Motos",97.48
2023,"10","Sant Martí","73","la Verneda i la Pau","132","Ciclomotors",10.22
2023,"10","Sant Martí","73","la Verneda i la Pau","132","Furgonetes",20.44
2023,"10","Sant Martí","73","la Verneda i la Pau","132","Camions",9.43
2023,"10","Sant Martí","73","la Verneda i la Pau","132","Resta de vehicles",2.36
2023,"10","Sant Martí","73","la Verneda i la Pau","133","Turismes",295.29
2023,"10","Sant Martí","73","la Verneda i la Pau","133","Motos",94.26
2023,"10","Sant Martí","73","la Verneda i la Pau","133","Ciclomotors",18.74
2023,"10","Sant Martí","73","la Verneda i la Pau","133","Furgonetes",21.58
2023,"10","Sant Martí","73","la Verneda i la Pau","133","Camions",5.68
2023,"10","Sant Martí","73","la Verneda i la Pau","133","Resta de vehicles",4.54
2023,"10","Sant Martí","73","la Verneda i la Pau","134","Turismes",240.41
2023,"10","Sant Martí","73","la Verneda i la Pau","134","Motos",88.87
2023,"10","Sant Martí","73","la Verneda i la Pau","134","Ciclomotors",15.35
2023,"10","Sant Martí","73","la Verneda i la Pau","134","Furgonetes",22.38
2023,"10","Sant Martí","73","la Verneda i la Pau","134","Camions",2.56
2023,"10","Sant Martí","73","la Verneda i la Pau","134","Resta de vehicles",4.48
2023,"10","Sant Martí","73","la Verneda i la Pau","135","Turismes",361.6
2023,"10","Sant Martí","73","la Verneda i la Pau","135","Motos",116
2023,"10","Sant Martí","73","la Verneda i la Pau","135","Ciclomotors",20
2023,"10","Sant Martí","73","la Verneda i la Pau","135","Furgonetes",24.8
2023,"10","Sant Martí","73","la Verneda i la Pau","135","Camions",12.8
2023,"10","Sant Martí","73","la Verneda i la Pau","135","Resta de vehicles",12
2023,"10","Sant Martí","73","la Verneda i la Pau","136","Turismes",279.19
2023,"10","Sant Martí","73","la Verneda i la Pau","136","Motos",86.29
2023,"10","Sant Martí","73","la Verneda i la Pau","136","Ciclomotors",15.95
2023,"10","Sant Martí","73","la Verneda i la Pau","136","Furgonetes",16.68
2023,"10","Sant Martí","73","la Verneda i la Pau","136","Camions",3.63
2023,"10","Sant Martí","73","la Verneda i la Pau","136","Resta de vehicles",5.8
2023,"10","Sant Martí","73","la Verneda i la Pau","137","Turismes",354.25
2023,"10","Sant Martí","73","la Verneda i la Pau","137","Motos",109.63
2023,"10","Sant Martí","73","la Verneda i la Pau","137","Ciclomotors",35.49
2023,"10","Sant Martí","73","la Verneda i la Pau","137","Furgonetes",109.63
2023,"10","Sant Martí","73","la Verneda i la Pau","137","Camions",49.43
2023,"10","Sant Martí","73","la Verneda i la Pau","137","Resta de vehicles",24.08
2023,"10","Sant Martí","73","la Verneda i la Pau","138","Turismes",275.05
2023,"10","Sant Martí","73","la Verneda i la Pau","138","Motos",68.4
2023,"10","Sant Martí","73","la Verneda i la Pau","138","Ciclomotors",23.6
2023,"10","Sant Martí","73","la Verneda i la Pau","138","Furgonetes",21.68
2023,"10","Sant Martí","73","la Verneda i la Pau","138","Camions",8.19
2023,"10","Sant Martí","73","la Verneda i la Pau","138","Resta de vehicles",4.34
2023,"10","Sant Martí","73","la Verneda i la Pau","139","Turismes",250.73
2023,"10","Sant Martí","73","la Verneda i la Pau","139","Motos",71.47
2023,"10","Sant Martí","73","la Verneda i la Pau","139","Ciclomotors",20.5
2023,"10","Sant Martí","73","la Verneda i la Pau","139","Furgonetes",18.75
2023,"10","Sant Martí","73","la Verneda i la Pau","139","Camions",4.69
2023,"10","Sant Martí","73","la Verneda i la Pau","139","Resta de vehicles",2.93
2023,"10","Sant Martí","73","la Verneda i la Pau","140","Turismes",254.56
2023,"10","Sant Martí","73","la Verneda i la Pau","140","Motos",67.44
2023,"10","Sant Martí","73","la Verneda i la Pau","140","Ciclomotors",25.52
2023,"10","Sant Martí","73","la Verneda i la Pau","140","Furgonetes",9.72
2023,"10","Sant Martí","73","la Verneda i la Pau","140","Camions",3.04
2023,"10","Sant Martí","73","la Verneda i la Pau","140","Resta de vehicles",2.43
2023,"10","Sant Martí","73","la Verneda i la Pau","141","Turismes",256.14
2023,"10","Sant Martí","73","la Verneda i la Pau","141","Motos",94.74
2023,"10","Sant Martí","73","la Verneda i la Pau","141","Ciclomotors",18.42
2023,"10","Sant Martí","73","la Verneda i la Pau","141","Furgonetes",16.67
2023,"10","Sant Martí","73","la Verneda i la Pau","141","Camions",6.14
2023,"10","Sant Martí","73","la Verneda i la Pau","141","Resta de vehicles",5.26
2023,"10","Sant Martí","73","la Verneda i la Pau","142","Turismes",256
2023,"10","Sant Martí","73","la Verneda i la Pau","142","Motos",73.85
2023,"10","Sant Martí","73","la Verneda i la Pau","142","Ciclomotors",16.62
2023,"10","Sant Martí","73","la Verneda i la Pau","142","Furgonetes",17.23
2023,"10","Sant Martí","73","la Verneda i la Pau","142","Camions",4.92
2023,"10","Sant Martí","73","la Verneda i la Pau","142","Resta de vehicles",4.92
2023,"10","Sant Martí","73","la Verneda i la Pau","143","Turismes",279.69
2023,"10","Sant Martí","73","la Verneda i la Pau","143","Motos",84.91
2023,"10","Sant Martí","73","la Verneda i la Pau","143","Ciclomotors",28.3
2023,"10","Sant Martí","73","la Verneda i la Pau","143","Furgonetes",21.09
2023,"10","Sant Martí","73","la Verneda i la Pau","143","Camions",7.77
2023,"10","Sant Martí","73","la Verneda i la Pau","143","Resta de vehicles",3.33
