Data_Referencia,Codi_Districte,Nom_Districte,Codi_Barri,Nom_Barri,AEB,Seccio_Censal,Valor,NACIONALITAT_G,SEXE
2024-01-01,1,Ciutat Vella,1,el Raval,1,1001,334,1,1
2024-01-01,1,Ciutat Vella,1,el Raval,1,1001,374,1,2
2024-01-01,1,Ciutat Vella,1,el Raval,1,1001,62,2,1
2024-01-01,1,Ciutat Vella,1,el Raval,1,1001,74,2,2
2024-01-01,1,Ciutat Vella,1,el Raval,1,1001,231,3,1
2024-01-01,1,Ciutat Vella,1,el Raval,1,1001,233,3,2
2024-01-01,1,Ciutat Vella,1,el Raval,1,1001,..,4,1
2024-01-01,1,Ciutat Vella,1,el Raval,1,1002,268,1,1
2024-01-01,1,Ciutat Vella,1,el Raval,1,1002,249,1,2
2024-01-01,1,Ciutat Vella,1,el Raval,1,1002,98,2,1
2024-01-01,1,Ciutat Vella,1,el Raval,1,1002,94,2,2
2024-01-01,1,Ciutat Vella,1,el Raval,1,1002,258,3,1
2024-01-01,1,Ciutat Vella,1,el Raval,1,1002,314,3,2
2024-01-01,1,Ciutat Vella,1,el Raval,1,1002,..,4,1
2024-01-01,1,Ciutat Vella,1,el Raval,2,1003,921,1,1
2024-01-01,1,Ciutat Vella,1,el Raval,2,1003,994,1,2
2024-01-01,1,Ciutat Vella,1,el Raval,2,1003,123,2,1
2024-01-01,1,Ciutat Vella,1,el Raval,2,1003,122,2,2
2024-01-01,1,Ciutat Vella,1,el Raval,2,1003,618,3,1
2024-01-01,1,Ciutat Vella,1,el Raval,2,1003,721,3,2
2024-01-01,1,Ciutat Vella,1,el Raval,2,1003,..,4,1
2024-01-01,1,Ciutat Vella,1,el Raval,2,1004,738,1,1
2024-01-01,1,Ciutat Vella,1,el Raval,2,1004,767,1,2
2024-01-01,1,Ciutat Vella,1,el Raval,2,1004,147,2,1
2024-01-01,1,Ciutat Vella,1,el Raval,2,1004,195,2,2
2024-01-01,1,Ciutat Vella,1,el Raval,2,1004,508,3,1
2024-01-01,1,Ciutat Vella,1,el Raval,2,1004,641,3,2
2024-01-01,1,Ciutat Vella,1,el Raval,2,1004,..,4,1
2024-01-01,1,Ciutat Vella,1,el Raval,3,1005,624,1,1
2024-01-01,1,Ciutat Vella,1,el Raval,3,1005,579,1,2
2024-01-01,1,Ciutat Vella,1,el Raval,3,1005,154,2,1
2024-01-01,1,Ciutat Vella,1,el Raval,3,1005,135,2,2
2024-01-01,1,Ciutat Vella,1,el Raval,3,1005,331,3,1
2024-01-01,1,Ciutat Vella,1,el Raval,3,1005,503,3,2
2024-01-01,1,Ciutat Vella,1,el Raval,3,1006,338,1,1
2024-01-01,1,Ciutat Vella,1,el Raval,3,1006,370,1,2
2024-01-01,1,Ciutat Vella,1,el Raval,3,1006,121,2,1
2024-01-01,1,Ciutat Vella,1,el Raval,3,1006,115,2,2
2024-01-01,1,Ciutat Vella,1,el Raval,3,1006,281,3,1
2024-01-01,1,Ciutat Vella,1,el Raval,3,1006,391,3,2
2024-01-01,1,Ciutat Vella,1,el Raval,3,1006,..,4,1
2024-01-01,1,Ciutat Vella,1,el Raval,3,1007,399,1,1
2024-01-01,1,Ciutat Vella,1,el Raval,3,1007,497,1,2
2024-01-01,1,Ciutat Vella,1,el Raval,3,1007,96,2,1
2024-01-01,1,Ciutat Vella,1,el Raval,3,1007,94,2,2
2024-01-01,1,Ciutat Vella,1,el Raval,3,1007,337,3,1
2024-01-01,1,Ciutat Vella,1,el Raval,3,1007,580,3,2
2024-01-01,1,Ciutat Vella,1,el Raval,4,1008,646,1,1
2024-01-01,1,Ciutat Vella,1,el Raval,4,1008,774,1,2
2024-01-01,1,Ciutat Vella,1,el Raval,4,1008,87,2,1
2024-01-01,1,Ciutat Vella,1,el Raval,4,1008,146,2,2
2024-01-01,1,Ciutat Vella,1,el Raval,4,1008,629,3,1
2024-01-01,1,Ciutat Vella,1,el Raval,4,1008,920,3,2
2024-01-01,1,Ciutat Vella,1,el Raval,4,1008,..,4,1
2024-01-01,1,Ciutat Vella,1,el Raval,4,1009,510,1,1
2024-01-01,1,Ciutat Vella,1,el Raval,4,1009,539,1,2
2024-01-01,1,Ciutat Vella,1,el Raval,4,1009,85,2,1
2024-01-01,1,Ciutat Vella,1,el Raval,4,1009,100,2,2
2024-01-01,1,Ciutat Vella,1,el Raval,4,1009,401,3,1
2024-01-01,1,Ciutat Vella,1,el Raval,4,1009,481,3,2
2024-01-01,1,Ciutat Vella,1,el Raval,4,1009,..,4,2
2024-01-01,1,Ciutat Vella,1,el Raval,4,1010,517,1,1
2024-01-01,1,Ciutat Vella,1,el Raval,4,1010,567,1,2
2024-01-01,1,Ciutat Vella,1,el Raval,4,1010,83,2,1
2024-01-01,1,Ciutat Vella,1,el Raval,4,1010,98,2,2
2024-01-01,1,Ciutat Vella,1,el Raval,4,1010,512,3,1
2024-01-01,1,Ciutat Vella,1,el Raval,4,1010,670,3,2
2024-01-01,1,Ciutat Vella,1,el Raval,4,1010,..,4,1
2024-01-01,1,Ciutat Vella,1,el Raval,4,1010,..,4,2
2024-01-01,1,Ciutat Vella,1,el Raval,5,1011,632,1,1
2024-01-01,1,Ciutat Vella,1,el Raval,5,1011,737,1,2
2024-01-01,1,Ciutat Vella,1,el Raval,5,1011,137,2,1
2024-01-01,1,Ciutat Vella,1,el Raval,5,1011,134,2,2
2024-01-01,1,Ciutat Vella,1,el Raval,5,1011,665,3,1
2024-01-01,1,Ciutat Vella,1,el Raval,5,1011,785,3,2
2024-01-01,1,Ciutat Vella,1,el Raval,5,1011,..,4,1
2024-01-01,1,Ciutat Vella,1,el Raval,5,1012,495,1,1
2024-01-01,1,Ciutat Vella,1,el Raval,5,1012,476,1,2
2024-01-01,1,Ciutat Vella,1,el Raval,5,1012,97,2,1
2024-01-01,1,Ciutat Vella,1,el Raval,5,1012,103,2,2
2024-01-01,1,Ciutat Vella,1,el Raval,5,1012,346,3,1
2024-01-01,1,Ciutat Vella,1,el Raval,5,1012,395,3,2
2024-01-01,1,Ciutat Vella,1,el Raval,5,1012,..,4,1
2024-01-01,1,Ciutat Vella,1,el Raval,5,1012,..,4,2
2024-01-01,1,Ciutat Vella,1,el Raval,5,1013,425,1,1
2024-01-01,1,Ciutat Vella,1,el Raval,5,1013,388,1,2
2024-01-01,1,Ciutat Vella,1,el Raval,5,1013,52,2,1
2024-01-01,1,Ciutat Vella,1,el Raval,5,1013,56,2,2
2024-01-01,1,Ciutat Vella,1,el Raval,5,1013,252,3,1
2024-01-01,1,Ciutat Vella,1,el Raval,5,1013,297,3,2
2024-01-01,1,Ciutat Vella,1,el Raval,5,1013,..,4,2
2024-01-01,1,Ciutat Vella,1,el Raval,6,1014,465,1,1
2024-01-01,1,Ciutat Vella,1,el Raval,6,1014,463,1,2
2024-01-01,1,Ciutat Vella,1,el Raval,6,1014,71,2,1
2024-01-01,1,Ciutat Vella,1,el Raval,6,1014,74,2,2
2024-01-01,1,Ciutat Vella,1,el Raval,6,1014,303,3,1
2024-01-01,1,Ciutat Vella,1,el Raval,6,1014,410,3,2
2024-01-01,1,Ciutat Vella,1,el Raval,6,1015,539,1,1
2024-01-01,1,Ciutat Vella,1,el Raval,6,1015,525,1,2
2024-01-01,1,Ciutat Vella,1,el Raval,6,1015,101,2,1
2024-01-01,1,Ciutat Vella,1,el Raval,6,1015,107,2,2
2024-01-01,1,Ciutat Vella,1,el Raval,6,1015,555,3,1
2024-01-01,1,Ciutat Vella,1,el Raval,6,1015,505,3,2
2024-01-01,1,Ciutat Vella,1,el Raval,6,1015,..,4,1
2024-01-01,1,Ciutat Vella,1,el Raval,6,1015,..,4,2
2024-01-01,1,Ciutat Vella,1,el Raval,6,1016,523,1,1
2024-01-01,1,Ciutat Vella,1,el Raval,6,1016,461,1,2
2024-01-01,1,Ciutat Vella,1,el Raval,6,1016,90,2,1
2024-01-01,1,Ciutat Vella,1,el Raval,6,1016,89,2,2
2024-01-01,1,Ciutat Vella,1,el Raval,6,1016,465,3,1
2024-01-01,1,Ciutat Vella,1,el Raval,6,1016,461,3,2
2024-01-01,1,Ciutat Vella,1,el Raval,6,1017,552,1,1
2024-01-01,1,Ciutat Vella,1,el Raval,6,1017,542,1,2
2024-01-01,1,Ciutat Vella,1,el Raval,6,1017,110,2,1
2024-01-01,1,Ciutat Vella,1,el Raval,6,1017,96,2,2
2024-01-01,1,Ciutat Vella,1,el Raval,6,1017,588,3,1
2024-01-01,1,Ciutat Vella,1,el Raval,6,1017,635,3,2
2024-01-01,1,Ciutat Vella,1,el Raval,7,1018,424,1,1
2024-01-01,1,Ciutat Vella,1,el Raval,7,1018,415,1,2
2024-01-01,1,Ciutat Vella,1,el Raval,7,1018,80,2,1
2024-01-01,1,Ciutat Vella,1,el Raval,7,1018,70,2,2
2024-01-01,1,Ciutat Vella,1,el Raval,7,1018,263,3,1
2024-01-01,1,Ciutat Vella,1,el Raval,7,1018,297,3,2
2024-01-01,1,Ciutat Vella,1,el Raval,7,1018,..,4,1
2024-01-01,1,Ciutat Vella,1,el Raval,7,1019,596,1,1
2024-01-01,1,Ciutat Vella,1,el Raval,7,1019,650,1,2
2024-01-01,1,Ciutat Vella,1,el Raval,7,1019,153,2,1
2024-01-01,1,Ciutat Vella,1,el Raval,7,1019,198,2,2
2024-01-01,1,Ciutat Vella,1,el Raval,7,1019,554,3,1
2024-01-01,1,Ciutat Vella,1,el Raval,7,1019,675,3,2
2024-01-01,1,Ciutat Vella,1,el Raval,7,1019,..,4,1
2024-01-01,1,Ciutat Vella,1,el Raval,7,1020,635,1,1
2024-01-01,1,Ciutat Vella,1,el Raval,7,1020,555,1,2
2024-01-01,1,Ciutat Vella,1,el Raval,7,1020,211,2,1
2024-01-01,1,Ciutat Vella,1,el Raval,7,1020,216,2,2
2024-01-01,1,Ciutat Vella,1,el Raval,7,1020,324,3,1
2024-01-01,1,Ciutat Vella,1,el Raval,7,1020,383,3,2
2024-01-01,1,Ciutat Vella,1,el Raval,7,1020,..,4,2
2024-01-01,1,Ciutat Vella,1,el Raval,8,1021,619,1,1
2024-01-01,1,Ciutat Vella,1,el Raval,8,1021,512,1,2
2024-01-01,1,Ciutat Vella,1,el Raval,8,1021,170,2,1
2024-01-01,1,Ciutat Vella,1,el Raval,8,1021,196,2,2
2024-01-01,1,Ciutat Vella,1,el Raval,8,1021,325,3,1
2024-01-01,1,Ciutat Vella,1,el Raval,8,1021,397,3,2
2024-01-01,1,Ciutat Vella,2,el Barri Gòtic,9,1022,383,1,1
2024-01-01,1,Ciutat Vella,2,el Barri Gòtic,9,1022,324,1,2
2024-01-01,1,Ciutat Vella,2,el Barri Gòtic,9,1022,137,2,1
2024-01-01,1,Ciutat Vella,2,el Barri Gòtic,9,1022,145,2,2
2024-01-01,1,Ciutat Vella,2,el Barri Gòtic,9,1022,230,3,1
2024-01-01,1,Ciutat Vella,2,el Barri Gòtic,9,1022,528,3,2
2024-01-01,1,Ciutat Vella,2,el Barri Gòtic,9,1022,..,4,1
2024-01-01,1,Ciutat Vella,2,el Barri Gòtic,9,1022,..,4,2
2024-01-01,1,Ciutat Vella,2,el Barri Gòtic,9,1023,570,1,1
2024-01-01,1,Ciutat Vella,2,el Barri Gòtic,9,1023,495,1,2
2024-01-01,1,Ciutat Vella,2,el Barri Gòtic,9,1023,184,2,1
2024-01-01,1,Ciutat Vella,2,el Barri Gòtic,9,1023,186,2,2
2024-01-01,1,Ciutat Vella,2,el Barri Gòtic,9,1023,283,3,1
2024-01-01,1,Ciutat Vella,2,el Barri Gòtic,9,1023,321,3,2
2024-01-01,1,Ciutat Vella,2,el Barri Gòtic,9,1023,..,4,2
2024-01-01,1,Ciutat Vella,2,el Barri Gòtic,10,1025,317,1,1
2024-01-01,1,Ciutat Vella,2,el Barri Gòtic,10,1025,309,1,2
2024-01-01,1,Ciutat Vella,2,el Barri Gòtic,10,1025,164,2,1
2024-01-01,1,Ciutat Vella,2,el Barri Gòtic,10,1025,166,2,2
2024-01-01,1,Ciutat Vella,2,el Barri Gòtic,10,1025,209,3,1
2024-01-01,1,Ciutat Vella,2,el Barri Gòtic,10,1025,211,3,2
2024-01-01,1,Ciutat Vella,2,el Barri Gòtic,10,1025,..,4,2
2024-01-01,1,Ciutat Vella,2,el Barri Gòtic,10,1026,846,1,1
2024-01-01,1,Ciutat Vella,2,el Barri Gòtic,10,1026,1295,1,2
2024-01-01,1,Ciutat Vella,2,el Barri Gòtic,10,1026,260,2,1
2024-01-01,1,Ciutat Vella,2,el Barri Gòtic,10,1026,345,2,2
2024-01-01,1,Ciutat Vella,2,el Barri Gòtic,10,1026,1912,3,1
2024-01-01,1,Ciutat Vella,2,el Barri Gòtic,10,1026,8455,3,2
2024-01-01,1,Ciutat Vella,2,el Barri Gòtic,10,1026,..,4,1
2024-01-01,1,Ciutat Vella,2,el Barri Gòtic,10,1026,..,4,2
2024-01-01,1,Ciutat Vella,2,el Barri Gòtic,10,1027,391,1,1
2024-01-01,1,Ciutat Vella,2,el Barri Gòtic,10,1027,360,1,2
2024-01-01,1,Ciutat Vella,2,el Barri Gòtic,10,1027,157,2,1
2024-01-01,1,Ciutat Vella,2,el Barri Gòtic,10,1027,138,2,2
2024-01-01,1,Ciutat Vella,2,el Barri Gòtic,10,1027,214,3,1
2024-01-01,1,Ciutat Vella,2,el Barri Gòtic,10,1027,261,3,2
2024-01-01,1,Ciutat Vella,2,el Barri Gòtic,10,1027,..,4,2
2024-01-01,1,Ciutat Vella,2,el Barri Gòtic,11,1028,469,1,1
2024-01-01,1,Ciutat Vella,2,el Barri Gòtic,11,1028,419,1,2
2024-01-01,1,Ciutat Vella,2,el Barri Gòtic,11,1028,218,2,1
2024-01-01,1,Ciutat Vella,2,el Barri Gòtic,11,1028,205,2,2
2024-01-01,1,Ciutat Vella,2,el Barri Gòtic,11,1028,300,3,1
2024-01-01,1,Ciutat Vella,2,el Barri Gòtic,11,1028,328,3,2
2024-01-01,1,Ciutat Vella,2,el Barri Gòtic,11,1029,278,1,1
2024-01-01,1,Ciutat Vella,2,el Barri Gòtic,11,1029,278,1,2
2024-01-01,1,Ciutat Vella,2,el Barri Gòtic,11,1029,192,2,1
2024-01-01,1,Ciutat Vella,2,el Barri Gòtic,11,1029,159,2,2
2024-01-01,1,Ciutat Vella,2,el Barri Gòtic,11,1029,250,3,1
2024-01-01,1,Ciutat Vella,2,el Barri Gòtic,11,1029,292,3,2
2024-01-01,1,Ciutat Vella,2,el Barri Gòtic,12,1030,614,1,1
2024-01-01,1,Ciutat Vella,2,el Barri Gòtic,12,1030,606,1,2
2024-01-01,1,Ciutat Vella,2,el Barri Gòtic,12,1030,205,2,1
2024-01-01,1,Ciutat Vella,2,el Barri Gòtic,12,1030,233,2,2
2024-01-01,1,Ciutat Vella,2,el Barri Gòtic,12,1030,378,3,1
2024-01-01,1,Ciutat Vella,2,el Barri Gòtic,12,1030,448,3,2
2024-01-01,1,Ciutat Vella,2,el Barri Gòtic,12,1031,312,1,1
2024-01-01,1,Ciutat Vella,2,el Barri Gòtic,12,1031,346,1,2
2024-01-01,1,Ciutat Vella,2,el Barri Gòtic,12,1031,144,2,1
2024-01-01,1,Ciutat Vella,2,el Barri Gòtic,12,1031,164,2,2
2024-01-01,1,Ciutat Vella,2,el Barri Gòtic,12,1031,282,3,1
2024-01-01,1,Ciutat Vella,2,el Barri Gòtic,12,1031,298,3,2
2024-01-01,1,Ciutat Vella,2,el Barri Gòtic,12,1031,..,4,2
2024-01-01,1,Ciutat Vella,3,la Barceloneta,13,1032,473,1,1
2024-01-01,1,Ciutat Vella,3,la Barceloneta,13,1032,439,1,2
2024-01-01,1,Ciutat Vella,3,la Barceloneta,13,1032,175,2,1
2024-01-01,1,Ciutat Vella,3,la Barceloneta,13,1032,175,2,2
2024-01-01,1,Ciutat Vella,3,la Barceloneta,13,1032,231,3,1
2024-01-01,1,Ciutat Vella,3,la Barceloneta,13,1032,242,3,2
2024-01-01,1,Ciutat Vella,3,la Barceloneta,13,1033,277,1,1
2024-01-01,1,Ciutat Vella,3,la Barceloneta,13,1033,289,1,2
2024-01-01,1,Ciutat Vella,3,la Barceloneta,13,1033,112,2,1
2024-01-01,1,Ciutat Vella,3,la Barceloneta,13,1033,126,2,2
2024-01-01,1,Ciutat Vella,3,la Barceloneta,13,1033,121,3,1
2024-01-01,1,Ciutat Vella,3,la Barceloneta,13,1033,163,3,2
2024-01-01,1,Ciutat Vella,3,la Barceloneta,13,1034,249,1,1
2024-01-01,1,Ciutat Vella,3,la Barceloneta,13,1034,238,1,2
2024-01-01,1,Ciutat Vella,3,la Barceloneta,13,1034,129,2,1
2024-01-01,1,Ciutat Vella,3,la Barceloneta,13,1034,102,2,2
2024-01-01,1,Ciutat Vella,3,la Barceloneta,13,1034,112,3,1
2024-01-01,1,Ciutat Vella,3,la Barceloneta,13,1034,142,3,2
2024-01-01,1,Ciutat Vella,3,la Barceloneta,14,1035,328,1,1
2024-01-01,1,Ciutat Vella,3,la Barceloneta,14,1035,284,1,2
2024-01-01,1,Ciutat Vella,3,la Barceloneta,14,1035,126,2,1
2024-01-01,1,Ciutat Vella,3,la Barceloneta,14,1035,121,2,2
2024-01-01,1,Ciutat Vella,3,la Barceloneta,14,1035,165,3,1
2024-01-01,1,Ciutat Vella,3,la Barceloneta,14,1035,163,3,2
2024-01-01,1,Ciutat Vella,3,la Barceloneta,14,1036,445,1,1
2024-01-01,1,Ciutat Vella,3,la Barceloneta,14,1036,401,1,2
2024-01-01,1,Ciutat Vella,3,la Barceloneta,14,1036,66,2,1
2024-01-01,1,Ciutat Vella,3,la Barceloneta,14,1036,65,2,2
2024-01-01,1,Ciutat Vella,3,la Barceloneta,14,1036,118,3,1
2024-01-01,1,Ciutat Vella,3,la Barceloneta,14,1036,96,3,2
2024-01-01,1,Ciutat Vella,3,la Barceloneta,15,1037,454,1,1
2024-01-01,1,Ciutat Vella,3,la Barceloneta,15,1037,390,1,2
2024-01-01,1,Ciutat Vella,3,la Barceloneta,15,1037,99,2,1
2024-01-01,1,Ciutat Vella,3,la Barceloneta,15,1037,94,2,2
2024-01-01,1,Ciutat Vella,3,la Barceloneta,15,1037,129,3,1
2024-01-01,1,Ciutat Vella,3,la Barceloneta,15,1037,118,3,2
2024-01-01,1,Ciutat Vella,3,la Barceloneta,15,1038,350,1,1
2024-01-01,1,Ciutat Vella,3,la Barceloneta,15,1038,324,1,2
2024-01-01,1,Ciutat Vella,3,la Barceloneta,15,1038,178,2,1
2024-01-01,1,Ciutat Vella,3,la Barceloneta,15,1038,170,2,2
2024-01-01,1,Ciutat Vella,3,la Barceloneta,15,1038,201,3,1
2024-01-01,1,Ciutat Vella,3,la Barceloneta,15,1038,238,3,2
2024-01-01,1,Ciutat Vella,3,la Barceloneta,15,1039,400,1,1
2024-01-01,1,Ciutat Vella,3,la Barceloneta,15,1039,382,1,2
2024-01-01,1,Ciutat Vella,3,la Barceloneta,15,1039,106,2,1
2024-01-01,1,Ciutat Vella,3,la Barceloneta,15,1039,89,2,2
2024-01-01,1,Ciutat Vella,3,la Barceloneta,15,1039,135,3,1
2024-01-01,1,Ciutat Vella,3,la Barceloneta,15,1039,197,3,2
2024-01-01,1,Ciutat Vella,3,la Barceloneta,15,1039,..,4,1
2024-01-01,1,Ciutat Vella,3,la Barceloneta,15,1040,284,1,1
2024-01-01,1,Ciutat Vella,3,la Barceloneta,15,1040,272,1,2
2024-01-01,1,Ciutat Vella,3,la Barceloneta,15,1040,103,2,1
2024-01-01,1,Ciutat Vella,3,la Barceloneta,15,1040,113,2,2
2024-01-01,1,Ciutat Vella,3,la Barceloneta,15,1040,154,3,1
2024-01-01,1,Ciutat Vella,3,la Barceloneta,15,1040,154,3,2
2024-01-01,1,Ciutat Vella,3,la Barceloneta,15,1041,358,1,1
2024-01-01,1,Ciutat Vella,3,la Barceloneta,15,1041,321,1,2
2024-01-01,1,Ciutat Vella,3,la Barceloneta,15,1041,181,2,1
2024-01-01,1,Ciutat Vella,3,la Barceloneta,15,1041,161,2,2
2024-01-01,1,Ciutat Vella,3,la Barceloneta,15,1041,229,3,1
2024-01-01,1,Ciutat Vella,3,la Barceloneta,15,1041,225,3,2
2024-01-01,1,Ciutat Vella,3,la Barceloneta,15,1042,683,1,1
2024-01-01,1,Ciutat Vella,3,la Barceloneta,15,1042,606,1,2
2024-01-01,1,Ciutat Vella,3,la Barceloneta,15,1042,86,2,1
2024-01-01,1,Ciutat Vella,3,la Barceloneta,15,1042,98,2,2
2024-01-01,1,Ciutat Vella,3,la Barceloneta,15,1042,131,3,1
2024-01-01,1,Ciutat Vella,3,la Barceloneta,15,1042,139,3,2
2024-01-01,1,Ciutat Vella,4,"Sant Pere, Santa Caterina i la Ribera",16,1043,437,1,1
2024-01-01,1,Ciutat Vella,4,"Sant Pere, Santa Caterina i la Ribera",16,1043,459,1,2
2024-01-01,1,Ciutat Vella,4,"Sant Pere, Santa Caterina i la Ribera",16,1043,142,2,1
2024-01-01,1,Ciutat Vella,4,"Sant Pere, Santa Caterina i la Ribera",16,1043,155,2,2
2024-01-01,1,Ciutat Vella,4,"Sant Pere, Santa Caterina i la Ribera",16,1043,222,3,1
2024-01-01,1,Ciutat Vella,4,"Sant Pere, Santa Caterina i la Ribera",16,1043,222,3,2
2024-01-01,1,Ciutat Vella,4,"Sant Pere, Santa Caterina i la Ribera",16,1044,448,1,1
2024-01-01,1,Ciutat Vella,4,"Sant Pere, Santa Caterina i la Ribera",16,1044,368,1,2
2024-01-01,1,Ciutat Vella,4,"Sant Pere, Santa Caterina i la Ribera",16,1044,148,2,1
2024-01-01,1,Ciutat Vella,4,"Sant Pere, Santa Caterina i la Ribera",16,1044,137,2,2
2024-01-01,1,Ciutat Vella,4,"Sant Pere, Santa Caterina i la Ribera",16,1044,165,3,1
2024-01-01,1,Ciutat Vella,4,"Sant Pere, Santa Caterina i la Ribera",16,1044,196,3,2
2024-01-01,1,Ciutat Vella,4,"Sant Pere, Santa Caterina i la Ribera",16,1045,443,1,1
2024-01-01,1,Ciutat Vella,4,"Sant Pere, Santa Caterina i la Ribera",16,1045,458,1,2
2024-01-01,1,Ciutat Vella,4,"Sant Pere, Santa Caterina i la Ribera",16,1045,263,2,1
2024-01-01,1,Ciutat Vella,4,"Sant Pere, Santa Caterina i la Ribera",16,1045,248,2,2
2024-01-01,1,Ciutat Vella,4,"Sant Pere, Santa Caterina i la Ribera",16,1045,274,3,1
2024-01-01,1,Ciutat Vella,4,"Sant Pere, Santa Caterina i la Ribera",16,1045,285,3,2
2024-01-01,1,Ciutat Vella,4,"Sant Pere, Santa Caterina i la Ribera",16,1046,378,1,1
2024-01-01,1,Ciutat Vella,4,"Sant Pere, Santa Caterina i la Ribera",16,1046,403,1,2
2024-01-01,1,Ciutat Vella,4,"Sant Pere, Santa Caterina i la Ribera",16,1046,208,2,1
2024-01-01,1,Ciutat Vella,4,"Sant Pere, Santa Caterina i la Ribera",16,1046,234,2,2
2024-01-01,1,Ciutat Vella,4,"Sant Pere, Santa Caterina i la Ribera",16,1046,312,3,1
2024-01-01,1,Ciutat Vella,4,"Sant Pere, Santa Caterina i la Ribera",16,1046,325,3,2
2024-01-01,1,Ciutat Vella,4,"Sant Pere, Santa Caterina i la Ribera",17,1047,468,1,1
2024-01-01,1,Ciutat Vella,4,"Sant Pere, Santa Caterina i la Ribera",17,1047,402,1,2
2024-01-01,1,Ciutat Vella,4,"Sant Pere, Santa Caterina i la Ribera",17,1047,180,2,1
2024-01-01,1,Ciutat Vella,4,"Sant Pere, Santa Caterina i la Ribera",17,1047,177,2,2
2024-01-01,1,Ciutat Vella,4,"Sant Pere, Santa Caterina i la Ribera",17,1047,246,3,1
2024-01-01,1,Ciutat Vella,4,"Sant Pere, Santa Caterina i la Ribera",17,1047,269,3,2
2024-01-01,1,Ciutat Vella,4,"Sant Pere, Santa Caterina i la Ribera",17,1047,..,4,1
2024-01-01,1,Ciutat Vella,4,"Sant Pere, Santa Caterina i la Ribera",17,1048,579,1,1
2024-01-01,1,Ciutat Vella,4,"Sant Pere, Santa Caterina i la Ribera",17,1048,509,1,2
2024-01-01,1,Ciutat Vella,4,"Sant Pere, Santa Caterina i la Ribera",17,1048,187,2,1
2024-01-01,1,Ciutat Vella,4,"Sant Pere, Santa Caterina i la Ribera",17,1048,186,2,2
2024-01-01,1,Ciutat Vella,4,"Sant Pere, Santa Caterina i la Ribera",17,1048,286,3,1
2024-01-01,1,Ciutat Vella,4,"Sant Pere, Santa Caterina i la Ribera",17,1048,350,3,2
2024-01-01,1,Ciutat Vella,4,"Sant Pere, Santa Caterina i la Ribera",17,1049,401,1,1
2024-01-01,1,Ciutat Vella,4,"Sant Pere, Santa Caterina i la Ribera",17,1049,357,1,2
2024-01-01,1,Ciutat Vella,4,"Sant Pere, Santa Caterina i la Ribera",17,1049,142,2,1
2024-01-01,1,Ciutat Vella,4,"Sant Pere, Santa Caterina i la Ribera",17,1049,162,2,2
2024-01-01,1,Ciutat Vella,4,"Sant Pere, Santa Caterina i la Ribera",17,1049,244,3,1
2024-01-01,1,Ciutat Vella,4,"Sant Pere, Santa Caterina i la Ribera",17,1049,215,3,2
2024-01-01,1,Ciutat Vella,4,"Sant Pere, Santa Caterina i la Ribera",18,1050,377,1,1
2024-01-01,1,Ciutat Vella,4,"Sant Pere, Santa Caterina i la Ribera",18,1050,373,1,2
2024-01-01,1,Ciutat Vella,4,"Sant Pere, Santa Caterina i la Ribera",18,1050,157,2,1
2024-01-01,1,Ciutat Vella,4,"Sant Pere, Santa Caterina i la Ribera",18,1050,160,2,2
2024-01-01,1,Ciutat Vella,4,"Sant Pere, Santa Caterina i la Ribera",18,1050,262,3,1
2024-01-01,1,Ciutat Vella,4,"Sant Pere, Santa Caterina i la Ribera",18,1050,274,3,2
2024-01-01,1,Ciutat Vella,4,"Sant Pere, Santa Caterina i la Ribera",18,1050,..,4,2
2024-01-01,1,Ciutat Vella,4,"Sant Pere, Santa Caterina i la Ribera",18,1051,443,1,1
2024-01-01,1,Ciutat Vella,4,"Sant Pere, Santa Caterina i la Ribera",18,1051,422,1,2
2024-01-01,1,Ciutat Vella,4,"Sant Pere, Santa Caterina i la Ribera",18,1051,168,2,1
2024-01-01,1,Ciutat Vella,4,"Sant Pere, Santa Caterina i la Ribera",18,1051,152,2,2
2024-01-01,1,Ciutat Vella,4,"Sant Pere, Santa Caterina i la Ribera",18,1051,261,3,1
2024-01-01,1,Ciutat Vella,4,"Sant Pere, Santa Caterina i la Ribera",18,1051,317,3,2
2024-01-01,1,Ciutat Vella,4,"Sant Pere, Santa Caterina i la Ribera",18,1052,690,1,1
2024-01-01,1,Ciutat Vella,4,"Sant Pere, Santa Caterina i la Ribera",18,1052,634,1,2
2024-01-01,1,Ciutat Vella,4,"Sant Pere, Santa Caterina i la Ribera",18,1052,254,2,1
2024-01-01,1,Ciutat Vella,4,"Sant Pere, Santa Caterina i la Ribera",18,1052,243,2,2
2024-01-01,1,Ciutat Vella,4,"Sant Pere, Santa Caterina i la Ribera",18,1052,309,3,1
2024-01-01,1,Ciutat Vella,4,"Sant Pere, Santa Caterina i la Ribera",18,1052,266,3,2
2024-01-01,1,Ciutat Vella,4,"Sant Pere, Santa Caterina i la Ribera",19,1053,585,1,1
2024-01-01,1,Ciutat Vella,4,"Sant Pere, Santa Caterina i la Ribera",19,1053,508,1,2
2024-01-01,1,Ciutat Vella,4,"Sant Pere, Santa Caterina i la Ribera",19,1053,160,2,1
2024-01-01,1,Ciutat Vella,4,"Sant Pere, Santa Caterina i la Ribera",19,1053,144,2,2
2024-01-01,1,Ciutat Vella,4,"Sant Pere, Santa Caterina i la Ribera",19,1053,215,3,1
2024-01-01,1,Ciutat Vella,4,"Sant Pere, Santa Caterina i la Ribera",19,1053,235,3,2
2024-01-01,1,Ciutat Vella,4,"Sant Pere, Santa Caterina i la Ribera",19,1053,..,4,2
2024-01-01,1,Ciutat Vella,4,"Sant Pere, Santa Caterina i la Ribera",19,1054,321,1,1
2024-01-01,1,Ciutat Vella,4,"Sant Pere, Santa Caterina i la Ribera",19,1054,313,1,2
2024-01-01,1,Ciutat Vella,4,"Sant Pere, Santa Caterina i la Ribera",19,1054,144,2,1
2024-01-01,1,Ciutat Vella,4,"Sant Pere, Santa Caterina i la Ribera",19,1054,137,2,2
2024-01-01,1,Ciutat Vella,4,"Sant Pere, Santa Caterina i la Ribera",19,1054,179,3,1
2024-01-01,1,Ciutat Vella,4,"Sant Pere, Santa Caterina i la Ribera",19,1054,180,3,2
2024-01-01,1,Ciutat Vella,4,"Sant Pere, Santa Caterina i la Ribera",19,1055,447,1,1
2024-01-01,1,Ciutat Vella,4,"Sant Pere, Santa Caterina i la Ribera",19,1055,430,1,2
2024-01-01,1,Ciutat Vella,4,"Sant Pere, Santa Caterina i la Ribera",19,1055,100,2,1
2024-01-01,1,Ciutat Vella,4,"Sant Pere, Santa Caterina i la Ribera",19,1055,91,2,2
2024-01-01,1,Ciutat Vella,4,"Sant Pere, Santa Caterina i la Ribera",19,1055,122,3,1
2024-01-01,1,Ciutat Vella,4,"Sant Pere, Santa Caterina i la Ribera",19,1055,107,3,2
2024-01-01,2,Eixample,5,el Fort Pienc,20,2001,468,1,1
2024-01-01,2,Eixample,5,el Fort Pienc,20,2001,424,1,2
2024-01-01,2,Eixample,5,el Fort Pienc,20,2001,96,2,1
2024-01-01,2,Eixample,5,el Fort Pienc,20,2001,79,2,2
2024-01-01,2,Eixample,5,el Fort Pienc,20,2001,158,3,1
2024-01-01,2,Eixample,5,el Fort Pienc,20,2001,126,3,2
2024-01-01,2,Eixample,5,el Fort Pienc,20,2002,962,1,1
2024-01-01,2,Eixample,5,el Fort Pienc,20,2002,942,1,2
2024-01-01,2,Eixample,5,el Fort Pienc,20,2002,185,2,1
2024-01-01,2,Eixample,5,el Fort Pienc,20,2002,195,2,2
2024-01-01,2,Eixample,5,el Fort Pienc,20,2002,1581,3,1
2024-01-01,2,Eixample,5,el Fort Pienc,20,2002,2193,3,2
2024-01-01,2,Eixample,5,el Fort Pienc,20,2002,..,4,2
2024-01-01,2,Eixample,5,el Fort Pienc,20,2003,509,1,1
2024-01-01,2,Eixample,5,el Fort Pienc,20,2003,389,1,2
2024-01-01,2,Eixample,5,el Fort Pienc,20,2003,54,2,1
2024-01-01,2,Eixample,5,el Fort Pienc,20,2003,55,2,2
2024-01-01,2,Eixample,5,el Fort Pienc,20,2003,98,3,1
2024-01-01,2,Eixample,5,el Fort Pienc,20,2003,75,3,2
2024-01-01,2,Eixample,5,el Fort Pienc,20,2004,513,1,1
2024-01-01,2,Eixample,5,el Fort Pienc,20,2004,471,1,2
2024-01-01,2,Eixample,5,el Fort Pienc,20,2004,95,2,1
2024-01-01,2,Eixample,5,el Fort Pienc,20,2004,99,2,2
2024-01-01,2,Eixample,5,el Fort Pienc,20,2004,149,3,1
2024-01-01,2,Eixample,5,el Fort Pienc,20,2004,164,3,2
2024-01-01,2,Eixample,5,el Fort Pienc,20,2004,..,4,1
2024-01-01,2,Eixample,5,el Fort Pienc,20,2004,..,4,2
2024-01-01,2,Eixample,5,el Fort Pienc,20,2005,849,1,1
2024-01-01,2,Eixample,5,el Fort Pienc,20,2005,737,1,2
2024-01-01,2,Eixample,5,el Fort Pienc,20,2005,74,2,1
2024-01-01,2,Eixample,5,el Fort Pienc,20,2005,86,2,2
2024-01-01,2,Eixample,5,el Fort Pienc,20,2005,156,3,1
2024-01-01,2,Eixample,5,el Fort Pienc,20,2005,149,3,2
2024-01-01,2,Eixample,5,el Fort Pienc,20,2006,597,1,1
2024-01-01,2,Eixample,5,el Fort Pienc,20,2006,546,1,2
2024-01-01,2,Eixample,5,el Fort Pienc,20,2006,114,2,1
2024-01-01,2,Eixample,5,el Fort Pienc,20,2006,100,2,2
2024-01-01,2,Eixample,5,el Fort Pienc,20,2006,177,3,1
2024-01-01,2,Eixample,5,el Fort Pienc,20,2006,127,3,2
2024-01-01,2,Eixample,5,el Fort Pienc,20,2007,514,1,1
2024-01-01,2,Eixample,5,el Fort Pienc,20,2007,393,1,2
2024-01-01,2,Eixample,5,el Fort Pienc,20,2007,75,2,1
2024-01-01,2,Eixample,5,el Fort Pienc,20,2007,80,2,2
2024-01-01,2,Eixample,5,el Fort Pienc,20,2007,86,3,1
2024-01-01,2,Eixample,5,el Fort Pienc,20,2007,61,3,2
2024-01-01,2,Eixample,5,el Fort Pienc,20,2008,751,1,1
2024-01-01,2,Eixample,5,el Fort Pienc,20,2008,674,1,2
2024-01-01,2,Eixample,5,el Fort Pienc,20,2008,115,2,1
2024-01-01,2,Eixample,5,el Fort Pienc,20,2008,103,2,2
2024-01-01,2,Eixample,5,el Fort Pienc,20,2008,162,3,1
2024-01-01,2,Eixample,5,el Fort Pienc,20,2008,140,3,2
2024-01-01,2,Eixample,5,el Fort Pienc,20,2009,705,1,1
2024-01-01,2,Eixample,5,el Fort Pienc,20,2009,575,1,2
2024-01-01,2,Eixample,5,el Fort Pienc,20,2009,96,2,1
2024-01-01,2,Eixample,5,el Fort Pienc,20,2009,95,2,2
2024-01-01,2,Eixample,5,el Fort Pienc,20,2009,149,3,1
2024-01-01,2,Eixample,5,el Fort Pienc,20,2009,174,3,2
2024-01-01,2,Eixample,5,el Fort Pienc,21,2010,487,1,1
2024-01-01,2,Eixample,5,el Fort Pienc,21,2010,415,1,2
2024-01-01,2,Eixample,5,el Fort Pienc,21,2010,66,2,1
2024-01-01,2,Eixample,5,el Fort Pienc,21,2010,62,2,2
2024-01-01,2,Eixample,5,el Fort Pienc,21,2010,97,3,1
2024-01-01,2,Eixample,5,el Fort Pienc,21,2010,108,3,2
2024-01-01,2,Eixample,5,el Fort Pienc,21,2011,464,1,1
2024-01-01,2,Eixample,5,el Fort Pienc,21,2011,413,1,2
2024-01-01,2,Eixample,5,el Fort Pienc,21,2011,54,2,1
2024-01-01,2,Eixample,5,el Fort Pienc,21,2011,61,2,2
2024-01-01,2,Eixample,5,el Fort Pienc,21,2011,76,3,1
2024-01-01,2,Eixample,5,el Fort Pienc,21,2011,77,3,2
2024-01-01,2,Eixample,5,el Fort Pienc,21,2012,574,1,1
2024-01-01,2,Eixample,5,el Fort Pienc,21,2012,536,1,2
2024-01-01,2,Eixample,5,el Fort Pienc,21,2012,86,2,1
2024-01-01,2,Eixample,5,el Fort Pienc,21,2012,78,2,2
2024-01-01,2,Eixample,5,el Fort Pienc,21,2012,162,3,1
2024-01-01,2,Eixample,5,el Fort Pienc,21,2012,168,3,2
2024-01-01,2,Eixample,5,el Fort Pienc,21,2013,397,1,1
2024-01-01,2,Eixample,5,el Fort Pienc,21,2013,397,1,2
2024-01-01,2,Eixample,5,el Fort Pienc,21,2013,76,2,1
2024-01-01,2,Eixample,5,el Fort Pienc,21,2013,74,2,2
2024-01-01,2,Eixample,5,el Fort Pienc,21,2013,118,3,1
2024-01-01,2,Eixample,5,el Fort Pienc,21,2013,100,3,2
2024-01-01,2,Eixample,5,el Fort Pienc,21,2013,..,4,1
2024-01-01,2,Eixample,5,el Fort Pienc,22,2014,463,1,1
2024-01-01,2,Eixample,5,el Fort Pienc,22,2014,436,1,2
2024-01-01,2,Eixample,5,el Fort Pienc,22,2014,108,2,1
2024-01-01,2,Eixample,5,el Fort Pienc,22,2014,92,2,2
2024-01-01,2,Eixample,5,el Fort Pienc,22,2014,130,3,1
2024-01-01,2,Eixample,5,el Fort Pienc,22,2014,139,3,2
2024-01-01,2,Eixample,5,el Fort Pienc,22,2014,..,4,1
2024-01-01,2,Eixample,5,el Fort Pienc,22,2014,..,4,2
2024-01-01,2,Eixample,5,el Fort Pienc,22,2015,572,1,1
2024-01-01,2,Eixample,5,el Fort Pienc,22,2015,521,1,2
2024-01-01,2,Eixample,5,el Fort Pienc,22,2015,99,2,1
2024-01-01,2,Eixample,5,el Fort Pienc,22,2015,100,2,2
2024-01-01,2,Eixample,5,el Fort Pienc,22,2015,164,3,1
2024-01-01,2,Eixample,5,el Fort Pienc,22,2015,152,3,2
2024-01-01,2,Eixample,5,el Fort Pienc,22,2016,749,1,1
2024-01-01,2,Eixample,5,el Fort Pienc,22,2016,631,1,2
2024-01-01,2,Eixample,5,el Fort Pienc,22,2016,111,2,1
2024-01-01,2,Eixample,5,el Fort Pienc,22,2016,112,2,2
2024-01-01,2,Eixample,5,el Fort Pienc,22,2016,131,3,1
2024-01-01,2,Eixample,5,el Fort Pienc,22,2016,126,3,2
2024-01-01,2,Eixample,5,el Fort Pienc,22,2016,..,4,1
2024-01-01,2,Eixample,5,el Fort Pienc,22,2017,779,1,1
2024-01-01,2,Eixample,5,el Fort Pienc,22,2017,647,1,2
2024-01-01,2,Eixample,5,el Fort Pienc,22,2017,100,2,1
2024-01-01,2,Eixample,5,el Fort Pienc,22,2017,86,2,2
2024-01-01,2,Eixample,5,el Fort Pienc,22,2017,180,3,1
2024-01-01,2,Eixample,5,el Fort Pienc,22,2017,158,3,2
2024-01-01,2,Eixample,5,el Fort Pienc,22,2018,762,1,1
2024-01-01,2,Eixample,5,el Fort Pienc,22,2018,650,1,2
2024-01-01,2,Eixample,5,el Fort Pienc,22,2018,81,2,1
2024-01-01,2,Eixample,5,el Fort Pienc,22,2018,87,2,2
2024-01-01,2,Eixample,5,el Fort Pienc,22,2018,150,3,1
2024-01-01,2,Eixample,5,el Fort Pienc,22,2018,132,3,2
2024-01-01,2,Eixample,5,el Fort Pienc,22,2018,..,4,1
2024-01-01,2,Eixample,5,el Fort Pienc,22,2019,766,1,1
2024-01-01,2,Eixample,5,el Fort Pienc,22,2019,676,1,2
2024-01-01,2,Eixample,5,el Fort Pienc,22,2019,103,2,1
2024-01-01,2,Eixample,5,el Fort Pienc,22,2019,98,2,2
2024-01-01,2,Eixample,5,el Fort Pienc,22,2019,178,3,1
2024-01-01,2,Eixample,5,el Fort Pienc,22,2019,148,3,2
2024-01-01,2,Eixample,5,el Fort Pienc,22,2020,516,1,1
2024-01-01,2,Eixample,5,el Fort Pienc,22,2020,441,1,2
2024-01-01,2,Eixample,5,el Fort Pienc,22,2020,125,2,1
2024-01-01,2,Eixample,5,el Fort Pienc,22,2020,133,2,2
2024-01-01,2,Eixample,5,el Fort Pienc,22,2020,217,3,1
2024-01-01,2,Eixample,5,el Fort Pienc,22,2020,174,3,2
2024-01-01,2,Eixample,6,la Sagrada Família,23,2021,575,1,1
2024-01-01,2,Eixample,6,la Sagrada Família,23,2021,510,1,2
2024-01-01,2,Eixample,6,la Sagrada Família,23,2021,85,2,1
2024-01-01,2,Eixample,6,la Sagrada Família,23,2021,85,2,2
2024-01-01,2,Eixample,6,la Sagrada Família,23,2021,143,3,1
2024-01-01,2,Eixample,6,la Sagrada Família,23,2021,131,3,2
2024-01-01,2,Eixample,6,la Sagrada Família,23,2022,529,1,1
2024-01-01,2,Eixample,6,la Sagrada Família,23,2022,453,1,2
2024-01-01,2,Eixample,6,la Sagrada Família,23,2022,43,2,1
2024-01-01,2,Eixample,6,la Sagrada Família,23,2022,56,2,2
2024-01-01,2,Eixample,6,la Sagrada Família,23,2022,124,3,1
2024-01-01,2,Eixample,6,la Sagrada Família,23,2022,140,3,2
2024-01-01,2,Eixample,6,la Sagrada Família,23,2023,478,1,1
2024-01-01,2,Eixample,6,la Sagrada Família,23,2023,382,1,2
2024-01-01,2,Eixample,6,la Sagrada Família,23,2023,39,2,1
2024-01-01,2,Eixample,6,la Sagrada Família,23,2023,32,2,2
2024-01-01,2,Eixample,6,la Sagrada Família,23,2023,58,3,1
2024-01-01,2,Eixample,6,la Sagrada Família,23,2023,44,3,2
2024-01-01,2,Eixample,6,la Sagrada Família,23,2024,409,1,1
2024-01-01,2,Eixample,6,la Sagrada Família,23,2024,332,1,2
2024-01-01,2,Eixample,6,la Sagrada Família,23,2024,67,2,1
2024-01-01,2,Eixample,6,la Sagrada Família,23,2024,64,2,2
2024-01-01,2,Eixample,6,la Sagrada Família,23,2024,161,3,1
2024-01-01,2,Eixample,6,la Sagrada Família,23,2024,141,3,2
2024-01-01,2,Eixample,6,la Sagrada Família,23,2024,..,4,1
2024-01-01,2,Eixample,6,la Sagrada Família,24,2025,426,1,1
2024-01-01,2,Eixample,6,la Sagrada Família,24,2025,375,1,2
2024-01-01,2,Eixample,6,la Sagrada Família,24,2025,65,2,1
2024-01-01,2,Eixample,6,la Sagrada Família,24,2025,59,2,2
2024-01-01,2,Eixample,6,la Sagrada Família,24,2025,111,3,1
2024-01-01,2,Eixample,6,la Sagrada Família,24,2025,98,3,2
2024-01-01,2,Eixample,6,la Sagrada Família,24,2026,850,1,1
2024-01-01,2,Eixample,6,la Sagrada Família,24,2026,691,1,2
2024-01-01,2,Eixample,6,la Sagrada Família,24,2026,74,2,1
2024-01-01,2,Eixample,6,la Sagrada Família,24,2026,67,2,2
2024-01-01,2,Eixample,6,la Sagrada Família,24,2026,205,3,1
2024-01-01,2,Eixample,6,la Sagrada Família,24,2026,186,3,2
2024-01-01,2,Eixample,6,la Sagrada Família,24,2026,..,4,1
2024-01-01,2,Eixample,6,la Sagrada Família,24,2027,845,1,1
2024-01-01,2,Eixample,6,la Sagrada Família,24,2027,723,1,2
2024-01-01,2,Eixample,6,la Sagrada Família,24,2027,69,2,1
2024-01-01,2,Eixample,6,la Sagrada Família,24,2027,84,2,2
2024-01-01,2,Eixample,6,la Sagrada Família,24,2027,204,3,1
2024-01-01,2,Eixample,6,la Sagrada Família,24,2027,218,3,2
2024-01-01,2,Eixample,6,la Sagrada Família,24,2028,832,1,1
2024-01-01,2,Eixample,6,la Sagrada Família,24,2028,666,1,2
2024-01-01,2,Eixample,6,la Sagrada Família,24,2028,93,2,1
2024-01-01,2,Eixample,6,la Sagrada Família,24,2028,88,2,2
2024-01-01,2,Eixample,6,la Sagrada Família,24,2028,224,3,1
2024-01-01,2,Eixample,6,la Sagrada Família,24,2028,170,3,2
2024-01-01,2,Eixample,6,la Sagrada Família,24,2029,525,1,1
2024-01-01,2,Eixample,6,la Sagrada Família,24,2029,449,1,2
2024-01-01,2,Eixample,6,la Sagrada Família,24,2029,48,2,1
2024-01-01,2,Eixample,6,la Sagrada Família,24,2029,44,2,2
2024-01-01,2,Eixample,6,la Sagrada Família,24,2029,100,3,1
2024-01-01,2,Eixample,6,la Sagrada Família,24,2029,80,3,2
2024-01-01,2,Eixample,6,la Sagrada Família,24,2030,535,1,1
2024-01-01,2,Eixample,6,la Sagrada Família,24,2030,439,1,2
2024-01-01,2,Eixample,6,la Sagrada Família,24,2030,53,2,1
2024-01-01,2,Eixample,6,la Sagrada Família,24,2030,67,2,2
2024-01-01,2,Eixample,6,la Sagrada Família,24,2030,163,3,1
2024-01-01,2,Eixample,6,la Sagrada Família,24,2030,156,3,2
2024-01-01,2,Eixample,6,la Sagrada Família,24,2031,459,1,1
2024-01-01,2,Eixample,6,la Sagrada Família,24,2031,357,1,2
2024-01-01,2,Eixample,6,la Sagrada Família,24,2031,44,2,1
2024-01-01,2,Eixample,6,la Sagrada Família,24,2031,39,2,2
2024-01-01,2,Eixample,6,la Sagrada Família,24,2031,71,3,1
2024-01-01,2,Eixample,6,la Sagrada Família,24,2031,66,3,2
2024-01-01,2,Eixample,6,la Sagrada Família,24,2032,528,1,1
2024-01-01,2,Eixample,6,la Sagrada Família,24,2032,384,1,2
2024-01-01,2,Eixample,6,la Sagrada Família,24,2032,55,2,1
2024-01-01,2,Eixample,6,la Sagrada Família,24,2032,64,2,2
2024-01-01,2,Eixample,6,la Sagrada Família,24,2032,113,3,1
2024-01-01,2,Eixample,6,la Sagrada Família,24,2032,78,3,2
2024-01-01,2,Eixample,6,la Sagrada Família,24,2032,..,4,1
2024-01-01,2,Eixample,6,la Sagrada Família,25,2033,471,1,1
2024-01-01,2,Eixample,6,la Sagrada Família,25,2033,388,1,2
2024-01-01,2,Eixample,6,la Sagrada Família,25,2033,54,2,1
2024-01-01,2,Eixample,6,la Sagrada Família,25,2033,37,2,2
2024-01-01,2,Eixample,6,la Sagrada Família,25,2033,111,3,1
2024-01-01,2,Eixample,6,la Sagrada Família,25,2033,116,3,2
2024-01-01,2,Eixample,6,la Sagrada Família,25,2034,454,1,1
2024-01-01,2,Eixample,6,la Sagrada Família,25,2034,314,1,2
2024-01-01,2,Eixample,6,la Sagrada Família,25,2034,65,2,1
2024-01-01,2,Eixample,6,la Sagrada Família,25,2034,73,2,2
2024-01-01,2,Eixample,6,la Sagrada Família,25,2034,165,3,1
2024-01-01,2,Eixample,6,la Sagrada Família,25,2034,138,3,2
2024-01-01,2,Eixample,6,la Sagrada Família,25,2034,..,4,1
2024-01-01,2,Eixample,6,la Sagrada Família,25,2035,538,1,1
2024-01-01,2,Eixample,6,la Sagrada Família,25,2035,453,1,2
2024-01-01,2,Eixample,6,la Sagrada Família,25,2035,46,2,1
2024-01-01,2,Eixample,6,la Sagrada Família,25,2035,53,2,2
2024-01-01,2,Eixample,6,la Sagrada Família,25,2035,151,3,1
2024-01-01,2,Eixample,6,la Sagrada Família,25,2035,98,3,2
2024-01-01,2,Eixample,6,la Sagrada Família,25,2036,535,1,1
2024-01-01,2,Eixample,6,la Sagrada Família,25,2036,411,1,2
2024-01-01,2,Eixample,6,la Sagrada Família,25,2036,50,2,1
2024-01-01,2,Eixample,6,la Sagrada Família,25,2036,45,2,2
2024-01-01,2,Eixample,6,la Sagrada Família,25,2036,94,3,1
2024-01-01,2,Eixample,6,la Sagrada Família,25,2036,80,3,2
2024-01-01,2,Eixample,6,la Sagrada Família,25,2037,502,1,1
2024-01-01,2,Eixample,6,la Sagrada Família,25,2037,455,1,2
2024-01-01,2,Eixample,6,la Sagrada Família,25,2037,27,2,1
2024-01-01,2,Eixample,6,la Sagrada Família,25,2037,37,2,2
2024-01-01,2,Eixample,6,la Sagrada Família,25,2037,73,3,1
2024-01-01,2,Eixample,6,la Sagrada Família,25,2037,50,3,2
2024-01-01,2,Eixample,6,la Sagrada Família,25,2038,631,1,1
2024-01-01,2,Eixample,6,la Sagrada Família,25,2038,577,1,2
2024-01-01,2,Eixample,6,la Sagrada Família,25,2038,48,2,1
2024-01-01,2,Eixample,6,la Sagrada Família,25,2038,53,2,2
2024-01-01,2,Eixample,6,la Sagrada Família,25,2038,122,3,1
2024-01-01,2,Eixample,6,la Sagrada Família,25,2038,96,3,2
2024-01-01,2,Eixample,6,la Sagrada Família,25,2038,..,4,1
2024-01-01,2,Eixample,6,la Sagrada Família,25,2039,721,1,1
2024-01-01,2,Eixample,6,la Sagrada Família,25,2039,570,1,2
2024-01-01,2,Eixample,6,la Sagrada Família,25,2039,113,2,1
2024-01-01,2,Eixample,6,la Sagrada Família,25,2039,79,2,2
2024-01-01,2,Eixample,6,la Sagrada Família,25,2039,217,3,1
2024-01-01,2,Eixample,6,la Sagrada Família,25,2039,176,3,2
2024-01-01,2,Eixample,6,la Sagrada Família,25,2040,632,1,1
2024-01-01,2,Eixample,6,la Sagrada Família,25,2040,515,1,2
2024-01-01,2,Eixample,6,la Sagrada Família,25,2040,80,2,1
2024-01-01,2,Eixample,6,la Sagrada Família,25,2040,104,2,2
2024-01-01,2,Eixample,6,la Sagrada Família,25,2040,236,3,1
2024-01-01,2,Eixample,6,la Sagrada Família,25,2040,216,3,2
2024-01-01,2,Eixample,6,la Sagrada Família,26,2041,690,1,1
2024-01-01,2,Eixample,6,la Sagrada Família,26,2041,554,1,2
2024-01-01,2,Eixample,6,la Sagrada Família,26,2041,80,2,1
2024-01-01,2,Eixample,6,la Sagrada Família,26,2041,66,2,2
2024-01-01,2,Eixample,6,la Sagrada Família,26,2041,179,3,1
2024-01-01,2,Eixample,6,la Sagrada Família,26,2041,124,3,2
2024-01-01,2,Eixample,6,la Sagrada Família,26,2042,745,1,1
2024-01-01,2,Eixample,6,la Sagrada Família,26,2042,613,1,2
2024-01-01,2,Eixample,6,la Sagrada Família,26,2042,49,2,1
2024-01-01,2,Eixample,6,la Sagrada Família,26,2042,52,2,2
2024-01-01,2,Eixample,6,la Sagrada Família,26,2042,132,3,1
2024-01-01,2,Eixample,6,la Sagrada Família,26,2042,117,3,2
2024-01-01,2,Eixample,6,la Sagrada Família,26,2043,629,1,1
2024-01-01,2,Eixample,6,la Sagrada Família,26,2043,544,1,2
2024-01-01,2,Eixample,6,la Sagrada Família,26,2043,49,2,1
2024-01-01,2,Eixample,6,la Sagrada Família,26,2043,57,2,2
2024-01-01,2,Eixample,6,la Sagrada Família,26,2043,125,3,1
2024-01-01,2,Eixample,6,la Sagrada Família,26,2043,109,3,2
2024-01-01,2,Eixample,6,la Sagrada Família,26,2043,..,4,1
2024-01-01,2,Eixample,6,la Sagrada Família,26,2044,542,1,1
2024-01-01,2,Eixample,6,la Sagrada Família,26,2044,403,1,2
2024-01-01,2,Eixample,6,la Sagrada Família,26,2044,53,2,1
2024-01-01,2,Eixample,6,la Sagrada Família,26,2044,60,2,2
2024-01-01,2,Eixample,6,la Sagrada Família,26,2044,138,3,1
2024-01-01,2,Eixample,6,la Sagrada Família,26,2044,130,3,2
2024-01-01,2,Eixample,6,la Sagrada Família,26,2045,485,1,1
2024-01-01,2,Eixample,6,la Sagrada Família,26,2045,422,1,2
2024-01-01,2,Eixample,6,la Sagrada Família,26,2045,38,2,1
2024-01-01,2,Eixample,6,la Sagrada Família,26,2045,42,2,2
2024-01-01,2,Eixample,6,la Sagrada Família,26,2045,103,3,1
2024-01-01,2,Eixample,6,la Sagrada Família,26,2045,79,3,2
2024-01-01,2,Eixample,6,la Sagrada Família,26,2046,763,1,1
2024-01-01,2,Eixample,6,la Sagrada Família,26,2046,668,1,2
2024-01-01,2,Eixample,6,la Sagrada Família,26,2046,96,2,1
2024-01-01,2,Eixample,6,la Sagrada Família,26,2046,70,2,2
2024-01-01,2,Eixample,6,la Sagrada Família,26,2046,222,3,1
2024-01-01,2,Eixample,6,la Sagrada Família,26,2046,183,3,2
2024-01-01,2,Eixample,6,la Sagrada Família,26,2047,802,1,1
2024-01-01,2,Eixample,6,la Sagrada Família,26,2047,665,1,2
2024-01-01,2,Eixample,6,la Sagrada Família,26,2047,70,2,1
2024-01-01,2,Eixample,6,la Sagrada Família,26,2047,71,2,2
2024-01-01,2,Eixample,6,la Sagrada Família,26,2047,193,3,1
2024-01-01,2,Eixample,6,la Sagrada Família,26,2047,190,3,2
2024-01-01,2,Eixample,6,la Sagrada Família,26,2048,486,1,1
2024-01-01,2,Eixample,6,la Sagrada Família,26,2048,375,1,2
2024-01-01,2,Eixample,6,la Sagrada Família,26,2048,69,2,1
2024-01-01,2,Eixample,6,la Sagrada Família,26,2048,70,2,2
2024-01-01,2,Eixample,6,la Sagrada Família,26,2048,143,3,1
2024-01-01,2,Eixample,6,la Sagrada Família,26,2048,168,3,2
2024-01-01,2,Eixample,6,la Sagrada Família,27,2049,730,1,1
2024-01-01,2,Eixample,6,la Sagrada Família,27,2049,597,1,2
2024-01-01,2,Eixample,6,la Sagrada Família,27,2049,132,2,1
2024-01-01,2,Eixample,6,la Sagrada Família,27,2049,95,2,2
2024-01-01,2,Eixample,6,la Sagrada Família,27,2049,275,3,1
2024-01-01,2,Eixample,6,la Sagrada Família,27,2049,258,3,2
2024-01-01,2,Eixample,6,la Sagrada Família,27,2050,659,1,1
2024-01-01,2,Eixample,6,la Sagrada Família,27,2050,493,1,2
2024-01-01,2,Eixample,6,la Sagrada Família,27,2050,82,2,1
2024-01-01,2,Eixample,6,la Sagrada Família,27,2050,82,2,2
2024-01-01,2,Eixample,6,la Sagrada Família,27,2050,200,3,1
2024-01-01,2,Eixample,6,la Sagrada Família,27,2050,170,3,2
2024-01-01,2,Eixample,6,la Sagrada Família,27,2051,684,1,1
2024-01-01,2,Eixample,6,la Sagrada Família,27,2051,542,1,2
2024-01-01,2,Eixample,6,la Sagrada Família,27,2051,111,2,1
2024-01-01,2,Eixample,6,la Sagrada Família,27,2051,132,2,2
2024-01-01,2,Eixample,6,la Sagrada Família,27,2051,253,3,1
2024-01-01,2,Eixample,6,la Sagrada Família,27,2051,203,3,2
2024-01-01,2,Eixample,6,la Sagrada Família,27,2051,..,4,1
2024-01-01,2,Eixample,6,la Sagrada Família,27,2052,666,1,1
2024-01-01,2,Eixample,6,la Sagrada Família,27,2052,577,1,2
2024-01-01,2,Eixample,6,la Sagrada Família,27,2052,115,2,1
2024-01-01,2,Eixample,6,la Sagrada Família,27,2052,100,2,2
2024-01-01,2,Eixample,6,la Sagrada Família,27,2052,205,3,1
2024-01-01,2,Eixample,6,la Sagrada Família,27,2052,159,3,2
2024-01-01,2,Eixample,6,la Sagrada Família,27,2052,..,4,1
2024-01-01,2,Eixample,6,la Sagrada Família,27,2052,..,4,2
2024-01-01,2,Eixample,6,la Sagrada Família,27,2053,711,1,1
2024-01-01,2,Eixample,6,la Sagrada Família,27,2053,611,1,2
2024-01-01,2,Eixample,6,la Sagrada Família,27,2053,94,2,1
2024-01-01,2,Eixample,6,la Sagrada Família,27,2053,112,2,2
2024-01-01,2,Eixample,6,la Sagrada Família,27,2053,203,3,1
2024-01-01,2,Eixample,6,la Sagrada Família,27,2053,168,3,2
2024-01-01,2,Eixample,6,la Sagrada Família,27,2054,767,1,1
2024-01-01,2,Eixample,6,la Sagrada Família,27,2054,657,1,2
2024-01-01,2,Eixample,6,la Sagrada Família,27,2054,90,2,1
2024-01-01,2,Eixample,6,la Sagrada Família,27,2054,99,2,2
2024-01-01,2,Eixample,6,la Sagrada Família,27,2054,201,3,1
2024-01-01,2,Eixample,6,la Sagrada Família,27,2054,177,3,2
2024-01-01,2,Eixample,6,la Sagrada Família,27,2054,..,4,1
2024-01-01,2,Eixample,7,la Dreta de l'Eixample,28,2055,741,1,1
2024-01-01,2,Eixample,7,la Dreta de l'Eixample,28,2055,638,1,2
2024-01-01,2,Eixample,7,la Dreta de l'Eixample,28,2055,105,2,1
2024-01-01,2,Eixample,7,la Dreta de l'Eixample,28,2055,86,2,2
2024-01-01,2,Eixample,7,la Dreta de l'Eixample,28,2055,152,3,1
2024-01-01,2,Eixample,7,la Dreta de l'Eixample,28,2055,114,3,2
2024-01-01,2,Eixample,7,la Dreta de l'Eixample,28,2055,..,4,2
2024-01-01,2,Eixample,7,la Dreta de l'Eixample,28,2056,602,1,1
2024-01-01,2,Eixample,7,la Dreta de l'Eixample,28,2056,446,1,2
2024-01-01,2,Eixample,7,la Dreta de l'Eixample,28,2056,106,2,1
2024-01-01,2,Eixample,7,la Dreta de l'Eixample,28,2056,122,2,2
2024-01-01,2,Eixample,7,la Dreta de l'Eixample,28,2056,140,3,1
2024-01-01,2,Eixample,7,la Dreta de l'Eixample,28,2056,124,3,2
2024-01-01,2,Eixample,7,la Dreta de l'Eixample,28,2057,533,1,1
2024-01-01,2,Eixample,7,la Dreta de l'Eixample,28,2057,467,1,2
2024-01-01,2,Eixample,7,la Dreta de l'Eixample,28,2057,57,2,1
2024-01-01,2,Eixample,7,la Dreta de l'Eixample,28,2057,71,2,2
2024-01-01,2,Eixample,7,la Dreta de l'Eixample,28,2057,64,3,1
2024-01-01,2,Eixample,7,la Dreta de l'Eixample,28,2057,62,3,2
2024-01-01,2,Eixample,7,la Dreta de l'Eixample,28,2058,606,1,1
2024-01-01,2,Eixample,7,la Dreta de l'Eixample,28,2058,532,1,2
2024-01-01,2,Eixample,7,la Dreta de l'Eixample,28,2058,59,2,1
2024-01-01,2,Eixample,7,la Dreta de l'Eixample,28,2058,75,2,2
2024-01-01,2,Eixample,7,la Dreta de l'Eixample,28,2058,99,3,1
2024-01-01,2,Eixample,7,la Dreta de l'Eixample,28,2058,78,3,2
2024-01-01,2,Eixample,7,la Dreta de l'Eixample,28,2059,698,1,1
2024-01-01,2,Eixample,7,la Dreta de l'Eixample,28,2059,554,1,2
2024-01-01,2,Eixample,7,la Dreta de l'Eixample,28,2059,78,2,1
2024-01-01,2,Eixample,7,la Dreta de l'Eixample,28,2059,82,2,2
2024-01-01,2,Eixample,7,la Dreta de l'Eixample,28,2059,154,3,1
2024-01-01,2,Eixample,7,la Dreta de l'Eixample,28,2059,170,3,2
2024-01-01,2,Eixample,7,la Dreta de l'Eixample,28,2060,660,1,1
2024-01-01,2,Eixample,7,la Dreta de l'Eixample,28,2060,554,1,2
2024-01-01,2,Eixample,7,la Dreta de l'Eixample,28,2060,86,2,1
2024-01-01,2,Eixample,7,la Dreta de l'Eixample,28,2060,84,2,2
2024-01-01,2,Eixample,7,la Dreta de l'Eixample,28,2060,180,3,1
2024-01-01,2,Eixample,7,la Dreta de l'Eixample,28,2060,119,3,2
2024-01-01,2,Eixample,7,la Dreta de l'Eixample,29,2061,547,1,1
2024-01-01,2,Eixample,7,la Dreta de l'Eixample,29,2061,412,1,2
2024-01-01,2,Eixample,7,la Dreta de l'Eixample,29,2061,86,2,1
2024-01-01,2,Eixample,7,la Dreta de l'Eixample,29,2061,89,2,2
2024-01-01,2,Eixample,7,la Dreta de l'Eixample,29,2061,140,3,1
2024-01-01,2,Eixample,7,la Dreta de l'Eixample,29,2061,110,3,2
2024-01-01,2,Eixample,7,la Dreta de l'Eixample,29,2062,563,1,1
2024-01-01,2,Eixample,7,la Dreta de l'Eixample,29,2062,539,1,2
2024-01-01,2,Eixample,7,la Dreta de l'Eixample,29,2062,151,2,1
2024-01-01,2,Eixample,7,la Dreta de l'Eixample,29,2062,103,2,2
2024-01-01,2,Eixample,7,la Dreta de l'Eixample,29,2062,111,3,1
2024-01-01,2,Eixample,7,la Dreta de l'Eixample,29,2062,112,3,2
2024-01-01,2,Eixample,7,la Dreta de l'Eixample,29,2063,547,1,1
2024-01-01,2,Eixample,7,la Dreta de l'Eixample,29,2063,342,1,2
2024-01-01,2,Eixample,7,la Dreta de l'Eixample,29,2063,84,2,1
2024-01-01,2,Eixample,7,la Dreta de l'Eixample,29,2063,65,2,2
2024-01-01,2,Eixample,7,la Dreta de l'Eixample,29,2063,103,3,1
2024-01-01,2,Eixample,7,la Dreta de l'Eixample,29,2063,85,3,2
2024-01-01,2,Eixample,7,la Dreta de l'Eixample,29,2064,519,1,1
2024-01-01,2,Eixample,7,la Dreta de l'Eixample,29,2064,437,1,2
2024-01-01,2,Eixample,7,la Dreta de l'Eixample,29,2064,79,2,1
2024-01-01,2,Eixample,7,la Dreta de l'Eixample,29,2064,87,2,2
2024-01-01,2,Eixample,7,la Dreta de l'Eixample,29,2064,98,3,1
2024-01-01,2,Eixample,7,la Dreta de l'Eixample,29,2064,76,3,2
2024-01-01,2,Eixample,7,la Dreta de l'Eixample,29,2064,..,4,1
2024-01-01,2,Eixample,7,la Dreta de l'Eixample,29,2064,..,4,2
2024-01-01,2,Eixample,7,la Dreta de l'Eixample,29,2065,677,1,1
2024-01-01,2,Eixample,7,la Dreta de l'Eixample,29,2065,601,1,2
2024-01-01,2,Eixample,7,la Dreta de l'Eixample,29,2065,136,2,1
2024-01-01,2,Eixample,7,la Dreta de l'Eixample,29,2065,129,2,2
2024-01-01,2,Eixample,7,la Dreta de l'Eixample,29,2065,153,3,1
2024-01-01,2,Eixample,7,la Dreta de l'Eixample,29,2065,120,3,2
2024-01-01,2,Eixample,7,la Dreta de l'Eixample,29,2065,..,4,1
2024-01-01,2,Eixample,7,la Dreta de l'Eixample,30,2066,733,1,1
2024-01-01,2,Eixample,7,la Dreta de l'Eixample,30,2066,618,1,2
2024-01-01,2,Eixample,7,la Dreta de l'Eixample,30,2066,97,2,1
2024-01-01,2,Eixample,7,la Dreta de l'Eixample,30,2066,59,2,2
2024-01-01,2,Eixample,7,la Dreta de l'Eixample,30,2066,133,3,1
2024-01-01,2,Eixample,7,la Dreta de l'Eixample,30,2066,117,3,2
2024-01-01,2,Eixample,7,la Dreta de l'Eixample,30,2067,632,1,1
2024-01-01,2,Eixample,7,la Dreta de l'Eixample,30,2067,500,1,2
2024-01-01,2,Eixample,7,la Dreta de l'Eixample,30,2067,116,2,1
2024-01-01,2,Eixample,7,la Dreta de l'Eixample,30,2067,120,2,2
2024-01-01,2,Eixample,7,la Dreta de l'Eixample,30,2067,195,3,1
2024-01-01,2,Eixample,7,la Dreta de l'Eixample,30,2067,150,3,2
2024-01-01,2,Eixample,7,la Dreta de l'Eixample,30,2067,..,4,1
2024-01-01,2,Eixample,7,la Dreta de l'Eixample,30,2068,634,1,1
2024-01-01,2,Eixample,7,la Dreta de l'Eixample,30,2068,558,1,2
2024-01-01,2,Eixample,7,la Dreta de l'Eixample,30,2068,111,2,1
2024-01-01,2,Eixample,7,la Dreta de l'Eixample,30,2068,121,2,2
2024-01-01,2,Eixample,7,la Dreta de l'Eixample,30,2068,148,3,1
2024-01-01,2,Eixample,7,la Dreta de l'Eixample,30,2068,124,3,2
2024-01-01,2,Eixample,7,la Dreta de l'Eixample,30,2069,575,1,1
2024-01-01,2,Eixample,7,la Dreta de l'Eixample,30,2069,470,1,2
2024-01-01,2,Eixample,7,la Dreta de l'Eixample,30,2069,70,2,1
2024-01-01,2,Eixample,7,la Dreta de l'Eixample,30,2069,82,2,2
2024-01-01,2,Eixample,7,la Dreta de l'Eixample,30,2069,125,3,1
2024-01-01,2,Eixample,7,la Dreta de l'Eixample,30,2069,95,3,2
2024-01-01,2,Eixample,7,la Dreta de l'Eixample,31,2070,478,1,1
2024-01-01,2,Eixample,7,la Dreta de l'Eixample,31,2070,406,1,2
2024-01-01,2,Eixample,7,la Dreta de l'Eixample,31,2070,89,2,1
2024-01-01,2,Eixample,7,la Dreta de l'Eixample,31,2070,72,2,2
2024-01-01,2,Eixample,7,la Dreta de l'Eixample,31,2070,132,3,1
2024-01-01,2,Eixample,7,la Dreta de l'Eixample,31,2070,92,3,2
2024-01-01,2,Eixample,7,la Dreta de l'Eixample,31,2071,626,1,1
2024-01-01,2,Eixample,7,la Dreta de l'Eixample,31,2071,576,1,2
2024-01-01,2,Eixample,7,la Dreta de l'Eixample,31,2071,101,2,1
2024-01-01,2,Eixample,7,la Dreta de l'Eixample,31,2071,119,2,2
2024-01-01,2,Eixample,7,la Dreta de l'Eixample,31,2071,117,3,1
2024-01-01,2,Eixample,7,la Dreta de l'Eixample,31,2071,95,3,2
2024-01-01,2,Eixample,7,la Dreta de l'Eixample,31,2072,460,1,1
2024-01-01,2,Eixample,7,la Dreta de l'Eixample,31,2072,452,1,2
2024-01-01,2,Eixample,7,la Dreta de l'Eixample,31,2072,72,2,1
2024-01-01,2,Eixample,7,la Dreta de l'Eixample,31,2072,75,2,2
2024-01-01,2,Eixample,7,la Dreta de l'Eixample,31,2072,94,3,1
2024-01-01,2,Eixample,7,la Dreta de l'Eixample,31,2072,96,3,2
2024-01-01,2,Eixample,7,la Dreta de l'Eixample,32,2073,645,1,1
2024-01-01,2,Eixample,7,la Dreta de l'Eixample,32,2073,518,1,2
2024-01-01,2,Eixample,7,la Dreta de l'Eixample,32,2073,111,2,1
2024-01-01,2,Eixample,7,la Dreta de l'Eixample,32,2073,130,2,2
2024-01-01,2,Eixample,7,la Dreta de l'Eixample,32,2073,149,3,1
2024-01-01,2,Eixample,7,la Dreta de l'Eixample,32,2073,142,3,2
2024-01-01,2,Eixample,7,la Dreta de l'Eixample,32,2074,393,1,1
2024-01-01,2,Eixample,7,la Dreta de l'Eixample,32,2074,416,1,2
2024-01-01,2,Eixample,7,la Dreta de l'Eixample,32,2074,101,2,1
2024-01-01,2,Eixample,7,la Dreta de l'Eixample,32,2074,118,2,2
2024-01-01,2,Eixample,7,la Dreta de l'Eixample,32,2074,136,3,1
2024-01-01,2,Eixample,7,la Dreta de l'Eixample,32,2074,127,3,2
2024-01-01,2,Eixample,7,la Dreta de l'Eixample,32,2075,405,1,1
2024-01-01,2,Eixample,7,la Dreta de l'Eixample,32,2075,379,1,2
2024-01-01,2,Eixample,7,la Dreta de l'Eixample,32,2075,111,2,1
2024-01-01,2,Eixample,7,la Dreta de l'Eixample,32,2075,112,2,2
2024-01-01,2,Eixample,7,la Dreta de l'Eixample,32,2075,119,3,1
2024-01-01,2,Eixample,7,la Dreta de l'Eixample,32,2075,86,3,2
2024-01-01,2,Eixample,7,la Dreta de l'Eixample,32,2075,..,4,1
2024-01-01,2,Eixample,7,la Dreta de l'Eixample,32,2076,596,1,1
2024-01-01,2,Eixample,7,la Dreta de l'Eixample,32,2076,538,1,2
2024-01-01,2,Eixample,7,la Dreta de l'Eixample,32,2076,119,2,1
2024-01-01,2,Eixample,7,la Dreta de l'Eixample,32,2076,121,2,2
2024-01-01,2,Eixample,7,la Dreta de l'Eixample,32,2076,156,3,1
2024-01-01,2,Eixample,7,la Dreta de l'Eixample,32,2076,141,3,2
2024-01-01,2,Eixample,7,la Dreta de l'Eixample,33,2077,485,1,1
2024-01-01,2,Eixample,7,la Dreta de l'Eixample,33,2077,486,1,2
2024-01-01,2,Eixample,7,la Dreta de l'Eixample,33,2077,151,2,1
2024-01-01,2,Eixample,7,la Dreta de l'Eixample,33,2077,143,2,2
2024-01-01,2,Eixample,7,la Dreta de l'Eixample,33,2077,272,3,1
2024-01-01,2,Eixample,7,la Dreta de l'Eixample,33,2077,273,3,2
2024-01-01,2,Eixample,7,la Dreta de l'Eixample,34,2078,467,1,1
2024-01-01,2,Eixample,7,la Dreta de l'Eixample,34,2078,397,1,2
2024-01-01,2,Eixample,7,la Dreta de l'Eixample,34,2078,101,2,1
2024-01-01,2,Eixample,7,la Dreta de l'Eixample,34,2078,79,2,2
2024-01-01,2,Eixample,7,la Dreta de l'Eixample,34,2078,197,3,1
2024-01-01,2,Eixample,7,la Dreta de l'Eixample,34,2078,187,3,2
2024-01-01,2,Eixample,7,la Dreta de l'Eixample,34,2079,453,1,1
2024-01-01,2,Eixample,7,la Dreta de l'Eixample,34,2079,432,1,2
2024-01-01,2,Eixample,7,la Dreta de l'Eixample,34,2079,121,2,1
2024-01-01,2,Eixample,7,la Dreta de l'Eixample,34,2079,99,2,2
2024-01-01,2,Eixample,7,la Dreta de l'Eixample,34,2079,187,3,1
2024-01-01,2,Eixample,7,la Dreta de l'Eixample,34,2079,195,3,2
2024-01-01,2,Eixample,7,la Dreta de l'Eixample,35,2080,528,1,1
2024-01-01,2,Eixample,7,la Dreta de l'Eixample,35,2080,479,1,2
2024-01-01,2,Eixample,7,la Dreta de l'Eixample,35,2080,124,2,1
2024-01-01,2,Eixample,7,la Dreta de l'Eixample,35,2080,112,2,2
2024-01-01,2,Eixample,7,la Dreta de l'Eixample,35,2080,187,3,1
2024-01-01,2,Eixample,7,la Dreta de l'Eixample,35,2080,176,3,2
2024-01-01,2,Eixample,7,la Dreta de l'Eixample,35,2081,800,1,1
2024-01-01,2,Eixample,7,la Dreta de l'Eixample,35,2081,644,1,2
2024-01-01,2,Eixample,7,la Dreta de l'Eixample,35,2081,132,2,1
2024-01-01,2,Eixample,7,la Dreta de l'Eixample,35,2081,162,2,2
2024-01-01,2,Eixample,7,la Dreta de l'Eixample,35,2081,217,3,1
2024-01-01,2,Eixample,7,la Dreta de l'Eixample,35,2081,213,3,2
2024-01-01,2,Eixample,7,la Dreta de l'Eixample,35,2081,..,4,1
2024-01-01,2,Eixample,7,la Dreta de l'Eixample,36,2082,354,1,1
2024-01-01,2,Eixample,7,la Dreta de l'Eixample,36,2082,308,1,2
2024-01-01,2,Eixample,7,la Dreta de l'Eixample,36,2082,92,2,1
2024-01-01,2,Eixample,7,la Dreta de l'Eixample,36,2082,79,2,2
2024-01-01,2,Eixample,7,la Dreta de l'Eixample,36,2082,92,3,1
2024-01-01,2,Eixample,7,la Dreta de l'Eixample,36,2082,77,3,2
2024-01-01,2,Eixample,7,la Dreta de l'Eixample,36,2083,694,1,1
2024-01-01,2,Eixample,7,la Dreta de l'Eixample,36,2083,589,1,2
2024-01-01,2,Eixample,7,la Dreta de l'Eixample,36,2083,135,2,1
2024-01-01,2,Eixample,7,la Dreta de l'Eixample,36,2083,155,2,2
2024-01-01,2,Eixample,7,la Dreta de l'Eixample,36,2083,247,3,1
2024-01-01,2,Eixample,7,la Dreta de l'Eixample,36,2083,151,3,2
2024-01-01,2,Eixample,7,la Dreta de l'Eixample,36,2083,..,4,1
2024-01-01,2,Eixample,8,l'Antiga Esquerra de l'Eixample,37,2084,807,1,1
2024-01-01,2,Eixample,8,l'Antiga Esquerra de l'Eixample,37,2084,642,1,2
2024-01-01,2,Eixample,8,l'Antiga Esquerra de l'Eixample,37,2084,126,2,1
2024-01-01,2,Eixample,8,l'Antiga Esquerra de l'Eixample,37,2084,135,2,2
2024-01-01,2,Eixample,8,l'Antiga Esquerra de l'Eixample,37,2084,225,3,1
2024-01-01,2,Eixample,8,l'Antiga Esquerra de l'Eixample,37,2084,178,3,2
2024-01-01,2,Eixample,8,l'Antiga Esquerra de l'Eixample,37,2084,..,4,1
2024-01-01,2,Eixample,8,l'Antiga Esquerra de l'Eixample,37,2084,..,4,2
2024-01-01,2,Eixample,8,l'Antiga Esquerra de l'Eixample,37,2085,546,1,1
2024-01-01,2,Eixample,8,l'Antiga Esquerra de l'Eixample,37,2085,421,1,2
2024-01-01,2,Eixample,8,l'Antiga Esquerra de l'Eixample,37,2085,109,2,1
2024-01-01,2,Eixample,8,l'Antiga Esquerra de l'Eixample,37,2085,85,2,2
2024-01-01,2,Eixample,8,l'Antiga Esquerra de l'Eixample,37,2085,175,3,1
2024-01-01,2,Eixample,8,l'Antiga Esquerra de l'Eixample,37,2085,149,3,2
2024-01-01,2,Eixample,8,l'Antiga Esquerra de l'Eixample,37,2085,..,4,1
2024-01-01,2,Eixample,8,l'Antiga Esquerra de l'Eixample,37,2085,..,4,2
2024-01-01,2,Eixample,8,l'Antiga Esquerra de l'Eixample,37,2086,558,1,1
2024-01-01,2,Eixample,8,l'Antiga Esquerra de l'Eixample,37,2086,452,1,2
2024-01-01,2,Eixample,8,l'Antiga Esquerra de l'Eixample,37,2086,89,2,1
2024-01-01,2,Eixample,8,l'Antiga Esquerra de l'Eixample,37,2086,71,2,2
2024-01-01,2,Eixample,8,l'Antiga Esquerra de l'Eixample,37,2086,137,3,1
2024-01-01,2,Eixample,8,l'Antiga Esquerra de l'Eixample,37,2086,101,3,2
2024-01-01,2,Eixample,8,l'Antiga Esquerra de l'Eixample,37,2087,613,1,1
2024-01-01,2,Eixample,8,l'Antiga Esquerra de l'Eixample,37,2087,465,1,2
2024-01-01,2,Eixample,8,l'Antiga Esquerra de l'Eixample,37,2087,69,2,1
2024-01-01,2,Eixample,8,l'Antiga Esquerra de l'Eixample,37,2087,62,2,2
2024-01-01,2,Eixample,8,l'Antiga Esquerra de l'Eixample,37,2087,111,3,1
2024-01-01,2,Eixample,8,l'Antiga Esquerra de l'Eixample,37,2087,94,3,2
2024-01-01,2,Eixample,8,l'Antiga Esquerra de l'Eixample,38,2088,651,1,1
2024-01-01,2,Eixample,8,l'Antiga Esquerra de l'Eixample,38,2088,562,1,2
2024-01-01,2,Eixample,8,l'Antiga Esquerra de l'Eixample,38,2088,105,2,1
2024-01-01,2,Eixample,8,l'Antiga Esquerra de l'Eixample,38,2088,104,2,2
2024-01-01,2,Eixample,8,l'Antiga Esquerra de l'Eixample,38,2088,138,3,1
2024-01-01,2,Eixample,8,l'Antiga Esquerra de l'Eixample,38,2088,129,3,2
2024-01-01,2,Eixample,8,l'Antiga Esquerra de l'Eixample,38,2089,664,1,1
2024-01-01,2,Eixample,8,l'Antiga Esquerra de l'Eixample,38,2089,593,1,2
2024-01-01,2,Eixample,8,l'Antiga Esquerra de l'Eixample,38,2089,140,2,1
2024-01-01,2,Eixample,8,l'Antiga Esquerra de l'Eixample,38,2089,138,2,2
2024-01-01,2,Eixample,8,l'Antiga Esquerra de l'Eixample,38,2089,177,3,1
2024-01-01,2,Eixample,8,l'Antiga Esquerra de l'Eixample,38,2089,164,3,2
2024-01-01,2,Eixample,8,l'Antiga Esquerra de l'Eixample,38,2090,637,1,1
2024-01-01,2,Eixample,8,l'Antiga Esquerra de l'Eixample,38,2090,521,1,2
2024-01-01,2,Eixample,8,l'Antiga Esquerra de l'Eixample,38,2090,131,2,1
2024-01-01,2,Eixample,8,l'Antiga Esquerra de l'Eixample,38,2090,113,2,2
2024-01-01,2,Eixample,8,l'Antiga Esquerra de l'Eixample,38,2090,207,3,1
2024-01-01,2,Eixample,8,l'Antiga Esquerra de l'Eixample,38,2090,192,3,2
2024-01-01,2,Eixample,8,l'Antiga Esquerra de l'Eixample,39,2091,620,1,1
2024-01-01,2,Eixample,8,l'Antiga Esquerra de l'Eixample,39,2091,625,1,2
2024-01-01,2,Eixample,8,l'Antiga Esquerra de l'Eixample,39,2091,119,2,1
2024-01-01,2,Eixample,8,l'Antiga Esquerra de l'Eixample,39,2091,184,2,2
2024-01-01,2,Eixample,8,l'Antiga Esquerra de l'Eixample,39,2091,362,3,1
2024-01-01,2,Eixample,8,l'Antiga Esquerra de l'Eixample,39,2091,897,3,2
2024-01-01,2,Eixample,8,l'Antiga Esquerra de l'Eixample,39,2092,572,1,1
2024-01-01,2,Eixample,8,l'Antiga Esquerra de l'Eixample,39,2092,534,1,2
2024-01-01,2,Eixample,8,l'Antiga Esquerra de l'Eixample,39,2092,126,2,1
2024-01-01,2,Eixample,8,l'Antiga Esquerra de l'Eixample,39,2092,146,2,2
2024-01-01,2,Eixample,8,l'Antiga Esquerra de l'Eixample,39,2092,190,3,1
2024-01-01,2,Eixample,8,l'Antiga Esquerra de l'Eixample,39,2092,212,3,2
2024-01-01,2,Eixample,8,l'Antiga Esquerra de l'Eixample,40,2093,610,1,1
2024-01-01,2,Eixample,8,l'Antiga Esquerra de l'Eixample,40,2093,554,1,2
2024-01-01,2,Eixample,8,l'Antiga Esquerra de l'Eixample,40,2093,77,2,1
2024-01-01,2,Eixample,8,l'Antiga Esquerra de l'Eixample,40,2093,110,2,2
2024-01-01,2,Eixample,8,l'Antiga Esquerra de l'Eixample,40,2093,180,3,1
2024-01-01,2,Eixample,8,l'Antiga Esquerra de l'Eixample,40,2093,161,3,2
2024-01-01,2,Eixample,8,l'Antiga Esquerra de l'Eixample,40,2093,..,4,1
2024-01-01,2,Eixample,8,l'Antiga Esquerra de l'Eixample,40,2094,552,1,1
2024-01-01,2,Eixample,8,l'Antiga Esquerra de l'Eixample,40,2094,466,1,2
2024-01-01,2,Eixample,8,l'Antiga Esquerra de l'Eixample,40,2094,82,2,1
2024-01-01,2,Eixample,8,l'Antiga Esquerra de l'Eixample,40,2094,97,2,2
2024-01-01,2,Eixample,8,l'Antiga Esquerra de l'Eixample,40,2094,169,3,1
2024-01-01,2,Eixample,8,l'Antiga Esquerra de l'Eixample,40,2094,144,3,2
2024-01-01,2,Eixample,8,l'Antiga Esquerra de l'Eixample,40,2094,..,4,1
2024-01-01,2,Eixample,8,l'Antiga Esquerra de l'Eixample,40,2094,..,4,2
2024-01-01,2,Eixample,8,l'Antiga Esquerra de l'Eixample,40,2095,572,1,1
2024-01-01,2,Eixample,8,l'Antiga Esquerra de l'Eixample,40,2095,549,1,2
2024-01-01,2,Eixample,8,l'Antiga Esquerra de l'Eixample,40,2095,68,2,1
2024-01-01,2,Eixample,8,l'Antiga Esquerra de l'Eixample,40,2095,85,2,2
2024-01-01,2,Eixample,8,l'Antiga Esquerra de l'Eixample,40,2095,159,3,1
2024-01-01,2,Eixample,8,l'Antiga Esquerra de l'Eixample,40,2095,140,3,2
2024-01-01,2,Eixample,8,l'Antiga Esquerra de l'Eixample,40,2095,..,4,2
2024-01-01,2,Eixample,8,l'Antiga Esquerra de l'Eixample,40,2096,518,1,1
2024-01-01,2,Eixample,8,l'Antiga Esquerra de l'Eixample,40,2096,449,1,2
2024-01-01,2,Eixample,8,l'Antiga Esquerra de l'Eixample,40,2096,90,2,1
2024-01-01,2,Eixample,8,l'Antiga Esquerra de l'Eixample,40,2096,99,2,2
2024-01-01,2,Eixample,8,l'Antiga Esquerra de l'Eixample,40,2096,143,3,1
2024-01-01,2,Eixample,8,l'Antiga Esquerra de l'Eixample,40,2096,139,3,2
2024-01-01,2,Eixample,8,l'Antiga Esquerra de l'Eixample,40,2096,..,4,1
2024-01-01,2,Eixample,8,l'Antiga Esquerra de l'Eixample,40,2097,430,1,1
2024-01-01,2,Eixample,8,l'Antiga Esquerra de l'Eixample,40,2097,343,1,2
2024-01-01,2,Eixample,8,l'Antiga Esquerra de l'Eixample,40,2097,51,2,1
2024-01-01,2,Eixample,8,l'Antiga Esquerra de l'Eixample,40,2097,48,2,2
2024-01-01,2,Eixample,8,l'Antiga Esquerra de l'Eixample,40,2097,117,3,1
2024-01-01,2,Eixample,8,l'Antiga Esquerra de l'Eixample,40,2097,131,3,2
2024-01-01,2,Eixample,8,l'Antiga Esquerra de l'Eixample,41,2098,554,1,1
2024-01-01,2,Eixample,8,l'Antiga Esquerra de l'Eixample,41,2098,475,1,2
2024-01-01,2,Eixample,8,l'Antiga Esquerra de l'Eixample,41,2098,86,2,1
2024-01-01,2,Eixample,8,l'Antiga Esquerra de l'Eixample,41,2098,100,2,2
2024-01-01,2,Eixample,8,l'Antiga Esquerra de l'Eixample,41,2098,144,3,1
2024-01-01,2,Eixample,8,l'Antiga Esquerra de l'Eixample,41,2098,158,3,2
2024-01-01,2,Eixample,8,l'Antiga Esquerra de l'Eixample,41,2099,617,1,1
2024-01-01,2,Eixample,8,l'Antiga Esquerra de l'Eixample,41,2099,544,1,2
2024-01-01,2,Eixample,8,l'Antiga Esquerra de l'Eixample,41,2099,76,2,1
2024-01-01,2,Eixample,8,l'Antiga Esquerra de l'Eixample,41,2099,85,2,2
2024-01-01,2,Eixample,8,l'Antiga Esquerra de l'Eixample,41,2099,127,3,1
2024-01-01,2,Eixample,8,l'Antiga Esquerra de l'Eixample,41,2099,117,3,2
2024-01-01,2,Eixample,8,l'Antiga Esquerra de l'Eixample,41,2100,567,1,1
2024-01-01,2,Eixample,8,l'Antiga Esquerra de l'Eixample,41,2100,491,1,2
2024-01-01,2,Eixample,8,l'Antiga Esquerra de l'Eixample,41,2100,61,2,1
2024-01-01,2,Eixample,8,l'Antiga Esquerra de l'Eixample,41,2100,62,2,2
2024-01-01,2,Eixample,8,l'Antiga Esquerra de l'Eixample,41,2100,108,3,1
2024-01-01,2,Eixample,8,l'Antiga Esquerra de l'Eixample,41,2100,87,3,2
2024-01-01,2,Eixample,8,l'Antiga Esquerra de l'Eixample,41,2101,898,1,1
2024-01-01,2,Eixample,8,l'Antiga Esquerra de l'Eixample,41,2101,733,1,2
2024-01-01,2,Eixample,8,l'Antiga Esquerra de l'Eixample,41,2101,106,2,1
2024-01-01,2,Eixample,8,l'Antiga Esquerra de l'Eixample,41,2101,108,2,2
2024-01-01,2,Eixample,8,l'Antiga Esquerra de l'Eixample,41,2101,221,3,1
2024-01-01,2,Eixample,8,l'Antiga Esquerra de l'Eixample,41,2101,170,3,2
2024-01-01,2,Eixample,8,l'Antiga Esquerra de l'Eixample,42,2102,623,1,1
2024-01-01,2,Eixample,8,l'Antiga Esquerra de l'Eixample,42,2102,495,1,2
2024-01-01,2,Eixample,8,l'Antiga Esquerra de l'Eixample,42,2102,51,2,1
2024-01-01,2,Eixample,8,l'Antiga Esquerra de l'Eixample,42,2102,45,2,2
2024-01-01,2,Eixample,8,l'Antiga Esquerra de l'Eixample,42,2102,81,3,1
2024-01-01,2,Eixample,8,l'Antiga Esquerra de l'Eixample,42,2102,74,3,2
2024-01-01,2,Eixample,8,l'Antiga Esquerra de l'Eixample,42,2103,603,1,1
2024-01-01,2,Eixample,8,l'Antiga Esquerra de l'Eixample,42,2103,510,1,2
2024-01-01,2,Eixample,8,l'Antiga Esquerra de l'Eixample,42,2103,110,2,1
2024-01-01,2,Eixample,8,l'Antiga Esquerra de l'Eixample,42,2103,110,2,2
2024-01-01,2,Eixample,8,l'Antiga Esquerra de l'Eixample,42,2103,192,3,1
2024-01-01,2,Eixample,8,l'Antiga Esquerra de l'Eixample,42,2103,161,3,2
2024-01-01,2,Eixample,8,l'Antiga Esquerra de l'Eixample,42,2103,..,4,1
2024-01-01,2,Eixample,8,l'Antiga Esquerra de l'Eixample,42,2104,512,1,1
2024-01-01,2,Eixample,8,l'Antiga Esquerra de l'Eixample,42,2104,430,1,2
2024-01-01,2,Eixample,8,l'Antiga Esquerra de l'Eixample,42,2104,33,2,1
2024-01-01,2,Eixample,8,l'Antiga Esquerra de l'Eixample,42,2104,37,2,2
2024-01-01,2,Eixample,8,l'Antiga Esquerra de l'Eixample,42,2104,99,3,1
2024-01-01,2,Eixample,8,l'Antiga Esquerra de l'Eixample,42,2104,92,3,2
2024-01-01,2,Eixample,8,l'Antiga Esquerra de l'Eixample,42,2105,846,1,1
2024-01-01,2,Eixample,8,l'Antiga Esquerra de l'Eixample,42,2105,682,1,2
2024-01-01,2,Eixample,8,l'Antiga Esquerra de l'Eixample,42,2105,113,2,1
2024-01-01,2,Eixample,8,l'Antiga Esquerra de l'Eixample,42,2105,131,2,2
2024-01-01,2,Eixample,8,l'Antiga Esquerra de l'Eixample,42,2105,235,3,1
2024-01-01,2,Eixample,8,l'Antiga Esquerra de l'Eixample,42,2105,197,3,2
2024-01-01,2,Eixample,8,l'Antiga Esquerra de l'Eixample,43,2106,609,1,1
2024-01-01,2,Eixample,8,l'Antiga Esquerra de l'Eixample,43,2106,489,1,2
2024-01-01,2,Eixample,8,l'Antiga Esquerra de l'Eixample,43,2106,69,2,1
2024-01-01,2,Eixample,8,l'Antiga Esquerra de l'Eixample,43,2106,68,2,2
2024-01-01,2,Eixample,8,l'Antiga Esquerra de l'Eixample,43,2106,126,3,1
2024-01-01,2,Eixample,8,l'Antiga Esquerra de l'Eixample,43,2106,108,3,2
2024-01-01,2,Eixample,8,l'Antiga Esquerra de l'Eixample,43,2107,710,1,1
2024-01-01,2,Eixample,8,l'Antiga Esquerra de l'Eixample,43,2107,609,1,2
2024-01-01,2,Eixample,8,l'Antiga Esquerra de l'Eixample,43,2107,63,2,1
2024-01-01,2,Eixample,8,l'Antiga Esquerra de l'Eixample,43,2107,62,2,2
2024-01-01,2,Eixample,8,l'Antiga Esquerra de l'Eixample,43,2107,107,3,1
2024-01-01,2,Eixample,8,l'Antiga Esquerra de l'Eixample,43,2107,88,3,2
2024-01-01,2,Eixample,8,l'Antiga Esquerra de l'Eixample,43,2108,729,1,1
2024-01-01,2,Eixample,8,l'Antiga Esquerra de l'Eixample,43,2108,582,1,2
2024-01-01,2,Eixample,8,l'Antiga Esquerra de l'Eixample,43,2108,61,2,1
2024-01-01,2,Eixample,8,l'Antiga Esquerra de l'Eixample,43,2108,45,2,2
2024-01-01,2,Eixample,8,l'Antiga Esquerra de l'Eixample,43,2108,119,3,1
2024-01-01,2,Eixample,8,l'Antiga Esquerra de l'Eixample,43,2108,93,3,2
2024-01-01,2,Eixample,8,l'Antiga Esquerra de l'Eixample,43,2108,..,4,1
2024-01-01,2,Eixample,8,l'Antiga Esquerra de l'Eixample,43,2108,..,4,2
2024-01-01,2,Eixample,8,l'Antiga Esquerra de l'Eixample,43,2109,954,1,1
2024-01-01,2,Eixample,8,l'Antiga Esquerra de l'Eixample,43,2109,786,1,2
2024-01-01,2,Eixample,8,l'Antiga Esquerra de l'Eixample,43,2109,78,2,1
2024-01-01,2,Eixample,8,l'Antiga Esquerra de l'Eixample,43,2109,72,2,2
2024-01-01,2,Eixample,8,l'Antiga Esquerra de l'Eixample,43,2109,172,3,1
2024-01-01,2,Eixample,8,l'Antiga Esquerra de l'Eixample,43,2109,132,3,2
2024-01-01,2,Eixample,9,la Nova Esquerra de l'Eixample,44,2110,763,1,1
2024-01-01,2,Eixample,9,la Nova Esquerra de l'Eixample,44,2110,652,1,2
2024-01-01,2,Eixample,9,la Nova Esquerra de l'Eixample,44,2110,89,2,1
2024-01-01,2,Eixample,9,la Nova Esquerra de l'Eixample,44,2110,82,2,2
2024-01-01,2,Eixample,9,la Nova Esquerra de l'Eixample,44,2110,195,3,1
2024-01-01,2,Eixample,9,la Nova Esquerra de l'Eixample,44,2110,131,3,2
2024-01-01,2,Eixample,9,la Nova Esquerra de l'Eixample,44,2111,759,1,1
2024-01-01,2,Eixample,9,la Nova Esquerra de l'Eixample,44,2111,657,1,2
2024-01-01,2,Eixample,9,la Nova Esquerra de l'Eixample,44,2111,81,2,1
2024-01-01,2,Eixample,9,la Nova Esquerra de l'Eixample,44,2111,75,2,2
2024-01-01,2,Eixample,9,la Nova Esquerra de l'Eixample,44,2111,193,3,1
2024-01-01,2,Eixample,9,la Nova Esquerra de l'Eixample,44,2111,149,3,2
2024-01-01,2,Eixample,9,la Nova Esquerra de l'Eixample,44,2112,595,1,1
2024-01-01,2,Eixample,9,la Nova Esquerra de l'Eixample,44,2112,488,1,2
2024-01-01,2,Eixample,9,la Nova Esquerra de l'Eixample,44,2112,39,2,1
2024-01-01,2,Eixample,9,la Nova Esquerra de l'Eixample,44,2112,44,2,2
2024-01-01,2,Eixample,9,la Nova Esquerra de l'Eixample,44,2112,83,3,1
2024-01-01,2,Eixample,9,la Nova Esquerra de l'Eixample,44,2112,55,3,2
2024-01-01,2,Eixample,9,la Nova Esquerra de l'Eixample,44,2113,964,1,1
2024-01-01,2,Eixample,9,la Nova Esquerra de l'Eixample,44,2113,860,1,2
2024-01-01,2,Eixample,9,la Nova Esquerra de l'Eixample,44,2113,66,2,1
2024-01-01,2,Eixample,9,la Nova Esquerra de l'Eixample,44,2113,74,2,2
2024-01-01,2,Eixample,9,la Nova Esquerra de l'Eixample,44,2113,166,3,1
2024-01-01,2,Eixample,9,la Nova Esquerra de l'Eixample,44,2113,149,3,2
2024-01-01,2,Eixample,9,la Nova Esquerra de l'Eixample,44,2114,740,1,1
2024-01-01,2,Eixample,9,la Nova Esquerra de l'Eixample,44,2114,601,1,2
2024-01-01,2,Eixample,9,la Nova Esquerra de l'Eixample,44,2114,49,2,1
2024-01-01,2,Eixample,9,la Nova Esquerra de l'Eixample,44,2114,52,2,2
2024-01-01,2,Eixample,9,la Nova Esquerra de l'Eixample,44,2114,125,3,1
2024-01-01,2,Eixample,9,la Nova Esquerra de l'Eixample,44,2114,123,3,2
2024-01-01,2,Eixample,9,la Nova Esquerra de l'Eixample,45,2115,565,1,1
2024-01-01,2,Eixample,9,la Nova Esquerra de l'Eixample,45,2115,485,1,2
2024-01-01,2,Eixample,9,la Nova Esquerra de l'Eixample,45,2115,57,2,1
2024-01-01,2,Eixample,9,la Nova Esquerra de l'Eixample,45,2115,36,2,2
2024-01-01,2,Eixample,9,la Nova Esquerra de l'Eixample,45,2115,134,3,1
2024-01-01,2,Eixample,9,la Nova Esquerra de l'Eixample,45,2115,125,3,2
2024-01-01,2,Eixample,9,la Nova Esquerra de l'Eixample,45,2116,467,1,1
2024-01-01,2,Eixample,9,la Nova Esquerra de l'Eixample,45,2116,395,1,2
2024-01-01,2,Eixample,9,la Nova Esquerra de l'Eixample,45,2116,13,2,1
2024-01-01,2,Eixample,9,la Nova Esquerra de l'Eixample,45,2116,14,2,2
2024-01-01,2,Eixample,9,la Nova Esquerra de l'Eixample,45,2116,42,3,1
2024-01-01,2,Eixample,9,la Nova Esquerra de l'Eixample,45,2116,34,3,2
2024-01-01,2,Eixample,9,la Nova Esquerra de l'Eixample,45,2116,..,4,1
2024-01-01,2,Eixample,9,la Nova Esquerra de l'Eixample,45,2117,537,1,1
2024-01-01,2,Eixample,9,la Nova Esquerra de l'Eixample,45,2117,400,1,2
2024-01-01,2,Eixample,9,la Nova Esquerra de l'Eixample,45,2117,34,2,1
2024-01-01,2,Eixample,9,la Nova Esquerra de l'Eixample,45,2117,54,2,2
2024-01-01,2,Eixample,9,la Nova Esquerra de l'Eixample,45,2117,108,3,1
2024-01-01,2,Eixample,9,la Nova Esquerra de l'Eixample,45,2117,76,3,2
2024-01-01,2,Eixample,9,la Nova Esquerra de l'Eixample,45,2118,639,1,1
2024-01-01,2,Eixample,9,la Nova Esquerra de l'Eixample,45,2118,499,1,2
2024-01-01,2,Eixample,9,la Nova Esquerra de l'Eixample,45,2118,47,2,1
2024-01-01,2,Eixample,9,la Nova Esquerra de l'Eixample,45,2118,46,2,2
2024-01-01,2,Eixample,9,la Nova Esquerra de l'Eixample,45,2118,97,3,1
2024-01-01,2,Eixample,9,la Nova Esquerra de l'Eixample,45,2118,93,3,2
2024-01-01,2,Eixample,9,la Nova Esquerra de l'Eixample,45,2119,551,1,1
2024-01-01,2,Eixample,9,la Nova Esquerra de l'Eixample,45,2119,497,1,2
2024-01-01,2,Eixample,9,la Nova Esquerra de l'Eixample,45,2119,22,2,1
2024-01-01,2,Eixample,9,la Nova Esquerra de l'Eixample,45,2119,39,2,2
2024-01-01,2,Eixample,9,la Nova Esquerra de l'Eixample,45,2119,84,3,1
2024-01-01,2,Eixample,9,la Nova Esquerra de l'Eixample,45,2119,65,3,2
2024-01-01,2,Eixample,9,la Nova Esquerra de l'Eixample,45,2120,475,1,1
2024-01-01,2,Eixample,9,la Nova Esquerra de l'Eixample,45,2120,444,1,2
2024-01-01,2,Eixample,9,la Nova Esquerra de l'Eixample,45,2120,36,2,1
2024-01-01,2,Eixample,9,la Nova Esquerra de l'Eixample,45,2120,42,2,2
2024-01-01,2,Eixample,9,la Nova Esquerra de l'Eixample,45,2120,92,3,1
2024-01-01,2,Eixample,9,la Nova Esquerra de l'Eixample,45,2120,61,3,2
2024-01-01,2,Eixample,9,la Nova Esquerra de l'Eixample,45,2121,528,1,1
2024-01-01,2,Eixample,9,la Nova Esquerra de l'Eixample,45,2121,464,1,2
2024-01-01,2,Eixample,9,la Nova Esquerra de l'Eixample,45,2121,30,2,1
2024-01-01,2,Eixample,9,la Nova Esquerra de l'Eixample,45,2121,34,2,2
2024-01-01,2,Eixample,9,la Nova Esquerra de l'Eixample,45,2121,116,3,1
2024-01-01,2,Eixample,9,la Nova Esquerra de l'Eixample,45,2121,88,3,2
2024-01-01,2,Eixample,9,la Nova Esquerra de l'Eixample,45,2122,478,1,1
2024-01-01,2,Eixample,9,la Nova Esquerra de l'Eixample,45,2122,385,1,2
2024-01-01,2,Eixample,9,la Nova Esquerra de l'Eixample,45,2122,36,2,1
2024-01-01,2,Eixample,9,la Nova Esquerra de l'Eixample,45,2122,30,2,2
2024-01-01,2,Eixample,9,la Nova Esquerra de l'Eixample,45,2122,58,3,1
2024-01-01,2,Eixample,9,la Nova Esquerra de l'Eixample,45,2122,53,3,2
2024-01-01,2,Eixample,9,la Nova Esquerra de l'Eixample,45,2123,453,1,1
2024-01-01,2,Eixample,9,la Nova Esquerra de l'Eixample,45,2123,403,1,2
2024-01-01,2,Eixample,9,la Nova Esquerra de l'Eixample,45,2123,61,2,1
2024-01-01,2,Eixample,9,la Nova Esquerra de l'Eixample,45,2123,56,2,2
2024-01-01,2,Eixample,9,la Nova Esquerra de l'Eixample,45,2123,96,3,1
2024-01-01,2,Eixample,9,la Nova Esquerra de l'Eixample,45,2123,81,3,2
2024-01-01,2,Eixample,9,la Nova Esquerra de l'Eixample,46,2124,519,1,1
2024-01-01,2,Eixample,9,la Nova Esquerra de l'Eixample,46,2124,422,1,2
2024-01-01,2,Eixample,9,la Nova Esquerra de l'Eixample,46,2124,21,2,1
2024-01-01,2,Eixample,9,la Nova Esquerra de l'Eixample,46,2124,32,2,2
2024-01-01,2,Eixample,9,la Nova Esquerra de l'Eixample,46,2124,73,3,1
2024-01-01,2,Eixample,9,la Nova Esquerra de l'Eixample,46,2124,67,3,2
2024-01-01,2,Eixample,9,la Nova Esquerra de l'Eixample,46,2125,748,1,1
2024-01-01,2,Eixample,9,la Nova Esquerra de l'Eixample,46,2125,561,1,2
2024-01-01,2,Eixample,9,la Nova Esquerra de l'Eixample,46,2125,45,2,1
2024-01-01,2,Eixample,9,la Nova Esquerra de l'Eixample,46,2125,48,2,2
2024-01-01,2,Eixample,9,la Nova Esquerra de l'Eixample,46,2125,116,3,1
2024-01-01,2,Eixample,9,la Nova Esquerra de l'Eixample,46,2125,125,3,2
2024-01-01,2,Eixample,9,la Nova Esquerra de l'Eixample,46,2126,636,1,1
2024-01-01,2,Eixample,9,la Nova Esquerra de l'Eixample,46,2126,541,1,2
2024-01-01,2,Eixample,9,la Nova Esquerra de l'Eixample,46,2126,39,2,1
2024-01-01,2,Eixample,9,la Nova Esquerra de l'Eixample,46,2126,45,2,2
2024-01-01,2,Eixample,9,la Nova Esquerra de l'Eixample,46,2126,101,3,1
2024-01-01,2,Eixample,9,la Nova Esquerra de l'Eixample,46,2126,79,3,2
2024-01-01,2,Eixample,9,la Nova Esquerra de l'Eixample,46,2126,..,4,1
2024-01-01,2,Eixample,9,la Nova Esquerra de l'Eixample,46,2127,466,1,1
2024-01-01,2,Eixample,9,la Nova Esquerra de l'Eixample,46,2127,413,1,2
2024-01-01,2,Eixample,9,la Nova Esquerra de l'Eixample,46,2127,73,2,1
2024-01-01,2,Eixample,9,la Nova Esquerra de l'Eixample,46,2127,72,2,2
2024-01-01,2,Eixample,9,la Nova Esquerra de l'Eixample,46,2127,148,3,1
2024-01-01,2,Eixample,9,la Nova Esquerra de l'Eixample,46,2127,116,3,2
2024-01-01,2,Eixample,9,la Nova Esquerra de l'Eixample,46,2128,523,1,1
2024-01-01,2,Eixample,9,la Nova Esquerra de l'Eixample,46,2128,440,1,2
2024-01-01,2,Eixample,9,la Nova Esquerra de l'Eixample,46,2128,42,2,1
2024-01-01,2,Eixample,9,la Nova Esquerra de l'Eixample,46,2128,47,2,2
2024-01-01,2,Eixample,9,la Nova Esquerra de l'Eixample,46,2128,151,3,1
2024-01-01,2,Eixample,9,la Nova Esquerra de l'Eixample,46,2128,117,3,2
2024-01-01,2,Eixample,9,la Nova Esquerra de l'Eixample,46,2129,659,1,1
2024-01-01,2,Eixample,9,la Nova Esquerra de l'Eixample,46,2129,554,1,2
2024-01-01,2,Eixample,9,la Nova Esquerra de l'Eixample,46,2129,46,2,1
2024-01-01,2,Eixample,9,la Nova Esquerra de l'Eixample,46,2129,51,2,2
2024-01-01,2,Eixample,9,la Nova Esquerra de l'Eixample,46,2129,132,3,1
2024-01-01,2,Eixample,9,la Nova Esquerra de l'Eixample,46,2129,94,3,2
2024-01-01,2,Eixample,9,la Nova Esquerra de l'Eixample,47,2130,518,1,1
2024-01-01,2,Eixample,9,la Nova Esquerra de l'Eixample,47,2130,471,1,2
2024-01-01,2,Eixample,9,la Nova Esquerra de l'Eixample,47,2130,24,2,1
2024-01-01,2,Eixample,9,la Nova Esquerra de l'Eixample,47,2130,20,2,2
2024-01-01,2,Eixample,9,la Nova Esquerra de l'Eixample,47,2130,45,3,1
2024-01-01,2,Eixample,9,la Nova Esquerra de l'Eixample,47,2130,28,3,2
2024-01-01,2,Eixample,9,la Nova Esquerra de l'Eixample,47,2131,425,1,1
2024-01-01,2,Eixample,9,la Nova Esquerra de l'Eixample,47,2131,386,1,2
2024-01-01,2,Eixample,9,la Nova Esquerra de l'Eixample,47,2131,50,2,1
2024-01-01,2,Eixample,9,la Nova Esquerra de l'Eixample,47,2131,34,2,2
2024-01-01,2,Eixample,9,la Nova Esquerra de l'Eixample,47,2131,133,3,1
2024-01-01,2,Eixample,9,la Nova Esquerra de l'Eixample,47,2131,103,3,2
2024-01-01,2,Eixample,9,la Nova Esquerra de l'Eixample,47,2132,405,1,1
2024-01-01,2,Eixample,9,la Nova Esquerra de l'Eixample,47,2132,396,1,2
2024-01-01,2,Eixample,9,la Nova Esquerra de l'Eixample,47,2132,27,2,1
2024-01-01,2,Eixample,9,la Nova Esquerra de l'Eixample,47,2132,32,2,2
2024-01-01,2,Eixample,9,la Nova Esquerra de l'Eixample,47,2132,72,3,1
2024-01-01,2,Eixample,9,la Nova Esquerra de l'Eixample,47,2132,71,3,2
2024-01-01,2,Eixample,9,la Nova Esquerra de l'Eixample,47,2132,..,4,1
2024-01-01,2,Eixample,9,la Nova Esquerra de l'Eixample,47,2133,410,1,1
2024-01-01,2,Eixample,9,la Nova Esquerra de l'Eixample,47,2133,338,1,2
2024-01-01,2,Eixample,9,la Nova Esquerra de l'Eixample,47,2133,22,2,1
2024-01-01,2,Eixample,9,la Nova Esquerra de l'Eixample,47,2133,15,2,2
2024-01-01,2,Eixample,9,la Nova Esquerra de l'Eixample,47,2133,51,3,1
2024-01-01,2,Eixample,9,la Nova Esquerra de l'Eixample,47,2133,39,3,2
2024-01-01,2,Eixample,9,la Nova Esquerra de l'Eixample,47,2134,589,1,1
2024-01-01,2,Eixample,9,la Nova Esquerra de l'Eixample,47,2134,533,1,2
2024-01-01,2,Eixample,9,la Nova Esquerra de l'Eixample,47,2134,59,2,1
2024-01-01,2,Eixample,9,la Nova Esquerra de l'Eixample,47,2134,61,2,2
2024-01-01,2,Eixample,9,la Nova Esquerra de l'Eixample,47,2134,116,3,1
2024-01-01,2,Eixample,9,la Nova Esquerra de l'Eixample,47,2134,109,3,2
2024-01-01,2,Eixample,9,la Nova Esquerra de l'Eixample,47,2134,..,4,1
2024-01-01,2,Eixample,9,la Nova Esquerra de l'Eixample,47,2135,846,1,1
2024-01-01,2,Eixample,9,la Nova Esquerra de l'Eixample,47,2135,712,1,2
2024-01-01,2,Eixample,9,la Nova Esquerra de l'Eixample,47,2135,86,2,1
2024-01-01,2,Eixample,9,la Nova Esquerra de l'Eixample,47,2135,90,2,2
2024-01-01,2,Eixample,9,la Nova Esquerra de l'Eixample,47,2135,214,3,1
2024-01-01,2,Eixample,9,la Nova Esquerra de l'Eixample,47,2135,163,3,2
2024-01-01,2,Eixample,9,la Nova Esquerra de l'Eixample,47,2136,372,1,1
2024-01-01,2,Eixample,9,la Nova Esquerra de l'Eixample,47,2136,306,1,2
2024-01-01,2,Eixample,9,la Nova Esquerra de l'Eixample,47,2136,21,2,1
2024-01-01,2,Eixample,9,la Nova Esquerra de l'Eixample,47,2136,30,2,2
2024-01-01,2,Eixample,9,la Nova Esquerra de l'Eixample,47,2136,62,3,1
2024-01-01,2,Eixample,9,la Nova Esquerra de l'Eixample,47,2136,88,3,2
2024-01-01,2,Eixample,9,la Nova Esquerra de l'Eixample,48,2137,566,1,1
2024-01-01,2,Eixample,9,la Nova Esquerra de l'Eixample,48,2137,478,1,2
2024-01-01,2,Eixample,9,la Nova Esquerra de l'Eixample,48,2137,67,2,1
2024-01-01,2,Eixample,9,la Nova Esquerra de l'Eixample,48,2137,74,2,2
2024-01-01,2,Eixample,9,la Nova Esquerra de l'Eixample,48,2137,172,3,1
2024-01-01,2,Eixample,9,la Nova Esquerra de l'Eixample,48,2137,145,3,2
2024-01-01,2,Eixample,9,la Nova Esquerra de l'Eixample,48,2137,..,4,1
2024-01-01,2,Eixample,9,la Nova Esquerra de l'Eixample,48,2137,..,4,2
2024-01-01,2,Eixample,9,la Nova Esquerra de l'Eixample,48,2138,807,1,1
2024-01-01,2,Eixample,9,la Nova Esquerra de l'Eixample,48,2138,690,1,2
2024-01-01,2,Eixample,9,la Nova Esquerra de l'Eixample,48,2138,56,2,1
2024-01-01,2,Eixample,9,la Nova Esquerra de l'Eixample,48,2138,84,2,2
2024-01-01,2,Eixample,9,la Nova Esquerra de l'Eixample,48,2138,188,3,1
2024-01-01,2,Eixample,9,la Nova Esquerra de l'Eixample,48,2138,140,3,2
2024-01-01,2,Eixample,9,la Nova Esquerra de l'Eixample,48,2138,..,4,2
2024-01-01,2,Eixample,9,la Nova Esquerra de l'Eixample,48,2139,618,1,1
2024-01-01,2,Eixample,9,la Nova Esquerra de l'Eixample,48,2139,527,1,2
2024-01-01,2,Eixample,9,la Nova Esquerra de l'Eixample,48,2139,81,2,1
2024-01-01,2,Eixample,9,la Nova Esquerra de l'Eixample,48,2139,109,2,2
2024-01-01,2,Eixample,9,la Nova Esquerra de l'Eixample,48,2139,206,3,1
2024-01-01,2,Eixample,9,la Nova Esquerra de l'Eixample,48,2139,152,3,2
2024-01-01,2,Eixample,9,la Nova Esquerra de l'Eixample,48,2139,..,4,1
2024-01-01,2,Eixample,9,la Nova Esquerra de l'Eixample,48,2140,772,1,1
2024-01-01,2,Eixample,9,la Nova Esquerra de l'Eixample,48,2140,686,1,2
2024-01-01,2,Eixample,9,la Nova Esquerra de l'Eixample,48,2140,83,2,1
2024-01-01,2,Eixample,9,la Nova Esquerra de l'Eixample,48,2140,86,2,2
2024-01-01,2,Eixample,9,la Nova Esquerra de l'Eixample,48,2140,151,3,1
2024-01-01,2,Eixample,9,la Nova Esquerra de l'Eixample,48,2140,128,3,2
2024-01-01,2,Eixample,9,la Nova Esquerra de l'Eixample,48,2140,..,4,1
2024-01-01,2,Eixample,9,la Nova Esquerra de l'Eixample,48,2141,521,1,1
2024-01-01,2,Eixample,9,la Nova Esquerra de l'Eixample,48,2141,404,1,2
2024-01-01,2,Eixample,9,la Nova Esquerra de l'Eixample,48,2141,31,2,1
2024-01-01,2,Eixample,9,la Nova Esquerra de l'Eixample,48,2141,39,2,2
2024-01-01,2,Eixample,9,la Nova Esquerra de l'Eixample,48,2141,125,3,1
2024-01-01,2,Eixample,9,la Nova Esquerra de l'Eixample,48,2141,105,3,2
2024-01-01,2,Eixample,9,la Nova Esquerra de l'Eixample,49,2142,754,1,1
2024-01-01,2,Eixample,9,la Nova Esquerra de l'Eixample,49,2142,665,1,2
2024-01-01,2,Eixample,9,la Nova Esquerra de l'Eixample,49,2142,72,2,1
2024-01-01,2,Eixample,9,la Nova Esquerra de l'Eixample,49,2142,83,2,2
2024-01-01,2,Eixample,9,la Nova Esquerra de l'Eixample,49,2142,193,3,1
2024-01-01,2,Eixample,9,la Nova Esquerra de l'Eixample,49,2142,205,3,2
2024-01-01,2,Eixample,9,la Nova Esquerra de l'Eixample,49,2143,556,1,1
2024-01-01,2,Eixample,9,la Nova Esquerra de l'Eixample,49,2143,527,1,2
2024-01-01,2,Eixample,9,la Nova Esquerra de l'Eixample,49,2143,75,2,1
2024-01-01,2,Eixample,9,la Nova Esquerra de l'Eixample,49,2143,94,2,2
2024-01-01,2,Eixample,9,la Nova Esquerra de l'Eixample,49,2143,158,3,1
2024-01-01,2,Eixample,9,la Nova Esquerra de l'Eixample,49,2143,151,3,2
2024-01-01,2,Eixample,9,la Nova Esquerra de l'Eixample,49,2143,..,4,2
2024-01-01,2,Eixample,9,la Nova Esquerra de l'Eixample,49,2144,571,1,1
2024-01-01,2,Eixample,9,la Nova Esquerra de l'Eixample,49,2144,486,1,2
2024-01-01,2,Eixample,9,la Nova Esquerra de l'Eixample,49,2144,85,2,1
2024-01-01,2,Eixample,9,la Nova Esquerra de l'Eixample,49,2144,103,2,2
2024-01-01,2,Eixample,9,la Nova Esquerra de l'Eixample,49,2144,139,3,1
2024-01-01,2,Eixample,9,la Nova Esquerra de l'Eixample,49,2144,152,3,2
2024-01-01,2,Eixample,9,la Nova Esquerra de l'Eixample,49,2144,5,4,1
2024-01-01,2,Eixample,9,la Nova Esquerra de l'Eixample,49,2144,..,4,2
2024-01-01,2,Eixample,9,la Nova Esquerra de l'Eixample,49,2145,436,1,1
2024-01-01,2,Eixample,9,la Nova Esquerra de l'Eixample,49,2145,405,1,2
2024-01-01,2,Eixample,9,la Nova Esquerra de l'Eixample,49,2145,63,2,1
2024-01-01,2,Eixample,9,la Nova Esquerra de l'Eixample,49,2145,62,2,2
2024-01-01,2,Eixample,9,la Nova Esquerra de l'Eixample,49,2145,134,3,1
2024-01-01,2,Eixample,9,la Nova Esquerra de l'Eixample,49,2145,138,3,2
2024-01-01,2,Eixample,9,la Nova Esquerra de l'Eixample,50,2146,486,1,1
2024-01-01,2,Eixample,9,la Nova Esquerra de l'Eixample,50,2146,410,1,2
2024-01-01,2,Eixample,9,la Nova Esquerra de l'Eixample,50,2146,52,2,1
2024-01-01,2,Eixample,9,la Nova Esquerra de l'Eixample,50,2146,54,2,2
2024-01-01,2,Eixample,9,la Nova Esquerra de l'Eixample,50,2146,133,3,1
2024-01-01,2,Eixample,9,la Nova Esquerra de l'Eixample,50,2146,97,3,2
2024-01-01,2,Eixample,9,la Nova Esquerra de l'Eixample,50,2146,..,4,1
2024-01-01,2,Eixample,9,la Nova Esquerra de l'Eixample,50,2146,..,4,2
2024-01-01,2,Eixample,9,la Nova Esquerra de l'Eixample,50,2147,837,1,1
2024-01-01,2,Eixample,9,la Nova Esquerra de l'Eixample,50,2147,757,1,2
2024-01-01,2,Eixample,9,la Nova Esquerra de l'Eixample,50,2147,76,2,1
2024-01-01,2,Eixample,9,la Nova Esquerra de l'Eixample,50,2147,82,2,2
2024-01-01,2,Eixample,9,la Nova Esquerra de l'Eixample,50,2147,200,3,1
2024-01-01,2,Eixample,9,la Nova Esquerra de l'Eixample,50,2147,165,3,2
2024-01-01,2,Eixample,9,la Nova Esquerra de l'Eixample,50,2148,620,1,1
2024-01-01,2,Eixample,9,la Nova Esquerra de l'Eixample,50,2148,551,1,2
2024-01-01,2,Eixample,9,la Nova Esquerra de l'Eixample,50,2148,60,2,1
2024-01-01,2,Eixample,9,la Nova Esquerra de l'Eixample,50,2148,89,2,2
2024-01-01,2,Eixample,9,la Nova Esquerra de l'Eixample,50,2148,140,3,1
2024-01-01,2,Eixample,9,la Nova Esquerra de l'Eixample,50,2148,107,3,2
2024-01-01,2,Eixample,9,la Nova Esquerra de l'Eixample,50,2148,..,4,1
2024-01-01,2,Eixample,9,la Nova Esquerra de l'Eixample,50,2149,692,1,1
2024-01-01,2,Eixample,9,la Nova Esquerra de l'Eixample,50,2149,629,1,2
2024-01-01,2,Eixample,9,la Nova Esquerra de l'Eixample,50,2149,89,2,1
2024-01-01,2,Eixample,9,la Nova Esquerra de l'Eixample,50,2149,93,2,2
2024-01-01,2,Eixample,9,la Nova Esquerra de l'Eixample,50,2149,178,3,1
2024-01-01,2,Eixample,9,la Nova Esquerra de l'Eixample,50,2149,194,3,2
2024-01-01,2,Eixample,10,Sant Antoni,51,2150,539,1,1
2024-01-01,2,Eixample,10,Sant Antoni,51,2150,487,1,2
2024-01-01,2,Eixample,10,Sant Antoni,51,2150,68,2,1
2024-01-01,2,Eixample,10,Sant Antoni,51,2150,76,2,2
2024-01-01,2,Eixample,10,Sant Antoni,51,2150,186,3,1
2024-01-01,2,Eixample,10,Sant Antoni,51,2150,192,3,2
2024-01-01,2,Eixample,10,Sant Antoni,51,2151,579,1,1
2024-01-01,2,Eixample,10,Sant Antoni,51,2151,479,1,2
2024-01-01,2,Eixample,10,Sant Antoni,51,2151,77,2,1
2024-01-01,2,Eixample,10,Sant Antoni,51,2151,76,2,2
2024-01-01,2,Eixample,10,Sant Antoni,51,2151,143,3,1
2024-01-01,2,Eixample,10,Sant Antoni,51,2151,141,3,2
2024-01-01,2,Eixample,10,Sant Antoni,51,2151,..,4,1
2024-01-01,2,Eixample,10,Sant Antoni,51,2152,514,1,1
2024-01-01,2,Eixample,10,Sant Antoni,51,2152,433,1,2
2024-01-01,2,Eixample,10,Sant Antoni,51,2152,42,2,1
2024-01-01,2,Eixample,10,Sant Antoni,51,2152,60,2,2
2024-01-01,2,Eixample,10,Sant Antoni,51,2152,103,3,1
2024-01-01,2,Eixample,10,Sant Antoni,51,2152,99,3,2
2024-01-01,2,Eixample,10,Sant Antoni,51,2153,595,1,1
2024-01-01,2,Eixample,10,Sant Antoni,51,2153,496,1,2
2024-01-01,2,Eixample,10,Sant Antoni,51,2153,46,2,1
2024-01-01,2,Eixample,10,Sant Antoni,51,2153,59,2,2
2024-01-01,2,Eixample,10,Sant Antoni,51,2153,118,3,1
2024-01-01,2,Eixample,10,Sant Antoni,51,2153,97,3,2
2024-01-01,2,Eixample,10,Sant Antoni,51,2154,373,1,1
2024-01-01,2,Eixample,10,Sant Antoni,51,2154,311,1,2
2024-01-01,2,Eixample,10,Sant Antoni,51,2154,56,2,1
2024-01-01,2,Eixample,10,Sant Antoni,51,2154,61,2,2
2024-01-01,2,Eixample,10,Sant Antoni,51,2154,156,3,1
2024-01-01,2,Eixample,10,Sant Antoni,51,2154,105,3,2
2024-01-01,2,Eixample,10,Sant Antoni,51,2155,768,1,1
2024-01-01,2,Eixample,10,Sant Antoni,51,2155,660,1,2
2024-01-01,2,Eixample,10,Sant Antoni,51,2155,46,2,1
2024-01-01,2,Eixample,10,Sant Antoni,51,2155,74,2,2
2024-01-01,2,Eixample,10,Sant Antoni,51,2155,161,3,1
2024-01-01,2,Eixample,10,Sant Antoni,51,2155,149,3,2
2024-01-01,2,Eixample,10,Sant Antoni,51,2156,543,1,1
2024-01-01,2,Eixample,10,Sant Antoni,51,2156,489,1,2
2024-01-01,2,Eixample,10,Sant Antoni,51,2156,49,2,1
2024-01-01,2,Eixample,10,Sant Antoni,51,2156,45,2,2
2024-01-01,2,Eixample,10,Sant Antoni,51,2156,101,3,1
2024-01-01,2,Eixample,10,Sant Antoni,51,2156,75,3,2
2024-01-01,2,Eixample,10,Sant Antoni,51,2157,506,1,1
2024-01-01,2,Eixample,10,Sant Antoni,51,2157,424,1,2
2024-01-01,2,Eixample,10,Sant Antoni,51,2157,60,2,1
2024-01-01,2,Eixample,10,Sant Antoni,51,2157,59,2,2
2024-01-01,2,Eixample,10,Sant Antoni,51,2157,109,3,1
2024-01-01,2,Eixample,10,Sant Antoni,51,2157,104,3,2
2024-01-01,2,Eixample,10,Sant Antoni,52,2158,654,1,1
2024-01-01,2,Eixample,10,Sant Antoni,52,2158,576,1,2
2024-01-01,2,Eixample,10,Sant Antoni,52,2158,80,2,1
2024-01-01,2,Eixample,10,Sant Antoni,52,2158,65,2,2
2024-01-01,2,Eixample,10,Sant Antoni,52,2158,155,3,1
2024-01-01,2,Eixample,10,Sant Antoni,52,2158,168,3,2
2024-01-01,2,Eixample,10,Sant Antoni,52,2159,749,1,1
2024-01-01,2,Eixample,10,Sant Antoni,52,2159,665,1,2
2024-01-01,2,Eixample,10,Sant Antoni,52,2159,83,2,1
2024-01-01,2,Eixample,10,Sant Antoni,52,2159,99,2,2
2024-01-01,2,Eixample,10,Sant Antoni,52,2159,175,3,1
2024-01-01,2,Eixample,10,Sant Antoni,52,2159,168,3,2
2024-01-01,2,Eixample,10,Sant Antoni,52,2159,..,4,2
2024-01-01,2,Eixample,10,Sant Antoni,52,2160,776,1,1
2024-01-01,2,Eixample,10,Sant Antoni,52,2160,722,1,2
2024-01-01,2,Eixample,10,Sant Antoni,52,2160,85,2,1
2024-01-01,2,Eixample,10,Sant Antoni,52,2160,98,2,2
2024-01-01,2,Eixample,10,Sant Antoni,52,2160,157,3,1
2024-01-01,2,Eixample,10,Sant Antoni,52,2160,146,3,2
2024-01-01,2,Eixample,10,Sant Antoni,52,2160,..,4,1
2024-01-01,2,Eixample,10,Sant Antoni,52,2161,428,1,1
2024-01-01,2,Eixample,10,Sant Antoni,52,2161,386,1,2
2024-01-01,2,Eixample,10,Sant Antoni,52,2161,63,2,1
2024-01-01,2,Eixample,10,Sant Antoni,52,2161,74,2,2
2024-01-01,2,Eixample,10,Sant Antoni,52,2161,108,3,1
2024-01-01,2,Eixample,10,Sant Antoni,52,2161,99,3,2
2024-01-01,2,Eixample,10,Sant Antoni,52,2162,539,1,1
2024-01-01,2,Eixample,10,Sant Antoni,52,2162,470,1,2
2024-01-01,2,Eixample,10,Sant Antoni,52,2162,63,2,1
2024-01-01,2,Eixample,10,Sant Antoni,52,2162,69,2,2
2024-01-01,2,Eixample,10,Sant Antoni,52,2162,131,3,1
2024-01-01,2,Eixample,10,Sant Antoni,52,2162,137,3,2
2024-01-01,2,Eixample,10,Sant Antoni,53,2163,700,1,1
2024-01-01,2,Eixample,10,Sant Antoni,53,2163,605,1,2
2024-01-01,2,Eixample,10,Sant Antoni,53,2163,72,2,1
2024-01-01,2,Eixample,10,Sant Antoni,53,2163,79,2,2
2024-01-01,2,Eixample,10,Sant Antoni,53,2163,157,3,1
2024-01-01,2,Eixample,10,Sant Antoni,53,2163,225,3,2
2024-01-01,2,Eixample,10,Sant Antoni,53,2164,502,1,1
2024-01-01,2,Eixample,10,Sant Antoni,53,2164,485,1,2
2024-01-01,2,Eixample,10,Sant Antoni,53,2164,91,2,1
2024-01-01,2,Eixample,10,Sant Antoni,53,2164,109,2,2
2024-01-01,2,Eixample,10,Sant Antoni,53,2164,208,3,1
2024-01-01,2,Eixample,10,Sant Antoni,53,2164,173,3,2
2024-01-01,2,Eixample,10,Sant Antoni,53,2164,..,4,1
2024-01-01,2,Eixample,10,Sant Antoni,53,2165,627,1,1
2024-01-01,2,Eixample,10,Sant Antoni,53,2165,557,1,2
2024-01-01,2,Eixample,10,Sant Antoni,53,2165,92,2,1
2024-01-01,2,Eixample,10,Sant Antoni,53,2165,106,2,2
2024-01-01,2,Eixample,10,Sant Antoni,53,2165,157,3,1
2024-01-01,2,Eixample,10,Sant Antoni,53,2165,145,3,2
2024-01-01,2,Eixample,10,Sant Antoni,53,2165,..,4,1
2024-01-01,2,Eixample,10,Sant Antoni,54,2166,769,1,1
2024-01-01,2,Eixample,10,Sant Antoni,54,2166,684,1,2
2024-01-01,2,Eixample,10,Sant Antoni,54,2166,103,2,1
2024-01-01,2,Eixample,10,Sant Antoni,54,2166,98,2,2
2024-01-01,2,Eixample,10,Sant Antoni,54,2166,231,3,1
2024-01-01,2,Eixample,10,Sant Antoni,54,2166,221,3,2
2024-01-01,2,Eixample,10,Sant Antoni,54,2166,..,4,1
2024-01-01,2,Eixample,10,Sant Antoni,54,2167,872,1,1
2024-01-01,2,Eixample,10,Sant Antoni,54,2167,805,1,2
2024-01-01,2,Eixample,10,Sant Antoni,54,2167,72,2,1
2024-01-01,2,Eixample,10,Sant Antoni,54,2167,99,2,2
2024-01-01,2,Eixample,10,Sant Antoni,54,2167,157,3,1
2024-01-01,2,Eixample,10,Sant Antoni,54,2167,167,3,2
2024-01-01,2,Eixample,10,Sant Antoni,54,2168,869,1,1
2024-01-01,2,Eixample,10,Sant Antoni,54,2168,728,1,2
2024-01-01,2,Eixample,10,Sant Antoni,54,2168,108,2,1
2024-01-01,2,Eixample,10,Sant Antoni,54,2168,103,2,2
2024-01-01,2,Eixample,10,Sant Antoni,54,2168,240,3,1
2024-01-01,2,Eixample,10,Sant Antoni,54,2168,210,3,2
2024-01-01,2,Eixample,10,Sant Antoni,55,2169,572,1,1
2024-01-01,2,Eixample,10,Sant Antoni,55,2169,531,1,2
2024-01-01,2,Eixample,10,Sant Antoni,55,2169,86,2,1
2024-01-01,2,Eixample,10,Sant Antoni,55,2169,74,2,2
2024-01-01,2,Eixample,10,Sant Antoni,55,2169,119,3,1
2024-01-01,2,Eixample,10,Sant Antoni,55,2169,141,3,2
2024-01-01,2,Eixample,10,Sant Antoni,55,2170,622,1,1
2024-01-01,2,Eixample,10,Sant Antoni,55,2170,534,1,2
2024-01-01,2,Eixample,10,Sant Antoni,55,2170,63,2,1
2024-01-01,2,Eixample,10,Sant Antoni,55,2170,68,2,2
2024-01-01,2,Eixample,10,Sant Antoni,55,2170,124,3,1
2024-01-01,2,Eixample,10,Sant Antoni,55,2170,126,3,2
2024-01-01,2,Eixample,10,Sant Antoni,55,2170,..,4,1
2024-01-01,2,Eixample,10,Sant Antoni,55,2171,599,1,1
2024-01-01,2,Eixample,10,Sant Antoni,55,2171,507,1,2
2024-01-01,2,Eixample,10,Sant Antoni,55,2171,59,2,1
2024-01-01,2,Eixample,10,Sant Antoni,55,2171,74,2,2
2024-01-01,2,Eixample,10,Sant Antoni,55,2171,173,3,1
2024-01-01,2,Eixample,10,Sant Antoni,55,2171,211,3,2
2024-01-01,2,Eixample,10,Sant Antoni,55,2171,..,4,2
2024-01-01,2,Eixample,10,Sant Antoni,55,2172,576,1,1
2024-01-01,2,Eixample,10,Sant Antoni,55,2172,497,1,2
2024-01-01,2,Eixample,10,Sant Antoni,55,2172,76,2,1
2024-01-01,2,Eixample,10,Sant Antoni,55,2172,75,2,2
2024-01-01,2,Eixample,10,Sant Antoni,55,2172,137,3,1
2024-01-01,2,Eixample,10,Sant Antoni,55,2172,127,3,2
2024-01-01,2,Eixample,10,Sant Antoni,55,2173,600,1,1
2024-01-01,2,Eixample,10,Sant Antoni,55,2173,521,1,2
2024-01-01,2,Eixample,10,Sant Antoni,55,2173,64,2,1
2024-01-01,2,Eixample,10,Sant Antoni,55,2173,71,2,2
2024-01-01,2,Eixample,10,Sant Antoni,55,2173,130,3,1
2024-01-01,2,Eixample,10,Sant Antoni,55,2173,127,3,2
2024-01-01,3,Sants-Montjuïc,11,el Poble-sec,56,3001,679,1,1
2024-01-01,3,Sants-Montjuïc,11,el Poble-sec,56,3001,553,1,2
2024-01-01,3,Sants-Montjuïc,11,el Poble-sec,56,3001,74,2,1
2024-01-01,3,Sants-Montjuïc,11,el Poble-sec,56,3001,88,2,2
2024-01-01,3,Sants-Montjuïc,11,el Poble-sec,56,3001,161,3,1
2024-01-01,3,Sants-Montjuïc,11,el Poble-sec,56,3001,161,3,2
2024-01-01,3,Sants-Montjuïc,11,el Poble-sec,56,3002,689,1,1
2024-01-01,3,Sants-Montjuïc,11,el Poble-sec,56,3002,627,1,2
2024-01-01,3,Sants-Montjuïc,11,el Poble-sec,56,3002,82,2,1
2024-01-01,3,Sants-Montjuïc,11,el Poble-sec,56,3002,106,2,2
2024-01-01,3,Sants-Montjuïc,11,el Poble-sec,56,3002,191,3,1
2024-01-01,3,Sants-Montjuïc,11,el Poble-sec,56,3002,196,3,2
2024-01-01,3,Sants-Montjuïc,11,el Poble-sec,56,3003,546,1,1
2024-01-01,3,Sants-Montjuïc,11,el Poble-sec,56,3003,489,1,2
2024-01-01,3,Sants-Montjuïc,11,el Poble-sec,56,3003,98,2,1
2024-01-01,3,Sants-Montjuïc,11,el Poble-sec,56,3003,67,2,2
2024-01-01,3,Sants-Montjuïc,11,el Poble-sec,56,3003,203,3,1
2024-01-01,3,Sants-Montjuïc,11,el Poble-sec,56,3003,245,3,2
2024-01-01,3,Sants-Montjuïc,11,el Poble-sec,56,3004,589,1,1
2024-01-01,3,Sants-Montjuïc,11,el Poble-sec,56,3004,510,1,2
2024-01-01,3,Sants-Montjuïc,11,el Poble-sec,56,3004,72,2,1
2024-01-01,3,Sants-Montjuïc,11,el Poble-sec,56,3004,65,2,2
2024-01-01,3,Sants-Montjuïc,11,el Poble-sec,56,3004,154,3,1
2024-01-01,3,Sants-Montjuïc,11,el Poble-sec,56,3004,145,3,2
2024-01-01,3,Sants-Montjuïc,11,el Poble-sec,56,3004,..,4,1
2024-01-01,3,Sants-Montjuïc,11,el Poble-sec,56,3005,449,1,1
2024-01-01,3,Sants-Montjuïc,11,el Poble-sec,56,3005,401,1,2
2024-01-01,3,Sants-Montjuïc,11,el Poble-sec,56,3005,62,2,1
2024-01-01,3,Sants-Montjuïc,11,el Poble-sec,56,3005,61,2,2
2024-01-01,3,Sants-Montjuïc,11,el Poble-sec,56,3005,126,3,1
2024-01-01,3,Sants-Montjuïc,11,el Poble-sec,56,3005,144,3,2
2024-01-01,3,Sants-Montjuïc,11,el Poble-sec,56,3006,465,1,1
2024-01-01,3,Sants-Montjuïc,11,el Poble-sec,56,3006,460,1,2
2024-01-01,3,Sants-Montjuïc,11,el Poble-sec,56,3006,86,2,1
2024-01-01,3,Sants-Montjuïc,11,el Poble-sec,56,3006,80,2,2
2024-01-01,3,Sants-Montjuïc,11,el Poble-sec,56,3006,134,3,1
2024-01-01,3,Sants-Montjuïc,11,el Poble-sec,56,3006,170,3,2
2024-01-01,3,Sants-Montjuïc,11,el Poble-sec,56,3006,..,4,2
2024-01-01,3,Sants-Montjuïc,11,el Poble-sec,56,3007,597,1,1
2024-01-01,3,Sants-Montjuïc,11,el Poble-sec,56,3007,529,1,2
2024-01-01,3,Sants-Montjuïc,11,el Poble-sec,56,3007,84,2,1
2024-01-01,3,Sants-Montjuïc,11,el Poble-sec,56,3007,71,2,2
2024-01-01,3,Sants-Montjuïc,11,el Poble-sec,56,3007,191,3,1
2024-01-01,3,Sants-Montjuïc,11,el Poble-sec,56,3007,187,3,2
2024-01-01,3,Sants-Montjuïc,11,el Poble-sec,56,3008,411,1,1
2024-01-01,3,Sants-Montjuïc,11,el Poble-sec,56,3008,359,1,2
2024-01-01,3,Sants-Montjuïc,11,el Poble-sec,56,3008,71,2,1
2024-01-01,3,Sants-Montjuïc,11,el Poble-sec,56,3008,61,2,2
2024-01-01,3,Sants-Montjuïc,11,el Poble-sec,56,3008,124,3,1
2024-01-01,3,Sants-Montjuïc,11,el Poble-sec,56,3008,127,3,2
2024-01-01,3,Sants-Montjuïc,11,el Poble-sec,56,3009,461,1,1
2024-01-01,3,Sants-Montjuïc,11,el Poble-sec,56,3009,369,1,2
2024-01-01,3,Sants-Montjuïc,11,el Poble-sec,56,3009,48,2,1
2024-01-01,3,Sants-Montjuïc,11,el Poble-sec,56,3009,61,2,2
2024-01-01,3,Sants-Montjuïc,11,el Poble-sec,56,3009,131,3,1
2024-01-01,3,Sants-Montjuïc,11,el Poble-sec,56,3009,134,3,2
2024-01-01,3,Sants-Montjuïc,11,el Poble-sec,57,3010,558,1,1
2024-01-01,3,Sants-Montjuïc,11,el Poble-sec,57,3010,540,1,2
2024-01-01,3,Sants-Montjuïc,11,el Poble-sec,57,3010,92,2,1
2024-01-01,3,Sants-Montjuïc,11,el Poble-sec,57,3010,87,2,2
2024-01-01,3,Sants-Montjuïc,11,el Poble-sec,57,3010,247,3,1
2024-01-01,3,Sants-Montjuïc,11,el Poble-sec,57,3010,363,3,2
2024-01-01,3,Sants-Montjuïc,11,el Poble-sec,57,3011,546,1,1
2024-01-01,3,Sants-Montjuïc,11,el Poble-sec,57,3011,493,1,2
2024-01-01,3,Sants-Montjuïc,11,el Poble-sec,57,3011,123,2,1
2024-01-01,3,Sants-Montjuïc,11,el Poble-sec,57,3011,104,2,2
2024-01-01,3,Sants-Montjuïc,11,el Poble-sec,57,3011,251,3,1
2024-01-01,3,Sants-Montjuïc,11,el Poble-sec,57,3011,297,3,2
2024-01-01,3,Sants-Montjuïc,11,el Poble-sec,57,3012,644,1,1
2024-01-01,3,Sants-Montjuïc,11,el Poble-sec,57,3012,586,1,2
2024-01-01,3,Sants-Montjuïc,11,el Poble-sec,57,3012,144,2,1
2024-01-01,3,Sants-Montjuïc,11,el Poble-sec,57,3012,130,2,2
2024-01-01,3,Sants-Montjuïc,11,el Poble-sec,57,3012,290,3,1
2024-01-01,3,Sants-Montjuïc,11,el Poble-sec,57,3012,288,3,2
2024-01-01,3,Sants-Montjuïc,11,el Poble-sec,57,3013,490,1,1
2024-01-01,3,Sants-Montjuïc,11,el Poble-sec,57,3013,496,1,2
2024-01-01,3,Sants-Montjuïc,11,el Poble-sec,57,3013,133,2,1
2024-01-01,3,Sants-Montjuïc,11,el Poble-sec,57,3013,136,2,2
2024-01-01,3,Sants-Montjuïc,11,el Poble-sec,57,3013,239,3,1
2024-01-01,3,Sants-Montjuïc,11,el Poble-sec,57,3013,261,3,2
2024-01-01,3,Sants-Montjuïc,11,el Poble-sec,57,3013,..,4,2
2024-01-01,3,Sants-Montjuïc,11,el Poble-sec,57,3014,523,1,1
2024-01-01,3,Sants-Montjuïc,11,el Poble-sec,57,3014,504,1,2
2024-01-01,3,Sants-Montjuïc,11,el Poble-sec,57,3014,104,2,1
2024-01-01,3,Sants-Montjuïc,11,el Poble-sec,57,3014,111,2,2
2024-01-01,3,Sants-Montjuïc,11,el Poble-sec,57,3014,233,3,1
2024-01-01,3,Sants-Montjuïc,11,el Poble-sec,57,3014,286,3,2
2024-01-01,3,Sants-Montjuïc,11,el Poble-sec,57,3015,933,1,1
2024-01-01,3,Sants-Montjuïc,11,el Poble-sec,57,3015,857,1,2
2024-01-01,3,Sants-Montjuïc,11,el Poble-sec,57,3015,177,2,1
2024-01-01,3,Sants-Montjuïc,11,el Poble-sec,57,3015,183,2,2
2024-01-01,3,Sants-Montjuïc,11,el Poble-sec,57,3015,391,3,1
2024-01-01,3,Sants-Montjuïc,11,el Poble-sec,57,3015,389,3,2
2024-01-01,3,Sants-Montjuïc,11,el Poble-sec,57,3015,..,4,1
2024-01-01,3,Sants-Montjuïc,11,el Poble-sec,57,3016,405,1,1
2024-01-01,3,Sants-Montjuïc,11,el Poble-sec,57,3016,345,1,2
2024-01-01,3,Sants-Montjuïc,11,el Poble-sec,57,3016,78,2,1
2024-01-01,3,Sants-Montjuïc,11,el Poble-sec,57,3016,68,2,2
2024-01-01,3,Sants-Montjuïc,11,el Poble-sec,57,3016,170,3,1
2024-01-01,3,Sants-Montjuïc,11,el Poble-sec,57,3016,170,3,2
2024-01-01,3,Sants-Montjuïc,11,el Poble-sec,57,3016,..,4,2
2024-01-01,3,Sants-Montjuïc,11,el Poble-sec,57,3017,458,1,1
2024-01-01,3,Sants-Montjuïc,11,el Poble-sec,57,3017,469,1,2
2024-01-01,3,Sants-Montjuïc,11,el Poble-sec,57,3017,103,2,1
2024-01-01,3,Sants-Montjuïc,11,el Poble-sec,57,3017,108,2,2
2024-01-01,3,Sants-Montjuïc,11,el Poble-sec,57,3017,253,3,1
2024-01-01,3,Sants-Montjuïc,11,el Poble-sec,57,3017,235,3,2
2024-01-01,3,Sants-Montjuïc,11,el Poble-sec,57,3017,..,4,2
2024-01-01,3,Sants-Montjuïc,11,el Poble-sec,58,3018,549,1,1
2024-01-01,3,Sants-Montjuïc,11,el Poble-sec,58,3018,541,1,2
2024-01-01,3,Sants-Montjuïc,11,el Poble-sec,58,3018,69,2,1
2024-01-01,3,Sants-Montjuïc,11,el Poble-sec,58,3018,95,2,2
2024-01-01,3,Sants-Montjuïc,11,el Poble-sec,58,3018,194,3,1
2024-01-01,3,Sants-Montjuïc,11,el Poble-sec,58,3018,224,3,2
2024-01-01,3,Sants-Montjuïc,11,el Poble-sec,58,3019,495,1,1
2024-01-01,3,Sants-Montjuïc,11,el Poble-sec,58,3019,429,1,2
2024-01-01,3,Sants-Montjuïc,11,el Poble-sec,58,3019,64,2,1
2024-01-01,3,Sants-Montjuïc,11,el Poble-sec,58,3019,64,2,2
2024-01-01,3,Sants-Montjuïc,11,el Poble-sec,58,3019,201,3,1
2024-01-01,3,Sants-Montjuïc,11,el Poble-sec,58,3019,196,3,2
2024-01-01,3,Sants-Montjuïc,11,el Poble-sec,58,3020,425,1,1
2024-01-01,3,Sants-Montjuïc,11,el Poble-sec,58,3020,452,1,2
2024-01-01,3,Sants-Montjuïc,11,el Poble-sec,58,3020,51,2,1
2024-01-01,3,Sants-Montjuïc,11,el Poble-sec,58,3020,77,2,2
2024-01-01,3,Sants-Montjuïc,11,el Poble-sec,58,3020,109,3,1
2024-01-01,3,Sants-Montjuïc,11,el Poble-sec,58,3020,122,3,2
2024-01-01,3,Sants-Montjuïc,11,el Poble-sec,58,3021,422,1,1
2024-01-01,3,Sants-Montjuïc,11,el Poble-sec,58,3021,372,1,2
2024-01-01,3,Sants-Montjuïc,11,el Poble-sec,58,3021,41,2,1
2024-01-01,3,Sants-Montjuïc,11,el Poble-sec,58,3021,38,2,2
2024-01-01,3,Sants-Montjuïc,11,el Poble-sec,58,3021,82,3,1
2024-01-01,3,Sants-Montjuïc,11,el Poble-sec,58,3021,88,3,2
2024-01-01,3,Sants-Montjuïc,11,el Poble-sec,58,3022,508,1,1
2024-01-01,3,Sants-Montjuïc,11,el Poble-sec,58,3022,490,1,2
2024-01-01,3,Sants-Montjuïc,11,el Poble-sec,58,3022,73,2,1
2024-01-01,3,Sants-Montjuïc,11,el Poble-sec,58,3022,68,2,2
2024-01-01,3,Sants-Montjuïc,11,el Poble-sec,58,3022,148,3,1
2024-01-01,3,Sants-Montjuïc,11,el Poble-sec,58,3022,163,3,2
2024-01-01,3,Sants-Montjuïc,11,el Poble-sec,59,3023,608,1,1
2024-01-01,3,Sants-Montjuïc,11,el Poble-sec,59,3023,570,1,2
2024-01-01,3,Sants-Montjuïc,11,el Poble-sec,59,3023,98,2,1
2024-01-01,3,Sants-Montjuïc,11,el Poble-sec,59,3023,86,2,2
2024-01-01,3,Sants-Montjuïc,11,el Poble-sec,59,3023,204,3,1
2024-01-01,3,Sants-Montjuïc,11,el Poble-sec,59,3023,209,3,2
2024-01-01,3,Sants-Montjuïc,11,el Poble-sec,59,3023,..,4,1
2024-01-01,3,Sants-Montjuïc,11,el Poble-sec,59,3024,676,1,1
2024-01-01,3,Sants-Montjuïc,11,el Poble-sec,59,3024,643,1,2
2024-01-01,3,Sants-Montjuïc,11,el Poble-sec,59,3024,128,2,1
2024-01-01,3,Sants-Montjuïc,11,el Poble-sec,59,3024,145,2,2
2024-01-01,3,Sants-Montjuïc,11,el Poble-sec,59,3024,190,3,1
2024-01-01,3,Sants-Montjuïc,11,el Poble-sec,59,3024,226,3,2
2024-01-01,3,Sants-Montjuïc,11,el Poble-sec,59,3024,..,4,1
2024-01-01,3,Sants-Montjuïc,12,la Marina del Prat Vermell,60,3025,742,1,1
2024-01-01,3,Sants-Montjuïc,12,la Marina del Prat Vermell,60,3025,771,1,2
2024-01-01,3,Sants-Montjuïc,12,la Marina del Prat Vermell,60,3025,61,2,1
2024-01-01,3,Sants-Montjuïc,12,la Marina del Prat Vermell,60,3025,68,2,2
2024-01-01,3,Sants-Montjuïc,12,la Marina del Prat Vermell,60,3025,180,3,1
2024-01-01,3,Sants-Montjuïc,12,la Marina del Prat Vermell,60,3025,155,3,2
2024-01-01,3,Sants-Montjuïc,13,la Marina de Port,61,3026,448,1,1
2024-01-01,3,Sants-Montjuïc,13,la Marina de Port,61,3026,419,1,2
2024-01-01,3,Sants-Montjuïc,13,la Marina de Port,61,3026,15,2,1
2024-01-01,3,Sants-Montjuïc,13,la Marina de Port,61,3026,8,2,2
2024-01-01,3,Sants-Montjuïc,13,la Marina de Port,61,3026,72,3,1
2024-01-01,3,Sants-Montjuïc,13,la Marina de Port,61,3026,60,3,2
2024-01-01,3,Sants-Montjuïc,13,la Marina de Port,61,3027,767,1,1
2024-01-01,3,Sants-Montjuïc,13,la Marina de Port,61,3027,720,1,2
2024-01-01,3,Sants-Montjuïc,13,la Marina de Port,61,3027,28,2,1
2024-01-01,3,Sants-Montjuïc,13,la Marina de Port,61,3027,24,2,2
2024-01-01,3,Sants-Montjuïc,13,la Marina de Port,61,3027,110,3,1
2024-01-01,3,Sants-Montjuïc,13,la Marina de Port,61,3027,83,3,2
2024-01-01,3,Sants-Montjuïc,13,la Marina de Port,61,3028,1084,1,1
2024-01-01,3,Sants-Montjuïc,13,la Marina de Port,61,3028,1000,1,2
2024-01-01,3,Sants-Montjuïc,13,la Marina de Port,61,3028,48,2,1
2024-01-01,3,Sants-Montjuïc,13,la Marina de Port,61,3028,37,2,2
2024-01-01,3,Sants-Montjuïc,13,la Marina de Port,61,3028,271,3,1
2024-01-01,3,Sants-Montjuïc,13,la Marina de Port,61,3028,239,3,2
2024-01-01,3,Sants-Montjuïc,13,la Marina de Port,61,3029,582,1,1
2024-01-01,3,Sants-Montjuïc,13,la Marina de Port,61,3029,541,1,2
2024-01-01,3,Sants-Montjuïc,13,la Marina de Port,61,3029,22,2,1
2024-01-01,3,Sants-Montjuïc,13,la Marina de Port,61,3029,20,2,2
2024-01-01,3,Sants-Montjuïc,13,la Marina de Port,61,3029,70,3,1
2024-01-01,3,Sants-Montjuïc,13,la Marina de Port,61,3029,64,3,2
2024-01-01,3,Sants-Montjuïc,13,la Marina de Port,61,3030,702,1,1
2024-01-01,3,Sants-Montjuïc,13,la Marina de Port,61,3030,572,1,2
2024-01-01,3,Sants-Montjuïc,13,la Marina de Port,61,3030,40,2,1
2024-01-01,3,Sants-Montjuïc,13,la Marina de Port,61,3030,36,2,2
2024-01-01,3,Sants-Montjuïc,13,la Marina de Port,61,3030,118,3,1
2024-01-01,3,Sants-Montjuïc,13,la Marina de Port,61,3030,131,3,2
2024-01-01,3,Sants-Montjuïc,13,la Marina de Port,62,3031,1052,1,1
2024-01-01,3,Sants-Montjuïc,13,la Marina de Port,62,3031,985,1,2
2024-01-01,3,Sants-Montjuïc,13,la Marina de Port,62,3031,26,2,1
2024-01-01,3,Sants-Montjuïc,13,la Marina de Port,62,3031,27,2,2
2024-01-01,3,Sants-Montjuïc,13,la Marina de Port,62,3031,148,3,1
2024-01-01,3,Sants-Montjuïc,13,la Marina de Port,62,3031,103,3,2
2024-01-01,3,Sants-Montjuïc,13,la Marina de Port,62,3032,745,1,1
2024-01-01,3,Sants-Montjuïc,13,la Marina de Port,62,3032,664,1,2
2024-01-01,3,Sants-Montjuïc,13,la Marina de Port,62,3032,43,2,1
2024-01-01,3,Sants-Montjuïc,13,la Marina de Port,62,3032,45,2,2
2024-01-01,3,Sants-Montjuïc,13,la Marina de Port,62,3032,150,3,1
2024-01-01,3,Sants-Montjuïc,13,la Marina de Port,62,3032,148,3,2
2024-01-01,3,Sants-Montjuïc,13,la Marina de Port,62,3033,537,1,1
2024-01-01,3,Sants-Montjuïc,13,la Marina de Port,62,3033,516,1,2
2024-01-01,3,Sants-Montjuïc,13,la Marina de Port,62,3033,26,2,1
2024-01-01,3,Sants-Montjuïc,13,la Marina de Port,62,3033,23,2,2
2024-01-01,3,Sants-Montjuïc,13,la Marina de Port,62,3033,208,3,1
2024-01-01,3,Sants-Montjuïc,13,la Marina de Port,62,3033,188,3,2
2024-01-01,3,Sants-Montjuïc,13,la Marina de Port,62,3034,641,1,1
2024-01-01,3,Sants-Montjuïc,13,la Marina de Port,62,3034,570,1,2
2024-01-01,3,Sants-Montjuïc,13,la Marina de Port,62,3034,17,2,1
2024-01-01,3,Sants-Montjuïc,13,la Marina de Port,62,3034,17,2,2
2024-01-01,3,Sants-Montjuïc,13,la Marina de Port,62,3034,129,3,1
2024-01-01,3,Sants-Montjuïc,13,la Marina de Port,62,3034,132,3,2
2024-01-01,3,Sants-Montjuïc,13,la Marina de Port,62,3211,647,1,1
2024-01-01,3,Sants-Montjuïc,13,la Marina de Port,62,3211,611,1,2
2024-01-01,3,Sants-Montjuïc,13,la Marina de Port,62,3211,14,2,1
2024-01-01,3,Sants-Montjuïc,13,la Marina de Port,62,3211,12,2,2
2024-01-01,3,Sants-Montjuïc,13,la Marina de Port,62,3211,120,3,1
2024-01-01,3,Sants-Montjuïc,13,la Marina de Port,62,3211,121,3,2
2024-01-01,3,Sants-Montjuïc,13,la Marina de Port,63,3035,970,1,1
2024-01-01,3,Sants-Montjuïc,13,la Marina de Port,63,3035,908,1,2
2024-01-01,3,Sants-Montjuïc,13,la Marina de Port,63,3035,30,2,1
2024-01-01,3,Sants-Montjuïc,13,la Marina de Port,63,3035,25,2,2
2024-01-01,3,Sants-Montjuïc,13,la Marina de Port,63,3035,187,3,1
2024-01-01,3,Sants-Montjuïc,13,la Marina de Port,63,3035,178,3,2
2024-01-01,3,Sants-Montjuïc,13,la Marina de Port,63,3036,1055,1,1
2024-01-01,3,Sants-Montjuïc,13,la Marina de Port,63,3036,944,1,2
2024-01-01,3,Sants-Montjuïc,13,la Marina de Port,63,3036,48,2,1
2024-01-01,3,Sants-Montjuïc,13,la Marina de Port,63,3036,41,2,2
2024-01-01,3,Sants-Montjuïc,13,la Marina de Port,63,3036,168,3,1
2024-01-01,3,Sants-Montjuïc,13,la Marina de Port,63,3036,156,3,2
2024-01-01,3,Sants-Montjuïc,13,la Marina de Port,63,3037,455,1,1
2024-01-01,3,Sants-Montjuïc,13,la Marina de Port,63,3037,410,1,2
2024-01-01,3,Sants-Montjuïc,13,la Marina de Port,63,3037,7,2,1
2024-01-01,3,Sants-Montjuïc,13,la Marina de Port,63,3037,15,2,2
2024-01-01,3,Sants-Montjuïc,13,la Marina de Port,63,3037,57,3,1
2024-01-01,3,Sants-Montjuïc,13,la Marina de Port,63,3037,42,3,2
2024-01-01,3,Sants-Montjuïc,13,la Marina de Port,63,3212,983,1,1
2024-01-01,3,Sants-Montjuïc,13,la Marina de Port,63,3212,820,1,2
2024-01-01,3,Sants-Montjuïc,13,la Marina de Port,63,3212,47,2,1
2024-01-01,3,Sants-Montjuïc,13,la Marina de Port,63,3212,52,2,2
2024-01-01,3,Sants-Montjuïc,13,la Marina de Port,63,3212,278,3,1
2024-01-01,3,Sants-Montjuïc,13,la Marina de Port,63,3212,272,3,2
2024-01-01,3,Sants-Montjuïc,13,la Marina de Port,63,3212,..,4,2
2024-01-01,3,Sants-Montjuïc,13,la Marina de Port,63,3213,880,1,1
2024-01-01,3,Sants-Montjuïc,13,la Marina de Port,63,3213,809,1,2
2024-01-01,3,Sants-Montjuïc,13,la Marina de Port,63,3213,39,2,1
2024-01-01,3,Sants-Montjuïc,13,la Marina de Port,63,3213,53,2,2
2024-01-01,3,Sants-Montjuïc,13,la Marina de Port,63,3213,273,3,1
2024-01-01,3,Sants-Montjuïc,13,la Marina de Port,63,3213,265,3,2
2024-01-01,3,Sants-Montjuïc,13,la Marina de Port,64,3038,457,1,1
2024-01-01,3,Sants-Montjuïc,13,la Marina de Port,64,3038,416,1,2
2024-01-01,3,Sants-Montjuïc,13,la Marina de Port,64,3038,8,2,1
2024-01-01,3,Sants-Montjuïc,13,la Marina de Port,64,3038,10,2,2
2024-01-01,3,Sants-Montjuïc,13,la Marina de Port,64,3038,37,3,1
2024-01-01,3,Sants-Montjuïc,13,la Marina de Port,64,3038,40,3,2
2024-01-01,3,Sants-Montjuïc,13,la Marina de Port,64,3039,993,1,1
2024-01-01,3,Sants-Montjuïc,13,la Marina de Port,64,3039,902,1,2
2024-01-01,3,Sants-Montjuïc,13,la Marina de Port,64,3039,33,2,1
2024-01-01,3,Sants-Montjuïc,13,la Marina de Port,64,3039,37,2,2
2024-01-01,3,Sants-Montjuïc,13,la Marina de Port,64,3039,279,3,1
2024-01-01,3,Sants-Montjuïc,13,la Marina de Port,64,3039,284,3,2
2024-01-01,3,Sants-Montjuïc,14,la Font de la Guatlla,65,3040,676,1,1
2024-01-01,3,Sants-Montjuïc,14,la Font de la Guatlla,65,3040,594,1,2
2024-01-01,3,Sants-Montjuïc,14,la Font de la Guatlla,65,3040,33,2,1
2024-01-01,3,Sants-Montjuïc,14,la Font de la Guatlla,65,3040,40,2,2
2024-01-01,3,Sants-Montjuïc,14,la Font de la Guatlla,65,3040,106,3,1
2024-01-01,3,Sants-Montjuïc,14,la Font de la Guatlla,65,3040,421,3,2
2024-01-01,3,Sants-Montjuïc,14,la Font de la Guatlla,65,3040,..,4,2
2024-01-01,3,Sants-Montjuïc,14,la Font de la Guatlla,65,3041,549,1,1
2024-01-01,3,Sants-Montjuïc,14,la Font de la Guatlla,65,3041,524,1,2
2024-01-01,3,Sants-Montjuïc,14,la Font de la Guatlla,65,3041,41,2,1
2024-01-01,3,Sants-Montjuïc,14,la Font de la Guatlla,65,3041,35,2,2
2024-01-01,3,Sants-Montjuïc,14,la Font de la Guatlla,65,3041,146,3,1
2024-01-01,3,Sants-Montjuïc,14,la Font de la Guatlla,65,3041,129,3,2
2024-01-01,3,Sants-Montjuïc,14,la Font de la Guatlla,65,3042,522,1,1
2024-01-01,3,Sants-Montjuïc,14,la Font de la Guatlla,65,3042,498,1,2
2024-01-01,3,Sants-Montjuïc,14,la Font de la Guatlla,65,3042,58,2,1
2024-01-01,3,Sants-Montjuïc,14,la Font de la Guatlla,65,3042,64,2,2
2024-01-01,3,Sants-Montjuïc,14,la Font de la Guatlla,65,3042,110,3,1
2024-01-01,3,Sants-Montjuïc,14,la Font de la Guatlla,65,3042,119,3,2
2024-01-01,3,Sants-Montjuïc,14,la Font de la Guatlla,65,3042,..,4,1
2024-01-01,3,Sants-Montjuïc,14,la Font de la Guatlla,65,3043,666,1,1
2024-01-01,3,Sants-Montjuïc,14,la Font de la Guatlla,65,3043,514,1,2
2024-01-01,3,Sants-Montjuïc,14,la Font de la Guatlla,65,3043,56,2,1
2024-01-01,3,Sants-Montjuïc,14,la Font de la Guatlla,65,3043,60,2,2
2024-01-01,3,Sants-Montjuïc,14,la Font de la Guatlla,65,3043,170,3,1
2024-01-01,3,Sants-Montjuïc,14,la Font de la Guatlla,65,3043,149,3,2
2024-01-01,3,Sants-Montjuïc,14,la Font de la Guatlla,65,3043,..,4,2
2024-01-01,3,Sants-Montjuïc,14,la Font de la Guatlla,65,3044,697,1,1
2024-01-01,3,Sants-Montjuïc,14,la Font de la Guatlla,65,3044,624,1,2
2024-01-01,3,Sants-Montjuïc,14,la Font de la Guatlla,65,3044,67,2,1
2024-01-01,3,Sants-Montjuïc,14,la Font de la Guatlla,65,3044,67,2,2
2024-01-01,3,Sants-Montjuïc,14,la Font de la Guatlla,65,3044,205,3,1
2024-01-01,3,Sants-Montjuïc,14,la Font de la Guatlla,65,3044,178,3,2
2024-01-01,3,Sants-Montjuïc,14,la Font de la Guatlla,65,3044,..,4,2
2024-01-01,3,Sants-Montjuïc,14,la Font de la Guatlla,65,3045,424,1,1
2024-01-01,3,Sants-Montjuïc,14,la Font de la Guatlla,65,3045,405,1,2
2024-01-01,3,Sants-Montjuïc,14,la Font de la Guatlla,65,3045,46,2,1
2024-01-01,3,Sants-Montjuïc,14,la Font de la Guatlla,65,3045,54,2,2
2024-01-01,3,Sants-Montjuïc,14,la Font de la Guatlla,65,3045,95,3,1
2024-01-01,3,Sants-Montjuïc,14,la Font de la Guatlla,65,3045,94,3,2
2024-01-01,3,Sants-Montjuïc,14,la Font de la Guatlla,65,3046,625,1,1
2024-01-01,3,Sants-Montjuïc,14,la Font de la Guatlla,65,3046,559,1,2
2024-01-01,3,Sants-Montjuïc,14,la Font de la Guatlla,65,3046,44,2,1
2024-01-01,3,Sants-Montjuïc,14,la Font de la Guatlla,65,3046,45,2,2
2024-01-01,3,Sants-Montjuïc,14,la Font de la Guatlla,65,3046,102,3,1
2024-01-01,3,Sants-Montjuïc,14,la Font de la Guatlla,65,3046,81,3,2
2024-01-01,3,Sants-Montjuïc,15,Hostafrancs,66,3047,698,1,1
2024-01-01,3,Sants-Montjuïc,15,Hostafrancs,66,3047,609,1,2
2024-01-01,3,Sants-Montjuïc,15,Hostafrancs,66,3047,71,2,1
2024-01-01,3,Sants-Montjuïc,15,Hostafrancs,66,3047,74,2,2
2024-01-01,3,Sants-Montjuïc,15,Hostafrancs,66,3047,154,3,1
2024-01-01,3,Sants-Montjuïc,15,Hostafrancs,66,3047,174,3,2
2024-01-01,3,Sants-Montjuïc,15,Hostafrancs,66,3047,..,4,1
2024-01-01,3,Sants-Montjuïc,15,Hostafrancs,66,3048,537,1,1
2024-01-01,3,Sants-Montjuïc,15,Hostafrancs,66,3048,485,1,2
2024-01-01,3,Sants-Montjuïc,15,Hostafrancs,66,3048,47,2,1
2024-01-01,3,Sants-Montjuïc,15,Hostafrancs,66,3048,41,2,2
2024-01-01,3,Sants-Montjuïc,15,Hostafrancs,66,3048,148,3,1
2024-01-01,3,Sants-Montjuïc,15,Hostafrancs,66,3048,97,3,2
2024-01-01,3,Sants-Montjuïc,15,Hostafrancs,66,3049,642,1,1
2024-01-01,3,Sants-Montjuïc,15,Hostafrancs,66,3049,555,1,2
2024-01-01,3,Sants-Montjuïc,15,Hostafrancs,66,3049,78,2,1
2024-01-01,3,Sants-Montjuïc,15,Hostafrancs,66,3049,90,2,2
2024-01-01,3,Sants-Montjuïc,15,Hostafrancs,66,3049,171,3,1
2024-01-01,3,Sants-Montjuïc,15,Hostafrancs,66,3049,156,3,2
2024-01-01,3,Sants-Montjuïc,15,Hostafrancs,66,3050,604,1,1
2024-01-01,3,Sants-Montjuïc,15,Hostafrancs,66,3050,589,1,2
2024-01-01,3,Sants-Montjuïc,15,Hostafrancs,66,3050,81,2,1
2024-01-01,3,Sants-Montjuïc,15,Hostafrancs,66,3050,66,2,2
2024-01-01,3,Sants-Montjuïc,15,Hostafrancs,66,3050,177,3,1
2024-01-01,3,Sants-Montjuïc,15,Hostafrancs,66,3050,159,3,2
2024-01-01,3,Sants-Montjuïc,15,Hostafrancs,67,3051,671,1,1
2024-01-01,3,Sants-Montjuïc,15,Hostafrancs,67,3051,627,1,2
2024-01-01,3,Sants-Montjuïc,15,Hostafrancs,67,3051,64,2,1
2024-01-01,3,Sants-Montjuïc,15,Hostafrancs,67,3051,68,2,2
2024-01-01,3,Sants-Montjuïc,15,Hostafrancs,67,3051,206,3,1
2024-01-01,3,Sants-Montjuïc,15,Hostafrancs,67,3051,220,3,2
2024-01-01,3,Sants-Montjuïc,15,Hostafrancs,67,3051,..,4,1
2024-01-01,3,Sants-Montjuïc,15,Hostafrancs,67,3051,..,4,2
2024-01-01,3,Sants-Montjuïc,15,Hostafrancs,67,3052,541,1,1
2024-01-01,3,Sants-Montjuïc,15,Hostafrancs,67,3052,428,1,2
2024-01-01,3,Sants-Montjuïc,15,Hostafrancs,67,3052,66,2,1
2024-01-01,3,Sants-Montjuïc,15,Hostafrancs,67,3052,53,2,2
2024-01-01,3,Sants-Montjuïc,15,Hostafrancs,67,3052,152,3,1
2024-01-01,3,Sants-Montjuïc,15,Hostafrancs,67,3052,145,3,2
2024-01-01,3,Sants-Montjuïc,15,Hostafrancs,67,3053,808,1,1
2024-01-01,3,Sants-Montjuïc,15,Hostafrancs,67,3053,692,1,2
2024-01-01,3,Sants-Montjuïc,15,Hostafrancs,67,3053,85,2,1
2024-01-01,3,Sants-Montjuïc,15,Hostafrancs,67,3053,104,2,2
2024-01-01,3,Sants-Montjuïc,15,Hostafrancs,67,3053,289,3,1
2024-01-01,3,Sants-Montjuïc,15,Hostafrancs,67,3053,266,3,2
2024-01-01,3,Sants-Montjuïc,15,Hostafrancs,67,3054,653,1,1
2024-01-01,3,Sants-Montjuïc,15,Hostafrancs,67,3054,588,1,2
2024-01-01,3,Sants-Montjuïc,15,Hostafrancs,67,3054,51,2,1
2024-01-01,3,Sants-Montjuïc,15,Hostafrancs,67,3054,62,2,2
2024-01-01,3,Sants-Montjuïc,15,Hostafrancs,67,3054,146,3,1
2024-01-01,3,Sants-Montjuïc,15,Hostafrancs,67,3054,153,3,2
2024-01-01,3,Sants-Montjuïc,15,Hostafrancs,67,3055,602,1,1
2024-01-01,3,Sants-Montjuïc,15,Hostafrancs,67,3055,566,1,2
2024-01-01,3,Sants-Montjuïc,15,Hostafrancs,67,3055,62,2,1
2024-01-01,3,Sants-Montjuïc,15,Hostafrancs,67,3055,58,2,2
2024-01-01,3,Sants-Montjuïc,15,Hostafrancs,67,3055,172,3,1
2024-01-01,3,Sants-Montjuïc,15,Hostafrancs,67,3055,152,3,2
2024-01-01,3,Sants-Montjuïc,15,Hostafrancs,67,3056,367,1,1
2024-01-01,3,Sants-Montjuïc,15,Hostafrancs,67,3056,286,1,2
2024-01-01,3,Sants-Montjuïc,15,Hostafrancs,67,3056,27,2,1
2024-01-01,3,Sants-Montjuïc,15,Hostafrancs,67,3056,29,2,2
2024-01-01,3,Sants-Montjuïc,15,Hostafrancs,67,3056,99,3,1
2024-01-01,3,Sants-Montjuïc,15,Hostafrancs,67,3056,128,3,2
2024-01-01,3,Sants-Montjuïc,16,la Bordeta,68,3057,673,1,1
2024-01-01,3,Sants-Montjuïc,16,la Bordeta,68,3057,584,1,2
2024-01-01,3,Sants-Montjuïc,16,la Bordeta,68,3057,37,2,1
2024-01-01,3,Sants-Montjuïc,16,la Bordeta,68,3057,36,2,2
2024-01-01,3,Sants-Montjuïc,16,la Bordeta,68,3057,88,3,1
2024-01-01,3,Sants-Montjuïc,16,la Bordeta,68,3057,94,3,2
2024-01-01,3,Sants-Montjuïc,16,la Bordeta,68,3058,788,1,1
2024-01-01,3,Sants-Montjuïc,16,la Bordeta,68,3058,677,1,2
2024-01-01,3,Sants-Montjuïc,16,la Bordeta,68,3058,53,2,1
2024-01-01,3,Sants-Montjuïc,16,la Bordeta,68,3058,61,2,2
2024-01-01,3,Sants-Montjuïc,16,la Bordeta,68,3058,111,3,1
2024-01-01,3,Sants-Montjuïc,16,la Bordeta,68,3058,109,3,2
2024-01-01,3,Sants-Montjuïc,16,la Bordeta,68,3058,..,4,2
2024-01-01,3,Sants-Montjuïc,16,la Bordeta,68,3059,530,1,1
2024-01-01,3,Sants-Montjuïc,16,la Bordeta,68,3059,483,1,2
2024-01-01,3,Sants-Montjuïc,16,la Bordeta,68,3059,26,2,1
2024-01-01,3,Sants-Montjuïc,16,la Bordeta,68,3059,36,2,2
2024-01-01,3,Sants-Montjuïc,16,la Bordeta,68,3059,99,3,1
2024-01-01,3,Sants-Montjuïc,16,la Bordeta,68,3059,89,3,2
2024-01-01,3,Sants-Montjuïc,16,la Bordeta,68,3060,619,1,1
2024-01-01,3,Sants-Montjuïc,16,la Bordeta,68,3060,563,1,2
2024-01-01,3,Sants-Montjuïc,16,la Bordeta,68,3060,24,2,1
2024-01-01,3,Sants-Montjuïc,16,la Bordeta,68,3060,20,2,2
2024-01-01,3,Sants-Montjuïc,16,la Bordeta,68,3060,73,3,1
2024-01-01,3,Sants-Montjuïc,16,la Bordeta,68,3060,85,3,2
2024-01-01,3,Sants-Montjuïc,16,la Bordeta,68,3061,471,1,1
2024-01-01,3,Sants-Montjuïc,16,la Bordeta,68,3061,402,1,2
2024-01-01,3,Sants-Montjuïc,16,la Bordeta,68,3061,47,2,1
2024-01-01,3,Sants-Montjuïc,16,la Bordeta,68,3061,43,2,2
2024-01-01,3,Sants-Montjuïc,16,la Bordeta,68,3061,107,3,1
2024-01-01,3,Sants-Montjuïc,16,la Bordeta,68,3061,100,3,2
2024-01-01,3,Sants-Montjuïc,16,la Bordeta,69,3062,713,1,1
2024-01-01,3,Sants-Montjuïc,16,la Bordeta,69,3062,583,1,2
2024-01-01,3,Sants-Montjuïc,16,la Bordeta,69,3062,45,2,1
2024-01-01,3,Sants-Montjuïc,16,la Bordeta,69,3062,48,2,2
2024-01-01,3,Sants-Montjuïc,16,la Bordeta,69,3062,123,3,1
2024-01-01,3,Sants-Montjuïc,16,la Bordeta,69,3062,129,3,2
2024-01-01,3,Sants-Montjuïc,16,la Bordeta,69,3063,852,1,1
2024-01-01,3,Sants-Montjuïc,16,la Bordeta,69,3063,768,1,2
2024-01-01,3,Sants-Montjuïc,16,la Bordeta,69,3063,49,2,1
2024-01-01,3,Sants-Montjuïc,16,la Bordeta,69,3063,57,2,2
2024-01-01,3,Sants-Montjuïc,16,la Bordeta,69,3063,150,3,1
2024-01-01,3,Sants-Montjuïc,16,la Bordeta,69,3063,146,3,2
2024-01-01,3,Sants-Montjuïc,16,la Bordeta,69,3064,562,1,1
2024-01-01,3,Sants-Montjuïc,16,la Bordeta,69,3064,483,1,2
2024-01-01,3,Sants-Montjuïc,16,la Bordeta,69,3064,49,2,1
2024-01-01,3,Sants-Montjuïc,16,la Bordeta,69,3064,59,2,2
2024-01-01,3,Sants-Montjuïc,16,la Bordeta,69,3064,336,3,1
2024-01-01,3,Sants-Montjuïc,16,la Bordeta,69,3064,297,3,2
2024-01-01,3,Sants-Montjuïc,16,la Bordeta,69,3065,639,1,1
2024-01-01,3,Sants-Montjuïc,16,la Bordeta,69,3065,556,1,2
2024-01-01,3,Sants-Montjuïc,16,la Bordeta,69,3065,14,2,1
2024-01-01,3,Sants-Montjuïc,16,la Bordeta,69,3065,7,2,2
2024-01-01,3,Sants-Montjuïc,16,la Bordeta,69,3065,62,3,1
2024-01-01,3,Sants-Montjuïc,16,la Bordeta,69,3065,62,3,2
2024-01-01,3,Sants-Montjuïc,16,la Bordeta,69,3066,1025,1,1
2024-01-01,3,Sants-Montjuïc,16,la Bordeta,69,3066,913,1,2
2024-01-01,3,Sants-Montjuïc,16,la Bordeta,69,3066,34,2,1
2024-01-01,3,Sants-Montjuïc,16,la Bordeta,69,3066,38,2,2
2024-01-01,3,Sants-Montjuïc,16,la Bordeta,69,3066,167,3,1
2024-01-01,3,Sants-Montjuïc,16,la Bordeta,69,3066,182,3,2
2024-01-01,3,Sants-Montjuïc,16,la Bordeta,69,3066,..,4,1
2024-01-01,3,Sants-Montjuïc,16,la Bordeta,69,3067,787,1,1
2024-01-01,3,Sants-Montjuïc,16,la Bordeta,69,3067,650,1,2
2024-01-01,3,Sants-Montjuïc,16,la Bordeta,69,3067,27,2,1
2024-01-01,3,Sants-Montjuïc,16,la Bordeta,69,3067,24,2,2
2024-01-01,3,Sants-Montjuïc,16,la Bordeta,69,3067,120,3,1
2024-01-01,3,Sants-Montjuïc,16,la Bordeta,69,3067,106,3,2
2024-01-01,3,Sants-Montjuïc,16,la Bordeta,69,3068,507,1,1
2024-01-01,3,Sants-Montjuïc,16,la Bordeta,69,3068,425,1,2
2024-01-01,3,Sants-Montjuïc,16,la Bordeta,69,3068,19,2,1
2024-01-01,3,Sants-Montjuïc,16,la Bordeta,69,3068,25,2,2
2024-01-01,3,Sants-Montjuïc,16,la Bordeta,69,3068,92,3,1
2024-01-01,3,Sants-Montjuïc,16,la Bordeta,69,3068,116,3,2
2024-01-01,3,Sants-Montjuïc,16,la Bordeta,69,3069,518,1,1
2024-01-01,3,Sants-Montjuïc,16,la Bordeta,69,3069,478,1,2
2024-01-01,3,Sants-Montjuïc,16,la Bordeta,69,3069,14,2,1
2024-01-01,3,Sants-Montjuïc,16,la Bordeta,69,3069,16,2,2
2024-01-01,3,Sants-Montjuïc,16,la Bordeta,69,3069,88,3,1
2024-01-01,3,Sants-Montjuïc,16,la Bordeta,69,3069,101,3,2
2024-01-01,3,Sants-Montjuïc,16,la Bordeta,69,3069,..,4,1
2024-01-01,3,Sants-Montjuïc,17,Sants - Badal,70,3070,509,1,1
2024-01-01,3,Sants-Montjuïc,17,Sants - Badal,70,3070,481,1,2
2024-01-01,3,Sants-Montjuïc,17,Sants - Badal,70,3070,25,2,1
2024-01-01,3,Sants-Montjuïc,17,Sants - Badal,70,3070,20,2,2
2024-01-01,3,Sants-Montjuïc,17,Sants - Badal,70,3070,151,3,1
2024-01-01,3,Sants-Montjuïc,17,Sants - Badal,70,3070,122,3,2
2024-01-01,3,Sants-Montjuïc,17,Sants - Badal,70,3071,569,1,1
2024-01-01,3,Sants-Montjuïc,17,Sants - Badal,70,3071,490,1,2
2024-01-01,3,Sants-Montjuïc,17,Sants - Badal,70,3071,44,2,1
2024-01-01,3,Sants-Montjuïc,17,Sants - Badal,70,3071,47,2,2
2024-01-01,3,Sants-Montjuïc,17,Sants - Badal,70,3071,120,3,1
2024-01-01,3,Sants-Montjuïc,17,Sants - Badal,70,3071,121,3,2
2024-01-01,3,Sants-Montjuïc,17,Sants - Badal,70,3072,577,1,1
2024-01-01,3,Sants-Montjuïc,17,Sants - Badal,70,3072,481,1,2
2024-01-01,3,Sants-Montjuïc,17,Sants - Badal,70,3072,26,2,1
2024-01-01,3,Sants-Montjuïc,17,Sants - Badal,70,3072,22,2,2
2024-01-01,3,Sants-Montjuïc,17,Sants - Badal,70,3072,125,3,1
2024-01-01,3,Sants-Montjuïc,17,Sants - Badal,70,3072,133,3,2
2024-01-01,3,Sants-Montjuïc,17,Sants - Badal,70,3073,686,1,1
2024-01-01,3,Sants-Montjuïc,17,Sants - Badal,70,3073,614,1,2
2024-01-01,3,Sants-Montjuïc,17,Sants - Badal,70,3073,24,2,1
2024-01-01,3,Sants-Montjuïc,17,Sants - Badal,70,3073,33,2,2
2024-01-01,3,Sants-Montjuïc,17,Sants - Badal,70,3073,117,3,1
2024-01-01,3,Sants-Montjuïc,17,Sants - Badal,70,3073,133,3,2
2024-01-01,3,Sants-Montjuïc,17,Sants - Badal,70,3074,792,1,1
2024-01-01,3,Sants-Montjuïc,17,Sants - Badal,70,3074,661,1,2
2024-01-01,3,Sants-Montjuïc,17,Sants - Badal,70,3074,37,2,1
2024-01-01,3,Sants-Montjuïc,17,Sants - Badal,70,3074,46,2,2
2024-01-01,3,Sants-Montjuïc,17,Sants - Badal,70,3074,151,3,1
2024-01-01,3,Sants-Montjuïc,17,Sants - Badal,70,3074,127,3,2
2024-01-01,3,Sants-Montjuïc,17,Sants - Badal,70,3075,706,1,1
2024-01-01,3,Sants-Montjuïc,17,Sants - Badal,70,3075,628,1,2
2024-01-01,3,Sants-Montjuïc,17,Sants - Badal,70,3075,29,2,1
2024-01-01,3,Sants-Montjuïc,17,Sants - Badal,70,3075,35,2,2
2024-01-01,3,Sants-Montjuïc,17,Sants - Badal,70,3075,179,3,1
2024-01-01,3,Sants-Montjuïc,17,Sants - Badal,70,3075,187,3,2
2024-01-01,3,Sants-Montjuïc,17,Sants - Badal,70,3075,..,4,2
2024-01-01,3,Sants-Montjuïc,17,Sants - Badal,70,3076,432,1,1
2024-01-01,3,Sants-Montjuïc,17,Sants - Badal,70,3076,391,1,2
2024-01-01,3,Sants-Montjuïc,17,Sants - Badal,70,3076,20,2,1
2024-01-01,3,Sants-Montjuïc,17,Sants - Badal,70,3076,20,2,2
2024-01-01,3,Sants-Montjuïc,17,Sants - Badal,70,3076,101,3,1
2024-01-01,3,Sants-Montjuïc,17,Sants - Badal,70,3076,79,3,2
2024-01-01,3,Sants-Montjuïc,17,Sants - Badal,70,3077,597,1,1
2024-01-01,3,Sants-Montjuïc,17,Sants - Badal,70,3077,484,1,2
2024-01-01,3,Sants-Montjuïc,17,Sants - Badal,70,3077,26,2,1
2024-01-01,3,Sants-Montjuïc,17,Sants - Badal,70,3077,35,2,2
2024-01-01,3,Sants-Montjuïc,17,Sants - Badal,70,3077,131,3,1
2024-01-01,3,Sants-Montjuïc,17,Sants - Badal,70,3077,126,3,2
2024-01-01,3,Sants-Montjuïc,17,Sants - Badal,70,3078,642,1,1
2024-01-01,3,Sants-Montjuïc,17,Sants - Badal,70,3078,597,1,2
2024-01-01,3,Sants-Montjuïc,17,Sants - Badal,70,3078,58,2,1
2024-01-01,3,Sants-Montjuïc,17,Sants - Badal,70,3078,42,2,2
2024-01-01,3,Sants-Montjuïc,17,Sants - Badal,70,3078,231,3,1
2024-01-01,3,Sants-Montjuïc,17,Sants - Badal,70,3078,210,3,2
2024-01-01,3,Sants-Montjuïc,17,Sants - Badal,70,3079,686,1,1
2024-01-01,3,Sants-Montjuïc,17,Sants - Badal,70,3079,574,1,2
2024-01-01,3,Sants-Montjuïc,17,Sants - Badal,70,3079,42,2,1
2024-01-01,3,Sants-Montjuïc,17,Sants - Badal,70,3079,41,2,2
2024-01-01,3,Sants-Montjuïc,17,Sants - Badal,70,3079,263,3,1
2024-01-01,3,Sants-Montjuïc,17,Sants - Badal,70,3079,229,3,2
2024-01-01,3,Sants-Montjuïc,17,Sants - Badal,70,3080,698,1,1
2024-01-01,3,Sants-Montjuïc,17,Sants - Badal,70,3080,551,1,2
2024-01-01,3,Sants-Montjuïc,17,Sants - Badal,70,3080,27,2,1
2024-01-01,3,Sants-Montjuïc,17,Sants - Badal,70,3080,28,2,2
2024-01-01,3,Sants-Montjuïc,17,Sants - Badal,70,3080,136,3,1
2024-01-01,3,Sants-Montjuïc,17,Sants - Badal,70,3080,138,3,2
2024-01-01,3,Sants-Montjuïc,17,Sants - Badal,71,3081,824,1,1
2024-01-01,3,Sants-Montjuïc,17,Sants - Badal,71,3081,663,1,2
2024-01-01,3,Sants-Montjuïc,17,Sants - Badal,71,3081,34,2,1
2024-01-01,3,Sants-Montjuïc,17,Sants - Badal,71,3081,29,2,2
2024-01-01,3,Sants-Montjuïc,17,Sants - Badal,71,3081,229,3,1
2024-01-01,3,Sants-Montjuïc,17,Sants - Badal,71,3081,227,3,2
2024-01-01,3,Sants-Montjuïc,17,Sants - Badal,71,3082,808,1,1
2024-01-01,3,Sants-Montjuïc,17,Sants - Badal,71,3082,691,1,2
2024-01-01,3,Sants-Montjuïc,17,Sants - Badal,71,3082,27,2,1
2024-01-01,3,Sants-Montjuïc,17,Sants - Badal,71,3082,37,2,2
2024-01-01,3,Sants-Montjuïc,17,Sants - Badal,71,3082,175,3,1
2024-01-01,3,Sants-Montjuïc,17,Sants - Badal,71,3082,142,3,2
2024-01-01,3,Sants-Montjuïc,17,Sants - Badal,71,3083,603,1,1
2024-01-01,3,Sants-Montjuïc,17,Sants - Badal,71,3083,529,1,2
2024-01-01,3,Sants-Montjuïc,17,Sants - Badal,71,3083,19,2,1
2024-01-01,3,Sants-Montjuïc,17,Sants - Badal,71,3083,19,2,2
2024-01-01,3,Sants-Montjuïc,17,Sants - Badal,71,3083,109,3,1
2024-01-01,3,Sants-Montjuïc,17,Sants - Badal,71,3083,109,3,2
2024-01-01,3,Sants-Montjuïc,17,Sants - Badal,71,3084,670,1,1
2024-01-01,3,Sants-Montjuïc,17,Sants - Badal,71,3084,544,1,2
2024-01-01,3,Sants-Montjuïc,17,Sants - Badal,71,3084,24,2,1
2024-01-01,3,Sants-Montjuïc,17,Sants - Badal,71,3084,29,2,2
2024-01-01,3,Sants-Montjuïc,17,Sants - Badal,71,3084,94,3,1
2024-01-01,3,Sants-Montjuïc,17,Sants - Badal,71,3084,81,3,2
2024-01-01,3,Sants-Montjuïc,17,Sants - Badal,71,3085,557,1,1
2024-01-01,3,Sants-Montjuïc,17,Sants - Badal,71,3085,476,1,2
2024-01-01,3,Sants-Montjuïc,17,Sants - Badal,71,3085,32,2,1
2024-01-01,3,Sants-Montjuïc,17,Sants - Badal,71,3085,37,2,2
2024-01-01,3,Sants-Montjuïc,17,Sants - Badal,71,3085,126,3,1
2024-01-01,3,Sants-Montjuïc,17,Sants - Badal,71,3085,102,3,2
2024-01-01,3,Sants-Montjuïc,17,Sants - Badal,71,3085,..,4,1
2024-01-01,3,Sants-Montjuïc,18,Sants,72,3086,588,1,1
2024-01-01,3,Sants-Montjuïc,18,Sants,72,3086,523,1,2
2024-01-01,3,Sants-Montjuïc,18,Sants,72,3086,19,2,1
2024-01-01,3,Sants-Montjuïc,18,Sants,72,3086,22,2,2
2024-01-01,3,Sants-Montjuïc,18,Sants,72,3086,67,3,1
2024-01-01,3,Sants-Montjuïc,18,Sants,72,3086,59,3,2
2024-01-01,3,Sants-Montjuïc,18,Sants,72,3087,654,1,1
2024-01-01,3,Sants-Montjuïc,18,Sants,72,3087,569,1,2
2024-01-01,3,Sants-Montjuïc,18,Sants,72,3087,23,2,1
2024-01-01,3,Sants-Montjuïc,18,Sants,72,3087,26,2,2
2024-01-01,3,Sants-Montjuïc,18,Sants,72,3087,108,3,1
2024-01-01,3,Sants-Montjuïc,18,Sants,72,3087,87,3,2
2024-01-01,3,Sants-Montjuïc,18,Sants,72,3088,620,1,1
2024-01-01,3,Sants-Montjuïc,18,Sants,72,3088,510,1,2
2024-01-01,3,Sants-Montjuïc,18,Sants,72,3088,33,2,1
2024-01-01,3,Sants-Montjuïc,18,Sants,72,3088,34,2,2
2024-01-01,3,Sants-Montjuïc,18,Sants,72,3088,100,3,1
2024-01-01,3,Sants-Montjuïc,18,Sants,72,3088,85,3,2
2024-01-01,3,Sants-Montjuïc,18,Sants,72,3089,570,1,1
2024-01-01,3,Sants-Montjuïc,18,Sants,72,3089,480,1,2
2024-01-01,3,Sants-Montjuïc,18,Sants,72,3089,37,2,1
2024-01-01,3,Sants-Montjuïc,18,Sants,72,3089,41,2,2
2024-01-01,3,Sants-Montjuïc,18,Sants,72,3089,52,3,1
2024-01-01,3,Sants-Montjuïc,18,Sants,72,3089,47,3,2
2024-01-01,3,Sants-Montjuïc,18,Sants,72,3090,454,1,1
2024-01-01,3,Sants-Montjuïc,18,Sants,72,3090,413,1,2
2024-01-01,3,Sants-Montjuïc,18,Sants,72,3090,19,2,1
2024-01-01,3,Sants-Montjuïc,18,Sants,72,3090,17,2,2
2024-01-01,3,Sants-Montjuïc,18,Sants,72,3090,64,3,1
2024-01-01,3,Sants-Montjuïc,18,Sants,72,3090,53,3,2
2024-01-01,3,Sants-Montjuïc,18,Sants,72,3091,595,1,1
2024-01-01,3,Sants-Montjuïc,18,Sants,72,3091,559,1,2
2024-01-01,3,Sants-Montjuïc,18,Sants,72,3091,38,2,1
2024-01-01,3,Sants-Montjuïc,18,Sants,72,3091,42,2,2
2024-01-01,3,Sants-Montjuïc,18,Sants,72,3091,135,3,1
2024-01-01,3,Sants-Montjuïc,18,Sants,72,3091,106,3,2
2024-01-01,3,Sants-Montjuïc,18,Sants,72,3092,494,1,1
2024-01-01,3,Sants-Montjuïc,18,Sants,72,3092,458,1,2
2024-01-01,3,Sants-Montjuïc,18,Sants,72,3092,41,2,1
2024-01-01,3,Sants-Montjuïc,18,Sants,72,3092,34,2,2
2024-01-01,3,Sants-Montjuïc,18,Sants,72,3092,102,3,1
2024-01-01,3,Sants-Montjuïc,18,Sants,72,3092,90,3,2
2024-01-01,3,Sants-Montjuïc,18,Sants,72,3092,..,4,1
2024-01-01,3,Sants-Montjuïc,18,Sants,72,3093,687,1,1
2024-01-01,3,Sants-Montjuïc,18,Sants,72,3093,562,1,2
2024-01-01,3,Sants-Montjuïc,18,Sants,72,3093,23,2,1
2024-01-01,3,Sants-Montjuïc,18,Sants,72,3093,24,2,2
2024-01-01,3,Sants-Montjuïc,18,Sants,72,3093,77,3,1
2024-01-01,3,Sants-Montjuïc,18,Sants,72,3093,78,3,2
2024-01-01,3,Sants-Montjuïc,18,Sants,72,3094,549,1,1
2024-01-01,3,Sants-Montjuïc,18,Sants,72,3094,463,1,2
2024-01-01,3,Sants-Montjuïc,18,Sants,72,3094,40,2,1
2024-01-01,3,Sants-Montjuïc,18,Sants,72,3094,35,2,2
2024-01-01,3,Sants-Montjuïc,18,Sants,72,3094,72,3,1
2024-01-01,3,Sants-Montjuïc,18,Sants,72,3094,59,3,2
2024-01-01,3,Sants-Montjuïc,18,Sants,72,3094,..,4,2
2024-01-01,3,Sants-Montjuïc,18,Sants,73,3095,678,1,1
2024-01-01,3,Sants-Montjuïc,18,Sants,73,3095,592,1,2
2024-01-01,3,Sants-Montjuïc,18,Sants,73,3095,40,2,1
2024-01-01,3,Sants-Montjuïc,18,Sants,73,3095,48,2,2
2024-01-01,3,Sants-Montjuïc,18,Sants,73,3095,128,3,1
2024-01-01,3,Sants-Montjuïc,18,Sants,73,3095,122,3,2
2024-01-01,3,Sants-Montjuïc,18,Sants,73,3095,..,4,1
2024-01-01,3,Sants-Montjuïc,18,Sants,73,3096,670,1,1
2024-01-01,3,Sants-Montjuïc,18,Sants,73,3096,527,1,2
2024-01-01,3,Sants-Montjuïc,18,Sants,73,3096,48,2,1
2024-01-01,3,Sants-Montjuïc,18,Sants,73,3096,51,2,2
2024-01-01,3,Sants-Montjuïc,18,Sants,73,3096,137,3,1
2024-01-01,3,Sants-Montjuïc,18,Sants,73,3096,154,3,2
2024-01-01,3,Sants-Montjuïc,18,Sants,73,3097,607,1,1
2024-01-01,3,Sants-Montjuïc,18,Sants,73,3097,511,1,2
2024-01-01,3,Sants-Montjuïc,18,Sants,73,3097,51,2,1
2024-01-01,3,Sants-Montjuïc,18,Sants,73,3097,53,2,2
2024-01-01,3,Sants-Montjuïc,18,Sants,73,3097,203,3,1
2024-01-01,3,Sants-Montjuïc,18,Sants,73,3097,227,3,2
2024-01-01,3,Sants-Montjuïc,18,Sants,73,3098,572,1,1
2024-01-01,3,Sants-Montjuïc,18,Sants,73,3098,499,1,2
2024-01-01,3,Sants-Montjuïc,18,Sants,73,3098,43,2,1
2024-01-01,3,Sants-Montjuïc,18,Sants,73,3098,53,2,2
2024-01-01,3,Sants-Montjuïc,18,Sants,73,3098,114,3,1
2024-01-01,3,Sants-Montjuïc,18,Sants,73,3098,178,3,2
2024-01-01,3,Sants-Montjuïc,18,Sants,73,3099,462,1,1
2024-01-01,3,Sants-Montjuïc,18,Sants,73,3099,336,1,2
2024-01-01,3,Sants-Montjuïc,18,Sants,73,3099,49,2,1
2024-01-01,3,Sants-Montjuïc,18,Sants,73,3099,45,2,2
2024-01-01,3,Sants-Montjuïc,18,Sants,73,3099,74,3,1
2024-01-01,3,Sants-Montjuïc,18,Sants,73,3099,79,3,2
2024-01-01,3,Sants-Montjuïc,18,Sants,73,3100,552,1,1
2024-01-01,3,Sants-Montjuïc,18,Sants,73,3100,408,1,2
2024-01-01,3,Sants-Montjuïc,18,Sants,73,3100,47,2,1
2024-01-01,3,Sants-Montjuïc,18,Sants,73,3100,49,2,2
2024-01-01,3,Sants-Montjuïc,18,Sants,73,3100,120,3,1
2024-01-01,3,Sants-Montjuïc,18,Sants,73,3100,105,3,2
2024-01-01,3,Sants-Montjuïc,18,Sants,74,3101,1158,1,1
2024-01-01,3,Sants-Montjuïc,18,Sants,74,3101,1109,1,2
2024-01-01,3,Sants-Montjuïc,18,Sants,74,3101,146,2,1
2024-01-01,3,Sants-Montjuïc,18,Sants,74,3101,201,2,2
2024-01-01,3,Sants-Montjuïc,18,Sants,74,3101,1882,3,1
2024-01-01,3,Sants-Montjuïc,18,Sants,74,3101,3104,3,2
2024-01-01,3,Sants-Montjuïc,18,Sants,74,3102,566,1,1
2024-01-01,3,Sants-Montjuïc,18,Sants,74,3102,502,1,2
2024-01-01,3,Sants-Montjuïc,18,Sants,74,3102,29,2,1
2024-01-01,3,Sants-Montjuïc,18,Sants,74,3102,37,2,2
2024-01-01,3,Sants-Montjuïc,18,Sants,74,3102,123,3,1
2024-01-01,3,Sants-Montjuïc,18,Sants,74,3102,130,3,2
2024-01-01,3,Sants-Montjuïc,18,Sants,74,3103,543,1,1
2024-01-01,3,Sants-Montjuïc,18,Sants,74,3103,444,1,2
2024-01-01,3,Sants-Montjuïc,18,Sants,74,3103,19,2,1
2024-01-01,3,Sants-Montjuïc,18,Sants,74,3103,18,2,2
2024-01-01,3,Sants-Montjuïc,18,Sants,74,3103,50,3,1
2024-01-01,3,Sants-Montjuïc,18,Sants,74,3103,50,3,2
2024-01-01,3,Sants-Montjuïc,18,Sants,74,3104,575,1,1
2024-01-01,3,Sants-Montjuïc,18,Sants,74,3104,490,1,2
2024-01-01,3,Sants-Montjuïc,18,Sants,74,3104,61,2,1
2024-01-01,3,Sants-Montjuïc,18,Sants,74,3104,49,2,2
2024-01-01,3,Sants-Montjuïc,18,Sants,74,3104,153,3,1
2024-01-01,3,Sants-Montjuïc,18,Sants,74,3104,141,3,2
2024-01-01,3,Sants-Montjuïc,18,Sants,74,3104,..,4,2
2024-01-01,3,Sants-Montjuïc,18,Sants,75,3105,479,1,1
2024-01-01,3,Sants-Montjuïc,18,Sants,75,3105,397,1,2
2024-01-01,3,Sants-Montjuïc,18,Sants,75,3105,41,2,1
2024-01-01,3,Sants-Montjuïc,18,Sants,75,3105,48,2,2
2024-01-01,3,Sants-Montjuïc,18,Sants,75,3105,125,3,1
2024-01-01,3,Sants-Montjuïc,18,Sants,75,3105,135,3,2
2024-01-01,3,Sants-Montjuïc,18,Sants,75,3105,..,4,1
2024-01-01,3,Sants-Montjuïc,18,Sants,75,3106,503,1,1
2024-01-01,3,Sants-Montjuïc,18,Sants,75,3106,421,1,2
2024-01-01,3,Sants-Montjuïc,18,Sants,75,3106,56,2,1
2024-01-01,3,Sants-Montjuïc,18,Sants,75,3106,73,2,2
2024-01-01,3,Sants-Montjuïc,18,Sants,75,3106,114,3,1
2024-01-01,3,Sants-Montjuïc,18,Sants,75,3106,126,3,2
2024-01-01,3,Sants-Montjuïc,18,Sants,76,3107,672,1,1
2024-01-01,3,Sants-Montjuïc,18,Sants,76,3107,587,1,2
2024-01-01,3,Sants-Montjuïc,18,Sants,76,3107,54,2,1
2024-01-01,3,Sants-Montjuïc,18,Sants,76,3107,48,2,2
2024-01-01,3,Sants-Montjuïc,18,Sants,76,3107,207,3,1
2024-01-01,3,Sants-Montjuïc,18,Sants,76,3107,208,3,2
2024-01-01,3,Sants-Montjuïc,18,Sants,76,3107,..,4,2
2024-01-01,3,Sants-Montjuïc,18,Sants,76,3108,674,1,1
2024-01-01,3,Sants-Montjuïc,18,Sants,76,3108,564,1,2
2024-01-01,3,Sants-Montjuïc,18,Sants,76,3108,44,2,1
2024-01-01,3,Sants-Montjuïc,18,Sants,76,3108,46,2,2
2024-01-01,3,Sants-Montjuïc,18,Sants,76,3108,140,3,1
2024-01-01,3,Sants-Montjuïc,18,Sants,76,3108,143,3,2
2024-01-01,3,Sants-Montjuïc,18,Sants,76,3108,..,4,1
2024-01-01,3,Sants-Montjuïc,18,Sants,76,3108,..,4,2
2024-01-01,3,Sants-Montjuïc,18,Sants,76,3109,647,1,1
2024-01-01,3,Sants-Montjuïc,18,Sants,76,3109,574,1,2
2024-01-01,3,Sants-Montjuïc,18,Sants,76,3109,51,2,1
2024-01-01,3,Sants-Montjuïc,18,Sants,76,3109,52,2,2
2024-01-01,3,Sants-Montjuïc,18,Sants,76,3109,118,3,1
2024-01-01,3,Sants-Montjuïc,18,Sants,76,3109,109,3,2
2024-01-01,3,Sants-Montjuïc,18,Sants,76,3110,634,1,1
2024-01-01,3,Sants-Montjuïc,18,Sants,76,3110,539,1,2
2024-01-01,3,Sants-Montjuïc,18,Sants,76,3110,56,2,1
2024-01-01,3,Sants-Montjuïc,18,Sants,76,3110,53,2,2
2024-01-01,3,Sants-Montjuïc,18,Sants,76,3110,109,3,1
2024-01-01,3,Sants-Montjuïc,18,Sants,76,3110,88,3,2
2024-01-01,3,Sants-Montjuïc,18,Sants,76,3111,564,1,1
2024-01-01,3,Sants-Montjuïc,18,Sants,76,3111,451,1,2
2024-01-01,3,Sants-Montjuïc,18,Sants,76,3111,36,2,1
2024-01-01,3,Sants-Montjuïc,18,Sants,76,3111,44,2,2
2024-01-01,3,Sants-Montjuïc,18,Sants,76,3111,96,3,1
2024-01-01,3,Sants-Montjuïc,18,Sants,76,3111,78,3,2
2024-01-01,3,Sants-Montjuïc,18,Sants,76,3112,830,1,1
2024-01-01,3,Sants-Montjuïc,18,Sants,76,3112,710,1,2
2024-01-01,3,Sants-Montjuïc,18,Sants,76,3112,47,2,1
2024-01-01,3,Sants-Montjuïc,18,Sants,76,3112,44,2,2
2024-01-01,3,Sants-Montjuïc,18,Sants,76,3112,147,3,1
2024-01-01,3,Sants-Montjuïc,18,Sants,76,3112,130,3,2
2024-01-01,3,Sants-Montjuïc,18,Sants,76,3113,677,1,1
2024-01-01,3,Sants-Montjuïc,18,Sants,76,3113,570,1,2
2024-01-01,3,Sants-Montjuïc,18,Sants,76,3113,44,2,1
2024-01-01,3,Sants-Montjuïc,18,Sants,76,3113,58,2,2
2024-01-01,3,Sants-Montjuïc,18,Sants,76,3113,91,3,1
2024-01-01,3,Sants-Montjuïc,18,Sants,76,3113,80,3,2
2024-01-01,3,Sants-Montjuïc,18,Sants,76,3113,5,4,1
2024-01-01,3,Sants-Montjuïc,18,Sants,76,3113,..,4,2
2024-01-01,3,Sants-Montjuïc,18,Sants,76,3114,649,1,1
2024-01-01,3,Sants-Montjuïc,18,Sants,76,3114,542,1,2
2024-01-01,3,Sants-Montjuïc,18,Sants,76,3114,43,2,1
2024-01-01,3,Sants-Montjuïc,18,Sants,76,3114,38,2,2
2024-01-01,3,Sants-Montjuïc,18,Sants,76,3114,102,3,1
2024-01-01,3,Sants-Montjuïc,18,Sants,76,3114,91,3,2
2024-01-01,4,Les Corts,19,les Corts,77,4001,509,1,1
2024-01-01,4,Les Corts,19,les Corts,77,4001,457,1,2
2024-01-01,4,Les Corts,19,les Corts,77,4001,40,2,1
2024-01-01,4,Les Corts,19,les Corts,77,4001,35,2,2
2024-01-01,4,Les Corts,19,les Corts,77,4001,112,3,1
2024-01-01,4,Les Corts,19,les Corts,77,4001,115,3,2
2024-01-01,4,Les Corts,19,les Corts,77,4002,845,1,1
2024-01-01,4,Les Corts,19,les Corts,77,4002,781,1,2
2024-01-01,4,Les Corts,19,les Corts,77,4002,40,2,1
2024-01-01,4,Les Corts,19,les Corts,77,4002,49,2,2
2024-01-01,4,Les Corts,19,les Corts,77,4002,117,3,1
2024-01-01,4,Les Corts,19,les Corts,77,4002,89,3,2
2024-01-01,4,Les Corts,19,les Corts,77,4003,462,1,1
2024-01-01,4,Les Corts,19,les Corts,77,4003,433,1,2
2024-01-01,4,Les Corts,19,les Corts,77,4003,14,2,1
2024-01-01,4,Les Corts,19,les Corts,77,4003,27,2,2
2024-01-01,4,Les Corts,19,les Corts,77,4003,62,3,1
2024-01-01,4,Les Corts,19,les Corts,77,4003,55,3,2
2024-01-01,4,Les Corts,19,les Corts,77,4003,..,4,1
2024-01-01,4,Les Corts,19,les Corts,77,4003,..,4,2
2024-01-01,4,Les Corts,19,les Corts,77,4004,440,1,1
2024-01-01,4,Les Corts,19,les Corts,77,4004,409,1,2
2024-01-01,4,Les Corts,19,les Corts,77,4004,14,2,1
2024-01-01,4,Les Corts,19,les Corts,77,4004,24,2,2
2024-01-01,4,Les Corts,19,les Corts,77,4004,69,3,1
2024-01-01,4,Les Corts,19,les Corts,77,4004,62,3,2
2024-01-01,4,Les Corts,19,les Corts,77,4005,553,1,1
2024-01-01,4,Les Corts,19,les Corts,77,4005,484,1,2
2024-01-01,4,Les Corts,19,les Corts,77,4005,30,2,1
2024-01-01,4,Les Corts,19,les Corts,77,4005,30,2,2
2024-01-01,4,Les Corts,19,les Corts,77,4005,67,3,1
2024-01-01,4,Les Corts,19,les Corts,77,4005,53,3,2
2024-01-01,4,Les Corts,19,les Corts,77,4006,523,1,1
2024-01-01,4,Les Corts,19,les Corts,77,4006,440,1,2
2024-01-01,4,Les Corts,19,les Corts,77,4006,23,2,1
2024-01-01,4,Les Corts,19,les Corts,77,4006,29,2,2
2024-01-01,4,Les Corts,19,les Corts,77,4006,79,3,1
2024-01-01,4,Les Corts,19,les Corts,77,4006,61,3,2
2024-01-01,4,Les Corts,19,les Corts,77,4007,505,1,1
2024-01-01,4,Les Corts,19,les Corts,77,4007,375,1,2
2024-01-01,4,Les Corts,19,les Corts,77,4007,29,2,1
2024-01-01,4,Les Corts,19,les Corts,77,4007,22,2,2
2024-01-01,4,Les Corts,19,les Corts,77,4007,69,3,1
2024-01-01,4,Les Corts,19,les Corts,77,4007,62,3,2
2024-01-01,4,Les Corts,19,les Corts,77,4008,440,1,1
2024-01-01,4,Les Corts,19,les Corts,77,4008,365,1,2
2024-01-01,4,Les Corts,19,les Corts,77,4008,31,2,1
2024-01-01,4,Les Corts,19,les Corts,77,4008,20,2,2
2024-01-01,4,Les Corts,19,les Corts,77,4008,69,3,1
2024-01-01,4,Les Corts,19,les Corts,77,4008,94,3,2
2024-01-01,4,Les Corts,19,les Corts,77,4009,631,1,1
2024-01-01,4,Les Corts,19,les Corts,77,4009,533,1,2
2024-01-01,4,Les Corts,19,les Corts,77,4009,26,2,1
2024-01-01,4,Les Corts,19,les Corts,77,4009,40,2,2
2024-01-01,4,Les Corts,19,les Corts,77,4009,123,3,1
2024-01-01,4,Les Corts,19,les Corts,77,4009,101,3,2
2024-01-01,4,Les Corts,19,les Corts,78,4010,440,1,1
2024-01-01,4,Les Corts,19,les Corts,78,4010,359,1,2
2024-01-01,4,Les Corts,19,les Corts,78,4010,16,2,1
2024-01-01,4,Les Corts,19,les Corts,78,4010,11,2,2
2024-01-01,4,Les Corts,19,les Corts,78,4010,48,3,1
2024-01-01,4,Les Corts,19,les Corts,78,4010,43,3,2
2024-01-01,4,Les Corts,19,les Corts,78,4011,821,1,1
2024-01-01,4,Les Corts,19,les Corts,78,4011,693,1,2
2024-01-01,4,Les Corts,19,les Corts,78,4011,36,2,1
2024-01-01,4,Les Corts,19,les Corts,78,4011,36,2,2
2024-01-01,4,Les Corts,19,les Corts,78,4011,77,3,1
2024-01-01,4,Les Corts,19,les Corts,78,4011,73,3,2
2024-01-01,4,Les Corts,19,les Corts,78,4011,..,4,2
2024-01-01,4,Les Corts,19,les Corts,78,4012,617,1,1
2024-01-01,4,Les Corts,19,les Corts,78,4012,527,1,2
2024-01-01,4,Les Corts,19,les Corts,78,4012,23,2,1
2024-01-01,4,Les Corts,19,les Corts,78,4012,22,2,2
2024-01-01,4,Les Corts,19,les Corts,78,4012,60,3,1
2024-01-01,4,Les Corts,19,les Corts,78,4012,49,3,2
2024-01-01,4,Les Corts,19,les Corts,78,4013,553,1,1
2024-01-01,4,Les Corts,19,les Corts,78,4013,469,1,2
2024-01-01,4,Les Corts,19,les Corts,78,4013,34,2,1
2024-01-01,4,Les Corts,19,les Corts,78,4013,37,2,2
2024-01-01,4,Les Corts,19,les Corts,78,4013,57,3,1
2024-01-01,4,Les Corts,19,les Corts,78,4013,76,3,2
2024-01-01,4,Les Corts,19,les Corts,78,4014,365,1,1
2024-01-01,4,Les Corts,19,les Corts,78,4014,302,1,2
2024-01-01,4,Les Corts,19,les Corts,78,4014,17,2,1
2024-01-01,4,Les Corts,19,les Corts,78,4014,14,2,2
2024-01-01,4,Les Corts,19,les Corts,78,4014,50,3,1
2024-01-01,4,Les Corts,19,les Corts,78,4014,41,3,2
2024-01-01,4,Les Corts,19,les Corts,78,4015,861,1,1
2024-01-01,4,Les Corts,19,les Corts,78,4015,730,1,2
2024-01-01,4,Les Corts,19,les Corts,78,4015,56,2,1
2024-01-01,4,Les Corts,19,les Corts,78,4015,36,2,2
2024-01-01,4,Les Corts,19,les Corts,78,4015,115,3,1
2024-01-01,4,Les Corts,19,les Corts,78,4015,88,3,2
2024-01-01,4,Les Corts,19,les Corts,78,4016,487,1,1
2024-01-01,4,Les Corts,19,les Corts,78,4016,432,1,2
2024-01-01,4,Les Corts,19,les Corts,78,4016,24,2,1
2024-01-01,4,Les Corts,19,les Corts,78,4016,22,2,2
2024-01-01,4,Les Corts,19,les Corts,78,4016,64,3,1
2024-01-01,4,Les Corts,19,les Corts,78,4016,60,3,2
2024-01-01,4,Les Corts,19,les Corts,79,4017,544,1,1
2024-01-01,4,Les Corts,19,les Corts,79,4017,440,1,2
2024-01-01,4,Les Corts,19,les Corts,79,4017,39,2,1
2024-01-01,4,Les Corts,19,les Corts,79,4017,30,2,2
2024-01-01,4,Les Corts,19,les Corts,79,4017,61,3,1
2024-01-01,4,Les Corts,19,les Corts,79,4017,53,3,2
2024-01-01,4,Les Corts,19,les Corts,79,4018,702,1,1
2024-01-01,4,Les Corts,19,les Corts,79,4018,567,1,2
2024-01-01,4,Les Corts,19,les Corts,79,4018,45,2,1
2024-01-01,4,Les Corts,19,les Corts,79,4018,45,2,2
2024-01-01,4,Les Corts,19,les Corts,79,4018,96,3,1
2024-01-01,4,Les Corts,19,les Corts,79,4018,69,3,2
2024-01-01,4,Les Corts,19,les Corts,79,4019,614,1,1
2024-01-01,4,Les Corts,19,les Corts,79,4019,572,1,2
2024-01-01,4,Les Corts,19,les Corts,79,4019,35,2,1
2024-01-01,4,Les Corts,19,les Corts,79,4019,34,2,2
2024-01-01,4,Les Corts,19,les Corts,79,4019,90,3,1
2024-01-01,4,Les Corts,19,les Corts,79,4019,63,3,2
2024-01-01,4,Les Corts,19,les Corts,79,4020,681,1,1
2024-01-01,4,Les Corts,19,les Corts,79,4020,583,1,2
2024-01-01,4,Les Corts,19,les Corts,79,4020,25,2,1
2024-01-01,4,Les Corts,19,les Corts,79,4020,41,2,2
2024-01-01,4,Les Corts,19,les Corts,79,4020,74,3,1
2024-01-01,4,Les Corts,19,les Corts,79,4020,56,3,2
2024-01-01,4,Les Corts,19,les Corts,79,4020,..,4,1
2024-01-01,4,Les Corts,19,les Corts,79,4021,597,1,1
2024-01-01,4,Les Corts,19,les Corts,79,4021,501,1,2
2024-01-01,4,Les Corts,19,les Corts,79,4021,42,2,1
2024-01-01,4,Les Corts,19,les Corts,79,4021,46,2,2
2024-01-01,4,Les Corts,19,les Corts,79,4021,82,3,1
2024-01-01,4,Les Corts,19,les Corts,79,4021,53,3,2
2024-01-01,4,Les Corts,19,les Corts,80,4022,639,1,1
2024-01-01,4,Les Corts,19,les Corts,80,4022,604,1,2
2024-01-01,4,Les Corts,19,les Corts,80,4022,53,2,1
2024-01-01,4,Les Corts,19,les Corts,80,4022,62,2,2
2024-01-01,4,Les Corts,19,les Corts,80,4022,184,3,1
2024-01-01,4,Les Corts,19,les Corts,80,4022,144,3,2
2024-01-01,4,Les Corts,19,les Corts,80,4022,..,4,1
2024-01-01,4,Les Corts,19,les Corts,80,4022,..,4,2
2024-01-01,4,Les Corts,19,les Corts,81,4023,466,1,1
2024-01-01,4,Les Corts,19,les Corts,81,4023,420,1,2
2024-01-01,4,Les Corts,19,les Corts,81,4023,20,2,1
2024-01-01,4,Les Corts,19,les Corts,81,4023,19,2,2
2024-01-01,4,Les Corts,19,les Corts,81,4023,66,3,1
2024-01-01,4,Les Corts,19,les Corts,81,4023,66,3,2
2024-01-01,4,Les Corts,19,les Corts,81,4024,498,1,1
2024-01-01,4,Les Corts,19,les Corts,81,4024,426,1,2
2024-01-01,4,Les Corts,19,les Corts,81,4024,..,2,1
2024-01-01,4,Les Corts,19,les Corts,81,4024,15,2,2
2024-01-01,4,Les Corts,19,les Corts,81,4024,44,3,1
2024-01-01,4,Les Corts,19,les Corts,81,4024,27,3,2
2024-01-01,4,Les Corts,19,les Corts,82,4025,555,1,1
2024-01-01,4,Les Corts,19,les Corts,82,4025,456,1,2
2024-01-01,4,Les Corts,19,les Corts,82,4025,35,2,1
2024-01-01,4,Les Corts,19,les Corts,82,4025,35,2,2
2024-01-01,4,Les Corts,19,les Corts,82,4025,52,3,1
2024-01-01,4,Les Corts,19,les Corts,82,4025,46,3,2
2024-01-01,4,Les Corts,19,les Corts,82,4026,560,1,1
2024-01-01,4,Les Corts,19,les Corts,82,4026,474,1,2
2024-01-01,4,Les Corts,19,les Corts,82,4026,26,2,1
2024-01-01,4,Les Corts,19,les Corts,82,4026,40,2,2
2024-01-01,4,Les Corts,19,les Corts,82,4026,74,3,1
2024-01-01,4,Les Corts,19,les Corts,82,4026,50,3,2
2024-01-01,4,Les Corts,19,les Corts,82,4026,..,4,1
2024-01-01,4,Les Corts,19,les Corts,82,4027,556,1,1
2024-01-01,4,Les Corts,19,les Corts,82,4027,472,1,2
2024-01-01,4,Les Corts,19,les Corts,82,4027,58,2,1
2024-01-01,4,Les Corts,19,les Corts,82,4027,51,2,2
2024-01-01,4,Les Corts,19,les Corts,82,4027,122,3,1
2024-01-01,4,Les Corts,19,les Corts,82,4027,102,3,2
2024-01-01,4,Les Corts,19,les Corts,83,4028,550,1,1
2024-01-01,4,Les Corts,19,les Corts,83,4028,508,1,2
2024-01-01,4,Les Corts,19,les Corts,83,4028,39,2,1
2024-01-01,4,Les Corts,19,les Corts,83,4028,48,2,2
2024-01-01,4,Les Corts,19,les Corts,83,4028,96,3,1
2024-01-01,4,Les Corts,19,les Corts,83,4028,70,3,2
2024-01-01,4,Les Corts,19,les Corts,83,4029,554,1,1
2024-01-01,4,Les Corts,19,les Corts,83,4029,447,1,2
2024-01-01,4,Les Corts,19,les Corts,83,4029,19,2,1
2024-01-01,4,Les Corts,19,les Corts,83,4029,17,2,2
2024-01-01,4,Les Corts,19,les Corts,83,4029,46,3,1
2024-01-01,4,Les Corts,19,les Corts,83,4029,37,3,2
2024-01-01,4,Les Corts,19,les Corts,83,4030,852,1,1
2024-01-01,4,Les Corts,19,les Corts,83,4030,712,1,2
2024-01-01,4,Les Corts,19,les Corts,83,4030,38,2,1
2024-01-01,4,Les Corts,19,les Corts,83,4030,42,2,2
2024-01-01,4,Les Corts,19,les Corts,83,4030,89,3,1
2024-01-01,4,Les Corts,19,les Corts,83,4030,61,3,2
2024-01-01,4,Les Corts,19,les Corts,84,4031,760,1,1
2024-01-01,4,Les Corts,19,les Corts,84,4031,711,1,2
2024-01-01,4,Les Corts,19,les Corts,84,4031,46,2,1
2024-01-01,4,Les Corts,19,les Corts,84,4031,55,2,2
2024-01-01,4,Les Corts,19,les Corts,84,4031,439,3,1
2024-01-01,4,Les Corts,19,les Corts,84,4031,437,3,2
2024-01-01,4,Les Corts,19,les Corts,84,4031,..,4,1
2024-01-01,4,Les Corts,19,les Corts,84,4032,737,1,1
2024-01-01,4,Les Corts,19,les Corts,84,4032,597,1,2
2024-01-01,4,Les Corts,19,les Corts,84,4032,31,2,1
2024-01-01,4,Les Corts,19,les Corts,84,4032,21,2,2
2024-01-01,4,Les Corts,19,les Corts,84,4032,112,3,1
2024-01-01,4,Les Corts,19,les Corts,84,4032,97,3,2
2024-01-01,4,Les Corts,19,les Corts,84,4032,..,4,1
2024-01-01,4,Les Corts,19,les Corts,84,4033,549,1,1
2024-01-01,4,Les Corts,19,les Corts,84,4033,433,1,2
2024-01-01,4,Les Corts,19,les Corts,84,4033,25,2,1
2024-01-01,4,Les Corts,19,les Corts,84,4033,20,2,2
2024-01-01,4,Les Corts,19,les Corts,84,4033,68,3,1
2024-01-01,4,Les Corts,19,les Corts,84,4033,68,3,2
2024-01-01,4,Les Corts,19,les Corts,84,4033,..,4,1
2024-01-01,4,Les Corts,19,les Corts,84,4034,690,1,1
2024-01-01,4,Les Corts,19,les Corts,84,4034,599,1,2
2024-01-01,4,Les Corts,19,les Corts,84,4034,20,2,1
2024-01-01,4,Les Corts,19,les Corts,84,4034,31,2,2
2024-01-01,4,Les Corts,19,les Corts,84,4034,45,3,1
2024-01-01,4,Les Corts,19,les Corts,84,4034,39,3,2
2024-01-01,4,Les Corts,19,les Corts,84,4035,638,1,1
2024-01-01,4,Les Corts,19,les Corts,84,4035,522,1,2
2024-01-01,4,Les Corts,19,les Corts,84,4035,45,2,1
2024-01-01,4,Les Corts,19,les Corts,84,4035,35,2,2
2024-01-01,4,Les Corts,19,les Corts,84,4035,59,3,1
2024-01-01,4,Les Corts,19,les Corts,84,4035,64,3,2
2024-01-01,4,Les Corts,20,la Maternitat i Sant Ramon,85,4036,756,1,1
2024-01-01,4,Les Corts,20,la Maternitat i Sant Ramon,85,4036,635,1,2
2024-01-01,4,Les Corts,20,la Maternitat i Sant Ramon,85,4036,37,2,1
2024-01-01,4,Les Corts,20,la Maternitat i Sant Ramon,85,4036,31,2,2
2024-01-01,4,Les Corts,20,la Maternitat i Sant Ramon,85,4036,179,3,1
2024-01-01,4,Les Corts,20,la Maternitat i Sant Ramon,85,4036,139,3,2
2024-01-01,4,Les Corts,20,la Maternitat i Sant Ramon,85,4037,992,1,1
2024-01-01,4,Les Corts,20,la Maternitat i Sant Ramon,85,4037,816,1,2
2024-01-01,4,Les Corts,20,la Maternitat i Sant Ramon,85,4037,35,2,1
2024-01-01,4,Les Corts,20,la Maternitat i Sant Ramon,85,4037,36,2,2
2024-01-01,4,Les Corts,20,la Maternitat i Sant Ramon,85,4037,185,3,1
2024-01-01,4,Les Corts,20,la Maternitat i Sant Ramon,85,4037,142,3,2
2024-01-01,4,Les Corts,20,la Maternitat i Sant Ramon,85,4037,..,4,2
2024-01-01,4,Les Corts,20,la Maternitat i Sant Ramon,85,4038,588,1,1
2024-01-01,4,Les Corts,20,la Maternitat i Sant Ramon,85,4038,485,1,2
2024-01-01,4,Les Corts,20,la Maternitat i Sant Ramon,85,4038,25,2,1
2024-01-01,4,Les Corts,20,la Maternitat i Sant Ramon,85,4038,26,2,2
2024-01-01,4,Les Corts,20,la Maternitat i Sant Ramon,85,4038,75,3,1
2024-01-01,4,Les Corts,20,la Maternitat i Sant Ramon,85,4038,46,3,2
2024-01-01,4,Les Corts,20,la Maternitat i Sant Ramon,85,4039,527,1,1
2024-01-01,4,Les Corts,20,la Maternitat i Sant Ramon,85,4039,434,1,2
2024-01-01,4,Les Corts,20,la Maternitat i Sant Ramon,85,4039,26,2,1
2024-01-01,4,Les Corts,20,la Maternitat i Sant Ramon,85,4039,27,2,2
2024-01-01,4,Les Corts,20,la Maternitat i Sant Ramon,85,4039,83,3,1
2024-01-01,4,Les Corts,20,la Maternitat i Sant Ramon,85,4039,73,3,2
2024-01-01,4,Les Corts,20,la Maternitat i Sant Ramon,85,4040,609,1,1
2024-01-01,4,Les Corts,20,la Maternitat i Sant Ramon,85,4040,583,1,2
2024-01-01,4,Les Corts,20,la Maternitat i Sant Ramon,85,4040,44,2,1
2024-01-01,4,Les Corts,20,la Maternitat i Sant Ramon,85,4040,52,2,2
2024-01-01,4,Les Corts,20,la Maternitat i Sant Ramon,85,4040,156,3,1
2024-01-01,4,Les Corts,20,la Maternitat i Sant Ramon,85,4040,170,3,2
2024-01-01,4,Les Corts,20,la Maternitat i Sant Ramon,85,4041,564,1,1
2024-01-01,4,Les Corts,20,la Maternitat i Sant Ramon,85,4041,469,1,2
2024-01-01,4,Les Corts,20,la Maternitat i Sant Ramon,85,4041,26,2,1
2024-01-01,4,Les Corts,20,la Maternitat i Sant Ramon,85,4041,18,2,2
2024-01-01,4,Les Corts,20,la Maternitat i Sant Ramon,85,4041,141,3,1
2024-01-01,4,Les Corts,20,la Maternitat i Sant Ramon,85,4041,155,3,2
2024-01-01,4,Les Corts,20,la Maternitat i Sant Ramon,85,4042,770,1,1
2024-01-01,4,Les Corts,20,la Maternitat i Sant Ramon,85,4042,653,1,2
2024-01-01,4,Les Corts,20,la Maternitat i Sant Ramon,85,4042,33,2,1
2024-01-01,4,Les Corts,20,la Maternitat i Sant Ramon,85,4042,29,2,2
2024-01-01,4,Les Corts,20,la Maternitat i Sant Ramon,85,4042,148,3,1
2024-01-01,4,Les Corts,20,la Maternitat i Sant Ramon,85,4042,129,3,2
2024-01-01,4,Les Corts,20,la Maternitat i Sant Ramon,86,4043,769,1,1
2024-01-01,4,Les Corts,20,la Maternitat i Sant Ramon,86,4043,673,1,2
2024-01-01,4,Les Corts,20,la Maternitat i Sant Ramon,86,4043,27,2,1
2024-01-01,4,Les Corts,20,la Maternitat i Sant Ramon,86,4043,24,2,2
2024-01-01,4,Les Corts,20,la Maternitat i Sant Ramon,86,4043,69,3,1
2024-01-01,4,Les Corts,20,la Maternitat i Sant Ramon,86,4043,74,3,2
2024-01-01,4,Les Corts,20,la Maternitat i Sant Ramon,86,4044,681,1,1
2024-01-01,4,Les Corts,20,la Maternitat i Sant Ramon,86,4044,594,1,2
2024-01-01,4,Les Corts,20,la Maternitat i Sant Ramon,86,4044,39,2,1
2024-01-01,4,Les Corts,20,la Maternitat i Sant Ramon,86,4044,43,2,2
2024-01-01,4,Les Corts,20,la Maternitat i Sant Ramon,86,4044,113,3,1
2024-01-01,4,Les Corts,20,la Maternitat i Sant Ramon,86,4044,131,3,2
2024-01-01,4,Les Corts,20,la Maternitat i Sant Ramon,86,4045,642,1,1
2024-01-01,4,Les Corts,20,la Maternitat i Sant Ramon,86,4045,510,1,2
2024-01-01,4,Les Corts,20,la Maternitat i Sant Ramon,86,4045,23,2,1
2024-01-01,4,Les Corts,20,la Maternitat i Sant Ramon,86,4045,42,2,2
2024-01-01,4,Les Corts,20,la Maternitat i Sant Ramon,86,4045,99,3,1
2024-01-01,4,Les Corts,20,la Maternitat i Sant Ramon,86,4045,84,3,2
2024-01-01,4,Les Corts,20,la Maternitat i Sant Ramon,86,4046,1113,1,1
2024-01-01,4,Les Corts,20,la Maternitat i Sant Ramon,86,4046,1034,1,2
2024-01-01,4,Les Corts,20,la Maternitat i Sant Ramon,86,4046,51,2,1
2024-01-01,4,Les Corts,20,la Maternitat i Sant Ramon,86,4046,45,2,2
2024-01-01,4,Les Corts,20,la Maternitat i Sant Ramon,86,4046,84,3,1
2024-01-01,4,Les Corts,20,la Maternitat i Sant Ramon,86,4046,82,3,2
2024-01-01,4,Les Corts,20,la Maternitat i Sant Ramon,86,4047,870,1,1
2024-01-01,4,Les Corts,20,la Maternitat i Sant Ramon,86,4047,778,1,2
2024-01-01,4,Les Corts,20,la Maternitat i Sant Ramon,86,4047,27,2,1
2024-01-01,4,Les Corts,20,la Maternitat i Sant Ramon,86,4047,44,2,2
2024-01-01,4,Les Corts,20,la Maternitat i Sant Ramon,86,4047,117,3,1
2024-01-01,4,Les Corts,20,la Maternitat i Sant Ramon,86,4047,90,3,2
2024-01-01,4,Les Corts,20,la Maternitat i Sant Ramon,87,4048,698,1,1
2024-01-01,4,Les Corts,20,la Maternitat i Sant Ramon,87,4048,614,1,2
2024-01-01,4,Les Corts,20,la Maternitat i Sant Ramon,87,4048,33,2,1
2024-01-01,4,Les Corts,20,la Maternitat i Sant Ramon,87,4048,41,2,2
2024-01-01,4,Les Corts,20,la Maternitat i Sant Ramon,87,4048,78,3,1
2024-01-01,4,Les Corts,20,la Maternitat i Sant Ramon,87,4048,59,3,2
2024-01-01,4,Les Corts,20,la Maternitat i Sant Ramon,87,4049,493,1,1
2024-01-01,4,Les Corts,20,la Maternitat i Sant Ramon,87,4049,406,1,2
2024-01-01,4,Les Corts,20,la Maternitat i Sant Ramon,87,4049,45,2,1
2024-01-01,4,Les Corts,20,la Maternitat i Sant Ramon,87,4049,47,2,2
2024-01-01,4,Les Corts,20,la Maternitat i Sant Ramon,87,4049,137,3,1
2024-01-01,4,Les Corts,20,la Maternitat i Sant Ramon,87,4049,120,3,2
2024-01-01,4,Les Corts,20,la Maternitat i Sant Ramon,87,4049,..,4,1
2024-01-01,4,Les Corts,20,la Maternitat i Sant Ramon,87,4084,659,1,1
2024-01-01,4,Les Corts,20,la Maternitat i Sant Ramon,87,4084,567,1,2
2024-01-01,4,Les Corts,20,la Maternitat i Sant Ramon,87,4084,22,2,1
2024-01-01,4,Les Corts,20,la Maternitat i Sant Ramon,87,4084,43,2,2
2024-01-01,4,Les Corts,20,la Maternitat i Sant Ramon,87,4084,73,3,1
2024-01-01,4,Les Corts,20,la Maternitat i Sant Ramon,87,4084,57,3,2
2024-01-01,4,Les Corts,21,Pedralbes,88,4050,987,1,1
2024-01-01,4,Les Corts,21,Pedralbes,88,4050,880,1,2
2024-01-01,4,Les Corts,21,Pedralbes,88,4050,44,2,1
2024-01-01,4,Les Corts,21,Pedralbes,88,4050,56,2,2
2024-01-01,4,Les Corts,21,Pedralbes,88,4050,82,3,1
2024-01-01,4,Les Corts,21,Pedralbes,88,4050,54,3,2
2024-01-01,4,Les Corts,21,Pedralbes,88,4051,801,1,1
2024-01-01,4,Les Corts,21,Pedralbes,88,4051,641,1,2
2024-01-01,4,Les Corts,21,Pedralbes,88,4051,37,2,1
2024-01-01,4,Les Corts,21,Pedralbes,88,4051,42,2,2
2024-01-01,4,Les Corts,21,Pedralbes,88,4051,100,3,1
2024-01-01,4,Les Corts,21,Pedralbes,88,4051,91,3,2
2024-01-01,4,Les Corts,21,Pedralbes,88,4052,1055,1,1
2024-01-01,4,Les Corts,21,Pedralbes,88,4052,830,1,2
2024-01-01,4,Les Corts,21,Pedralbes,88,4052,69,2,1
2024-01-01,4,Les Corts,21,Pedralbes,88,4052,64,2,2
2024-01-01,4,Les Corts,21,Pedralbes,88,4052,129,3,1
2024-01-01,4,Les Corts,21,Pedralbes,88,4052,79,3,2
2024-01-01,4,Les Corts,21,Pedralbes,89,4053,644,1,1
2024-01-01,4,Les Corts,21,Pedralbes,89,4053,592,1,2
2024-01-01,4,Les Corts,21,Pedralbes,89,4053,65,2,1
2024-01-01,4,Les Corts,21,Pedralbes,89,4053,82,2,2
2024-01-01,4,Les Corts,21,Pedralbes,89,4053,202,3,1
2024-01-01,4,Les Corts,21,Pedralbes,89,4053,176,3,2
2024-01-01,4,Les Corts,21,Pedralbes,89,4054,463,1,1
2024-01-01,4,Les Corts,21,Pedralbes,89,4054,418,1,2
2024-01-01,4,Les Corts,21,Pedralbes,89,4054,29,2,1
2024-01-01,4,Les Corts,21,Pedralbes,89,4054,31,2,2
2024-01-01,4,Les Corts,21,Pedralbes,89,4054,87,3,1
2024-01-01,4,Les Corts,21,Pedralbes,89,4054,72,3,2
2024-01-01,4,Les Corts,21,Pedralbes,90,4055,616,1,1
2024-01-01,4,Les Corts,21,Pedralbes,90,4055,591,1,2
2024-01-01,4,Les Corts,21,Pedralbes,90,4055,133,2,1
2024-01-01,4,Les Corts,21,Pedralbes,90,4055,117,2,2
2024-01-01,4,Les Corts,21,Pedralbes,90,4055,94,3,1
2024-01-01,4,Les Corts,21,Pedralbes,90,4055,73,3,2
2024-01-01,4,Les Corts,21,Pedralbes,90,4056,656,1,1
2024-01-01,4,Les Corts,21,Pedralbes,90,4056,597,1,2
2024-01-01,4,Les Corts,21,Pedralbes,90,4056,103,2,1
2024-01-01,4,Les Corts,21,Pedralbes,90,4056,108,2,2
2024-01-01,4,Les Corts,21,Pedralbes,90,4056,262,3,1
2024-01-01,4,Les Corts,21,Pedralbes,90,4056,246,3,2
2024-01-01,5,Sarrià-Sant Gervasi,22,"Vallvidrera, el Tibidabo i les Planes",91,5001,722,1,1
2024-01-01,5,Sarrià-Sant Gervasi,22,"Vallvidrera, el Tibidabo i les Planes",91,5001,764,1,2
2024-01-01,5,Sarrià-Sant Gervasi,22,"Vallvidrera, el Tibidabo i les Planes",91,5001,97,2,1
2024-01-01,5,Sarrià-Sant Gervasi,22,"Vallvidrera, el Tibidabo i les Planes",91,5001,106,2,2
2024-01-01,5,Sarrià-Sant Gervasi,22,"Vallvidrera, el Tibidabo i les Planes",91,5001,94,3,1
2024-01-01,5,Sarrià-Sant Gervasi,22,"Vallvidrera, el Tibidabo i les Planes",91,5001,89,3,2
2024-01-01,5,Sarrià-Sant Gervasi,22,"Vallvidrera, el Tibidabo i les Planes",91,5001,..,4,2
2024-01-01,5,Sarrià-Sant Gervasi,22,"Vallvidrera, el Tibidabo i les Planes",92,5002,692,1,1
2024-01-01,5,Sarrià-Sant Gervasi,22,"Vallvidrera, el Tibidabo i les Planes",92,5002,654,1,2
2024-01-01,5,Sarrià-Sant Gervasi,22,"Vallvidrera, el Tibidabo i les Planes",92,5002,73,2,1
2024-01-01,5,Sarrià-Sant Gervasi,22,"Vallvidrera, el Tibidabo i les Planes",92,5002,78,2,2
2024-01-01,5,Sarrià-Sant Gervasi,22,"Vallvidrera, el Tibidabo i les Planes",92,5002,79,3,1
2024-01-01,5,Sarrià-Sant Gervasi,22,"Vallvidrera, el Tibidabo i les Planes",92,5002,58,3,2
2024-01-01,5,Sarrià-Sant Gervasi,22,"Vallvidrera, el Tibidabo i les Planes",92,5003,598,1,1
2024-01-01,5,Sarrià-Sant Gervasi,22,"Vallvidrera, el Tibidabo i les Planes",92,5003,583,1,2
2024-01-01,5,Sarrià-Sant Gervasi,22,"Vallvidrera, el Tibidabo i les Planes",92,5003,51,2,1
2024-01-01,5,Sarrià-Sant Gervasi,22,"Vallvidrera, el Tibidabo i les Planes",92,5003,58,2,2
2024-01-01,5,Sarrià-Sant Gervasi,22,"Vallvidrera, el Tibidabo i les Planes",92,5003,58,3,1
2024-01-01,5,Sarrià-Sant Gervasi,22,"Vallvidrera, el Tibidabo i les Planes",92,5003,46,3,2
2024-01-01,5,Sarrià-Sant Gervasi,23,Sarrià,93,5004,507,1,1
2024-01-01,5,Sarrià-Sant Gervasi,23,Sarrià,93,5004,391,1,2
2024-01-01,5,Sarrià-Sant Gervasi,23,Sarrià,93,5004,32,2,1
2024-01-01,5,Sarrià-Sant Gervasi,23,Sarrià,93,5004,33,2,2
2024-01-01,5,Sarrià-Sant Gervasi,23,Sarrià,93,5004,49,3,1
2024-01-01,5,Sarrià-Sant Gervasi,23,Sarrià,93,5004,25,3,2
2024-01-01,5,Sarrià-Sant Gervasi,23,Sarrià,93,5005,487,1,1
2024-01-01,5,Sarrià-Sant Gervasi,23,Sarrià,93,5005,423,1,2
2024-01-01,5,Sarrià-Sant Gervasi,23,Sarrià,93,5005,87,2,1
2024-01-01,5,Sarrià-Sant Gervasi,23,Sarrià,93,5005,71,2,2
2024-01-01,5,Sarrià-Sant Gervasi,23,Sarrià,93,5005,81,3,1
2024-01-01,5,Sarrià-Sant Gervasi,23,Sarrià,93,5005,121,3,2
2024-01-01,5,Sarrià-Sant Gervasi,23,Sarrià,94,5006,724,1,1
2024-01-01,5,Sarrià-Sant Gervasi,23,Sarrià,94,5006,729,1,2
2024-01-01,5,Sarrià-Sant Gervasi,23,Sarrià,94,5006,101,2,1
2024-01-01,5,Sarrià-Sant Gervasi,23,Sarrià,94,5006,80,2,2
2024-01-01,5,Sarrià-Sant Gervasi,23,Sarrià,94,5006,104,3,1
2024-01-01,5,Sarrià-Sant Gervasi,23,Sarrià,94,5006,93,3,2
2024-01-01,5,Sarrià-Sant Gervasi,23,Sarrià,95,5007,788,1,1
2024-01-01,5,Sarrià-Sant Gervasi,23,Sarrià,95,5007,698,1,2
2024-01-01,5,Sarrià-Sant Gervasi,23,Sarrià,95,5007,70,2,1
2024-01-01,5,Sarrià-Sant Gervasi,23,Sarrià,95,5007,105,2,2
2024-01-01,5,Sarrià-Sant Gervasi,23,Sarrià,95,5007,175,3,1
2024-01-01,5,Sarrià-Sant Gervasi,23,Sarrià,95,5007,221,3,2
2024-01-01,5,Sarrià-Sant Gervasi,23,Sarrià,95,5008,779,1,1
2024-01-01,5,Sarrià-Sant Gervasi,23,Sarrià,95,5008,653,1,2
2024-01-01,5,Sarrià-Sant Gervasi,23,Sarrià,95,5008,63,2,1
2024-01-01,5,Sarrià-Sant Gervasi,23,Sarrià,95,5008,65,2,2
2024-01-01,5,Sarrià-Sant Gervasi,23,Sarrià,95,5008,72,3,1
2024-01-01,5,Sarrià-Sant Gervasi,23,Sarrià,95,5008,59,3,2
2024-01-01,5,Sarrià-Sant Gervasi,23,Sarrià,95,5009,765,1,1
2024-01-01,5,Sarrià-Sant Gervasi,23,Sarrià,95,5009,631,1,2
2024-01-01,5,Sarrià-Sant Gervasi,23,Sarrià,95,5009,50,2,1
2024-01-01,5,Sarrià-Sant Gervasi,23,Sarrià,95,5009,57,2,2
2024-01-01,5,Sarrià-Sant Gervasi,23,Sarrià,95,5009,96,3,1
2024-01-01,5,Sarrià-Sant Gervasi,23,Sarrià,95,5009,67,3,2
2024-01-01,5,Sarrià-Sant Gervasi,23,Sarrià,95,5010,695,1,1
2024-01-01,5,Sarrià-Sant Gervasi,23,Sarrià,95,5010,605,1,2
2024-01-01,5,Sarrià-Sant Gervasi,23,Sarrià,95,5010,68,2,1
2024-01-01,5,Sarrià-Sant Gervasi,23,Sarrià,95,5010,64,2,2
2024-01-01,5,Sarrià-Sant Gervasi,23,Sarrià,95,5010,63,3,1
2024-01-01,5,Sarrià-Sant Gervasi,23,Sarrià,95,5010,46,3,2
2024-01-01,5,Sarrià-Sant Gervasi,23,Sarrià,95,5011,642,1,1
2024-01-01,5,Sarrià-Sant Gervasi,23,Sarrià,95,5011,565,1,2
2024-01-01,5,Sarrià-Sant Gervasi,23,Sarrià,95,5011,55,2,1
2024-01-01,5,Sarrià-Sant Gervasi,23,Sarrià,95,5011,55,2,2
2024-01-01,5,Sarrià-Sant Gervasi,23,Sarrià,95,5011,76,3,1
2024-01-01,5,Sarrià-Sant Gervasi,23,Sarrià,95,5011,60,3,2
2024-01-01,5,Sarrià-Sant Gervasi,23,Sarrià,95,5012,626,1,1
2024-01-01,5,Sarrià-Sant Gervasi,23,Sarrià,95,5012,530,1,2
2024-01-01,5,Sarrià-Sant Gervasi,23,Sarrià,95,5012,54,2,1
2024-01-01,5,Sarrià-Sant Gervasi,23,Sarrià,95,5012,46,2,2
2024-01-01,5,Sarrià-Sant Gervasi,23,Sarrià,95,5012,63,3,1
2024-01-01,5,Sarrià-Sant Gervasi,23,Sarrià,95,5012,52,3,2
2024-01-01,5,Sarrià-Sant Gervasi,23,Sarrià,95,5012,..,4,1
2024-01-01,5,Sarrià-Sant Gervasi,23,Sarrià,95,5013,752,1,1
2024-01-01,5,Sarrià-Sant Gervasi,23,Sarrià,95,5013,675,1,2
2024-01-01,5,Sarrià-Sant Gervasi,23,Sarrià,95,5013,59,2,1
2024-01-01,5,Sarrià-Sant Gervasi,23,Sarrià,95,5013,64,2,2
2024-01-01,5,Sarrià-Sant Gervasi,23,Sarrià,95,5013,80,3,1
2024-01-01,5,Sarrià-Sant Gervasi,23,Sarrià,95,5013,59,3,2
2024-01-01,5,Sarrià-Sant Gervasi,23,Sarrià,95,5013,..,4,1
2024-01-01,5,Sarrià-Sant Gervasi,23,Sarrià,96,5014,698,1,1
2024-01-01,5,Sarrià-Sant Gervasi,23,Sarrià,96,5014,635,1,2
2024-01-01,5,Sarrià-Sant Gervasi,23,Sarrià,96,5014,71,2,1
2024-01-01,5,Sarrià-Sant Gervasi,23,Sarrià,96,5014,75,2,2
2024-01-01,5,Sarrià-Sant Gervasi,23,Sarrià,96,5014,78,3,1
2024-01-01,5,Sarrià-Sant Gervasi,23,Sarrià,96,5014,43,3,2
2024-01-01,5,Sarrià-Sant Gervasi,23,Sarrià,96,5015,724,1,1
2024-01-01,5,Sarrià-Sant Gervasi,23,Sarrià,96,5015,613,1,2
2024-01-01,5,Sarrià-Sant Gervasi,23,Sarrià,96,5015,58,2,1
2024-01-01,5,Sarrià-Sant Gervasi,23,Sarrià,96,5015,61,2,2
2024-01-01,5,Sarrià-Sant Gervasi,23,Sarrià,96,5015,72,3,1
2024-01-01,5,Sarrià-Sant Gervasi,23,Sarrià,96,5015,57,3,2
2024-01-01,5,Sarrià-Sant Gervasi,23,Sarrià,96,5016,857,1,1
2024-01-01,5,Sarrià-Sant Gervasi,23,Sarrià,96,5016,667,1,2
2024-01-01,5,Sarrià-Sant Gervasi,23,Sarrià,96,5016,75,2,1
2024-01-01,5,Sarrià-Sant Gervasi,23,Sarrià,96,5016,62,2,2
2024-01-01,5,Sarrià-Sant Gervasi,23,Sarrià,96,5016,98,3,1
2024-01-01,5,Sarrià-Sant Gervasi,23,Sarrià,96,5016,87,3,2
2024-01-01,5,Sarrià-Sant Gervasi,23,Sarrià,96,5017,724,1,1
2024-01-01,5,Sarrià-Sant Gervasi,23,Sarrià,96,5017,621,1,2
2024-01-01,5,Sarrià-Sant Gervasi,23,Sarrià,96,5017,55,2,1
2024-01-01,5,Sarrià-Sant Gervasi,23,Sarrià,96,5017,50,2,2
2024-01-01,5,Sarrià-Sant Gervasi,23,Sarrià,96,5017,51,3,1
2024-01-01,5,Sarrià-Sant Gervasi,23,Sarrià,96,5017,43,3,2
2024-01-01,5,Sarrià-Sant Gervasi,23,Sarrià,96,5018,595,1,1
2024-01-01,5,Sarrià-Sant Gervasi,23,Sarrià,96,5018,491,1,2
2024-01-01,5,Sarrià-Sant Gervasi,23,Sarrià,96,5018,44,2,1
2024-01-01,5,Sarrià-Sant Gervasi,23,Sarrià,96,5018,42,2,2
2024-01-01,5,Sarrià-Sant Gervasi,23,Sarrià,96,5018,68,3,1
2024-01-01,5,Sarrià-Sant Gervasi,23,Sarrià,96,5018,59,3,2
2024-01-01,5,Sarrià-Sant Gervasi,23,Sarrià,96,5018,..,4,2
2024-01-01,5,Sarrià-Sant Gervasi,23,Sarrià,96,5019,801,1,1
2024-01-01,5,Sarrià-Sant Gervasi,23,Sarrià,96,5019,645,1,2
2024-01-01,5,Sarrià-Sant Gervasi,23,Sarrià,96,5019,34,2,1
2024-01-01,5,Sarrià-Sant Gervasi,23,Sarrià,96,5019,35,2,2
2024-01-01,5,Sarrià-Sant Gervasi,23,Sarrià,96,5019,72,3,1
2024-01-01,5,Sarrià-Sant Gervasi,23,Sarrià,96,5019,43,3,2
2024-01-01,5,Sarrià-Sant Gervasi,24,les Tres Torres,97,5020,508,1,1
2024-01-01,5,Sarrià-Sant Gervasi,24,les Tres Torres,97,5020,410,1,2
2024-01-01,5,Sarrià-Sant Gervasi,24,les Tres Torres,97,5020,36,2,1
2024-01-01,5,Sarrià-Sant Gervasi,24,les Tres Torres,97,5020,28,2,2
2024-01-01,5,Sarrià-Sant Gervasi,24,les Tres Torres,97,5020,80,3,1
2024-01-01,5,Sarrià-Sant Gervasi,24,les Tres Torres,97,5020,77,3,2
2024-01-01,5,Sarrià-Sant Gervasi,24,les Tres Torres,97,5020,..,4,1
2024-01-01,5,Sarrià-Sant Gervasi,24,les Tres Torres,97,5021,567,1,1
2024-01-01,5,Sarrià-Sant Gervasi,24,les Tres Torres,97,5021,482,1,2
2024-01-01,5,Sarrià-Sant Gervasi,24,les Tres Torres,97,5021,34,2,1
2024-01-01,5,Sarrià-Sant Gervasi,24,les Tres Torres,97,5021,30,2,2
2024-01-01,5,Sarrià-Sant Gervasi,24,les Tres Torres,97,5021,106,3,1
2024-01-01,5,Sarrià-Sant Gervasi,24,les Tres Torres,97,5021,106,3,2
2024-01-01,5,Sarrià-Sant Gervasi,24,les Tres Torres,98,5022,829,1,1
2024-01-01,5,Sarrià-Sant Gervasi,24,les Tres Torres,98,5022,671,1,2
2024-01-01,5,Sarrià-Sant Gervasi,24,les Tres Torres,98,5022,46,2,1
2024-01-01,5,Sarrià-Sant Gervasi,24,les Tres Torres,98,5022,45,2,2
2024-01-01,5,Sarrià-Sant Gervasi,24,les Tres Torres,98,5022,68,3,1
2024-01-01,5,Sarrià-Sant Gervasi,24,les Tres Torres,98,5022,48,3,2
2024-01-01,5,Sarrià-Sant Gervasi,24,les Tres Torres,98,5023,681,1,1
2024-01-01,5,Sarrià-Sant Gervasi,24,les Tres Torres,98,5023,556,1,2
2024-01-01,5,Sarrià-Sant Gervasi,24,les Tres Torres,98,5023,43,2,1
2024-01-01,5,Sarrià-Sant Gervasi,24,les Tres Torres,98,5023,41,2,2
2024-01-01,5,Sarrià-Sant Gervasi,24,les Tres Torres,98,5023,92,3,1
2024-01-01,5,Sarrià-Sant Gervasi,24,les Tres Torres,98,5023,62,3,2
2024-01-01,5,Sarrià-Sant Gervasi,24,les Tres Torres,98,5024,927,1,1
2024-01-01,5,Sarrià-Sant Gervasi,24,les Tres Torres,98,5024,808,1,2
2024-01-01,5,Sarrià-Sant Gervasi,24,les Tres Torres,98,5024,57,2,1
2024-01-01,5,Sarrià-Sant Gervasi,24,les Tres Torres,98,5024,56,2,2
2024-01-01,5,Sarrià-Sant Gervasi,24,les Tres Torres,98,5024,62,3,1
2024-01-01,5,Sarrià-Sant Gervasi,24,les Tres Torres,98,5024,67,3,2
2024-01-01,5,Sarrià-Sant Gervasi,24,les Tres Torres,99,5025,577,1,1
2024-01-01,5,Sarrià-Sant Gervasi,24,les Tres Torres,99,5025,512,1,2
2024-01-01,5,Sarrià-Sant Gervasi,24,les Tres Torres,99,5025,21,2,1
2024-01-01,5,Sarrià-Sant Gervasi,24,les Tres Torres,99,5025,21,2,2
2024-01-01,5,Sarrià-Sant Gervasi,24,les Tres Torres,99,5025,65,3,1
2024-01-01,5,Sarrià-Sant Gervasi,24,les Tres Torres,99,5025,54,3,2
2024-01-01,5,Sarrià-Sant Gervasi,24,les Tres Torres,99,5025,..,4,2
2024-01-01,5,Sarrià-Sant Gervasi,24,les Tres Torres,99,5026,666,1,1
2024-01-01,5,Sarrià-Sant Gervasi,24,les Tres Torres,99,5026,634,1,2
2024-01-01,5,Sarrià-Sant Gervasi,24,les Tres Torres,99,5026,24,2,1
2024-01-01,5,Sarrià-Sant Gervasi,24,les Tres Torres,99,5026,25,2,2
2024-01-01,5,Sarrià-Sant Gervasi,24,les Tres Torres,99,5026,50,3,1
2024-01-01,5,Sarrià-Sant Gervasi,24,les Tres Torres,99,5026,24,3,2
2024-01-01,5,Sarrià-Sant Gervasi,24,les Tres Torres,99,5027,645,1,1
2024-01-01,5,Sarrià-Sant Gervasi,24,les Tres Torres,99,5027,586,1,2
2024-01-01,5,Sarrià-Sant Gervasi,24,les Tres Torres,99,5027,28,2,1
2024-01-01,5,Sarrià-Sant Gervasi,24,les Tres Torres,99,5027,42,2,2
2024-01-01,5,Sarrià-Sant Gervasi,24,les Tres Torres,99,5027,48,3,1
2024-01-01,5,Sarrià-Sant Gervasi,24,les Tres Torres,99,5027,30,3,2
2024-01-01,5,Sarrià-Sant Gervasi,24,les Tres Torres,99,5028,729,1,1
2024-01-01,5,Sarrià-Sant Gervasi,24,les Tres Torres,99,5028,665,1,2
2024-01-01,5,Sarrià-Sant Gervasi,24,les Tres Torres,99,5028,22,2,1
2024-01-01,5,Sarrià-Sant Gervasi,24,les Tres Torres,99,5028,53,2,2
2024-01-01,5,Sarrià-Sant Gervasi,24,les Tres Torres,99,5028,78,3,1
2024-01-01,5,Sarrià-Sant Gervasi,24,les Tres Torres,99,5028,133,3,2
2024-01-01,5,Sarrià-Sant Gervasi,24,les Tres Torres,99,5029,751,1,1
2024-01-01,5,Sarrià-Sant Gervasi,24,les Tres Torres,99,5029,718,1,2
2024-01-01,5,Sarrià-Sant Gervasi,24,les Tres Torres,99,5029,51,2,1
2024-01-01,5,Sarrià-Sant Gervasi,24,les Tres Torres,99,5029,58,2,2
2024-01-01,5,Sarrià-Sant Gervasi,24,les Tres Torres,99,5029,57,3,1
2024-01-01,5,Sarrià-Sant Gervasi,24,les Tres Torres,99,5029,34,3,2
2024-01-01,5,Sarrià-Sant Gervasi,24,les Tres Torres,99,5030,667,1,1
2024-01-01,5,Sarrià-Sant Gervasi,24,les Tres Torres,99,5030,598,1,2
2024-01-01,5,Sarrià-Sant Gervasi,24,les Tres Torres,99,5030,22,2,1
2024-01-01,5,Sarrià-Sant Gervasi,24,les Tres Torres,99,5030,18,2,2
2024-01-01,5,Sarrià-Sant Gervasi,24,les Tres Torres,99,5030,40,3,1
2024-01-01,5,Sarrià-Sant Gervasi,24,les Tres Torres,99,5030,22,3,2
2024-01-01,5,Sarrià-Sant Gervasi,25,Sant Gervasi - la Bonanova,100,5031,711,1,1
2024-01-01,5,Sarrià-Sant Gervasi,25,Sant Gervasi - la Bonanova,100,5031,641,1,2
2024-01-01,5,Sarrià-Sant Gervasi,25,Sant Gervasi - la Bonanova,100,5031,53,2,1
2024-01-01,5,Sarrià-Sant Gervasi,25,Sant Gervasi - la Bonanova,100,5031,44,2,2
2024-01-01,5,Sarrià-Sant Gervasi,25,Sant Gervasi - la Bonanova,100,5031,84,3,1
2024-01-01,5,Sarrià-Sant Gervasi,25,Sant Gervasi - la Bonanova,100,5031,65,3,2
2024-01-01,5,Sarrià-Sant Gervasi,25,Sant Gervasi - la Bonanova,100,5032,760,1,1
2024-01-01,5,Sarrià-Sant Gervasi,25,Sant Gervasi - la Bonanova,100,5032,684,1,2
2024-01-01,5,Sarrià-Sant Gervasi,25,Sant Gervasi - la Bonanova,100,5032,80,2,1
2024-01-01,5,Sarrià-Sant Gervasi,25,Sant Gervasi - la Bonanova,100,5032,81,2,2
2024-01-01,5,Sarrià-Sant Gervasi,25,Sant Gervasi - la Bonanova,100,5032,150,3,1
2024-01-01,5,Sarrià-Sant Gervasi,25,Sant Gervasi - la Bonanova,100,5032,129,3,2
2024-01-01,5,Sarrià-Sant Gervasi,25,Sant Gervasi - la Bonanova,101,5033,626,1,1
2024-01-01,5,Sarrià-Sant Gervasi,25,Sant Gervasi - la Bonanova,101,5033,571,1,2
2024-01-01,5,Sarrià-Sant Gervasi,25,Sant Gervasi - la Bonanova,101,5033,60,2,1
2024-01-01,5,Sarrià-Sant Gervasi,25,Sant Gervasi - la Bonanova,101,5033,42,2,2
2024-01-01,5,Sarrià-Sant Gervasi,25,Sant Gervasi - la Bonanova,101,5033,82,3,1
2024-01-01,5,Sarrià-Sant Gervasi,25,Sant Gervasi - la Bonanova,101,5033,63,3,2
2024-01-01,5,Sarrià-Sant Gervasi,25,Sant Gervasi - la Bonanova,101,5034,545,1,1
2024-01-01,5,Sarrià-Sant Gervasi,25,Sant Gervasi - la Bonanova,101,5034,455,1,2
2024-01-01,5,Sarrià-Sant Gervasi,25,Sant Gervasi - la Bonanova,101,5034,30,2,1
2024-01-01,5,Sarrià-Sant Gervasi,25,Sant Gervasi - la Bonanova,101,5034,35,2,2
2024-01-01,5,Sarrià-Sant Gervasi,25,Sant Gervasi - la Bonanova,101,5034,87,3,1
2024-01-01,5,Sarrià-Sant Gervasi,25,Sant Gervasi - la Bonanova,101,5034,66,3,2
2024-01-01,5,Sarrià-Sant Gervasi,25,Sant Gervasi - la Bonanova,102,5035,494,1,1
2024-01-01,5,Sarrià-Sant Gervasi,25,Sant Gervasi - la Bonanova,102,5035,462,1,2
2024-01-01,5,Sarrià-Sant Gervasi,25,Sant Gervasi - la Bonanova,102,5035,19,2,1
2024-01-01,5,Sarrià-Sant Gervasi,25,Sant Gervasi - la Bonanova,102,5035,16,2,2
2024-01-01,5,Sarrià-Sant Gervasi,25,Sant Gervasi - la Bonanova,102,5035,44,3,1
2024-01-01,5,Sarrià-Sant Gervasi,25,Sant Gervasi - la Bonanova,102,5035,37,3,2
2024-01-01,5,Sarrià-Sant Gervasi,25,Sant Gervasi - la Bonanova,102,5036,856,1,1
2024-01-01,5,Sarrià-Sant Gervasi,25,Sant Gervasi - la Bonanova,102,5036,712,1,2
2024-01-01,5,Sarrià-Sant Gervasi,25,Sant Gervasi - la Bonanova,102,5036,56,2,1
2024-01-01,5,Sarrià-Sant Gervasi,25,Sant Gervasi - la Bonanova,102,5036,55,2,2
2024-01-01,5,Sarrià-Sant Gervasi,25,Sant Gervasi - la Bonanova,102,5036,67,3,1
2024-01-01,5,Sarrià-Sant Gervasi,25,Sant Gervasi - la Bonanova,102,5036,70,3,2
2024-01-01,5,Sarrià-Sant Gervasi,25,Sant Gervasi - la Bonanova,102,5037,707,1,1
2024-01-01,5,Sarrià-Sant Gervasi,25,Sant Gervasi - la Bonanova,102,5037,560,1,2
2024-01-01,5,Sarrià-Sant Gervasi,25,Sant Gervasi - la Bonanova,102,5037,41,2,1
2024-01-01,5,Sarrià-Sant Gervasi,25,Sant Gervasi - la Bonanova,102,5037,40,2,2
2024-01-01,5,Sarrià-Sant Gervasi,25,Sant Gervasi - la Bonanova,102,5037,85,3,1
2024-01-01,5,Sarrià-Sant Gervasi,25,Sant Gervasi - la Bonanova,102,5037,65,3,2
2024-01-01,5,Sarrià-Sant Gervasi,25,Sant Gervasi - la Bonanova,102,5038,594,1,1
2024-01-01,5,Sarrià-Sant Gervasi,25,Sant Gervasi - la Bonanova,102,5038,471,1,2
2024-01-01,5,Sarrià-Sant Gervasi,25,Sant Gervasi - la Bonanova,102,5038,56,2,1
2024-01-01,5,Sarrià-Sant Gervasi,25,Sant Gervasi - la Bonanova,102,5038,51,2,2
2024-01-01,5,Sarrià-Sant Gervasi,25,Sant Gervasi - la Bonanova,102,5038,145,3,1
2024-01-01,5,Sarrià-Sant Gervasi,25,Sant Gervasi - la Bonanova,102,5038,107,3,2
2024-01-01,5,Sarrià-Sant Gervasi,25,Sant Gervasi - la Bonanova,102,5038,..,4,1
2024-01-01,5,Sarrià-Sant Gervasi,25,Sant Gervasi - la Bonanova,102,5039,726,1,1
2024-01-01,5,Sarrià-Sant Gervasi,25,Sant Gervasi - la Bonanova,102,5039,672,1,2
2024-01-01,5,Sarrià-Sant Gervasi,25,Sant Gervasi - la Bonanova,102,5039,34,2,1
2024-01-01,5,Sarrià-Sant Gervasi,25,Sant Gervasi - la Bonanova,102,5039,34,2,2
2024-01-01,5,Sarrià-Sant Gervasi,25,Sant Gervasi - la Bonanova,102,5039,60,3,1
2024-01-01,5,Sarrià-Sant Gervasi,25,Sant Gervasi - la Bonanova,102,5039,38,3,2
2024-01-01,5,Sarrià-Sant Gervasi,25,Sant Gervasi - la Bonanova,102,5040,675,1,1
2024-01-01,5,Sarrià-Sant Gervasi,25,Sant Gervasi - la Bonanova,102,5040,543,1,2
2024-01-01,5,Sarrià-Sant Gervasi,25,Sant Gervasi - la Bonanova,102,5040,50,2,1
2024-01-01,5,Sarrià-Sant Gervasi,25,Sant Gervasi - la Bonanova,102,5040,42,2,2
2024-01-01,5,Sarrià-Sant Gervasi,25,Sant Gervasi - la Bonanova,102,5040,92,3,1
2024-01-01,5,Sarrià-Sant Gervasi,25,Sant Gervasi - la Bonanova,102,5040,75,3,2
2024-01-01,5,Sarrià-Sant Gervasi,25,Sant Gervasi - la Bonanova,102,5041,808,1,1
2024-01-01,5,Sarrià-Sant Gervasi,25,Sant Gervasi - la Bonanova,102,5041,659,1,2
2024-01-01,5,Sarrià-Sant Gervasi,25,Sant Gervasi - la Bonanova,102,5041,78,2,1
2024-01-01,5,Sarrià-Sant Gervasi,25,Sant Gervasi - la Bonanova,102,5041,81,2,2
2024-01-01,5,Sarrià-Sant Gervasi,25,Sant Gervasi - la Bonanova,102,5041,400,3,1
2024-01-01,5,Sarrià-Sant Gervasi,25,Sant Gervasi - la Bonanova,102,5041,346,3,2
2024-01-01,5,Sarrià-Sant Gervasi,25,Sant Gervasi - la Bonanova,103,5042,588,1,1
2024-01-01,5,Sarrià-Sant Gervasi,25,Sant Gervasi - la Bonanova,103,5042,530,1,2
2024-01-01,5,Sarrià-Sant Gervasi,25,Sant Gervasi - la Bonanova,103,5042,28,2,1
2024-01-01,5,Sarrià-Sant Gervasi,25,Sant Gervasi - la Bonanova,103,5042,35,2,2
2024-01-01,5,Sarrià-Sant Gervasi,25,Sant Gervasi - la Bonanova,103,5042,72,3,1
2024-01-01,5,Sarrià-Sant Gervasi,25,Sant Gervasi - la Bonanova,103,5042,59,3,2
2024-01-01,5,Sarrià-Sant Gervasi,25,Sant Gervasi - la Bonanova,103,5043,662,1,1
2024-01-01,5,Sarrià-Sant Gervasi,25,Sant Gervasi - la Bonanova,103,5043,538,1,2
2024-01-01,5,Sarrià-Sant Gervasi,25,Sant Gervasi - la Bonanova,103,5043,49,2,1
2024-01-01,5,Sarrià-Sant Gervasi,25,Sant Gervasi - la Bonanova,103,5043,43,2,2
2024-01-01,5,Sarrià-Sant Gervasi,25,Sant Gervasi - la Bonanova,103,5043,122,3,1
2024-01-01,5,Sarrià-Sant Gervasi,25,Sant Gervasi - la Bonanova,103,5043,85,3,2
2024-01-01,5,Sarrià-Sant Gervasi,25,Sant Gervasi - la Bonanova,103,5044,594,1,1
2024-01-01,5,Sarrià-Sant Gervasi,25,Sant Gervasi - la Bonanova,103,5044,494,1,2
2024-01-01,5,Sarrià-Sant Gervasi,25,Sant Gervasi - la Bonanova,103,5044,41,2,1
2024-01-01,5,Sarrià-Sant Gervasi,25,Sant Gervasi - la Bonanova,103,5044,48,2,2
2024-01-01,5,Sarrià-Sant Gervasi,25,Sant Gervasi - la Bonanova,103,5044,85,3,1
2024-01-01,5,Sarrià-Sant Gervasi,25,Sant Gervasi - la Bonanova,103,5044,72,3,2
2024-01-01,5,Sarrià-Sant Gervasi,25,Sant Gervasi - la Bonanova,103,5044,..,4,1
2024-01-01,5,Sarrià-Sant Gervasi,25,Sant Gervasi - la Bonanova,103,5045,803,1,1
2024-01-01,5,Sarrià-Sant Gervasi,25,Sant Gervasi - la Bonanova,103,5045,645,1,2
2024-01-01,5,Sarrià-Sant Gervasi,25,Sant Gervasi - la Bonanova,103,5045,36,2,1
2024-01-01,5,Sarrià-Sant Gervasi,25,Sant Gervasi - la Bonanova,103,5045,44,2,2
2024-01-01,5,Sarrià-Sant Gervasi,25,Sant Gervasi - la Bonanova,103,5045,53,3,1
2024-01-01,5,Sarrià-Sant Gervasi,25,Sant Gervasi - la Bonanova,103,5045,42,3,2
2024-01-01,5,Sarrià-Sant Gervasi,25,Sant Gervasi - la Bonanova,103,5046,618,1,1
2024-01-01,5,Sarrià-Sant Gervasi,25,Sant Gervasi - la Bonanova,103,5046,451,1,2
2024-01-01,5,Sarrià-Sant Gervasi,25,Sant Gervasi - la Bonanova,103,5046,19,2,1
2024-01-01,5,Sarrià-Sant Gervasi,25,Sant Gervasi - la Bonanova,103,5046,24,2,2
2024-01-01,5,Sarrià-Sant Gervasi,25,Sant Gervasi - la Bonanova,103,5046,34,3,1
2024-01-01,5,Sarrià-Sant Gervasi,25,Sant Gervasi - la Bonanova,103,5046,17,3,2
2024-01-01,5,Sarrià-Sant Gervasi,25,Sant Gervasi - la Bonanova,103,5047,594,1,1
2024-01-01,5,Sarrià-Sant Gervasi,25,Sant Gervasi - la Bonanova,103,5047,482,1,2
2024-01-01,5,Sarrià-Sant Gervasi,25,Sant Gervasi - la Bonanova,103,5047,32,2,1
2024-01-01,5,Sarrià-Sant Gervasi,25,Sant Gervasi - la Bonanova,103,5047,22,2,2
2024-01-01,5,Sarrià-Sant Gervasi,25,Sant Gervasi - la Bonanova,103,5047,53,3,1
2024-01-01,5,Sarrià-Sant Gervasi,25,Sant Gervasi - la Bonanova,103,5047,39,3,2
2024-01-01,5,Sarrià-Sant Gervasi,25,Sant Gervasi - la Bonanova,103,5048,616,1,1
2024-01-01,5,Sarrià-Sant Gervasi,25,Sant Gervasi - la Bonanova,103,5048,463,1,2
2024-01-01,5,Sarrià-Sant Gervasi,25,Sant Gervasi - la Bonanova,103,5048,22,2,1
2024-01-01,5,Sarrià-Sant Gervasi,25,Sant Gervasi - la Bonanova,103,5048,31,2,2
2024-01-01,5,Sarrià-Sant Gervasi,25,Sant Gervasi - la Bonanova,103,5048,57,3,1
2024-01-01,5,Sarrià-Sant Gervasi,25,Sant Gervasi - la Bonanova,103,5048,39,3,2
2024-01-01,5,Sarrià-Sant Gervasi,26,Sant Gervasi - Galvany,104,5049,788,1,1
2024-01-01,5,Sarrià-Sant Gervasi,26,Sant Gervasi - Galvany,104,5049,672,1,2
2024-01-01,5,Sarrià-Sant Gervasi,26,Sant Gervasi - Galvany,104,5049,49,2,1
2024-01-01,5,Sarrià-Sant Gervasi,26,Sant Gervasi - Galvany,104,5049,36,2,2
2024-01-01,5,Sarrià-Sant Gervasi,26,Sant Gervasi - Galvany,104,5049,91,3,1
2024-01-01,5,Sarrià-Sant Gervasi,26,Sant Gervasi - Galvany,104,5049,63,3,2
2024-01-01,5,Sarrià-Sant Gervasi,26,Sant Gervasi - Galvany,104,5050,783,1,1
2024-01-01,5,Sarrià-Sant Gervasi,26,Sant Gervasi - Galvany,104,5050,674,1,2
2024-01-01,5,Sarrià-Sant Gervasi,26,Sant Gervasi - Galvany,104,5050,38,2,1
2024-01-01,5,Sarrià-Sant Gervasi,26,Sant Gervasi - Galvany,104,5050,27,2,2
2024-01-01,5,Sarrià-Sant Gervasi,26,Sant Gervasi - Galvany,104,5050,79,3,1
2024-01-01,5,Sarrià-Sant Gervasi,26,Sant Gervasi - Galvany,104,5050,101,3,2
2024-01-01,5,Sarrià-Sant Gervasi,26,Sant Gervasi - Galvany,104,5051,760,1,1
2024-01-01,5,Sarrià-Sant Gervasi,26,Sant Gervasi - Galvany,104,5051,668,1,2
2024-01-01,5,Sarrià-Sant Gervasi,26,Sant Gervasi - Galvany,104,5051,35,2,1
2024-01-01,5,Sarrià-Sant Gervasi,26,Sant Gervasi - Galvany,104,5051,42,2,2
2024-01-01,5,Sarrià-Sant Gervasi,26,Sant Gervasi - Galvany,104,5051,89,3,1
2024-01-01,5,Sarrià-Sant Gervasi,26,Sant Gervasi - Galvany,104,5051,68,3,2
2024-01-01,5,Sarrià-Sant Gervasi,26,Sant Gervasi - Galvany,104,5052,678,1,1
2024-01-01,5,Sarrià-Sant Gervasi,26,Sant Gervasi - Galvany,104,5052,541,1,2
2024-01-01,5,Sarrià-Sant Gervasi,26,Sant Gervasi - Galvany,104,5052,40,2,1
2024-01-01,5,Sarrià-Sant Gervasi,26,Sant Gervasi - Galvany,104,5052,42,2,2
2024-01-01,5,Sarrià-Sant Gervasi,26,Sant Gervasi - Galvany,104,5052,52,3,1
2024-01-01,5,Sarrià-Sant Gervasi,26,Sant Gervasi - Galvany,104,5052,44,3,2
2024-01-01,5,Sarrià-Sant Gervasi,26,Sant Gervasi - Galvany,105,5053,695,1,1
2024-01-01,5,Sarrià-Sant Gervasi,26,Sant Gervasi - Galvany,105,5053,628,1,2
2024-01-01,5,Sarrià-Sant Gervasi,26,Sant Gervasi - Galvany,105,5053,28,2,1
2024-01-01,5,Sarrià-Sant Gervasi,26,Sant Gervasi - Galvany,105,5053,35,2,2
2024-01-01,5,Sarrià-Sant Gervasi,26,Sant Gervasi - Galvany,105,5053,67,3,1
2024-01-01,5,Sarrià-Sant Gervasi,26,Sant Gervasi - Galvany,105,5053,43,3,2
2024-01-01,5,Sarrià-Sant Gervasi,26,Sant Gervasi - Galvany,105,5054,465,1,1
2024-01-01,5,Sarrià-Sant Gervasi,26,Sant Gervasi - Galvany,105,5054,406,1,2
2024-01-01,5,Sarrià-Sant Gervasi,26,Sant Gervasi - Galvany,105,5054,32,2,1
2024-01-01,5,Sarrià-Sant Gervasi,26,Sant Gervasi - Galvany,105,5054,34,2,2
2024-01-01,5,Sarrià-Sant Gervasi,26,Sant Gervasi - Galvany,105,5054,51,3,1
2024-01-01,5,Sarrià-Sant Gervasi,26,Sant Gervasi - Galvany,105,5054,28,3,2
2024-01-01,5,Sarrià-Sant Gervasi,26,Sant Gervasi - Galvany,105,5055,663,1,1
2024-01-01,5,Sarrià-Sant Gervasi,26,Sant Gervasi - Galvany,105,5055,567,1,2
2024-01-01,5,Sarrià-Sant Gervasi,26,Sant Gervasi - Galvany,105,5055,27,2,1
2024-01-01,5,Sarrià-Sant Gervasi,26,Sant Gervasi - Galvany,105,5055,20,2,2
2024-01-01,5,Sarrià-Sant Gervasi,26,Sant Gervasi - Galvany,105,5055,68,3,1
2024-01-01,5,Sarrià-Sant Gervasi,26,Sant Gervasi - Galvany,105,5055,52,3,2
2024-01-01,5,Sarrià-Sant Gervasi,26,Sant Gervasi - Galvany,106,5056,556,1,1
2024-01-01,5,Sarrià-Sant Gervasi,26,Sant Gervasi - Galvany,106,5056,389,1,2
2024-01-01,5,Sarrià-Sant Gervasi,26,Sant Gervasi - Galvany,106,5056,47,2,1
2024-01-01,5,Sarrià-Sant Gervasi,26,Sant Gervasi - Galvany,106,5056,37,2,2
2024-01-01,5,Sarrià-Sant Gervasi,26,Sant Gervasi - Galvany,106,5056,98,3,1
2024-01-01,5,Sarrià-Sant Gervasi,26,Sant Gervasi - Galvany,106,5056,65,3,2
2024-01-01,5,Sarrià-Sant Gervasi,26,Sant Gervasi - Galvany,106,5057,753,1,1
2024-01-01,5,Sarrià-Sant Gervasi,26,Sant Gervasi - Galvany,106,5057,666,1,2
2024-01-01,5,Sarrià-Sant Gervasi,26,Sant Gervasi - Galvany,106,5057,27,2,1
2024-01-01,5,Sarrià-Sant Gervasi,26,Sant Gervasi - Galvany,106,5057,30,2,2
2024-01-01,5,Sarrià-Sant Gervasi,26,Sant Gervasi - Galvany,106,5057,96,3,1
2024-01-01,5,Sarrià-Sant Gervasi,26,Sant Gervasi - Galvany,106,5057,61,3,2
2024-01-01,5,Sarrià-Sant Gervasi,26,Sant Gervasi - Galvany,106,5057,..,4,1
2024-01-01,5,Sarrià-Sant Gervasi,26,Sant Gervasi - Galvany,106,5057,..,4,2
2024-01-01,5,Sarrià-Sant Gervasi,26,Sant Gervasi - Galvany,106,5058,652,1,1
2024-01-01,5,Sarrià-Sant Gervasi,26,Sant Gervasi - Galvany,106,5058,560,1,2
2024-01-01,5,Sarrià-Sant Gervasi,26,Sant Gervasi - Galvany,106,5058,70,2,1
2024-01-01,5,Sarrià-Sant Gervasi,26,Sant Gervasi - Galvany,106,5058,59,2,2
2024-01-01,5,Sarrià-Sant Gervasi,26,Sant Gervasi - Galvany,106,5058,129,3,1
2024-01-01,5,Sarrià-Sant Gervasi,26,Sant Gervasi - Galvany,106,5058,93,3,2
2024-01-01,5,Sarrià-Sant Gervasi,26,Sant Gervasi - Galvany,106,5059,710,1,1
2024-01-01,5,Sarrià-Sant Gervasi,26,Sant Gervasi - Galvany,106,5059,540,1,2
2024-01-01,5,Sarrià-Sant Gervasi,26,Sant Gervasi - Galvany,106,5059,62,2,1
2024-01-01,5,Sarrià-Sant Gervasi,26,Sant Gervasi - Galvany,106,5059,52,2,2
2024-01-01,5,Sarrià-Sant Gervasi,26,Sant Gervasi - Galvany,106,5059,115,3,1
2024-01-01,5,Sarrià-Sant Gervasi,26,Sant Gervasi - Galvany,106,5059,80,3,2
2024-01-01,5,Sarrià-Sant Gervasi,26,Sant Gervasi - Galvany,106,5060,515,1,1
2024-01-01,5,Sarrià-Sant Gervasi,26,Sant Gervasi - Galvany,106,5060,414,1,2
2024-01-01,5,Sarrià-Sant Gervasi,26,Sant Gervasi - Galvany,106,5060,57,2,1
2024-01-01,5,Sarrià-Sant Gervasi,26,Sant Gervasi - Galvany,106,5060,47,2,2
2024-01-01,5,Sarrià-Sant Gervasi,26,Sant Gervasi - Galvany,106,5060,79,3,1
2024-01-01,5,Sarrià-Sant Gervasi,26,Sant Gervasi - Galvany,106,5060,62,3,2
2024-01-01,5,Sarrià-Sant Gervasi,26,Sant Gervasi - Galvany,107,5061,609,1,1
2024-01-01,5,Sarrià-Sant Gervasi,26,Sant Gervasi - Galvany,107,5061,469,1,2
2024-01-01,5,Sarrià-Sant Gervasi,26,Sant Gervasi - Galvany,107,5061,70,2,1
2024-01-01,5,Sarrià-Sant Gervasi,26,Sant Gervasi - Galvany,107,5061,58,2,2
2024-01-01,5,Sarrià-Sant Gervasi,26,Sant Gervasi - Galvany,107,5061,134,3,1
2024-01-01,5,Sarrià-Sant Gervasi,26,Sant Gervasi - Galvany,107,5061,106,3,2
2024-01-01,5,Sarrià-Sant Gervasi,26,Sant Gervasi - Galvany,107,5062,725,1,1
2024-01-01,5,Sarrià-Sant Gervasi,26,Sant Gervasi - Galvany,107,5062,593,1,2
2024-01-01,5,Sarrià-Sant Gervasi,26,Sant Gervasi - Galvany,107,5062,60,2,1
2024-01-01,5,Sarrià-Sant Gervasi,26,Sant Gervasi - Galvany,107,5062,72,2,2
2024-01-01,5,Sarrià-Sant Gervasi,26,Sant Gervasi - Galvany,107,5062,111,3,1
2024-01-01,5,Sarrià-Sant Gervasi,26,Sant Gervasi - Galvany,107,5062,80,3,2
2024-01-01,5,Sarrià-Sant Gervasi,26,Sant Gervasi - Galvany,107,5063,730,1,1
2024-01-01,5,Sarrià-Sant Gervasi,26,Sant Gervasi - Galvany,107,5063,568,1,2
2024-01-01,5,Sarrià-Sant Gervasi,26,Sant Gervasi - Galvany,107,5063,50,2,1
2024-01-01,5,Sarrià-Sant Gervasi,26,Sant Gervasi - Galvany,107,5063,42,2,2
2024-01-01,5,Sarrià-Sant Gervasi,26,Sant Gervasi - Galvany,107,5063,97,3,1
2024-01-01,5,Sarrià-Sant Gervasi,26,Sant Gervasi - Galvany,107,5063,79,3,2
2024-01-01,5,Sarrià-Sant Gervasi,26,Sant Gervasi - Galvany,107,5064,723,1,1
2024-01-01,5,Sarrià-Sant Gervasi,26,Sant Gervasi - Galvany,107,5064,554,1,2
2024-01-01,5,Sarrià-Sant Gervasi,26,Sant Gervasi - Galvany,107,5064,83,2,1
2024-01-01,5,Sarrià-Sant Gervasi,26,Sant Gervasi - Galvany,107,5064,82,2,2
2024-01-01,5,Sarrià-Sant Gervasi,26,Sant Gervasi - Galvany,107,5064,150,3,1
2024-01-01,5,Sarrià-Sant Gervasi,26,Sant Gervasi - Galvany,107,5064,114,3,2
2024-01-01,5,Sarrià-Sant Gervasi,26,Sant Gervasi - Galvany,107,5064,..,4,1
2024-01-01,5,Sarrià-Sant Gervasi,26,Sant Gervasi - Galvany,107,5064,..,4,2
2024-01-01,5,Sarrià-Sant Gervasi,26,Sant Gervasi - Galvany,107,5065,718,1,1
2024-01-01,5,Sarrià-Sant Gervasi,26,Sant Gervasi - Galvany,107,5065,594,1,2
2024-01-01,5,Sarrià-Sant Gervasi,26,Sant Gervasi - Galvany,107,5065,86,2,1
2024-01-01,5,Sarrià-Sant Gervasi,26,Sant Gervasi - Galvany,107,5065,78,2,2
2024-01-01,5,Sarrià-Sant Gervasi,26,Sant Gervasi - Galvany,107,5065,149,3,1
2024-01-01,5,Sarrià-Sant Gervasi,26,Sant Gervasi - Galvany,107,5065,109,3,2
2024-01-01,5,Sarrià-Sant Gervasi,26,Sant Gervasi - Galvany,108,5066,600,1,1
2024-01-01,5,Sarrià-Sant Gervasi,26,Sant Gervasi - Galvany,108,5066,487,1,2
2024-01-01,5,Sarrià-Sant Gervasi,26,Sant Gervasi - Galvany,108,5066,50,2,1
2024-01-01,5,Sarrià-Sant Gervasi,26,Sant Gervasi - Galvany,108,5066,40,2,2
2024-01-01,5,Sarrià-Sant Gervasi,26,Sant Gervasi - Galvany,108,5066,91,3,1
2024-01-01,5,Sarrià-Sant Gervasi,26,Sant Gervasi - Galvany,108,5066,64,3,2
2024-01-01,5,Sarrià-Sant Gervasi,26,Sant Gervasi - Galvany,108,5067,581,1,1
2024-01-01,5,Sarrià-Sant Gervasi,26,Sant Gervasi - Galvany,108,5067,483,1,2
2024-01-01,5,Sarrià-Sant Gervasi,26,Sant Gervasi - Galvany,108,5067,52,2,1
2024-01-01,5,Sarrià-Sant Gervasi,26,Sant Gervasi - Galvany,108,5067,68,2,2
2024-01-01,5,Sarrià-Sant Gervasi,26,Sant Gervasi - Galvany,108,5067,130,3,1
2024-01-01,5,Sarrià-Sant Gervasi,26,Sant Gervasi - Galvany,108,5067,103,3,2
2024-01-01,5,Sarrià-Sant Gervasi,26,Sant Gervasi - Galvany,108,5067,..,4,2
2024-01-01,5,Sarrià-Sant Gervasi,26,Sant Gervasi - Galvany,108,5068,700,1,1
2024-01-01,5,Sarrià-Sant Gervasi,26,Sant Gervasi - Galvany,108,5068,604,1,2
2024-01-01,5,Sarrià-Sant Gervasi,26,Sant Gervasi - Galvany,108,5068,65,2,1
2024-01-01,5,Sarrià-Sant Gervasi,26,Sant Gervasi - Galvany,108,5068,75,2,2
2024-01-01,5,Sarrià-Sant Gervasi,26,Sant Gervasi - Galvany,108,5068,95,3,1
2024-01-01,5,Sarrià-Sant Gervasi,26,Sant Gervasi - Galvany,108,5068,92,3,2
2024-01-01,5,Sarrià-Sant Gervasi,26,Sant Gervasi - Galvany,108,5068,..,4,2
2024-01-01,5,Sarrià-Sant Gervasi,26,Sant Gervasi - Galvany,108,5069,746,1,1
2024-01-01,5,Sarrià-Sant Gervasi,26,Sant Gervasi - Galvany,108,5069,685,1,2
2024-01-01,5,Sarrià-Sant Gervasi,26,Sant Gervasi - Galvany,108,5069,73,2,1
2024-01-01,5,Sarrià-Sant Gervasi,26,Sant Gervasi - Galvany,108,5069,80,2,2
2024-01-01,5,Sarrià-Sant Gervasi,26,Sant Gervasi - Galvany,108,5069,102,3,1
2024-01-01,5,Sarrià-Sant Gervasi,26,Sant Gervasi - Galvany,108,5069,89,3,2
2024-01-01,5,Sarrià-Sant Gervasi,26,Sant Gervasi - Galvany,108,5069,..,4,1
2024-01-01,5,Sarrià-Sant Gervasi,26,Sant Gervasi - Galvany,109,5070,646,1,1
2024-01-01,5,Sarrià-Sant Gervasi,26,Sant Gervasi - Galvany,109,5070,519,1,2
2024-01-01,5,Sarrià-Sant Gervasi,26,Sant Gervasi - Galvany,109,5070,65,2,1
2024-01-01,5,Sarrià-Sant Gervasi,26,Sant Gervasi - Galvany,109,5070,57,2,2
2024-01-01,5,Sarrià-Sant Gervasi,26,Sant Gervasi - Galvany,109,5070,88,3,1
2024-01-01,5,Sarrià-Sant Gervasi,26,Sant Gervasi - Galvany,109,5070,68,3,2
2024-01-01,5,Sarrià-Sant Gervasi,26,Sant Gervasi - Galvany,109,5070,..,4,1
2024-01-01,5,Sarrià-Sant Gervasi,26,Sant Gervasi - Galvany,109,5071,714,1,1
2024-01-01,5,Sarrià-Sant Gervasi,26,Sant Gervasi - Galvany,109,5071,573,1,2
2024-01-01,5,Sarrià-Sant Gervasi,26,Sant Gervasi - Galvany,109,5071,86,2,1
2024-01-01,5,Sarrià-Sant Gervasi,26,Sant Gervasi - Galvany,109,5071,99,2,2
2024-01-01,5,Sarrià-Sant Gervasi,26,Sant Gervasi - Galvany,109,5071,200,3,1
2024-01-01,5,Sarrià-Sant Gervasi,26,Sant Gervasi - Galvany,109,5071,181,3,2
2024-01-01,5,Sarrià-Sant Gervasi,26,Sant Gervasi - Galvany,109,5071,..,4,1
2024-01-01,5,Sarrià-Sant Gervasi,26,Sant Gervasi - Galvany,109,5072,805,1,1
2024-01-01,5,Sarrià-Sant Gervasi,26,Sant Gervasi - Galvany,109,5072,633,1,2
2024-01-01,5,Sarrià-Sant Gervasi,26,Sant Gervasi - Galvany,109,5072,52,2,1
2024-01-01,5,Sarrià-Sant Gervasi,26,Sant Gervasi - Galvany,109,5072,57,2,2
2024-01-01,5,Sarrià-Sant Gervasi,26,Sant Gervasi - Galvany,109,5072,96,3,1
2024-01-01,5,Sarrià-Sant Gervasi,26,Sant Gervasi - Galvany,109,5072,92,3,2
2024-01-01,5,Sarrià-Sant Gervasi,26,Sant Gervasi - Galvany,109,5073,722,1,1
2024-01-01,5,Sarrià-Sant Gervasi,26,Sant Gervasi - Galvany,109,5073,602,1,2
2024-01-01,5,Sarrià-Sant Gervasi,26,Sant Gervasi - Galvany,109,5073,51,2,1
2024-01-01,5,Sarrià-Sant Gervasi,26,Sant Gervasi - Galvany,109,5073,66,2,2
2024-01-01,5,Sarrià-Sant Gervasi,26,Sant Gervasi - Galvany,109,5073,95,3,1
2024-01-01,5,Sarrià-Sant Gervasi,26,Sant Gervasi - Galvany,109,5073,75,3,2
2024-01-01,5,Sarrià-Sant Gervasi,26,Sant Gervasi - Galvany,109,5074,740,1,1
2024-01-01,5,Sarrià-Sant Gervasi,26,Sant Gervasi - Galvany,109,5074,611,1,2
2024-01-01,5,Sarrià-Sant Gervasi,26,Sant Gervasi - Galvany,109,5074,69,2,1
2024-01-01,5,Sarrià-Sant Gervasi,26,Sant Gervasi - Galvany,109,5074,52,2,2
2024-01-01,5,Sarrià-Sant Gervasi,26,Sant Gervasi - Galvany,109,5074,98,3,1
2024-01-01,5,Sarrià-Sant Gervasi,26,Sant Gervasi - Galvany,109,5074,68,3,2
2024-01-01,5,Sarrià-Sant Gervasi,26,Sant Gervasi - Galvany,110,5075,838,1,1
2024-01-01,5,Sarrià-Sant Gervasi,26,Sant Gervasi - Galvany,110,5075,663,1,2
2024-01-01,5,Sarrià-Sant Gervasi,26,Sant Gervasi - Galvany,110,5075,77,2,1
2024-01-01,5,Sarrià-Sant Gervasi,26,Sant Gervasi - Galvany,110,5075,79,2,2
2024-01-01,5,Sarrià-Sant Gervasi,26,Sant Gervasi - Galvany,110,5075,144,3,1
2024-01-01,5,Sarrià-Sant Gervasi,26,Sant Gervasi - Galvany,110,5075,89,3,2
2024-01-01,5,Sarrià-Sant Gervasi,26,Sant Gervasi - Galvany,110,5075,..,4,1
2024-01-01,5,Sarrià-Sant Gervasi,26,Sant Gervasi - Galvany,110,5076,655,1,1
2024-01-01,5,Sarrià-Sant Gervasi,26,Sant Gervasi - Galvany,110,5076,559,1,2
2024-01-01,5,Sarrià-Sant Gervasi,26,Sant Gervasi - Galvany,110,5076,47,2,1
2024-01-01,5,Sarrià-Sant Gervasi,26,Sant Gervasi - Galvany,110,5076,43,2,2
2024-01-01,5,Sarrià-Sant Gervasi,26,Sant Gervasi - Galvany,110,5076,90,3,1
2024-01-01,5,Sarrià-Sant Gervasi,26,Sant Gervasi - Galvany,110,5076,84,3,2
2024-01-01,5,Sarrià-Sant Gervasi,26,Sant Gervasi - Galvany,110,5077,710,1,1
2024-01-01,5,Sarrià-Sant Gervasi,26,Sant Gervasi - Galvany,110,5077,577,1,2
2024-01-01,5,Sarrià-Sant Gervasi,26,Sant Gervasi - Galvany,110,5077,37,2,1
2024-01-01,5,Sarrià-Sant Gervasi,26,Sant Gervasi - Galvany,110,5077,59,2,2
2024-01-01,5,Sarrià-Sant Gervasi,26,Sant Gervasi - Galvany,110,5077,117,3,1
2024-01-01,5,Sarrià-Sant Gervasi,26,Sant Gervasi - Galvany,110,5077,83,3,2
2024-01-01,5,Sarrià-Sant Gervasi,26,Sant Gervasi - Galvany,110,5078,940,1,1
2024-01-01,5,Sarrià-Sant Gervasi,26,Sant Gervasi - Galvany,110,5078,842,1,2
2024-01-01,5,Sarrià-Sant Gervasi,26,Sant Gervasi - Galvany,110,5078,55,2,1
2024-01-01,5,Sarrià-Sant Gervasi,26,Sant Gervasi - Galvany,110,5078,64,2,2
2024-01-01,5,Sarrià-Sant Gervasi,26,Sant Gervasi - Galvany,110,5078,119,3,1
2024-01-01,5,Sarrià-Sant Gervasi,26,Sant Gervasi - Galvany,110,5078,84,3,2
2024-01-01,5,Sarrià-Sant Gervasi,26,Sant Gervasi - Galvany,110,5078,..,4,1
2024-01-01,5,Sarrià-Sant Gervasi,26,Sant Gervasi - Galvany,110,5079,599,1,1
2024-01-01,5,Sarrià-Sant Gervasi,26,Sant Gervasi - Galvany,110,5079,501,1,2
2024-01-01,5,Sarrià-Sant Gervasi,26,Sant Gervasi - Galvany,110,5079,51,2,1
2024-01-01,5,Sarrià-Sant Gervasi,26,Sant Gervasi - Galvany,110,5079,37,2,2
2024-01-01,5,Sarrià-Sant Gervasi,26,Sant Gervasi - Galvany,110,5079,71,3,1
2024-01-01,5,Sarrià-Sant Gervasi,26,Sant Gervasi - Galvany,110,5079,52,3,2
2024-01-01,5,Sarrià-Sant Gervasi,27,el Putxet i el Farró,111,5080,574,1,1
2024-01-01,5,Sarrià-Sant Gervasi,27,el Putxet i el Farró,111,5080,487,1,2
2024-01-01,5,Sarrià-Sant Gervasi,27,el Putxet i el Farró,111,5080,58,2,1
2024-01-01,5,Sarrià-Sant Gervasi,27,el Putxet i el Farró,111,5080,55,2,2
2024-01-01,5,Sarrià-Sant Gervasi,27,el Putxet i el Farró,111,5080,86,3,1
2024-01-01,5,Sarrià-Sant Gervasi,27,el Putxet i el Farró,111,5080,79,3,2
2024-01-01,5,Sarrià-Sant Gervasi,27,el Putxet i el Farró,111,5081,724,1,1
2024-01-01,5,Sarrià-Sant Gervasi,27,el Putxet i el Farró,111,5081,597,1,2
2024-01-01,5,Sarrià-Sant Gervasi,27,el Putxet i el Farró,111,5081,71,2,1
2024-01-01,5,Sarrià-Sant Gervasi,27,el Putxet i el Farró,111,5081,58,2,2
2024-01-01,5,Sarrià-Sant Gervasi,27,el Putxet i el Farró,111,5081,96,3,1
2024-01-01,5,Sarrià-Sant Gervasi,27,el Putxet i el Farró,111,5081,73,3,2
2024-01-01,5,Sarrià-Sant Gervasi,27,el Putxet i el Farró,111,5082,700,1,1
2024-01-01,5,Sarrià-Sant Gervasi,27,el Putxet i el Farró,111,5082,596,1,2
2024-01-01,5,Sarrià-Sant Gervasi,27,el Putxet i el Farró,111,5082,72,2,1
2024-01-01,5,Sarrià-Sant Gervasi,27,el Putxet i el Farró,111,5082,65,2,2
2024-01-01,5,Sarrià-Sant Gervasi,27,el Putxet i el Farró,111,5082,135,3,1
2024-01-01,5,Sarrià-Sant Gervasi,27,el Putxet i el Farró,111,5082,111,3,2
2024-01-01,5,Sarrià-Sant Gervasi,27,el Putxet i el Farró,111,5082,..,4,2
2024-01-01,5,Sarrià-Sant Gervasi,27,el Putxet i el Farró,111,5083,578,1,1
2024-01-01,5,Sarrià-Sant Gervasi,27,el Putxet i el Farró,111,5083,482,1,2
2024-01-01,5,Sarrià-Sant Gervasi,27,el Putxet i el Farró,111,5083,55,2,1
2024-01-01,5,Sarrià-Sant Gervasi,27,el Putxet i el Farró,111,5083,42,2,2
2024-01-01,5,Sarrià-Sant Gervasi,27,el Putxet i el Farró,111,5083,49,3,1
2024-01-01,5,Sarrià-Sant Gervasi,27,el Putxet i el Farró,111,5083,43,3,2
2024-01-01,5,Sarrià-Sant Gervasi,27,el Putxet i el Farró,111,5084,602,1,1
2024-01-01,5,Sarrià-Sant Gervasi,27,el Putxet i el Farró,111,5084,468,1,2
2024-01-01,5,Sarrià-Sant Gervasi,27,el Putxet i el Farró,111,5084,64,2,1
2024-01-01,5,Sarrià-Sant Gervasi,27,el Putxet i el Farró,111,5084,64,2,2
2024-01-01,5,Sarrià-Sant Gervasi,27,el Putxet i el Farró,111,5084,75,3,1
2024-01-01,5,Sarrià-Sant Gervasi,27,el Putxet i el Farró,111,5084,72,3,2
2024-01-01,5,Sarrià-Sant Gervasi,27,el Putxet i el Farró,111,5084,..,4,1
2024-01-01,5,Sarrià-Sant Gervasi,27,el Putxet i el Farró,111,5084,..,4,2
2024-01-01,5,Sarrià-Sant Gervasi,27,el Putxet i el Farró,111,5085,568,1,1
2024-01-01,5,Sarrià-Sant Gervasi,27,el Putxet i el Farró,111,5085,483,1,2
2024-01-01,5,Sarrià-Sant Gervasi,27,el Putxet i el Farró,111,5085,58,2,1
2024-01-01,5,Sarrià-Sant Gervasi,27,el Putxet i el Farró,111,5085,52,2,2
2024-01-01,5,Sarrià-Sant Gervasi,27,el Putxet i el Farró,111,5085,95,3,1
2024-01-01,5,Sarrià-Sant Gervasi,27,el Putxet i el Farró,111,5085,81,3,2
2024-01-01,5,Sarrià-Sant Gervasi,27,el Putxet i el Farró,111,5086,586,1,1
2024-01-01,5,Sarrià-Sant Gervasi,27,el Putxet i el Farró,111,5086,512,1,2
2024-01-01,5,Sarrià-Sant Gervasi,27,el Putxet i el Farró,111,5086,64,2,1
2024-01-01,5,Sarrià-Sant Gervasi,27,el Putxet i el Farró,111,5086,48,2,2
2024-01-01,5,Sarrià-Sant Gervasi,27,el Putxet i el Farró,111,5086,97,3,1
2024-01-01,5,Sarrià-Sant Gervasi,27,el Putxet i el Farró,111,5086,53,3,2
2024-01-01,5,Sarrià-Sant Gervasi,27,el Putxet i el Farró,111,5087,703,1,1
2024-01-01,5,Sarrià-Sant Gervasi,27,el Putxet i el Farró,111,5087,595,1,2
2024-01-01,5,Sarrià-Sant Gervasi,27,el Putxet i el Farró,111,5087,63,2,1
2024-01-01,5,Sarrià-Sant Gervasi,27,el Putxet i el Farró,111,5087,53,2,2
2024-01-01,5,Sarrià-Sant Gervasi,27,el Putxet i el Farró,111,5087,137,3,1
2024-01-01,5,Sarrià-Sant Gervasi,27,el Putxet i el Farró,111,5087,100,3,2
2024-01-01,5,Sarrià-Sant Gervasi,27,el Putxet i el Farró,112,5088,757,1,1
2024-01-01,5,Sarrià-Sant Gervasi,27,el Putxet i el Farró,112,5088,659,1,2
2024-01-01,5,Sarrià-Sant Gervasi,27,el Putxet i el Farró,112,5088,54,2,1
2024-01-01,5,Sarrià-Sant Gervasi,27,el Putxet i el Farró,112,5088,59,2,2
2024-01-01,5,Sarrià-Sant Gervasi,27,el Putxet i el Farró,112,5088,98,3,1
2024-01-01,5,Sarrià-Sant Gervasi,27,el Putxet i el Farró,112,5088,129,3,2
2024-01-01,5,Sarrià-Sant Gervasi,27,el Putxet i el Farró,112,5089,787,1,1
2024-01-01,5,Sarrià-Sant Gervasi,27,el Putxet i el Farró,112,5089,714,1,2
2024-01-01,5,Sarrià-Sant Gervasi,27,el Putxet i el Farró,112,5089,84,2,1
2024-01-01,5,Sarrià-Sant Gervasi,27,el Putxet i el Farró,112,5089,75,2,2
2024-01-01,5,Sarrià-Sant Gervasi,27,el Putxet i el Farró,112,5089,122,3,1
2024-01-01,5,Sarrià-Sant Gervasi,27,el Putxet i el Farró,112,5089,95,3,2
2024-01-01,5,Sarrià-Sant Gervasi,27,el Putxet i el Farró,112,5090,789,1,1
2024-01-01,5,Sarrià-Sant Gervasi,27,el Putxet i el Farró,112,5090,698,1,2
2024-01-01,5,Sarrià-Sant Gervasi,27,el Putxet i el Farró,112,5090,99,2,1
2024-01-01,5,Sarrià-Sant Gervasi,27,el Putxet i el Farró,112,5090,89,2,2
2024-01-01,5,Sarrià-Sant Gervasi,27,el Putxet i el Farró,112,5090,96,3,1
2024-01-01,5,Sarrià-Sant Gervasi,27,el Putxet i el Farró,112,5090,109,3,2
2024-01-01,5,Sarrià-Sant Gervasi,27,el Putxet i el Farró,112,5091,705,1,1
2024-01-01,5,Sarrià-Sant Gervasi,27,el Putxet i el Farró,112,5091,540,1,2
2024-01-01,5,Sarrià-Sant Gervasi,27,el Putxet i el Farró,112,5091,69,2,1
2024-01-01,5,Sarrià-Sant Gervasi,27,el Putxet i el Farró,112,5091,63,2,2
2024-01-01,5,Sarrià-Sant Gervasi,27,el Putxet i el Farró,112,5091,78,3,1
2024-01-01,5,Sarrià-Sant Gervasi,27,el Putxet i el Farró,112,5091,79,3,2
2024-01-01,5,Sarrià-Sant Gervasi,27,el Putxet i el Farró,112,5092,759,1,1
2024-01-01,5,Sarrià-Sant Gervasi,27,el Putxet i el Farró,112,5092,615,1,2
2024-01-01,5,Sarrià-Sant Gervasi,27,el Putxet i el Farró,112,5092,49,2,1
2024-01-01,5,Sarrià-Sant Gervasi,27,el Putxet i el Farró,112,5092,45,2,2
2024-01-01,5,Sarrià-Sant Gervasi,27,el Putxet i el Farró,112,5092,96,3,1
2024-01-01,5,Sarrià-Sant Gervasi,27,el Putxet i el Farró,112,5092,64,3,2
2024-01-01,5,Sarrià-Sant Gervasi,27,el Putxet i el Farró,113,5093,529,1,1
2024-01-01,5,Sarrià-Sant Gervasi,27,el Putxet i el Farró,113,5093,407,1,2
2024-01-01,5,Sarrià-Sant Gervasi,27,el Putxet i el Farró,113,5093,36,2,1
2024-01-01,5,Sarrià-Sant Gervasi,27,el Putxet i el Farró,113,5093,38,2,2
2024-01-01,5,Sarrià-Sant Gervasi,27,el Putxet i el Farró,113,5093,96,3,1
2024-01-01,5,Sarrià-Sant Gervasi,27,el Putxet i el Farró,113,5093,67,3,2
2024-01-01,5,Sarrià-Sant Gervasi,27,el Putxet i el Farró,113,5093,..,4,1
2024-01-01,5,Sarrià-Sant Gervasi,27,el Putxet i el Farró,113,5093,..,4,2
2024-01-01,5,Sarrià-Sant Gervasi,27,el Putxet i el Farró,113,5094,1313,1,1
2024-01-01,5,Sarrià-Sant Gervasi,27,el Putxet i el Farró,113,5094,1036,1,2
2024-01-01,5,Sarrià-Sant Gervasi,27,el Putxet i el Farró,113,5094,74,2,1
2024-01-01,5,Sarrià-Sant Gervasi,27,el Putxet i el Farró,113,5094,74,2,2
2024-01-01,5,Sarrià-Sant Gervasi,27,el Putxet i el Farró,113,5094,164,3,1
2024-01-01,5,Sarrià-Sant Gervasi,27,el Putxet i el Farró,113,5094,133,3,2
2024-01-01,5,Sarrià-Sant Gervasi,27,el Putxet i el Farró,113,5095,786,1,1
2024-01-01,5,Sarrià-Sant Gervasi,27,el Putxet i el Farró,113,5095,605,1,2
2024-01-01,5,Sarrià-Sant Gervasi,27,el Putxet i el Farró,113,5095,46,2,1
2024-01-01,5,Sarrià-Sant Gervasi,27,el Putxet i el Farró,113,5095,57,2,2
2024-01-01,5,Sarrià-Sant Gervasi,27,el Putxet i el Farró,113,5095,144,3,1
2024-01-01,5,Sarrià-Sant Gervasi,27,el Putxet i el Farró,113,5095,98,3,2
2024-01-01,5,Sarrià-Sant Gervasi,27,el Putxet i el Farró,113,5096,507,1,1
2024-01-01,5,Sarrià-Sant Gervasi,27,el Putxet i el Farró,113,5096,425,1,2
2024-01-01,5,Sarrià-Sant Gervasi,27,el Putxet i el Farró,113,5096,35,2,1
2024-01-01,5,Sarrià-Sant Gervasi,27,el Putxet i el Farró,113,5096,41,2,2
2024-01-01,5,Sarrià-Sant Gervasi,27,el Putxet i el Farró,113,5096,88,3,1
2024-01-01,5,Sarrià-Sant Gervasi,27,el Putxet i el Farró,113,5096,64,3,2
2024-01-01,5,Sarrià-Sant Gervasi,27,el Putxet i el Farró,113,5097,701,1,1
2024-01-01,5,Sarrià-Sant Gervasi,27,el Putxet i el Farró,113,5097,667,1,2
2024-01-01,5,Sarrià-Sant Gervasi,27,el Putxet i el Farró,113,5097,77,2,1
2024-01-01,5,Sarrià-Sant Gervasi,27,el Putxet i el Farró,113,5097,74,2,2
2024-01-01,5,Sarrià-Sant Gervasi,27,el Putxet i el Farró,113,5097,125,3,1
2024-01-01,5,Sarrià-Sant Gervasi,27,el Putxet i el Farró,113,5097,76,3,2
2024-01-01,5,Sarrià-Sant Gervasi,27,el Putxet i el Farró,113,5098,666,1,1
2024-01-01,5,Sarrià-Sant Gervasi,27,el Putxet i el Farró,113,5098,564,1,2
2024-01-01,5,Sarrià-Sant Gervasi,27,el Putxet i el Farró,113,5098,50,2,1
2024-01-01,5,Sarrià-Sant Gervasi,27,el Putxet i el Farró,113,5098,38,2,2
2024-01-01,5,Sarrià-Sant Gervasi,27,el Putxet i el Farró,113,5098,99,3,1
2024-01-01,5,Sarrià-Sant Gervasi,27,el Putxet i el Farró,113,5098,74,3,2
2024-01-01,6,Gràcia,28,Vallcarca i els Penitents,114,6001,540,1,1
2024-01-01,6,Gràcia,28,Vallcarca i els Penitents,114,6001,390,1,2
2024-01-01,6,Gràcia,28,Vallcarca i els Penitents,114,6001,53,2,1
2024-01-01,6,Gràcia,28,Vallcarca i els Penitents,114,6001,65,2,2
2024-01-01,6,Gràcia,28,Vallcarca i els Penitents,114,6001,118,3,1
2024-01-01,6,Gràcia,28,Vallcarca i els Penitents,114,6001,116,3,2
2024-01-01,6,Gràcia,28,Vallcarca i els Penitents,114,6002,630,1,1
2024-01-01,6,Gràcia,28,Vallcarca i els Penitents,114,6002,542,1,2
2024-01-01,6,Gràcia,28,Vallcarca i els Penitents,114,6002,73,2,1
2024-01-01,6,Gràcia,28,Vallcarca i els Penitents,114,6002,47,2,2
2024-01-01,6,Gràcia,28,Vallcarca i els Penitents,114,6002,122,3,1
2024-01-01,6,Gràcia,28,Vallcarca i els Penitents,114,6002,113,3,2
2024-01-01,6,Gràcia,28,Vallcarca i els Penitents,114,6003,971,1,1
2024-01-01,6,Gràcia,28,Vallcarca i els Penitents,114,6003,869,1,2
2024-01-01,6,Gràcia,28,Vallcarca i els Penitents,114,6003,106,2,1
2024-01-01,6,Gràcia,28,Vallcarca i els Penitents,114,6003,104,2,2
2024-01-01,6,Gràcia,28,Vallcarca i els Penitents,114,6003,193,3,1
2024-01-01,6,Gràcia,28,Vallcarca i els Penitents,114,6003,167,3,2
2024-01-01,6,Gràcia,28,Vallcarca i els Penitents,114,6004,611,1,1
2024-01-01,6,Gràcia,28,Vallcarca i els Penitents,114,6004,549,1,2
2024-01-01,6,Gràcia,28,Vallcarca i els Penitents,114,6004,50,2,1
2024-01-01,6,Gràcia,28,Vallcarca i els Penitents,114,6004,56,2,2
2024-01-01,6,Gràcia,28,Vallcarca i els Penitents,114,6004,68,3,1
2024-01-01,6,Gràcia,28,Vallcarca i els Penitents,114,6004,92,3,2
2024-01-01,6,Gràcia,28,Vallcarca i els Penitents,115,6006,462,1,1
2024-01-01,6,Gràcia,28,Vallcarca i els Penitents,115,6006,431,1,2
2024-01-01,6,Gràcia,28,Vallcarca i els Penitents,115,6006,25,2,1
2024-01-01,6,Gràcia,28,Vallcarca i els Penitents,115,6006,21,2,2
2024-01-01,6,Gràcia,28,Vallcarca i els Penitents,115,6006,45,3,1
2024-01-01,6,Gràcia,28,Vallcarca i els Penitents,115,6006,48,3,2
2024-01-01,6,Gràcia,28,Vallcarca i els Penitents,115,6007,877,1,1
2024-01-01,6,Gràcia,28,Vallcarca i els Penitents,115,6007,764,1,2
2024-01-01,6,Gràcia,28,Vallcarca i els Penitents,115,6007,63,2,1
2024-01-01,6,Gràcia,28,Vallcarca i els Penitents,115,6007,69,2,2
2024-01-01,6,Gràcia,28,Vallcarca i els Penitents,115,6007,139,3,1
2024-01-01,6,Gràcia,28,Vallcarca i els Penitents,115,6007,125,3,2
2024-01-01,6,Gràcia,28,Vallcarca i els Penitents,115,6008,872,1,1
2024-01-01,6,Gràcia,28,Vallcarca i els Penitents,115,6008,735,1,2
2024-01-01,6,Gràcia,28,Vallcarca i els Penitents,115,6008,62,2,1
2024-01-01,6,Gràcia,28,Vallcarca i els Penitents,115,6008,73,2,2
2024-01-01,6,Gràcia,28,Vallcarca i els Penitents,115,6008,202,3,1
2024-01-01,6,Gràcia,28,Vallcarca i els Penitents,115,6008,170,3,2
2024-01-01,6,Gràcia,28,Vallcarca i els Penitents,116,6009,618,1,1
2024-01-01,6,Gràcia,28,Vallcarca i els Penitents,116,6009,544,1,2
2024-01-01,6,Gràcia,28,Vallcarca i els Penitents,116,6009,36,2,1
2024-01-01,6,Gràcia,28,Vallcarca i els Penitents,116,6009,35,2,2
2024-01-01,6,Gràcia,28,Vallcarca i els Penitents,116,6009,61,3,1
2024-01-01,6,Gràcia,28,Vallcarca i els Penitents,116,6009,44,3,2
2024-01-01,6,Gràcia,28,Vallcarca i els Penitents,116,6009,..,4,2
2024-01-01,6,Gràcia,28,Vallcarca i els Penitents,116,6010,460,1,1
2024-01-01,6,Gràcia,28,Vallcarca i els Penitents,116,6010,392,1,2
2024-01-01,6,Gràcia,28,Vallcarca i els Penitents,116,6010,25,2,1
2024-01-01,6,Gràcia,28,Vallcarca i els Penitents,116,6010,28,2,2
2024-01-01,6,Gràcia,28,Vallcarca i els Penitents,116,6010,68,3,1
2024-01-01,6,Gràcia,28,Vallcarca i els Penitents,116,6010,64,3,2
2024-01-01,6,Gràcia,28,Vallcarca i els Penitents,117,6011,605,1,1
2024-01-01,6,Gràcia,28,Vallcarca i els Penitents,117,6011,548,1,2
2024-01-01,6,Gràcia,28,Vallcarca i els Penitents,117,6011,33,2,1
2024-01-01,6,Gràcia,28,Vallcarca i els Penitents,117,6011,27,2,2
2024-01-01,6,Gràcia,28,Vallcarca i els Penitents,117,6011,58,3,1
2024-01-01,6,Gràcia,28,Vallcarca i els Penitents,117,6011,51,3,2
2024-01-01,6,Gràcia,28,Vallcarca i els Penitents,117,6012,515,1,1
2024-01-01,6,Gràcia,28,Vallcarca i els Penitents,117,6012,441,1,2
2024-01-01,6,Gràcia,28,Vallcarca i els Penitents,117,6012,51,2,1
2024-01-01,6,Gràcia,28,Vallcarca i els Penitents,117,6012,31,2,2
2024-01-01,6,Gràcia,28,Vallcarca i els Penitents,117,6012,58,3,1
2024-01-01,6,Gràcia,28,Vallcarca i els Penitents,117,6012,56,3,2
2024-01-01,6,Gràcia,29,el Coll,118,6013,733,1,1
2024-01-01,6,Gràcia,29,el Coll,118,6013,682,1,2
2024-01-01,6,Gràcia,29,el Coll,118,6013,77,2,1
2024-01-01,6,Gràcia,29,el Coll,118,6013,63,2,2
2024-01-01,6,Gràcia,29,el Coll,118,6013,167,3,1
2024-01-01,6,Gràcia,29,el Coll,118,6013,137,3,2
2024-01-01,6,Gràcia,29,el Coll,118,6014,658,1,1
2024-01-01,6,Gràcia,29,el Coll,118,6014,545,1,2
2024-01-01,6,Gràcia,29,el Coll,118,6014,48,2,1
2024-01-01,6,Gràcia,29,el Coll,118,6014,34,2,2
2024-01-01,6,Gràcia,29,el Coll,118,6014,110,3,1
2024-01-01,6,Gràcia,29,el Coll,118,6014,80,3,2
2024-01-01,6,Gràcia,29,el Coll,118,6015,594,1,1
2024-01-01,6,Gràcia,29,el Coll,118,6015,522,1,2
2024-01-01,6,Gràcia,29,el Coll,118,6015,38,2,1
2024-01-01,6,Gràcia,29,el Coll,118,6015,51,2,2
2024-01-01,6,Gràcia,29,el Coll,118,6015,163,3,1
2024-01-01,6,Gràcia,29,el Coll,118,6015,140,3,2
2024-01-01,6,Gràcia,29,el Coll,118,6016,682,1,1
2024-01-01,6,Gràcia,29,el Coll,118,6016,574,1,2
2024-01-01,6,Gràcia,29,el Coll,118,6016,47,2,1
2024-01-01,6,Gràcia,29,el Coll,118,6016,34,2,2
2024-01-01,6,Gràcia,29,el Coll,118,6016,148,3,1
2024-01-01,6,Gràcia,29,el Coll,118,6016,132,3,2
2024-01-01,6,Gràcia,29,el Coll,118,6017,640,1,1
2024-01-01,6,Gràcia,29,el Coll,118,6017,554,1,2
2024-01-01,6,Gràcia,29,el Coll,118,6017,49,2,1
2024-01-01,6,Gràcia,29,el Coll,118,6017,51,2,2
2024-01-01,6,Gràcia,29,el Coll,118,6017,99,3,1
2024-01-01,6,Gràcia,29,el Coll,118,6017,91,3,2
2024-01-01,6,Gràcia,30,la Salut,119,6018,531,1,1
2024-01-01,6,Gràcia,30,la Salut,119,6018,477,1,2
2024-01-01,6,Gràcia,30,la Salut,119,6018,87,2,1
2024-01-01,6,Gràcia,30,la Salut,119,6018,96,2,2
2024-01-01,6,Gràcia,30,la Salut,119,6018,121,3,1
2024-01-01,6,Gràcia,30,la Salut,119,6018,103,3,2
2024-01-01,6,Gràcia,30,la Salut,119,6019,637,1,1
2024-01-01,6,Gràcia,30,la Salut,119,6019,560,1,2
2024-01-01,6,Gràcia,30,la Salut,119,6019,61,2,1
2024-01-01,6,Gràcia,30,la Salut,119,6019,69,2,2
2024-01-01,6,Gràcia,30,la Salut,119,6019,99,3,1
2024-01-01,6,Gràcia,30,la Salut,119,6019,92,3,2
2024-01-01,6,Gràcia,30,la Salut,119,6020,499,1,1
2024-01-01,6,Gràcia,30,la Salut,119,6020,413,1,2
2024-01-01,6,Gràcia,30,la Salut,119,6020,50,2,1
2024-01-01,6,Gràcia,30,la Salut,119,6020,45,2,2
2024-01-01,6,Gràcia,30,la Salut,119,6020,112,3,1
2024-01-01,6,Gràcia,30,la Salut,119,6020,112,3,2
2024-01-01,6,Gràcia,30,la Salut,119,6021,603,1,1
2024-01-01,6,Gràcia,30,la Salut,119,6021,500,1,2
2024-01-01,6,Gràcia,30,la Salut,119,6021,37,2,1
2024-01-01,6,Gràcia,30,la Salut,119,6021,44,2,2
2024-01-01,6,Gràcia,30,la Salut,119,6021,116,3,1
2024-01-01,6,Gràcia,30,la Salut,119,6021,93,3,2
2024-01-01,6,Gràcia,30,la Salut,120,6022,540,1,1
2024-01-01,6,Gràcia,30,la Salut,120,6022,515,1,2
2024-01-01,6,Gràcia,30,la Salut,120,6022,78,2,1
2024-01-01,6,Gràcia,30,la Salut,120,6022,48,2,2
2024-01-01,6,Gràcia,30,la Salut,120,6022,98,3,1
2024-01-01,6,Gràcia,30,la Salut,120,6022,103,3,2
2024-01-01,6,Gràcia,30,la Salut,120,6022,..,4,2
2024-01-01,6,Gràcia,30,la Salut,120,6023,643,1,1
2024-01-01,6,Gràcia,30,la Salut,120,6023,560,1,2
2024-01-01,6,Gràcia,30,la Salut,120,6023,20,2,1
2024-01-01,6,Gràcia,30,la Salut,120,6023,19,2,2
2024-01-01,6,Gràcia,30,la Salut,120,6023,24,3,1
2024-01-01,6,Gràcia,30,la Salut,120,6023,21,3,2
2024-01-01,6,Gràcia,30,la Salut,120,6024,765,1,1
2024-01-01,6,Gràcia,30,la Salut,120,6024,649,1,2
2024-01-01,6,Gràcia,30,la Salut,120,6024,56,2,1
2024-01-01,6,Gràcia,30,la Salut,120,6024,65,2,2
2024-01-01,6,Gràcia,30,la Salut,120,6024,103,3,1
2024-01-01,6,Gràcia,30,la Salut,120,6024,87,3,2
2024-01-01,6,Gràcia,30,la Salut,120,6025,701,1,1
2024-01-01,6,Gràcia,30,la Salut,120,6025,586,1,2
2024-01-01,6,Gràcia,30,la Salut,120,6025,21,2,1
2024-01-01,6,Gràcia,30,la Salut,120,6025,20,2,2
2024-01-01,6,Gràcia,30,la Salut,120,6025,49,3,1
2024-01-01,6,Gràcia,30,la Salut,120,6025,51,3,2
2024-01-01,6,Gràcia,30,la Salut,120,6026,482,1,1
2024-01-01,6,Gràcia,30,la Salut,120,6026,374,1,2
2024-01-01,6,Gràcia,30,la Salut,120,6026,42,2,1
2024-01-01,6,Gràcia,30,la Salut,120,6026,44,2,2
2024-01-01,6,Gràcia,30,la Salut,120,6026,81,3,1
2024-01-01,6,Gràcia,30,la Salut,120,6026,79,3,2
2024-01-01,6,Gràcia,30,la Salut,120,6027,547,1,1
2024-01-01,6,Gràcia,30,la Salut,120,6027,428,1,2
2024-01-01,6,Gràcia,30,la Salut,120,6027,35,2,1
2024-01-01,6,Gràcia,30,la Salut,120,6027,37,2,2
2024-01-01,6,Gràcia,30,la Salut,120,6027,78,3,1
2024-01-01,6,Gràcia,30,la Salut,120,6027,71,3,2
2024-01-01,6,Gràcia,31,la Vila de Gràcia,121,6028,524,1,1
2024-01-01,6,Gràcia,31,la Vila de Gràcia,121,6028,481,1,2
2024-01-01,6,Gràcia,31,la Vila de Gràcia,121,6028,65,2,1
2024-01-01,6,Gràcia,31,la Vila de Gràcia,121,6028,60,2,2
2024-01-01,6,Gràcia,31,la Vila de Gràcia,121,6028,137,3,1
2024-01-01,6,Gràcia,31,la Vila de Gràcia,121,6028,115,3,2
2024-01-01,6,Gràcia,31,la Vila de Gràcia,121,6029,607,1,1
2024-01-01,6,Gràcia,31,la Vila de Gràcia,121,6029,507,1,2
2024-01-01,6,Gràcia,31,la Vila de Gràcia,121,6029,72,2,1
2024-01-01,6,Gràcia,31,la Vila de Gràcia,121,6029,51,2,2
2024-01-01,6,Gràcia,31,la Vila de Gràcia,121,6029,83,3,1
2024-01-01,6,Gràcia,31,la Vila de Gràcia,121,6029,73,3,2
2024-01-01,6,Gràcia,31,la Vila de Gràcia,121,6029,..,4,1
2024-01-01,6,Gràcia,31,la Vila de Gràcia,121,6029,..,4,2
2024-01-01,6,Gràcia,31,la Vila de Gràcia,121,6030,521,1,1
2024-01-01,6,Gràcia,31,la Vila de Gràcia,121,6030,432,1,2
2024-01-01,6,Gràcia,31,la Vila de Gràcia,121,6030,85,2,1
2024-01-01,6,Gràcia,31,la Vila de Gràcia,121,6030,96,2,2
2024-01-01,6,Gràcia,31,la Vila de Gràcia,121,6030,131,3,1
2024-01-01,6,Gràcia,31,la Vila de Gràcia,121,6030,114,3,2
2024-01-01,6,Gràcia,31,la Vila de Gràcia,121,6031,464,1,1
2024-01-01,6,Gràcia,31,la Vila de Gràcia,121,6031,375,1,2
2024-01-01,6,Gràcia,31,la Vila de Gràcia,121,6031,85,2,1
2024-01-01,6,Gràcia,31,la Vila de Gràcia,121,6031,59,2,2
2024-01-01,6,Gràcia,31,la Vila de Gràcia,121,6031,67,3,1
2024-01-01,6,Gràcia,31,la Vila de Gràcia,121,6031,77,3,2
2024-01-01,6,Gràcia,31,la Vila de Gràcia,121,6032,497,1,1
2024-01-01,6,Gràcia,31,la Vila de Gràcia,121,6032,433,1,2
2024-01-01,6,Gràcia,31,la Vila de Gràcia,121,6032,55,2,1
2024-01-01,6,Gràcia,31,la Vila de Gràcia,121,6032,40,2,2
2024-01-01,6,Gràcia,31,la Vila de Gràcia,121,6032,104,3,1
2024-01-01,6,Gràcia,31,la Vila de Gràcia,121,6032,60,3,2
2024-01-01,6,Gràcia,31,la Vila de Gràcia,122,6033,540,1,1
2024-01-01,6,Gràcia,31,la Vila de Gràcia,122,6033,443,1,2
2024-01-01,6,Gràcia,31,la Vila de Gràcia,122,6033,67,2,1
2024-01-01,6,Gràcia,31,la Vila de Gràcia,122,6033,79,2,2
2024-01-01,6,Gràcia,31,la Vila de Gràcia,122,6033,105,3,1
2024-01-01,6,Gràcia,31,la Vila de Gràcia,122,6033,72,3,2
2024-01-01,6,Gràcia,31,la Vila de Gràcia,122,6034,513,1,1
2024-01-01,6,Gràcia,31,la Vila de Gràcia,122,6034,398,1,2
2024-01-01,6,Gràcia,31,la Vila de Gràcia,122,6034,50,2,1
2024-01-01,6,Gràcia,31,la Vila de Gràcia,122,6034,65,2,2
2024-01-01,6,Gràcia,31,la Vila de Gràcia,122,6034,83,3,1
2024-01-01,6,Gràcia,31,la Vila de Gràcia,122,6034,62,3,2
2024-01-01,6,Gràcia,31,la Vila de Gràcia,122,6035,467,1,1
2024-01-01,6,Gràcia,31,la Vila de Gràcia,122,6035,403,1,2
2024-01-01,6,Gràcia,31,la Vila de Gràcia,122,6035,47,2,1
2024-01-01,6,Gràcia,31,la Vila de Gràcia,122,6035,38,2,2
2024-01-01,6,Gràcia,31,la Vila de Gràcia,122,6035,73,3,1
2024-01-01,6,Gràcia,31,la Vila de Gràcia,122,6035,73,3,2
2024-01-01,6,Gràcia,31,la Vila de Gràcia,122,6035,..,4,2
2024-01-01,6,Gràcia,31,la Vila de Gràcia,122,6036,639,1,1
2024-01-01,6,Gràcia,31,la Vila de Gràcia,122,6036,499,1,2
2024-01-01,6,Gràcia,31,la Vila de Gràcia,122,6036,66,2,1
2024-01-01,6,Gràcia,31,la Vila de Gràcia,122,6036,62,2,2
2024-01-01,6,Gràcia,31,la Vila de Gràcia,122,6036,113,3,1
2024-01-01,6,Gràcia,31,la Vila de Gràcia,122,6036,74,3,2
2024-01-01,6,Gràcia,31,la Vila de Gràcia,122,6036,..,4,1
2024-01-01,6,Gràcia,31,la Vila de Gràcia,123,6037,449,1,1
2024-01-01,6,Gràcia,31,la Vila de Gràcia,123,6037,396,1,2
2024-01-01,6,Gràcia,31,la Vila de Gràcia,123,6037,57,2,1
2024-01-01,6,Gràcia,31,la Vila de Gràcia,123,6037,62,2,2
2024-01-01,6,Gràcia,31,la Vila de Gràcia,123,6037,58,3,1
2024-01-01,6,Gràcia,31,la Vila de Gràcia,123,6037,50,3,2
2024-01-01,6,Gràcia,31,la Vila de Gràcia,123,6038,675,1,1
2024-01-01,6,Gràcia,31,la Vila de Gràcia,123,6038,477,1,2
2024-01-01,6,Gràcia,31,la Vila de Gràcia,123,6038,93,2,1
2024-01-01,6,Gràcia,31,la Vila de Gràcia,123,6038,94,2,2
2024-01-01,6,Gràcia,31,la Vila de Gràcia,123,6038,136,3,1
2024-01-01,6,Gràcia,31,la Vila de Gràcia,123,6038,90,3,2
2024-01-01,6,Gràcia,31,la Vila de Gràcia,123,6039,612,1,1
2024-01-01,6,Gràcia,31,la Vila de Gràcia,123,6039,491,1,2
2024-01-01,6,Gràcia,31,la Vila de Gràcia,123,6039,130,2,1
2024-01-01,6,Gràcia,31,la Vila de Gràcia,123,6039,121,2,2
2024-01-01,6,Gràcia,31,la Vila de Gràcia,123,6039,172,3,1
2024-01-01,6,Gràcia,31,la Vila de Gràcia,123,6039,126,3,2
2024-01-01,6,Gràcia,31,la Vila de Gràcia,124,6040,711,1,1
2024-01-01,6,Gràcia,31,la Vila de Gràcia,124,6040,531,1,2
2024-01-01,6,Gràcia,31,la Vila de Gràcia,124,6040,126,2,1
2024-01-01,6,Gràcia,31,la Vila de Gràcia,124,6040,93,2,2
2024-01-01,6,Gràcia,31,la Vila de Gràcia,124,6040,141,3,1
2024-01-01,6,Gràcia,31,la Vila de Gràcia,124,6040,142,3,2
2024-01-01,6,Gràcia,31,la Vila de Gràcia,124,6041,745,1,1
2024-01-01,6,Gràcia,31,la Vila de Gràcia,124,6041,604,1,2
2024-01-01,6,Gràcia,31,la Vila de Gràcia,124,6041,93,2,1
2024-01-01,6,Gràcia,31,la Vila de Gràcia,124,6041,86,2,2
2024-01-01,6,Gràcia,31,la Vila de Gràcia,124,6041,154,3,1
2024-01-01,6,Gràcia,31,la Vila de Gràcia,124,6041,125,3,2
2024-01-01,6,Gràcia,31,la Vila de Gràcia,124,6042,678,1,1
2024-01-01,6,Gràcia,31,la Vila de Gràcia,124,6042,572,1,2
2024-01-01,6,Gràcia,31,la Vila de Gràcia,124,6042,95,2,1
2024-01-01,6,Gràcia,31,la Vila de Gràcia,124,6042,92,2,2
2024-01-01,6,Gràcia,31,la Vila de Gràcia,124,6042,158,3,1
2024-01-01,6,Gràcia,31,la Vila de Gràcia,124,6042,158,3,2
2024-01-01,6,Gràcia,31,la Vila de Gràcia,125,6043,440,1,1
2024-01-01,6,Gràcia,31,la Vila de Gràcia,125,6043,418,1,2
2024-01-01,6,Gràcia,31,la Vila de Gràcia,125,6043,94,2,1
2024-01-01,6,Gràcia,31,la Vila de Gràcia,125,6043,86,2,2
2024-01-01,6,Gràcia,31,la Vila de Gràcia,125,6043,180,3,1
2024-01-01,6,Gràcia,31,la Vila de Gràcia,125,6043,156,3,2
2024-01-01,6,Gràcia,31,la Vila de Gràcia,125,6044,597,1,1
2024-01-01,6,Gràcia,31,la Vila de Gràcia,125,6044,550,1,2
2024-01-01,6,Gràcia,31,la Vila de Gràcia,125,6044,118,2,1
2024-01-01,6,Gràcia,31,la Vila de Gràcia,125,6044,101,2,2
2024-01-01,6,Gràcia,31,la Vila de Gràcia,125,6044,142,3,1
2024-01-01,6,Gràcia,31,la Vila de Gràcia,125,6044,133,3,2
2024-01-01,6,Gràcia,31,la Vila de Gràcia,125,6044,..,4,1
2024-01-01,6,Gràcia,31,la Vila de Gràcia,125,6044,..,4,2
2024-01-01,6,Gràcia,31,la Vila de Gràcia,126,6045,476,1,1
2024-01-01,6,Gràcia,31,la Vila de Gràcia,126,6045,390,1,2
2024-01-01,6,Gràcia,31,la Vila de Gràcia,126,6045,95,2,1
2024-01-01,6,Gràcia,31,la Vila de Gràcia,126,6045,81,2,2
2024-01-01,6,Gràcia,31,la Vila de Gràcia,126,6045,96,3,1
2024-01-01,6,Gràcia,31,la Vila de Gràcia,126,6045,105,3,2
2024-01-01,6,Gràcia,31,la Vila de Gràcia,126,6046,447,1,1
2024-01-01,6,Gràcia,31,la Vila de Gràcia,126,6046,353,1,2
2024-01-01,6,Gràcia,31,la Vila de Gràcia,126,6046,68,2,1
2024-01-01,6,Gràcia,31,la Vila de Gràcia,126,6046,65,2,2
2024-01-01,6,Gràcia,31,la Vila de Gràcia,126,6046,82,3,1
2024-01-01,6,Gràcia,31,la Vila de Gràcia,126,6046,78,3,2
2024-01-01,6,Gràcia,31,la Vila de Gràcia,126,6047,452,1,1
2024-01-01,6,Gràcia,31,la Vila de Gràcia,126,6047,361,1,2
2024-01-01,6,Gràcia,31,la Vila de Gràcia,126,6047,131,2,1
2024-01-01,6,Gràcia,31,la Vila de Gràcia,126,6047,86,2,2
2024-01-01,6,Gràcia,31,la Vila de Gràcia,126,6047,113,3,1
2024-01-01,6,Gràcia,31,la Vila de Gràcia,126,6047,95,3,2
2024-01-01,6,Gràcia,31,la Vila de Gràcia,126,6047,..,4,1
2024-01-01,6,Gràcia,31,la Vila de Gràcia,126,6048,491,1,1
2024-01-01,6,Gràcia,31,la Vila de Gràcia,126,6048,432,1,2
2024-01-01,6,Gràcia,31,la Vila de Gràcia,126,6048,101,2,1
2024-01-01,6,Gràcia,31,la Vila de Gràcia,126,6048,111,2,2
2024-01-01,6,Gràcia,31,la Vila de Gràcia,126,6048,147,3,1
2024-01-01,6,Gràcia,31,la Vila de Gràcia,126,6048,132,3,2
2024-01-01,6,Gràcia,31,la Vila de Gràcia,127,6049,442,1,1
2024-01-01,6,Gràcia,31,la Vila de Gràcia,127,6049,339,1,2
2024-01-01,6,Gràcia,31,la Vila de Gràcia,127,6049,96,2,1
2024-01-01,6,Gràcia,31,la Vila de Gràcia,127,6049,67,2,2
2024-01-01,6,Gràcia,31,la Vila de Gràcia,127,6049,120,3,1
2024-01-01,6,Gràcia,31,la Vila de Gràcia,127,6049,92,3,2
2024-01-01,6,Gràcia,31,la Vila de Gràcia,127,6050,483,1,1
2024-01-01,6,Gràcia,31,la Vila de Gràcia,127,6050,418,1,2
2024-01-01,6,Gràcia,31,la Vila de Gràcia,127,6050,89,2,1
2024-01-01,6,Gràcia,31,la Vila de Gràcia,127,6050,100,2,2
2024-01-01,6,Gràcia,31,la Vila de Gràcia,127,6050,129,3,1
2024-01-01,6,Gràcia,31,la Vila de Gràcia,127,6050,112,3,2
2024-01-01,6,Gràcia,31,la Vila de Gràcia,127,6051,512,1,1
2024-01-01,6,Gràcia,31,la Vila de Gràcia,127,6051,393,1,2
2024-01-01,6,Gràcia,31,la Vila de Gràcia,127,6051,78,2,1
2024-01-01,6,Gràcia,31,la Vila de Gràcia,127,6051,67,2,2
2024-01-01,6,Gràcia,31,la Vila de Gràcia,127,6051,93,3,1
2024-01-01,6,Gràcia,31,la Vila de Gràcia,127,6051,75,3,2
2024-01-01,6,Gràcia,31,la Vila de Gràcia,127,6051,..,4,1
2024-01-01,6,Gràcia,31,la Vila de Gràcia,128,6052,575,1,1
2024-01-01,6,Gràcia,31,la Vila de Gràcia,128,6052,503,1,2
2024-01-01,6,Gràcia,31,la Vila de Gràcia,128,6052,105,2,1
2024-01-01,6,Gràcia,31,la Vila de Gràcia,128,6052,88,2,2
2024-01-01,6,Gràcia,31,la Vila de Gràcia,128,6052,109,3,1
2024-01-01,6,Gràcia,31,la Vila de Gràcia,128,6052,93,3,2
2024-01-01,6,Gràcia,31,la Vila de Gràcia,128,6052,..,4,1
2024-01-01,6,Gràcia,31,la Vila de Gràcia,128,6053,586,1,1
2024-01-01,6,Gràcia,31,la Vila de Gràcia,128,6053,504,1,2
2024-01-01,6,Gràcia,31,la Vila de Gràcia,128,6053,121,2,1
2024-01-01,6,Gràcia,31,la Vila de Gràcia,128,6053,108,2,2
2024-01-01,6,Gràcia,31,la Vila de Gràcia,128,6053,132,3,1
2024-01-01,6,Gràcia,31,la Vila de Gràcia,128,6053,112,3,2
2024-01-01,6,Gràcia,31,la Vila de Gràcia,128,6054,589,1,1
2024-01-01,6,Gràcia,31,la Vila de Gràcia,128,6054,540,1,2
2024-01-01,6,Gràcia,31,la Vila de Gràcia,128,6054,115,2,1
2024-01-01,6,Gràcia,31,la Vila de Gràcia,128,6054,106,2,2
2024-01-01,6,Gràcia,31,la Vila de Gràcia,128,6054,110,3,1
2024-01-01,6,Gràcia,31,la Vila de Gràcia,128,6054,104,3,2
2024-01-01,6,Gràcia,31,la Vila de Gràcia,129,6055,567,1,1
2024-01-01,6,Gràcia,31,la Vila de Gràcia,129,6055,466,1,2
2024-01-01,6,Gràcia,31,la Vila de Gràcia,129,6055,96,2,1
2024-01-01,6,Gràcia,31,la Vila de Gràcia,129,6055,52,2,2
2024-01-01,6,Gràcia,31,la Vila de Gràcia,129,6055,108,3,1
2024-01-01,6,Gràcia,31,la Vila de Gràcia,129,6055,88,3,2
2024-01-01,6,Gràcia,31,la Vila de Gràcia,129,6056,596,1,1
2024-01-01,6,Gràcia,31,la Vila de Gràcia,129,6056,507,1,2
2024-01-01,6,Gràcia,31,la Vila de Gràcia,129,6056,147,2,1
2024-01-01,6,Gràcia,31,la Vila de Gràcia,129,6056,95,2,2
2024-01-01,6,Gràcia,31,la Vila de Gràcia,129,6056,142,3,1
2024-01-01,6,Gràcia,31,la Vila de Gràcia,129,6056,149,3,2
2024-01-01,6,Gràcia,31,la Vila de Gràcia,129,6057,617,1,1
2024-01-01,6,Gràcia,31,la Vila de Gràcia,129,6057,475,1,2
2024-01-01,6,Gràcia,31,la Vila de Gràcia,129,6057,106,2,1
2024-01-01,6,Gràcia,31,la Vila de Gràcia,129,6057,105,2,2
2024-01-01,6,Gràcia,31,la Vila de Gràcia,129,6057,144,3,1
2024-01-01,6,Gràcia,31,la Vila de Gràcia,129,6057,129,3,2
2024-01-01,6,Gràcia,31,la Vila de Gràcia,129,6057,..,4,2
2024-01-01,6,Gràcia,31,la Vila de Gràcia,129,6058,697,1,1
2024-01-01,6,Gràcia,31,la Vila de Gràcia,129,6058,529,1,2
2024-01-01,6,Gràcia,31,la Vila de Gràcia,129,6058,126,2,1
2024-01-01,6,Gràcia,31,la Vila de Gràcia,129,6058,101,2,2
2024-01-01,6,Gràcia,31,la Vila de Gràcia,129,6058,157,3,1
2024-01-01,6,Gràcia,31,la Vila de Gràcia,129,6058,127,3,2
2024-01-01,6,Gràcia,31,la Vila de Gràcia,129,6059,617,1,1
2024-01-01,6,Gràcia,31,la Vila de Gràcia,129,6059,503,1,2
2024-01-01,6,Gràcia,31,la Vila de Gràcia,129,6059,94,2,1
2024-01-01,6,Gràcia,31,la Vila de Gràcia,129,6059,82,2,2
2024-01-01,6,Gràcia,31,la Vila de Gràcia,129,6059,98,3,1
2024-01-01,6,Gràcia,31,la Vila de Gràcia,129,6059,112,3,2
2024-01-01,6,Gràcia,31,la Vila de Gràcia,130,6060,692,1,1
2024-01-01,6,Gràcia,31,la Vila de Gràcia,130,6060,599,1,2
2024-01-01,6,Gràcia,31,la Vila de Gràcia,130,6060,99,2,1
2024-01-01,6,Gràcia,31,la Vila de Gràcia,130,6060,99,2,2
2024-01-01,6,Gràcia,31,la Vila de Gràcia,130,6060,134,3,1
2024-01-01,6,Gràcia,31,la Vila de Gràcia,130,6060,123,3,2
2024-01-01,6,Gràcia,31,la Vila de Gràcia,130,6060,..,4,1
2024-01-01,6,Gràcia,31,la Vila de Gràcia,130,6060,..,4,2
2024-01-01,6,Gràcia,31,la Vila de Gràcia,130,6061,533,1,1
2024-01-01,6,Gràcia,31,la Vila de Gràcia,130,6061,469,1,2
2024-01-01,6,Gràcia,31,la Vila de Gràcia,130,6061,57,2,1
2024-01-01,6,Gràcia,31,la Vila de Gràcia,130,6061,71,2,2
2024-01-01,6,Gràcia,31,la Vila de Gràcia,130,6061,137,3,1
2024-01-01,6,Gràcia,31,la Vila de Gràcia,130,6061,96,3,2
2024-01-01,6,Gràcia,31,la Vila de Gràcia,130,6062,532,1,1
2024-01-01,6,Gràcia,31,la Vila de Gràcia,130,6062,429,1,2
2024-01-01,6,Gràcia,31,la Vila de Gràcia,130,6062,74,2,1
2024-01-01,6,Gràcia,31,la Vila de Gràcia,130,6062,42,2,2
2024-01-01,6,Gràcia,31,la Vila de Gràcia,130,6062,77,3,1
2024-01-01,6,Gràcia,31,la Vila de Gràcia,130,6062,77,3,2
2024-01-01,6,Gràcia,31,la Vila de Gràcia,130,6063,610,1,1
2024-01-01,6,Gràcia,31,la Vila de Gràcia,130,6063,494,1,2
2024-01-01,6,Gràcia,31,la Vila de Gràcia,130,6063,88,2,1
2024-01-01,6,Gràcia,31,la Vila de Gràcia,130,6063,79,2,2
2024-01-01,6,Gràcia,31,la Vila de Gràcia,130,6063,114,3,1
2024-01-01,6,Gràcia,31,la Vila de Gràcia,130,6063,99,3,2
2024-01-01,6,Gràcia,31,la Vila de Gràcia,130,6063,..,4,1
2024-01-01,6,Gràcia,31,la Vila de Gràcia,130,6063,..,4,2
2024-01-01,6,Gràcia,32,el Camp d'en Grassot i Gràcia Nova,131,6064,826,1,1
2024-01-01,6,Gràcia,32,el Camp d'en Grassot i Gràcia Nova,131,6064,692,1,2
2024-01-01,6,Gràcia,32,el Camp d'en Grassot i Gràcia Nova,131,6064,69,2,1
2024-01-01,6,Gràcia,32,el Camp d'en Grassot i Gràcia Nova,131,6064,81,2,2
2024-01-01,6,Gràcia,32,el Camp d'en Grassot i Gràcia Nova,131,6064,135,3,1
2024-01-01,6,Gràcia,32,el Camp d'en Grassot i Gràcia Nova,131,6064,112,3,2
2024-01-01,6,Gràcia,32,el Camp d'en Grassot i Gràcia Nova,131,6065,514,1,1
2024-01-01,6,Gràcia,32,el Camp d'en Grassot i Gràcia Nova,131,6065,409,1,2
2024-01-01,6,Gràcia,32,el Camp d'en Grassot i Gràcia Nova,131,6065,43,2,1
2024-01-01,6,Gràcia,32,el Camp d'en Grassot i Gràcia Nova,131,6065,48,2,2
2024-01-01,6,Gràcia,32,el Camp d'en Grassot i Gràcia Nova,131,6065,72,3,1
2024-01-01,6,Gràcia,32,el Camp d'en Grassot i Gràcia Nova,131,6065,50,3,2
2024-01-01,6,Gràcia,32,el Camp d'en Grassot i Gràcia Nova,131,6066,433,1,1
2024-01-01,6,Gràcia,32,el Camp d'en Grassot i Gràcia Nova,131,6066,312,1,2
2024-01-01,6,Gràcia,32,el Camp d'en Grassot i Gràcia Nova,131,6066,62,2,1
2024-01-01,6,Gràcia,32,el Camp d'en Grassot i Gràcia Nova,131,6066,64,2,2
2024-01-01,6,Gràcia,32,el Camp d'en Grassot i Gràcia Nova,131,6066,61,3,1
2024-01-01,6,Gràcia,32,el Camp d'en Grassot i Gràcia Nova,131,6066,54,3,2
2024-01-01,6,Gràcia,32,el Camp d'en Grassot i Gràcia Nova,131,6067,736,1,1
2024-01-01,6,Gràcia,32,el Camp d'en Grassot i Gràcia Nova,131,6067,611,1,2
2024-01-01,6,Gràcia,32,el Camp d'en Grassot i Gràcia Nova,131,6067,103,2,1
2024-01-01,6,Gràcia,32,el Camp d'en Grassot i Gràcia Nova,131,6067,106,2,2
2024-01-01,6,Gràcia,32,el Camp d'en Grassot i Gràcia Nova,131,6067,141,3,1
2024-01-01,6,Gràcia,32,el Camp d'en Grassot i Gràcia Nova,131,6067,139,3,2
2024-01-01,6,Gràcia,32,el Camp d'en Grassot i Gràcia Nova,131,6068,683,1,1
2024-01-01,6,Gràcia,32,el Camp d'en Grassot i Gràcia Nova,131,6068,535,1,2
2024-01-01,6,Gràcia,32,el Camp d'en Grassot i Gràcia Nova,131,6068,66,2,1
2024-01-01,6,Gràcia,32,el Camp d'en Grassot i Gràcia Nova,131,6068,98,2,2
2024-01-01,6,Gràcia,32,el Camp d'en Grassot i Gràcia Nova,131,6068,119,3,1
2024-01-01,6,Gràcia,32,el Camp d'en Grassot i Gràcia Nova,131,6068,91,3,2
2024-01-01,6,Gràcia,32,el Camp d'en Grassot i Gràcia Nova,131,6068,..,4,1
2024-01-01,6,Gràcia,32,el Camp d'en Grassot i Gràcia Nova,131,6069,453,1,1
2024-01-01,6,Gràcia,32,el Camp d'en Grassot i Gràcia Nova,131,6069,341,1,2
2024-01-01,6,Gràcia,32,el Camp d'en Grassot i Gràcia Nova,131,6069,60,2,1
2024-01-01,6,Gràcia,32,el Camp d'en Grassot i Gràcia Nova,131,6069,64,2,2
2024-01-01,6,Gràcia,32,el Camp d'en Grassot i Gràcia Nova,131,6069,92,3,1
2024-01-01,6,Gràcia,32,el Camp d'en Grassot i Gràcia Nova,131,6069,89,3,2
2024-01-01,6,Gràcia,32,el Camp d'en Grassot i Gràcia Nova,131,6070,808,1,1
2024-01-01,6,Gràcia,32,el Camp d'en Grassot i Gràcia Nova,131,6070,609,1,2
2024-01-01,6,Gràcia,32,el Camp d'en Grassot i Gràcia Nova,131,6070,108,2,1
2024-01-01,6,Gràcia,32,el Camp d'en Grassot i Gràcia Nova,131,6070,99,2,2
2024-01-01,6,Gràcia,32,el Camp d'en Grassot i Gràcia Nova,131,6070,166,3,1
2024-01-01,6,Gràcia,32,el Camp d'en Grassot i Gràcia Nova,131,6070,125,3,2
2024-01-01,6,Gràcia,32,el Camp d'en Grassot i Gràcia Nova,132,6071,466,1,1
2024-01-01,6,Gràcia,32,el Camp d'en Grassot i Gràcia Nova,132,6071,389,1,2
2024-01-01,6,Gràcia,32,el Camp d'en Grassot i Gràcia Nova,132,6071,36,2,1
2024-01-01,6,Gràcia,32,el Camp d'en Grassot i Gràcia Nova,132,6071,32,2,2
2024-01-01,6,Gràcia,32,el Camp d'en Grassot i Gràcia Nova,132,6071,86,3,1
2024-01-01,6,Gràcia,32,el Camp d'en Grassot i Gràcia Nova,132,6071,70,3,2
2024-01-01,6,Gràcia,32,el Camp d'en Grassot i Gràcia Nova,132,6071,..,4,1
2024-01-01,6,Gràcia,32,el Camp d'en Grassot i Gràcia Nova,132,6072,730,1,1
2024-01-01,6,Gràcia,32,el Camp d'en Grassot i Gràcia Nova,132,6072,618,1,2
2024-01-01,6,Gràcia,32,el Camp d'en Grassot i Gràcia Nova,132,6072,66,2,1
2024-01-01,6,Gràcia,32,el Camp d'en Grassot i Gràcia Nova,132,6072,68,2,2
2024-01-01,6,Gràcia,32,el Camp d'en Grassot i Gràcia Nova,132,6072,101,3,1
2024-01-01,6,Gràcia,32,el Camp d'en Grassot i Gràcia Nova,132,6072,62,3,2
2024-01-01,6,Gràcia,32,el Camp d'en Grassot i Gràcia Nova,132,6073,572,1,1
2024-01-01,6,Gràcia,32,el Camp d'en Grassot i Gràcia Nova,132,6073,481,1,2
2024-01-01,6,Gràcia,32,el Camp d'en Grassot i Gràcia Nova,132,6073,66,2,1
2024-01-01,6,Gràcia,32,el Camp d'en Grassot i Gràcia Nova,132,6073,46,2,2
2024-01-01,6,Gràcia,32,el Camp d'en Grassot i Gràcia Nova,132,6073,82,3,1
2024-01-01,6,Gràcia,32,el Camp d'en Grassot i Gràcia Nova,132,6073,75,3,2
2024-01-01,6,Gràcia,32,el Camp d'en Grassot i Gràcia Nova,132,6074,467,1,1
2024-01-01,6,Gràcia,32,el Camp d'en Grassot i Gràcia Nova,132,6074,400,1,2
2024-01-01,6,Gràcia,32,el Camp d'en Grassot i Gràcia Nova,132,6074,50,2,1
2024-01-01,6,Gràcia,32,el Camp d'en Grassot i Gràcia Nova,132,6074,49,2,2
2024-01-01,6,Gràcia,32,el Camp d'en Grassot i Gràcia Nova,132,6074,106,3,1
2024-01-01,6,Gràcia,32,el Camp d'en Grassot i Gràcia Nova,132,6074,98,3,2
2024-01-01,6,Gràcia,32,el Camp d'en Grassot i Gràcia Nova,132,6075,506,1,1
2024-01-01,6,Gràcia,32,el Camp d'en Grassot i Gràcia Nova,132,6075,421,1,2
2024-01-01,6,Gràcia,32,el Camp d'en Grassot i Gràcia Nova,132,6075,28,2,1
2024-01-01,6,Gràcia,32,el Camp d'en Grassot i Gràcia Nova,132,6075,34,2,2
2024-01-01,6,Gràcia,32,el Camp d'en Grassot i Gràcia Nova,132,6075,44,3,1
2024-01-01,6,Gràcia,32,el Camp d'en Grassot i Gràcia Nova,132,6075,57,3,2
2024-01-01,6,Gràcia,32,el Camp d'en Grassot i Gràcia Nova,132,6076,554,1,1
2024-01-01,6,Gràcia,32,el Camp d'en Grassot i Gràcia Nova,132,6076,505,1,2
2024-01-01,6,Gràcia,32,el Camp d'en Grassot i Gràcia Nova,132,6076,40,2,1
2024-01-01,6,Gràcia,32,el Camp d'en Grassot i Gràcia Nova,132,6076,33,2,2
2024-01-01,6,Gràcia,32,el Camp d'en Grassot i Gràcia Nova,132,6076,94,3,1
2024-01-01,6,Gràcia,32,el Camp d'en Grassot i Gràcia Nova,132,6076,68,3,2
2024-01-01,6,Gràcia,32,el Camp d'en Grassot i Gràcia Nova,133,6077,496,1,1
2024-01-01,6,Gràcia,32,el Camp d'en Grassot i Gràcia Nova,133,6077,397,1,2
2024-01-01,6,Gràcia,32,el Camp d'en Grassot i Gràcia Nova,133,6077,57,2,1
2024-01-01,6,Gràcia,32,el Camp d'en Grassot i Gràcia Nova,133,6077,47,2,2
2024-01-01,6,Gràcia,32,el Camp d'en Grassot i Gràcia Nova,133,6077,102,3,1
2024-01-01,6,Gràcia,32,el Camp d'en Grassot i Gràcia Nova,133,6077,85,3,2
2024-01-01,6,Gràcia,32,el Camp d'en Grassot i Gràcia Nova,133,6078,514,1,1
2024-01-01,6,Gràcia,32,el Camp d'en Grassot i Gràcia Nova,133,6078,446,1,2
2024-01-01,6,Gràcia,32,el Camp d'en Grassot i Gràcia Nova,133,6078,71,2,1
2024-01-01,6,Gràcia,32,el Camp d'en Grassot i Gràcia Nova,133,6078,65,2,2
2024-01-01,6,Gràcia,32,el Camp d'en Grassot i Gràcia Nova,133,6078,106,3,1
2024-01-01,6,Gràcia,32,el Camp d'en Grassot i Gràcia Nova,133,6078,91,3,2
2024-01-01,6,Gràcia,32,el Camp d'en Grassot i Gràcia Nova,133,6079,513,1,1
2024-01-01,6,Gràcia,32,el Camp d'en Grassot i Gràcia Nova,133,6079,413,1,2
2024-01-01,6,Gràcia,32,el Camp d'en Grassot i Gràcia Nova,133,6079,53,2,1
2024-01-01,6,Gràcia,32,el Camp d'en Grassot i Gràcia Nova,133,6079,46,2,2
2024-01-01,6,Gràcia,32,el Camp d'en Grassot i Gràcia Nova,133,6079,69,3,1
2024-01-01,6,Gràcia,32,el Camp d'en Grassot i Gràcia Nova,133,6079,59,3,2
2024-01-01,6,Gràcia,32,el Camp d'en Grassot i Gràcia Nova,133,6080,504,1,1
2024-01-01,6,Gràcia,32,el Camp d'en Grassot i Gràcia Nova,133,6080,446,1,2
2024-01-01,6,Gràcia,32,el Camp d'en Grassot i Gràcia Nova,133,6080,41,2,1
2024-01-01,6,Gràcia,32,el Camp d'en Grassot i Gràcia Nova,133,6080,30,2,2
2024-01-01,6,Gràcia,32,el Camp d'en Grassot i Gràcia Nova,133,6080,80,3,1
2024-01-01,6,Gràcia,32,el Camp d'en Grassot i Gràcia Nova,133,6080,75,3,2
2024-01-01,6,Gràcia,32,el Camp d'en Grassot i Gràcia Nova,133,6080,..,4,1
2024-01-01,6,Gràcia,32,el Camp d'en Grassot i Gràcia Nova,133,6081,548,1,1
2024-01-01,6,Gràcia,32,el Camp d'en Grassot i Gràcia Nova,133,6081,477,1,2
2024-01-01,6,Gràcia,32,el Camp d'en Grassot i Gràcia Nova,133,6081,67,2,1
2024-01-01,6,Gràcia,32,el Camp d'en Grassot i Gràcia Nova,133,6081,57,2,2
2024-01-01,6,Gràcia,32,el Camp d'en Grassot i Gràcia Nova,133,6081,104,3,1
2024-01-01,6,Gràcia,32,el Camp d'en Grassot i Gràcia Nova,133,6081,79,3,2
2024-01-01,6,Gràcia,32,el Camp d'en Grassot i Gràcia Nova,134,6082,1039,1,1
2024-01-01,6,Gràcia,32,el Camp d'en Grassot i Gràcia Nova,134,6082,841,1,2
2024-01-01,6,Gràcia,32,el Camp d'en Grassot i Gràcia Nova,134,6082,153,2,1
2024-01-01,6,Gràcia,32,el Camp d'en Grassot i Gràcia Nova,134,6082,151,2,2
2024-01-01,6,Gràcia,32,el Camp d'en Grassot i Gràcia Nova,134,6082,618,3,1
2024-01-01,6,Gràcia,32,el Camp d'en Grassot i Gràcia Nova,134,6082,823,3,2
2024-01-01,6,Gràcia,32,el Camp d'en Grassot i Gràcia Nova,134,6082,..,4,1
2024-01-01,6,Gràcia,32,el Camp d'en Grassot i Gràcia Nova,134,6082,..,4,2
2024-01-01,6,Gràcia,32,el Camp d'en Grassot i Gràcia Nova,134,6083,767,1,1
2024-01-01,6,Gràcia,32,el Camp d'en Grassot i Gràcia Nova,134,6083,672,1,2
2024-01-01,6,Gràcia,32,el Camp d'en Grassot i Gràcia Nova,134,6083,53,2,1
2024-01-01,6,Gràcia,32,el Camp d'en Grassot i Gràcia Nova,134,6083,50,2,2
2024-01-01,6,Gràcia,32,el Camp d'en Grassot i Gràcia Nova,134,6083,73,3,1
2024-01-01,6,Gràcia,32,el Camp d'en Grassot i Gràcia Nova,134,6083,59,3,2
2024-01-01,6,Gràcia,32,el Camp d'en Grassot i Gràcia Nova,134,6084,651,1,1
2024-01-01,6,Gràcia,32,el Camp d'en Grassot i Gràcia Nova,134,6084,538,1,2
2024-01-01,6,Gràcia,32,el Camp d'en Grassot i Gràcia Nova,134,6084,59,2,1
2024-01-01,6,Gràcia,32,el Camp d'en Grassot i Gràcia Nova,134,6084,42,2,2
2024-01-01,6,Gràcia,32,el Camp d'en Grassot i Gràcia Nova,134,6084,83,3,1
2024-01-01,6,Gràcia,32,el Camp d'en Grassot i Gràcia Nova,134,6084,84,3,2
2024-01-01,6,Gràcia,32,el Camp d'en Grassot i Gràcia Nova,134,6084,..,4,1
2024-01-01,6,Gràcia,32,el Camp d'en Grassot i Gràcia Nova,134,6084,..,4,2
2024-01-01,6,Gràcia,32,el Camp d'en Grassot i Gràcia Nova,134,6085,580,1,1
2024-01-01,6,Gràcia,32,el Camp d'en Grassot i Gràcia Nova,134,6085,485,1,2
2024-01-01,6,Gràcia,32,el Camp d'en Grassot i Gràcia Nova,134,6085,65,2,1
2024-01-01,6,Gràcia,32,el Camp d'en Grassot i Gràcia Nova,134,6085,61,2,2
2024-01-01,6,Gràcia,32,el Camp d'en Grassot i Gràcia Nova,134,6085,88,3,1
2024-01-01,6,Gràcia,32,el Camp d'en Grassot i Gràcia Nova,134,6085,55,3,2
2024-01-01,6,Gràcia,32,el Camp d'en Grassot i Gràcia Nova,134,6086,460,1,1
2024-01-01,6,Gràcia,32,el Camp d'en Grassot i Gràcia Nova,134,6086,394,1,2
2024-01-01,6,Gràcia,32,el Camp d'en Grassot i Gràcia Nova,134,6086,31,2,1
2024-01-01,6,Gràcia,32,el Camp d'en Grassot i Gràcia Nova,134,6086,33,2,2
2024-01-01,6,Gràcia,32,el Camp d'en Grassot i Gràcia Nova,134,6086,48,3,1
2024-01-01,6,Gràcia,32,el Camp d'en Grassot i Gràcia Nova,134,6086,33,3,2
2024-01-01,6,Gràcia,32,el Camp d'en Grassot i Gràcia Nova,134,6087,877,1,1
2024-01-01,6,Gràcia,32,el Camp d'en Grassot i Gràcia Nova,134,6087,745,1,2
2024-01-01,6,Gràcia,32,el Camp d'en Grassot i Gràcia Nova,134,6087,34,2,1
2024-01-01,6,Gràcia,32,el Camp d'en Grassot i Gràcia Nova,134,6087,40,2,2
2024-01-01,6,Gràcia,32,el Camp d'en Grassot i Gràcia Nova,134,6087,65,3,1
2024-01-01,6,Gràcia,32,el Camp d'en Grassot i Gràcia Nova,134,6087,55,3,2
2024-01-01,6,Gràcia,32,el Camp d'en Grassot i Gràcia Nova,134,6088,601,1,1
2024-01-01,6,Gràcia,32,el Camp d'en Grassot i Gràcia Nova,134,6088,466,1,2
2024-01-01,6,Gràcia,32,el Camp d'en Grassot i Gràcia Nova,134,6088,44,2,1
2024-01-01,6,Gràcia,32,el Camp d'en Grassot i Gràcia Nova,134,6088,42,2,2
2024-01-01,6,Gràcia,32,el Camp d'en Grassot i Gràcia Nova,134,6088,73,3,1
2024-01-01,6,Gràcia,32,el Camp d'en Grassot i Gràcia Nova,134,6088,56,3,2
2024-01-01,7,Horta-Guinardó,33,el Baix Guinardó,135,7001,763,1,1
2024-01-01,7,Horta-Guinardó,33,el Baix Guinardó,135,7001,597,1,2
2024-01-01,7,Horta-Guinardó,33,el Baix Guinardó,135,7001,32,2,1
2024-01-01,7,Horta-Guinardó,33,el Baix Guinardó,135,7001,35,2,2
2024-01-01,7,Horta-Guinardó,33,el Baix Guinardó,135,7001,73,3,1
2024-01-01,7,Horta-Guinardó,33,el Baix Guinardó,135,7001,62,3,2
2024-01-01,7,Horta-Guinardó,33,el Baix Guinardó,135,7002,537,1,1
2024-01-01,7,Horta-Guinardó,33,el Baix Guinardó,135,7002,426,1,2
2024-01-01,7,Horta-Guinardó,33,el Baix Guinardó,135,7002,40,2,1
2024-01-01,7,Horta-Guinardó,33,el Baix Guinardó,135,7002,21,2,2
2024-01-01,7,Horta-Guinardó,33,el Baix Guinardó,135,7002,54,3,1
2024-01-01,7,Horta-Guinardó,33,el Baix Guinardó,135,7002,48,3,2
2024-01-01,7,Horta-Guinardó,33,el Baix Guinardó,135,7003,577,1,1
2024-01-01,7,Horta-Guinardó,33,el Baix Guinardó,135,7003,469,1,2
2024-01-01,7,Horta-Guinardó,33,el Baix Guinardó,135,7003,53,2,1
2024-01-01,7,Horta-Guinardó,33,el Baix Guinardó,135,7003,53,2,2
2024-01-01,7,Horta-Guinardó,33,el Baix Guinardó,135,7003,121,3,1
2024-01-01,7,Horta-Guinardó,33,el Baix Guinardó,135,7003,113,3,2
2024-01-01,7,Horta-Guinardó,33,el Baix Guinardó,135,7003,..,4,1
2024-01-01,7,Horta-Guinardó,33,el Baix Guinardó,135,7004,626,1,1
2024-01-01,7,Horta-Guinardó,33,el Baix Guinardó,135,7004,514,1,2
2024-01-01,7,Horta-Guinardó,33,el Baix Guinardó,135,7004,68,2,1
2024-01-01,7,Horta-Guinardó,33,el Baix Guinardó,135,7004,58,2,2
2024-01-01,7,Horta-Guinardó,33,el Baix Guinardó,135,7004,172,3,1
2024-01-01,7,Horta-Guinardó,33,el Baix Guinardó,135,7004,143,3,2
2024-01-01,7,Horta-Guinardó,33,el Baix Guinardó,135,7005,626,1,1
2024-01-01,7,Horta-Guinardó,33,el Baix Guinardó,135,7005,533,1,2
2024-01-01,7,Horta-Guinardó,33,el Baix Guinardó,135,7005,39,2,1
2024-01-01,7,Horta-Guinardó,33,el Baix Guinardó,135,7005,45,2,2
2024-01-01,7,Horta-Guinardó,33,el Baix Guinardó,135,7005,107,3,1
2024-01-01,7,Horta-Guinardó,33,el Baix Guinardó,135,7005,91,3,2
2024-01-01,7,Horta-Guinardó,33,el Baix Guinardó,135,7006,425,1,1
2024-01-01,7,Horta-Guinardó,33,el Baix Guinardó,135,7006,367,1,2
2024-01-01,7,Horta-Guinardó,33,el Baix Guinardó,135,7006,21,2,1
2024-01-01,7,Horta-Guinardó,33,el Baix Guinardó,135,7006,26,2,2
2024-01-01,7,Horta-Guinardó,33,el Baix Guinardó,135,7006,42,3,1
2024-01-01,7,Horta-Guinardó,33,el Baix Guinardó,135,7006,41,3,2
2024-01-01,7,Horta-Guinardó,33,el Baix Guinardó,135,7007,658,1,1
2024-01-01,7,Horta-Guinardó,33,el Baix Guinardó,135,7007,476,1,2
2024-01-01,7,Horta-Guinardó,33,el Baix Guinardó,135,7007,30,2,1
2024-01-01,7,Horta-Guinardó,33,el Baix Guinardó,135,7007,46,2,2
2024-01-01,7,Horta-Guinardó,33,el Baix Guinardó,135,7007,101,3,1
2024-01-01,7,Horta-Guinardó,33,el Baix Guinardó,135,7007,102,3,2
2024-01-01,7,Horta-Guinardó,33,el Baix Guinardó,135,7007,..,4,1
2024-01-01,7,Horta-Guinardó,33,el Baix Guinardó,135,7008,624,1,1
2024-01-01,7,Horta-Guinardó,33,el Baix Guinardó,135,7008,550,1,2
2024-01-01,7,Horta-Guinardó,33,el Baix Guinardó,135,7008,33,2,1
2024-01-01,7,Horta-Guinardó,33,el Baix Guinardó,135,7008,26,2,2
2024-01-01,7,Horta-Guinardó,33,el Baix Guinardó,135,7008,91,3,1
2024-01-01,7,Horta-Guinardó,33,el Baix Guinardó,135,7008,69,3,2
2024-01-01,7,Horta-Guinardó,33,el Baix Guinardó,136,7009,525,1,1
2024-01-01,7,Horta-Guinardó,33,el Baix Guinardó,136,7009,400,1,2
2024-01-01,7,Horta-Guinardó,33,el Baix Guinardó,136,7009,66,2,1
2024-01-01,7,Horta-Guinardó,33,el Baix Guinardó,136,7009,50,2,2
2024-01-01,7,Horta-Guinardó,33,el Baix Guinardó,136,7009,139,3,1
2024-01-01,7,Horta-Guinardó,33,el Baix Guinardó,136,7009,121,3,2
2024-01-01,7,Horta-Guinardó,33,el Baix Guinardó,136,7010,550,1,1
2024-01-01,7,Horta-Guinardó,33,el Baix Guinardó,136,7010,461,1,2
2024-01-01,7,Horta-Guinardó,33,el Baix Guinardó,136,7010,44,2,1
2024-01-01,7,Horta-Guinardó,33,el Baix Guinardó,136,7010,58,2,2
2024-01-01,7,Horta-Guinardó,33,el Baix Guinardó,136,7010,107,3,1
2024-01-01,7,Horta-Guinardó,33,el Baix Guinardó,136,7010,112,3,2
2024-01-01,7,Horta-Guinardó,33,el Baix Guinardó,136,7011,441,1,1
2024-01-01,7,Horta-Guinardó,33,el Baix Guinardó,136,7011,365,1,2
2024-01-01,7,Horta-Guinardó,33,el Baix Guinardó,136,7011,70,2,1
2024-01-01,7,Horta-Guinardó,33,el Baix Guinardó,136,7011,58,2,2
2024-01-01,7,Horta-Guinardó,33,el Baix Guinardó,136,7011,103,3,1
2024-01-01,7,Horta-Guinardó,33,el Baix Guinardó,136,7011,121,3,2
2024-01-01,7,Horta-Guinardó,33,el Baix Guinardó,136,7012,686,1,1
2024-01-01,7,Horta-Guinardó,33,el Baix Guinardó,136,7012,560,1,2
2024-01-01,7,Horta-Guinardó,33,el Baix Guinardó,136,7012,52,2,1
2024-01-01,7,Horta-Guinardó,33,el Baix Guinardó,136,7012,68,2,2
2024-01-01,7,Horta-Guinardó,33,el Baix Guinardó,136,7012,115,3,1
2024-01-01,7,Horta-Guinardó,33,el Baix Guinardó,136,7012,110,3,2
2024-01-01,7,Horta-Guinardó,33,el Baix Guinardó,136,7012,..,4,2
2024-01-01,7,Horta-Guinardó,33,el Baix Guinardó,136,7013,553,1,1
2024-01-01,7,Horta-Guinardó,33,el Baix Guinardó,136,7013,490,1,2
2024-01-01,7,Horta-Guinardó,33,el Baix Guinardó,136,7013,22,2,1
2024-01-01,7,Horta-Guinardó,33,el Baix Guinardó,136,7013,24,2,2
2024-01-01,7,Horta-Guinardó,33,el Baix Guinardó,136,7013,85,3,1
2024-01-01,7,Horta-Guinardó,33,el Baix Guinardó,136,7013,63,3,2
2024-01-01,7,Horta-Guinardó,33,el Baix Guinardó,137,7014,360,1,1
2024-01-01,7,Horta-Guinardó,33,el Baix Guinardó,137,7014,305,1,2
2024-01-01,7,Horta-Guinardó,33,el Baix Guinardó,137,7014,29,2,1
2024-01-01,7,Horta-Guinardó,33,el Baix Guinardó,137,7014,29,2,2
2024-01-01,7,Horta-Guinardó,33,el Baix Guinardó,137,7014,86,3,1
2024-01-01,7,Horta-Guinardó,33,el Baix Guinardó,137,7014,78,3,2
2024-01-01,7,Horta-Guinardó,33,el Baix Guinardó,137,7015,599,1,1
2024-01-01,7,Horta-Guinardó,33,el Baix Guinardó,137,7015,547,1,2
2024-01-01,7,Horta-Guinardó,33,el Baix Guinardó,137,7015,46,2,1
2024-01-01,7,Horta-Guinardó,33,el Baix Guinardó,137,7015,34,2,2
2024-01-01,7,Horta-Guinardó,33,el Baix Guinardó,137,7015,87,3,1
2024-01-01,7,Horta-Guinardó,33,el Baix Guinardó,137,7015,72,3,2
2024-01-01,7,Horta-Guinardó,33,el Baix Guinardó,137,7016,612,1,1
2024-01-01,7,Horta-Guinardó,33,el Baix Guinardó,137,7016,554,1,2
2024-01-01,7,Horta-Guinardó,33,el Baix Guinardó,137,7016,35,2,1
2024-01-01,7,Horta-Guinardó,33,el Baix Guinardó,137,7016,53,2,2
2024-01-01,7,Horta-Guinardó,33,el Baix Guinardó,137,7016,50,3,1
2024-01-01,7,Horta-Guinardó,33,el Baix Guinardó,137,7016,41,3,2
2024-01-01,7,Horta-Guinardó,33,el Baix Guinardó,137,7017,810,1,1
2024-01-01,7,Horta-Guinardó,33,el Baix Guinardó,137,7017,636,1,2
2024-01-01,7,Horta-Guinardó,33,el Baix Guinardó,137,7017,69,2,1
2024-01-01,7,Horta-Guinardó,33,el Baix Guinardó,137,7017,56,2,2
2024-01-01,7,Horta-Guinardó,33,el Baix Guinardó,137,7017,143,3,1
2024-01-01,7,Horta-Guinardó,33,el Baix Guinardó,137,7017,127,3,2
2024-01-01,7,Horta-Guinardó,33,el Baix Guinardó,137,7017,..,4,1
2024-01-01,7,Horta-Guinardó,33,el Baix Guinardó,137,7018,754,1,1
2024-01-01,7,Horta-Guinardó,33,el Baix Guinardó,137,7018,639,1,2
2024-01-01,7,Horta-Guinardó,33,el Baix Guinardó,137,7018,33,2,1
2024-01-01,7,Horta-Guinardó,33,el Baix Guinardó,137,7018,50,2,2
2024-01-01,7,Horta-Guinardó,33,el Baix Guinardó,137,7018,161,3,1
2024-01-01,7,Horta-Guinardó,33,el Baix Guinardó,137,7018,126,3,2
2024-01-01,7,Horta-Guinardó,33,el Baix Guinardó,137,7019,666,1,1
2024-01-01,7,Horta-Guinardó,33,el Baix Guinardó,137,7019,605,1,2
2024-01-01,7,Horta-Guinardó,33,el Baix Guinardó,137,7019,49,2,1
2024-01-01,7,Horta-Guinardó,33,el Baix Guinardó,137,7019,60,2,2
2024-01-01,7,Horta-Guinardó,33,el Baix Guinardó,137,7019,127,3,1
2024-01-01,7,Horta-Guinardó,33,el Baix Guinardó,137,7019,105,3,2
2024-01-01,7,Horta-Guinardó,34,Can Baró,138,7020,717,1,1
2024-01-01,7,Horta-Guinardó,34,Can Baró,138,7020,607,1,2
2024-01-01,7,Horta-Guinardó,34,Can Baró,138,7020,49,2,1
2024-01-01,7,Horta-Guinardó,34,Can Baró,138,7020,52,2,2
2024-01-01,7,Horta-Guinardó,34,Can Baró,138,7020,144,3,1
2024-01-01,7,Horta-Guinardó,34,Can Baró,138,7020,171,3,2
2024-01-01,7,Horta-Guinardó,34,Can Baró,138,7021,480,1,1
2024-01-01,7,Horta-Guinardó,34,Can Baró,138,7021,447,1,2
2024-01-01,7,Horta-Guinardó,34,Can Baró,138,7021,35,2,1
2024-01-01,7,Horta-Guinardó,34,Can Baró,138,7021,24,2,2
2024-01-01,7,Horta-Guinardó,34,Can Baró,138,7021,55,3,1
2024-01-01,7,Horta-Guinardó,34,Can Baró,138,7021,49,3,2
2024-01-01,7,Horta-Guinardó,34,Can Baró,138,7022,526,1,1
2024-01-01,7,Horta-Guinardó,34,Can Baró,138,7022,469,1,2
2024-01-01,7,Horta-Guinardó,34,Can Baró,138,7022,28,2,1
2024-01-01,7,Horta-Guinardó,34,Can Baró,138,7022,21,2,2
2024-01-01,7,Horta-Guinardó,34,Can Baró,138,7022,74,3,1
2024-01-01,7,Horta-Guinardó,34,Can Baró,138,7022,59,3,2
2024-01-01,7,Horta-Guinardó,34,Can Baró,138,7023,529,1,1
2024-01-01,7,Horta-Guinardó,34,Can Baró,138,7023,501,1,2
2024-01-01,7,Horta-Guinardó,34,Can Baró,138,7023,50,2,1
2024-01-01,7,Horta-Guinardó,34,Can Baró,138,7023,49,2,2
2024-01-01,7,Horta-Guinardó,34,Can Baró,138,7023,97,3,1
2024-01-01,7,Horta-Guinardó,34,Can Baró,138,7023,102,3,2
2024-01-01,7,Horta-Guinardó,34,Can Baró,138,7023,..,4,2
2024-01-01,7,Horta-Guinardó,34,Can Baró,138,7024,656,1,1
2024-01-01,7,Horta-Guinardó,34,Can Baró,138,7024,566,1,2
2024-01-01,7,Horta-Guinardó,34,Can Baró,138,7024,45,2,1
2024-01-01,7,Horta-Guinardó,34,Can Baró,138,7024,43,2,2
2024-01-01,7,Horta-Guinardó,34,Can Baró,138,7024,108,3,1
2024-01-01,7,Horta-Guinardó,34,Can Baró,138,7024,99,3,2
2024-01-01,7,Horta-Guinardó,34,Can Baró,138,7025,604,1,1
2024-01-01,7,Horta-Guinardó,34,Can Baró,138,7025,534,1,2
2024-01-01,7,Horta-Guinardó,34,Can Baró,138,7025,53,2,1
2024-01-01,7,Horta-Guinardó,34,Can Baró,138,7025,51,2,2
2024-01-01,7,Horta-Guinardó,34,Can Baró,138,7025,146,3,1
2024-01-01,7,Horta-Guinardó,34,Can Baró,138,7025,149,3,2
2024-01-01,7,Horta-Guinardó,34,Can Baró,138,7026,498,1,1
2024-01-01,7,Horta-Guinardó,34,Can Baró,138,7026,443,1,2
2024-01-01,7,Horta-Guinardó,34,Can Baró,138,7026,33,2,1
2024-01-01,7,Horta-Guinardó,34,Can Baró,138,7026,33,2,2
2024-01-01,7,Horta-Guinardó,34,Can Baró,138,7026,70,3,1
2024-01-01,7,Horta-Guinardó,34,Can Baró,138,7026,58,3,2
2024-01-01,7,Horta-Guinardó,35,el Guinardó,139,7027,906,1,1
2024-01-01,7,Horta-Guinardó,35,el Guinardó,139,7027,785,1,2
2024-01-01,7,Horta-Guinardó,35,el Guinardó,139,7027,67,2,1
2024-01-01,7,Horta-Guinardó,35,el Guinardó,139,7027,61,2,2
2024-01-01,7,Horta-Guinardó,35,el Guinardó,139,7027,145,3,1
2024-01-01,7,Horta-Guinardó,35,el Guinardó,139,7027,151,3,2
2024-01-01,7,Horta-Guinardó,35,el Guinardó,139,7028,601,1,1
2024-01-01,7,Horta-Guinardó,35,el Guinardó,139,7028,545,1,2
2024-01-01,7,Horta-Guinardó,35,el Guinardó,139,7028,44,2,1
2024-01-01,7,Horta-Guinardó,35,el Guinardó,139,7028,50,2,2
2024-01-01,7,Horta-Guinardó,35,el Guinardó,139,7028,118,3,1
2024-01-01,7,Horta-Guinardó,35,el Guinardó,139,7028,158,3,2
2024-01-01,7,Horta-Guinardó,35,el Guinardó,139,7029,548,1,1
2024-01-01,7,Horta-Guinardó,35,el Guinardó,139,7029,497,1,2
2024-01-01,7,Horta-Guinardó,35,el Guinardó,139,7029,42,2,1
2024-01-01,7,Horta-Guinardó,35,el Guinardó,139,7029,37,2,2
2024-01-01,7,Horta-Guinardó,35,el Guinardó,139,7029,99,3,1
2024-01-01,7,Horta-Guinardó,35,el Guinardó,139,7029,87,3,2
2024-01-01,7,Horta-Guinardó,35,el Guinardó,139,7029,..,4,1
2024-01-01,7,Horta-Guinardó,35,el Guinardó,139,7030,633,1,1
2024-01-01,7,Horta-Guinardó,35,el Guinardó,139,7030,515,1,2
2024-01-01,7,Horta-Guinardó,35,el Guinardó,139,7030,36,2,1
2024-01-01,7,Horta-Guinardó,35,el Guinardó,139,7030,33,2,2
2024-01-01,7,Horta-Guinardó,35,el Guinardó,139,7030,146,3,1
2024-01-01,7,Horta-Guinardó,35,el Guinardó,139,7030,136,3,2
2024-01-01,7,Horta-Guinardó,35,el Guinardó,140,7031,620,1,1
2024-01-01,7,Horta-Guinardó,35,el Guinardó,140,7031,572,1,2
2024-01-01,7,Horta-Guinardó,35,el Guinardó,140,7031,37,2,1
2024-01-01,7,Horta-Guinardó,35,el Guinardó,140,7031,43,2,2
2024-01-01,7,Horta-Guinardó,35,el Guinardó,140,7031,179,3,1
2024-01-01,7,Horta-Guinardó,35,el Guinardó,140,7031,151,3,2
2024-01-01,7,Horta-Guinardó,35,el Guinardó,140,7032,624,1,1
2024-01-01,7,Horta-Guinardó,35,el Guinardó,140,7032,562,1,2
2024-01-01,7,Horta-Guinardó,35,el Guinardó,140,7032,25,2,1
2024-01-01,7,Horta-Guinardó,35,el Guinardó,140,7032,39,2,2
2024-01-01,7,Horta-Guinardó,35,el Guinardó,140,7032,114,3,1
2024-01-01,7,Horta-Guinardó,35,el Guinardó,140,7032,112,3,2
2024-01-01,7,Horta-Guinardó,35,el Guinardó,140,7033,657,1,1
2024-01-01,7,Horta-Guinardó,35,el Guinardó,140,7033,572,1,2
2024-01-01,7,Horta-Guinardó,35,el Guinardó,140,7033,47,2,1
2024-01-01,7,Horta-Guinardó,35,el Guinardó,140,7033,46,2,2
2024-01-01,7,Horta-Guinardó,35,el Guinardó,140,7033,94,3,1
2024-01-01,7,Horta-Guinardó,35,el Guinardó,140,7033,88,3,2
2024-01-01,7,Horta-Guinardó,35,el Guinardó,140,7034,826,1,1
2024-01-01,7,Horta-Guinardó,35,el Guinardó,140,7034,682,1,2
2024-01-01,7,Horta-Guinardó,35,el Guinardó,140,7034,52,2,1
2024-01-01,7,Horta-Guinardó,35,el Guinardó,140,7034,51,2,2
2024-01-01,7,Horta-Guinardó,35,el Guinardó,140,7034,120,3,1
2024-01-01,7,Horta-Guinardó,35,el Guinardó,140,7034,107,3,2
2024-01-01,7,Horta-Guinardó,35,el Guinardó,140,7035,794,1,1
2024-01-01,7,Horta-Guinardó,35,el Guinardó,140,7035,693,1,2
2024-01-01,7,Horta-Guinardó,35,el Guinardó,140,7035,42,2,1
2024-01-01,7,Horta-Guinardó,35,el Guinardó,140,7035,40,2,2
2024-01-01,7,Horta-Guinardó,35,el Guinardó,140,7035,94,3,1
2024-01-01,7,Horta-Guinardó,35,el Guinardó,140,7035,93,3,2
2024-01-01,7,Horta-Guinardó,35,el Guinardó,140,7036,648,1,1
2024-01-01,7,Horta-Guinardó,35,el Guinardó,140,7036,547,1,2
2024-01-01,7,Horta-Guinardó,35,el Guinardó,140,7036,29,2,1
2024-01-01,7,Horta-Guinardó,35,el Guinardó,140,7036,32,2,2
2024-01-01,7,Horta-Guinardó,35,el Guinardó,140,7036,103,3,1
2024-01-01,7,Horta-Guinardó,35,el Guinardó,140,7036,98,3,2
2024-01-01,7,Horta-Guinardó,35,el Guinardó,140,7037,649,1,1
2024-01-01,7,Horta-Guinardó,35,el Guinardó,140,7037,578,1,2
2024-01-01,7,Horta-Guinardó,35,el Guinardó,140,7037,40,2,1
2024-01-01,7,Horta-Guinardó,35,el Guinardó,140,7037,38,2,2
2024-01-01,7,Horta-Guinardó,35,el Guinardó,140,7037,121,3,1
2024-01-01,7,Horta-Guinardó,35,el Guinardó,140,7037,124,3,2
2024-01-01,7,Horta-Guinardó,35,el Guinardó,140,7038,547,1,1
2024-01-01,7,Horta-Guinardó,35,el Guinardó,140,7038,503,1,2
2024-01-01,7,Horta-Guinardó,35,el Guinardó,140,7038,43,2,1
2024-01-01,7,Horta-Guinardó,35,el Guinardó,140,7038,40,2,2
2024-01-01,7,Horta-Guinardó,35,el Guinardó,140,7038,83,3,1
2024-01-01,7,Horta-Guinardó,35,el Guinardó,140,7038,67,3,2
2024-01-01,7,Horta-Guinardó,35,el Guinardó,141,7039,695,1,1
2024-01-01,7,Horta-Guinardó,35,el Guinardó,141,7039,602,1,2
2024-01-01,7,Horta-Guinardó,35,el Guinardó,141,7039,41,2,1
2024-01-01,7,Horta-Guinardó,35,el Guinardó,141,7039,40,2,2
2024-01-01,7,Horta-Guinardó,35,el Guinardó,141,7039,123,3,1
2024-01-01,7,Horta-Guinardó,35,el Guinardó,141,7039,114,3,2
2024-01-01,7,Horta-Guinardó,35,el Guinardó,141,7040,654,1,1
2024-01-01,7,Horta-Guinardó,35,el Guinardó,141,7040,544,1,2
2024-01-01,7,Horta-Guinardó,35,el Guinardó,141,7040,64,2,1
2024-01-01,7,Horta-Guinardó,35,el Guinardó,141,7040,43,2,2
2024-01-01,7,Horta-Guinardó,35,el Guinardó,141,7040,122,3,1
2024-01-01,7,Horta-Guinardó,35,el Guinardó,141,7040,120,3,2
2024-01-01,7,Horta-Guinardó,35,el Guinardó,141,7041,586,1,1
2024-01-01,7,Horta-Guinardó,35,el Guinardó,141,7041,465,1,2
2024-01-01,7,Horta-Guinardó,35,el Guinardó,141,7041,55,2,1
2024-01-01,7,Horta-Guinardó,35,el Guinardó,141,7041,52,2,2
2024-01-01,7,Horta-Guinardó,35,el Guinardó,141,7041,159,3,1
2024-01-01,7,Horta-Guinardó,35,el Guinardó,141,7041,124,3,2
2024-01-01,7,Horta-Guinardó,35,el Guinardó,142,7042,744,1,1
2024-01-01,7,Horta-Guinardó,35,el Guinardó,142,7042,588,1,2
2024-01-01,7,Horta-Guinardó,35,el Guinardó,142,7042,31,2,1
2024-01-01,7,Horta-Guinardó,35,el Guinardó,142,7042,33,2,2
2024-01-01,7,Horta-Guinardó,35,el Guinardó,142,7042,129,3,1
2024-01-01,7,Horta-Guinardó,35,el Guinardó,142,7042,110,3,2
2024-01-01,7,Horta-Guinardó,35,el Guinardó,142,7043,626,1,1
2024-01-01,7,Horta-Guinardó,35,el Guinardó,142,7043,551,1,2
2024-01-01,7,Horta-Guinardó,35,el Guinardó,142,7043,37,2,1
2024-01-01,7,Horta-Guinardó,35,el Guinardó,142,7043,41,2,2
2024-01-01,7,Horta-Guinardó,35,el Guinardó,142,7043,117,3,1
2024-01-01,7,Horta-Guinardó,35,el Guinardó,142,7043,97,3,2
2024-01-01,7,Horta-Guinardó,35,el Guinardó,142,7044,633,1,1
2024-01-01,7,Horta-Guinardó,35,el Guinardó,142,7044,492,1,2
2024-01-01,7,Horta-Guinardó,35,el Guinardó,142,7044,24,2,1
2024-01-01,7,Horta-Guinardó,35,el Guinardó,142,7044,47,2,2
2024-01-01,7,Horta-Guinardó,35,el Guinardó,142,7044,55,3,1
2024-01-01,7,Horta-Guinardó,35,el Guinardó,142,7044,67,3,2
2024-01-01,7,Horta-Guinardó,35,el Guinardó,142,7045,667,1,1
2024-01-01,7,Horta-Guinardó,35,el Guinardó,142,7045,644,1,2
2024-01-01,7,Horta-Guinardó,35,el Guinardó,142,7045,48,2,1
2024-01-01,7,Horta-Guinardó,35,el Guinardó,142,7045,35,2,2
2024-01-01,7,Horta-Guinardó,35,el Guinardó,142,7045,142,3,1
2024-01-01,7,Horta-Guinardó,35,el Guinardó,142,7045,127,3,2
2024-01-01,7,Horta-Guinardó,35,el Guinardó,142,7045,..,4,1
2024-01-01,7,Horta-Guinardó,35,el Guinardó,142,7046,606,1,1
2024-01-01,7,Horta-Guinardó,35,el Guinardó,142,7046,511,1,2
2024-01-01,7,Horta-Guinardó,35,el Guinardó,142,7046,34,2,1
2024-01-01,7,Horta-Guinardó,35,el Guinardó,142,7046,35,2,2
2024-01-01,7,Horta-Guinardó,35,el Guinardó,142,7046,119,3,1
2024-01-01,7,Horta-Guinardó,35,el Guinardó,142,7046,107,3,2
2024-01-01,7,Horta-Guinardó,35,el Guinardó,143,7047,643,1,1
2024-01-01,7,Horta-Guinardó,35,el Guinardó,143,7047,572,1,2
2024-01-01,7,Horta-Guinardó,35,el Guinardó,143,7047,33,2,1
2024-01-01,7,Horta-Guinardó,35,el Guinardó,143,7047,36,2,2
2024-01-01,7,Horta-Guinardó,35,el Guinardó,143,7047,110,3,1
2024-01-01,7,Horta-Guinardó,35,el Guinardó,143,7047,99,3,2
2024-01-01,7,Horta-Guinardó,35,el Guinardó,143,7048,589,1,1
2024-01-01,7,Horta-Guinardó,35,el Guinardó,143,7048,498,1,2
2024-01-01,7,Horta-Guinardó,35,el Guinardó,143,7048,32,2,1
2024-01-01,7,Horta-Guinardó,35,el Guinardó,143,7048,43,2,2
2024-01-01,7,Horta-Guinardó,35,el Guinardó,143,7048,83,3,1
2024-01-01,7,Horta-Guinardó,35,el Guinardó,143,7048,75,3,2
2024-01-01,7,Horta-Guinardó,35,el Guinardó,143,7049,541,1,1
2024-01-01,7,Horta-Guinardó,35,el Guinardó,143,7049,460,1,2
2024-01-01,7,Horta-Guinardó,35,el Guinardó,143,7049,25,2,1
2024-01-01,7,Horta-Guinardó,35,el Guinardó,143,7049,27,2,2
2024-01-01,7,Horta-Guinardó,35,el Guinardó,143,7049,82,3,1
2024-01-01,7,Horta-Guinardó,35,el Guinardó,143,7049,81,3,2
2024-01-01,7,Horta-Guinardó,35,el Guinardó,143,7049,..,4,1
2024-01-01,7,Horta-Guinardó,35,el Guinardó,143,7050,489,1,1
2024-01-01,7,Horta-Guinardó,35,el Guinardó,143,7050,425,1,2
2024-01-01,7,Horta-Guinardó,35,el Guinardó,143,7050,32,2,1
2024-01-01,7,Horta-Guinardó,35,el Guinardó,143,7050,38,2,2
2024-01-01,7,Horta-Guinardó,35,el Guinardó,143,7050,126,3,1
2024-01-01,7,Horta-Guinardó,35,el Guinardó,143,7050,120,3,2
2024-01-01,7,Horta-Guinardó,35,el Guinardó,143,7051,818,1,1
2024-01-01,7,Horta-Guinardó,35,el Guinardó,143,7051,670,1,2
2024-01-01,7,Horta-Guinardó,35,el Guinardó,143,7051,47,2,1
2024-01-01,7,Horta-Guinardó,35,el Guinardó,143,7051,50,2,2
2024-01-01,7,Horta-Guinardó,35,el Guinardó,143,7051,155,3,1
2024-01-01,7,Horta-Guinardó,35,el Guinardó,143,7051,145,3,2
2024-01-01,7,Horta-Guinardó,36,la Font d'en Fargues,144,7052,620,1,1
2024-01-01,7,Horta-Guinardó,36,la Font d'en Fargues,144,7052,575,1,2
2024-01-01,7,Horta-Guinardó,36,la Font d'en Fargues,144,7052,36,2,1
2024-01-01,7,Horta-Guinardó,36,la Font d'en Fargues,144,7052,34,2,2
2024-01-01,7,Horta-Guinardó,36,la Font d'en Fargues,144,7052,45,3,1
2024-01-01,7,Horta-Guinardó,36,la Font d'en Fargues,144,7052,32,3,2
2024-01-01,7,Horta-Guinardó,36,la Font d'en Fargues,144,7053,684,1,1
2024-01-01,7,Horta-Guinardó,36,la Font d'en Fargues,144,7053,634,1,2
2024-01-01,7,Horta-Guinardó,36,la Font d'en Fargues,144,7053,22,2,1
2024-01-01,7,Horta-Guinardó,36,la Font d'en Fargues,144,7053,22,2,2
2024-01-01,7,Horta-Guinardó,36,la Font d'en Fargues,144,7053,66,3,1
2024-01-01,7,Horta-Guinardó,36,la Font d'en Fargues,144,7053,68,3,2
2024-01-01,7,Horta-Guinardó,36,la Font d'en Fargues,144,7054,776,1,1
2024-01-01,7,Horta-Guinardó,36,la Font d'en Fargues,144,7054,727,1,2
2024-01-01,7,Horta-Guinardó,36,la Font d'en Fargues,144,7054,23,2,1
2024-01-01,7,Horta-Guinardó,36,la Font d'en Fargues,144,7054,28,2,2
2024-01-01,7,Horta-Guinardó,36,la Font d'en Fargues,144,7054,87,3,1
2024-01-01,7,Horta-Guinardó,36,la Font d'en Fargues,144,7054,59,3,2
2024-01-01,7,Horta-Guinardó,36,la Font d'en Fargues,145,7055,627,1,1
2024-01-01,7,Horta-Guinardó,36,la Font d'en Fargues,145,7055,513,1,2
2024-01-01,7,Horta-Guinardó,36,la Font d'en Fargues,145,7055,12,2,1
2024-01-01,7,Horta-Guinardó,36,la Font d'en Fargues,145,7055,16,2,2
2024-01-01,7,Horta-Guinardó,36,la Font d'en Fargues,145,7055,33,3,1
2024-01-01,7,Horta-Guinardó,36,la Font d'en Fargues,145,7055,25,3,2
2024-01-01,7,Horta-Guinardó,36,la Font d'en Fargues,145,7056,532,1,1
2024-01-01,7,Horta-Guinardó,36,la Font d'en Fargues,145,7056,523,1,2
2024-01-01,7,Horta-Guinardó,36,la Font d'en Fargues,145,7056,32,2,1
2024-01-01,7,Horta-Guinardó,36,la Font d'en Fargues,145,7056,31,2,2
2024-01-01,7,Horta-Guinardó,36,la Font d'en Fargues,145,7056,61,3,1
2024-01-01,7,Horta-Guinardó,36,la Font d'en Fargues,145,7056,43,3,2
2024-01-01,7,Horta-Guinardó,36,la Font d'en Fargues,145,7057,721,1,1
2024-01-01,7,Horta-Guinardó,36,la Font d'en Fargues,145,7057,629,1,2
2024-01-01,7,Horta-Guinardó,36,la Font d'en Fargues,145,7057,21,2,1
2024-01-01,7,Horta-Guinardó,36,la Font d'en Fargues,145,7057,23,2,2
2024-01-01,7,Horta-Guinardó,36,la Font d'en Fargues,145,7057,60,3,1
2024-01-01,7,Horta-Guinardó,36,la Font d'en Fargues,145,7057,51,3,2
2024-01-01,7,Horta-Guinardó,36,la Font d'en Fargues,145,7058,640,1,1
2024-01-01,7,Horta-Guinardó,36,la Font d'en Fargues,145,7058,591,1,2
2024-01-01,7,Horta-Guinardó,36,la Font d'en Fargues,145,7058,22,2,1
2024-01-01,7,Horta-Guinardó,36,la Font d'en Fargues,145,7058,16,2,2
2024-01-01,7,Horta-Guinardó,36,la Font d'en Fargues,145,7058,43,3,1
2024-01-01,7,Horta-Guinardó,36,la Font d'en Fargues,145,7058,34,3,2
2024-01-01,7,Horta-Guinardó,37,el Carmel,146,7059,556,1,1
2024-01-01,7,Horta-Guinardó,37,el Carmel,146,7059,529,1,2
2024-01-01,7,Horta-Guinardó,37,el Carmel,146,7059,48,2,1
2024-01-01,7,Horta-Guinardó,37,el Carmel,146,7059,55,2,2
2024-01-01,7,Horta-Guinardó,37,el Carmel,146,7059,108,3,1
2024-01-01,7,Horta-Guinardó,37,el Carmel,146,7059,120,3,2
2024-01-01,7,Horta-Guinardó,37,el Carmel,146,7060,795,1,1
2024-01-01,7,Horta-Guinardó,37,el Carmel,146,7060,738,1,2
2024-01-01,7,Horta-Guinardó,37,el Carmel,146,7060,56,2,1
2024-01-01,7,Horta-Guinardó,37,el Carmel,146,7060,53,2,2
2024-01-01,7,Horta-Guinardó,37,el Carmel,146,7060,142,3,1
2024-01-01,7,Horta-Guinardó,37,el Carmel,146,7060,138,3,2
2024-01-01,7,Horta-Guinardó,37,el Carmel,147,7061,518,1,1
2024-01-01,7,Horta-Guinardó,37,el Carmel,147,7061,513,1,2
2024-01-01,7,Horta-Guinardó,37,el Carmel,147,7061,18,2,1
2024-01-01,7,Horta-Guinardó,37,el Carmel,147,7061,17,2,2
2024-01-01,7,Horta-Guinardó,37,el Carmel,147,7061,57,3,1
2024-01-01,7,Horta-Guinardó,37,el Carmel,147,7061,48,3,2
2024-01-01,7,Horta-Guinardó,37,el Carmel,147,7062,575,1,1
2024-01-01,7,Horta-Guinardó,37,el Carmel,147,7062,531,1,2
2024-01-01,7,Horta-Guinardó,37,el Carmel,147,7062,25,2,1
2024-01-01,7,Horta-Guinardó,37,el Carmel,147,7062,34,2,2
2024-01-01,7,Horta-Guinardó,37,el Carmel,147,7062,93,3,1
2024-01-01,7,Horta-Guinardó,37,el Carmel,147,7062,101,3,2
2024-01-01,7,Horta-Guinardó,37,el Carmel,147,7063,628,1,1
2024-01-01,7,Horta-Guinardó,37,el Carmel,147,7063,557,1,2
2024-01-01,7,Horta-Guinardó,37,el Carmel,147,7063,16,2,1
2024-01-01,7,Horta-Guinardó,37,el Carmel,147,7063,21,2,2
2024-01-01,7,Horta-Guinardó,37,el Carmel,147,7063,122,3,1
2024-01-01,7,Horta-Guinardó,37,el Carmel,147,7063,134,3,2
2024-01-01,7,Horta-Guinardó,37,el Carmel,147,7064,757,1,1
2024-01-01,7,Horta-Guinardó,37,el Carmel,147,7064,637,1,2
2024-01-01,7,Horta-Guinardó,37,el Carmel,147,7064,28,2,1
2024-01-01,7,Horta-Guinardó,37,el Carmel,147,7064,25,2,2
2024-01-01,7,Horta-Guinardó,37,el Carmel,147,7064,120,3,1
2024-01-01,7,Horta-Guinardó,37,el Carmel,147,7064,149,3,2
2024-01-01,7,Horta-Guinardó,37,el Carmel,147,7065,696,1,1
2024-01-01,7,Horta-Guinardó,37,el Carmel,147,7065,586,1,2
2024-01-01,7,Horta-Guinardó,37,el Carmel,147,7065,50,2,1
2024-01-01,7,Horta-Guinardó,37,el Carmel,147,7065,45,2,2
2024-01-01,7,Horta-Guinardó,37,el Carmel,147,7065,232,3,1
2024-01-01,7,Horta-Guinardó,37,el Carmel,147,7065,203,3,2
2024-01-01,7,Horta-Guinardó,37,el Carmel,147,7066,744,1,1
2024-01-01,7,Horta-Guinardó,37,el Carmel,147,7066,643,1,2
2024-01-01,7,Horta-Guinardó,37,el Carmel,147,7066,28,2,1
2024-01-01,7,Horta-Guinardó,37,el Carmel,147,7066,40,2,2
2024-01-01,7,Horta-Guinardó,37,el Carmel,147,7066,198,3,1
2024-01-01,7,Horta-Guinardó,37,el Carmel,147,7066,177,3,2
2024-01-01,7,Horta-Guinardó,37,el Carmel,147,7067,621,1,1
2024-01-01,7,Horta-Guinardó,37,el Carmel,147,7067,556,1,2
2024-01-01,7,Horta-Guinardó,37,el Carmel,147,7067,41,2,1
2024-01-01,7,Horta-Guinardó,37,el Carmel,147,7067,36,2,2
2024-01-01,7,Horta-Guinardó,37,el Carmel,147,7067,169,3,1
2024-01-01,7,Horta-Guinardó,37,el Carmel,147,7067,178,3,2
2024-01-01,7,Horta-Guinardó,37,el Carmel,147,7068,551,1,1
2024-01-01,7,Horta-Guinardó,37,el Carmel,147,7068,461,1,2
2024-01-01,7,Horta-Guinardó,37,el Carmel,147,7068,18,2,1
2024-01-01,7,Horta-Guinardó,37,el Carmel,147,7068,26,2,2
2024-01-01,7,Horta-Guinardó,37,el Carmel,147,7068,163,3,1
2024-01-01,7,Horta-Guinardó,37,el Carmel,147,7068,143,3,2
2024-01-01,7,Horta-Guinardó,37,el Carmel,147,7068,..,4,1
2024-01-01,7,Horta-Guinardó,37,el Carmel,147,7069,577,1,1
2024-01-01,7,Horta-Guinardó,37,el Carmel,147,7069,505,1,2
2024-01-01,7,Horta-Guinardó,37,el Carmel,147,7069,32,2,1
2024-01-01,7,Horta-Guinardó,37,el Carmel,147,7069,34,2,2
2024-01-01,7,Horta-Guinardó,37,el Carmel,147,7069,180,3,1
2024-01-01,7,Horta-Guinardó,37,el Carmel,147,7069,167,3,2
2024-01-01,7,Horta-Guinardó,37,el Carmel,147,7070,608,1,1
2024-01-01,7,Horta-Guinardó,37,el Carmel,147,7070,489,1,2
2024-01-01,7,Horta-Guinardó,37,el Carmel,147,7070,9,2,1
2024-01-01,7,Horta-Guinardó,37,el Carmel,147,7070,8,2,2
2024-01-01,7,Horta-Guinardó,37,el Carmel,147,7070,155,3,1
2024-01-01,7,Horta-Guinardó,37,el Carmel,147,7070,147,3,2
2024-01-01,7,Horta-Guinardó,37,el Carmel,148,7071,618,1,1
2024-01-01,7,Horta-Guinardó,37,el Carmel,148,7071,533,1,2
2024-01-01,7,Horta-Guinardó,37,el Carmel,148,7071,12,2,1
2024-01-01,7,Horta-Guinardó,37,el Carmel,148,7071,16,2,2
2024-01-01,7,Horta-Guinardó,37,el Carmel,148,7071,89,3,1
2024-01-01,7,Horta-Guinardó,37,el Carmel,148,7071,73,3,2
2024-01-01,7,Horta-Guinardó,37,el Carmel,148,7072,633,1,1
2024-01-01,7,Horta-Guinardó,37,el Carmel,148,7072,532,1,2
2024-01-01,7,Horta-Guinardó,37,el Carmel,148,7072,27,2,1
2024-01-01,7,Horta-Guinardó,37,el Carmel,148,7072,19,2,2
2024-01-01,7,Horta-Guinardó,37,el Carmel,148,7072,118,3,1
2024-01-01,7,Horta-Guinardó,37,el Carmel,148,7072,106,3,2
2024-01-01,7,Horta-Guinardó,37,el Carmel,148,7073,484,1,1
2024-01-01,7,Horta-Guinardó,37,el Carmel,148,7073,421,1,2
2024-01-01,7,Horta-Guinardó,37,el Carmel,148,7073,18,2,1
2024-01-01,7,Horta-Guinardó,37,el Carmel,148,7073,19,2,2
2024-01-01,7,Horta-Guinardó,37,el Carmel,148,7073,123,3,1
2024-01-01,7,Horta-Guinardó,37,el Carmel,148,7073,103,3,2
2024-01-01,7,Horta-Guinardó,37,el Carmel,148,7074,715,1,1
2024-01-01,7,Horta-Guinardó,37,el Carmel,148,7074,657,1,2
2024-01-01,7,Horta-Guinardó,37,el Carmel,148,7074,23,2,1
2024-01-01,7,Horta-Guinardó,37,el Carmel,148,7074,33,2,2
2024-01-01,7,Horta-Guinardó,37,el Carmel,148,7074,160,3,1
2024-01-01,7,Horta-Guinardó,37,el Carmel,148,7074,149,3,2
2024-01-01,7,Horta-Guinardó,37,el Carmel,148,7075,500,1,1
2024-01-01,7,Horta-Guinardó,37,el Carmel,148,7075,466,1,2
2024-01-01,7,Horta-Guinardó,37,el Carmel,148,7075,11,2,1
2024-01-01,7,Horta-Guinardó,37,el Carmel,148,7075,12,2,2
2024-01-01,7,Horta-Guinardó,37,el Carmel,148,7075,110,3,1
2024-01-01,7,Horta-Guinardó,37,el Carmel,148,7075,107,3,2
2024-01-01,7,Horta-Guinardó,37,el Carmel,148,7076,598,1,1
2024-01-01,7,Horta-Guinardó,37,el Carmel,148,7076,516,1,2
2024-01-01,7,Horta-Guinardó,37,el Carmel,148,7076,22,2,1
2024-01-01,7,Horta-Guinardó,37,el Carmel,148,7076,17,2,2
2024-01-01,7,Horta-Guinardó,37,el Carmel,148,7076,114,3,1
2024-01-01,7,Horta-Guinardó,37,el Carmel,148,7076,137,3,2
2024-01-01,7,Horta-Guinardó,37,el Carmel,148,7077,538,1,1
2024-01-01,7,Horta-Guinardó,37,el Carmel,148,7077,509,1,2
2024-01-01,7,Horta-Guinardó,37,el Carmel,148,7077,19,2,1
2024-01-01,7,Horta-Guinardó,37,el Carmel,148,7077,14,2,2
2024-01-01,7,Horta-Guinardó,37,el Carmel,148,7077,123,3,1
2024-01-01,7,Horta-Guinardó,37,el Carmel,148,7077,116,3,2
2024-01-01,7,Horta-Guinardó,37,el Carmel,148,7077,..,4,1
2024-01-01,7,Horta-Guinardó,37,el Carmel,148,7078,587,1,1
2024-01-01,7,Horta-Guinardó,37,el Carmel,148,7078,555,1,2
2024-01-01,7,Horta-Guinardó,37,el Carmel,148,7078,32,2,1
2024-01-01,7,Horta-Guinardó,37,el Carmel,148,7078,41,2,2
2024-01-01,7,Horta-Guinardó,37,el Carmel,148,7078,143,3,1
2024-01-01,7,Horta-Guinardó,37,el Carmel,148,7078,134,3,2
2024-01-01,7,Horta-Guinardó,37,el Carmel,148,7078,..,4,1
2024-01-01,7,Horta-Guinardó,37,el Carmel,148,7079,621,1,1
2024-01-01,7,Horta-Guinardó,37,el Carmel,148,7079,534,1,2
2024-01-01,7,Horta-Guinardó,37,el Carmel,148,7079,17,2,1
2024-01-01,7,Horta-Guinardó,37,el Carmel,148,7079,13,2,2
2024-01-01,7,Horta-Guinardó,37,el Carmel,148,7079,174,3,1
2024-01-01,7,Horta-Guinardó,37,el Carmel,148,7079,188,3,2
2024-01-01,7,Horta-Guinardó,37,el Carmel,148,7080,786,1,1
2024-01-01,7,Horta-Guinardó,37,el Carmel,148,7080,696,1,2
2024-01-01,7,Horta-Guinardó,37,el Carmel,148,7080,36,2,1
2024-01-01,7,Horta-Guinardó,37,el Carmel,148,7080,29,2,2
2024-01-01,7,Horta-Guinardó,37,el Carmel,148,7080,130,3,1
2024-01-01,7,Horta-Guinardó,37,el Carmel,148,7080,130,3,2
2024-01-01,7,Horta-Guinardó,38,la Teixonera,149,7081,844,1,1
2024-01-01,7,Horta-Guinardó,38,la Teixonera,149,7081,770,1,2
2024-01-01,7,Horta-Guinardó,38,la Teixonera,149,7081,34,2,1
2024-01-01,7,Horta-Guinardó,38,la Teixonera,149,7081,35,2,2
2024-01-01,7,Horta-Guinardó,38,la Teixonera,149,7081,125,3,1
2024-01-01,7,Horta-Guinardó,38,la Teixonera,149,7081,111,3,2
2024-01-01,7,Horta-Guinardó,38,la Teixonera,149,7082,530,1,1
2024-01-01,7,Horta-Guinardó,38,la Teixonera,149,7082,490,1,2
2024-01-01,7,Horta-Guinardó,38,la Teixonera,149,7082,28,2,1
2024-01-01,7,Horta-Guinardó,38,la Teixonera,149,7082,25,2,2
2024-01-01,7,Horta-Guinardó,38,la Teixonera,149,7082,96,3,1
2024-01-01,7,Horta-Guinardó,38,la Teixonera,149,7082,100,3,2
2024-01-01,7,Horta-Guinardó,38,la Teixonera,149,7083,579,1,1
2024-01-01,7,Horta-Guinardó,38,la Teixonera,149,7083,541,1,2
2024-01-01,7,Horta-Guinardó,38,la Teixonera,149,7083,23,2,1
2024-01-01,7,Horta-Guinardó,38,la Teixonera,149,7083,18,2,2
2024-01-01,7,Horta-Guinardó,38,la Teixonera,149,7083,138,3,1
2024-01-01,7,Horta-Guinardó,38,la Teixonera,149,7083,113,3,2
2024-01-01,7,Horta-Guinardó,38,la Teixonera,149,7084,537,1,1
2024-01-01,7,Horta-Guinardó,38,la Teixonera,149,7084,524,1,2
2024-01-01,7,Horta-Guinardó,38,la Teixonera,149,7084,30,2,1
2024-01-01,7,Horta-Guinardó,38,la Teixonera,149,7084,32,2,2
2024-01-01,7,Horta-Guinardó,38,la Teixonera,149,7084,149,3,1
2024-01-01,7,Horta-Guinardó,38,la Teixonera,149,7084,129,3,2
2024-01-01,7,Horta-Guinardó,38,la Teixonera,149,7085,554,1,1
2024-01-01,7,Horta-Guinardó,38,la Teixonera,149,7085,526,1,2
2024-01-01,7,Horta-Guinardó,38,la Teixonera,149,7085,30,2,1
2024-01-01,7,Horta-Guinardó,38,la Teixonera,149,7085,29,2,2
2024-01-01,7,Horta-Guinardó,38,la Teixonera,149,7085,89,3,1
2024-01-01,7,Horta-Guinardó,38,la Teixonera,149,7085,100,3,2
2024-01-01,7,Horta-Guinardó,38,la Teixonera,149,7086,602,1,1
2024-01-01,7,Horta-Guinardó,38,la Teixonera,149,7086,559,1,2
2024-01-01,7,Horta-Guinardó,38,la Teixonera,149,7086,26,2,1
2024-01-01,7,Horta-Guinardó,38,la Teixonera,149,7086,26,2,2
2024-01-01,7,Horta-Guinardó,38,la Teixonera,149,7086,182,3,1
2024-01-01,7,Horta-Guinardó,38,la Teixonera,149,7086,181,3,2
2024-01-01,7,Horta-Guinardó,38,la Teixonera,149,7087,727,1,1
2024-01-01,7,Horta-Guinardó,38,la Teixonera,149,7087,641,1,2
2024-01-01,7,Horta-Guinardó,38,la Teixonera,149,7087,38,2,1
2024-01-01,7,Horta-Guinardó,38,la Teixonera,149,7087,46,2,2
2024-01-01,7,Horta-Guinardó,38,la Teixonera,149,7087,152,3,1
2024-01-01,7,Horta-Guinardó,38,la Teixonera,149,7087,128,3,2
2024-01-01,7,Horta-Guinardó,38,la Teixonera,149,7087,..,4,1
2024-01-01,7,Horta-Guinardó,38,la Teixonera,149,7088,743,1,1
2024-01-01,7,Horta-Guinardó,38,la Teixonera,149,7088,651,1,2
2024-01-01,7,Horta-Guinardó,38,la Teixonera,149,7088,35,2,1
2024-01-01,7,Horta-Guinardó,38,la Teixonera,149,7088,31,2,2
2024-01-01,7,Horta-Guinardó,38,la Teixonera,149,7088,169,3,1
2024-01-01,7,Horta-Guinardó,38,la Teixonera,149,7088,166,3,2
2024-01-01,7,Horta-Guinardó,39,Sant Genís dels Agudells,150,7089,656,1,1
2024-01-01,7,Horta-Guinardó,39,Sant Genís dels Agudells,150,7089,524,1,2
2024-01-01,7,Horta-Guinardó,39,Sant Genís dels Agudells,150,7089,41,2,1
2024-01-01,7,Horta-Guinardó,39,Sant Genís dels Agudells,150,7089,35,2,2
2024-01-01,7,Horta-Guinardó,39,Sant Genís dels Agudells,150,7089,126,3,1
2024-01-01,7,Horta-Guinardó,39,Sant Genís dels Agudells,150,7089,94,3,2
2024-01-01,7,Horta-Guinardó,39,Sant Genís dels Agudells,150,7090,685,1,1
2024-01-01,7,Horta-Guinardó,39,Sant Genís dels Agudells,150,7090,615,1,2
2024-01-01,7,Horta-Guinardó,39,Sant Genís dels Agudells,150,7090,26,2,1
2024-01-01,7,Horta-Guinardó,39,Sant Genís dels Agudells,150,7090,36,2,2
2024-01-01,7,Horta-Guinardó,39,Sant Genís dels Agudells,150,7090,106,3,1
2024-01-01,7,Horta-Guinardó,39,Sant Genís dels Agudells,150,7090,89,3,2
2024-01-01,7,Horta-Guinardó,39,Sant Genís dels Agudells,150,7091,578,1,1
2024-01-01,7,Horta-Guinardó,39,Sant Genís dels Agudells,150,7091,477,1,2
2024-01-01,7,Horta-Guinardó,39,Sant Genís dels Agudells,150,7091,17,2,1
2024-01-01,7,Horta-Guinardó,39,Sant Genís dels Agudells,150,7091,29,2,2
2024-01-01,7,Horta-Guinardó,39,Sant Genís dels Agudells,150,7091,147,3,1
2024-01-01,7,Horta-Guinardó,39,Sant Genís dels Agudells,150,7091,90,3,2
2024-01-01,7,Horta-Guinardó,39,Sant Genís dels Agudells,150,7092,614,1,1
2024-01-01,7,Horta-Guinardó,39,Sant Genís dels Agudells,150,7092,467,1,2
2024-01-01,7,Horta-Guinardó,39,Sant Genís dels Agudells,150,7092,18,2,1
2024-01-01,7,Horta-Guinardó,39,Sant Genís dels Agudells,150,7092,19,2,2
2024-01-01,7,Horta-Guinardó,39,Sant Genís dels Agudells,150,7092,223,3,1
2024-01-01,7,Horta-Guinardó,39,Sant Genís dels Agudells,150,7092,219,3,2
2024-01-01,7,Horta-Guinardó,39,Sant Genís dels Agudells,150,7093,720,1,1
2024-01-01,7,Horta-Guinardó,39,Sant Genís dels Agudells,150,7093,654,1,2
2024-01-01,7,Horta-Guinardó,39,Sant Genís dels Agudells,150,7093,23,2,1
2024-01-01,7,Horta-Guinardó,39,Sant Genís dels Agudells,150,7093,31,2,2
2024-01-01,7,Horta-Guinardó,39,Sant Genís dels Agudells,150,7093,158,3,1
2024-01-01,7,Horta-Guinardó,39,Sant Genís dels Agudells,150,7093,249,3,2
2024-01-01,7,Horta-Guinardó,40,Montbau,151,7094,572,1,1
2024-01-01,7,Horta-Guinardó,40,Montbau,151,7094,471,1,2
2024-01-01,7,Horta-Guinardó,40,Montbau,151,7094,28,2,1
2024-01-01,7,Horta-Guinardó,40,Montbau,151,7094,18,2,2
2024-01-01,7,Horta-Guinardó,40,Montbau,151,7094,115,3,1
2024-01-01,7,Horta-Guinardó,40,Montbau,151,7094,75,3,2
2024-01-01,7,Horta-Guinardó,40,Montbau,151,7095,648,1,1
2024-01-01,7,Horta-Guinardó,40,Montbau,151,7095,601,1,2
2024-01-01,7,Horta-Guinardó,40,Montbau,151,7095,32,2,1
2024-01-01,7,Horta-Guinardó,40,Montbau,151,7095,39,2,2
2024-01-01,7,Horta-Guinardó,40,Montbau,151,7095,149,3,1
2024-01-01,7,Horta-Guinardó,40,Montbau,151,7095,136,3,2
2024-01-01,7,Horta-Guinardó,40,Montbau,151,7096,644,1,1
2024-01-01,7,Horta-Guinardó,40,Montbau,151,7096,532,1,2
2024-01-01,7,Horta-Guinardó,40,Montbau,151,7096,20,2,1
2024-01-01,7,Horta-Guinardó,40,Montbau,151,7096,33,2,2
2024-01-01,7,Horta-Guinardó,40,Montbau,151,7096,147,3,1
2024-01-01,7,Horta-Guinardó,40,Montbau,151,7096,134,3,2
2024-01-01,7,Horta-Guinardó,40,Montbau,151,7097,448,1,1
2024-01-01,7,Horta-Guinardó,40,Montbau,151,7097,310,1,2
2024-01-01,7,Horta-Guinardó,40,Montbau,151,7097,12,2,1
2024-01-01,7,Horta-Guinardó,40,Montbau,151,7097,14,2,2
2024-01-01,7,Horta-Guinardó,40,Montbau,151,7097,58,3,1
2024-01-01,7,Horta-Guinardó,40,Montbau,151,7097,50,3,2
2024-01-01,7,Horta-Guinardó,41,la Vall d'Hebron,152,7098,1044,1,1
2024-01-01,7,Horta-Guinardó,41,la Vall d'Hebron,152,7098,922,1,2
2024-01-01,7,Horta-Guinardó,41,la Vall d'Hebron,152,7098,23,2,1
2024-01-01,7,Horta-Guinardó,41,la Vall d'Hebron,152,7098,23,2,2
2024-01-01,7,Horta-Guinardó,41,la Vall d'Hebron,152,7098,78,3,1
2024-01-01,7,Horta-Guinardó,41,la Vall d'Hebron,152,7098,72,3,2
2024-01-01,7,Horta-Guinardó,41,la Vall d'Hebron,152,7099,489,1,1
2024-01-01,7,Horta-Guinardó,41,la Vall d'Hebron,152,7099,451,1,2
2024-01-01,7,Horta-Guinardó,41,la Vall d'Hebron,152,7099,12,2,1
2024-01-01,7,Horta-Guinardó,41,la Vall d'Hebron,152,7099,11,2,2
2024-01-01,7,Horta-Guinardó,41,la Vall d'Hebron,152,7099,36,3,1
2024-01-01,7,Horta-Guinardó,41,la Vall d'Hebron,152,7099,31,3,2
2024-01-01,7,Horta-Guinardó,41,la Vall d'Hebron,152,7100,540,1,1
2024-01-01,7,Horta-Guinardó,41,la Vall d'Hebron,152,7100,469,1,2
2024-01-01,7,Horta-Guinardó,41,la Vall d'Hebron,152,7100,24,2,1
2024-01-01,7,Horta-Guinardó,41,la Vall d'Hebron,152,7100,13,2,2
2024-01-01,7,Horta-Guinardó,41,la Vall d'Hebron,152,7100,80,3,1
2024-01-01,7,Horta-Guinardó,41,la Vall d'Hebron,152,7100,72,3,2
2024-01-01,7,Horta-Guinardó,41,la Vall d'Hebron,152,7101,704,1,1
2024-01-01,7,Horta-Guinardó,41,la Vall d'Hebron,152,7101,565,1,2
2024-01-01,7,Horta-Guinardó,41,la Vall d'Hebron,152,7101,23,2,1
2024-01-01,7,Horta-Guinardó,41,la Vall d'Hebron,152,7101,35,2,2
2024-01-01,7,Horta-Guinardó,41,la Vall d'Hebron,152,7101,95,3,1
2024-01-01,7,Horta-Guinardó,41,la Vall d'Hebron,152,7101,77,3,2
2024-01-01,7,Horta-Guinardó,42,la Clota,153,7102,368,1,1
2024-01-01,7,Horta-Guinardó,42,la Clota,153,7102,362,1,2
2024-01-01,7,Horta-Guinardó,42,la Clota,153,7102,10,2,1
2024-01-01,7,Horta-Guinardó,42,la Clota,153,7102,6,2,2
2024-01-01,7,Horta-Guinardó,42,la Clota,153,7102,33,3,1
2024-01-01,7,Horta-Guinardó,42,la Clota,153,7102,62,3,2
2024-01-01,7,Horta-Guinardó,43,Horta,154,7103,610,1,1
2024-01-01,7,Horta-Guinardó,43,Horta,154,7103,560,1,2
2024-01-01,7,Horta-Guinardó,43,Horta,154,7103,27,2,1
2024-01-01,7,Horta-Guinardó,43,Horta,154,7103,24,2,2
2024-01-01,7,Horta-Guinardó,43,Horta,154,7103,222,3,1
2024-01-01,7,Horta-Guinardó,43,Horta,154,7103,179,3,2
2024-01-01,7,Horta-Guinardó,43,Horta,154,7103,..,4,1
2024-01-01,7,Horta-Guinardó,43,Horta,154,7104,719,1,1
2024-01-01,7,Horta-Guinardó,43,Horta,154,7104,646,1,2
2024-01-01,7,Horta-Guinardó,43,Horta,154,7104,26,2,1
2024-01-01,7,Horta-Guinardó,43,Horta,154,7104,17,2,2
2024-01-01,7,Horta-Guinardó,43,Horta,154,7104,96,3,1
2024-01-01,7,Horta-Guinardó,43,Horta,154,7104,91,3,2
2024-01-01,7,Horta-Guinardó,43,Horta,154,7105,500,1,1
2024-01-01,7,Horta-Guinardó,43,Horta,154,7105,448,1,2
2024-01-01,7,Horta-Guinardó,43,Horta,154,7105,11,2,1
2024-01-01,7,Horta-Guinardó,43,Horta,154,7105,11,2,2
2024-01-01,7,Horta-Guinardó,43,Horta,154,7105,39,3,1
2024-01-01,7,Horta-Guinardó,43,Horta,154,7105,26,3,2
2024-01-01,7,Horta-Guinardó,43,Horta,154,7106,585,1,1
2024-01-01,7,Horta-Guinardó,43,Horta,154,7106,494,1,2
2024-01-01,7,Horta-Guinardó,43,Horta,154,7106,11,2,1
2024-01-01,7,Horta-Guinardó,43,Horta,154,7106,7,2,2
2024-01-01,7,Horta-Guinardó,43,Horta,154,7106,57,3,1
2024-01-01,7,Horta-Guinardó,43,Horta,154,7106,47,3,2
2024-01-01,7,Horta-Guinardó,43,Horta,154,7107,562,1,1
2024-01-01,7,Horta-Guinardó,43,Horta,154,7107,514,1,2
2024-01-01,7,Horta-Guinardó,43,Horta,154,7107,16,2,1
2024-01-01,7,Horta-Guinardó,43,Horta,154,7107,9,2,2
2024-01-01,7,Horta-Guinardó,43,Horta,154,7107,44,3,1
2024-01-01,7,Horta-Guinardó,43,Horta,154,7107,36,3,2
2024-01-01,7,Horta-Guinardó,43,Horta,154,7108,587,1,1
2024-01-01,7,Horta-Guinardó,43,Horta,154,7108,522,1,2
2024-01-01,7,Horta-Guinardó,43,Horta,154,7108,25,2,1
2024-01-01,7,Horta-Guinardó,43,Horta,154,7108,14,2,2
2024-01-01,7,Horta-Guinardó,43,Horta,154,7108,52,3,1
2024-01-01,7,Horta-Guinardó,43,Horta,154,7108,41,3,2
2024-01-01,7,Horta-Guinardó,43,Horta,154,7109,741,1,1
2024-01-01,7,Horta-Guinardó,43,Horta,154,7109,648,1,2
2024-01-01,7,Horta-Guinardó,43,Horta,154,7109,32,2,1
2024-01-01,7,Horta-Guinardó,43,Horta,154,7109,26,2,2
2024-01-01,7,Horta-Guinardó,43,Horta,154,7109,133,3,1
2024-01-01,7,Horta-Guinardó,43,Horta,154,7109,113,3,2
2024-01-01,7,Horta-Guinardó,43,Horta,154,7110,520,1,1
2024-01-01,7,Horta-Guinardó,43,Horta,154,7110,405,1,2
2024-01-01,7,Horta-Guinardó,43,Horta,154,7110,11,2,1
2024-01-01,7,Horta-Guinardó,43,Horta,154,7110,10,2,2
2024-01-01,7,Horta-Guinardó,43,Horta,154,7110,53,3,1
2024-01-01,7,Horta-Guinardó,43,Horta,154,7110,25,3,2
2024-01-01,7,Horta-Guinardó,43,Horta,154,7111,472,1,1
2024-01-01,7,Horta-Guinardó,43,Horta,154,7111,362,1,2
2024-01-01,7,Horta-Guinardó,43,Horta,154,7111,10,2,1
2024-01-01,7,Horta-Guinardó,43,Horta,154,7111,6,2,2
2024-01-01,7,Horta-Guinardó,43,Horta,154,7111,33,3,1
2024-01-01,7,Horta-Guinardó,43,Horta,154,7111,28,3,2
2024-01-01,7,Horta-Guinardó,43,Horta,155,7112,632,1,1
2024-01-01,7,Horta-Guinardó,43,Horta,155,7112,547,1,2
2024-01-01,7,Horta-Guinardó,43,Horta,155,7112,16,2,1
2024-01-01,7,Horta-Guinardó,43,Horta,155,7112,28,2,2
2024-01-01,7,Horta-Guinardó,43,Horta,155,7112,73,3,1
2024-01-01,7,Horta-Guinardó,43,Horta,155,7112,78,3,2
2024-01-01,7,Horta-Guinardó,43,Horta,155,7113,561,1,1
2024-01-01,7,Horta-Guinardó,43,Horta,155,7113,492,1,2
2024-01-01,7,Horta-Guinardó,43,Horta,155,7113,7,2,1
2024-01-01,7,Horta-Guinardó,43,Horta,155,7113,10,2,2
2024-01-01,7,Horta-Guinardó,43,Horta,155,7113,79,3,1
2024-01-01,7,Horta-Guinardó,43,Horta,155,7113,93,3,2
2024-01-01,7,Horta-Guinardó,43,Horta,155,7114,605,1,1
2024-01-01,7,Horta-Guinardó,43,Horta,155,7114,500,1,2
2024-01-01,7,Horta-Guinardó,43,Horta,155,7114,19,2,1
2024-01-01,7,Horta-Guinardó,43,Horta,155,7114,17,2,2
2024-01-01,7,Horta-Guinardó,43,Horta,155,7114,50,3,1
2024-01-01,7,Horta-Guinardó,43,Horta,155,7114,69,3,2
2024-01-01,7,Horta-Guinardó,43,Horta,155,7115,539,1,1
2024-01-01,7,Horta-Guinardó,43,Horta,155,7115,463,1,2
2024-01-01,7,Horta-Guinardó,43,Horta,155,7115,15,2,1
2024-01-01,7,Horta-Guinardó,43,Horta,155,7115,15,2,2
2024-01-01,7,Horta-Guinardó,43,Horta,155,7115,32,3,1
2024-01-01,7,Horta-Guinardó,43,Horta,155,7115,23,3,2
2024-01-01,7,Horta-Guinardó,43,Horta,155,7116,760,1,1
2024-01-01,7,Horta-Guinardó,43,Horta,155,7116,630,1,2
2024-01-01,7,Horta-Guinardó,43,Horta,155,7116,25,2,1
2024-01-01,7,Horta-Guinardó,43,Horta,155,7116,13,2,2
2024-01-01,7,Horta-Guinardó,43,Horta,155,7116,66,3,1
2024-01-01,7,Horta-Guinardó,43,Horta,155,7116,48,3,2
2024-01-01,7,Horta-Guinardó,43,Horta,155,7117,809,1,1
2024-01-01,7,Horta-Guinardó,43,Horta,155,7117,756,1,2
2024-01-01,7,Horta-Guinardó,43,Horta,155,7117,58,2,1
2024-01-01,7,Horta-Guinardó,43,Horta,155,7117,77,2,2
2024-01-01,7,Horta-Guinardó,43,Horta,155,7117,1573,3,1
2024-01-01,7,Horta-Guinardó,43,Horta,155,7117,1928,3,2
2024-01-01,7,Horta-Guinardó,43,Horta,155,7117,..,4,1
2024-01-01,7,Horta-Guinardó,43,Horta,155,7118,601,1,1
2024-01-01,7,Horta-Guinardó,43,Horta,155,7118,495,1,2
2024-01-01,7,Horta-Guinardó,43,Horta,155,7118,18,2,1
2024-01-01,7,Horta-Guinardó,43,Horta,155,7118,21,2,2
2024-01-01,7,Horta-Guinardó,43,Horta,155,7118,78,3,1
2024-01-01,7,Horta-Guinardó,43,Horta,155,7118,80,3,2
2024-01-01,7,Horta-Guinardó,43,Horta,156,7119,601,1,1
2024-01-01,7,Horta-Guinardó,43,Horta,156,7119,479,1,2
2024-01-01,7,Horta-Guinardó,43,Horta,156,7119,13,2,1
2024-01-01,7,Horta-Guinardó,43,Horta,156,7119,19,2,2
2024-01-01,7,Horta-Guinardó,43,Horta,156,7119,125,3,1
2024-01-01,7,Horta-Guinardó,43,Horta,156,7119,140,3,2
2024-01-01,7,Horta-Guinardó,43,Horta,156,7120,568,1,1
2024-01-01,7,Horta-Guinardó,43,Horta,156,7120,468,1,2
2024-01-01,7,Horta-Guinardó,43,Horta,156,7120,16,2,1
2024-01-01,7,Horta-Guinardó,43,Horta,156,7120,14,2,2
2024-01-01,7,Horta-Guinardó,43,Horta,156,7120,110,3,1
2024-01-01,7,Horta-Guinardó,43,Horta,156,7120,72,3,2
2024-01-01,7,Horta-Guinardó,43,Horta,156,7121,526,1,1
2024-01-01,7,Horta-Guinardó,43,Horta,156,7121,407,1,2
2024-01-01,7,Horta-Guinardó,43,Horta,156,7121,11,2,1
2024-01-01,7,Horta-Guinardó,43,Horta,156,7121,14,2,2
2024-01-01,7,Horta-Guinardó,43,Horta,156,7121,144,3,1
2024-01-01,7,Horta-Guinardó,43,Horta,156,7121,127,3,2
2024-01-01,7,Horta-Guinardó,43,Horta,156,7122,626,1,1
2024-01-01,7,Horta-Guinardó,43,Horta,156,7122,510,1,2
2024-01-01,7,Horta-Guinardó,43,Horta,156,7122,22,2,1
2024-01-01,7,Horta-Guinardó,43,Horta,156,7122,11,2,2
2024-01-01,7,Horta-Guinardó,43,Horta,156,7122,76,3,1
2024-01-01,7,Horta-Guinardó,43,Horta,156,7122,81,3,2
2024-01-01,7,Horta-Guinardó,43,Horta,156,7123,658,1,1
2024-01-01,7,Horta-Guinardó,43,Horta,156,7123,576,1,2
2024-01-01,7,Horta-Guinardó,43,Horta,156,7123,17,2,1
2024-01-01,7,Horta-Guinardó,43,Horta,156,7123,18,2,2
2024-01-01,7,Horta-Guinardó,43,Horta,156,7123,64,3,1
2024-01-01,7,Horta-Guinardó,43,Horta,156,7123,74,3,2
2024-01-01,8,Nou Barris,44,Vilapicina i la Torre Llobeta,157,8001,600,1,1
2024-01-01,8,Nou Barris,44,Vilapicina i la Torre Llobeta,157,8001,500,1,2
2024-01-01,8,Nou Barris,44,Vilapicina i la Torre Llobeta,157,8001,12,2,1
2024-01-01,8,Nou Barris,44,Vilapicina i la Torre Llobeta,157,8001,7,2,2
2024-01-01,8,Nou Barris,44,Vilapicina i la Torre Llobeta,157,8001,65,3,1
2024-01-01,8,Nou Barris,44,Vilapicina i la Torre Llobeta,157,8001,74,3,2
2024-01-01,8,Nou Barris,44,Vilapicina i la Torre Llobeta,157,8001,..,4,2
2024-01-01,8,Nou Barris,44,Vilapicina i la Torre Llobeta,157,8002,610,1,1
2024-01-01,8,Nou Barris,44,Vilapicina i la Torre Llobeta,157,8002,508,1,2
2024-01-01,8,Nou Barris,44,Vilapicina i la Torre Llobeta,157,8002,19,2,1
2024-01-01,8,Nou Barris,44,Vilapicina i la Torre Llobeta,157,8002,16,2,2
2024-01-01,8,Nou Barris,44,Vilapicina i la Torre Llobeta,157,8002,68,3,1
2024-01-01,8,Nou Barris,44,Vilapicina i la Torre Llobeta,157,8002,76,3,2
2024-01-01,8,Nou Barris,44,Vilapicina i la Torre Llobeta,157,8002,..,4,2
2024-01-01,8,Nou Barris,44,Vilapicina i la Torre Llobeta,157,8003,573,1,1
2024-01-01,8,Nou Barris,44,Vilapicina i la Torre Llobeta,157,8003,487,1,2
2024-01-01,8,Nou Barris,44,Vilapicina i la Torre Llobeta,157,8003,14,2,1
2024-01-01,8,Nou Barris,44,Vilapicina i la Torre Llobeta,157,8003,14,2,2
2024-01-01,8,Nou Barris,44,Vilapicina i la Torre Llobeta,157,8003,89,3,1
2024-01-01,8,Nou Barris,44,Vilapicina i la Torre Llobeta,157,8003,85,3,2
2024-01-01,8,Nou Barris,44,Vilapicina i la Torre Llobeta,157,8004,665,1,1
2024-01-01,8,Nou Barris,44,Vilapicina i la Torre Llobeta,157,8004,485,1,2
2024-01-01,8,Nou Barris,44,Vilapicina i la Torre Llobeta,157,8004,14,2,1
2024-01-01,8,Nou Barris,44,Vilapicina i la Torre Llobeta,157,8004,16,2,2
2024-01-01,8,Nou Barris,44,Vilapicina i la Torre Llobeta,157,8004,147,3,1
2024-01-01,8,Nou Barris,44,Vilapicina i la Torre Llobeta,157,8004,142,3,2
2024-01-01,8,Nou Barris,44,Vilapicina i la Torre Llobeta,157,8004,..,4,2
2024-01-01,8,Nou Barris,44,Vilapicina i la Torre Llobeta,157,8005,523,1,1
2024-01-01,8,Nou Barris,44,Vilapicina i la Torre Llobeta,157,8005,471,1,2
2024-01-01,8,Nou Barris,44,Vilapicina i la Torre Llobeta,157,8005,11,2,1
2024-01-01,8,Nou Barris,44,Vilapicina i la Torre Llobeta,157,8005,10,2,2
2024-01-01,8,Nou Barris,44,Vilapicina i la Torre Llobeta,157,8005,88,3,1
2024-01-01,8,Nou Barris,44,Vilapicina i la Torre Llobeta,157,8005,70,3,2
2024-01-01,8,Nou Barris,44,Vilapicina i la Torre Llobeta,157,8006,717,1,1
2024-01-01,8,Nou Barris,44,Vilapicina i la Torre Llobeta,157,8006,609,1,2
2024-01-01,8,Nou Barris,44,Vilapicina i la Torre Llobeta,157,8006,31,2,1
2024-01-01,8,Nou Barris,44,Vilapicina i la Torre Llobeta,157,8006,20,2,2
2024-01-01,8,Nou Barris,44,Vilapicina i la Torre Llobeta,157,8006,161,3,1
2024-01-01,8,Nou Barris,44,Vilapicina i la Torre Llobeta,157,8006,147,3,2
2024-01-01,8,Nou Barris,44,Vilapicina i la Torre Llobeta,157,8007,562,1,1
2024-01-01,8,Nou Barris,44,Vilapicina i la Torre Llobeta,157,8007,480,1,2
2024-01-01,8,Nou Barris,44,Vilapicina i la Torre Llobeta,157,8007,11,2,1
2024-01-01,8,Nou Barris,44,Vilapicina i la Torre Llobeta,157,8007,17,2,2
2024-01-01,8,Nou Barris,44,Vilapicina i la Torre Llobeta,157,8007,52,3,1
2024-01-01,8,Nou Barris,44,Vilapicina i la Torre Llobeta,157,8007,50,3,2
2024-01-01,8,Nou Barris,44,Vilapicina i la Torre Llobeta,157,8008,705,1,1
2024-01-01,8,Nou Barris,44,Vilapicina i la Torre Llobeta,157,8008,619,1,2
2024-01-01,8,Nou Barris,44,Vilapicina i la Torre Llobeta,157,8008,22,2,1
2024-01-01,8,Nou Barris,44,Vilapicina i la Torre Llobeta,157,8008,24,2,2
2024-01-01,8,Nou Barris,44,Vilapicina i la Torre Llobeta,157,8008,116,3,1
2024-01-01,8,Nou Barris,44,Vilapicina i la Torre Llobeta,157,8008,119,3,2
2024-01-01,8,Nou Barris,44,Vilapicina i la Torre Llobeta,158,8009,767,1,1
2024-01-01,8,Nou Barris,44,Vilapicina i la Torre Llobeta,158,8009,651,1,2
2024-01-01,8,Nou Barris,44,Vilapicina i la Torre Llobeta,158,8009,38,2,1
2024-01-01,8,Nou Barris,44,Vilapicina i la Torre Llobeta,158,8009,32,2,2
2024-01-01,8,Nou Barris,44,Vilapicina i la Torre Llobeta,158,8009,151,3,1
2024-01-01,8,Nou Barris,44,Vilapicina i la Torre Llobeta,158,8009,160,3,2
2024-01-01,8,Nou Barris,44,Vilapicina i la Torre Llobeta,159,8010,525,1,1
2024-01-01,8,Nou Barris,44,Vilapicina i la Torre Llobeta,159,8010,457,1,2
2024-01-01,8,Nou Barris,44,Vilapicina i la Torre Llobeta,159,8010,15,2,1
2024-01-01,8,Nou Barris,44,Vilapicina i la Torre Llobeta,159,8010,16,2,2
2024-01-01,8,Nou Barris,44,Vilapicina i la Torre Llobeta,159,8010,72,3,1
2024-01-01,8,Nou Barris,44,Vilapicina i la Torre Llobeta,159,8010,67,3,2
2024-01-01,8,Nou Barris,44,Vilapicina i la Torre Llobeta,159,8011,571,1,1
2024-01-01,8,Nou Barris,44,Vilapicina i la Torre Llobeta,159,8011,474,1,2
2024-01-01,8,Nou Barris,44,Vilapicina i la Torre Llobeta,159,8011,13,2,1
2024-01-01,8,Nou Barris,44,Vilapicina i la Torre Llobeta,159,8011,18,2,2
2024-01-01,8,Nou Barris,44,Vilapicina i la Torre Llobeta,159,8011,53,3,1
2024-01-01,8,Nou Barris,44,Vilapicina i la Torre Llobeta,159,8011,54,3,2
2024-01-01,8,Nou Barris,44,Vilapicina i la Torre Llobeta,159,8012,578,1,1
2024-01-01,8,Nou Barris,44,Vilapicina i la Torre Llobeta,159,8012,460,1,2
2024-01-01,8,Nou Barris,44,Vilapicina i la Torre Llobeta,159,8012,25,2,1
2024-01-01,8,Nou Barris,44,Vilapicina i la Torre Llobeta,159,8012,24,2,2
2024-01-01,8,Nou Barris,44,Vilapicina i la Torre Llobeta,159,8012,78,3,1
2024-01-01,8,Nou Barris,44,Vilapicina i la Torre Llobeta,159,8012,80,3,2
2024-01-01,8,Nou Barris,44,Vilapicina i la Torre Llobeta,159,8013,558,1,1
2024-01-01,8,Nou Barris,44,Vilapicina i la Torre Llobeta,159,8013,443,1,2
2024-01-01,8,Nou Barris,44,Vilapicina i la Torre Llobeta,159,8013,21,2,1
2024-01-01,8,Nou Barris,44,Vilapicina i la Torre Llobeta,159,8013,13,2,2
2024-01-01,8,Nou Barris,44,Vilapicina i la Torre Llobeta,159,8013,100,3,1
2024-01-01,8,Nou Barris,44,Vilapicina i la Torre Llobeta,159,8013,86,3,2
2024-01-01,8,Nou Barris,44,Vilapicina i la Torre Llobeta,159,8014,561,1,1
2024-01-01,8,Nou Barris,44,Vilapicina i la Torre Llobeta,159,8014,480,1,2
2024-01-01,8,Nou Barris,44,Vilapicina i la Torre Llobeta,159,8014,25,2,1
2024-01-01,8,Nou Barris,44,Vilapicina i la Torre Llobeta,159,8014,21,2,2
2024-01-01,8,Nou Barris,44,Vilapicina i la Torre Llobeta,159,8014,128,3,1
2024-01-01,8,Nou Barris,44,Vilapicina i la Torre Llobeta,159,8014,101,3,2
2024-01-01,8,Nou Barris,44,Vilapicina i la Torre Llobeta,160,8015,645,1,1
2024-01-01,8,Nou Barris,44,Vilapicina i la Torre Llobeta,160,8015,492,1,2
2024-01-01,8,Nou Barris,44,Vilapicina i la Torre Llobeta,160,8015,17,2,1
2024-01-01,8,Nou Barris,44,Vilapicina i la Torre Llobeta,160,8015,19,2,2
2024-01-01,8,Nou Barris,44,Vilapicina i la Torre Llobeta,160,8015,188,3,1
2024-01-01,8,Nou Barris,44,Vilapicina i la Torre Llobeta,160,8015,147,3,2
2024-01-01,8,Nou Barris,44,Vilapicina i la Torre Llobeta,160,8016,543,1,1
2024-01-01,8,Nou Barris,44,Vilapicina i la Torre Llobeta,160,8016,419,1,2
2024-01-01,8,Nou Barris,44,Vilapicina i la Torre Llobeta,160,8016,19,2,1
2024-01-01,8,Nou Barris,44,Vilapicina i la Torre Llobeta,160,8016,23,2,2
2024-01-01,8,Nou Barris,44,Vilapicina i la Torre Llobeta,160,8016,108,3,1
2024-01-01,8,Nou Barris,44,Vilapicina i la Torre Llobeta,160,8016,84,3,2
2024-01-01,8,Nou Barris,44,Vilapicina i la Torre Llobeta,160,8017,618,1,1
2024-01-01,8,Nou Barris,44,Vilapicina i la Torre Llobeta,160,8017,524,1,2
2024-01-01,8,Nou Barris,44,Vilapicina i la Torre Llobeta,160,8017,17,2,1
2024-01-01,8,Nou Barris,44,Vilapicina i la Torre Llobeta,160,8017,19,2,2
2024-01-01,8,Nou Barris,44,Vilapicina i la Torre Llobeta,160,8017,91,3,1
2024-01-01,8,Nou Barris,44,Vilapicina i la Torre Llobeta,160,8017,103,3,2
2024-01-01,8,Nou Barris,44,Vilapicina i la Torre Llobeta,160,8018,692,1,1
2024-01-01,8,Nou Barris,44,Vilapicina i la Torre Llobeta,160,8018,551,1,2
2024-01-01,8,Nou Barris,44,Vilapicina i la Torre Llobeta,160,8018,10,2,1
2024-01-01,8,Nou Barris,44,Vilapicina i la Torre Llobeta,160,8018,17,2,2
2024-01-01,8,Nou Barris,44,Vilapicina i la Torre Llobeta,160,8018,117,3,1
2024-01-01,8,Nou Barris,44,Vilapicina i la Torre Llobeta,160,8018,118,3,2
2024-01-01,8,Nou Barris,44,Vilapicina i la Torre Llobeta,160,8019,762,1,1
2024-01-01,8,Nou Barris,44,Vilapicina i la Torre Llobeta,160,8019,614,1,2
2024-01-01,8,Nou Barris,44,Vilapicina i la Torre Llobeta,160,8019,38,2,1
2024-01-01,8,Nou Barris,44,Vilapicina i la Torre Llobeta,160,8019,36,2,2
2024-01-01,8,Nou Barris,44,Vilapicina i la Torre Llobeta,160,8019,203,3,1
2024-01-01,8,Nou Barris,44,Vilapicina i la Torre Llobeta,160,8019,219,3,2
2024-01-01,8,Nou Barris,45,Porta,161,8020,599,1,1
2024-01-01,8,Nou Barris,45,Porta,161,8020,536,1,2
2024-01-01,8,Nou Barris,45,Porta,161,8020,15,2,1
2024-01-01,8,Nou Barris,45,Porta,161,8020,14,2,2
2024-01-01,8,Nou Barris,45,Porta,161,8020,133,3,1
2024-01-01,8,Nou Barris,45,Porta,161,8020,131,3,2
2024-01-01,8,Nou Barris,45,Porta,161,8021,663,1,1
2024-01-01,8,Nou Barris,45,Porta,161,8021,548,1,2
2024-01-01,8,Nou Barris,45,Porta,161,8021,16,2,1
2024-01-01,8,Nou Barris,45,Porta,161,8021,22,2,2
2024-01-01,8,Nou Barris,45,Porta,161,8021,102,3,1
2024-01-01,8,Nou Barris,45,Porta,161,8021,100,3,2
2024-01-01,8,Nou Barris,45,Porta,161,8022,550,1,1
2024-01-01,8,Nou Barris,45,Porta,161,8022,460,1,2
2024-01-01,8,Nou Barris,45,Porta,161,8022,9,2,1
2024-01-01,8,Nou Barris,45,Porta,161,8022,15,2,2
2024-01-01,8,Nou Barris,45,Porta,161,8022,100,3,1
2024-01-01,8,Nou Barris,45,Porta,161,8022,91,3,2
2024-01-01,8,Nou Barris,45,Porta,161,8023,606,1,1
2024-01-01,8,Nou Barris,45,Porta,161,8023,524,1,2
2024-01-01,8,Nou Barris,45,Porta,161,8023,13,2,1
2024-01-01,8,Nou Barris,45,Porta,161,8023,20,2,2
2024-01-01,8,Nou Barris,45,Porta,161,8023,145,3,1
2024-01-01,8,Nou Barris,45,Porta,161,8023,142,3,2
2024-01-01,8,Nou Barris,45,Porta,161,8024,630,1,1
2024-01-01,8,Nou Barris,45,Porta,161,8024,526,1,2
2024-01-01,8,Nou Barris,45,Porta,161,8024,22,2,1
2024-01-01,8,Nou Barris,45,Porta,161,8024,19,2,2
2024-01-01,8,Nou Barris,45,Porta,161,8024,115,3,1
2024-01-01,8,Nou Barris,45,Porta,161,8024,101,3,2
2024-01-01,8,Nou Barris,45,Porta,161,8024,..,4,2
2024-01-01,8,Nou Barris,45,Porta,161,8025,561,1,1
2024-01-01,8,Nou Barris,45,Porta,161,8025,426,1,2
2024-01-01,8,Nou Barris,45,Porta,161,8025,15,2,1
2024-01-01,8,Nou Barris,45,Porta,161,8025,17,2,2
2024-01-01,8,Nou Barris,45,Porta,161,8025,156,3,1
2024-01-01,8,Nou Barris,45,Porta,161,8025,130,3,2
2024-01-01,8,Nou Barris,45,Porta,161,8026,636,1,1
2024-01-01,8,Nou Barris,45,Porta,161,8026,520,1,2
2024-01-01,8,Nou Barris,45,Porta,161,8026,22,2,1
2024-01-01,8,Nou Barris,45,Porta,161,8026,22,2,2
2024-01-01,8,Nou Barris,45,Porta,161,8026,108,3,1
2024-01-01,8,Nou Barris,45,Porta,161,8026,102,3,2
2024-01-01,8,Nou Barris,45,Porta,162,8027,642,1,1
2024-01-01,8,Nou Barris,45,Porta,162,8027,642,1,2
2024-01-01,8,Nou Barris,45,Porta,162,8027,20,2,1
2024-01-01,8,Nou Barris,45,Porta,162,8027,21,2,2
2024-01-01,8,Nou Barris,45,Porta,162,8027,74,3,1
2024-01-01,8,Nou Barris,45,Porta,162,8027,54,3,2
2024-01-01,8,Nou Barris,45,Porta,162,8027,..,4,1
2024-01-01,8,Nou Barris,45,Porta,162,8028,519,1,1
2024-01-01,8,Nou Barris,45,Porta,162,8028,421,1,2
2024-01-01,8,Nou Barris,45,Porta,162,8028,12,2,1
2024-01-01,8,Nou Barris,45,Porta,162,8028,11,2,2
2024-01-01,8,Nou Barris,45,Porta,162,8028,60,3,1
2024-01-01,8,Nou Barris,45,Porta,162,8028,48,3,2
2024-01-01,8,Nou Barris,45,Porta,162,8029,724,1,1
2024-01-01,8,Nou Barris,45,Porta,162,8029,607,1,2
2024-01-01,8,Nou Barris,45,Porta,162,8029,21,2,1
2024-01-01,8,Nou Barris,45,Porta,162,8029,23,2,2
2024-01-01,8,Nou Barris,45,Porta,162,8029,88,3,1
2024-01-01,8,Nou Barris,45,Porta,162,8029,92,3,2
2024-01-01,8,Nou Barris,45,Porta,162,8029,..,4,2
2024-01-01,8,Nou Barris,45,Porta,162,8030,662,1,1
2024-01-01,8,Nou Barris,45,Porta,162,8030,558,1,2
2024-01-01,8,Nou Barris,45,Porta,162,8030,20,2,1
2024-01-01,8,Nou Barris,45,Porta,162,8030,23,2,2
2024-01-01,8,Nou Barris,45,Porta,162,8030,93,3,1
2024-01-01,8,Nou Barris,45,Porta,162,8030,105,3,2
2024-01-01,8,Nou Barris,45,Porta,163,8031,590,1,1
2024-01-01,8,Nou Barris,45,Porta,163,8031,511,1,2
2024-01-01,8,Nou Barris,45,Porta,163,8031,12,2,1
2024-01-01,8,Nou Barris,45,Porta,163,8031,10,2,2
2024-01-01,8,Nou Barris,45,Porta,163,8031,84,3,1
2024-01-01,8,Nou Barris,45,Porta,163,8031,85,3,2
2024-01-01,8,Nou Barris,45,Porta,163,8032,578,1,1
2024-01-01,8,Nou Barris,45,Porta,163,8032,498,1,2
2024-01-01,8,Nou Barris,45,Porta,163,8032,14,2,1
2024-01-01,8,Nou Barris,45,Porta,163,8032,7,2,2
2024-01-01,8,Nou Barris,45,Porta,163,8032,84,3,1
2024-01-01,8,Nou Barris,45,Porta,163,8032,82,3,2
2024-01-01,8,Nou Barris,45,Porta,163,8033,622,1,1
2024-01-01,8,Nou Barris,45,Porta,163,8033,549,1,2
2024-01-01,8,Nou Barris,45,Porta,163,8033,18,2,1
2024-01-01,8,Nou Barris,45,Porta,163,8033,17,2,2
2024-01-01,8,Nou Barris,45,Porta,163,8033,154,3,1
2024-01-01,8,Nou Barris,45,Porta,163,8033,155,3,2
2024-01-01,8,Nou Barris,45,Porta,163,8034,525,1,1
2024-01-01,8,Nou Barris,45,Porta,163,8034,398,1,2
2024-01-01,8,Nou Barris,45,Porta,163,8034,12,2,1
2024-01-01,8,Nou Barris,45,Porta,163,8034,11,2,2
2024-01-01,8,Nou Barris,45,Porta,163,8034,176,3,1
2024-01-01,8,Nou Barris,45,Porta,163,8034,162,3,2
2024-01-01,8,Nou Barris,45,Porta,163,8035,1103,1,1
2024-01-01,8,Nou Barris,45,Porta,163,8035,1122,1,2
2024-01-01,8,Nou Barris,45,Porta,163,8035,53,2,1
2024-01-01,8,Nou Barris,45,Porta,163,8035,68,2,2
2024-01-01,8,Nou Barris,45,Porta,163,8035,2299,3,1
2024-01-01,8,Nou Barris,45,Porta,163,8035,2864,3,2
2024-01-01,8,Nou Barris,45,Porta,163,8036,644,1,1
2024-01-01,8,Nou Barris,45,Porta,163,8036,532,1,2
2024-01-01,8,Nou Barris,45,Porta,163,8036,19,2,1
2024-01-01,8,Nou Barris,45,Porta,163,8036,22,2,2
2024-01-01,8,Nou Barris,45,Porta,163,8036,221,3,1
2024-01-01,8,Nou Barris,45,Porta,163,8036,175,3,2
2024-01-01,8,Nou Barris,45,Porta,163,8037,711,1,1
2024-01-01,8,Nou Barris,45,Porta,163,8037,562,1,2
2024-01-01,8,Nou Barris,45,Porta,163,8037,15,2,1
2024-01-01,8,Nou Barris,45,Porta,163,8037,26,2,2
2024-01-01,8,Nou Barris,45,Porta,163,8037,167,3,1
2024-01-01,8,Nou Barris,45,Porta,163,8037,147,3,2
2024-01-01,8,Nou Barris,46,el Turó de la Peira,164,8038,661,1,1
2024-01-01,8,Nou Barris,46,el Turó de la Peira,164,8038,563,1,2
2024-01-01,8,Nou Barris,46,el Turó de la Peira,164,8038,20,2,1
2024-01-01,8,Nou Barris,46,el Turó de la Peira,164,8038,12,2,2
2024-01-01,8,Nou Barris,46,el Turó de la Peira,164,8038,227,3,1
2024-01-01,8,Nou Barris,46,el Turó de la Peira,164,8038,192,3,2
2024-01-01,8,Nou Barris,46,el Turó de la Peira,164,8039,662,1,1
2024-01-01,8,Nou Barris,46,el Turó de la Peira,164,8039,553,1,2
2024-01-01,8,Nou Barris,46,el Turó de la Peira,164,8039,18,2,1
2024-01-01,8,Nou Barris,46,el Turó de la Peira,164,8039,24,2,2
2024-01-01,8,Nou Barris,46,el Turó de la Peira,164,8039,161,3,1
2024-01-01,8,Nou Barris,46,el Turó de la Peira,164,8039,170,3,2
2024-01-01,8,Nou Barris,46,el Turó de la Peira,164,8040,784,1,1
2024-01-01,8,Nou Barris,46,el Turó de la Peira,164,8040,728,1,2
2024-01-01,8,Nou Barris,46,el Turó de la Peira,164,8040,19,2,1
2024-01-01,8,Nou Barris,46,el Turó de la Peira,164,8040,20,2,2
2024-01-01,8,Nou Barris,46,el Turó de la Peira,164,8040,224,3,1
2024-01-01,8,Nou Barris,46,el Turó de la Peira,164,8040,212,3,2
2024-01-01,8,Nou Barris,46,el Turó de la Peira,164,8040,..,4,2
2024-01-01,8,Nou Barris,46,el Turó de la Peira,164,8041,911,1,1
2024-01-01,8,Nou Barris,46,el Turó de la Peira,164,8041,794,1,2
2024-01-01,8,Nou Barris,46,el Turó de la Peira,164,8041,31,2,1
2024-01-01,8,Nou Barris,46,el Turó de la Peira,164,8041,23,2,2
2024-01-01,8,Nou Barris,46,el Turó de la Peira,164,8041,411,3,1
2024-01-01,8,Nou Barris,46,el Turó de la Peira,164,8041,454,3,2
2024-01-01,8,Nou Barris,46,el Turó de la Peira,164,8042,590,1,1
2024-01-01,8,Nou Barris,46,el Turó de la Peira,164,8042,486,1,2
2024-01-01,8,Nou Barris,46,el Turó de la Peira,164,8042,..,2,1
2024-01-01,8,Nou Barris,46,el Turó de la Peira,164,8042,..,2,2
2024-01-01,8,Nou Barris,46,el Turó de la Peira,164,8042,102,3,1
2024-01-01,8,Nou Barris,46,el Turó de la Peira,164,8042,82,3,2
2024-01-01,8,Nou Barris,46,el Turó de la Peira,164,8043,546,1,1
2024-01-01,8,Nou Barris,46,el Turó de la Peira,164,8043,451,1,2
2024-01-01,8,Nou Barris,46,el Turó de la Peira,164,8043,..,2,1
2024-01-01,8,Nou Barris,46,el Turó de la Peira,164,8043,5,2,2
2024-01-01,8,Nou Barris,46,el Turó de la Peira,164,8043,65,3,1
2024-01-01,8,Nou Barris,46,el Turó de la Peira,164,8043,44,3,2
2024-01-01,8,Nou Barris,46,el Turó de la Peira,165,8044,578,1,1
2024-01-01,8,Nou Barris,46,el Turó de la Peira,165,8044,478,1,2
2024-01-01,8,Nou Barris,46,el Turó de la Peira,165,8044,20,2,1
2024-01-01,8,Nou Barris,46,el Turó de la Peira,165,8044,14,2,2
2024-01-01,8,Nou Barris,46,el Turó de la Peira,165,8044,171,3,1
2024-01-01,8,Nou Barris,46,el Turó de la Peira,165,8044,167,3,2
2024-01-01,8,Nou Barris,46,el Turó de la Peira,165,8044,..,4,1
2024-01-01,8,Nou Barris,46,el Turó de la Peira,165,8044,..,4,2
2024-01-01,8,Nou Barris,46,el Turó de la Peira,165,8045,698,1,1
2024-01-01,8,Nou Barris,46,el Turó de la Peira,165,8045,621,1,2
2024-01-01,8,Nou Barris,46,el Turó de la Peira,165,8045,35,2,1
2024-01-01,8,Nou Barris,46,el Turó de la Peira,165,8045,26,2,2
2024-01-01,8,Nou Barris,46,el Turó de la Peira,165,8045,213,3,1
2024-01-01,8,Nou Barris,46,el Turó de la Peira,165,8045,252,3,2
2024-01-01,8,Nou Barris,46,el Turó de la Peira,165,8046,651,1,1
2024-01-01,8,Nou Barris,46,el Turó de la Peira,165,8046,509,1,2
2024-01-01,8,Nou Barris,46,el Turó de la Peira,165,8046,21,2,1
2024-01-01,8,Nou Barris,46,el Turó de la Peira,165,8046,18,2,2
2024-01-01,8,Nou Barris,46,el Turó de la Peira,165,8046,195,3,1
2024-01-01,8,Nou Barris,46,el Turó de la Peira,165,8046,188,3,2
2024-01-01,8,Nou Barris,46,el Turó de la Peira,165,8047,652,1,1
2024-01-01,8,Nou Barris,46,el Turó de la Peira,165,8047,546,1,2
2024-01-01,8,Nou Barris,46,el Turó de la Peira,165,8047,25,2,1
2024-01-01,8,Nou Barris,46,el Turó de la Peira,165,8047,24,2,2
2024-01-01,8,Nou Barris,46,el Turó de la Peira,165,8047,247,3,1
2024-01-01,8,Nou Barris,46,el Turó de la Peira,165,8047,210,3,2
2024-01-01,8,Nou Barris,47,Can Peguera,166,8048,468,1,1
2024-01-01,8,Nou Barris,47,Can Peguera,166,8048,414,1,2
2024-01-01,8,Nou Barris,47,Can Peguera,166,8048,6,2,1
2024-01-01,8,Nou Barris,47,Can Peguera,166,8048,..,2,2
2024-01-01,8,Nou Barris,47,Can Peguera,166,8048,42,3,1
2024-01-01,8,Nou Barris,47,Can Peguera,166,8048,47,3,2
2024-01-01,8,Nou Barris,47,Can Peguera,166,8049,565,1,1
2024-01-01,8,Nou Barris,47,Can Peguera,166,8049,516,1,2
2024-01-01,8,Nou Barris,47,Can Peguera,166,8049,11,2,1
2024-01-01,8,Nou Barris,47,Can Peguera,166,8049,7,2,2
2024-01-01,8,Nou Barris,47,Can Peguera,166,8049,49,3,1
2024-01-01,8,Nou Barris,47,Can Peguera,166,8049,51,3,2
2024-01-01,8,Nou Barris,48,la Guineueta,167,8050,677,1,1
2024-01-01,8,Nou Barris,48,la Guineueta,167,8050,586,1,2
2024-01-01,8,Nou Barris,48,la Guineueta,167,8050,8,2,1
2024-01-01,8,Nou Barris,48,la Guineueta,167,8050,14,2,2
2024-01-01,8,Nou Barris,48,la Guineueta,167,8050,53,3,1
2024-01-01,8,Nou Barris,48,la Guineueta,167,8050,35,3,2
2024-01-01,8,Nou Barris,48,la Guineueta,167,8051,645,1,1
2024-01-01,8,Nou Barris,48,la Guineueta,167,8051,611,1,2
2024-01-01,8,Nou Barris,48,la Guineueta,167,8051,6,2,1
2024-01-01,8,Nou Barris,48,la Guineueta,167,8051,9,2,2
2024-01-01,8,Nou Barris,48,la Guineueta,167,8051,44,3,1
2024-01-01,8,Nou Barris,48,la Guineueta,167,8051,34,3,2
2024-01-01,8,Nou Barris,48,la Guineueta,167,8052,428,1,1
2024-01-01,8,Nou Barris,48,la Guineueta,167,8052,360,1,2
2024-01-01,8,Nou Barris,48,la Guineueta,167,8052,9,2,1
2024-01-01,8,Nou Barris,48,la Guineueta,167,8052,5,2,2
2024-01-01,8,Nou Barris,48,la Guineueta,167,8052,56,3,1
2024-01-01,8,Nou Barris,48,la Guineueta,167,8052,35,3,2
2024-01-01,8,Nou Barris,48,la Guineueta,167,8053,563,1,1
2024-01-01,8,Nou Barris,48,la Guineueta,167,8053,471,1,2
2024-01-01,8,Nou Barris,48,la Guineueta,167,8053,8,2,1
2024-01-01,8,Nou Barris,48,la Guineueta,167,8053,14,2,2
2024-01-01,8,Nou Barris,48,la Guineueta,167,8053,46,3,1
2024-01-01,8,Nou Barris,48,la Guineueta,167,8053,29,3,2
2024-01-01,8,Nou Barris,48,la Guineueta,167,8054,781,1,1
2024-01-01,8,Nou Barris,48,la Guineueta,167,8054,655,1,2
2024-01-01,8,Nou Barris,48,la Guineueta,167,8054,17,2,1
2024-01-01,8,Nou Barris,48,la Guineueta,167,8054,15,2,2
2024-01-01,8,Nou Barris,48,la Guineueta,167,8054,74,3,1
2024-01-01,8,Nou Barris,48,la Guineueta,167,8054,72,3,2
2024-01-01,8,Nou Barris,48,la Guineueta,167,8055,862,1,1
2024-01-01,8,Nou Barris,48,la Guineueta,167,8055,780,1,2
2024-01-01,8,Nou Barris,48,la Guineueta,167,8055,11,2,1
2024-01-01,8,Nou Barris,48,la Guineueta,167,8055,11,2,2
2024-01-01,8,Nou Barris,48,la Guineueta,167,8055,38,3,1
2024-01-01,8,Nou Barris,48,la Guineueta,167,8055,36,3,2
2024-01-01,8,Nou Barris,48,la Guineueta,167,8215,690,1,1
2024-01-01,8,Nou Barris,48,la Guineueta,167,8215,553,1,2
2024-01-01,8,Nou Barris,48,la Guineueta,167,8215,33,2,1
2024-01-01,8,Nou Barris,48,la Guineueta,167,8215,19,2,2
2024-01-01,8,Nou Barris,48,la Guineueta,167,8215,225,3,1
2024-01-01,8,Nou Barris,48,la Guineueta,167,8215,107,3,2
2024-01-01,8,Nou Barris,48,la Guineueta,168,8056,684,1,1
2024-01-01,8,Nou Barris,48,la Guineueta,168,8056,641,1,2
2024-01-01,8,Nou Barris,48,la Guineueta,168,8056,18,2,1
2024-01-01,8,Nou Barris,48,la Guineueta,168,8056,13,2,2
2024-01-01,8,Nou Barris,48,la Guineueta,168,8056,104,3,1
2024-01-01,8,Nou Barris,48,la Guineueta,168,8056,99,3,2
2024-01-01,8,Nou Barris,48,la Guineueta,168,8057,615,1,1
2024-01-01,8,Nou Barris,48,la Guineueta,168,8057,531,1,2
2024-01-01,8,Nou Barris,48,la Guineueta,168,8057,11,2,1
2024-01-01,8,Nou Barris,48,la Guineueta,168,8057,13,2,2
2024-01-01,8,Nou Barris,48,la Guineueta,168,8057,93,3,1
2024-01-01,8,Nou Barris,48,la Guineueta,168,8057,89,3,2
2024-01-01,8,Nou Barris,48,la Guineueta,168,8058,760,1,1
2024-01-01,8,Nou Barris,48,la Guineueta,168,8058,655,1,2
2024-01-01,8,Nou Barris,48,la Guineueta,168,8058,16,2,1
2024-01-01,8,Nou Barris,48,la Guineueta,168,8058,23,2,2
2024-01-01,8,Nou Barris,48,la Guineueta,168,8058,131,3,1
2024-01-01,8,Nou Barris,48,la Guineueta,168,8058,112,3,2
2024-01-01,8,Nou Barris,48,la Guineueta,168,8059,470,1,1
2024-01-01,8,Nou Barris,48,la Guineueta,168,8059,432,1,2
2024-01-01,8,Nou Barris,48,la Guineueta,168,8059,6,2,1
2024-01-01,8,Nou Barris,48,la Guineueta,168,8059,7,2,2
2024-01-01,8,Nou Barris,48,la Guineueta,168,8059,67,3,1
2024-01-01,8,Nou Barris,48,la Guineueta,168,8059,57,3,2
2024-01-01,8,Nou Barris,48,la Guineueta,168,8059,..,4,1
2024-01-01,8,Nou Barris,49,Canyelles,169,8060,593,1,1
2024-01-01,8,Nou Barris,49,Canyelles,169,8060,505,1,2
2024-01-01,8,Nou Barris,49,Canyelles,169,8060,5,2,1
2024-01-01,8,Nou Barris,49,Canyelles,169,8060,..,2,2
2024-01-01,8,Nou Barris,49,Canyelles,169,8060,45,3,1
2024-01-01,8,Nou Barris,49,Canyelles,169,8060,35,3,2
2024-01-01,8,Nou Barris,49,Canyelles,169,8061,791,1,1
2024-01-01,8,Nou Barris,49,Canyelles,169,8061,697,1,2
2024-01-01,8,Nou Barris,49,Canyelles,169,8061,6,2,1
2024-01-01,8,Nou Barris,49,Canyelles,169,8061,8,2,2
2024-01-01,8,Nou Barris,49,Canyelles,169,8061,68,3,1
2024-01-01,8,Nou Barris,49,Canyelles,169,8061,57,3,2
2024-01-01,8,Nou Barris,49,Canyelles,169,8061,..,4,2
2024-01-01,8,Nou Barris,49,Canyelles,169,8062,556,1,1
2024-01-01,8,Nou Barris,49,Canyelles,169,8062,494,1,2
2024-01-01,8,Nou Barris,49,Canyelles,169,8062,..,2,1
2024-01-01,8,Nou Barris,49,Canyelles,169,8062,..,2,2
2024-01-01,8,Nou Barris,49,Canyelles,169,8062,32,3,1
2024-01-01,8,Nou Barris,49,Canyelles,169,8062,30,3,2
2024-01-01,8,Nou Barris,49,Canyelles,169,8063,521,1,1
2024-01-01,8,Nou Barris,49,Canyelles,169,8063,468,1,2
2024-01-01,8,Nou Barris,49,Canyelles,169,8063,..,2,1
2024-01-01,8,Nou Barris,49,Canyelles,169,8063,..,2,2
2024-01-01,8,Nou Barris,49,Canyelles,169,8063,39,3,1
2024-01-01,8,Nou Barris,49,Canyelles,169,8063,35,3,2
2024-01-01,8,Nou Barris,49,Canyelles,169,8064,834,1,1
2024-01-01,8,Nou Barris,49,Canyelles,169,8064,752,1,2
2024-01-01,8,Nou Barris,49,Canyelles,169,8064,12,2,1
2024-01-01,8,Nou Barris,49,Canyelles,169,8064,11,2,2
2024-01-01,8,Nou Barris,49,Canyelles,169,8064,94,3,1
2024-01-01,8,Nou Barris,49,Canyelles,169,8064,91,3,2
2024-01-01,8,Nou Barris,50,les Roquetes,170,8065,650,1,1
2024-01-01,8,Nou Barris,50,les Roquetes,170,8065,670,1,2
2024-01-01,8,Nou Barris,50,les Roquetes,170,8065,36,2,1
2024-01-01,8,Nou Barris,50,les Roquetes,170,8065,34,2,2
2024-01-01,8,Nou Barris,50,les Roquetes,170,8065,199,3,1
2024-01-01,8,Nou Barris,50,les Roquetes,170,8065,217,3,2
2024-01-01,8,Nou Barris,50,les Roquetes,170,8066,639,1,1
2024-01-01,8,Nou Barris,50,les Roquetes,170,8066,605,1,2
2024-01-01,8,Nou Barris,50,les Roquetes,170,8066,21,2,1
2024-01-01,8,Nou Barris,50,les Roquetes,170,8066,21,2,2
2024-01-01,8,Nou Barris,50,les Roquetes,170,8066,213,3,1
2024-01-01,8,Nou Barris,50,les Roquetes,170,8066,187,3,2
2024-01-01,8,Nou Barris,50,les Roquetes,170,8067,764,1,1
2024-01-01,8,Nou Barris,50,les Roquetes,170,8067,691,1,2
2024-01-01,8,Nou Barris,50,les Roquetes,170,8067,28,2,1
2024-01-01,8,Nou Barris,50,les Roquetes,170,8067,27,2,2
2024-01-01,8,Nou Barris,50,les Roquetes,170,8067,212,3,1
2024-01-01,8,Nou Barris,50,les Roquetes,170,8067,184,3,2
2024-01-01,8,Nou Barris,50,les Roquetes,170,8068,714,1,1
2024-01-01,8,Nou Barris,50,les Roquetes,170,8068,666,1,2
2024-01-01,8,Nou Barris,50,les Roquetes,170,8068,16,2,1
2024-01-01,8,Nou Barris,50,les Roquetes,170,8068,15,2,2
2024-01-01,8,Nou Barris,50,les Roquetes,170,8068,278,3,1
2024-01-01,8,Nou Barris,50,les Roquetes,170,8068,221,3,2
2024-01-01,8,Nou Barris,50,les Roquetes,170,8069,605,1,1
2024-01-01,8,Nou Barris,50,les Roquetes,170,8069,532,1,2
2024-01-01,8,Nou Barris,50,les Roquetes,170,8069,27,2,1
2024-01-01,8,Nou Barris,50,les Roquetes,170,8069,22,2,2
2024-01-01,8,Nou Barris,50,les Roquetes,170,8069,188,3,1
2024-01-01,8,Nou Barris,50,les Roquetes,170,8069,200,3,2
2024-01-01,8,Nou Barris,50,les Roquetes,171,8070,582,1,1
2024-01-01,8,Nou Barris,50,les Roquetes,171,8070,503,1,2
2024-01-01,8,Nou Barris,50,les Roquetes,171,8070,19,2,1
2024-01-01,8,Nou Barris,50,les Roquetes,171,8070,27,2,2
2024-01-01,8,Nou Barris,50,les Roquetes,171,8070,207,3,1
2024-01-01,8,Nou Barris,50,les Roquetes,171,8070,186,3,2
2024-01-01,8,Nou Barris,50,les Roquetes,171,8071,701,1,1
2024-01-01,8,Nou Barris,50,les Roquetes,171,8071,655,1,2
2024-01-01,8,Nou Barris,50,les Roquetes,171,8071,13,2,1
2024-01-01,8,Nou Barris,50,les Roquetes,171,8071,18,2,2
2024-01-01,8,Nou Barris,50,les Roquetes,171,8071,204,3,1
2024-01-01,8,Nou Barris,50,les Roquetes,171,8071,190,3,2
2024-01-01,8,Nou Barris,50,les Roquetes,171,8071,..,4,1
2024-01-01,8,Nou Barris,50,les Roquetes,171,8072,517,1,1
2024-01-01,8,Nou Barris,50,les Roquetes,171,8072,450,1,2
2024-01-01,8,Nou Barris,50,les Roquetes,171,8072,14,2,1
2024-01-01,8,Nou Barris,50,les Roquetes,171,8072,9,2,2
2024-01-01,8,Nou Barris,50,les Roquetes,171,8072,114,3,1
2024-01-01,8,Nou Barris,50,les Roquetes,171,8072,103,3,2
2024-01-01,8,Nou Barris,50,les Roquetes,171,8073,654,1,1
2024-01-01,8,Nou Barris,50,les Roquetes,171,8073,579,1,2
2024-01-01,8,Nou Barris,50,les Roquetes,171,8073,22,2,1
2024-01-01,8,Nou Barris,50,les Roquetes,171,8073,26,2,2
2024-01-01,8,Nou Barris,50,les Roquetes,171,8073,333,3,1
2024-01-01,8,Nou Barris,50,les Roquetes,171,8073,310,3,2
2024-01-01,8,Nou Barris,50,les Roquetes,171,8074,592,1,1
2024-01-01,8,Nou Barris,50,les Roquetes,171,8074,551,1,2
2024-01-01,8,Nou Barris,50,les Roquetes,171,8074,15,2,1
2024-01-01,8,Nou Barris,50,les Roquetes,171,8074,26,2,2
2024-01-01,8,Nou Barris,50,les Roquetes,171,8074,216,3,1
2024-01-01,8,Nou Barris,50,les Roquetes,171,8074,222,3,2
2024-01-01,8,Nou Barris,51,Verdun,172,8075,821,1,1
2024-01-01,8,Nou Barris,51,Verdun,172,8075,655,1,2
2024-01-01,8,Nou Barris,51,Verdun,172,8075,35,2,1
2024-01-01,8,Nou Barris,51,Verdun,172,8075,16,2,2
2024-01-01,8,Nou Barris,51,Verdun,172,8075,243,3,1
2024-01-01,8,Nou Barris,51,Verdun,172,8075,215,3,2
2024-01-01,8,Nou Barris,51,Verdun,172,8076,724,1,1
2024-01-01,8,Nou Barris,51,Verdun,172,8076,572,1,2
2024-01-01,8,Nou Barris,51,Verdun,172,8076,13,2,1
2024-01-01,8,Nou Barris,51,Verdun,172,8076,19,2,2
2024-01-01,8,Nou Barris,51,Verdun,172,8076,143,3,1
2024-01-01,8,Nou Barris,51,Verdun,172,8076,128,3,2
2024-01-01,8,Nou Barris,51,Verdun,172,8077,678,1,1
2024-01-01,8,Nou Barris,51,Verdun,172,8077,584,1,2
2024-01-01,8,Nou Barris,51,Verdun,172,8077,14,2,1
2024-01-01,8,Nou Barris,51,Verdun,172,8077,6,2,2
2024-01-01,8,Nou Barris,51,Verdun,172,8077,79,3,1
2024-01-01,8,Nou Barris,51,Verdun,172,8077,79,3,2
2024-01-01,8,Nou Barris,51,Verdun,173,8078,626,1,1
2024-01-01,8,Nou Barris,51,Verdun,173,8078,551,1,2
2024-01-01,8,Nou Barris,51,Verdun,173,8078,18,2,1
2024-01-01,8,Nou Barris,51,Verdun,173,8078,24,2,2
2024-01-01,8,Nou Barris,51,Verdun,173,8078,261,3,1
2024-01-01,8,Nou Barris,51,Verdun,173,8078,206,3,2
2024-01-01,8,Nou Barris,51,Verdun,173,8079,602,1,1
2024-01-01,8,Nou Barris,51,Verdun,173,8079,505,1,2
2024-01-01,8,Nou Barris,51,Verdun,173,8079,32,2,1
2024-01-01,8,Nou Barris,51,Verdun,173,8079,28,2,2
2024-01-01,8,Nou Barris,51,Verdun,173,8079,177,3,1
2024-01-01,8,Nou Barris,51,Verdun,173,8079,175,3,2
2024-01-01,8,Nou Barris,51,Verdun,173,8080,631,1,1
2024-01-01,8,Nou Barris,51,Verdun,173,8080,539,1,2
2024-01-01,8,Nou Barris,51,Verdun,173,8080,25,2,1
2024-01-01,8,Nou Barris,51,Verdun,173,8080,28,2,2
2024-01-01,8,Nou Barris,51,Verdun,173,8080,184,3,1
2024-01-01,8,Nou Barris,51,Verdun,173,8080,202,3,2
2024-01-01,8,Nou Barris,51,Verdun,173,8081,628,1,1
2024-01-01,8,Nou Barris,51,Verdun,173,8081,531,1,2
2024-01-01,8,Nou Barris,51,Verdun,173,8081,27,2,1
2024-01-01,8,Nou Barris,51,Verdun,173,8081,21,2,2
2024-01-01,8,Nou Barris,51,Verdun,173,8081,246,3,1
2024-01-01,8,Nou Barris,51,Verdun,173,8081,233,3,2
2024-01-01,8,Nou Barris,51,Verdun,173,8082,691,1,1
2024-01-01,8,Nou Barris,51,Verdun,173,8082,570,1,2
2024-01-01,8,Nou Barris,51,Verdun,173,8082,15,2,1
2024-01-01,8,Nou Barris,51,Verdun,173,8082,15,2,2
2024-01-01,8,Nou Barris,51,Verdun,173,8082,190,3,1
2024-01-01,8,Nou Barris,51,Verdun,173,8082,189,3,2
2024-01-01,8,Nou Barris,52,la Prosperitat,174,8083,497,1,1
2024-01-01,8,Nou Barris,52,la Prosperitat,174,8083,424,1,2
2024-01-01,8,Nou Barris,52,la Prosperitat,174,8083,23,2,1
2024-01-01,8,Nou Barris,52,la Prosperitat,174,8083,24,2,2
2024-01-01,8,Nou Barris,52,la Prosperitat,174,8083,185,3,1
2024-01-01,8,Nou Barris,52,la Prosperitat,174,8083,169,3,2
2024-01-01,8,Nou Barris,52,la Prosperitat,174,8084,529,1,1
2024-01-01,8,Nou Barris,52,la Prosperitat,174,8084,402,1,2
2024-01-01,8,Nou Barris,52,la Prosperitat,174,8084,8,2,1
2024-01-01,8,Nou Barris,52,la Prosperitat,174,8084,..,2,2
2024-01-01,8,Nou Barris,52,la Prosperitat,174,8084,108,3,1
2024-01-01,8,Nou Barris,52,la Prosperitat,174,8084,90,3,2
2024-01-01,8,Nou Barris,52,la Prosperitat,174,8085,612,1,1
2024-01-01,8,Nou Barris,52,la Prosperitat,174,8085,569,1,2
2024-01-01,8,Nou Barris,52,la Prosperitat,174,8085,23,2,1
2024-01-01,8,Nou Barris,52,la Prosperitat,174,8085,18,2,2
2024-01-01,8,Nou Barris,52,la Prosperitat,174,8085,168,3,1
2024-01-01,8,Nou Barris,52,la Prosperitat,174,8085,188,3,2
2024-01-01,8,Nou Barris,52,la Prosperitat,174,8086,737,1,1
2024-01-01,8,Nou Barris,52,la Prosperitat,174,8086,618,1,2
2024-01-01,8,Nou Barris,52,la Prosperitat,174,8086,35,2,1
2024-01-01,8,Nou Barris,52,la Prosperitat,174,8086,26,2,2
2024-01-01,8,Nou Barris,52,la Prosperitat,174,8086,153,3,1
2024-01-01,8,Nou Barris,52,la Prosperitat,174,8086,144,3,2
2024-01-01,8,Nou Barris,52,la Prosperitat,174,8086,..,4,2
2024-01-01,8,Nou Barris,52,la Prosperitat,175,8087,539,1,1
2024-01-01,8,Nou Barris,52,la Prosperitat,175,8087,474,1,2
2024-01-01,8,Nou Barris,52,la Prosperitat,175,8087,11,2,1
2024-01-01,8,Nou Barris,52,la Prosperitat,175,8087,18,2,2
2024-01-01,8,Nou Barris,52,la Prosperitat,175,8087,140,3,1
2024-01-01,8,Nou Barris,52,la Prosperitat,175,8087,103,3,2
2024-01-01,8,Nou Barris,52,la Prosperitat,175,8088,568,1,1
2024-01-01,8,Nou Barris,52,la Prosperitat,175,8088,488,1,2
2024-01-01,8,Nou Barris,52,la Prosperitat,175,8088,15,2,1
2024-01-01,8,Nou Barris,52,la Prosperitat,175,8088,18,2,2
2024-01-01,8,Nou Barris,52,la Prosperitat,175,8088,126,3,1
2024-01-01,8,Nou Barris,52,la Prosperitat,175,8088,112,3,2
2024-01-01,8,Nou Barris,52,la Prosperitat,175,8089,513,1,1
2024-01-01,8,Nou Barris,52,la Prosperitat,175,8089,422,1,2
2024-01-01,8,Nou Barris,52,la Prosperitat,175,8089,15,2,1
2024-01-01,8,Nou Barris,52,la Prosperitat,175,8089,20,2,2
2024-01-01,8,Nou Barris,52,la Prosperitat,175,8089,118,3,1
2024-01-01,8,Nou Barris,52,la Prosperitat,175,8089,114,3,2
2024-01-01,8,Nou Barris,52,la Prosperitat,175,8090,524,1,1
2024-01-01,8,Nou Barris,52,la Prosperitat,175,8090,490,1,2
2024-01-01,8,Nou Barris,52,la Prosperitat,175,8090,11,2,1
2024-01-01,8,Nou Barris,52,la Prosperitat,175,8090,13,2,2
2024-01-01,8,Nou Barris,52,la Prosperitat,175,8090,100,3,1
2024-01-01,8,Nou Barris,52,la Prosperitat,175,8090,108,3,2
2024-01-01,8,Nou Barris,52,la Prosperitat,175,8091,505,1,1
2024-01-01,8,Nou Barris,52,la Prosperitat,175,8091,469,1,2
2024-01-01,8,Nou Barris,52,la Prosperitat,175,8091,14,2,1
2024-01-01,8,Nou Barris,52,la Prosperitat,175,8091,12,2,2
2024-01-01,8,Nou Barris,52,la Prosperitat,175,8091,115,3,1
2024-01-01,8,Nou Barris,52,la Prosperitat,175,8091,101,3,2
2024-01-01,8,Nou Barris,52,la Prosperitat,176,8092,440,1,1
2024-01-01,8,Nou Barris,52,la Prosperitat,176,8092,396,1,2
2024-01-01,8,Nou Barris,52,la Prosperitat,176,8092,..,2,1
2024-01-01,8,Nou Barris,52,la Prosperitat,176,8092,7,2,2
2024-01-01,8,Nou Barris,52,la Prosperitat,176,8092,82,3,1
2024-01-01,8,Nou Barris,52,la Prosperitat,176,8092,73,3,2
2024-01-01,8,Nou Barris,52,la Prosperitat,176,8093,565,1,1
2024-01-01,8,Nou Barris,52,la Prosperitat,176,8093,533,1,2
2024-01-01,8,Nou Barris,52,la Prosperitat,176,8093,15,2,1
2024-01-01,8,Nou Barris,52,la Prosperitat,176,8093,14,2,2
2024-01-01,8,Nou Barris,52,la Prosperitat,176,8093,104,3,1
2024-01-01,8,Nou Barris,52,la Prosperitat,176,8093,89,3,2
2024-01-01,8,Nou Barris,52,la Prosperitat,176,8094,671,1,1
2024-01-01,8,Nou Barris,52,la Prosperitat,176,8094,594,1,2
2024-01-01,8,Nou Barris,52,la Prosperitat,176,8094,10,2,1
2024-01-01,8,Nou Barris,52,la Prosperitat,176,8094,9,2,2
2024-01-01,8,Nou Barris,52,la Prosperitat,176,8094,101,3,1
2024-01-01,8,Nou Barris,52,la Prosperitat,176,8094,92,3,2
2024-01-01,8,Nou Barris,52,la Prosperitat,176,8095,511,1,1
2024-01-01,8,Nou Barris,52,la Prosperitat,176,8095,471,1,2
2024-01-01,8,Nou Barris,52,la Prosperitat,176,8095,15,2,1
2024-01-01,8,Nou Barris,52,la Prosperitat,176,8095,9,2,2
2024-01-01,8,Nou Barris,52,la Prosperitat,176,8095,54,3,1
2024-01-01,8,Nou Barris,52,la Prosperitat,176,8095,60,3,2
2024-01-01,8,Nou Barris,52,la Prosperitat,177,8096,678,1,1
2024-01-01,8,Nou Barris,52,la Prosperitat,177,8096,609,1,2
2024-01-01,8,Nou Barris,52,la Prosperitat,177,8096,16,2,1
2024-01-01,8,Nou Barris,52,la Prosperitat,177,8096,20,2,2
2024-01-01,8,Nou Barris,52,la Prosperitat,177,8096,134,3,1
2024-01-01,8,Nou Barris,52,la Prosperitat,177,8096,93,3,2
2024-01-01,8,Nou Barris,52,la Prosperitat,177,8097,618,1,1
2024-01-01,8,Nou Barris,52,la Prosperitat,177,8097,510,1,2
2024-01-01,8,Nou Barris,52,la Prosperitat,177,8097,9,2,1
2024-01-01,8,Nou Barris,52,la Prosperitat,177,8097,10,2,2
2024-01-01,8,Nou Barris,52,la Prosperitat,177,8097,124,3,1
2024-01-01,8,Nou Barris,52,la Prosperitat,177,8097,102,3,2
2024-01-01,8,Nou Barris,52,la Prosperitat,177,8098,548,1,1
2024-01-01,8,Nou Barris,52,la Prosperitat,177,8098,498,1,2
2024-01-01,8,Nou Barris,52,la Prosperitat,177,8098,12,2,1
2024-01-01,8,Nou Barris,52,la Prosperitat,177,8098,5,2,2
2024-01-01,8,Nou Barris,52,la Prosperitat,177,8098,133,3,1
2024-01-01,8,Nou Barris,52,la Prosperitat,177,8098,101,3,2
2024-01-01,8,Nou Barris,52,la Prosperitat,177,8099,575,1,1
2024-01-01,8,Nou Barris,52,la Prosperitat,177,8099,567,1,2
2024-01-01,8,Nou Barris,52,la Prosperitat,177,8099,30,2,1
2024-01-01,8,Nou Barris,52,la Prosperitat,177,8099,20,2,2
2024-01-01,8,Nou Barris,52,la Prosperitat,177,8099,139,3,1
2024-01-01,8,Nou Barris,52,la Prosperitat,177,8099,145,3,2
2024-01-01,8,Nou Barris,52,la Prosperitat,177,8100,568,1,1
2024-01-01,8,Nou Barris,52,la Prosperitat,177,8100,472,1,2
2024-01-01,8,Nou Barris,52,la Prosperitat,177,8100,18,2,1
2024-01-01,8,Nou Barris,52,la Prosperitat,177,8100,13,2,2
2024-01-01,8,Nou Barris,52,la Prosperitat,177,8100,153,3,1
2024-01-01,8,Nou Barris,52,la Prosperitat,177,8100,116,3,2
2024-01-01,8,Nou Barris,52,la Prosperitat,177,8101,777,1,1
2024-01-01,8,Nou Barris,52,la Prosperitat,177,8101,670,1,2
2024-01-01,8,Nou Barris,52,la Prosperitat,177,8101,7,2,1
2024-01-01,8,Nou Barris,52,la Prosperitat,177,8101,5,2,2
2024-01-01,8,Nou Barris,52,la Prosperitat,177,8101,125,3,1
2024-01-01,8,Nou Barris,52,la Prosperitat,177,8101,106,3,2
2024-01-01,8,Nou Barris,52,la Prosperitat,177,8102,702,1,1
2024-01-01,8,Nou Barris,52,la Prosperitat,177,8102,517,1,2
2024-01-01,8,Nou Barris,52,la Prosperitat,177,8102,15,2,1
2024-01-01,8,Nou Barris,52,la Prosperitat,177,8102,14,2,2
2024-01-01,8,Nou Barris,52,la Prosperitat,177,8102,168,3,1
2024-01-01,8,Nou Barris,52,la Prosperitat,177,8102,202,3,2
2024-01-01,8,Nou Barris,53,la Trinitat Nova,178,8103,596,1,1
2024-01-01,8,Nou Barris,53,la Trinitat Nova,178,8103,541,1,2
2024-01-01,8,Nou Barris,53,la Trinitat Nova,178,8103,16,2,1
2024-01-01,8,Nou Barris,53,la Trinitat Nova,178,8103,15,2,2
2024-01-01,8,Nou Barris,53,la Trinitat Nova,178,8103,287,3,1
2024-01-01,8,Nou Barris,53,la Trinitat Nova,178,8103,278,3,2
2024-01-01,8,Nou Barris,53,la Trinitat Nova,178,8104,543,1,1
2024-01-01,8,Nou Barris,53,la Trinitat Nova,178,8104,441,1,2
2024-01-01,8,Nou Barris,53,la Trinitat Nova,178,8104,9,2,1
2024-01-01,8,Nou Barris,53,la Trinitat Nova,178,8104,9,2,2
2024-01-01,8,Nou Barris,53,la Trinitat Nova,178,8104,146,3,1
2024-01-01,8,Nou Barris,53,la Trinitat Nova,178,8104,165,3,2
2024-01-01,8,Nou Barris,53,la Trinitat Nova,178,8105,583,1,1
2024-01-01,8,Nou Barris,53,la Trinitat Nova,178,8105,523,1,2
2024-01-01,8,Nou Barris,53,la Trinitat Nova,178,8105,14,2,1
2024-01-01,8,Nou Barris,53,la Trinitat Nova,178,8105,13,2,2
2024-01-01,8,Nou Barris,53,la Trinitat Nova,178,8105,162,3,1
2024-01-01,8,Nou Barris,53,la Trinitat Nova,178,8105,156,3,2
2024-01-01,8,Nou Barris,53,la Trinitat Nova,178,8106,504,1,1
2024-01-01,8,Nou Barris,53,la Trinitat Nova,178,8106,429,1,2
2024-01-01,8,Nou Barris,53,la Trinitat Nova,178,8106,14,2,1
2024-01-01,8,Nou Barris,53,la Trinitat Nova,178,8106,14,2,2
2024-01-01,8,Nou Barris,53,la Trinitat Nova,178,8106,167,3,1
2024-01-01,8,Nou Barris,53,la Trinitat Nova,178,8106,171,3,2
2024-01-01,8,Nou Barris,53,la Trinitat Nova,178,8107,856,1,1
2024-01-01,8,Nou Barris,53,la Trinitat Nova,178,8107,790,1,2
2024-01-01,8,Nou Barris,53,la Trinitat Nova,178,8107,8,2,1
2024-01-01,8,Nou Barris,53,la Trinitat Nova,178,8107,12,2,2
2024-01-01,8,Nou Barris,53,la Trinitat Nova,178,8107,132,3,1
2024-01-01,8,Nou Barris,53,la Trinitat Nova,178,8107,132,3,2
2024-01-01,8,Nou Barris,54,Torre Baró,179,8108,829,1,1
2024-01-01,8,Nou Barris,54,Torre Baró,179,8108,777,1,2
2024-01-01,8,Nou Barris,54,Torre Baró,179,8108,37,2,1
2024-01-01,8,Nou Barris,54,Torre Baró,179,8108,32,2,2
2024-01-01,8,Nou Barris,54,Torre Baró,179,8108,240,3,1
2024-01-01,8,Nou Barris,54,Torre Baró,179,8108,272,3,2
2024-01-01,8,Nou Barris,54,Torre Baró,179,8109,424,1,1
2024-01-01,8,Nou Barris,54,Torre Baró,179,8109,410,1,2
2024-01-01,8,Nou Barris,54,Torre Baró,179,8109,6,2,1
2024-01-01,8,Nou Barris,54,Torre Baró,179,8109,8,2,2
2024-01-01,8,Nou Barris,54,Torre Baró,179,8109,41,3,1
2024-01-01,8,Nou Barris,54,Torre Baró,179,8109,43,3,2
2024-01-01,8,Nou Barris,55,Ciutat Meridiana,180,8110,693,1,1
2024-01-01,8,Nou Barris,55,Ciutat Meridiana,180,8110,620,1,2
2024-01-01,8,Nou Barris,55,Ciutat Meridiana,180,8110,19,2,1
2024-01-01,8,Nou Barris,55,Ciutat Meridiana,180,8110,13,2,2
2024-01-01,8,Nou Barris,55,Ciutat Meridiana,180,8110,332,3,1
2024-01-01,8,Nou Barris,55,Ciutat Meridiana,180,8110,347,3,2
2024-01-01,8,Nou Barris,55,Ciutat Meridiana,180,8111,587,1,1
2024-01-01,8,Nou Barris,55,Ciutat Meridiana,180,8111,529,1,2
2024-01-01,8,Nou Barris,55,Ciutat Meridiana,180,8111,10,2,1
2024-01-01,8,Nou Barris,55,Ciutat Meridiana,180,8111,14,2,2
2024-01-01,8,Nou Barris,55,Ciutat Meridiana,180,8111,289,3,1
2024-01-01,8,Nou Barris,55,Ciutat Meridiana,180,8111,294,3,2
2024-01-01,8,Nou Barris,55,Ciutat Meridiana,180,8112,632,1,1
2024-01-01,8,Nou Barris,55,Ciutat Meridiana,180,8112,605,1,2
2024-01-01,8,Nou Barris,55,Ciutat Meridiana,180,8112,13,2,1
2024-01-01,8,Nou Barris,55,Ciutat Meridiana,180,8112,18,2,2
2024-01-01,8,Nou Barris,55,Ciutat Meridiana,180,8112,238,3,1
2024-01-01,8,Nou Barris,55,Ciutat Meridiana,180,8112,241,3,2
2024-01-01,8,Nou Barris,55,Ciutat Meridiana,180,8113,702,1,1
2024-01-01,8,Nou Barris,55,Ciutat Meridiana,180,8113,629,1,2
2024-01-01,8,Nou Barris,55,Ciutat Meridiana,180,8113,20,2,1
2024-01-01,8,Nou Barris,55,Ciutat Meridiana,180,8113,13,2,2
2024-01-01,8,Nou Barris,55,Ciutat Meridiana,180,8113,265,3,1
2024-01-01,8,Nou Barris,55,Ciutat Meridiana,180,8113,258,3,2
2024-01-01,8,Nou Barris,55,Ciutat Meridiana,180,8114,731,1,1
2024-01-01,8,Nou Barris,55,Ciutat Meridiana,180,8114,699,1,2
2024-01-01,8,Nou Barris,55,Ciutat Meridiana,180,8114,15,2,1
2024-01-01,8,Nou Barris,55,Ciutat Meridiana,180,8114,11,2,2
2024-01-01,8,Nou Barris,55,Ciutat Meridiana,180,8114,247,3,1
2024-01-01,8,Nou Barris,55,Ciutat Meridiana,180,8114,261,3,2
2024-01-01,8,Nou Barris,55,Ciutat Meridiana,180,8115,633,1,1
2024-01-01,8,Nou Barris,55,Ciutat Meridiana,180,8115,584,1,2
2024-01-01,8,Nou Barris,55,Ciutat Meridiana,180,8115,7,2,1
2024-01-01,8,Nou Barris,55,Ciutat Meridiana,180,8115,13,2,2
2024-01-01,8,Nou Barris,55,Ciutat Meridiana,180,8115,235,3,1
2024-01-01,8,Nou Barris,55,Ciutat Meridiana,180,8115,273,3,2
2024-01-01,8,Nou Barris,56,Vallbona,181,8116,609,1,1
2024-01-01,8,Nou Barris,56,Vallbona,181,8116,578,1,2
2024-01-01,8,Nou Barris,56,Vallbona,181,8116,11,2,1
2024-01-01,8,Nou Barris,56,Vallbona,181,8116,13,2,2
2024-01-01,8,Nou Barris,56,Vallbona,181,8116,109,3,1
2024-01-01,8,Nou Barris,56,Vallbona,181,8116,116,3,2
2024-01-01,8,Nou Barris,56,Vallbona,181,8116,..,4,1
2024-01-01,9,Sant Andreu,57,la Trinitat Vella,182,9001,854,1,1
2024-01-01,9,Sant Andreu,57,la Trinitat Vella,182,9001,939,1,2
2024-01-01,9,Sant Andreu,57,la Trinitat Vella,182,9001,32,2,1
2024-01-01,9,Sant Andreu,57,la Trinitat Vella,182,9001,29,2,2
2024-01-01,9,Sant Andreu,57,la Trinitat Vella,182,9001,426,3,1
2024-01-01,9,Sant Andreu,57,la Trinitat Vella,182,9001,498,3,2
2024-01-01,9,Sant Andreu,57,la Trinitat Vella,182,9001,..,4,1
2024-01-01,9,Sant Andreu,57,la Trinitat Vella,182,9002,774,1,1
2024-01-01,9,Sant Andreu,57,la Trinitat Vella,182,9002,690,1,2
2024-01-01,9,Sant Andreu,57,la Trinitat Vella,182,9002,38,2,1
2024-01-01,9,Sant Andreu,57,la Trinitat Vella,182,9002,32,2,2
2024-01-01,9,Sant Andreu,57,la Trinitat Vella,182,9002,306,3,1
2024-01-01,9,Sant Andreu,57,la Trinitat Vella,182,9002,376,3,2
2024-01-01,9,Sant Andreu,57,la Trinitat Vella,182,9003,785,1,1
2024-01-01,9,Sant Andreu,57,la Trinitat Vella,182,9003,773,1,2
2024-01-01,9,Sant Andreu,57,la Trinitat Vella,182,9003,43,2,1
2024-01-01,9,Sant Andreu,57,la Trinitat Vella,182,9003,43,2,2
2024-01-01,9,Sant Andreu,57,la Trinitat Vella,182,9003,298,3,1
2024-01-01,9,Sant Andreu,57,la Trinitat Vella,182,9003,334,3,2
2024-01-01,9,Sant Andreu,57,la Trinitat Vella,182,9004,625,1,1
2024-01-01,9,Sant Andreu,57,la Trinitat Vella,182,9004,613,1,2
2024-01-01,9,Sant Andreu,57,la Trinitat Vella,182,9004,18,2,1
2024-01-01,9,Sant Andreu,57,la Trinitat Vella,182,9004,15,2,2
2024-01-01,9,Sant Andreu,57,la Trinitat Vella,182,9004,203,3,1
2024-01-01,9,Sant Andreu,57,la Trinitat Vella,182,9004,233,3,2
2024-01-01,9,Sant Andreu,57,la Trinitat Vella,182,9005,686,1,1
2024-01-01,9,Sant Andreu,57,la Trinitat Vella,182,9005,655,1,2
2024-01-01,9,Sant Andreu,57,la Trinitat Vella,182,9005,26,2,1
2024-01-01,9,Sant Andreu,57,la Trinitat Vella,182,9005,40,2,2
2024-01-01,9,Sant Andreu,57,la Trinitat Vella,182,9005,131,3,1
2024-01-01,9,Sant Andreu,57,la Trinitat Vella,182,9005,145,3,2
2024-01-01,9,Sant Andreu,58,Baró de Viver,183,9006,559,1,1
2024-01-01,9,Sant Andreu,58,Baró de Viver,183,9006,558,1,2
2024-01-01,9,Sant Andreu,58,Baró de Viver,183,9006,12,2,1
2024-01-01,9,Sant Andreu,58,Baró de Viver,183,9006,9,2,2
2024-01-01,9,Sant Andreu,58,Baró de Viver,183,9006,91,3,1
2024-01-01,9,Sant Andreu,58,Baró de Viver,183,9006,68,3,2
2024-01-01,9,Sant Andreu,58,Baró de Viver,183,9007,554,1,1
2024-01-01,9,Sant Andreu,58,Baró de Viver,183,9007,517,1,2
2024-01-01,9,Sant Andreu,58,Baró de Viver,183,9007,12,2,1
2024-01-01,9,Sant Andreu,58,Baró de Viver,183,9007,8,2,2
2024-01-01,9,Sant Andreu,58,Baró de Viver,183,9007,116,3,1
2024-01-01,9,Sant Andreu,58,Baró de Viver,183,9007,108,3,2
2024-01-01,9,Sant Andreu,59,el Bon Pastor,184,9008,855,1,1
2024-01-01,9,Sant Andreu,59,el Bon Pastor,184,9008,867,1,2
2024-01-01,9,Sant Andreu,59,el Bon Pastor,184,9008,15,2,1
2024-01-01,9,Sant Andreu,59,el Bon Pastor,184,9008,15,2,2
2024-01-01,9,Sant Andreu,59,el Bon Pastor,184,9008,56,3,1
2024-01-01,9,Sant Andreu,59,el Bon Pastor,184,9008,55,3,2
2024-01-01,9,Sant Andreu,59,el Bon Pastor,184,9009,679,1,1
2024-01-01,9,Sant Andreu,59,el Bon Pastor,184,9009,600,1,2
2024-01-01,9,Sant Andreu,59,el Bon Pastor,184,9009,12,2,1
2024-01-01,9,Sant Andreu,59,el Bon Pastor,184,9009,14,2,2
2024-01-01,9,Sant Andreu,59,el Bon Pastor,184,9009,74,3,1
2024-01-01,9,Sant Andreu,59,el Bon Pastor,184,9009,58,3,2
2024-01-01,9,Sant Andreu,59,el Bon Pastor,185,9010,846,1,1
2024-01-01,9,Sant Andreu,59,el Bon Pastor,185,9010,755,1,2
2024-01-01,9,Sant Andreu,59,el Bon Pastor,185,9010,13,2,1
2024-01-01,9,Sant Andreu,59,el Bon Pastor,185,9010,8,2,2
2024-01-01,9,Sant Andreu,59,el Bon Pastor,185,9010,99,3,1
2024-01-01,9,Sant Andreu,59,el Bon Pastor,185,9010,89,3,2
2024-01-01,9,Sant Andreu,59,el Bon Pastor,185,9011,754,1,1
2024-01-01,9,Sant Andreu,59,el Bon Pastor,185,9011,716,1,2
2024-01-01,9,Sant Andreu,59,el Bon Pastor,185,9011,16,2,1
2024-01-01,9,Sant Andreu,59,el Bon Pastor,185,9011,16,2,2
2024-01-01,9,Sant Andreu,59,el Bon Pastor,185,9011,107,3,1
2024-01-01,9,Sant Andreu,59,el Bon Pastor,185,9011,104,3,2
2024-01-01,9,Sant Andreu,59,el Bon Pastor,185,9013,843,1,1
2024-01-01,9,Sant Andreu,59,el Bon Pastor,185,9013,730,1,2
2024-01-01,9,Sant Andreu,59,el Bon Pastor,185,9013,24,2,1
2024-01-01,9,Sant Andreu,59,el Bon Pastor,185,9013,30,2,2
2024-01-01,9,Sant Andreu,59,el Bon Pastor,185,9013,257,3,1
2024-01-01,9,Sant Andreu,59,el Bon Pastor,185,9013,284,3,2
2024-01-01,9,Sant Andreu,59,el Bon Pastor,185,9014,890,1,1
2024-01-01,9,Sant Andreu,59,el Bon Pastor,185,9014,907,1,2
2024-01-01,9,Sant Andreu,59,el Bon Pastor,185,9014,49,2,1
2024-01-01,9,Sant Andreu,59,el Bon Pastor,185,9014,75,2,2
2024-01-01,9,Sant Andreu,59,el Bon Pastor,185,9014,1182,3,1
2024-01-01,9,Sant Andreu,59,el Bon Pastor,185,9014,1738,3,2
2024-01-01,9,Sant Andreu,59,el Bon Pastor,185,9014,..,4,2
2024-01-01,9,Sant Andreu,59,el Bon Pastor,185,9015,731,1,1
2024-01-01,9,Sant Andreu,59,el Bon Pastor,185,9015,697,1,2
2024-01-01,9,Sant Andreu,59,el Bon Pastor,185,9015,23,2,1
2024-01-01,9,Sant Andreu,59,el Bon Pastor,185,9015,28,2,2
2024-01-01,9,Sant Andreu,59,el Bon Pastor,185,9015,248,3,1
2024-01-01,9,Sant Andreu,59,el Bon Pastor,185,9015,238,3,2
2024-01-01,9,Sant Andreu,60,Sant Andreu,186,9016,617,1,1
2024-01-01,9,Sant Andreu,60,Sant Andreu,186,9016,566,1,2
2024-01-01,9,Sant Andreu,60,Sant Andreu,186,9016,6,2,1
2024-01-01,9,Sant Andreu,60,Sant Andreu,186,9016,10,2,2
2024-01-01,9,Sant Andreu,60,Sant Andreu,186,9016,44,3,1
2024-01-01,9,Sant Andreu,60,Sant Andreu,186,9016,33,3,2
2024-01-01,9,Sant Andreu,60,Sant Andreu,186,9017,724,1,1
2024-01-01,9,Sant Andreu,60,Sant Andreu,186,9017,655,1,2
2024-01-01,9,Sant Andreu,60,Sant Andreu,186,9017,23,2,1
2024-01-01,9,Sant Andreu,60,Sant Andreu,186,9017,25,2,2
2024-01-01,9,Sant Andreu,60,Sant Andreu,186,9017,62,3,1
2024-01-01,9,Sant Andreu,60,Sant Andreu,186,9017,78,3,2
2024-01-01,9,Sant Andreu,60,Sant Andreu,186,9018,722,1,1
2024-01-01,9,Sant Andreu,60,Sant Andreu,186,9018,634,1,2
2024-01-01,9,Sant Andreu,60,Sant Andreu,186,9018,10,2,1
2024-01-01,9,Sant Andreu,60,Sant Andreu,186,9018,5,2,2
2024-01-01,9,Sant Andreu,60,Sant Andreu,186,9018,31,3,1
2024-01-01,9,Sant Andreu,60,Sant Andreu,186,9018,37,3,2
2024-01-01,9,Sant Andreu,60,Sant Andreu,186,9019,1269,1,1
2024-01-01,9,Sant Andreu,60,Sant Andreu,186,9019,1194,1,2
2024-01-01,9,Sant Andreu,60,Sant Andreu,186,9019,24,2,1
2024-01-01,9,Sant Andreu,60,Sant Andreu,186,9019,23,2,2
2024-01-01,9,Sant Andreu,60,Sant Andreu,186,9019,87,3,1
2024-01-01,9,Sant Andreu,60,Sant Andreu,186,9019,83,3,2
2024-01-01,9,Sant Andreu,60,Sant Andreu,186,9020,580,1,1
2024-01-01,9,Sant Andreu,60,Sant Andreu,186,9020,478,1,2
2024-01-01,9,Sant Andreu,60,Sant Andreu,186,9020,7,2,1
2024-01-01,9,Sant Andreu,60,Sant Andreu,186,9020,9,2,2
2024-01-01,9,Sant Andreu,60,Sant Andreu,186,9020,44,3,1
2024-01-01,9,Sant Andreu,60,Sant Andreu,186,9020,36,3,2
2024-01-01,9,Sant Andreu,60,Sant Andreu,186,9021,642,1,1
2024-01-01,9,Sant Andreu,60,Sant Andreu,186,9021,572,1,2
2024-01-01,9,Sant Andreu,60,Sant Andreu,186,9021,25,2,1
2024-01-01,9,Sant Andreu,60,Sant Andreu,186,9021,25,2,2
2024-01-01,9,Sant Andreu,60,Sant Andreu,186,9021,84,3,1
2024-01-01,9,Sant Andreu,60,Sant Andreu,186,9021,58,3,2
2024-01-01,9,Sant Andreu,60,Sant Andreu,186,9022,596,1,1
2024-01-01,9,Sant Andreu,60,Sant Andreu,186,9022,517,1,2
2024-01-01,9,Sant Andreu,60,Sant Andreu,186,9022,11,2,1
2024-01-01,9,Sant Andreu,60,Sant Andreu,186,9022,16,2,2
2024-01-01,9,Sant Andreu,60,Sant Andreu,186,9022,55,3,1
2024-01-01,9,Sant Andreu,60,Sant Andreu,186,9022,57,3,2
2024-01-01,9,Sant Andreu,60,Sant Andreu,186,9023,545,1,1
2024-01-01,9,Sant Andreu,60,Sant Andreu,186,9023,539,1,2
2024-01-01,9,Sant Andreu,60,Sant Andreu,186,9023,19,2,1
2024-01-01,9,Sant Andreu,60,Sant Andreu,186,9023,20,2,2
2024-01-01,9,Sant Andreu,60,Sant Andreu,186,9023,45,3,1
2024-01-01,9,Sant Andreu,60,Sant Andreu,186,9023,29,3,2
2024-01-01,9,Sant Andreu,60,Sant Andreu,187,9024,594,1,1
2024-01-01,9,Sant Andreu,60,Sant Andreu,187,9024,475,1,2
2024-01-01,9,Sant Andreu,60,Sant Andreu,187,9024,16,2,1
2024-01-01,9,Sant Andreu,60,Sant Andreu,187,9024,10,2,2
2024-01-01,9,Sant Andreu,60,Sant Andreu,187,9024,61,3,1
2024-01-01,9,Sant Andreu,60,Sant Andreu,187,9024,46,3,2
2024-01-01,9,Sant Andreu,60,Sant Andreu,187,9025,593,1,1
2024-01-01,9,Sant Andreu,60,Sant Andreu,187,9025,512,1,2
2024-01-01,9,Sant Andreu,60,Sant Andreu,187,9025,15,2,1
2024-01-01,9,Sant Andreu,60,Sant Andreu,187,9025,15,2,2
2024-01-01,9,Sant Andreu,60,Sant Andreu,187,9025,69,3,1
2024-01-01,9,Sant Andreu,60,Sant Andreu,187,9025,60,3,2
2024-01-01,9,Sant Andreu,60,Sant Andreu,187,9025,..,4,2
2024-01-01,9,Sant Andreu,60,Sant Andreu,187,9026,710,1,1
2024-01-01,9,Sant Andreu,60,Sant Andreu,187,9026,626,1,2
2024-01-01,9,Sant Andreu,60,Sant Andreu,187,9026,20,2,1
2024-01-01,9,Sant Andreu,60,Sant Andreu,187,9026,22,2,2
2024-01-01,9,Sant Andreu,60,Sant Andreu,187,9026,50,3,1
2024-01-01,9,Sant Andreu,60,Sant Andreu,187,9026,50,3,2
2024-01-01,9,Sant Andreu,60,Sant Andreu,187,9027,610,1,1
2024-01-01,9,Sant Andreu,60,Sant Andreu,187,9027,578,1,2
2024-01-01,9,Sant Andreu,60,Sant Andreu,187,9027,12,2,1
2024-01-01,9,Sant Andreu,60,Sant Andreu,187,9027,7,2,2
2024-01-01,9,Sant Andreu,60,Sant Andreu,187,9027,46,3,1
2024-01-01,9,Sant Andreu,60,Sant Andreu,187,9027,43,3,2
2024-01-01,9,Sant Andreu,60,Sant Andreu,188,9028,765,1,1
2024-01-01,9,Sant Andreu,60,Sant Andreu,188,9028,714,1,2
2024-01-01,9,Sant Andreu,60,Sant Andreu,188,9028,..,2,1
2024-01-01,9,Sant Andreu,60,Sant Andreu,188,9028,12,2,2
2024-01-01,9,Sant Andreu,60,Sant Andreu,188,9028,20,3,1
2024-01-01,9,Sant Andreu,60,Sant Andreu,188,9028,11,3,2
2024-01-01,9,Sant Andreu,60,Sant Andreu,188,9029,511,1,1
2024-01-01,9,Sant Andreu,60,Sant Andreu,188,9029,465,1,2
2024-01-01,9,Sant Andreu,60,Sant Andreu,188,9029,10,2,1
2024-01-01,9,Sant Andreu,60,Sant Andreu,188,9029,..,2,2
2024-01-01,9,Sant Andreu,60,Sant Andreu,188,9029,61,3,1
2024-01-01,9,Sant Andreu,60,Sant Andreu,188,9029,48,3,2
2024-01-01,9,Sant Andreu,60,Sant Andreu,188,9030,723,1,1
2024-01-01,9,Sant Andreu,60,Sant Andreu,188,9030,630,1,2
2024-01-01,9,Sant Andreu,60,Sant Andreu,188,9030,15,2,1
2024-01-01,9,Sant Andreu,60,Sant Andreu,188,9030,13,2,2
2024-01-01,9,Sant Andreu,60,Sant Andreu,188,9030,42,3,1
2024-01-01,9,Sant Andreu,60,Sant Andreu,188,9030,42,3,2
2024-01-01,9,Sant Andreu,60,Sant Andreu,188,9031,581,1,1
2024-01-01,9,Sant Andreu,60,Sant Andreu,188,9031,538,1,2
2024-01-01,9,Sant Andreu,60,Sant Andreu,188,9031,12,2,1
2024-01-01,9,Sant Andreu,60,Sant Andreu,188,9031,5,2,2
2024-01-01,9,Sant Andreu,60,Sant Andreu,188,9031,17,3,1
2024-01-01,9,Sant Andreu,60,Sant Andreu,188,9031,27,3,2
2024-01-01,9,Sant Andreu,60,Sant Andreu,189,9032,1016,1,1
2024-01-01,9,Sant Andreu,60,Sant Andreu,189,9032,885,1,2
2024-01-01,9,Sant Andreu,60,Sant Andreu,189,9032,16,2,1
2024-01-01,9,Sant Andreu,60,Sant Andreu,189,9032,18,2,2
2024-01-01,9,Sant Andreu,60,Sant Andreu,189,9032,141,3,1
2024-01-01,9,Sant Andreu,60,Sant Andreu,189,9032,134,3,2
2024-01-01,9,Sant Andreu,60,Sant Andreu,189,9033,1450,1,1
2024-01-01,9,Sant Andreu,60,Sant Andreu,189,9033,1368,1,2
2024-01-01,9,Sant Andreu,60,Sant Andreu,189,9033,53,2,1
2024-01-01,9,Sant Andreu,60,Sant Andreu,189,9033,45,2,2
2024-01-01,9,Sant Andreu,60,Sant Andreu,189,9033,215,3,1
2024-01-01,9,Sant Andreu,60,Sant Andreu,189,9033,208,3,2
2024-01-01,9,Sant Andreu,60,Sant Andreu,190,9034,665,1,1
2024-01-01,9,Sant Andreu,60,Sant Andreu,190,9034,570,1,2
2024-01-01,9,Sant Andreu,60,Sant Andreu,190,9034,5,2,1
2024-01-01,9,Sant Andreu,60,Sant Andreu,190,9034,13,2,2
2024-01-01,9,Sant Andreu,60,Sant Andreu,190,9034,107,3,1
2024-01-01,9,Sant Andreu,60,Sant Andreu,190,9034,100,3,2
2024-01-01,9,Sant Andreu,60,Sant Andreu,190,9035,723,1,1
2024-01-01,9,Sant Andreu,60,Sant Andreu,190,9035,620,1,2
2024-01-01,9,Sant Andreu,60,Sant Andreu,190,9035,20,2,1
2024-01-01,9,Sant Andreu,60,Sant Andreu,190,9035,21,2,2
2024-01-01,9,Sant Andreu,60,Sant Andreu,190,9035,83,3,1
2024-01-01,9,Sant Andreu,60,Sant Andreu,190,9035,79,3,2
2024-01-01,9,Sant Andreu,60,Sant Andreu,190,9036,706,1,1
2024-01-01,9,Sant Andreu,60,Sant Andreu,190,9036,607,1,2
2024-01-01,9,Sant Andreu,60,Sant Andreu,190,9036,17,2,1
2024-01-01,9,Sant Andreu,60,Sant Andreu,190,9036,13,2,2
2024-01-01,9,Sant Andreu,60,Sant Andreu,190,9036,38,3,1
2024-01-01,9,Sant Andreu,60,Sant Andreu,190,9036,26,3,2
2024-01-01,9,Sant Andreu,60,Sant Andreu,190,9037,718,1,1
2024-01-01,9,Sant Andreu,60,Sant Andreu,190,9037,602,1,2
2024-01-01,9,Sant Andreu,60,Sant Andreu,190,9037,13,2,1
2024-01-01,9,Sant Andreu,60,Sant Andreu,190,9037,12,2,2
2024-01-01,9,Sant Andreu,60,Sant Andreu,190,9037,114,3,1
2024-01-01,9,Sant Andreu,60,Sant Andreu,190,9037,293,3,2
2024-01-01,9,Sant Andreu,60,Sant Andreu,190,9038,836,1,1
2024-01-01,9,Sant Andreu,60,Sant Andreu,190,9038,749,1,2
2024-01-01,9,Sant Andreu,60,Sant Andreu,190,9038,12,2,1
2024-01-01,9,Sant Andreu,60,Sant Andreu,190,9038,10,2,2
2024-01-01,9,Sant Andreu,60,Sant Andreu,190,9038,81,3,1
2024-01-01,9,Sant Andreu,60,Sant Andreu,190,9038,49,3,2
2024-01-01,9,Sant Andreu,60,Sant Andreu,190,9039,735,1,1
2024-01-01,9,Sant Andreu,60,Sant Andreu,190,9039,660,1,2
2024-01-01,9,Sant Andreu,60,Sant Andreu,190,9039,19,2,1
2024-01-01,9,Sant Andreu,60,Sant Andreu,190,9039,29,2,2
2024-01-01,9,Sant Andreu,60,Sant Andreu,190,9039,76,3,1
2024-01-01,9,Sant Andreu,60,Sant Andreu,190,9039,68,3,2
2024-01-01,9,Sant Andreu,60,Sant Andreu,191,9040,816,1,1
2024-01-01,9,Sant Andreu,60,Sant Andreu,191,9040,684,1,2
2024-01-01,9,Sant Andreu,60,Sant Andreu,191,9040,24,2,1
2024-01-01,9,Sant Andreu,60,Sant Andreu,191,9040,31,2,2
2024-01-01,9,Sant Andreu,60,Sant Andreu,191,9040,79,3,1
2024-01-01,9,Sant Andreu,60,Sant Andreu,191,9040,81,3,2
2024-01-01,9,Sant Andreu,60,Sant Andreu,191,9041,682,1,1
2024-01-01,9,Sant Andreu,60,Sant Andreu,191,9041,566,1,2
2024-01-01,9,Sant Andreu,60,Sant Andreu,191,9041,17,2,1
2024-01-01,9,Sant Andreu,60,Sant Andreu,191,9041,19,2,2
2024-01-01,9,Sant Andreu,60,Sant Andreu,191,9041,69,3,1
2024-01-01,9,Sant Andreu,60,Sant Andreu,191,9041,55,3,2
2024-01-01,9,Sant Andreu,60,Sant Andreu,191,9041,..,4,2
2024-01-01,9,Sant Andreu,60,Sant Andreu,191,9042,602,1,1
2024-01-01,9,Sant Andreu,60,Sant Andreu,191,9042,490,1,2
2024-01-01,9,Sant Andreu,60,Sant Andreu,191,9042,24,2,1
2024-01-01,9,Sant Andreu,60,Sant Andreu,191,9042,16,2,2
2024-01-01,9,Sant Andreu,60,Sant Andreu,191,9042,78,3,1
2024-01-01,9,Sant Andreu,60,Sant Andreu,191,9042,63,3,2
2024-01-01,9,Sant Andreu,60,Sant Andreu,191,9043,607,1,1
2024-01-01,9,Sant Andreu,60,Sant Andreu,191,9043,549,1,2
2024-01-01,9,Sant Andreu,60,Sant Andreu,191,9043,37,2,1
2024-01-01,9,Sant Andreu,60,Sant Andreu,191,9043,23,2,2
2024-01-01,9,Sant Andreu,60,Sant Andreu,191,9043,88,3,1
2024-01-01,9,Sant Andreu,60,Sant Andreu,191,9043,101,3,2
2024-01-01,9,Sant Andreu,60,Sant Andreu,191,9044,703,1,1
2024-01-01,9,Sant Andreu,60,Sant Andreu,191,9044,639,1,2
2024-01-01,9,Sant Andreu,60,Sant Andreu,191,9044,27,2,1
2024-01-01,9,Sant Andreu,60,Sant Andreu,191,9044,22,2,2
2024-01-01,9,Sant Andreu,60,Sant Andreu,191,9044,62,3,1
2024-01-01,9,Sant Andreu,60,Sant Andreu,191,9044,81,3,2
2024-01-01,9,Sant Andreu,60,Sant Andreu,191,9045,694,1,1
2024-01-01,9,Sant Andreu,60,Sant Andreu,191,9045,575,1,2
2024-01-01,9,Sant Andreu,60,Sant Andreu,191,9045,16,2,1
2024-01-01,9,Sant Andreu,60,Sant Andreu,191,9045,16,2,2
2024-01-01,9,Sant Andreu,60,Sant Andreu,191,9045,65,3,1
2024-01-01,9,Sant Andreu,60,Sant Andreu,191,9045,66,3,2
2024-01-01,9,Sant Andreu,60,Sant Andreu,192,9046,637,1,1
2024-01-01,9,Sant Andreu,60,Sant Andreu,192,9046,552,1,2
2024-01-01,9,Sant Andreu,60,Sant Andreu,192,9046,22,2,1
2024-01-01,9,Sant Andreu,60,Sant Andreu,192,9046,14,2,2
2024-01-01,9,Sant Andreu,60,Sant Andreu,192,9046,53,3,1
2024-01-01,9,Sant Andreu,60,Sant Andreu,192,9046,47,3,2
2024-01-01,9,Sant Andreu,60,Sant Andreu,192,9047,745,1,1
2024-01-01,9,Sant Andreu,60,Sant Andreu,192,9047,659,1,2
2024-01-01,9,Sant Andreu,60,Sant Andreu,192,9047,32,2,1
2024-01-01,9,Sant Andreu,60,Sant Andreu,192,9047,22,2,2
2024-01-01,9,Sant Andreu,60,Sant Andreu,192,9047,79,3,1
2024-01-01,9,Sant Andreu,60,Sant Andreu,192,9047,73,3,2
2024-01-01,9,Sant Andreu,60,Sant Andreu,192,9048,645,1,1
2024-01-01,9,Sant Andreu,60,Sant Andreu,192,9048,558,1,2
2024-01-01,9,Sant Andreu,60,Sant Andreu,192,9048,13,2,1
2024-01-01,9,Sant Andreu,60,Sant Andreu,192,9048,13,2,2
2024-01-01,9,Sant Andreu,60,Sant Andreu,192,9048,69,3,1
2024-01-01,9,Sant Andreu,60,Sant Andreu,192,9048,73,3,2
2024-01-01,9,Sant Andreu,60,Sant Andreu,192,9048,..,4,1
2024-01-01,9,Sant Andreu,60,Sant Andreu,192,9049,561,1,1
2024-01-01,9,Sant Andreu,60,Sant Andreu,192,9049,493,1,2
2024-01-01,9,Sant Andreu,60,Sant Andreu,192,9049,10,2,1
2024-01-01,9,Sant Andreu,60,Sant Andreu,192,9049,8,2,2
2024-01-01,9,Sant Andreu,60,Sant Andreu,192,9049,105,3,1
2024-01-01,9,Sant Andreu,60,Sant Andreu,192,9049,93,3,2
2024-01-01,9,Sant Andreu,60,Sant Andreu,192,9050,696,1,1
2024-01-01,9,Sant Andreu,60,Sant Andreu,192,9050,636,1,2
2024-01-01,9,Sant Andreu,60,Sant Andreu,192,9050,33,2,1
2024-01-01,9,Sant Andreu,60,Sant Andreu,192,9050,27,2,2
2024-01-01,9,Sant Andreu,60,Sant Andreu,192,9050,91,3,1
2024-01-01,9,Sant Andreu,60,Sant Andreu,192,9050,79,3,2
2024-01-01,9,Sant Andreu,60,Sant Andreu,192,9051,562,1,1
2024-01-01,9,Sant Andreu,60,Sant Andreu,192,9051,529,1,2
2024-01-01,9,Sant Andreu,60,Sant Andreu,192,9051,17,2,1
2024-01-01,9,Sant Andreu,60,Sant Andreu,192,9051,24,2,2
2024-01-01,9,Sant Andreu,60,Sant Andreu,192,9051,68,3,1
2024-01-01,9,Sant Andreu,60,Sant Andreu,192,9051,60,3,2
2024-01-01,9,Sant Andreu,60,Sant Andreu,192,9052,571,1,1
2024-01-01,9,Sant Andreu,60,Sant Andreu,192,9052,504,1,2
2024-01-01,9,Sant Andreu,60,Sant Andreu,192,9052,14,2,1
2024-01-01,9,Sant Andreu,60,Sant Andreu,192,9052,13,2,2
2024-01-01,9,Sant Andreu,60,Sant Andreu,192,9052,50,3,1
2024-01-01,9,Sant Andreu,60,Sant Andreu,192,9052,61,3,2
2024-01-01,9,Sant Andreu,60,Sant Andreu,192,9053,797,1,1
2024-01-01,9,Sant Andreu,60,Sant Andreu,192,9053,673,1,2
2024-01-01,9,Sant Andreu,60,Sant Andreu,192,9053,20,2,1
2024-01-01,9,Sant Andreu,60,Sant Andreu,192,9053,14,2,2
2024-01-01,9,Sant Andreu,60,Sant Andreu,192,9053,91,3,1
2024-01-01,9,Sant Andreu,60,Sant Andreu,192,9053,90,3,2
2024-01-01,9,Sant Andreu,60,Sant Andreu,192,9054,497,1,1
2024-01-01,9,Sant Andreu,60,Sant Andreu,192,9054,422,1,2
2024-01-01,9,Sant Andreu,60,Sant Andreu,192,9054,15,2,1
2024-01-01,9,Sant Andreu,60,Sant Andreu,192,9054,8,2,2
2024-01-01,9,Sant Andreu,60,Sant Andreu,192,9054,70,3,1
2024-01-01,9,Sant Andreu,60,Sant Andreu,192,9054,56,3,2
2024-01-01,9,Sant Andreu,61,la Sagrera,193,9055,766,1,1
2024-01-01,9,Sant Andreu,61,la Sagrera,193,9055,652,1,2
2024-01-01,9,Sant Andreu,61,la Sagrera,193,9055,15,2,1
2024-01-01,9,Sant Andreu,61,la Sagrera,193,9055,22,2,2
2024-01-01,9,Sant Andreu,61,la Sagrera,193,9055,182,3,1
2024-01-01,9,Sant Andreu,61,la Sagrera,193,9055,194,3,2
2024-01-01,9,Sant Andreu,61,la Sagrera,193,9055,..,4,1
2024-01-01,9,Sant Andreu,61,la Sagrera,193,9056,533,1,1
2024-01-01,9,Sant Andreu,61,la Sagrera,193,9056,460,1,2
2024-01-01,9,Sant Andreu,61,la Sagrera,193,9056,10,2,1
2024-01-01,9,Sant Andreu,61,la Sagrera,193,9056,9,2,2
2024-01-01,9,Sant Andreu,61,la Sagrera,193,9056,63,3,1
2024-01-01,9,Sant Andreu,61,la Sagrera,193,9056,68,3,2
2024-01-01,9,Sant Andreu,61,la Sagrera,193,9057,674,1,1
2024-01-01,9,Sant Andreu,61,la Sagrera,193,9057,603,1,2
2024-01-01,9,Sant Andreu,61,la Sagrera,193,9057,33,2,1
2024-01-01,9,Sant Andreu,61,la Sagrera,193,9057,33,2,2
2024-01-01,9,Sant Andreu,61,la Sagrera,193,9057,205,3,1
2024-01-01,9,Sant Andreu,61,la Sagrera,193,9057,185,3,2
2024-01-01,9,Sant Andreu,61,la Sagrera,193,9058,667,1,1
2024-01-01,9,Sant Andreu,61,la Sagrera,193,9058,602,1,2
2024-01-01,9,Sant Andreu,61,la Sagrera,193,9058,27,2,1
2024-01-01,9,Sant Andreu,61,la Sagrera,193,9058,23,2,2
2024-01-01,9,Sant Andreu,61,la Sagrera,193,9058,108,3,1
2024-01-01,9,Sant Andreu,61,la Sagrera,193,9058,117,3,2
2024-01-01,9,Sant Andreu,61,la Sagrera,193,9059,633,1,1
2024-01-01,9,Sant Andreu,61,la Sagrera,193,9059,589,1,2
2024-01-01,9,Sant Andreu,61,la Sagrera,193,9059,32,2,1
2024-01-01,9,Sant Andreu,61,la Sagrera,193,9059,28,2,2
2024-01-01,9,Sant Andreu,61,la Sagrera,193,9059,91,3,1
2024-01-01,9,Sant Andreu,61,la Sagrera,193,9059,79,3,2
2024-01-01,9,Sant Andreu,61,la Sagrera,193,9060,632,1,1
2024-01-01,9,Sant Andreu,61,la Sagrera,193,9060,517,1,2
2024-01-01,9,Sant Andreu,61,la Sagrera,193,9060,26,2,1
2024-01-01,9,Sant Andreu,61,la Sagrera,193,9060,32,2,2
2024-01-01,9,Sant Andreu,61,la Sagrera,193,9060,95,3,1
2024-01-01,9,Sant Andreu,61,la Sagrera,193,9060,97,3,2
2024-01-01,9,Sant Andreu,61,la Sagrera,193,9156,558,1,1
2024-01-01,9,Sant Andreu,61,la Sagrera,193,9156,489,1,2
2024-01-01,9,Sant Andreu,61,la Sagrera,193,9156,28,2,1
2024-01-01,9,Sant Andreu,61,la Sagrera,193,9156,21,2,2
2024-01-01,9,Sant Andreu,61,la Sagrera,193,9156,85,3,1
2024-01-01,9,Sant Andreu,61,la Sagrera,193,9156,68,3,2
2024-01-01,9,Sant Andreu,61,la Sagrera,194,9061,801,1,1
2024-01-01,9,Sant Andreu,61,la Sagrera,194,9061,721,1,2
2024-01-01,9,Sant Andreu,61,la Sagrera,194,9061,29,2,1
2024-01-01,9,Sant Andreu,61,la Sagrera,194,9061,47,2,2
2024-01-01,9,Sant Andreu,61,la Sagrera,194,9061,106,3,1
2024-01-01,9,Sant Andreu,61,la Sagrera,194,9061,84,3,2
2024-01-01,9,Sant Andreu,61,la Sagrera,194,9061,..,4,1
2024-01-01,9,Sant Andreu,61,la Sagrera,194,9062,680,1,1
2024-01-01,9,Sant Andreu,61,la Sagrera,194,9062,610,1,2
2024-01-01,9,Sant Andreu,61,la Sagrera,194,9062,46,2,1
2024-01-01,9,Sant Andreu,61,la Sagrera,194,9062,33,2,2
2024-01-01,9,Sant Andreu,61,la Sagrera,194,9062,108,3,1
2024-01-01,9,Sant Andreu,61,la Sagrera,194,9062,111,3,2
2024-01-01,9,Sant Andreu,61,la Sagrera,195,9063,503,1,1
2024-01-01,9,Sant Andreu,61,la Sagrera,195,9063,468,1,2
2024-01-01,9,Sant Andreu,61,la Sagrera,195,9063,28,2,1
2024-01-01,9,Sant Andreu,61,la Sagrera,195,9063,38,2,2
2024-01-01,9,Sant Andreu,61,la Sagrera,195,9063,54,3,1
2024-01-01,9,Sant Andreu,61,la Sagrera,195,9063,45,3,2
2024-01-01,9,Sant Andreu,61,la Sagrera,195,9064,531,1,1
2024-01-01,9,Sant Andreu,61,la Sagrera,195,9064,469,1,2
2024-01-01,9,Sant Andreu,61,la Sagrera,195,9064,22,2,1
2024-01-01,9,Sant Andreu,61,la Sagrera,195,9064,14,2,2
2024-01-01,9,Sant Andreu,61,la Sagrera,195,9064,71,3,1
2024-01-01,9,Sant Andreu,61,la Sagrera,195,9064,56,3,2
2024-01-01,9,Sant Andreu,61,la Sagrera,195,9065,896,1,1
2024-01-01,9,Sant Andreu,61,la Sagrera,195,9065,759,1,2
2024-01-01,9,Sant Andreu,61,la Sagrera,195,9065,35,2,1
2024-01-01,9,Sant Andreu,61,la Sagrera,195,9065,32,2,2
2024-01-01,9,Sant Andreu,61,la Sagrera,195,9065,205,3,1
2024-01-01,9,Sant Andreu,61,la Sagrera,195,9065,173,3,2
2024-01-01,9,Sant Andreu,61,la Sagrera,195,9065,..,4,1
2024-01-01,9,Sant Andreu,61,la Sagrera,195,9066,629,1,1
2024-01-01,9,Sant Andreu,61,la Sagrera,195,9066,581,1,2
2024-01-01,9,Sant Andreu,61,la Sagrera,195,9066,33,2,1
2024-01-01,9,Sant Andreu,61,la Sagrera,195,9066,27,2,2
2024-01-01,9,Sant Andreu,61,la Sagrera,195,9066,67,3,1
2024-01-01,9,Sant Andreu,61,la Sagrera,195,9066,63,3,2
2024-01-01,9,Sant Andreu,61,la Sagrera,195,9067,650,1,1
2024-01-01,9,Sant Andreu,61,la Sagrera,195,9067,570,1,2
2024-01-01,9,Sant Andreu,61,la Sagrera,195,9067,28,2,1
2024-01-01,9,Sant Andreu,61,la Sagrera,195,9067,27,2,2
2024-01-01,9,Sant Andreu,61,la Sagrera,195,9067,137,3,1
2024-01-01,9,Sant Andreu,61,la Sagrera,195,9067,122,3,2
2024-01-01,9,Sant Andreu,61,la Sagrera,196,9068,671,1,1
2024-01-01,9,Sant Andreu,61,la Sagrera,196,9068,655,1,2
2024-01-01,9,Sant Andreu,61,la Sagrera,196,9068,27,2,1
2024-01-01,9,Sant Andreu,61,la Sagrera,196,9068,22,2,2
2024-01-01,9,Sant Andreu,61,la Sagrera,196,9068,113,3,1
2024-01-01,9,Sant Andreu,61,la Sagrera,196,9068,84,3,2
2024-01-01,9,Sant Andreu,61,la Sagrera,196,9069,439,1,1
2024-01-01,9,Sant Andreu,61,la Sagrera,196,9069,354,1,2
2024-01-01,9,Sant Andreu,61,la Sagrera,196,9069,9,2,1
2024-01-01,9,Sant Andreu,61,la Sagrera,196,9069,20,2,2
2024-01-01,9,Sant Andreu,61,la Sagrera,196,9069,98,3,1
2024-01-01,9,Sant Andreu,61,la Sagrera,196,9069,75,3,2
2024-01-01,9,Sant Andreu,61,la Sagrera,196,9070,692,1,1
2024-01-01,9,Sant Andreu,61,la Sagrera,196,9070,597,1,2
2024-01-01,9,Sant Andreu,61,la Sagrera,196,9070,41,2,1
2024-01-01,9,Sant Andreu,61,la Sagrera,196,9070,39,2,2
2024-01-01,9,Sant Andreu,61,la Sagrera,196,9070,231,3,1
2024-01-01,9,Sant Andreu,61,la Sagrera,196,9070,216,3,2
2024-01-01,9,Sant Andreu,61,la Sagrera,196,9071,824,1,1
2024-01-01,9,Sant Andreu,61,la Sagrera,196,9071,691,1,2
2024-01-01,9,Sant Andreu,61,la Sagrera,196,9071,22,2,1
2024-01-01,9,Sant Andreu,61,la Sagrera,196,9071,29,2,2
2024-01-01,9,Sant Andreu,61,la Sagrera,196,9071,198,3,1
2024-01-01,9,Sant Andreu,61,la Sagrera,196,9071,174,3,2
2024-01-01,9,Sant Andreu,61,la Sagrera,196,9072,618,1,1
2024-01-01,9,Sant Andreu,61,la Sagrera,196,9072,495,1,2
2024-01-01,9,Sant Andreu,61,la Sagrera,196,9072,33,2,1
2024-01-01,9,Sant Andreu,61,la Sagrera,196,9072,40,2,2
2024-01-01,9,Sant Andreu,61,la Sagrera,196,9072,180,3,1
2024-01-01,9,Sant Andreu,61,la Sagrera,196,9072,157,3,2
2024-01-01,9,Sant Andreu,61,la Sagrera,196,9073,683,1,1
2024-01-01,9,Sant Andreu,61,la Sagrera,196,9073,601,1,2
2024-01-01,9,Sant Andreu,61,la Sagrera,196,9073,20,2,1
2024-01-01,9,Sant Andreu,61,la Sagrera,196,9073,22,2,2
2024-01-01,9,Sant Andreu,61,la Sagrera,196,9073,77,3,1
2024-01-01,9,Sant Andreu,61,la Sagrera,196,9073,82,3,2
2024-01-01,9,Sant Andreu,62,el Congrés i els Indians,197,9074,756,1,1
2024-01-01,9,Sant Andreu,62,el Congrés i els Indians,197,9074,686,1,2
2024-01-01,9,Sant Andreu,62,el Congrés i els Indians,197,9074,31,2,1
2024-01-01,9,Sant Andreu,62,el Congrés i els Indians,197,9074,38,2,2
2024-01-01,9,Sant Andreu,62,el Congrés i els Indians,197,9074,134,3,1
2024-01-01,9,Sant Andreu,62,el Congrés i els Indians,197,9074,107,3,2
2024-01-01,9,Sant Andreu,62,el Congrés i els Indians,197,9075,647,1,1
2024-01-01,9,Sant Andreu,62,el Congrés i els Indians,197,9075,630,1,2
2024-01-01,9,Sant Andreu,62,el Congrés i els Indians,197,9075,30,2,1
2024-01-01,9,Sant Andreu,62,el Congrés i els Indians,197,9075,22,2,2
2024-01-01,9,Sant Andreu,62,el Congrés i els Indians,197,9075,138,3,1
2024-01-01,9,Sant Andreu,62,el Congrés i els Indians,197,9075,124,3,2
2024-01-01,9,Sant Andreu,62,el Congrés i els Indians,197,9076,666,1,1
2024-01-01,9,Sant Andreu,62,el Congrés i els Indians,197,9076,572,1,2
2024-01-01,9,Sant Andreu,62,el Congrés i els Indians,197,9076,29,2,1
2024-01-01,9,Sant Andreu,62,el Congrés i els Indians,197,9076,21,2,2
2024-01-01,9,Sant Andreu,62,el Congrés i els Indians,197,9076,99,3,1
2024-01-01,9,Sant Andreu,62,el Congrés i els Indians,197,9076,98,3,2
2024-01-01,9,Sant Andreu,62,el Congrés i els Indians,197,9077,744,1,1
2024-01-01,9,Sant Andreu,62,el Congrés i els Indians,197,9077,662,1,2
2024-01-01,9,Sant Andreu,62,el Congrés i els Indians,197,9077,27,2,1
2024-01-01,9,Sant Andreu,62,el Congrés i els Indians,197,9077,28,2,2
2024-01-01,9,Sant Andreu,62,el Congrés i els Indians,197,9077,113,3,1
2024-01-01,9,Sant Andreu,62,el Congrés i els Indians,197,9077,76,3,2
2024-01-01,9,Sant Andreu,62,el Congrés i els Indians,198,9078,649,1,1
2024-01-01,9,Sant Andreu,62,el Congrés i els Indians,198,9078,565,1,2
2024-01-01,9,Sant Andreu,62,el Congrés i els Indians,198,9078,26,2,1
2024-01-01,9,Sant Andreu,62,el Congrés i els Indians,198,9078,30,2,2
2024-01-01,9,Sant Andreu,62,el Congrés i els Indians,198,9078,125,3,1
2024-01-01,9,Sant Andreu,62,el Congrés i els Indians,198,9078,102,3,2
2024-01-01,9,Sant Andreu,62,el Congrés i els Indians,198,9079,749,1,1
2024-01-01,9,Sant Andreu,62,el Congrés i els Indians,198,9079,646,1,2
2024-01-01,9,Sant Andreu,62,el Congrés i els Indians,198,9079,34,2,1
2024-01-01,9,Sant Andreu,62,el Congrés i els Indians,198,9079,29,2,2
2024-01-01,9,Sant Andreu,62,el Congrés i els Indians,198,9079,114,3,1
2024-01-01,9,Sant Andreu,62,el Congrés i els Indians,198,9079,116,3,2
2024-01-01,9,Sant Andreu,62,el Congrés i els Indians,198,9080,608,1,1
2024-01-01,9,Sant Andreu,62,el Congrés i els Indians,198,9080,529,1,2
2024-01-01,9,Sant Andreu,62,el Congrés i els Indians,198,9080,21,2,1
2024-01-01,9,Sant Andreu,62,el Congrés i els Indians,198,9080,38,2,2
2024-01-01,9,Sant Andreu,62,el Congrés i els Indians,198,9080,85,3,1
2024-01-01,9,Sant Andreu,62,el Congrés i els Indians,198,9080,92,3,2
2024-01-01,9,Sant Andreu,62,el Congrés i els Indians,198,9081,785,1,1
2024-01-01,9,Sant Andreu,62,el Congrés i els Indians,198,9081,662,1,2
2024-01-01,9,Sant Andreu,62,el Congrés i els Indians,198,9081,38,2,1
2024-01-01,9,Sant Andreu,62,el Congrés i els Indians,198,9081,40,2,2
2024-01-01,9,Sant Andreu,62,el Congrés i els Indians,198,9081,143,3,1
2024-01-01,9,Sant Andreu,62,el Congrés i els Indians,198,9081,141,3,2
2024-01-01,9,Sant Andreu,62,el Congrés i els Indians,198,9081,..,4,1
2024-01-01,9,Sant Andreu,62,el Congrés i els Indians,198,9082,863,1,1
2024-01-01,9,Sant Andreu,62,el Congrés i els Indians,198,9082,771,1,2
2024-01-01,9,Sant Andreu,62,el Congrés i els Indians,198,9082,45,2,1
2024-01-01,9,Sant Andreu,62,el Congrés i els Indians,198,9082,57,2,2
2024-01-01,9,Sant Andreu,62,el Congrés i els Indians,198,9082,174,3,1
2024-01-01,9,Sant Andreu,62,el Congrés i els Indians,198,9082,188,3,2
2024-01-01,9,Sant Andreu,62,el Congrés i els Indians,198,9082,..,4,1
2024-01-01,9,Sant Andreu,63,Navas,199,9083,752,1,1
2024-01-01,9,Sant Andreu,63,Navas,199,9083,645,1,2
2024-01-01,9,Sant Andreu,63,Navas,199,9083,35,2,1
2024-01-01,9,Sant Andreu,63,Navas,199,9083,40,2,2
2024-01-01,9,Sant Andreu,63,Navas,199,9083,118,3,1
2024-01-01,9,Sant Andreu,63,Navas,199,9083,96,3,2
2024-01-01,9,Sant Andreu,63,Navas,199,9084,749,1,1
2024-01-01,9,Sant Andreu,63,Navas,199,9084,659,1,2
2024-01-01,9,Sant Andreu,63,Navas,199,9084,38,2,1
2024-01-01,9,Sant Andreu,63,Navas,199,9084,50,2,2
2024-01-01,9,Sant Andreu,63,Navas,199,9084,127,3,1
2024-01-01,9,Sant Andreu,63,Navas,199,9084,110,3,2
2024-01-01,9,Sant Andreu,63,Navas,199,9085,791,1,1
2024-01-01,9,Sant Andreu,63,Navas,199,9085,661,1,2
2024-01-01,9,Sant Andreu,63,Navas,199,9085,47,2,1
2024-01-01,9,Sant Andreu,63,Navas,199,9085,49,2,2
2024-01-01,9,Sant Andreu,63,Navas,199,9085,128,3,1
2024-01-01,9,Sant Andreu,63,Navas,199,9085,99,3,2
2024-01-01,9,Sant Andreu,63,Navas,199,9086,635,1,1
2024-01-01,9,Sant Andreu,63,Navas,199,9086,547,1,2
2024-01-01,9,Sant Andreu,63,Navas,199,9086,34,2,1
2024-01-01,9,Sant Andreu,63,Navas,199,9086,42,2,2
2024-01-01,9,Sant Andreu,63,Navas,199,9086,130,3,1
2024-01-01,9,Sant Andreu,63,Navas,199,9086,130,3,2
2024-01-01,9,Sant Andreu,63,Navas,199,9086,..,4,1
2024-01-01,9,Sant Andreu,63,Navas,199,9087,571,1,1
2024-01-01,9,Sant Andreu,63,Navas,199,9087,517,1,2
2024-01-01,9,Sant Andreu,63,Navas,199,9087,29,2,1
2024-01-01,9,Sant Andreu,63,Navas,199,9087,32,2,2
2024-01-01,9,Sant Andreu,63,Navas,199,9087,66,3,1
2024-01-01,9,Sant Andreu,63,Navas,199,9087,79,3,2
2024-01-01,9,Sant Andreu,63,Navas,199,9087,..,4,2
2024-01-01,9,Sant Andreu,63,Navas,199,9088,896,1,1
2024-01-01,9,Sant Andreu,63,Navas,199,9088,718,1,2
2024-01-01,9,Sant Andreu,63,Navas,199,9088,31,2,1
2024-01-01,9,Sant Andreu,63,Navas,199,9088,42,2,2
2024-01-01,9,Sant Andreu,63,Navas,199,9088,141,3,1
2024-01-01,9,Sant Andreu,63,Navas,199,9088,134,3,2
2024-01-01,9,Sant Andreu,63,Navas,199,9089,672,1,1
2024-01-01,9,Sant Andreu,63,Navas,199,9089,542,1,2
2024-01-01,9,Sant Andreu,63,Navas,199,9089,33,2,1
2024-01-01,9,Sant Andreu,63,Navas,199,9089,36,2,2
2024-01-01,9,Sant Andreu,63,Navas,199,9089,124,3,1
2024-01-01,9,Sant Andreu,63,Navas,199,9089,109,3,2
2024-01-01,9,Sant Andreu,63,Navas,200,9090,655,1,1
2024-01-01,9,Sant Andreu,63,Navas,200,9090,557,1,2
2024-01-01,9,Sant Andreu,63,Navas,200,9090,31,2,1
2024-01-01,9,Sant Andreu,63,Navas,200,9090,33,2,2
2024-01-01,9,Sant Andreu,63,Navas,200,9090,141,3,1
2024-01-01,9,Sant Andreu,63,Navas,200,9090,154,3,2
2024-01-01,9,Sant Andreu,63,Navas,200,9091,818,1,1
2024-01-01,9,Sant Andreu,63,Navas,200,9091,694,1,2
2024-01-01,9,Sant Andreu,63,Navas,200,9091,26,2,1
2024-01-01,9,Sant Andreu,63,Navas,200,9091,35,2,2
2024-01-01,9,Sant Andreu,63,Navas,200,9091,152,3,1
2024-01-01,9,Sant Andreu,63,Navas,200,9091,138,3,2
2024-01-01,9,Sant Andreu,63,Navas,200,9092,828,1,1
2024-01-01,9,Sant Andreu,63,Navas,200,9092,759,1,2
2024-01-01,9,Sant Andreu,63,Navas,200,9092,29,2,1
2024-01-01,9,Sant Andreu,63,Navas,200,9092,25,2,2
2024-01-01,9,Sant Andreu,63,Navas,200,9092,138,3,1
2024-01-01,9,Sant Andreu,63,Navas,200,9092,132,3,2
2024-01-01,9,Sant Andreu,63,Navas,200,9093,591,1,1
2024-01-01,9,Sant Andreu,63,Navas,200,9093,510,1,2
2024-01-01,9,Sant Andreu,63,Navas,200,9093,24,2,1
2024-01-01,9,Sant Andreu,63,Navas,200,9093,26,2,2
2024-01-01,9,Sant Andreu,63,Navas,200,9093,78,3,1
2024-01-01,9,Sant Andreu,63,Navas,200,9093,97,3,2
2024-01-01,9,Sant Andreu,63,Navas,200,9094,882,1,1
2024-01-01,9,Sant Andreu,63,Navas,200,9094,770,1,2
2024-01-01,9,Sant Andreu,63,Navas,200,9094,57,2,1
2024-01-01,9,Sant Andreu,63,Navas,200,9094,62,2,2
2024-01-01,9,Sant Andreu,63,Navas,200,9094,138,3,1
2024-01-01,9,Sant Andreu,63,Navas,200,9094,153,3,2
2024-01-01,9,Sant Andreu,63,Navas,200,9095,943,1,1
2024-01-01,9,Sant Andreu,63,Navas,200,9095,859,1,2
2024-01-01,9,Sant Andreu,63,Navas,200,9095,41,2,1
2024-01-01,9,Sant Andreu,63,Navas,200,9095,59,2,2
2024-01-01,9,Sant Andreu,63,Navas,200,9095,161,3,1
2024-01-01,9,Sant Andreu,63,Navas,200,9095,128,3,2
2024-01-01,9,Sant Andreu,63,Navas,200,9095,..,4,1
2024-01-01,10,Sant Martí,64,el Camp de l'Arpa del Clot,201,10001,615,1,1
2024-01-01,10,Sant Martí,64,el Camp de l'Arpa del Clot,201,10001,557,1,2
2024-01-01,10,Sant Martí,64,el Camp de l'Arpa del Clot,201,10001,61,2,1
2024-01-01,10,Sant Martí,64,el Camp de l'Arpa del Clot,201,10001,59,2,2
2024-01-01,10,Sant Martí,64,el Camp de l'Arpa del Clot,201,10001,154,3,1
2024-01-01,10,Sant Martí,64,el Camp de l'Arpa del Clot,201,10001,174,3,2
2024-01-01,10,Sant Martí,64,el Camp de l'Arpa del Clot,201,10001,..,4,1
2024-01-01,10,Sant Martí,64,el Camp de l'Arpa del Clot,201,10002,744,1,1
2024-01-01,10,Sant Martí,64,el Camp de l'Arpa del Clot,201,10002,692,1,2
2024-01-01,10,Sant Martí,64,el Camp de l'Arpa del Clot,201,10002,65,2,1
2024-01-01,10,Sant Martí,64,el Camp de l'Arpa del Clot,201,10002,79,2,2
2024-01-01,10,Sant Martí,64,el Camp de l'Arpa del Clot,201,10002,157,3,1
2024-01-01,10,Sant Martí,64,el Camp de l'Arpa del Clot,201,10002,156,3,2
2024-01-01,10,Sant Martí,64,el Camp de l'Arpa del Clot,201,10002,..,4,2
2024-01-01,10,Sant Martí,64,el Camp de l'Arpa del Clot,201,10003,661,1,1
2024-01-01,10,Sant Martí,64,el Camp de l'Arpa del Clot,201,10003,571,1,2
2024-01-01,10,Sant Martí,64,el Camp de l'Arpa del Clot,201,10003,44,2,1
2024-01-01,10,Sant Martí,64,el Camp de l'Arpa del Clot,201,10003,50,2,2
2024-01-01,10,Sant Martí,64,el Camp de l'Arpa del Clot,201,10003,141,3,1
2024-01-01,10,Sant Martí,64,el Camp de l'Arpa del Clot,201,10003,133,3,2
2024-01-01,10,Sant Martí,64,el Camp de l'Arpa del Clot,201,10004,699,1,1
2024-01-01,10,Sant Martí,64,el Camp de l'Arpa del Clot,201,10004,591,1,2
2024-01-01,10,Sant Martí,64,el Camp de l'Arpa del Clot,201,10004,51,2,1
2024-01-01,10,Sant Martí,64,el Camp de l'Arpa del Clot,201,10004,52,2,2
2024-01-01,10,Sant Martí,64,el Camp de l'Arpa del Clot,201,10004,114,3,1
2024-01-01,10,Sant Martí,64,el Camp de l'Arpa del Clot,201,10004,105,3,2
2024-01-01,10,Sant Martí,64,el Camp de l'Arpa del Clot,201,10005,723,1,1
2024-01-01,10,Sant Martí,64,el Camp de l'Arpa del Clot,201,10005,601,1,2
2024-01-01,10,Sant Martí,64,el Camp de l'Arpa del Clot,201,10005,41,2,1
2024-01-01,10,Sant Martí,64,el Camp de l'Arpa del Clot,201,10005,38,2,2
2024-01-01,10,Sant Martí,64,el Camp de l'Arpa del Clot,201,10005,113,3,1
2024-01-01,10,Sant Martí,64,el Camp de l'Arpa del Clot,201,10005,98,3,2
2024-01-01,10,Sant Martí,64,el Camp de l'Arpa del Clot,202,10006,781,1,1
2024-01-01,10,Sant Martí,64,el Camp de l'Arpa del Clot,202,10006,676,1,2
2024-01-01,10,Sant Martí,64,el Camp de l'Arpa del Clot,202,10006,58,2,1
2024-01-01,10,Sant Martí,64,el Camp de l'Arpa del Clot,202,10006,50,2,2
2024-01-01,10,Sant Martí,64,el Camp de l'Arpa del Clot,202,10006,162,3,1
2024-01-01,10,Sant Martí,64,el Camp de l'Arpa del Clot,202,10006,129,3,2
2024-01-01,10,Sant Martí,64,el Camp de l'Arpa del Clot,202,10007,595,1,1
2024-01-01,10,Sant Martí,64,el Camp de l'Arpa del Clot,202,10007,539,1,2
2024-01-01,10,Sant Martí,64,el Camp de l'Arpa del Clot,202,10007,37,2,1
2024-01-01,10,Sant Martí,64,el Camp de l'Arpa del Clot,202,10007,40,2,2
2024-01-01,10,Sant Martí,64,el Camp de l'Arpa del Clot,202,10007,55,3,1
2024-01-01,10,Sant Martí,64,el Camp de l'Arpa del Clot,202,10007,59,3,2
2024-01-01,10,Sant Martí,64,el Camp de l'Arpa del Clot,202,10008,719,1,1
2024-01-01,10,Sant Martí,64,el Camp de l'Arpa del Clot,202,10008,592,1,2
2024-01-01,10,Sant Martí,64,el Camp de l'Arpa del Clot,202,10008,81,2,1
2024-01-01,10,Sant Martí,64,el Camp de l'Arpa del Clot,202,10008,65,2,2
2024-01-01,10,Sant Martí,64,el Camp de l'Arpa del Clot,202,10008,155,3,1
2024-01-01,10,Sant Martí,64,el Camp de l'Arpa del Clot,202,10008,132,3,2
2024-01-01,10,Sant Martí,64,el Camp de l'Arpa del Clot,202,10008,..,4,2
2024-01-01,10,Sant Martí,64,el Camp de l'Arpa del Clot,202,10009,677,1,1
2024-01-01,10,Sant Martí,64,el Camp de l'Arpa del Clot,202,10009,575,1,2
2024-01-01,10,Sant Martí,64,el Camp de l'Arpa del Clot,202,10009,84,2,1
2024-01-01,10,Sant Martí,64,el Camp de l'Arpa del Clot,202,10009,62,2,2
2024-01-01,10,Sant Martí,64,el Camp de l'Arpa del Clot,202,10009,133,3,1
2024-01-01,10,Sant Martí,64,el Camp de l'Arpa del Clot,202,10009,160,3,2
2024-01-01,10,Sant Martí,64,el Camp de l'Arpa del Clot,202,10010,721,1,1
2024-01-01,10,Sant Martí,64,el Camp de l'Arpa del Clot,202,10010,577,1,2
2024-01-01,10,Sant Martí,64,el Camp de l'Arpa del Clot,202,10010,60,2,1
2024-01-01,10,Sant Martí,64,el Camp de l'Arpa del Clot,202,10010,66,2,2
2024-01-01,10,Sant Martí,64,el Camp de l'Arpa del Clot,202,10010,184,3,1
2024-01-01,10,Sant Martí,64,el Camp de l'Arpa del Clot,202,10010,173,3,2
2024-01-01,10,Sant Martí,64,el Camp de l'Arpa del Clot,202,10010,..,4,1
2024-01-01,10,Sant Martí,64,el Camp de l'Arpa del Clot,202,10011,524,1,1
2024-01-01,10,Sant Martí,64,el Camp de l'Arpa del Clot,202,10011,420,1,2
2024-01-01,10,Sant Martí,64,el Camp de l'Arpa del Clot,202,10011,43,2,1
2024-01-01,10,Sant Martí,64,el Camp de l'Arpa del Clot,202,10011,51,2,2
2024-01-01,10,Sant Martí,64,el Camp de l'Arpa del Clot,202,10011,97,3,1
2024-01-01,10,Sant Martí,64,el Camp de l'Arpa del Clot,202,10011,84,3,2
2024-01-01,10,Sant Martí,64,el Camp de l'Arpa del Clot,203,10012,731,1,1
2024-01-01,10,Sant Martí,64,el Camp de l'Arpa del Clot,203,10012,654,1,2
2024-01-01,10,Sant Martí,64,el Camp de l'Arpa del Clot,203,10012,55,2,1
2024-01-01,10,Sant Martí,64,el Camp de l'Arpa del Clot,203,10012,57,2,2
2024-01-01,10,Sant Martí,64,el Camp de l'Arpa del Clot,203,10012,150,3,1
2024-01-01,10,Sant Martí,64,el Camp de l'Arpa del Clot,203,10012,131,3,2
2024-01-01,10,Sant Martí,64,el Camp de l'Arpa del Clot,203,10013,579,1,1
2024-01-01,10,Sant Martí,64,el Camp de l'Arpa del Clot,203,10013,491,1,2
2024-01-01,10,Sant Martí,64,el Camp de l'Arpa del Clot,203,10013,58,2,1
2024-01-01,10,Sant Martí,64,el Camp de l'Arpa del Clot,203,10013,61,2,2
2024-01-01,10,Sant Martí,64,el Camp de l'Arpa del Clot,203,10013,113,3,1
2024-01-01,10,Sant Martí,64,el Camp de l'Arpa del Clot,203,10013,109,3,2
2024-01-01,10,Sant Martí,64,el Camp de l'Arpa del Clot,203,10013,..,4,1
2024-01-01,10,Sant Martí,64,el Camp de l'Arpa del Clot,203,10014,569,1,1
2024-01-01,10,Sant Martí,64,el Camp de l'Arpa del Clot,203,10014,478,1,2
2024-01-01,10,Sant Martí,64,el Camp de l'Arpa del Clot,203,10014,73,2,1
2024-01-01,10,Sant Martí,64,el Camp de l'Arpa del Clot,203,10014,82,2,2
2024-01-01,10,Sant Martí,64,el Camp de l'Arpa del Clot,203,10014,136,3,1
2024-01-01,10,Sant Martí,64,el Camp de l'Arpa del Clot,203,10014,125,3,2
2024-01-01,10,Sant Martí,64,el Camp de l'Arpa del Clot,203,10015,742,1,1
2024-01-01,10,Sant Martí,64,el Camp de l'Arpa del Clot,203,10015,676,1,2
2024-01-01,10,Sant Martí,64,el Camp de l'Arpa del Clot,203,10015,81,2,1
2024-01-01,10,Sant Martí,64,el Camp de l'Arpa del Clot,203,10015,85,2,2
2024-01-01,10,Sant Martí,64,el Camp de l'Arpa del Clot,203,10015,207,3,1
2024-01-01,10,Sant Martí,64,el Camp de l'Arpa del Clot,203,10015,201,3,2
2024-01-01,10,Sant Martí,64,el Camp de l'Arpa del Clot,203,10016,483,1,1
2024-01-01,10,Sant Martí,64,el Camp de l'Arpa del Clot,203,10016,465,1,2
2024-01-01,10,Sant Martí,64,el Camp de l'Arpa del Clot,203,10016,37,2,1
2024-01-01,10,Sant Martí,64,el Camp de l'Arpa del Clot,203,10016,42,2,2
2024-01-01,10,Sant Martí,64,el Camp de l'Arpa del Clot,203,10016,103,3,1
2024-01-01,10,Sant Martí,64,el Camp de l'Arpa del Clot,203,10016,95,3,2
2024-01-01,10,Sant Martí,64,el Camp de l'Arpa del Clot,203,10017,685,1,1
2024-01-01,10,Sant Martí,64,el Camp de l'Arpa del Clot,203,10017,558,1,2
2024-01-01,10,Sant Martí,64,el Camp de l'Arpa del Clot,203,10017,60,2,1
2024-01-01,10,Sant Martí,64,el Camp de l'Arpa del Clot,203,10017,68,2,2
2024-01-01,10,Sant Martí,64,el Camp de l'Arpa del Clot,203,10017,170,3,1
2024-01-01,10,Sant Martí,64,el Camp de l'Arpa del Clot,203,10017,137,3,2
2024-01-01,10,Sant Martí,64,el Camp de l'Arpa del Clot,203,10018,529,1,1
2024-01-01,10,Sant Martí,64,el Camp de l'Arpa del Clot,203,10018,457,1,2
2024-01-01,10,Sant Martí,64,el Camp de l'Arpa del Clot,203,10018,84,2,1
2024-01-01,10,Sant Martí,64,el Camp de l'Arpa del Clot,203,10018,70,2,2
2024-01-01,10,Sant Martí,64,el Camp de l'Arpa del Clot,203,10018,153,3,1
2024-01-01,10,Sant Martí,64,el Camp de l'Arpa del Clot,203,10018,139,3,2
2024-01-01,10,Sant Martí,64,el Camp de l'Arpa del Clot,203,10018,..,4,1
2024-01-01,10,Sant Martí,64,el Camp de l'Arpa del Clot,204,10019,690,1,1
2024-01-01,10,Sant Martí,64,el Camp de l'Arpa del Clot,204,10019,592,1,2
2024-01-01,10,Sant Martí,64,el Camp de l'Arpa del Clot,204,10019,44,2,1
2024-01-01,10,Sant Martí,64,el Camp de l'Arpa del Clot,204,10019,49,2,2
2024-01-01,10,Sant Martí,64,el Camp de l'Arpa del Clot,204,10019,124,3,1
2024-01-01,10,Sant Martí,64,el Camp de l'Arpa del Clot,204,10019,106,3,2
2024-01-01,10,Sant Martí,64,el Camp de l'Arpa del Clot,204,10020,610,1,1
2024-01-01,10,Sant Martí,64,el Camp de l'Arpa del Clot,204,10020,508,1,2
2024-01-01,10,Sant Martí,64,el Camp de l'Arpa del Clot,204,10020,43,2,1
2024-01-01,10,Sant Martí,64,el Camp de l'Arpa del Clot,204,10020,55,2,2
2024-01-01,10,Sant Martí,64,el Camp de l'Arpa del Clot,204,10020,118,3,1
2024-01-01,10,Sant Martí,64,el Camp de l'Arpa del Clot,204,10020,141,3,2
2024-01-01,10,Sant Martí,64,el Camp de l'Arpa del Clot,204,10021,548,1,1
2024-01-01,10,Sant Martí,64,el Camp de l'Arpa del Clot,204,10021,484,1,2
2024-01-01,10,Sant Martí,64,el Camp de l'Arpa del Clot,204,10021,34,2,1
2024-01-01,10,Sant Martí,64,el Camp de l'Arpa del Clot,204,10021,44,2,2
2024-01-01,10,Sant Martí,64,el Camp de l'Arpa del Clot,204,10021,109,3,1
2024-01-01,10,Sant Martí,64,el Camp de l'Arpa del Clot,204,10021,108,3,2
2024-01-01,10,Sant Martí,64,el Camp de l'Arpa del Clot,204,10022,563,1,1
2024-01-01,10,Sant Martí,64,el Camp de l'Arpa del Clot,204,10022,477,1,2
2024-01-01,10,Sant Martí,64,el Camp de l'Arpa del Clot,204,10022,47,2,1
2024-01-01,10,Sant Martí,64,el Camp de l'Arpa del Clot,204,10022,58,2,2
2024-01-01,10,Sant Martí,64,el Camp de l'Arpa del Clot,204,10022,106,3,1
2024-01-01,10,Sant Martí,64,el Camp de l'Arpa del Clot,204,10022,109,3,2
2024-01-01,10,Sant Martí,64,el Camp de l'Arpa del Clot,204,10023,596,1,1
2024-01-01,10,Sant Martí,64,el Camp de l'Arpa del Clot,204,10023,514,1,2
2024-01-01,10,Sant Martí,64,el Camp de l'Arpa del Clot,204,10023,64,2,1
2024-01-01,10,Sant Martí,64,el Camp de l'Arpa del Clot,204,10023,47,2,2
2024-01-01,10,Sant Martí,64,el Camp de l'Arpa del Clot,204,10023,119,3,1
2024-01-01,10,Sant Martí,64,el Camp de l'Arpa del Clot,204,10023,105,3,2
2024-01-01,10,Sant Martí,64,el Camp de l'Arpa del Clot,204,10024,629,1,1
2024-01-01,10,Sant Martí,64,el Camp de l'Arpa del Clot,204,10024,574,1,2
2024-01-01,10,Sant Martí,64,el Camp de l'Arpa del Clot,204,10024,47,2,1
2024-01-01,10,Sant Martí,64,el Camp de l'Arpa del Clot,204,10024,52,2,2
2024-01-01,10,Sant Martí,64,el Camp de l'Arpa del Clot,204,10024,140,3,1
2024-01-01,10,Sant Martí,64,el Camp de l'Arpa del Clot,204,10024,121,3,2
2024-01-01,10,Sant Martí,64,el Camp de l'Arpa del Clot,204,10025,558,1,1
2024-01-01,10,Sant Martí,64,el Camp de l'Arpa del Clot,204,10025,420,1,2
2024-01-01,10,Sant Martí,64,el Camp de l'Arpa del Clot,204,10025,55,2,1
2024-01-01,10,Sant Martí,64,el Camp de l'Arpa del Clot,204,10025,52,2,2
2024-01-01,10,Sant Martí,64,el Camp de l'Arpa del Clot,204,10025,139,3,1
2024-01-01,10,Sant Martí,64,el Camp de l'Arpa del Clot,204,10025,121,3,2
2024-01-01,10,Sant Martí,65,el Clot,205,10026,658,1,1
2024-01-01,10,Sant Martí,65,el Clot,205,10026,611,1,2
2024-01-01,10,Sant Martí,65,el Clot,205,10026,58,2,1
2024-01-01,10,Sant Martí,65,el Clot,205,10026,75,2,2
2024-01-01,10,Sant Martí,65,el Clot,205,10026,151,3,1
2024-01-01,10,Sant Martí,65,el Clot,205,10026,144,3,2
2024-01-01,10,Sant Martí,65,el Clot,205,10026,..,4,1
2024-01-01,10,Sant Martí,65,el Clot,205,10027,689,1,1
2024-01-01,10,Sant Martí,65,el Clot,205,10027,582,1,2
2024-01-01,10,Sant Martí,65,el Clot,205,10027,33,2,1
2024-01-01,10,Sant Martí,65,el Clot,205,10027,43,2,2
2024-01-01,10,Sant Martí,65,el Clot,205,10027,110,3,1
2024-01-01,10,Sant Martí,65,el Clot,205,10027,103,3,2
2024-01-01,10,Sant Martí,65,el Clot,205,10028,705,1,1
2024-01-01,10,Sant Martí,65,el Clot,205,10028,677,1,2
2024-01-01,10,Sant Martí,65,el Clot,205,10028,48,2,1
2024-01-01,10,Sant Martí,65,el Clot,205,10028,36,2,2
2024-01-01,10,Sant Martí,65,el Clot,205,10028,164,3,1
2024-01-01,10,Sant Martí,65,el Clot,205,10028,142,3,2
2024-01-01,10,Sant Martí,65,el Clot,205,10029,610,1,1
2024-01-01,10,Sant Martí,65,el Clot,205,10029,564,1,2
2024-01-01,10,Sant Martí,65,el Clot,205,10029,39,2,1
2024-01-01,10,Sant Martí,65,el Clot,205,10029,45,2,2
2024-01-01,10,Sant Martí,65,el Clot,205,10029,98,3,1
2024-01-01,10,Sant Martí,65,el Clot,205,10029,92,3,2
2024-01-01,10,Sant Martí,65,el Clot,205,10030,818,1,1
2024-01-01,10,Sant Martí,65,el Clot,205,10030,702,1,2
2024-01-01,10,Sant Martí,65,el Clot,205,10030,30,2,1
2024-01-01,10,Sant Martí,65,el Clot,205,10030,40,2,2
2024-01-01,10,Sant Martí,65,el Clot,205,10030,94,3,1
2024-01-01,10,Sant Martí,65,el Clot,205,10030,72,3,2
2024-01-01,10,Sant Martí,65,el Clot,205,10031,599,1,1
2024-01-01,10,Sant Martí,65,el Clot,205,10031,572,1,2
2024-01-01,10,Sant Martí,65,el Clot,205,10031,61,2,1
2024-01-01,10,Sant Martí,65,el Clot,205,10031,44,2,2
2024-01-01,10,Sant Martí,65,el Clot,205,10031,124,3,1
2024-01-01,10,Sant Martí,65,el Clot,205,10031,113,3,2
2024-01-01,10,Sant Martí,65,el Clot,206,10032,582,1,1
2024-01-01,10,Sant Martí,65,el Clot,206,10032,524,1,2
2024-01-01,10,Sant Martí,65,el Clot,206,10032,67,2,1
2024-01-01,10,Sant Martí,65,el Clot,206,10032,52,2,2
2024-01-01,10,Sant Martí,65,el Clot,206,10032,63,3,1
2024-01-01,10,Sant Martí,65,el Clot,206,10032,60,3,2
2024-01-01,10,Sant Martí,65,el Clot,206,10033,442,1,1
2024-01-01,10,Sant Martí,65,el Clot,206,10033,368,1,2
2024-01-01,10,Sant Martí,65,el Clot,206,10033,10,2,1
2024-01-01,10,Sant Martí,65,el Clot,206,10033,8,2,2
2024-01-01,10,Sant Martí,65,el Clot,206,10033,19,3,1
2024-01-01,10,Sant Martí,65,el Clot,206,10033,20,3,2
2024-01-01,10,Sant Martí,65,el Clot,206,10034,726,1,1
2024-01-01,10,Sant Martí,65,el Clot,206,10034,680,1,2
2024-01-01,10,Sant Martí,65,el Clot,206,10034,37,2,1
2024-01-01,10,Sant Martí,65,el Clot,206,10034,25,2,2
2024-01-01,10,Sant Martí,65,el Clot,206,10034,98,3,1
2024-01-01,10,Sant Martí,65,el Clot,206,10034,72,3,2
2024-01-01,10,Sant Martí,65,el Clot,206,10035,882,1,1
2024-01-01,10,Sant Martí,65,el Clot,206,10035,853,1,2
2024-01-01,10,Sant Martí,65,el Clot,206,10035,26,2,1
2024-01-01,10,Sant Martí,65,el Clot,206,10035,27,2,2
2024-01-01,10,Sant Martí,65,el Clot,206,10035,68,3,1
2024-01-01,10,Sant Martí,65,el Clot,206,10035,55,3,2
2024-01-01,10,Sant Martí,65,el Clot,206,10036,584,1,1
2024-01-01,10,Sant Martí,65,el Clot,206,10036,577,1,2
2024-01-01,10,Sant Martí,65,el Clot,206,10036,61,2,1
2024-01-01,10,Sant Martí,65,el Clot,206,10036,69,2,2
2024-01-01,10,Sant Martí,65,el Clot,206,10036,74,3,1
2024-01-01,10,Sant Martí,65,el Clot,206,10036,58,3,2
2024-01-01,10,Sant Martí,65,el Clot,206,10037,396,1,1
2024-01-01,10,Sant Martí,65,el Clot,206,10037,371,1,2
2024-01-01,10,Sant Martí,65,el Clot,206,10037,47,2,1
2024-01-01,10,Sant Martí,65,el Clot,206,10037,36,2,2
2024-01-01,10,Sant Martí,65,el Clot,206,10037,99,3,1
2024-01-01,10,Sant Martí,65,el Clot,206,10037,95,3,2
2024-01-01,10,Sant Martí,65,el Clot,206,10037,..,4,1
2024-01-01,10,Sant Martí,65,el Clot,206,10234,818,1,1
2024-01-01,10,Sant Martí,65,el Clot,206,10234,682,1,2
2024-01-01,10,Sant Martí,65,el Clot,206,10234,45,2,1
2024-01-01,10,Sant Martí,65,el Clot,206,10234,33,2,2
2024-01-01,10,Sant Martí,65,el Clot,206,10234,112,3,1
2024-01-01,10,Sant Martí,65,el Clot,206,10234,84,3,2
2024-01-01,10,Sant Martí,65,el Clot,207,10038,700,1,1
2024-01-01,10,Sant Martí,65,el Clot,207,10038,595,1,2
2024-01-01,10,Sant Martí,65,el Clot,207,10038,92,2,1
2024-01-01,10,Sant Martí,65,el Clot,207,10038,101,2,2
2024-01-01,10,Sant Martí,65,el Clot,207,10038,107,3,1
2024-01-01,10,Sant Martí,65,el Clot,207,10038,98,3,2
2024-01-01,10,Sant Martí,65,el Clot,207,10039,711,1,1
2024-01-01,10,Sant Martí,65,el Clot,207,10039,597,1,2
2024-01-01,10,Sant Martí,65,el Clot,207,10039,98,2,1
2024-01-01,10,Sant Martí,65,el Clot,207,10039,126,2,2
2024-01-01,10,Sant Martí,65,el Clot,207,10039,188,3,1
2024-01-01,10,Sant Martí,65,el Clot,207,10039,165,3,2
2024-01-01,10,Sant Martí,65,el Clot,207,10040,706,1,1
2024-01-01,10,Sant Martí,65,el Clot,207,10040,642,1,2
2024-01-01,10,Sant Martí,65,el Clot,207,10040,75,2,1
2024-01-01,10,Sant Martí,65,el Clot,207,10040,89,2,2
2024-01-01,10,Sant Martí,65,el Clot,207,10040,171,3,1
2024-01-01,10,Sant Martí,65,el Clot,207,10040,164,3,2
2024-01-01,10,Sant Martí,65,el Clot,207,10041,630,1,1
2024-01-01,10,Sant Martí,65,el Clot,207,10041,563,1,2
2024-01-01,10,Sant Martí,65,el Clot,207,10041,75,2,1
2024-01-01,10,Sant Martí,65,el Clot,207,10041,65,2,2
2024-01-01,10,Sant Martí,65,el Clot,207,10041,129,3,1
2024-01-01,10,Sant Martí,65,el Clot,207,10041,127,3,2
2024-01-01,10,Sant Martí,66,el Parc i la Llacuna del Poblenou,208,10042,1335,1,1
2024-01-01,10,Sant Martí,66,el Parc i la Llacuna del Poblenou,208,10042,1216,1,2
2024-01-01,10,Sant Martí,66,el Parc i la Llacuna del Poblenou,208,10042,174,2,1
2024-01-01,10,Sant Martí,66,el Parc i la Llacuna del Poblenou,208,10042,189,2,2
2024-01-01,10,Sant Martí,66,el Parc i la Llacuna del Poblenou,208,10042,364,3,1
2024-01-01,10,Sant Martí,66,el Parc i la Llacuna del Poblenou,208,10042,319,3,2
2024-01-01,10,Sant Martí,66,el Parc i la Llacuna del Poblenou,208,10043,884,1,1
2024-01-01,10,Sant Martí,66,el Parc i la Llacuna del Poblenou,208,10043,837,1,2
2024-01-01,10,Sant Martí,66,el Parc i la Llacuna del Poblenou,208,10043,242,2,1
2024-01-01,10,Sant Martí,66,el Parc i la Llacuna del Poblenou,208,10043,265,2,2
2024-01-01,10,Sant Martí,66,el Parc i la Llacuna del Poblenou,208,10043,484,3,1
2024-01-01,10,Sant Martí,66,el Parc i la Llacuna del Poblenou,208,10043,499,3,2
2024-01-01,10,Sant Martí,66,el Parc i la Llacuna del Poblenou,208,10043,..,4,2
2024-01-01,10,Sant Martí,66,el Parc i la Llacuna del Poblenou,209,10044,612,1,1
2024-01-01,10,Sant Martí,66,el Parc i la Llacuna del Poblenou,209,10044,563,1,2
2024-01-01,10,Sant Martí,66,el Parc i la Llacuna del Poblenou,209,10044,93,2,1
2024-01-01,10,Sant Martí,66,el Parc i la Llacuna del Poblenou,209,10044,93,2,2
2024-01-01,10,Sant Martí,66,el Parc i la Llacuna del Poblenou,209,10044,127,3,1
2024-01-01,10,Sant Martí,66,el Parc i la Llacuna del Poblenou,209,10044,109,3,2
2024-01-01,10,Sant Martí,66,el Parc i la Llacuna del Poblenou,209,10045,535,1,1
2024-01-01,10,Sant Martí,66,el Parc i la Llacuna del Poblenou,209,10045,457,1,2
2024-01-01,10,Sant Martí,66,el Parc i la Llacuna del Poblenou,209,10045,63,2,1
2024-01-01,10,Sant Martí,66,el Parc i la Llacuna del Poblenou,209,10045,71,2,2
2024-01-01,10,Sant Martí,66,el Parc i la Llacuna del Poblenou,209,10045,82,3,1
2024-01-01,10,Sant Martí,66,el Parc i la Llacuna del Poblenou,209,10045,73,3,2
2024-01-01,10,Sant Martí,66,el Parc i la Llacuna del Poblenou,209,10046,522,1,1
2024-01-01,10,Sant Martí,66,el Parc i la Llacuna del Poblenou,209,10046,437,1,2
2024-01-01,10,Sant Martí,66,el Parc i la Llacuna del Poblenou,209,10046,59,2,1
2024-01-01,10,Sant Martí,66,el Parc i la Llacuna del Poblenou,209,10046,60,2,2
2024-01-01,10,Sant Martí,66,el Parc i la Llacuna del Poblenou,209,10046,99,3,1
2024-01-01,10,Sant Martí,66,el Parc i la Llacuna del Poblenou,209,10046,64,3,2
2024-01-01,10,Sant Martí,66,el Parc i la Llacuna del Poblenou,209,10047,664,1,1
2024-01-01,10,Sant Martí,66,el Parc i la Llacuna del Poblenou,209,10047,572,1,2
2024-01-01,10,Sant Martí,66,el Parc i la Llacuna del Poblenou,209,10047,92,2,1
2024-01-01,10,Sant Martí,66,el Parc i la Llacuna del Poblenou,209,10047,80,2,2
2024-01-01,10,Sant Martí,66,el Parc i la Llacuna del Poblenou,209,10047,102,3,1
2024-01-01,10,Sant Martí,66,el Parc i la Llacuna del Poblenou,209,10047,149,3,2
2024-01-01,10,Sant Martí,66,el Parc i la Llacuna del Poblenou,209,10047,..,4,1
2024-01-01,10,Sant Martí,66,el Parc i la Llacuna del Poblenou,209,10048,603,1,1
2024-01-01,10,Sant Martí,66,el Parc i la Llacuna del Poblenou,209,10048,607,1,2
2024-01-01,10,Sant Martí,66,el Parc i la Llacuna del Poblenou,209,10048,109,2,1
2024-01-01,10,Sant Martí,66,el Parc i la Llacuna del Poblenou,209,10048,94,2,2
2024-01-01,10,Sant Martí,66,el Parc i la Llacuna del Poblenou,209,10048,108,3,1
2024-01-01,10,Sant Martí,66,el Parc i la Llacuna del Poblenou,209,10048,96,3,2
2024-01-01,10,Sant Martí,66,el Parc i la Llacuna del Poblenou,209,10049,503,1,1
2024-01-01,10,Sant Martí,66,el Parc i la Llacuna del Poblenou,209,10049,483,1,2
2024-01-01,10,Sant Martí,66,el Parc i la Llacuna del Poblenou,209,10049,61,2,1
2024-01-01,10,Sant Martí,66,el Parc i la Llacuna del Poblenou,209,10049,68,2,2
2024-01-01,10,Sant Martí,66,el Parc i la Llacuna del Poblenou,209,10049,85,3,1
2024-01-01,10,Sant Martí,66,el Parc i la Llacuna del Poblenou,209,10049,86,3,2
2024-01-01,10,Sant Martí,66,el Parc i la Llacuna del Poblenou,209,10050,678,1,1
2024-01-01,10,Sant Martí,66,el Parc i la Llacuna del Poblenou,209,10050,571,1,2
2024-01-01,10,Sant Martí,66,el Parc i la Llacuna del Poblenou,209,10050,66,2,1
2024-01-01,10,Sant Martí,66,el Parc i la Llacuna del Poblenou,209,10050,50,2,2
2024-01-01,10,Sant Martí,66,el Parc i la Llacuna del Poblenou,209,10050,96,3,1
2024-01-01,10,Sant Martí,66,el Parc i la Llacuna del Poblenou,209,10050,87,3,2
2024-01-01,10,Sant Martí,67,la Vila Olímpica del Poblenou,210,10051,643,1,1
2024-01-01,10,Sant Martí,67,la Vila Olímpica del Poblenou,210,10051,589,1,2
2024-01-01,10,Sant Martí,67,la Vila Olímpica del Poblenou,210,10051,89,2,1
2024-01-01,10,Sant Martí,67,la Vila Olímpica del Poblenou,210,10051,115,2,2
2024-01-01,10,Sant Martí,67,la Vila Olímpica del Poblenou,210,10051,113,3,1
2024-01-01,10,Sant Martí,67,la Vila Olímpica del Poblenou,210,10051,118,3,2
2024-01-01,10,Sant Martí,67,la Vila Olímpica del Poblenou,210,10051,..,4,1
2024-01-01,10,Sant Martí,67,la Vila Olímpica del Poblenou,210,10052,918,1,1
2024-01-01,10,Sant Martí,67,la Vila Olímpica del Poblenou,210,10052,913,1,2
2024-01-01,10,Sant Martí,67,la Vila Olímpica del Poblenou,210,10052,142,2,1
2024-01-01,10,Sant Martí,67,la Vila Olímpica del Poblenou,210,10052,172,2,2
2024-01-01,10,Sant Martí,67,la Vila Olímpica del Poblenou,210,10052,145,3,1
2024-01-01,10,Sant Martí,67,la Vila Olímpica del Poblenou,210,10052,130,3,2
2024-01-01,10,Sant Martí,67,la Vila Olímpica del Poblenou,210,10052,..,4,1
2024-01-01,10,Sant Martí,67,la Vila Olímpica del Poblenou,210,10052,..,4,2
2024-01-01,10,Sant Martí,67,la Vila Olímpica del Poblenou,210,10053,699,1,1
2024-01-01,10,Sant Martí,67,la Vila Olímpica del Poblenou,210,10053,659,1,2
2024-01-01,10,Sant Martí,67,la Vila Olímpica del Poblenou,210,10053,85,2,1
2024-01-01,10,Sant Martí,67,la Vila Olímpica del Poblenou,210,10053,85,2,2
2024-01-01,10,Sant Martí,67,la Vila Olímpica del Poblenou,210,10053,101,3,1
2024-01-01,10,Sant Martí,67,la Vila Olímpica del Poblenou,210,10053,86,3,2
2024-01-01,10,Sant Martí,67,la Vila Olímpica del Poblenou,210,10054,377,1,1
2024-01-01,10,Sant Martí,67,la Vila Olímpica del Poblenou,210,10054,345,1,2
2024-01-01,10,Sant Martí,67,la Vila Olímpica del Poblenou,210,10054,56,2,1
2024-01-01,10,Sant Martí,67,la Vila Olímpica del Poblenou,210,10054,71,2,2
2024-01-01,10,Sant Martí,67,la Vila Olímpica del Poblenou,210,10054,55,3,1
2024-01-01,10,Sant Martí,67,la Vila Olímpica del Poblenou,210,10054,50,3,2
2024-01-01,10,Sant Martí,67,la Vila Olímpica del Poblenou,210,10054,..,4,2
2024-01-01,10,Sant Martí,67,la Vila Olímpica del Poblenou,211,10055,1035,1,1
2024-01-01,10,Sant Martí,67,la Vila Olímpica del Poblenou,211,10055,1003,1,2
2024-01-01,10,Sant Martí,67,la Vila Olímpica del Poblenou,211,10055,148,2,1
2024-01-01,10,Sant Martí,67,la Vila Olímpica del Poblenou,211,10055,155,2,2
2024-01-01,10,Sant Martí,67,la Vila Olímpica del Poblenou,211,10055,134,3,1
2024-01-01,10,Sant Martí,67,la Vila Olímpica del Poblenou,211,10055,131,3,2
2024-01-01,10,Sant Martí,68,el Poblenou,212,10056,594,1,1
2024-01-01,10,Sant Martí,68,el Poblenou,212,10056,580,1,2
2024-01-01,10,Sant Martí,68,el Poblenou,212,10056,165,2,1
2024-01-01,10,Sant Martí,68,el Poblenou,212,10056,161,2,2
2024-01-01,10,Sant Martí,68,el Poblenou,212,10056,160,3,1
2024-01-01,10,Sant Martí,68,el Poblenou,212,10056,159,3,2
2024-01-01,10,Sant Martí,68,el Poblenou,212,10056,..,4,2
2024-01-01,10,Sant Martí,68,el Poblenou,212,10057,496,1,1
2024-01-01,10,Sant Martí,68,el Poblenou,212,10057,468,1,2
2024-01-01,10,Sant Martí,68,el Poblenou,212,10057,97,2,1
2024-01-01,10,Sant Martí,68,el Poblenou,212,10057,101,2,2
2024-01-01,10,Sant Martí,68,el Poblenou,212,10057,124,3,1
2024-01-01,10,Sant Martí,68,el Poblenou,212,10057,115,3,2
2024-01-01,10,Sant Martí,68,el Poblenou,212,10058,447,1,1
2024-01-01,10,Sant Martí,68,el Poblenou,212,10058,411,1,2
2024-01-01,10,Sant Martí,68,el Poblenou,212,10058,67,2,1
2024-01-01,10,Sant Martí,68,el Poblenou,212,10058,69,2,2
2024-01-01,10,Sant Martí,68,el Poblenou,212,10058,75,3,1
2024-01-01,10,Sant Martí,68,el Poblenou,212,10058,100,3,2
2024-01-01,10,Sant Martí,68,el Poblenou,213,10059,612,1,1
2024-01-01,10,Sant Martí,68,el Poblenou,213,10059,537,1,2
2024-01-01,10,Sant Martí,68,el Poblenou,213,10059,160,2,1
2024-01-01,10,Sant Martí,68,el Poblenou,213,10059,151,2,2
2024-01-01,10,Sant Martí,68,el Poblenou,213,10059,214,3,1
2024-01-01,10,Sant Martí,68,el Poblenou,213,10059,200,3,2
2024-01-01,10,Sant Martí,68,el Poblenou,213,10060,587,1,1
2024-01-01,10,Sant Martí,68,el Poblenou,213,10060,565,1,2
2024-01-01,10,Sant Martí,68,el Poblenou,213,10060,135,2,1
2024-01-01,10,Sant Martí,68,el Poblenou,213,10060,132,2,2
2024-01-01,10,Sant Martí,68,el Poblenou,213,10060,154,3,1
2024-01-01,10,Sant Martí,68,el Poblenou,213,10060,165,3,2
2024-01-01,10,Sant Martí,68,el Poblenou,213,10061,768,1,1
2024-01-01,10,Sant Martí,68,el Poblenou,213,10061,650,1,2
2024-01-01,10,Sant Martí,68,el Poblenou,213,10061,67,2,1
2024-01-01,10,Sant Martí,68,el Poblenou,213,10061,81,2,2
2024-01-01,10,Sant Martí,68,el Poblenou,213,10061,92,3,1
2024-01-01,10,Sant Martí,68,el Poblenou,213,10061,88,3,2
2024-01-01,10,Sant Martí,68,el Poblenou,213,10062,651,1,1
2024-01-01,10,Sant Martí,68,el Poblenou,213,10062,590,1,2
2024-01-01,10,Sant Martí,68,el Poblenou,213,10062,76,2,1
2024-01-01,10,Sant Martí,68,el Poblenou,213,10062,69,2,2
2024-01-01,10,Sant Martí,68,el Poblenou,213,10062,82,3,1
2024-01-01,10,Sant Martí,68,el Poblenou,213,10062,72,3,2
2024-01-01,10,Sant Martí,68,el Poblenou,214,10063,524,1,1
2024-01-01,10,Sant Martí,68,el Poblenou,214,10063,475,1,2
2024-01-01,10,Sant Martí,68,el Poblenou,214,10063,79,2,1
2024-01-01,10,Sant Martí,68,el Poblenou,214,10063,72,2,2
2024-01-01,10,Sant Martí,68,el Poblenou,214,10063,93,3,1
2024-01-01,10,Sant Martí,68,el Poblenou,214,10063,88,3,2
2024-01-01,10,Sant Martí,68,el Poblenou,214,10063,..,4,1
2024-01-01,10,Sant Martí,68,el Poblenou,214,10064,620,1,1
2024-01-01,10,Sant Martí,68,el Poblenou,214,10064,568,1,2
2024-01-01,10,Sant Martí,68,el Poblenou,214,10064,130,2,1
2024-01-01,10,Sant Martí,68,el Poblenou,214,10064,115,2,2
2024-01-01,10,Sant Martí,68,el Poblenou,214,10064,135,3,1
2024-01-01,10,Sant Martí,68,el Poblenou,214,10064,106,3,2
2024-01-01,10,Sant Martí,68,el Poblenou,214,10065,636,1,1
2024-01-01,10,Sant Martí,68,el Poblenou,214,10065,558,1,2
2024-01-01,10,Sant Martí,68,el Poblenou,214,10065,92,2,1
2024-01-01,10,Sant Martí,68,el Poblenou,214,10065,92,2,2
2024-01-01,10,Sant Martí,68,el Poblenou,214,10065,77,3,1
2024-01-01,10,Sant Martí,68,el Poblenou,214,10065,108,3,2
2024-01-01,10,Sant Martí,68,el Poblenou,214,10066,799,1,1
2024-01-01,10,Sant Martí,68,el Poblenou,214,10066,748,1,2
2024-01-01,10,Sant Martí,68,el Poblenou,214,10066,120,2,1
2024-01-01,10,Sant Martí,68,el Poblenou,214,10066,112,2,2
2024-01-01,10,Sant Martí,68,el Poblenou,214,10066,136,3,1
2024-01-01,10,Sant Martí,68,el Poblenou,214,10066,135,3,2
2024-01-01,10,Sant Martí,68,el Poblenou,214,10067,792,1,1
2024-01-01,10,Sant Martí,68,el Poblenou,214,10067,711,1,2
2024-01-01,10,Sant Martí,68,el Poblenou,214,10067,97,2,1
2024-01-01,10,Sant Martí,68,el Poblenou,214,10067,106,2,2
2024-01-01,10,Sant Martí,68,el Poblenou,214,10067,104,3,1
2024-01-01,10,Sant Martí,68,el Poblenou,214,10067,94,3,2
2024-01-01,10,Sant Martí,68,el Poblenou,214,10068,682,1,1
2024-01-01,10,Sant Martí,68,el Poblenou,214,10068,661,1,2
2024-01-01,10,Sant Martí,68,el Poblenou,214,10068,55,2,1
2024-01-01,10,Sant Martí,68,el Poblenou,214,10068,60,2,2
2024-01-01,10,Sant Martí,68,el Poblenou,214,10068,69,3,1
2024-01-01,10,Sant Martí,68,el Poblenou,214,10068,62,3,2
2024-01-01,10,Sant Martí,68,el Poblenou,215,10069,1178,1,1
2024-01-01,10,Sant Martí,68,el Poblenou,215,10069,1053,1,2
2024-01-01,10,Sant Martí,68,el Poblenou,215,10069,121,2,1
2024-01-01,10,Sant Martí,68,el Poblenou,215,10069,150,2,2
2024-01-01,10,Sant Martí,68,el Poblenou,215,10069,203,3,1
2024-01-01,10,Sant Martí,68,el Poblenou,215,10069,176,3,2
2024-01-01,10,Sant Martí,68,el Poblenou,215,10070,649,1,1
2024-01-01,10,Sant Martí,68,el Poblenou,215,10070,553,1,2
2024-01-01,10,Sant Martí,68,el Poblenou,215,10070,123,2,1
2024-01-01,10,Sant Martí,68,el Poblenou,215,10070,108,2,2
2024-01-01,10,Sant Martí,68,el Poblenou,215,10070,122,3,1
2024-01-01,10,Sant Martí,68,el Poblenou,215,10070,115,3,2
2024-01-01,10,Sant Martí,68,el Poblenou,215,10071,780,1,1
2024-01-01,10,Sant Martí,68,el Poblenou,215,10071,741,1,2
2024-01-01,10,Sant Martí,68,el Poblenou,215,10071,57,2,1
2024-01-01,10,Sant Martí,68,el Poblenou,215,10071,68,2,2
2024-01-01,10,Sant Martí,68,el Poblenou,215,10071,76,3,1
2024-01-01,10,Sant Martí,68,el Poblenou,215,10071,77,3,2
2024-01-01,10,Sant Martí,68,el Poblenou,215,10072,766,1,1
2024-01-01,10,Sant Martí,68,el Poblenou,215,10072,731,1,2
2024-01-01,10,Sant Martí,68,el Poblenou,215,10072,118,2,1
2024-01-01,10,Sant Martí,68,el Poblenou,215,10072,142,2,2
2024-01-01,10,Sant Martí,68,el Poblenou,215,10072,170,3,1
2024-01-01,10,Sant Martí,68,el Poblenou,215,10072,135,3,2
2024-01-01,10,Sant Martí,68,el Poblenou,215,10073,632,1,1
2024-01-01,10,Sant Martí,68,el Poblenou,215,10073,555,1,2
2024-01-01,10,Sant Martí,68,el Poblenou,215,10073,59,2,1
2024-01-01,10,Sant Martí,68,el Poblenou,215,10073,48,2,2
2024-01-01,10,Sant Martí,68,el Poblenou,215,10073,75,3,1
2024-01-01,10,Sant Martí,68,el Poblenou,215,10073,76,3,2
2024-01-01,10,Sant Martí,68,el Poblenou,215,10074,631,1,1
2024-01-01,10,Sant Martí,68,el Poblenou,215,10074,623,1,2
2024-01-01,10,Sant Martí,68,el Poblenou,215,10074,94,2,1
2024-01-01,10,Sant Martí,68,el Poblenou,215,10074,94,2,2
2024-01-01,10,Sant Martí,68,el Poblenou,215,10074,183,3,1
2024-01-01,10,Sant Martí,68,el Poblenou,215,10074,158,3,2
2024-01-01,10,Sant Martí,68,el Poblenou,215,10074,..,4,1
2024-01-01,10,Sant Martí,68,el Poblenou,215,10075,599,1,1
2024-01-01,10,Sant Martí,68,el Poblenou,215,10075,558,1,2
2024-01-01,10,Sant Martí,68,el Poblenou,215,10075,84,2,1
2024-01-01,10,Sant Martí,68,el Poblenou,215,10075,78,2,2
2024-01-01,10,Sant Martí,68,el Poblenou,215,10075,110,3,1
2024-01-01,10,Sant Martí,68,el Poblenou,215,10075,92,3,2
2024-01-01,10,Sant Martí,69,Diagonal Mar i el Front Marítim del Poblenou,216,10076,963,1,1
2024-01-01,10,Sant Martí,69,Diagonal Mar i el Front Marítim del Poblenou,216,10076,903,1,2
2024-01-01,10,Sant Martí,69,Diagonal Mar i el Front Marítim del Poblenou,216,10076,82,2,1
2024-01-01,10,Sant Martí,69,Diagonal Mar i el Front Marítim del Poblenou,216,10076,81,2,2
2024-01-01,10,Sant Martí,69,Diagonal Mar i el Front Marítim del Poblenou,216,10076,126,3,1
2024-01-01,10,Sant Martí,69,Diagonal Mar i el Front Marítim del Poblenou,216,10076,118,3,2
2024-01-01,10,Sant Martí,69,Diagonal Mar i el Front Marítim del Poblenou,216,10235,574,1,1
2024-01-01,10,Sant Martí,69,Diagonal Mar i el Front Marítim del Poblenou,216,10235,484,1,2
2024-01-01,10,Sant Martí,69,Diagonal Mar i el Front Marítim del Poblenou,216,10235,36,2,1
2024-01-01,10,Sant Martí,69,Diagonal Mar i el Front Marítim del Poblenou,216,10235,44,2,2
2024-01-01,10,Sant Martí,69,Diagonal Mar i el Front Marítim del Poblenou,216,10235,83,3,1
2024-01-01,10,Sant Martí,69,Diagonal Mar i el Front Marítim del Poblenou,216,10235,77,3,2
2024-01-01,10,Sant Martí,69,Diagonal Mar i el Front Marítim del Poblenou,216,10236,667,1,1
2024-01-01,10,Sant Martí,69,Diagonal Mar i el Front Marítim del Poblenou,216,10236,556,1,2
2024-01-01,10,Sant Martí,69,Diagonal Mar i el Front Marítim del Poblenou,216,10236,58,2,1
2024-01-01,10,Sant Martí,69,Diagonal Mar i el Front Marítim del Poblenou,216,10236,57,2,2
2024-01-01,10,Sant Martí,69,Diagonal Mar i el Front Marítim del Poblenou,216,10236,121,3,1
2024-01-01,10,Sant Martí,69,Diagonal Mar i el Front Marítim del Poblenou,216,10236,132,3,2
2024-01-01,10,Sant Martí,69,Diagonal Mar i el Front Marítim del Poblenou,216,10236,..,4,1
2024-01-01,10,Sant Martí,69,Diagonal Mar i el Front Marítim del Poblenou,217,10077,757,1,1
2024-01-01,10,Sant Martí,69,Diagonal Mar i el Front Marítim del Poblenou,217,10077,758,1,2
2024-01-01,10,Sant Martí,69,Diagonal Mar i el Front Marítim del Poblenou,217,10077,75,2,1
2024-01-01,10,Sant Martí,69,Diagonal Mar i el Front Marítim del Poblenou,217,10077,82,2,2
2024-01-01,10,Sant Martí,69,Diagonal Mar i el Front Marítim del Poblenou,217,10077,77,3,1
2024-01-01,10,Sant Martí,69,Diagonal Mar i el Front Marítim del Poblenou,217,10077,75,3,2
2024-01-01,10,Sant Martí,69,Diagonal Mar i el Front Marítim del Poblenou,217,10077,..,4,1
2024-01-01,10,Sant Martí,69,Diagonal Mar i el Front Marítim del Poblenou,217,10078,901,1,1
2024-01-01,10,Sant Martí,69,Diagonal Mar i el Front Marítim del Poblenou,217,10078,916,1,2
2024-01-01,10,Sant Martí,69,Diagonal Mar i el Front Marítim del Poblenou,217,10078,151,2,1
2024-01-01,10,Sant Martí,69,Diagonal Mar i el Front Marítim del Poblenou,217,10078,148,2,2
2024-01-01,10,Sant Martí,69,Diagonal Mar i el Front Marítim del Poblenou,217,10078,172,3,1
2024-01-01,10,Sant Martí,69,Diagonal Mar i el Front Marítim del Poblenou,217,10078,155,3,2
2024-01-01,10,Sant Martí,69,Diagonal Mar i el Front Marítim del Poblenou,217,10079,738,1,1
2024-01-01,10,Sant Martí,69,Diagonal Mar i el Front Marítim del Poblenou,217,10079,678,1,2
2024-01-01,10,Sant Martí,69,Diagonal Mar i el Front Marítim del Poblenou,217,10079,51,2,1
2024-01-01,10,Sant Martí,69,Diagonal Mar i el Front Marítim del Poblenou,217,10079,58,2,2
2024-01-01,10,Sant Martí,69,Diagonal Mar i el Front Marítim del Poblenou,217,10079,85,3,1
2024-01-01,10,Sant Martí,69,Diagonal Mar i el Front Marítim del Poblenou,217,10079,70,3,2
2024-01-01,10,Sant Martí,69,Diagonal Mar i el Front Marítim del Poblenou,218,10080,674,1,1
2024-01-01,10,Sant Martí,69,Diagonal Mar i el Front Marítim del Poblenou,218,10080,671,1,2
2024-01-01,10,Sant Martí,69,Diagonal Mar i el Front Marítim del Poblenou,218,10080,150,2,1
2024-01-01,10,Sant Martí,69,Diagonal Mar i el Front Marítim del Poblenou,218,10080,181,2,2
2024-01-01,10,Sant Martí,69,Diagonal Mar i el Front Marítim del Poblenou,218,10080,381,3,1
2024-01-01,10,Sant Martí,69,Diagonal Mar i el Front Marítim del Poblenou,218,10080,326,3,2
2024-01-01,10,Sant Martí,70,el Besòs i el Maresme,219,10081,744,1,1
2024-01-01,10,Sant Martí,70,el Besòs i el Maresme,219,10081,693,1,2
2024-01-01,10,Sant Martí,70,el Besòs i el Maresme,219,10081,57,2,1
2024-01-01,10,Sant Martí,70,el Besòs i el Maresme,219,10081,68,2,2
2024-01-01,10,Sant Martí,70,el Besòs i el Maresme,219,10081,335,3,1
2024-01-01,10,Sant Martí,70,el Besòs i el Maresme,219,10081,352,3,2
2024-01-01,10,Sant Martí,70,el Besòs i el Maresme,219,10082,635,1,1
2024-01-01,10,Sant Martí,70,el Besòs i el Maresme,219,10082,611,1,2
2024-01-01,10,Sant Martí,70,el Besòs i el Maresme,219,10082,40,2,1
2024-01-01,10,Sant Martí,70,el Besòs i el Maresme,219,10082,34,2,2
2024-01-01,10,Sant Martí,70,el Besòs i el Maresme,219,10082,375,3,1
2024-01-01,10,Sant Martí,70,el Besòs i el Maresme,219,10082,459,3,2
2024-01-01,10,Sant Martí,70,el Besòs i el Maresme,219,10083,631,1,1
2024-01-01,10,Sant Martí,70,el Besòs i el Maresme,219,10083,645,1,2
2024-01-01,10,Sant Martí,70,el Besòs i el Maresme,219,10083,23,2,1
2024-01-01,10,Sant Martí,70,el Besòs i el Maresme,219,10083,23,2,2
2024-01-01,10,Sant Martí,70,el Besòs i el Maresme,219,10083,393,3,1
2024-01-01,10,Sant Martí,70,el Besòs i el Maresme,219,10083,552,3,2
2024-01-01,10,Sant Martí,70,el Besòs i el Maresme,219,10084,546,1,1
2024-01-01,10,Sant Martí,70,el Besòs i el Maresme,219,10084,514,1,2
2024-01-01,10,Sant Martí,70,el Besòs i el Maresme,219,10084,28,2,1
2024-01-01,10,Sant Martí,70,el Besòs i el Maresme,219,10084,30,2,2
2024-01-01,10,Sant Martí,70,el Besòs i el Maresme,219,10084,250,3,1
2024-01-01,10,Sant Martí,70,el Besòs i el Maresme,219,10084,306,3,2
2024-01-01,10,Sant Martí,70,el Besòs i el Maresme,220,10085,642,1,1
2024-01-01,10,Sant Martí,70,el Besòs i el Maresme,220,10085,619,1,2
2024-01-01,10,Sant Martí,70,el Besòs i el Maresme,220,10085,29,2,1
2024-01-01,10,Sant Martí,70,el Besòs i el Maresme,220,10085,38,2,2
2024-01-01,10,Sant Martí,70,el Besòs i el Maresme,220,10085,348,3,1
2024-01-01,10,Sant Martí,70,el Besòs i el Maresme,220,10085,451,3,2
2024-01-01,10,Sant Martí,70,el Besòs i el Maresme,220,10085,..,4,2
2024-01-01,10,Sant Martí,70,el Besòs i el Maresme,220,10086,734,1,1
2024-01-01,10,Sant Martí,70,el Besòs i el Maresme,220,10086,703,1,2
2024-01-01,10,Sant Martí,70,el Besòs i el Maresme,220,10086,10,2,1
2024-01-01,10,Sant Martí,70,el Besòs i el Maresme,220,10086,30,2,2
2024-01-01,10,Sant Martí,70,el Besòs i el Maresme,220,10086,263,3,1
2024-01-01,10,Sant Martí,70,el Besòs i el Maresme,220,10086,283,3,2
2024-01-01,10,Sant Martí,70,el Besòs i el Maresme,220,10087,670,1,1
2024-01-01,10,Sant Martí,70,el Besòs i el Maresme,220,10087,617,1,2
2024-01-01,10,Sant Martí,70,el Besòs i el Maresme,220,10087,26,2,1
2024-01-01,10,Sant Martí,70,el Besòs i el Maresme,220,10087,25,2,2
2024-01-01,10,Sant Martí,70,el Besòs i el Maresme,220,10087,247,3,1
2024-01-01,10,Sant Martí,70,el Besòs i el Maresme,220,10087,291,3,2
2024-01-01,10,Sant Martí,70,el Besòs i el Maresme,220,10088,735,1,1
2024-01-01,10,Sant Martí,70,el Besòs i el Maresme,220,10088,699,1,2
2024-01-01,10,Sant Martí,70,el Besòs i el Maresme,220,10088,15,2,1
2024-01-01,10,Sant Martí,70,el Besòs i el Maresme,220,10088,13,2,2
2024-01-01,10,Sant Martí,70,el Besòs i el Maresme,220,10088,106,3,1
2024-01-01,10,Sant Martí,70,el Besòs i el Maresme,220,10088,108,3,2
2024-01-01,10,Sant Martí,70,el Besòs i el Maresme,221,10089,1029,1,1
2024-01-01,10,Sant Martí,70,el Besòs i el Maresme,221,10089,1151,1,2
2024-01-01,10,Sant Martí,70,el Besòs i el Maresme,221,10089,178,2,1
2024-01-01,10,Sant Martí,70,el Besòs i el Maresme,221,10089,206,2,2
2024-01-01,10,Sant Martí,70,el Besòs i el Maresme,221,10089,1706,3,1
2024-01-01,10,Sant Martí,70,el Besòs i el Maresme,221,10089,3633,3,2
2024-01-01,10,Sant Martí,70,el Besòs i el Maresme,221,10089,..,4,2
2024-01-01,10,Sant Martí,70,el Besòs i el Maresme,222,10090,556,1,1
2024-01-01,10,Sant Martí,70,el Besòs i el Maresme,222,10090,530,1,2
2024-01-01,10,Sant Martí,70,el Besòs i el Maresme,222,10090,47,2,1
2024-01-01,10,Sant Martí,70,el Besòs i el Maresme,222,10090,25,2,2
2024-01-01,10,Sant Martí,70,el Besòs i el Maresme,222,10090,164,3,1
2024-01-01,10,Sant Martí,70,el Besòs i el Maresme,222,10090,169,3,2
2024-01-01,10,Sant Martí,70,el Besòs i el Maresme,222,10091,750,1,1
2024-01-01,10,Sant Martí,70,el Besòs i el Maresme,222,10091,758,1,2
2024-01-01,10,Sant Martí,70,el Besòs i el Maresme,222,10091,45,2,1
2024-01-01,10,Sant Martí,70,el Besòs i el Maresme,222,10091,55,2,2
2024-01-01,10,Sant Martí,70,el Besòs i el Maresme,222,10091,214,3,1
2024-01-01,10,Sant Martí,70,el Besòs i el Maresme,222,10091,205,3,2
2024-01-01,10,Sant Martí,70,el Besòs i el Maresme,222,10091,..,4,2
2024-01-01,10,Sant Martí,70,el Besòs i el Maresme,222,10092,653,1,1
2024-01-01,10,Sant Martí,70,el Besòs i el Maresme,222,10092,587,1,2
2024-01-01,10,Sant Martí,70,el Besòs i el Maresme,222,10092,22,2,1
2024-01-01,10,Sant Martí,70,el Besòs i el Maresme,222,10092,15,2,2
2024-01-01,10,Sant Martí,70,el Besòs i el Maresme,222,10092,98,3,1
2024-01-01,10,Sant Martí,70,el Besòs i el Maresme,222,10092,79,3,2
2024-01-01,10,Sant Martí,70,el Besòs i el Maresme,222,10093,538,1,1
2024-01-01,10,Sant Martí,70,el Besòs i el Maresme,222,10093,494,1,2
2024-01-01,10,Sant Martí,70,el Besòs i el Maresme,222,10093,45,2,1
2024-01-01,10,Sant Martí,70,el Besòs i el Maresme,222,10093,66,2,2
2024-01-01,10,Sant Martí,70,el Besòs i el Maresme,222,10093,212,3,1
2024-01-01,10,Sant Martí,70,el Besòs i el Maresme,222,10093,202,3,2
2024-01-01,10,Sant Martí,70,el Besòs i el Maresme,222,10093,..,4,1
2024-01-01,10,Sant Martí,70,el Besòs i el Maresme,222,10093,..,4,2
2024-01-01,10,Sant Martí,71,Provençals del Poblenou,223,10094,1119,1,1
2024-01-01,10,Sant Martí,71,Provençals del Poblenou,223,10094,1089,1,2
2024-01-01,10,Sant Martí,71,Provençals del Poblenou,223,10094,178,2,1
2024-01-01,10,Sant Martí,71,Provençals del Poblenou,223,10094,211,2,2
2024-01-01,10,Sant Martí,71,Provençals del Poblenou,223,10094,358,3,1
2024-01-01,10,Sant Martí,71,Provençals del Poblenou,223,10094,382,3,2
2024-01-01,10,Sant Martí,71,Provençals del Poblenou,223,10095,534,1,1
2024-01-01,10,Sant Martí,71,Provençals del Poblenou,223,10095,486,1,2
2024-01-01,10,Sant Martí,71,Provençals del Poblenou,223,10095,53,2,1
2024-01-01,10,Sant Martí,71,Provençals del Poblenou,223,10095,52,2,2
2024-01-01,10,Sant Martí,71,Provençals del Poblenou,223,10095,95,3,1
2024-01-01,10,Sant Martí,71,Provençals del Poblenou,223,10095,126,3,2
2024-01-01,10,Sant Martí,71,Provençals del Poblenou,224,10096,681,1,1
2024-01-01,10,Sant Martí,71,Provençals del Poblenou,224,10096,580,1,2
2024-01-01,10,Sant Martí,71,Provençals del Poblenou,224,10096,79,2,1
2024-01-01,10,Sant Martí,71,Provençals del Poblenou,224,10096,83,2,2
2024-01-01,10,Sant Martí,71,Provençals del Poblenou,224,10096,150,3,1
2024-01-01,10,Sant Martí,71,Provençals del Poblenou,224,10096,127,3,2
2024-01-01,10,Sant Martí,71,Provençals del Poblenou,224,10096,..,4,1
2024-01-01,10,Sant Martí,71,Provençals del Poblenou,224,10097,687,1,1
2024-01-01,10,Sant Martí,71,Provençals del Poblenou,224,10097,614,1,2
2024-01-01,10,Sant Martí,71,Provençals del Poblenou,224,10097,69,2,1
2024-01-01,10,Sant Martí,71,Provençals del Poblenou,224,10097,66,2,2
2024-01-01,10,Sant Martí,71,Provençals del Poblenou,224,10097,90,3,1
2024-01-01,10,Sant Martí,71,Provençals del Poblenou,224,10097,77,3,2
2024-01-01,10,Sant Martí,71,Provençals del Poblenou,224,10098,828,1,1
2024-01-01,10,Sant Martí,71,Provençals del Poblenou,224,10098,734,1,2
2024-01-01,10,Sant Martí,71,Provençals del Poblenou,224,10098,35,2,1
2024-01-01,10,Sant Martí,71,Provençals del Poblenou,224,10098,30,2,2
2024-01-01,10,Sant Martí,71,Provençals del Poblenou,224,10098,49,3,1
2024-01-01,10,Sant Martí,71,Provençals del Poblenou,224,10098,49,3,2
2024-01-01,10,Sant Martí,71,Provençals del Poblenou,224,10099,537,1,1
2024-01-01,10,Sant Martí,71,Provençals del Poblenou,224,10099,470,1,2
2024-01-01,10,Sant Martí,71,Provençals del Poblenou,224,10099,..,2,1
2024-01-01,10,Sant Martí,71,Provençals del Poblenou,224,10099,7,2,2
2024-01-01,10,Sant Martí,71,Provençals del Poblenou,224,10099,42,3,1
2024-01-01,10,Sant Martí,71,Provençals del Poblenou,224,10099,47,3,2
2024-01-01,10,Sant Martí,71,Provençals del Poblenou,224,10100,688,1,1
2024-01-01,10,Sant Martí,71,Provençals del Poblenou,224,10100,610,1,2
2024-01-01,10,Sant Martí,71,Provençals del Poblenou,224,10100,54,2,1
2024-01-01,10,Sant Martí,71,Provençals del Poblenou,224,10100,57,2,2
2024-01-01,10,Sant Martí,71,Provençals del Poblenou,224,10100,149,3,1
2024-01-01,10,Sant Martí,71,Provençals del Poblenou,224,10100,134,3,2
2024-01-01,10,Sant Martí,71,Provençals del Poblenou,225,10101,611,1,1
2024-01-01,10,Sant Martí,71,Provençals del Poblenou,225,10101,626,1,2
2024-01-01,10,Sant Martí,71,Provençals del Poblenou,225,10101,73,2,1
2024-01-01,10,Sant Martí,71,Provençals del Poblenou,225,10101,81,2,2
2024-01-01,10,Sant Martí,71,Provençals del Poblenou,225,10101,184,3,1
2024-01-01,10,Sant Martí,71,Provençals del Poblenou,225,10101,184,3,2
2024-01-01,10,Sant Martí,71,Provençals del Poblenou,225,10102,1115,1,1
2024-01-01,10,Sant Martí,71,Provençals del Poblenou,225,10102,1026,1,2
2024-01-01,10,Sant Martí,71,Provençals del Poblenou,225,10102,50,2,1
2024-01-01,10,Sant Martí,71,Provençals del Poblenou,225,10102,51,2,2
2024-01-01,10,Sant Martí,71,Provençals del Poblenou,225,10102,195,3,1
2024-01-01,10,Sant Martí,71,Provençals del Poblenou,225,10102,179,3,2
2024-01-01,10,Sant Martí,71,Provençals del Poblenou,225,10102,..,4,2
2024-01-01,10,Sant Martí,71,Provençals del Poblenou,225,10103,981,1,1
2024-01-01,10,Sant Martí,71,Provençals del Poblenou,225,10103,883,1,2
2024-01-01,10,Sant Martí,71,Provençals del Poblenou,225,10103,31,2,1
2024-01-01,10,Sant Martí,71,Provençals del Poblenou,225,10103,28,2,2
2024-01-01,10,Sant Martí,71,Provençals del Poblenou,225,10103,117,3,1
2024-01-01,10,Sant Martí,71,Provençals del Poblenou,225,10103,115,3,2
2024-01-01,10,Sant Martí,71,Provençals del Poblenou,225,10104,768,1,1
2024-01-01,10,Sant Martí,71,Provençals del Poblenou,225,10104,692,1,2
2024-01-01,10,Sant Martí,71,Provençals del Poblenou,225,10104,18,2,1
2024-01-01,10,Sant Martí,71,Provençals del Poblenou,225,10104,18,2,2
2024-01-01,10,Sant Martí,71,Provençals del Poblenou,225,10104,46,3,1
2024-01-01,10,Sant Martí,71,Provençals del Poblenou,225,10104,41,3,2
2024-01-01,10,Sant Martí,71,Provençals del Poblenou,225,10237,414,1,1
2024-01-01,10,Sant Martí,71,Provençals del Poblenou,225,10237,317,1,2
2024-01-01,10,Sant Martí,71,Provençals del Poblenou,225,10237,15,2,1
2024-01-01,10,Sant Martí,71,Provençals del Poblenou,225,10237,17,2,2
2024-01-01,10,Sant Martí,71,Provençals del Poblenou,225,10237,60,3,1
2024-01-01,10,Sant Martí,71,Provençals del Poblenou,225,10237,64,3,2
2024-01-01,10,Sant Martí,72,Sant Martí de Provençals,226,10105,1014,1,1
2024-01-01,10,Sant Martí,72,Sant Martí de Provençals,226,10105,877,1,2
2024-01-01,10,Sant Martí,72,Sant Martí de Provençals,226,10105,22,2,1
2024-01-01,10,Sant Martí,72,Sant Martí de Provençals,226,10105,24,2,2
2024-01-01,10,Sant Martí,72,Sant Martí de Provençals,226,10105,105,3,1
2024-01-01,10,Sant Martí,72,Sant Martí de Provençals,226,10105,105,3,2
2024-01-01,10,Sant Martí,72,Sant Martí de Provençals,226,10106,464,1,1
2024-01-01,10,Sant Martí,72,Sant Martí de Provençals,226,10106,402,1,2
2024-01-01,10,Sant Martí,72,Sant Martí de Provençals,226,10106,14,2,1
2024-01-01,10,Sant Martí,72,Sant Martí de Provençals,226,10106,22,2,2
2024-01-01,10,Sant Martí,72,Sant Martí de Provençals,226,10106,75,3,1
2024-01-01,10,Sant Martí,72,Sant Martí de Provençals,226,10106,58,3,2
2024-01-01,10,Sant Martí,72,Sant Martí de Provençals,226,10107,695,1,1
2024-01-01,10,Sant Martí,72,Sant Martí de Provençals,226,10107,618,1,2
2024-01-01,10,Sant Martí,72,Sant Martí de Provençals,226,10107,32,2,1
2024-01-01,10,Sant Martí,72,Sant Martí de Provençals,226,10107,42,2,2
2024-01-01,10,Sant Martí,72,Sant Martí de Provençals,226,10107,79,3,1
2024-01-01,10,Sant Martí,72,Sant Martí de Provençals,226,10107,56,3,2
2024-01-01,10,Sant Martí,72,Sant Martí de Provençals,226,10108,604,1,1
2024-01-01,10,Sant Martí,72,Sant Martí de Provençals,226,10108,536,1,2
2024-01-01,10,Sant Martí,72,Sant Martí de Provençals,226,10108,27,2,1
2024-01-01,10,Sant Martí,72,Sant Martí de Provençals,226,10108,20,2,2
2024-01-01,10,Sant Martí,72,Sant Martí de Provençals,226,10108,87,3,1
2024-01-01,10,Sant Martí,72,Sant Martí de Provençals,226,10108,64,3,2
2024-01-01,10,Sant Martí,72,Sant Martí de Provençals,226,10109,697,1,1
2024-01-01,10,Sant Martí,72,Sant Martí de Provençals,226,10109,620,1,2
2024-01-01,10,Sant Martí,72,Sant Martí de Provençals,226,10109,22,2,1
2024-01-01,10,Sant Martí,72,Sant Martí de Provençals,226,10109,20,2,2
2024-01-01,10,Sant Martí,72,Sant Martí de Provençals,226,10109,137,3,1
2024-01-01,10,Sant Martí,72,Sant Martí de Provençals,226,10109,140,3,2
2024-01-01,10,Sant Martí,72,Sant Martí de Provençals,226,10109,..,4,1
2024-01-01,10,Sant Martí,72,Sant Martí de Provençals,226,10110,784,1,1
2024-01-01,10,Sant Martí,72,Sant Martí de Provençals,226,10110,622,1,2
2024-01-01,10,Sant Martí,72,Sant Martí de Provençals,226,10110,52,2,1
2024-01-01,10,Sant Martí,72,Sant Martí de Provençals,226,10110,52,2,2
2024-01-01,10,Sant Martí,72,Sant Martí de Provençals,226,10110,229,3,1
2024-01-01,10,Sant Martí,72,Sant Martí de Provençals,226,10110,223,3,2
2024-01-01,10,Sant Martí,72,Sant Martí de Provençals,227,10111,565,1,1
2024-01-01,10,Sant Martí,72,Sant Martí de Provençals,227,10111,510,1,2
2024-01-01,10,Sant Martí,72,Sant Martí de Provençals,227,10111,26,2,1
2024-01-01,10,Sant Martí,72,Sant Martí de Provençals,227,10111,24,2,2
2024-01-01,10,Sant Martí,72,Sant Martí de Provençals,227,10111,95,3,1
2024-01-01,10,Sant Martí,72,Sant Martí de Provençals,227,10111,86,3,2
2024-01-01,10,Sant Martí,72,Sant Martí de Provençals,227,10111,..,4,1
2024-01-01,10,Sant Martí,72,Sant Martí de Provençals,227,10112,701,1,1
2024-01-01,10,Sant Martí,72,Sant Martí de Provençals,227,10112,636,1,2
2024-01-01,10,Sant Martí,72,Sant Martí de Provençals,227,10112,23,2,1
2024-01-01,10,Sant Martí,72,Sant Martí de Provençals,227,10112,23,2,2
2024-01-01,10,Sant Martí,72,Sant Martí de Provençals,227,10112,60,3,1
2024-01-01,10,Sant Martí,72,Sant Martí de Provençals,227,10112,49,3,2
2024-01-01,10,Sant Martí,72,Sant Martí de Provençals,227,10113,507,1,1
2024-01-01,10,Sant Martí,72,Sant Martí de Provençals,227,10113,451,1,2
2024-01-01,10,Sant Martí,72,Sant Martí de Provençals,227,10113,33,2,1
2024-01-01,10,Sant Martí,72,Sant Martí de Provençals,227,10113,35,2,2
2024-01-01,10,Sant Martí,72,Sant Martí de Provençals,227,10113,100,3,1
2024-01-01,10,Sant Martí,72,Sant Martí de Provençals,227,10113,120,3,2
2024-01-01,10,Sant Martí,72,Sant Martí de Provençals,227,10114,602,1,1
2024-01-01,10,Sant Martí,72,Sant Martí de Provençals,227,10114,543,1,2
2024-01-01,10,Sant Martí,72,Sant Martí de Provençals,227,10114,33,2,1
2024-01-01,10,Sant Martí,72,Sant Martí de Provençals,227,10114,32,2,2
2024-01-01,10,Sant Martí,72,Sant Martí de Provençals,227,10114,177,3,1
2024-01-01,10,Sant Martí,72,Sant Martí de Provençals,227,10114,174,3,2
2024-01-01,10,Sant Martí,72,Sant Martí de Provençals,227,10114,..,4,2
2024-01-01,10,Sant Martí,72,Sant Martí de Provençals,228,10115,599,1,1
2024-01-01,10,Sant Martí,72,Sant Martí de Provençals,228,10115,511,1,2
2024-01-01,10,Sant Martí,72,Sant Martí de Provençals,228,10115,36,2,1
2024-01-01,10,Sant Martí,72,Sant Martí de Provençals,228,10115,28,2,2
2024-01-01,10,Sant Martí,72,Sant Martí de Provençals,228,10115,137,3,1
2024-01-01,10,Sant Martí,72,Sant Martí de Provençals,228,10115,105,3,2
2024-01-01,10,Sant Martí,72,Sant Martí de Provençals,228,10116,796,1,1
2024-01-01,10,Sant Martí,72,Sant Martí de Provençals,228,10116,659,1,2
2024-01-01,10,Sant Martí,72,Sant Martí de Provençals,228,10116,50,2,1
2024-01-01,10,Sant Martí,72,Sant Martí de Provençals,228,10116,39,2,2
2024-01-01,10,Sant Martí,72,Sant Martí de Provençals,228,10116,159,3,1
2024-01-01,10,Sant Martí,72,Sant Martí de Provençals,228,10116,159,3,2
2024-01-01,10,Sant Martí,72,Sant Martí de Provençals,228,10117,564,1,1
2024-01-01,10,Sant Martí,72,Sant Martí de Provençals,228,10117,493,1,2
2024-01-01,10,Sant Martí,72,Sant Martí de Provençals,228,10117,19,2,1
2024-01-01,10,Sant Martí,72,Sant Martí de Provençals,228,10117,21,2,2
2024-01-01,10,Sant Martí,72,Sant Martí de Provençals,228,10117,96,3,1
2024-01-01,10,Sant Martí,72,Sant Martí de Provençals,228,10117,82,3,2
2024-01-01,10,Sant Martí,72,Sant Martí de Provençals,228,10118,474,1,1
2024-01-01,10,Sant Martí,72,Sant Martí de Provençals,228,10118,420,1,2
2024-01-01,10,Sant Martí,72,Sant Martí de Provençals,228,10118,12,2,1
2024-01-01,10,Sant Martí,72,Sant Martí de Provençals,228,10118,14,2,2
2024-01-01,10,Sant Martí,72,Sant Martí de Provençals,228,10118,31,3,1
2024-01-01,10,Sant Martí,72,Sant Martí de Provençals,228,10118,43,3,2
2024-01-01,10,Sant Martí,72,Sant Martí de Provençals,228,10119,489,1,1
2024-01-01,10,Sant Martí,72,Sant Martí de Provençals,228,10119,419,1,2
2024-01-01,10,Sant Martí,72,Sant Martí de Provençals,228,10119,18,2,1
2024-01-01,10,Sant Martí,72,Sant Martí de Provençals,228,10119,18,2,2
2024-01-01,10,Sant Martí,72,Sant Martí de Provençals,228,10119,106,3,1
2024-01-01,10,Sant Martí,72,Sant Martí de Provençals,228,10119,90,3,2
2024-01-01,10,Sant Martí,72,Sant Martí de Provençals,228,10119,..,4,2
2024-01-01,10,Sant Martí,72,Sant Martí de Provençals,229,10120,654,1,1
2024-01-01,10,Sant Martí,72,Sant Martí de Provençals,229,10120,529,1,2
2024-01-01,10,Sant Martí,72,Sant Martí de Provençals,229,10120,24,2,1
2024-01-01,10,Sant Martí,72,Sant Martí de Provençals,229,10120,29,2,2
2024-01-01,10,Sant Martí,72,Sant Martí de Provençals,229,10120,154,3,1
2024-01-01,10,Sant Martí,72,Sant Martí de Provençals,229,10120,160,3,2
2024-01-01,10,Sant Martí,72,Sant Martí de Provençals,229,10120,..,4,1
2024-01-01,10,Sant Martí,72,Sant Martí de Provençals,229,10121,646,1,1
2024-01-01,10,Sant Martí,72,Sant Martí de Provençals,229,10121,605,1,2
2024-01-01,10,Sant Martí,72,Sant Martí de Provençals,229,10121,35,2,1
2024-01-01,10,Sant Martí,72,Sant Martí de Provençals,229,10121,39,2,2
2024-01-01,10,Sant Martí,72,Sant Martí de Provençals,229,10121,161,3,1
2024-01-01,10,Sant Martí,72,Sant Martí de Provençals,229,10121,136,3,2
2024-01-01,10,Sant Martí,72,Sant Martí de Provençals,229,10121,..,4,2
2024-01-01,10,Sant Martí,72,Sant Martí de Provençals,229,10122,703,1,1
2024-01-01,10,Sant Martí,72,Sant Martí de Provençals,229,10122,593,1,2
2024-01-01,10,Sant Martí,72,Sant Martí de Provençals,229,10122,19,2,1
2024-01-01,10,Sant Martí,72,Sant Martí de Provençals,229,10122,14,2,2
2024-01-01,10,Sant Martí,72,Sant Martí de Provençals,229,10122,57,3,1
2024-01-01,10,Sant Martí,72,Sant Martí de Provençals,229,10122,79,3,2
2024-01-01,10,Sant Martí,73,la Verneda i la Pau,230,10123,599,1,1
2024-01-01,10,Sant Martí,73,la Verneda i la Pau,230,10123,562,1,2
2024-01-01,10,Sant Martí,73,la Verneda i la Pau,230,10123,19,2,1
2024-01-01,10,Sant Martí,73,la Verneda i la Pau,230,10123,24,2,2
2024-01-01,10,Sant Martí,73,la Verneda i la Pau,230,10123,79,3,1
2024-01-01,10,Sant Martí,73,la Verneda i la Pau,230,10123,65,3,2
2024-01-01,10,Sant Martí,73,la Verneda i la Pau,230,10124,493,1,1
2024-01-01,10,Sant Martí,73,la Verneda i la Pau,230,10124,449,1,2
2024-01-01,10,Sant Martí,73,la Verneda i la Pau,230,10124,15,2,1
2024-01-01,10,Sant Martí,73,la Verneda i la Pau,230,10124,13,2,2
2024-01-01,10,Sant Martí,73,la Verneda i la Pau,230,10124,46,3,1
2024-01-01,10,Sant Martí,73,la Verneda i la Pau,230,10124,39,3,2
2024-01-01,10,Sant Martí,73,la Verneda i la Pau,230,10125,492,1,1
2024-01-01,10,Sant Martí,73,la Verneda i la Pau,230,10125,456,1,2
2024-01-01,10,Sant Martí,73,la Verneda i la Pau,230,10125,14,2,1
2024-01-01,10,Sant Martí,73,la Verneda i la Pau,230,10125,..,2,2
2024-01-01,10,Sant Martí,73,la Verneda i la Pau,230,10125,71,3,1
2024-01-01,10,Sant Martí,73,la Verneda i la Pau,230,10125,68,3,2
2024-01-01,10,Sant Martí,73,la Verneda i la Pau,230,10126,475,1,1
2024-01-01,10,Sant Martí,73,la Verneda i la Pau,230,10126,427,1,2
2024-01-01,10,Sant Martí,73,la Verneda i la Pau,230,10126,5,2,1
2024-01-01,10,Sant Martí,73,la Verneda i la Pau,230,10126,6,2,2
2024-01-01,10,Sant Martí,73,la Verneda i la Pau,230,10126,60,3,1
2024-01-01,10,Sant Martí,73,la Verneda i la Pau,230,10126,57,3,2
2024-01-01,10,Sant Martí,73,la Verneda i la Pau,230,10127,476,1,1
2024-01-01,10,Sant Martí,73,la Verneda i la Pau,230,10127,452,1,2
2024-01-01,10,Sant Martí,73,la Verneda i la Pau,230,10127,10,2,1
2024-01-01,10,Sant Martí,73,la Verneda i la Pau,230,10127,12,2,2
2024-01-01,10,Sant Martí,73,la Verneda i la Pau,230,10127,35,3,1
2024-01-01,10,Sant Martí,73,la Verneda i la Pau,230,10127,38,3,2
2024-01-01,10,Sant Martí,73,la Verneda i la Pau,230,10128,741,1,1
2024-01-01,10,Sant Martí,73,la Verneda i la Pau,230,10128,628,1,2
2024-01-01,10,Sant Martí,73,la Verneda i la Pau,230,10128,15,2,1
2024-01-01,10,Sant Martí,73,la Verneda i la Pau,230,10128,12,2,2
2024-01-01,10,Sant Martí,73,la Verneda i la Pau,230,10128,75,3,1
2024-01-01,10,Sant Martí,73,la Verneda i la Pau,230,10128,70,3,2
2024-01-01,10,Sant Martí,73,la Verneda i la Pau,230,10129,524,1,1
2024-01-01,10,Sant Martí,73,la Verneda i la Pau,230,10129,494,1,2
2024-01-01,10,Sant Martí,73,la Verneda i la Pau,230,10129,11,2,1
2024-01-01,10,Sant Martí,73,la Verneda i la Pau,230,10129,13,2,2
2024-01-01,10,Sant Martí,73,la Verneda i la Pau,230,10129,45,3,1
2024-01-01,10,Sant Martí,73,la Verneda i la Pau,230,10129,42,3,2
2024-01-01,10,Sant Martí,73,la Verneda i la Pau,231,10130,496,1,1
2024-01-01,10,Sant Martí,73,la Verneda i la Pau,231,10130,450,1,2
2024-01-01,10,Sant Martí,73,la Verneda i la Pau,231,10130,28,2,1
2024-01-01,10,Sant Martí,73,la Verneda i la Pau,231,10130,31,2,2
2024-01-01,10,Sant Martí,73,la Verneda i la Pau,231,10130,111,3,1
2024-01-01,10,Sant Martí,73,la Verneda i la Pau,231,10130,95,3,2
2024-01-01,10,Sant Martí,73,la Verneda i la Pau,231,10131,523,1,1
2024-01-01,10,Sant Martí,73,la Verneda i la Pau,231,10131,464,1,2
2024-01-01,10,Sant Martí,73,la Verneda i la Pau,231,10131,6,2,1
2024-01-01,10,Sant Martí,73,la Verneda i la Pau,231,10131,5,2,2
2024-01-01,10,Sant Martí,73,la Verneda i la Pau,231,10131,51,3,1
2024-01-01,10,Sant Martí,73,la Verneda i la Pau,231,10131,40,3,2
2024-01-01,10,Sant Martí,73,la Verneda i la Pau,231,10132,556,1,1
2024-01-01,10,Sant Martí,73,la Verneda i la Pau,231,10132,479,1,2
2024-01-01,10,Sant Martí,73,la Verneda i la Pau,231,10132,15,2,1
2024-01-01,10,Sant Martí,73,la Verneda i la Pau,231,10132,19,2,2
2024-01-01,10,Sant Martí,73,la Verneda i la Pau,231,10132,114,3,1
2024-01-01,10,Sant Martí,73,la Verneda i la Pau,231,10132,123,3,2
2024-01-01,10,Sant Martí,73,la Verneda i la Pau,231,10132,..,4,2
2024-01-01,10,Sant Martí,73,la Verneda i la Pau,231,10133,768,1,1
2024-01-01,10,Sant Martí,73,la Verneda i la Pau,231,10133,667,1,2
2024-01-01,10,Sant Martí,73,la Verneda i la Pau,231,10133,30,2,1
2024-01-01,10,Sant Martí,73,la Verneda i la Pau,231,10133,35,2,2
2024-01-01,10,Sant Martí,73,la Verneda i la Pau,231,10133,132,3,1
2024-01-01,10,Sant Martí,73,la Verneda i la Pau,231,10133,133,3,2
2024-01-01,10,Sant Martí,73,la Verneda i la Pau,231,10134,717,1,1
2024-01-01,10,Sant Martí,73,la Verneda i la Pau,231,10134,573,1,2
2024-01-01,10,Sant Martí,73,la Verneda i la Pau,231,10134,28,2,1
2024-01-01,10,Sant Martí,73,la Verneda i la Pau,231,10134,31,2,2
2024-01-01,10,Sant Martí,73,la Verneda i la Pau,231,10134,130,3,1
2024-01-01,10,Sant Martí,73,la Verneda i la Pau,231,10134,129,3,2
2024-01-01,10,Sant Martí,73,la Verneda i la Pau,231,10134,..,4,1
2024-01-01,10,Sant Martí,73,la Verneda i la Pau,231,10135,543,1,1
2024-01-01,10,Sant Martí,73,la Verneda i la Pau,231,10135,491,1,2
2024-01-01,10,Sant Martí,73,la Verneda i la Pau,231,10135,21,2,1
2024-01-01,10,Sant Martí,73,la Verneda i la Pau,231,10135,25,2,2
2024-01-01,10,Sant Martí,73,la Verneda i la Pau,231,10135,88,3,1
2024-01-01,10,Sant Martí,73,la Verneda i la Pau,231,10135,86,3,2
2024-01-01,10,Sant Martí,73,la Verneda i la Pau,232,10136,618,1,1
2024-01-01,10,Sant Martí,73,la Verneda i la Pau,232,10136,562,1,2
2024-01-01,10,Sant Martí,73,la Verneda i la Pau,232,10136,10,2,1
2024-01-01,10,Sant Martí,73,la Verneda i la Pau,232,10136,13,2,2
2024-01-01,10,Sant Martí,73,la Verneda i la Pau,232,10136,110,3,1
2024-01-01,10,Sant Martí,73,la Verneda i la Pau,232,10136,100,3,2
2024-01-01,10,Sant Martí,73,la Verneda i la Pau,232,10137,714,1,1
2024-01-01,10,Sant Martí,73,la Verneda i la Pau,232,10137,614,1,2
2024-01-01,10,Sant Martí,73,la Verneda i la Pau,232,10137,21,2,1
2024-01-01,10,Sant Martí,73,la Verneda i la Pau,232,10137,30,2,2
2024-01-01,10,Sant Martí,73,la Verneda i la Pau,232,10137,110,3,1
2024-01-01,10,Sant Martí,73,la Verneda i la Pau,232,10137,98,3,2
2024-01-01,10,Sant Martí,73,la Verneda i la Pau,232,10138,800,1,1
2024-01-01,10,Sant Martí,73,la Verneda i la Pau,232,10138,768,1,2
2024-01-01,10,Sant Martí,73,la Verneda i la Pau,232,10138,81,2,1
2024-01-01,10,Sant Martí,73,la Verneda i la Pau,232,10138,88,2,2
2024-01-01,10,Sant Martí,73,la Verneda i la Pau,232,10138,593,3,1
2024-01-01,10,Sant Martí,73,la Verneda i la Pau,232,10138,498,3,2
2024-01-01,10,Sant Martí,73,la Verneda i la Pau,232,10139,664,1,1
2024-01-01,10,Sant Martí,73,la Verneda i la Pau,232,10139,601,1,2
2024-01-01,10,Sant Martí,73,la Verneda i la Pau,232,10139,33,2,1
2024-01-01,10,Sant Martí,73,la Verneda i la Pau,232,10139,32,2,2
2024-01-01,10,Sant Martí,73,la Verneda i la Pau,232,10139,192,3,1
2024-01-01,10,Sant Martí,73,la Verneda i la Pau,232,10139,194,3,2
2024-01-01,10,Sant Martí,73,la Verneda i la Pau,233,10140,648,1,1
2024-01-01,10,Sant Martí,73,la Verneda i la Pau,233,10140,594,1,2
2024-01-01,10,Sant Martí,73,la Verneda i la Pau,233,10140,17,2,1
2024-01-01,10,Sant Martí,73,la Verneda i la Pau,233,10140,18,2,2
2024-01-01,10,Sant Martí,73,la Verneda i la Pau,233,10140,186,3,1
2024-01-01,10,Sant Martí,73,la Verneda i la Pau,233,10140,213,3,2
2024-01-01,10,Sant Martí,73,la Verneda i la Pau,233,10141,511,1,1
2024-01-01,10,Sant Martí,73,la Verneda i la Pau,233,10141,470,1,2
2024-01-01,10,Sant Martí,73,la Verneda i la Pau,233,10141,20,2,1
2024-01-01,10,Sant Martí,73,la Verneda i la Pau,233,10141,9,2,2
2024-01-01,10,Sant Martí,73,la Verneda i la Pau,233,10141,84,3,1
2024-01-01,10,Sant Martí,73,la Verneda i la Pau,233,10141,81,3,2
2024-01-01,10,Sant Martí,73,la Verneda i la Pau,233,10142,690,1,1
2024-01-01,10,Sant Martí,73,la Verneda i la Pau,233,10142,625,1,2
2024-01-01,10,Sant Martí,73,la Verneda i la Pau,233,10142,21,2,1
2024-01-01,10,Sant Martí,73,la Verneda i la Pau,233,10142,21,2,2
2024-01-01,10,Sant Martí,73,la Verneda i la Pau,233,10142,156,3,1
2024-01-01,10,Sant Martí,73,la Verneda i la Pau,233,10142,163,3,2
2024-01-01,10,Sant Martí,73,la Verneda i la Pau,233,10143,738,1,1
2024-01-01,10,Sant Martí,73,la Verneda i la Pau,233,10143,645,1,2
2024-01-01,10,Sant Martí,73,la Verneda i la Pau,233,10143,23,2,1
2024-01-01,10,Sant Martí,73,la Verneda i la Pau,233,10143,25,2,2
2024-01-01,10,Sant Martí,73,la Verneda i la Pau,233,10143,197,3,1
2024-01-01,10,Sant Martí,73,la Verneda i la Pau,233,10143,181,3,2
