"station_id","name","address","post_code","capacity","census_section","neighborhood","bus_count_300m","bus_unique_lines_300m","bus_nearest_m","metro_count_500m","metro_unique_lines_500m","metro_nearest_m","tram_count_500m","tram_unique_lines_500m","tram_nearest_m","poi_count_300m","bike_lane_len_300m","bike_lane_nearest_m","mean_altitude_150m","mean_slope_150m","physical_configuration","cross_street","is_charging_station","short_name","nearby_distance","last_updated","income_2022_house","income_2022_pers","f","m","10-19","20-29","30-39","40-49","50-59","60-69","70+","total_population","education_primary","education_secondary","education_college","household_avg_m2","non_spanish_population","cars","others","motos","population","cars_abs","motos_abs","others_abs","unemployment_percentage","unemployment","geometry"
"1","GRAN VIA CORTS CATALANES, 760","GRAN VIA CORTS CATALANES, 760","8013.0","46","0801902008","el Fort Pienc","28","12","74.76330624560006","2","1","259.6449469798871","2","1","439.62369464898876","160","4385.783497293769","7.945045010698148","31.972972972972972","","ELECTRICBIKESTATION","02-Eixample/05-el Fort Pienc","True","1","1000","1774994105","52884","20725","968","879","161","272","280","308","232","226","235","1847","125","741","834","89.3","520","302","23","165","1847","557.79","304.76","42.48","4.8","","POINT (431461.864631 4583262.211281)"
"10","C/ 60, NÚMERO 25","C/ 60, NÚMERO 25","8040.0","43","0801903025","la Marina del Prat Vermell","7","4","108.29466132255183","2","1","438.2459338185031","0","0","4303.381515922226","34","737.1234961227622","152.66164739777724","11.54054054054054","","ELECTRICBIKESTATION","03-Sants-Montjuïc/12-la Marina del Prat Vermell","True","10","1000","1774994105","30218","12529","708","754","125","155","266","244","236","178","99","1462","452","791","388","89.6","464","4272","4005","612","1462","6245.66","894.74","5855.31","4.1","","POINT (428355.882208 4577607.213316)"
"100","C/ TARRAGONA,  159-173","C/ TARRAGONA,  159-173","8014.0","22","0801903048","Hostafrancs","40","14","63.498362446977964","15","5","156.78849511047855","0","0","1379.7611662706604","105","2037.7411799257427","9.740006645797969","40.76315789473684","","ELECTRICBIKESTATION","03-Sants-Montjuïc/15-Hostafrancs","True","100","1000","1774994105","43851","20352","683","600","73","172","243","189","138","222","175","1283","170","559","508","72.1","333","338","62","157","1283","433.65","201.43","79.55","5.2","","POINT (428412.064136 4581224.913703)"
"101","AV. DIAGONAL, 602","AV. DIAGONAL, 602","8021.0","24","0801905059","Sant Gervasi - Galvany","48","33","42.69790920212494","0","0","642.5683760531798","6","3","73.2888893735873","232","2337.8902908458313","16.438676276628076","74.43589743589743","","ELECTRICBIKESTATION","05-Sarrià-StGervasi/26-Sant Gervasi - Galvany","True","101","1000","1774994105","65718","29106","824","659","168","169","200","195","241","190","202","1483","71","533","761","130.4","309","519","142","294","1483","769.68","436.0","210.59","3.2","","POINT (428388.681763 4582725.706869)"
"102","AV. DIAGONAL,  612","AV. DIAGONAL,  612","8021.0","24","0801905059","Sant Gervasi - Galvany","46","31","42.29677910622973","0","0","677.1788832427325","6","3","88.57573965626857","209","2480.67776846891","25.515427330865027","75.73529411764706","","ELECTRICBIKESTATION","05-Sarrià-StGervasi/26-Sant Gervasi - Galvany","True","102","1000","1774994105","65718","29106","824","659","168","169","200","195","241","190","202","1483","71","533","761","130.4","309","519","142","294","1483","769.68","436.0","210.59","3.2","","POINT (428288.553374 4582692.167255)"
"103","C/ ARAGÓ, 629","C/ ARAGÓ, 629","8026.0","20","0801910026","el Clot","36","16","115.02440924364123","12","4","130.3404899237729","4","2","481.4312818472199","242","2342.138885367308","13.011920211912148","27.31578947368421","","ELECTRICBIKESTATION","10-SantMartí/65-el Clot","True","103","1000","1774994105","44907","18716","774","729","130","186","255","253","228","181","152","1503","195","694","599","72.9","429","302","32","118","1503","453.91","177.35","48.1","5.9","","POINT (432171.800622 4584601.203616)"
"104","C/ VALÈNCIA,  621","C/ VALÈNCIA, 621","8026.0","26","0801910026","el Clot","38","16","33.42192849074001","12","4","74.47330437815675","0","0","607.0941965489344","215","2537.6350514234528","29.778176847136667","33.55263157894737","","ELECTRICBIKESTATION","10-SantMartí/65-el Clot","True","104","1000","1774994105","44907","18716","774","729","130","186","255","253","228","181","152","1503","195","694","599","72.9","429","302","32","118","1503","453.91","177.35","48.1","5.9","","POINT (432071.827914 4584680.138604)"
"105","RDA. DE SANT PERE, 26","RDA. DE SANT PERE, 26","8010.0","21","0801902075","la Dreta de l'Eixample","74","35","11.631956401964967","23","4","51.96393116184113","0","0","1147.5297110576655","293","1816.5215856136306","3.163594480572587","32.54054054054054","","ELECTRICBIKESTATION","02-Eixample/07-la Dreta de l'Eixample","True","105","1000","1774994105","54726","23374","617","575","108","178","229","188","171","128","120","1192","70","388","648","118.7","429","317","58","212","1192","377.86","252.7","69.14","4.2","","POINT (430963.280219 4582324.768726)"
"106","PL JOANIC - C / BRUNIQUER, 59"," PL  JOANIC - C / BRUNIQUER, 59","8024.0","20","0801906063","la Vila de Gràcia","21","5","65.97435369638191","2","1","122.86433818796972","0","0","895.0604757762329","284","1328.7702426468213","44.12017172181177","69.84210526315789","","ELECTRICBIKESTATION","06-Gràcia/31-la Vila de Gràcia","True","106","1000","1774994105","39193","18446","767","651","116","173","283","280","176","143","140","1418","128","517","664","67.8","384","238","25","160","1418","337.48","226.88","35.45","5.1","","POINT (429977.619859 4584113.780329)"
"107","TRAV. DE GRÀCIA, 92 / VIA AUGUSTA","TRAV. DE GRÀCIA, 92 / VIA AUGUSTA","8006.0","20","0801905068","Sant Gervasi - Galvany","26","10","72.37029411858522","5","3","119.02927680620746","0","0","1062.9876801814823","707","1402.8115889106573","15.121612808666432","72.2","","ELECTRICBIKESTATION","05-Sarrià-StGervasi/26-Sant Gervasi - Galvany","True","107","1000","1774994105","58498","26182","770","700","159","192","229","215","213","181","145","1470","68","488","843","113.2","330","534","71","345","1470","784.98","507.15","104.37","3.2","","POINT (429204.762652 4583311.958115)"
"108","C / INDÚSTRIA, 10","C / INDÚSTRIA, 10","8037.0","21","0801906068","el Camp d'en Grassot i Gràcia Nova","24","7","67.04472993895884","6","2","404.0119014622416","1","1","466.3394318110393","345","1642.870532722277","16.53406640580702","61.23076923076923","","ELECTRICBIKESTATION","06-Gràcia/32-el Camp d'en Grassot i Gràcia Nova","True","108","1000","1774994105","49970","22239","819","656","127","200","257","253","185","152","175","1475","140","529","754","85.8","375","253","34","207","1475","373.18","305.32","50.15","4.9","","POINT (430195.467387 4583743.981664)"
"109","C/ LONDRES,  53","C/ LONDRES,  53","8036.0","24","0801902108","l'Antiga Esquerra de l'Eixample","51","20","88.88740927223732","2","1","413.45785928708693","6","3","383.35529682797534","264","2575.755994119904","13.5591756722711","62.142857142857146","","ELECTRICBIKESTATION","02-Eixample/08-l'Antiga Esquerra de l'Eixample","True","109","1000","1774994105","55925","25292","804","693","123","217","209","205","185","185","248","1497","75","553","804","102.9","321","398","38","217","1497","595.81","324.85","56.89","4.2","","POINT (428739.696219 4582542.655166)"
"11","PG. MARITIM, 11 (DAVANT PL. BRUGADA)","PG. MARITIM, 11 (DAVANT PL. BRUGADA)","8003.0","34","0801901036","la Barceloneta","20","5","91.95308374915706","2","1","486.10884554456266","0","0","613.3866660808515","57","573.3922349828803","3.217594522469862","6.486486486486487","","ELECTRICBIKESTATION","01-CiutatVella/03-la Barceloneta","True","11","1000","1774994105","32134","14159","597","540","73","203","198","173","156","142","133","1137","254","513","292","60.3","345","237","31","215","1137","269.47","244.46","35.25","7.4","","POINT (432631.748071 4581521.428845)"
"110","AV. ROMA,  136","AV. ROMA,  136","8011.0","17","0801902097","l'Antiga Esquerra de l'Eixample","21","9","93.27554784710361","6","2","444.4076193817882","0","0","1255.674597395622","382","2661.195501285782","35.96404743322733","43.63157894736842","","ELECTRICBIKESTATION","02-Eixample/08-l'Antiga Esquerra de l'Eixample","True","110","1000","1774994105","45213","19923","548","502","82","155","218","169","150","106","106","1050","89","425","498","74.1","347","229","26","177","1050","240.45","185.85","27.3","4.2","","POINT (429356.730065 4581870.214981)"
"111","C/ ARAGÓ 147","C/ ARAGÓ 147","8015.0","19","0801902139","la Nova Esquerra de l'Eixample","21","10","79.56650432697117","4","1","435.13807008023684","0","0","1264.3330757368226","395","2805.932711550758","18.191837722776334","42.39473684210526","","ELECTRICBIKESTATION","02-Eixample/09-la Nova Esquerra de l'Eixample","True","111","1000","1774994105","42143","19477","848","791","93","286","399","221","211","161","169","1639","135","638","771","71.0","549","236","27","150","1639","386.8","245.85","44.25","4.9","","POINT (429321.533988 4581814.410837)"
"112","C/ FLORIDABLANCA,  49","C/ FLORIDABLANCA, 49","8015.0","20","0801902158","Sant Antoni","62","24","66.04647644203182","7","2","280.8809508146853","0","0","1992.1978884405114","232","1396.7380527549483","23.945713398643676","34.18421052631579","","ELECTRICBIKESTATION","02-Eixample/10-Sant Antoni","True","112","1000","1774994105","44494","18509","772","735","104","175","263","245","199","187","231","1507","186","653","671","80.7","468","253","68","142","1507","381.27","213.99","102.48","5.2","","POINT (429527.802033 4581026.239408)"
"113","RONDA DE SANT PAU , 51","RONDA DE SANT PAU, 51","8015.0","34","0801902169","Sant Antoni","39","18","64.95831310053948","13","2","297.11874340566266","0","0","2361.36348043647","326","1367.8253419753896","9.70681399959237","24.83783783783784","","ELECTRICBIKESTATION","02-Eixample/10-Sant Antoni","True","113","1000","1774994105","41613","19018","738","738","105","189","287","253","224","156","168","1476","203","583","597","76.5","420","195","33","131","1476","287.82","193.36","48.71","5.2","","POINT (430149.654998 4580980.160268)"
"114","PL. JEAN GENET,  1","PL. JEAN GENET,  1","8001.0","20","0801901001","el Raval","21","10","80.0675426734891","11","2","149.60437215077266","0","0","1921.9976092278205","179","1282.3798442725083","125.01199132216205","16.38888888888889","","ELECTRICBIKESTATION","01-CiutatVella/01-el Raval","True","114","1000","1774994105","30768","12551","583","689","85","205","290","206","160","86","122","1272","240","526","375","76.7","603","288","139","410","1272","366.34","521.52","176.81","7.4","","POINT (430929.56581 4580908.700023)"
"115","AV. MARQUÉS DE L'ARGENTERA,  3","AV. MARQUÉS DE L'ARGENTERA,  3","8003.0","21","0801901043","Sant Pere, Santa Caterina i la Ribera","37","16","25.99511914264375","4","2","112.93114664844421","0","0","784.5991063378415","299","1908.2678863594836","13.721286048888407","17.07894736842105","","ELECTRICBIKESTATION","01-CiutatVella/04-Sant Pere, Santa Caterina i la Ribera","True","115","1000","1774994105","42945","19719","777","825","84","247","413","314","180","130","106","1602","126","521","831","81.9","741","223","83","3552","1602","357.25","5690.3","132.97","","","POINT (431786.569978 4581662.458447)"
"116","C/ DEL DR. AIGUADER, 72 / PG. SALVAT","C/ DEL DR. AIGUADER, 72 / PG. SALVAT PAPASSEIT","8003.0","34","0801901036","la Barceloneta","10","5","272.4381248542653","2","1","338.9472748944994","4","2","421.12754356446897","59","1154.0030618693995","105.36863142156334","7.578947368421052","","ELECTRICBIKESTATION","01-CiutatVella/03-la Barceloneta","True","116","1000","1774994105","32134","14159","597","540","73","203","198","173","156","142","133","1137","254","513","292","60.3","345","237","31","215","1137","269.47","244.46","35.25","7.4","","POINT (432397.57889 4581683.367826)"
"117","C/ ROSA SENSAT, 12","C/ ROSA SENSAT, 12","8005.0","21","0801910055","la Vila Olímpica del Poblenou","24","13","77.14545478168739","0","0","562.5591971213601","0","0","553.0997720158446","96","1103.2268741188075","103.95429306272864","10.736842105263158","","ELECTRICBIKESTATION","10-SantMartí/67-la Vila Olímpica del Poblenou","True","117","1000","1774994105","73872","27080","1291","1289","295","410","246","326","434","401","277","2580","111","780","1381","115.4","568","424","33","198","2580","1093.92","510.84","85.14","5.4","","POINT (432885.75647 4582430.288731)"
"118","C/ PUJADES,  3","C/ PUJADES,  3","8018.0","27","0801910048","el Parc i la Llacuna del Poblenou","24","10","93.68340656257028","2","1","327.6173067370131","8","2","220.77991502402404","123","2564.0943745776362","9.185529845437811","17.52777777777778","","ELECTRICBIKESTATION","10-SantMartí/66-el Parc i la Llacuna del Poblenou","True","118","1000","1774994105","45412","20141","768","811","125","216","285","247","218","179","171","1579","168","567","673","75.8","407","267","34","187","1579","421.59","295.27","53.69","5.3","","POINT (432073.505798 4582606.056057)"
"119","C/ SARDENYA,  178","C/ SARDENYA,  178","8013.0","39","0801902009","el Fort Pienc","60","41","116.27300197268889","4","2","370.3199681280328","8","2","375.09691041042686","138","3160.937090519998","17.185815576264158","28.81578947368421","","ELECTRICBIKESTATION","02-Eixample/05-el Fort Pienc","True","119","1000","1774994105","48694","19911","909","830","123","238","288","276","217","232","216","1739","148","703","730","83.1","514","272","31","157","1739","473.01","273.02","53.91","4.8","","POINT (431661.304751 4583120.319685)"
"12","PG. MARITIM, 23 (HOSPITAL DEL MAR)","PG. MARITIM, 23 (HOSPITAL DEL MAR)","8003.0","26","0801901036","la Barceloneta","20","9","19.538240497968637","2","1","390.93108561790166","0","0","524.6288392247196","58","610.9709161501803","23.21517867674524","7.972222222222222","","ELECTRICBIKESTATION","01-CiutatVella/03-la Barceloneta","True","12","1000","1774994105","32134","14159","597","540","73","203","198","173","156","142","133","1137","254","513","292","60.3","345","237","31","215","1137","269.47","244.46","35.25","7.4","","POINT (432660.464299 4581628.559201)"
"120","C/ LEPANT,  278","C/ LEPANT,  278","8013.0","21","0801902027","la Sagrada Família","38","12","79.14453306182641","4","2","113.91643954486744","1","1","473.6257783026723","320","2331.2761316592682","36.96634212197958","45.026315789473685","","ELECTRICBIKESTATION","02-Eixample/06-la Sagrada Família","True","120","1000","1774994105","43187","18438","1030","960","164","243","352","295","289","275","232","1990","215","897","795","83.1","575","250","23","112","1990","497.5","222.88","45.77","5.1","","POINT (431168.499905 4584011.961541)"
"121","C/ CASTILLEJOS, 258","C/ CASTILLEJOS, 258","8013.0","21","0801902032","la Sagrada Família","26","10","89.13861814713394","4","2","344.8108879726972","0","0","532.942412149377","242","3023.0301507248932","4.355182347438194","44.60526315789474","","ELECTRICBIKESTATION","02-Eixample/06-la Sagrada Família","True","121","1000","1774994105","43925","19674","574","462","70","119","211","130","138","135","163","1036","160","492","459","77.5","312","231","20","135","1036","239.32","139.86","20.72","5.1","","POINT (431339.501016 4584204.338537)"
"122","C/ NÀPOLS, 344","C/ NÀPOLS, 344","8025.0","33","0801906076","el Camp d'en Grassot i Gràcia Nova","17","7","71.582514626956","2","1","278.03784633426267","0","0","779.6957931284609","205","2419.582548810465","8.879403718132895","68.1891891891892","","ELECTRICBIKESTATION","06-Gràcia/32-el Camp d'en Grassot i Gràcia Nova","True","122","1000","1774994105","47495","21088","658","593","99","133","180","186","144","135","262","1251","95","525","517","80.1","235","311","24","189","1251","389.06","236.44","30.02","4.9","","POINT (430317.096874 4584102.28903)"
"123","C/ PROVENÇA, 317","C/ PROVENÇA, 317","8037.0","21","0801902060","la Dreta de l'Eixample","31","12","42.24474414710252","4","1","52.299504970866316","1","1","71.78924234326131","380","3089.8629271821655","37.90234788201531","53.36842105263158","","ELECTRICBIKESTATION","02-Eixample/07-la Dreta de l'Eixample","True","123","1000","1774994105","49792","21540","850","714","132","234","267","232","196","184","181","1564","100","593","795","100.5","469","285","39","185","1564","445.74","289.34","61.0","4.2","","POINT (430344.960513 4583366.192505)"
"124","C/ NOVA  BOCANA","C/ NOVA  BOCANA","8039.0","31","0801901032","la Barceloneta","9","3","37.579397892291716","0","0","1231.962156066897","0","0","1958.2455700085786","40","634.6023455817422","27.744566806986185","4.588235294117647","","ELECTRICBIKESTATION","01-CiutatVella/03-la Barceloneta","True","124","1000","1774994105","30477","15532","797","840","57","276","445","261","237","137","163","1637","261","726","656","46.4","823","260","83","219","1637","425.62","358.5","135.87","7.4","","POINT (432077.168696 4580177.649708)"
"125","PG. MARíTIM, 31 B (ANNEXA A LA 12)"," PG. MARíTIM, 31 B (ANNEXA A LA  12)","8003.0","29","0801901036","la Barceloneta","23","9","17.307014891500472","2","1","382.88401731403866","0","0","517.8117690963725","59","662.9227154913351","20.07608688421855","8.151515151515152","","ELECTRICBIKESTATION","01-CiutatVella/03-la Barceloneta","True","125","1000","1774994105","32134","14159","597","540","73","203","198","173","156","142","133","1137","254","513","292","60.3","345","237","31","215","1137","269.47","244.46","35.25","7.4","","POINT (432669.733441 4581640.686135)"
"126","PG. DE COLOM /VIA LAIETANA","PG. DE COLOM /VIA LAIETANA","8002.0","23","0801901030","el Barri Gòtic","48","16","40.60700413701006","4","2","307.4741018118539","0","0","1116.8650532966985","234","2452.264584384496","6.625765801927988","8.621621621621621","","ELECTRICBIKESTATION","01-CiutatVella/02-el Barri Gòtic","True","126","1000","1774994105","31201","12469","1172","1237","165","510","497","388","302","205","198","2409","393","1028","839","93.6","1264","192","60","220","2409","462.53","529.98","144.54","4.3","","POINT (431625.472899 4581334.334045)"
"127","C/ ARAGÓ, 659 / NAVAS DE TOLOSA","C/ ARAGÓ, 659 /NAVAS DE TOLOSA","8026.0","27","0801910031","el Clot","18","7","113.16602762832908","14","4","384.69002879729624","2","2","497.94247022627246","144","2193.769165536506","26.9488547505107","24.457142857142856","","ELECTRICBIKESTATION","10-SantMartí/65-el Clot","True","127","1000","1774994105","37159","17139","738","718","94","157","276","218","214","200","192","1456","226","684","445","62.5","342","266","34","124","1456","387.3","180.54","49.5","5.9","","POINT (432366.385425 4584818.120389)"
"128","RAMBLA DE GUIPÚSCOA, 43/FLUVIA","RAMBLA DE GUIPÚSCOA, 43/FLUVIA","8020.0","43","0801910111","Sant Martí de Provençals","18","7","102.66184235597244","2","1","130.07134240567143","0","0","521.3878395133705","138","1790.9822441283272","18.620838748365422","21.473684210526315","","ELECTRICBIKESTATION","10-SantMartí/72-Sant Martí de Provençals","True","128","1000","1774994105","37058","15551","628","601","109","141","182","186","172","167","179","1229","244","666","253","76.7","234","339","28","138","1229","416.63","169.6","34.41","6.4","","POINT (432806.936821 4585232.93905)"
"129","C/ MANSO, 46","C/ MANSO, 46","8015.0","23","0801902172","Sant Antoni","38","16","33.13793153583112","5","2","235.01479232843107","0","0","2251.5368259774737","312","2001.9699613962887","0.34827720300149645","29.18918918918919","","ELECTRICBIKESTATION","02-Eixample/10-Sant Antoni","True","129","1000","1774994105","37406","17377","756","678","94","152","306","270","224","137","142","1434","167","586","568","69.2","415","217","23","140","1434","311.18","200.76","32.98","5.2","","POINT (429853.507934 4580953.564593)"
"13","C/ MARINA, 25-33","C/ MARINA, 25-33","8005.0","54","0801910054","la Vila Olímpica del Poblenou","41","15","27.337727209534894","2","1","269.1419686333302","4","2","308.9747745649702","76","1957.2455880494974","7.415582815602842","14.263157894736842","","ELECTRICBIKESTATION","01-CiutatVella/67-la Vila Olímpica del Poblenou","True","13","1000","1774994105","63952","24193","497","445","92","143","124","124","161","137","75","942","55","306","471","109.4","232","360","53","175","942","339.12","164.85","49.93","5.4","","POINT (432742.772322 4582158.25282)"
"130","RAMBLA DE GUIPÚSCOA, 103 / CANTÀBRIA","RAMBLA DE GUIPÚSCOA, 103 /CANTÀBRIA","8020.0","24","0801910131","la Verneda i la Pau","15","5","9.701982517558688","2","1","132.6779504648348","4","2","466.79865277128823","93","1853.090227143228","11.193621064797503","19.28205128205128","","ELECTRICBIKESTATION","10-SantMartí/73-la Verneda i la Pau","True","130","1000","1774994105","47232","18546","537","493","71","103","111","116","153","234","197","1030","200","599","205","87.7","102","393","27","134","1030","404.79","138.02","27.81","6.2","","POINT (433286.964127 4585691.74225)"
"131","RBLA. GUIPÚSCOA, 158","RBLA. GUIPÚSCOA, 158","8020.0","29","0801910140","la Verneda i la Pau","19","8","26.005641749597537","2","2","61.986228177403184","4","2","423.94634665158","56","2279.350136400646","8.33777117696847","20.885714285714286","","ELECTRICBIKESTATION","10-SantMartí/73-la Verneda i la Pau","True","131","1000","1774994105","32579","12489","771","760","156","215","190","240","255","186","179","1531","389","863","213","75.5","434","254","14","92","1531","388.87","140.85","21.43","6.2","","POINT (433654.199062 4586002.187711)"
"132","PL. VALENTÍ ALMIRALL","PL.VALENTÍ ALMIRALL","8018.0","27","0801910036","el Clot","4","3","222.36513856326906","12","4","385.69563243073446","6","3","134.1109980309801","208","393.5464235338164","71.8364856954455","18.694444444444443","","ELECTRICBIKESTATION","10-SantMartí/65-el Clot","True","132","1000","1774994105","50758","18989","703","696","177","194","181","225","286","143","74","1399","117","616","505","73.8","262","320","25","166","1399","447.68","232.23","34.98","5.9","","POINT (432470.44964 4584418.723121)"
"133","GRAN VIA DE LES CORTS CATALANES,  902","GRAN VIA DE LES CORTS CATALANES, 902","8018.0","16","0801910098","Provençals del Poblenou","5","5","273.9119618215514","3","1","492.7676416987012","8","3","82.67204902307297","207","754.3055886925309","22.6609400760006","18.5","","ELECTRICBIKESTATION","10-SantMartí/71-Provençals del Poblenou","True","133","1000","1774994105","48902","18363","898","830","129","269","194","183","387","286","179","1728","268","845","457","88.9","163","368","24","189","1728","635.9","326.59","41.47","6.3","","POINT (432550.962921 4584309.353469)"
"134","C/ BAC DE RODA, 157","C/ BAC DE RODA, 157","8018.0","21","0801910100","Provençals del Poblenou","10","4","100.39335056143952","2","1","493.9233854722227","4","2","66.69628665870123","105","624.57331039623","6.759625582511946","18.0","","ELECTRICBIKESTATION","10-SantMartí/71-Provençals del Poblenou","True","134","1000","1774994105","36058","14556","842","756","172","154","264","307","183","143","226","1598","268","726","444","72.4","394","284","43","135","1598","453.83","215.73","68.71","6.3","","POINT (433031.988818 4584726.917704)"
"135","GRAN VIA DE LES CORTS CATALANES,  981","GRAN VIA DE LES CORTS CATALANES,  981","8018.0","21","0801910107","Sant Martí de Provençals","8","4","49.24052433949741","2","1","357.6859501733337","4","2","92.01227462264845","96","620.4328940516638","37.128614753680495","20.18421052631579","","ELECTRICBIKESTATION","10-SantMartí/72-Sant Martí de Provençals","True","135","1000","1774994105","48046","19238","745","696","146","148","210","211","220","224","167","1441","186","655","492","83.4","209","339","35","147","1441","488.5","211.83","50.44","6.4","","POINT (432910.855181 4584810.511202)"
"136","GRAN VIA DE LES CORTS CATALANES,  1062","GRAN VIA DE LES CORTS CATALANES,  1062","8020.0","31","0801910104","Provençals del Poblenou","13","5","29.56627758476362","0","0","564.3209165714843","8","2","374.31951992335206","139","616.9709004582952","34.42464077925157","15.552631578947368","","ELECTRICBIKESTATION","10-SantMartí/71-Provençals del Poblenou","True","136","1000","1774994105","46201","18096","799","720","108","172","214","146","217","457","131","1519","253","846","338","87.2","123","396","15","150","1519","601.52","227.85","22.78","6.3","","POINT (433291.235105 4585016.239709)"
"137","GRAN VIA DE LES CORTS CATALANES , 1041","GRAN VIA DE LES CORTS CATALANES, 1041","8020.0","25","0801910105","Sant Martí de Provençals","13","5","74.37489549023121","4","1","473.9427025099051","8","2","389.95776786311836","140","620.7529603891821","43.059862610386105","16.68421052631579","","ELECTRICBIKESTATION","10-SantMartí/72-Sant Martí de Provençals","True","137","1000","1774994105","40134","16381","1103","977","190","265","245","280","409","281","266","2080","372","1089","448","73.4","256","345","28","135","2080","717.6","280.8","58.24","6.4","","POINT (433209.865249 4585089.236206)"
"138","GRAN VIA DE LES CORTS CATALANES,  1118","GRAN VIA DE LES CORTS CATALANES, 1118","8020.0","21","0801910102","Provençals del Poblenou","19","8","53.30464464895044","2","1","490.161023801681","8","2","97.46318423371038","120","1063.8944305395507","37.514468628016395","16.324324324324323","","ELECTRICBIKESTATION","10-SantMartí/71-Provençals del Poblenou","True","138","1000","1774994105","36855","14502","1288","1204","220","262","354","402","381","324","354","2492","529","1328","459","68.2","476","292","25","121","2492","727.66","301.53","62.3","6.3","","POINT (433631.706398 4585331.039182)"
"139","GRAN VIA DE LES CORTS CATALANES,  1131","GRAN VIA DE LES CORTS CATALANES,  1131","8020.0","35","0801910124","la Verneda i la Pau","13","6","93.69331087551616","3","2","390.8227079543884","8","2","229.4535011308302","107","1029.6158421116602","160.76470343529078","19.18421052631579","","ELECTRICBIKESTATION","10-SantMartí/73-la Verneda i la Pau","True","139","1000","1774994105","40251","16294","556","515","93","107","148","153","123","212","154","1071","209","551","173","83.1","113","347","22","144","1071","371.64","154.22","23.56","6.2","","POINT (433631.570352 4585509.418419)"
"14","AV. MARQUÉS DE  L'ARGENTERA, 15","AV. MARQUÉS DE  L'ARGENTERA, 15","8003.0","27","0801901043","Sant Pere, Santa Caterina i la Ribera","30","14","30.356547485134772","2","2","102.29983406931377","0","0","646.8233516576933","236","1085.0936557600908","4.525615536003084","18.342105263157894","","ELECTRICBIKESTATION","01-CiutatVella/04-Sant Pere, Santa Caterina i la Ribera","True","14","1000","1774994105","42945","19719","777","825","84","247","413","314","180","130","106","1602","126","521","831","81.9","741","223","83","3552","1602","357.25","5690.3","132.97","","","POINT (431864.294202 4581800.179302)"
"140","C/ VILADOMAT,  122","C/ VILADOMAT, 122","8015.0","27","0801902144","la Nova Esquerra de l'Eixample","49","21","19.86133234348073","8","1","221.06431197023846","0","0","1648.311486914275","364","2642.413545323006","36.10075635987863","35.3421052631579","","ELECTRICBIKESTATION","02-Eixample/09-la Nova Esquerra de l'Eixample","True","140","1000","1774994105","49659","21458","734","688","92","248","264","219","183","169","151","1422","101","525","761","104.9","489","233","24","151","1422","331.33","214.72","34.13","4.9","","POINT (429427.652626 4581383.072625)"
"141","C/ BILBAO, 174","C/ BILBAO, 174","8018.0","32","0801910099","Provençals del Poblenou","9","5","81.29062250050846","0","0","647.2580278083582","10","3","180.5483987606007","144","622.7080105625681","6.57535356836908","15.473684210526315","","ELECTRICBIKESTATION","10-SantMartí/71-Provençals del Poblenou","True","141","1000","1774994105","33685","12941","559","522","128","140","111","152","204","146","107","1081","270","533","149","80.1","101","237","26","102","1081","256.2","110.26","28.11","6.3","","POINT (432752.943297 4584476.115552)"
"142","C/ SANCHO DE ÁVILA,  104 - C/ BADAJOZ","C/ SANCHO DE ÁVILA,  104 - C/ BADAJOZ","8018.0","51","0801910042","el Parc i la Llacuna del Poblenou","7","5","114.05255407541455","3","2","445.15456449160985","8","3","448.6289714292167","238","1127.6604953865258","14.47351638244866","11.405405405405405","","ELECTRICBIKESTATION","10-SantMartí/66-el Parc i la Llacuna del Poblenou","True","142","1000","1774994105","38142","15637","1618","1506","267","250","563","798","348","185","261","3124","388","1315","1176","74.6","1046","262","79","103","3124","818.49","321.77","246.8","5.3","","POINT (432493.191572 4583519.147985)"
"143","C/ SANCHO DE ÁVILA, 170 / LLACUNA","C/ SANCHO DE ÁVILA, 170 / LLACUNA","8018.0","27","0801910042","el Parc i la Llacuna del Poblenou","20","10","98.90884037277134","1","1","416.7144419026783","4","1","384.70052830687337","223","1066.7522548432512","41.453120348200954","9.205128205128204","","ELECTRICBIKESTATION","10-SantMartí/68-el Poblenou","True","143","1000","1774994105","38142","15637","1618","1506","267","250","563","798","348","185","261","3124","388","1315","1176","74.6","1046","262","79","103","3124","818.49","321.77","246.8","5.3","","POINT (432763.31254 4583784.368427)"
"144","C/ CASTELLA,  28 / DIAGONAL","C/ CASTELLA,  28 / DIAGONAL","8018.0","27","0801910068","el Poblenou","16","9","93.52591499827315","0","0","519.9424152297668","6","3","65.4336554897495","172","2236.618186978579","35.00519330463248","9.236842105263158","","ELECTRICBIKESTATION","10-SantMartí/68-el Poblenou","True","144","1000","1774994105","54807","20639","819","788","253","136","187","320","316","124","108","1607","139","611","598","87.0","246","287","22","134","1607","461.21","215.34","35.35","5.2","","POINT (432941.413491 4584097.615096)"
"145","C/ MARROC, 103","C/ MARROC, 103","8020.0","27","0801910101","Provençals del Poblenou","17","7","55.96518660722964","0","0","594.9205236138774","6","3","301.3403067106969","213","1061.5948114252471","110.86785916686736","10.051282051282051","","ELECTRICBIKESTATION","10-SantMartí/71-Provençals del Poblenou","True","145","1000","1774994105","40206","14575","824","850","162","192","315","316","207","111","164","1674","240","754","479","75.6","522","346","279","135","1674","579.2","225.99","467.05","6.3","","POINT (433351.084531 4584575.664388)"
"146","C/ PERE IV, 488","C/ PERE IV, 488","8019.0","24","0801910094","Provençals del Poblenou","14","5","8.205716117146217","0","0","647.4208582941873","4","2","267.05991332986656","173","1642.8779991015667","16.733499062155975","11.18421052631579","","ELECTRICBIKESTATION","10-SantMartí/71-Provençals del Poblenou","True","146","1000","1774994105","43728","18002","1494","1526","262","280","601","772","354","193","132","3020","267","1195","1251","71.4","1129","286","113","115","3020","863.72","347.3","341.26","6.3","","POINT (433742.726106 4585119.623585)"
"147","RAMBLA PRIM, 79","RAMBLA PRIM, 79","8019.0","33","0801910089","el Besòs i el Maresme","22","10","7.937773273198818","1","1","319.72171340602114","4","2","152.57565223943155","68","1204.8014873370475","18.606842372342083","13.236842105263158","","ELECTRICBIKESTATION","10-SantMartí/70-el Besòs i el Maresme","True","147","1000","1774994105","27321","10732","1751","2978","388","868","1119","900","543","329","185","4729","2036","4001","871","57.5","5724","90","35","33","4729","425.61","156.06","165.52","6.3","","POINT (434187.9298 4585242.655671)"
"148","RONDA SANT PAU, 79","RONDA SANT PAU, 79","8015.0","27","0801902169","Sant Antoni","33","13","30.581401639525932","5","2","159.65208748236677","0","0","2261.6378343118454","310","966.8158537752494","11.909671450622005","24.512820512820515","","ELECTRICBIKESTATION","02-Eixample/10-Sant Antoni","True","148","1000","1774994105","41613","19018","738","738","105","189","287","253","224","156","168","1476","203","583","597","76.5","420","195","33","131","1476","287.82","193.36","48.71","5.2","","POINT (430037.01468 4581096.205813)"
"149","C/ PUJADES, 57B","C/ PUJADES, 57B","8019.0","27","0801910043","el Parc i la Llacuna del Poblenou","9","7","31.125100678312933","2","1","103.1775802376661","0","0","539.0298798044535","186","1401.2243372468895","7.957137646984467","12.973684210526315","","ELECTRICBIKESTATION","10-SantMartí/66-el Parc i la Llacuna del Poblenou","True","149","1000","1774994105","41674","17509","1182","1155","218","452","470","483","248","138","107","2337","221","1121","1406","77.2","1493","308","139","184","2337","719.8","430.01","324.84","5.3","","POINT (432533.46549 4583017.946551)"
"15","C/ DIPUTACIÓ, 272","C/ DIPUTACIÓ, 272","8009.0","27","0801902078","la Dreta de l'Eixample","80","26","81.77076058700084","37","6","202.0506931031146","0","0","771.573955429281","333","3144.5117540422602","15.350861739415663","39.60526315789474","","ELECTRICBIKESTATION","02-Eixample/07-la Dreta de l'Eixample","True","15","1000","1774994105","56001","24597","733","652","122","289","228","195","177","131","162","1385","94","468","724","125.2","564","604","417","551","1385","836.54","763.14","577.54","4.2","","POINT (430518.514661 4582564.368527)"
"150","C/ ESPRONCEDA, 124","C/ ESPRONCEDA, 124","8005.0","27","0801910069","el Poblenou","17","11","16.248625197376043","1","1","321.82629801190825","4","1","204.27979709399335","166","2563.4991358089333","74.63064825392662","9.444444444444445","","ELECTRICBIKESTATION","10-SantMartí/68-el Poblenou","True","150","1000","1774994105","52603","21319","1400","1294","372","200","371","656","371","215","158","2694","287","968","1073","74.2","650","222","21","100","2694","598.07","269.4","56.57","5.2","","POINT (433386.743919 4584200.568675)"
"151","C/ PALLARS, 182","C/ PALLARS, 182","8005.0","31","0801910058","el Poblenou","30","11","8.972042228029979","1","1","125.57736517465598","0","0","634.202910458762","209","1059.767021437247","81.85992627776332","11.368421052631579","","ELECTRICBIKESTATION","10-SantMartí/68-el Poblenou","True","151","1000","1774994105","37272","16611","544","552","86","94","222","254","143","100","88","1096","117","478","396","66.5","311","327","60","571","1096","358.39","625.82","65.76","5.2","","POINT (432868.994631 4583512.079431)"
"152","C/ PUJADES, 121","C/ PUJADES, 121","8005.0","39","0801910058","el Poblenou","25","11","79.81625314917144","1","1","20.97415824360852","0","0","745.2542338348286","199","1299.209070942422","14.084900433239982","11.771428571428572","","ELECTRICBIKESTATION","10-SantMartí/68-el Poblenou","True","152","1000","1774994105","37272","16611","544","552","86","94","222","254","143","100","88","1096","117","478","396","66.5","311","327","60","571","1096","358.39","625.82","65.76","5.2","","POINT (432910.407738 4583399.090916)"
"153","C/ PUJADES, 173/RBLA POBLE NOU","C/ PUJADES, 173/RBLA POBLE NOU","8005.0","23","0801910064","el Poblenou","28","12","150.44798039334918","2","1","298.8544244877829","0","0","511.12386849449723","381","1267.4703612246658","14.169897494846245","12.282051282051283","","ELECTRICBIKESTATION","10-SantMartí/68-el Poblenou","True","153","1000","1774994105","45506","19677","822","761","137","194","314","282","226","165","120","1583","176","661","619","75.3","486","286","38","131","1583","452.74","207.37","60.15","5.2","","POINT (433193.174868 4583678.010748)"
"154","C/ PUJADES, 191","C/ PUJADES, 191","8005.0","32","0801910065","el Poblenou","18","10","66.91629618638905","2","1","180.3509006084728","2","1","481.87673688589825","376","1184.1600744104312","14.178942019508833","13.447368421052632","","ELECTRICBIKESTATION","10-SantMartí/68-el Poblenou","True","154","1000","1774994105","46351","19096","760","733","169","141","224","286","223","184","143","1493","218","627","521","72.9","369","271","24","129","1493","404.6","192.6","35.83","5.2","","POINT (433277.490708 4583761.492563)"
"155","C/ PUJADES, 311/ FLUVIÀ","C/ PUJADES, 311/ FLUVIÀ","8019.0","32","0801910076","Diagonal Mar i el Front Marítim del Poblenou","25","10","137.6944800989087","1","1","186.13144443195117","4","1","223.9983098959038","113","2543.2201496472453","21.789519775899038","8.82857142857143","","ELECTRICBIKESTATION","10-SantMartí/69-Diagonal Mar i el Front Marítim del Poblenou","True","155","1000","1774994105","43788","19707","1153","1090","157","129","524","710","160","102","78","2243","113","721","946","97.4","407","271","30","122","2243","607.85","273.65","67.29","7.4","","POINT (433756.520905 4584244.10752)"
"156","C/ SELVA DE MAR, 46","C/ SELVA DE MAR, 46","8019.0","27","0801910236","Diagonal Mar i el Front Marítim del Poblenou","17","8","61.54324348546777","1","1","125.4012741341797","4","1","133.8211611362318","127","2077.7073373796393","0.2617097448426337","11.102564102564102","","ELECTRICBIKESTATION","10-SantMartí/69-Diagonal Mar i el Front Marítim del Poblenou","True","156","1000","1774994105","33996","15427","771","701","102","124","227","233","198","124","370","1472","379","700","363","70.8","371","269","33","103","1472","395.97","151.62","48.58","7.4","","POINT (433873.264663 4584478.597283)"
"157","C/ LLULL, 465","C/ LLULL, 465","8019.0","33","0801910081","el Besòs i el Maresme","16","10","62.32637840076526","2","1","185.88753056085264","4","1","230.32651595632328","52","2128.4681490042035","65.06569412503268","10.473684210526315","","ELECTRICBIKESTATION","10-SantMartí/70-el Besòs i el Maresme","True","157","1000","1774994105","33850","13150","1020","1060","220","281","336","374","306","198","177","2080","445","1022","444","75.0","812","237","25","94","2080","492.96","195.52","52.0","6.3","","POINT (434625.189814 4584926.54917)"
"158","RAMBLA DE PRIM, 19","RAMBLA DE PRIM, 19","8019.0","31","0801910092","el Besòs i el Maresme","19","11","58.72450458230332","2","1","137.28640572650417","4","1","126.24154595019185","172","2500.4682568367207","22.438632029440704","10.35897435897436","","ELECTRICBIKESTATION","10-SantMartí/70-el Besòs i el Maresme","True","158","1000","1774994105","41125","16663","745","663","66","140","193","134","164","421","208","1408","355","737","234","87.5","214","354","33","113","1408","498.43","159.1","46.46","6.3","","POINT (434670.930434 4584752.022382)"
"159","AV. DIAGONAL, 26","AV. DIAGONAL, 26","8019.0","36","0801910092","el Besòs i el Maresme","24","12","41.322486225850135","2","1","82.12874006758427","4","1","83.94366398867578","227","2853.897040581287","36.65971035112438","11.0","","ELECTRICBIKESTATION","10-SantMartí/70-el Besòs i el Maresme","True","159","1000","1774994105","41125","16663","745","663","66","140","193","134","164","421","208","1408","355","737","234","87.5","214","354","33","113","1408","498.43","159.1","46.46","6.3","","POINT (434501.713151 4584689.022112)"
"160","AV.DEDUARD MARISTANY,1 /FORUM","AV. D'EDUARD MARISTANY, 1 /FORUM","8019.0","33","0801910080","el Besòs i el Maresme","18","11","63.91167637446209","1","1","240.33115517848395","4","1","103.09525552606158","142","2187.7942035161495","19.666996597168907","7.342105263157895","","ELECTRICBIKESTATION","10-SantMartí/70-el Besòs i el Maresme","True","160","1000","1774994105","72348","25420","1150","1108","311","183","306","422","352","224","148","2258","145","708","1080","109.6","1038","334","37","145","2258","754.17","327.41","83.55","6.3","","POINT (434757.255034 4584674.956662)"
"161","C/ RAMON TURRÓ, 91","C/ RAMON TURRÓ, 91","8005.0","27","0801910052","la Vila Olímpica del Poblenou","7","5","119.93741464656988","3","1","373.71703896197613","0","0","819.3369057155566","111","1509.4423902811864","15.573616726813693","10.176470588235293","","ELECTRICBIKESTATION","10-SantMartí/67-la Vila Olímpica del Poblenou","True","161","1000","1774994105","64642","25800","1192","1203","289","320","304","386","431","321","141","2395","128","750","1200","68.5","592","365","43","189","2395","874.18","452.66","102.98","5.4","","POINT (432837.55204 4582952.123081)"
"162","C/ RAMON TURRÓ, 292","C/ RAMON TURRÓ, 292","8005.0","27","0801910072","el Poblenou","16","10","114.75177519565409","2","1","421.76431057603435","0","0","519.7058104805212","55","1863.360435495358","8.365100910551547","9.567567567567568","","ELECTRICBIKESTATION","10-SantMartí/69-Diagonal Mar i el Front Marítim del Poblenou","True","162","1000","1774994105","45558","18256","977","1009","207","200","319","379","311","191","167","1986","257","773","717","67.2","565","283","26","133","1986","562.04","264.14","51.64","5.2","","POINT (433835.128261 4583892.762467)"
"163","AV. ICÀRIA, 202","AV. ICÀRIA, 202","8005.0","27","0801910055","la Vila Olímpica del Poblenou","23","8","31.523312839215876","0","0","632.4594321270071","0","0","1045.7220841573264","77","858.142691293995","25.06191549268426","11.18421052631579","","ELECTRICBIKESTATION","10-SantMartí/67-la Vila Olímpica del Poblenou","True","163","1000","1774994105","73872","27080","1291","1289","295","410","246","326","434","401","277","2580","111","780","1381","115.4","568","424","33","198","2580","1093.92","510.84","85.14","5.4","","POINT (433194.160257 4582827.771377)"
"164","C/ INDEPENDÈNCIA, 379","C/ INDEPENDÈNCIA, 379","8026.0","27","0801910008","el Camp de l'Arpa del Clot","28","10","98.49914666272451","4","1","203.78408645753362","0","0","1121.7525036285965","161","2906.140783878952","7.792306933142239","60.51282051282051","","ELECTRICBIKESTATION","10-SantMartí/64-el Camp de l'Arpa del Clot","True","164","1000","1774994105","39180","18248","859","763","121","196","277","296","178","175","264","1622","189","715","668","66.2","437","256","26","122","1622","415.23","197.88","42.17","5.9","","POINT (431290.745335 4584802.680331)"
"165","C/ DEL DOCTOR TRUETA, 222","C/ DEL DOCTOR TRUETA, 222","8005.0","27","0801910061","el Poblenou","15","11","162.26326461382718","0","0","502.27903350747266","0","0","905.807032009383","241","1061.9635106238134","78.88484379704553","11.5","","ELECTRICBIKESTATION","10-SantMartí/68-el Poblenou","True","165","1000","1774994105","48067","19768","852","789","145","156","194","292","249","227","231","1641","207","718","578","82.0","328","329","33","162","1641","539.89","265.84","54.15","5.2","","POINT (433472.293037 4583381.028203)"
"166","C/ BILBAO, 2","C/ BILBAO, 2","8005.0","27","0801910071","el Poblenou","10","6","75.9236697033782","1","1","419.63707303835764","0","0","779.44706355397","170","1482.8449778197803","15.85873797621425","9.567567567567568","","ELECTRICBIKESTATION","10-SantMartí/68-el Poblenou","True","166","1000","1774994105","50486","20015","894","855","172","199","222","260","313","272","167","1749","210","791","574","80.5","278","329","33","153","1749","575.42","267.6","57.72","5.2","","POINT (433683.209462 4583558.326053)"
"167","C/ BAC DE RODA, 11","C/ BAC DE RODA, 11","8005.0","20","0801910078","Diagonal Mar i el Front Marítim del Poblenou","8","6","79.4723929399409","0","0","620.2499885982164","0","0","752.4509143771838","45","1610.576121869958","9.836916760035631","9.153846153846153","","ELECTRICBIKESTATION","10-SantMartí/68-el Poblenou","True","167","1000","1774994105","60819","22874","1205","1174","371","211","252","497","442","209","130","2379","123","799","1060","85.8","626","341","25","134","2379","811.24","318.79","59.48","7.4","","POINT (434013.469454 4583722.317201)"
"168","SELVA DE MAR / PG. DEL TAULAT","SELVA DE MAR / PG. DEL TAULAT","8019.0","27","0801910079","Diagonal Mar i el Front Marítim del Poblenou","11","4","12.643405554855065","1","1","471.2429790111861","1","1","490.80613339101376","77","1527.2802658257986","2.7922617644910313","12.68421052631579","","ELECTRICBIKESTATION","10-SantMartí/69-Diagonal Mar i el Front Marítim del Poblenou","True","168","1000","1774994105","49550","19420","840","834","210","174","188","240","344","230","178","1674","227","703","551","85.3","264","319","37","139","1674","534.01","232.69","61.94","7.4","","POINT (434267.63742 4584056.897124)"
"17","AV. MERIDIANA, 47 (D)","AV. MERIDIANA, 47 (D)","8013.0","42","0801902013","el Fort Pienc","6","6","62.08886600571865","3","1","373.3015119529854","14","3","81.38180005034849","142","3279.1299659335405","12.560761880982213","15.333333333333334","","ELECTRICBIKESTATION","02-Eixample/66-el Parc i la Llacuna del Poblenou","True","17","1000","1774994105","37995","17082","559","520","103","160","242","177","146","104","83","1079","115","475","463","67.2","373","256","106","177","1079","276.22","190.98","114.37","4.8","","POINT (432009.270859 4583288.539227)"
"170","AV. LITORAL, 40 (D)","AV. LITORAL, 40 (D)","8005.0","54","0801910055","la Vila Olímpica del Poblenou","12","6","110.23993275562192","0","0","670.3185488831016","0","0","708.8867342666681","73","655.8264888111187","42.14391454539354","8.486486486486486","","ELECTRICBIKESTATION","10-SantMartí/67-la Vila Olímpica del Poblenou","True","170","1000","1774994105","73872","27080","1291","1289","295","410","246","326","434","401","277","2580","111","780","1381","115.4","568","424","33","198","2580","1093.92","510.84","85.14","5.4","","POINT (433112.721926 4582323.723433)"
"171","AV. LITORAL, 172","AV. LITORAL, 172","8005.0","54","0801910055","la Vila Olímpica del Poblenou","16","8","59.14672380090587","0","0","962.9552391835822","0","0","1098.1825598311495","45","25.21130570663954","283.9545289748698","5.911764705882353","","ELECTRICBIKESTATION","10-SantMartí/67-la Vila Olímpica del Poblenou","True","171","1000","1774994105","73872","27080","1291","1289","295","410","246","326","434","401","277","2580","111","780","1381","115.4","568","424","33","198","2580","1093.92","510.84","85.14","5.4","","POINT (433429.147428 4582578.781901)"
"173","AV.LITORAL, 84","AV.LITORAL, 84","8005.0","27","0801910059","el Poblenou","10","4","200.49502468840146","0","0","789.77750782719","0","0","1139.4499529741272","53","690.2763471303446","84.65048719758313","7.5675675675675675","","ELECTRICBIKESTATION","10-SantMartí/68-el Poblenou","True","173","1000","1774994105","46556","19531","881","833","141","184","337","345","253","140","145","1714","213","635","752","70.8","725","288","43","129","1714","493.63","221.11","73.7","5.2","","POINT (433864.171551 4583231.248583)"
"174","PG. DE GARCIA FÀRIA, 21/ESPRONCEDA","PG. DE GARCIA FÀRIA, 21/ESPRONCEDA","8005.0","27","0801910078","Diagonal Mar i el Front Marítim del Poblenou","13","6","153.04504526270588","0","0","662.1944581654683","0","0","900.1409875470148","64","1653.4714543454625","160.2623217691163","7.594594594594595","","ELECTRICBIKESTATION","10-SantMartí/69-Diagonal Mar i el Front Marítim del Poblenou","True","174","1000","1774994105","60819","22874","1205","1174","371","211","252","497","442","209","130","2379","123","799","1060","85.8","626","341","25","134","2379","811.24","318.79","59.48","7.4","","POINT (433979.44375 4583535.945161)"
"175","C/ LLULL, 309","C/ LLULL, 309","8019.0","27","0801910076","Diagonal Mar i el Front Marítim del Poblenou","20","10","89.56229566380145","1","1","168.32783268153156","4","1","307.7073372932048","70","2464.8480567397332","115.14752296089435","11.378378378378379","","ELECTRICBIKESTATION","10-SantMartí/69-Diagonal Mar i el Front Marítim del Poblenou","True","175","1000","1774994105","43788","19707","1153","1090","157","129","524","710","160","102","78","2243","113","721","946","97.4","407","271","30","122","2243","607.85","273.65","67.29","7.4","","POINT (433896.047847 4584189.005902)"
"176","PG. DE GARCIA FÀRIA, 37/JOSEP FERRATER","PG. DE GARCIA FÀRIA, 37/JOSEP FERRATER","8019.0","31","0801910078","Diagonal Mar i el Front Marítim del Poblenou","10","4","183.9947168550365","0","0","649.8866324846796","0","0","705.384499957274","57","1369.3445046094346","161.37027379364946","8.076923076923077","","ELECTRICBIKESTATION","10-SantMartí/69-Diagonal Mar i el Front Marítim del Poblenou","True","176","1000","1774994105","60819","22874","1205","1174","371","211","252","497","442","209","130","2379","123","799","1060","85.8","626","341","25","134","2379","811.24","318.79","59.48","7.4","","POINT (434266.988105 4583817.782476)"
"177","C/ ROSSELLÓ, 557","C/ ROSSELLÓ, 557","8026.0","37","0801910013","el Camp de l'Arpa del Clot","13","8","126.45578675846936","9","2","400.2152568980583","0","0","1008.8264640981776","145","2591.1515777913246","74.28710039392644","46.37837837837838","","ELECTRICBIKESTATION","10-SantMartí/64-el Camp de l'Arpa del Clot","True","177","1000","1774994105","39547","18080","696","610","100","139","229","214","189","138","184","1306","185","574","484","69.1","345","264","25","146","1306","344.78","190.68","32.65","5.9","","POINT (431548.298047 4584715.591912)"
"178","PG. DE GARCIA FÀRIA, 85","PG. DE GARCIA FÀRIA, 85","8019.0","27","0801910080","Diagonal Mar i el Front Marítim del Poblenou","10","4","155.37664491411485","0","0","656.7889362405151","0","0","567.911444854426","62","1300.1917778680333","138.79990885224336","9.162162162162161","","ELECTRICBIKESTATION","10-SantMartí/69-Diagonal Mar i el Front Marítim del Poblenou","True","178","1000","1774994105","72348","25420","1150","1108","311","183","306","422","352","224","148","2258","145","708","1080","109.6","1038","334","37","145","2258","754.17","327.41","83.55","7.4","","POINT (434487.260945 4584054.373685)"
"179","PG. ZONA FRANCA, 244","PG. ZONA FRANCA, 244","8038.0","16","0801903212","la Marina de Port","84","21","149.22523535483396","3","2","369.8384892510699","0","0","2620.5540791234616","93","2247.2300607691755","11.834780552866288","22.135135135135137","","ELECTRICBIKESTATION","03-Sants-Montjuïc/13-la Marina de Port","True","179","1000","1774994105","34921","14166","1163","1050","204","259","305","346","324","249","364","2213","564","1162","442","73.7","650","246","20","136","2213","544.4","300.97","44.26","7.2","","POINT (427812.021495 4579471.828757)"
"18","C/ ROSSELLÓ, 453","C/ ROSSELLÓ, 453","8025.0","27","0801902047","la Sagrada Família","18","12","70.40362537565653","4","2","173.57898365449677","0","0","651.9678316505456","338","1848.341204671136","102.8547838335602","55.7027027027027","","ELECTRICBIKESTATION","02-Eixample/06-la Sagrada Família","True","18","1000","1774994105","45913","18239","984","883","162","262","312","254","272","213","249","1867","212","812","747","80.1","524","243","22","151","1867","453.68","281.92","41.07","5.1","","POINT (430963.859255 4584164.165201)"
"180","GRAN VIA DE LES CORTS CATALANES, 179 (D)","GRAN VIA DE LES CORTS CATALANES, 179 (D)","8014.0","51","0801903063","la Bordeta","74","28","31.45218421784983","2","2","18.74009691037896","0","0","2479.9187153018715","107","1727.538765574119","8.200102245054676","19.31578947368421","","ELECTRICBIKESTATION","03-Sants-Montjuïc/16-la Bordeta","True","180","1000","1774994105","41222","16190","971","919","171","184","359","376","236","143","155","1890","281","733","623","73.3","402","209","37","111","1890","395.01","209.79","69.93","5.3","","POINT (427977.069255 4579918.456483)"
"182","C/ SANT PERE D´ABANTO, 2","C/ SANT PERE D´ABANTO, 2","8014.0","33","0801903055","Hostafrancs","88","23","70.3967938474303","3","1","429.0685081863947","0","0","2203.7099488740732","109","1520.334708426984","26.645082902908637","33.888888888888886","","ELECTRICBIKESTATION","03-Sants-Montjuïc/15-Hostafrancs","True","182","1000","1774994105","37423","16735","778","721","72","203","285","228","185","228","180","1499","227","724","485","68.2","444","247","29","136","1499","370.25","203.86","43.47","5.2","","POINT (428377.955237 4580337.350388)"
"183","C/ GAVÀ, 1","C/ GAVÀ, 1","8014.0","30","0801903057","la Bordeta","69","23","104.64042148806827","5","1","348.8759582350379","0","0","2060.2748334324","112","1216.8782415021699","10.186712306200361","31.42105263157895","","ELECTRICBIKESTATION","03-Sants-Montjuïc/16-la Bordeta","True","183","1000","1774994105","36321","16272","721","671","88","151","241","203","172","227","221","1392","308","670","376","68.8","255","267","25","127","1392","371.66","176.78","34.8","5.3","","POINT (428243.945735 4580449.949083)"
"184","C/ QUETZAL, 22-24","C/ QUETZAL, 22-24","8014.0","27","0801903065","la Bordeta","27","21","106.8724230923802","2","2","401.1385592304717","0","0","2182.6485984996357","134","403.97897003753945","173.63533268825944","25.026315789473685","","ELECTRICBIKESTATION","03-Sants-Montjuïc/16-la Bordeta","True","184","1000","1774994105","41881","17058","680","620","88","168","191","139","182","317","152","1300","230","673","301","69.7","145","333","22","183","1300","432.9","237.9","28.6","5.3","","POINT (427593.174973 4579920.770313)"
"185","C/GAVÀ, 81","C/GAVÀ, 81","8014.0","17","0801903059","la Bordeta","84","27","100.77684213927427","2","2","282.98760626291295","0","0","2184.700890160154","112","1034.880817339564","14.607584640902061","31.92105263157895","","ELECTRICBIKESTATION","03-Sants-Montjuïc/16-la Bordeta","True","185","1000","1774994105","34662","15522","566","540","103","118","184","173","166","123","159","1106","211","545","347","67.6","250","264","26","141","1106","291.98","155.95","28.76","5.3","","POINT (427990.401126 4580230.793493)"
"186","C/CONSELL DE CENT, 6","C/CONSELL DE CENT, 6","8014.0","26","0801903047","Hostafrancs","20","8","63.88600149164771","19","6","40.47286664151857","0","0","1770.0185292630836","166","897.017816251876","5.956349794144212","38.12820512820513","","ELECTRICBIKESTATION","03-Sants-Montjuïc/15-Hostafrancs","True","186","1000","1774994105","36070","15838","846","827","106","233","358","284","221","196","165","1673","248","786","570","68.7","474","230","38","156","1673","384.79","260.99","63.57","5.2","","POINT (428410.860035 4580801.60454)"
"187","C/ DE SANT PAU, 89 - 97","C/ DE SANT PAU, 89 - 97","8001.0","15","0801901004","el Raval","25","10","90.13130809358707","8","2","216.60500749871906","0","0","2149.58334744076","250","1208.9678372865046","98.47564923377232","17.105263157894736","","ELECTRICBIKESTATION","01-CiutatVella/01-el Raval","True","187","1000","1774994105","31203","12214","1287","1594","263","527","645","483","381","192","151","2881","552","1200","880","65.0","1494","147","22","110","2881","423.51","316.91","63.38","7.4","","POINT (430579.54532 4580928.209889)"
"188","PG. SANT ANTONI /PL. SANTS","PG. SANT ANTONI /PL. SANTS","8014.0","27","0801903090","Sants","32","8","24.377574158190466","8","2","20.176566787358535","0","0","1548.9462491822223","300","716.7221138442711","1.3266184232401455","41.026315789473685","","ELECTRICBIKESTATION","03-Sants-Montjuïc/18-Sants","True","188","1000","1774994105","47932","20585","479","426","77","138","116","98","171","140","121","905","86","438","398","82.2","153","256","17","129","905","231.68","116.74","15.39","4.6","","POINT (427738.142959 4580824.323992)"
"189","C/ BRUC, 130","C/ BRUC, 130","8037.0","28","0801902063","la Dreta de l'Eixample","37","12","59.00240735157228","8","3","164.36178758057477","1","1","197.18263149720647","357","3362.3716355531587","36.4741701269468","51.648648648648646","","ELECTRICBIKESTATION","02-Eixample/07-la Dreta de l'Eixample","True","189","1000","1774994105","65709","27244","577","461","91","134","140","141","151","146","154","1038","89","387","622","153.0","337","381","40","270","1038","395.48","280.26","41.52","4.2","","POINT (430297.021749 4583162.965717)"
"19","C/ ROSSELLÓ, 354","C/ ROSSELLÓ, 354","8025.0","30","0801902054","la Sagrada Família","15","8","243.82427873958383","5","3","198.72264833678315","2","1","432.8090457021714","241","2063.732472579913","94.35083357383954","54.108108108108105","","ELECTRICBIKESTATION","02-Eixample/06-la Sagrada Família","True","19","1000","1774994105","45937","19388","922","850","121","231","333","291","220","208","213","1772","144","696","897","78.4","570","263","27","169","1772","466.04","299.47","47.84","5.1","","POINT (430688.908803 4583843.719997)"
"190","AV. LITORAL, 72","AV. LITORAL, 72","8005.0","29","0801910059","el Poblenou","8","4","180.31007808440106","0","0","918.7866925670722","0","0","1309.6968500802898","45","219.86374788798202","134.45137089975205","3.911764705882353","","ELECTRICBIKESTATION","10-SantMartí/68-el Poblenou","True","190","1000","1774994105","46556","19531","881","833","141","184","337","345","253","140","145","1714","213","635","752","70.8","725","288","43","129","1714","493.63","221.11","73.7","5.2","","POINT (433778.665924 4583036.732007)"
"191","C/ ENTENÇA, 137","C/ ENTENÇA, 137","8015.0","37","0801902134","la Nova Esquerra de l'Eixample","9","7","34.26483313218871","7","2","306.272970853424","0","0","1190.21544045808","162","2753.27088470703","54.429897367351344","45.078947368421055","","ELECTRICBIKESTATION","02-Eixample/09-la Nova Esquerra de l'Eixample","True","191","1000","1774994105","43598","19320","720","673","86","196","233","198","166","222","205","1393","133","606","584","71.4","345","284","19","165","1393","395.61","229.84","26.47","4.9","","POINT (428716.419328 4581509.25708)"
"192","C/ JOAN GÜELL, 50","C/ JOAN GÜELL, 50","8028.0","21","0801903089","Sants","6","3","148.51505274965723","7","3","352.6806134745596","0","0","1190.2579601457223","152","599.7340615477007","7.337657752922987","45.21052631578947","","ELECTRICBIKESTATION","03-Sants-Montjuïc/18-Sants","True","192","1000","1774994105","42894","19060","600","524","79","127","182","156","142","162","198","1124","131","507","455","75.1","177","293","22","153","1124","329.33","171.97","24.73","4.6","","POINT (427548.42995 4581152.822291)"
"193","C/ FÍGOLS, 1","C/ FÍGOLS, 1","8028.0","27","0801904034","les Corts","23","9","103.02351760608043","3","1","351.2311458267792","0","0","767.6353748659648","157","1017.8497420037231","35.2876942780305","55.28947368421053","","ELECTRICBIKESTATION","04-LesCorts/19-les Corts","True","193","1000","1774994105","61713","25026","739","676","129","138","145","197","168","192","349","1415","91","525","645","102.1","135","381","13","193","1415","539.12","273.1","18.4","5.1","","POINT (427170.286276 4581452.118047)"
"194","C/ JOAN GÜELL, 98","C/ JOAN GÜELL, 98","8028.0","24","0801904032","les Corts","9","5","50.8534172670938","5","1","306.9959545764603","0","0","895.3767946014527","169","659.0968971224258","5.890025782415462","54.45945945945946","","ELECTRICBIKESTATION","04-LesCorts/19-les Corts","True","194","1000","1774994105","48131","20508","798","664","102","162","231","208","197","230","214","1462","173","654","582","72.4","263","309","33","151","1462","451.76","220.76","48.25","5.1","","POINT (427451.922454 4581438.434298)"
"195","C/ VALLESPIR, 130","C/ VALLESPIR, 130","8014.0","27","0801904005","les Corts","13","4","16.52857820555678","9","2","47.35653132610133","0","0","849.4842947104933","170","462.3534368596115","280.8960206966556","51.7027027027027","","ELECTRICBIKESTATION","04-LesCorts/19-les Corts","True","195","1000","1774994105","46785","20483","609","544","89","123","158","163","163","157","207","1153","142","519","433","74.7","180","281","48","153","1153","323.99","176.41","55.34","5.1","","POINT (427708.299454 4581539.906818)"
"196","C/ BERLÍN, 38","C/ BERLÍN, 38","8029.0","27","0801903113","Sants","25","12","55.254330201718595","10","3","120.51542292653075","0","0","835.0718068869345","179","1680.116721252498","6.546431593429758","54.97435897435897","","ELECTRICBIKESTATION","03-Sants-Montjuïc/18-Sants","True","196","1000","1774994105","53534","23793","751","684","121","204","215","204","201","193","206","1435","130","556","673","103.0","278","309","28","167","1435","443.42","239.64","40.18","4.6","","POINT (428031.565559 4581661.463907)"
"197","C/ GELABERT, 1","C/ GELABERT, 1","8029.0","27","0801904017","les Corts","19","10","132.8317105114816","1","1","480.36870448207753","0","0","531.7445452361949","158","2239.2246002068","6.981863949969214","59.0","","ELECTRICBIKESTATION","04-LesCorts/19-les Corts","True","197","1000","1774994105","53313","23387","605","511","105","92","181","169","133","138","201","1116","97","409","501","79.9","183","365","24","196","1116","407.34","218.74","26.78","5.1","","POINT (428188.724516 4582092.586409)"
"198","C/ VALLESPIR, 194","C/ VALLESPIR, 194","8014.0","27","0801904010","les Corts","15","8","72.10217781970329","5","1","226.42710346967885","0","0","527.8698495052506","223","1245.5099512869695","43.245799647695556","62.55263157894737","","ELECTRICBIKESTATION","04-LesCorts/19-les Corts","True","198","1000","1774994105","57131","23761","463","389","75","97","117","114","113","121","142","852","68","377","346","85.3","118","322","22","164","852","274.34","139.73","18.74","5.1","","POINT (427545.849988 4581827.341755)"
"199","C/ MEJÍA LEQUERICA, 2","C/ MEJÍA LEQUERICA, 2","8028.0","27","0801904048","la Maternitat i Sant Ramon","21","7","35.33401140581936","3","1","410.28915080577025","0","0","664.6752506825629","99","707.6399425402612","118.51720822933017","58.84615384615385","","ELECTRICBIKESTATION","04-LesCorts/20-la Maternitat i Sant Ramon","True","199","1000","1774994105","55617","22929","734","668","103","165","188","187","190","203","259","1402","105","581","651","82.5","211","334","17","210","1402","468.27","294.42","23.83","5.0","","POINT (426993.006697 4581528.958064)"
"2","C/ ROGER DE FLOR, 126","C/ ROGER DE FLOR, 126","8013.0","29","0801902007","el Fort Pienc","44","20","58.59770747448398","8","3","152.1897537164584","0","0","577.0857446796272","211","2866.243499260326","16.236355794213626","32.87179487179487","","ELECTRICBIKESTATION","02-Eixample/05-el Fort Pienc","True","2","1000","1774994105","51559","23045","630","537","82","144","222","192","126","158","172","1167","82","421","596","87.2","302","287","30","151","1167","334.93","176.22","35.01","4.8","","POINT (431216.112252 4582988.057636)"
"20","C/ CARTAGENA, 308","C/ CARTAGENA, 308","8025.0","18","0801902038","la Sagrada Família","23","13","56.87654918183395","2","1","47.40937590458274","0","0","1019.5197602734476","233","3113.2376673890553","20.604119309606222","62.6578947368421","","ELECTRICBIKESTATION","02-Eixample/06-la Sagrada Família","True","20","1000","1774994105","48901","20868","770","702","105","243","221","193","260","230","139","1472","124","637","651","73.3","322","282","192","181","1472","415.1","266.43","282.62","5.1","","POINT (431109.294522 4584635.218982)"
"200","C/ JOAN GÜELL, 174","C/ JOAN GÜELL, 174","8028.0","24","0801904031","les Corts","14","5","29.27534965919896","5","1","45.69366177940495","0","0","601.4439593110685","192","1332.3859797561622","18.400559434899716","62.31578947368421","","ELECTRICBIKESTATION","04-LesCorts/19-les Corts","True","200","1000","1774994105","48653","21221","907","883","146","211","299","295","233","227","233","1790","353","1099","665","72.1","978","211","28","122","1790","377.69","218.38","50.12","5.1","","POINT (427365.161547 4581739.572063)"
"201","C/ NUMÀNCIA, 136","C/ NUMÀNCIA, 136","8029.0","24","0801904022","les Corts","24","16","130.62481305847396","0","0","505.4716670394054","12","3","265.9746702868898","289","827.2606316324507","1.9530605321469126","70.5945945945946","","ELECTRICBIKESTATION","04-LesCorts/19-les Corts","True","201","1000","1774994105","49500","22615","830","759","147","221","270","224","186","182","245","1589","125","634","751","74.4","448","329","32","193","1589","522.78","306.68","50.85","5.1","","POINT (427631.547572 4582170.099885)"
"202","C/ DE LES CORTS, 20","C/ DE LES CORTS, 20","8028.0","27","0801904029","les Corts","23","7","114.33370663526405","5","1","219.13854301142263","6","3","341.51098044263097","170","989.766328658027","99.41362315247031","66.55263157894737","","ELECTRICBIKESTATION","04-LesCorts/19-les Corts","True","202","1000","1774994105","59632","25953","591","491","89","92","126","173","116","161","231","1082","62","402","506","92.3","119","633","132","272","1082","684.91","294.3","142.82","5.1","","POINT (427165.183147 4581912.798503)"
"203","AV. DIAGONAL, 668","AV. DIAGONAL, 668","8034.0","33","0801904024","les Corts","122","47","43.0784647803192","2","1","214.61457646073234","12","3","191.39793772653414","130","817.435569144292","17.76758929000608","78.56756756756756","","ELECTRICBIKESTATION","04-LesCorts/19-les Corts","True","203","1000","1774994105","97678","34765","524","460","121","105","82","127","126","148","199","984","47","322","501","133.3","90","1051","121","295","984","1034.18","290.28","119.06","5.1","","POINT (427143.848461 4582275.00359)"
"204","AV. DIAGONAL, 672","AV. DIAGONAL, 672","8034.0","33","0801904050","Pedralbes","121","47","27.0460514101512","2","1","52.333805056093404","12","3","73.40293350305093","154","1175.3497309974202","9.393963233249524","77.1470588235294","","ELECTRICBIKESTATION","04-LesCorts/21-Pedralbes","True","204","1000","1774994105","98221","34765","1011","906","235","174","157","312","291","195","366","1917","74","662","1002","132.1","236","458","31","249","1917","877.99","477.33","59.43","2.4","","POINT (426896.305944 4582202.951735)"
"205","C/ DE CAN SEGALAR, 4","C/ DE CAN SEGALAR, 4","8028.0","37","0801904027","les Corts","71","42","99.67556628036145","5","1","364.8996330762933","12","3","193.04549511441866","152","1112.7172210193091","152.30853370688274","73.45945945945945","","ELECTRICBIKESTATION","04-LesCorts/19-les Corts","True","205","1000","1774994105","51748","23851","666","602","113","152","200","205","175","154","145","1268","106","469","598","77.3","333","341","39","154","1268","432.39","195.27","49.45","5.1","","POINT (427311.824133 4582188.315313)"
"206","AV. DIAGONAL, 650"," AV. DIAGONAL, 650","8017.0","33","0801904023","les Corts","47","31","50.25118078421602","0","0","592.2161295318049","12","3","89.31929592852268","193","1187.0951725498637","17.154026745281698","79.16216216216216","","ELECTRICBIKESTATION","04-LesCorts/19-les Corts","True","206","1000","1774994105","90951","32986","528","487","132","115","106","131","143","119","185","1015","48","343","507","149.6","171","646","85","282","1015","655.69","286.23","86.28","5.1","","POINT (427503.461892 4582392.1298)"
"207","AV. DIAGONAL, 634","AV. DIAGONAL, 634","8017.0","24","0801904023","les Corts","58","28","24.772048118262955","0","0","768.3818481950461","12","3","36.34117484439311","200","1449.9436214179598","5.853037577839988","77.73684210526316","","ELECTRICBIKESTATION","04-LesCorts/19-les Corts","True","207","1000","1774994105","90951","32986","528","487","132","115","106","131","143","119","185","1015","48","343","507","149.6","171","646","85","282","1015","655.69","286.23","86.28","5.1","","POINT (427815.271173 4582505.974796)"
"208","AV. DIAGONAL, 630","AV. DIAGONAL, 630","8017.0","33","0801905057","Sant Gervasi - Galvany","71","29","79.97456018657279","0","0","734.4751200645619","12","3","239.79335339340835","104","1648.486554231563","3.0404654717232042","75.37837837837837","","ELECTRICBIKESTATION","05-Sarrià-StGervasi/26-Sant Gervasi - Galvany","True","208","1000","1774994105","98221","34765","817","719","169","217","151","183","239","199","280","1536","60","527","838","134.4","219","521","41","304","1536","800.26","466.94","62.98","3.2","","POINT (428023.993818 4582578.487656)"
"209","C/ DIPUTACIÓ, 200","C/ DIPUTACIÓ, 200","8011.0","26","0801902092","l'Antiga Esquerra de l'Eixample","103","35","103.17006858268641","12","2","255.74491485804205","0","0","1511.9924977653134","398","2080.1045666839846","16.11836184725559","38.48571428571429","","ELECTRICBIKESTATION","02-Eixample/08-l'Antiga Esquerra de l'Eixample","True","209","1000","1774994105","46768","21086","827","866","100","295","373","254","219","188","169","1693","136","622","883","94.7","674","257","48","196","1693","435.1","331.83","81.26","4.2","","POINT (429855.781303 4581919.10445)"
"21","C/ SANT ANTONI MARIA CLARET, 214"," C/ SANT ANTONI MARIA CLARET, 214   ","8025.0","21","0801902041","la Sagrada Família","25","13","23.59625521345877","2","1","160.59814192996157","0","0","1136.579408973777","254","2131.702170665641","33.27665877596747","68.87179487179488","","ELECTRICBIKESTATION","02-Eixample/06-la Sagrada Família","True","21","1000","1774994105","40835","18547","823","712","115","177","262","249","188","207","236","1535","185","693","664","73.5","449","260","29","158","1535","399.1","242.53","44.52","5.1","","POINT (430969.785589 4584695.382203)"
"210","C/ VILARDELL, 18","C/ VILARDELL, 18","8014.0","31","0801903051","Hostafrancs","24","8","26.71685881145914","9","2","142.10705835697797","0","0","1836.6503861496576","157","608.6785378871629","123.88151135906809","34.61764705882353","","ELECTRICBIKESTATION","03-Sants-Montjuïc/15-Hostafrancs","True","210","1000","1774994105","34911","14179","931","917","167","257","369","317","273","153","153","1848","319","758","541","65.7","563","204","35","125","1848","376.99","231.0","64.68","5.2","","POINT (428271.920664 4580689.006705)"
"211","C/ SANCHO DE ÁVILA, 60-64","C/ SANCHO DE ÁVILA, 60-64","8018.0","28","0801910043","el Parc i la Llacuna del Poblenou","2","2","119.88453081319373","4","2","428.43764631487153","10","3","307.4375376602014","242","2177.5690694219365","13.974353080927392","11.897435897435898","","ELECTRICBIKESTATION","10-SantMartí/66-el Parc i la Llacuna del Poblenou","True","211","1000","1774994105","41674","17509","1182","1155","218","452","470","483","248","138","107","2337","221","1121","1406","77.2","1493","308","139","184","2337","719.8","430.01","324.84","5.3","","POINT (432307.369693 4583340.46155)"
"212","AV. SARRIÀ, 163","AV. SARRIÀ, 163","8017.0","24","0801904024","les Corts","25","10","32.87947634717641","0","0","611.7255833871427","6","3","330.360393342985","51","469.31975021336854","31.819981470710385","87.8157894736842","","ELECTRICBIKESTATION","04-LesCorts/19-les Corts","True","212","1000","1774994105","97678","34765","524","460","121","105","82","127","126","148","199","984","47","322","501","133.3","90","1051","121","295","984","1034.18","290.28","119.06","5.1","","POINT (427344.303527 4582664.770359)"
"213","C/ SANTA FE DE NOU MÈXIC, 2","C/ SANTA FE DE NOU MÈXIC, 2","8017.0","33","0801905021","les Tres Torres","22","8","89.9593843565316","1","1","482.1611646880268","6","3","376.04715126199056","60","1415.5976442083202","51.202260137238454","83.08108108108108","","ELECTRICBIKESTATION","05-Sarrià-StGervasi/24-les Tres Torres","True","213","1000","1774994105","93278","34765","610","553","164","124","109","162","183","135","161","1163","55","399","643","124.9","276","386","27","185","1163","448.92","215.16","31.4","3.3","","POINT (427651.947434 4582811.148367)"
"214","C/ JOSÉ DE  AGULLÓ, 9","C/ JOSÉ DE  AGULLÓ, 9","8017.0","25","0801905021","les Tres Torres","18","6","41.614722057841156","3","1","357.6631334864366","0","0","578.1801996620436","42","1387.7493803071638","15.400687991387063","88.84210526315789","","ELECTRICBIKESTATION","05-Sarrià-StGervasi/24-les Tres Torres","True","214","1000","1774994105","93278","34765","610","553","164","124","109","162","183","135","161","1163","55","399","643","124.9","276","386","27","185","1163","448.92","215.16","31.4","3.3","","POINT (427561.627974 4582992.041523)"
"215","C/ GANDUXER, 29","C/ GANDUXER, 29","8021.0","21","0801905056","Sant Gervasi - Galvany","6","4","254.09469170587522","1","1","452.50215446595377","12","3","399.5289777187055","76","2133.795733563476","10.62980585361057","78.88888888888889","","ELECTRICBIKESTATION","05-Sarrià-StGervasi/26-Sant Gervasi - Galvany","True","215","1000","1774994105","74102","31537","669","486","135","104","136","165","181","136","191","1155","53","407","556","132.4","247","419","21","279","1155","483.94","322.24","24.26","3.2","","POINT (427940.026785 4582847.8255)"
"216","C/ MADRAZO, 131","C/ MADRAZO, 131","8021.0","27","0801905064","Sant Gervasi - Galvany","16","5","11.308595963320105","2","1","252.6278923126833","0","0","517.1655199252131","146","620.2851407474509","226.6365587808455","81.63157894736842","","ELECTRICBIKESTATION","05-Sarrià-StGervasi/26-Sant Gervasi - Galvany","True","216","1000","1774994105","69413","30658","782","647","151","208","207","217","202","173","162","1429","84","513","876","93.6","433","316","20","236","1429","451.56","337.24","28.58","3.2","","POINT (428488.743532 4583158.222003)"
"217","C/ RECTOR UBACH, 24","C/ RECTOR UBACH, 24","8021.0","27","0801905074","Sant Gervasi - Galvany","15","5","50.19632916289571","6","2","105.17492865623797","0","0","707.1289099690039","105","1150.620574286693","65.42613008548355","95.02702702702703","","ELECTRICBIKESTATION","05-Sarrià-StGervasi/26-Sant Gervasi - Galvany","True","217","1000","1774994105","70737","28797","843","692","195","196","165","230","229","199","199","1535","67","501","825","107.0","287","412","26","256","1535","632.42","392.96","39.91","3.2","","POINT (428451.074969 4583357.459132)"
"218","C/ CONSELL DE CENT, 566","C/ CONSELL DE CENT, 566","8013.0","39","0801902022","la Sagrada Família","12","9","122.71387428463085","5","2","340.3194546868161","8","3","293.54458930717544","171","2957.300954243572","14.687201561914737","27.62162162162162","","ELECTRICBIKESTATION","02-Eixample/06-la Sagrada Família","True","218","1000","1774994105","46783","18928","648","612","94","201","218","171","186","155","148","1260","166","566","471","76.8","363","248","45","149","1260","312.48","187.74","56.7","5.1","","POINT (431722.175756 4583932.418959)"
"219","C/ LAFORJA, 74-76","C/ LAFORJA, 74-76","8021.0","26","0801905072","Sant Gervasi - Galvany","10","7","29.15834674697074","10","2","380.8075649712536","0","0","683.6994385384453","229","0.0","311.22361550682814","84.1891891891892","","ELECTRICBIKESTATION","05-Sarrià-StGervasi/26-Sant Gervasi - Galvany","True","219","1000","1774994105","61721","25491","872","723","169","184","185","227","245","197","242","1595","74","554","856","98.5","297","343","18","238","1595","547.08","379.61","28.71","3.2","","POINT (428708.318008 4583248.667022)"
"22","C/ SARDENYA, 292","C/ SARDENYA, 292","8013.0","19","0801902051","la Sagrada Família","47","13","182.69726700981377","6","2","241.3521550372256","4","1","214.7507061438011","222","4275.847987873613","6.514834427350696","41.3421052631579","","ELECTRICBIKESTATION","02-Eixample/06-la Sagrada Família","True","22","1000","1774994105","38227","16481","940","835","115","306","393","256","226","181","200","1775","226","777","755","76.9","703","239","29","189","1775","424.22","335.48","51.48","5.1","","POINT (431103.000013 4583678.532154)"
"220","C/ TUSET, 19","C/ TUSET, 19","8006.0","27","0801905067","Sant Gervasi - Galvany","26","11","125.36121346531822","4","2","353.84590118715965","0","0","803.4906762144243","654","1781.5247664534106","19.853220441479206","71.8157894736842","","ELECTRICBIKESTATION","05-Sarrià-StGervasi/26-Sant Gervasi - Galvany","True","220","1000","1774994105","71430","28470","655","570","126","174","135","184","173","140","176","1225","65","419","723","136.1","353","787","196","350","1225","964.08","428.75","240.1","3.2","","POINT (429053.002028 4583076.706382)"
"221","GRAN DE GRÀCIA, 155 (METRO FONTANA)","GRAN DE GRÀCIA, 155 (METRO FONTANA)","8012.0","24","0801906041","la Vila de Gràcia","36","11","53.78807180172879","11","3","70.1342613961028","0","0","1332.0868142706104","339","504.2758073398344","239.66039548521306","81.83333333333333","","ELECTRICBIKESTATION","06-Gràcia/31-la Vila de Gràcia","True","221","1000","1774994105","47246","20811","879","773","163","251","257","249","224","174","181","1652","124","590","869","89.8","458","216","15","175","1652","356.83","289.1","24.78","5.1","","POINT (429156.552224 4583790.833036)"
"222","C/ DEL CANÓ, 1","C/ DEL CANÓ, 1","8012.0","27","0801906050","la Vila de Gràcia","10","6","85.25810421632653","5","3","381.6005593209494","0","0","895.5350937865506","738","0.0","389.1113560374524","69.94871794871794","","ELECTRICBIKESTATION","06-Gràcia/31-la Vila de Gràcia","True","222","1000","1774994105","37181","17172","638","597","88","183","291","232","126","116","101","1235","113","523","558","67.2","430","161","29","155","1235","198.84","191.42","35.82","5.1","","POINT (429570.975734 4583652.489373)"
"223","C/ DE BONAVISTA, 14","C/ DE BONAVISTA, 14","8012.0","32","0801906045","la Vila de Gràcia","27","12","106.56479661391043","14","2","266.7549196559737","0","0","638.8239299021793","465","1185.7169223861204","138.74498919266907","63.78378378378378","","ELECTRICBIKESTATION","06-Gràcia/31-la Vila de Gràcia","True","223","1000","1774994105","44044","20873","645","582","91","171","304","198","153","107","107","1227","81","384","647","89.4","377","290","63","192","1227","355.83","235.58","77.3","5.1","","POINT (429766.740454 4583319.143735)"
"224","C / GIRONA, 176","C / GIRONA, 176","8037.0","26","0801902058","la Dreta de l'Eixample","29","9","55.902831353269306","4","1","202.0326971497298","1","1","303.05689363327866","413","2014.258905987507","14.149370920298386","58.16216216216216","","ELECTRICBIKESTATION","02-Eixample/07-la Dreta de l'Eixample","True","224","1000","1774994105","52619","23306","658","615","115","125","207","194","194","154","179","1273","80","504","682","85.9","311","273","32","179","1273","347.53","227.87","40.74","4.2","","POINT (430155.450875 4583498.83783)"
"225","C/ VILADOMAT, 200","C/ VILADOMAT, 200","8029.0","25","0801902121","la Nova Esquerra de l'Eixample","9","5","54.50455017495975","3","1","420.95727795601533","0","0","1035.736150744889","194","3018.5528687588126","8.370162510490125","49.16216216216216","","ELECTRICBIKESTATION","02-Eixample/09-la Nova Esquerra de l'Eixample","True","225","1000","1774994105","50019","22931","627","574","103","151","193","169","180","162","155","1201","107","489","524","79.7","268","327","36","166","1201","392.73","199.37","43.24","4.9","","POINT (428998.230106 4581823.946088)"
"226","C/ MONTMANY, 1","C/ MONTMANY, 1","8012.0","27","0801906060","la Vila de Gràcia","8","5","192.36223484276982","2","1","364.30799366378756","0","0","785.2291765381228","500","841.3909269450855","22.420532638565945","66.28205128205128","","ELECTRICBIKESTATION","06-Gràcia/31-la Vila de Gràcia","True","226","1000","1774994105","40507","18255","870","778","115","226","329","287","246","149","177","1648","195","663","720","67.1","457","262","31","216","1648","431.78","355.97","51.09","5.1","","POINT (429865.155857 4583897.362564)"
"227","C/ DEL TORRENT DE LES FLORS, 102","C/ DEL TORRENT DE LES FLORS, 102","8024.0","18","0801906030","la Vila de Gràcia","15","4","29.68621520314441","2","1","414.57184962425754","0","0","1273.724412021114","186","0.0","312.95540209886144","85.02564102564102","","ELECTRICBIKESTATION","06-Gràcia/31-la Vila de Gràcia","True","227","1000","1774994105","38630","17996","657","602","76","164","258","257","144","135","119","1259","133","486","604","65.6","426","228","25","169","1259","287.05","212.77","31.48","5.1","","POINT (429680.525301 4584374.8917)"
"228","PL. DEL NORD, 5","PL. DEL NORD, 5","8024.0","21","0801906033","la Vila de Gràcia","12","7","81.17447561285138","2","1","463.8990238983226","0","0","1344.4296184182033","252","0.0","462.7987266528076","85.1025641025641","","ELECTRICBIKESTATION","06-Gràcia/31-la Vila de Gràcia","True","228","1000","1774994105","43374","19715","656","544","81","165","245","194","138","153","142","1200","121","500","548","65.8","323","227","26","184","1200","272.4","220.8","31.2","5.1","","POINT (429442.483803 4584265.74523)"
"229","C/ DE LA SANTACREU, 2 (PL. DE LA VIRREINA)","C/ DE LA SANTACREU, 2 (PL. DE LA VIRREINA)","8024.0","28","0801906052","la Vila de Gràcia","6","2","58.31173623367466","1","1","473.2930208688867","0","0","1147.9216158612694","402","0.0","398.9298666419972","79.55263157894737","","ELECTRICBIKESTATION","06-Gràcia/31-la Vila de Gràcia","True","229","1000","1774994105","40013","19662","768","659","96","187","270","240","192","164","164","1427","126","525","677","70.3","399","230","32","172","1427","328.21","245.44","45.66","5.1","","POINT (429530.927 4584071.148681)"
"23","C/ BRUC, 45","C/ BRUC, 45","8010.0","27","0801902072","la Dreta de l'Eixample","55","22","68.2980198888241","19","3","289.54904559016325","0","0","756.9917670320435","281","2901.3392984359593","16.965123335557855","38.189189189189186","","ELECTRICBIKESTATION","02-Eixample/07-la Dreta de l'Eixample","True","23","1000","1774994105","63483","26310","565","592","106","175","150","154","186","184","127","1157","64","390","651","128.0","337","349","79","206","1157","403.79","238.34","91.4","4.2","","POINT (430756.561181 4582656.951991)"
"230","C/ DE NIL FABRA, 16-20","C/ DE NIL FABRA, 16-20","8012.0","26","0801906038","la Vila de Gràcia","30","13","142.0616602793907","3","1","112.17538732949173","0","0","1549.4757194576894","191","0.0","334.04460086558396","92.43589743589743","","ELECTRICBIKESTATION","06-Gràcia/31-la Vila de Gràcia","True","230","1000","1774994105","43138","18926","800","618","108","185","276","236","187","136","163","1418","112","530","721","73.6","413","213","19","146","1418","302.03","207.03","26.94","5.1","","POINT (429104.013985 4584168.447814)"
"231","C/ PAU ALSINA, 54","C/ PAU ALSINA, 54","8025.0","24","0801906079","el Camp d'en Grassot i Gràcia Nova","11","6","3.9164728670562607","5","1","322.58982295236837","0","0","1225.2888344201274","132","1489.387101087784","5.079773267230087","90.76923076923077","","ELECTRICBIKESTATION","06-Gràcia/32-el Camp d'en Grassot i Gràcia Nova","True","231","1000","1774994105","43595","19906","580","473","74","117","196","185","126","117","149","1053","90","447","465","69.8","227","263","27","198","1053","276.94","208.49","28.43","4.9","","POINT (430127.674541 4584520.995902)"
"232","C/ PALAUDÀRIES, 2","C/ PALAUDÀRIES, 2","8004.0","27","0801903019","el Poble-sec","38","10","138.84590561382265","11","2","318.4580509521361","0","0","2146.8021001069933","130","1496.1147175381625","18.664611707348634","14.578947368421053","","ELECTRICBIKESTATION","03-Sants-Montjuïc/11-el Poble-sec","True","232","1000","1774994105","33354","13576","752","712","112","209","281","286","184","148","126","1464","249","637","398","64.0","525","205","28","99","1464","300.12","144.94","40.99","6.2","","POINT (430845.026925 4580661.354531)"
"233","C/ NOU DE LA RAMBLA, 164","C/ NOU DE LA RAMBLA, 164","8004.0","27","0801903017","el Poble-sec","3","2","25.791351335131296","8","2","382.4563348565241","0","0","2717.357117147332","186","0.0","321.8264727541659","35.63157894736842","","ELECTRICBIKESTATION","03-Sants-Montjuïc/11-el Poble-sec","True","233","1000","1774994105","31347","12964","771","815","130","255","342","286","202","145","109","1586","268","665","515","54.8","702","177","35","115","1586","280.72","182.39","55.51","6.2","","POINT (430320.285545 4580385.348033)"
"234","PG. DE L´EXPOSICIÓ,34","PG. DE L´EXPOSICIÓ, 34","8004.0","23","0801903024","el Poble-sec","9","3","108.85118688572425","3","1","405.1796738600773","0","0","2788.7118591897192","107","0.0","370.86435784170504","43.578947368421055","","ELECTRICBIKESTATION","03-Sants-Montjuïc/11-el Poble-sec","True","234","1000","1774994105","32309","13670","940","968","173","245","370","400","280","174","117","1908","344","789","650","58.0","692","245","60","175","1908","467.46","333.9","114.48","6.2","","POINT (429936.808588 4580340.547029)"
"235","AV. PARAL.LEL, 98","AV. PARAL.LEL, 98","8015.0","21","0801902170","Sant Antoni","30","13","109.11803865837608","11","2","281.5806907709477","0","0","2519.7188706110483","388","1212.634681922824","21.020243675472287","24.86842105263158","","ELECTRICBIKESTATION","02-Eixample/11-el Poble-sec","True","235","1000","1774994105","44855","18882","758","688","107","170","246","235","222","182","184","1446","235","614","541","76.6","383","211","40","137","1446","305.11","198.1","57.84","5.2","","POINT (430249.643216 4580742.195747)"
"236","AV. PARAL.LEL, 194","AV. PARAL.LEL, 194","8015.0","26","0801902150","Sant Antoni","72","40","37.49142333248374","18","4","67.21858999346355","0","0","2041.470092000911","239","1735.5161029257151","9.068442005004009","38.027027027027025","","ELECTRICBIKESTATION","02-Eixample/10-Sant Antoni","True","236","1000","1774994105","42418","16973","721","722","106","232","284","211","185","179","158","1443","176","617","628","81.0","522","215","22","121","1443","310.24","174.6","31.75","5.2","","POINT (429113.286278 4580746.491903)"
"237","C/ RIUS I TAULET, 4","C/ RIUS I TAULET, 4","8004.0","27","0801903024","el Poble-sec","24","14","167.0931587941322","14","4","320.4015026754611","0","0","2336.3532760823664","77","626.2289093824611","238.2791597490752","41.351351351351354","","ELECTRICBIKESTATION","03-Sants-Montjuïc/11-el Poble-sec","True","237","1000","1774994105","32309","13670","940","968","173","245","370","400","280","174","117","1908","344","789","650","58.0","692","245","60","175","1908","467.46","333.9","114.48","6.2","","POINT (429245.407499 4580481.673986)"
"238","C/ ESPRONCEDA, 298","C/ ESPRONCEDA, 298","8027.0","27","0801909094","Navas","18","7","107.01626340080286","4","2","329.00797698366716","0","0","774.2399659762578","104","1922.8887221201737","32.226348170768475","28.435897435897434","","ELECTRICBIKESTATION","09-SantAndreu/63-Navas","True","238","1000","1774994105","40084","17271","990","905","178","213","300","263","326","199","301","1895","263","988","604","77.2","410","277","28","138","1895","524.92","261.51","53.06","5.6","","POINT (432378.271255 4585241.316941)"
"239","C/ INDÚSTRIA, 329","C/ INDÚSTRIA, 329","8027.0","35","0801909087","Navas","16","7","81.8381154305294","14","3","246.6253859990649","0","0","1271.0245104536139","121","2146.856820472735","3.6559101211439327","43.69444444444444","","ELECTRICBIKESTATION","09-SantAndreu/63-Navas","True","239","1000","1774994105","43777","18286","636","607","98","140","199","183","164","165","201","1243","168","604","381","84.7","210","287","24","141","1243","356.74","175.26","29.83","5.6","","POINT (431847.361394 4585403.013802)"
"24","C/ MARINA, 199","C/ MARINA, 199","8013.0","40","0801902020","el Fort Pienc","31","14","143.03490016738112","3","1","67.60424374480446","4","1","228.83371735463567","157","4639.392684529746","19.84428941544308","34.0","","ELECTRICBIKESTATION","02-Eixample/05-el Fort Pienc","True","24","1000","1774994105","40405","18059","736","681","104","239","332","214","178","148","114","1417","131","593","733","71.6","649","228","24","154","1417","323.08","218.22","34.01","4.8","","POINT (431362.498343 4583551.882282)"
"240","C/ JOSEP ESTIVILL, 32","C/ JOSEP ESTIVILL, 32","8027.0","27","0801909090","Navas","45","25","41.3144774967898","12","3","181.18191848298002","0","0","1094.7950233473234","153","2361.158536030907","57.47527940562064","38.1578947368421","","ELECTRICBIKESTATION","09-SantAndreu/63-Navas","True","240","1000","1774994105","35890","15825","766","683","103","167","204","236","194","190","250","1449","251","785","381","73.3","359","289","25","131","1449","418.76","189.82","36.22","5.6","","POINT (432118.272632 4585430.145769)"
"241","C/ TEODOR LLORENTE, 1","C/ TEODOR LLORENTE, 1","8041.0","33","0801907042","el Guinardó","25","11","40.788346745490365","3","2","438.9263193516018","0","0","1661.5810679997255","139","1715.1910125539994","8.086545808165788","57.86842105263158","","ELECTRICBIKESTATION","07-Horta-Guinardó/35-el Guinardó","True","241","1000","1774994105","39056","17455","780","651","91","160","252","269","193","175","171","1431","205","735","499","69.4","303","272","36","167","1431","389.23","238.98","51.52","5.5","","POINT (431490.251565 4585615.763827)"
"242","C/ RAMON ALBÓ, 1","C/ RAMON ALBÓ, 1","8027.0","27","0801909079","el Congrés i els Indians","48","14","28.720585292460072","6","2","12.76661193860841","0","0","2252.2500715490332","83","1089.6938884631866","5.17633935377774","65.56410256410257","","ELECTRICBIKESTATION","09-SantAndreu/62-el Congrés i els Indians","True","242","1000","1774994105","40574","17221","805","734","126","188","217","247","237","190","228","1539","210","806","476","70.8","293","251","28","120","1539","386.29","184.68","43.09","5.3","","POINT (431256.452314 4586203.626168)"
"243","C/ ALEXANDRE GALÍ, 1-5","C/ ALEXANDRE GALÍ, 1-5","8027.0","27","0801909078","el Congrés i els Indians","22","10","121.266372221895","7","3","63.61821600292914","0","0","1974.4607211090495","79","916.2844894349842","52.791032665598465","51.61538461538461","","ELECTRICBIKESTATION","09-SantAndreu/62-el Congrés i els Indians","True","243","1000","1774994105","40639","17243","722","650","118","191","180","207","256","150","174","1372","171","740","409","70.1","283","278","41","151","1372","381.42","207.17","56.25","5.3","","POINT (431583.856817 4586147.140226)"
"244","C/ FELIP II, 214","C/ FELIP II, 214","8027.0","27","0801909076","el Congrés i els Indians","42","15","56.13709781154974","12","2","241.14030175148446","0","0","2362.302612862663","84","1868.252995879438","22.056345621279885","54.61764705882353","","ELECTRICBIKESTATION","09-SantAndreu/62-el Congrés i els Indians","True","244","1000","1774994105","36001","15637","673","633","116","136","212","223","237","169","94","1306","193","692","391","71.7","247","257","29","118","1306","335.64","154.11","37.87","5.3","","POINT (431368.244802 4586477.062296)"
"246"," C/ GARCILASO, 56","C/ GARCILASO, 56","8027.0","18","0801909057","la Sagrera","34","16","82.03110879830503","16","4","85.2156367195927","0","0","1523.0850218417804","107","1135.934086221978","1.7388307721199603","36.861111111111114","","ELECTRICBIKESTATION","09-SantAndreu/61-la Sagrera","True","246","1000","1774994105","39129","15694","830","786","133","223","250","256","227","180","229","1616","269","812","453","75.9","456","258","25","129","1616","416.93","208.46","40.4","5.6","","POINT (432144.499086 4586019.29615)"
"247","C/ FELIPE II, 112","C/ FELIPE II, 112","8027.0","32","0801909068","la Sagrera","61","26","87.52149574150417","18","4","159.94391853213125","0","0","1598.2723252462301","101","1895.221837307984","5.2159807467865535","39.51428571428571","","ELECTRICBIKESTATION","09-SantAndreu/61-la Sagrera","True","247","1000","1774994105","41418","17428","738","717","130","153","191","231","236","207","193","1455","223","736","431","75.1","246","284","22","136","1455","413.22","197.88","32.01","5.6","","POINT (431888.459241 4585917.456635)"
"248","C/ PALÈNCIA, 31","C/ PALÈNCIA, 31","8027.0","27","0801909064","la Sagrera","14","9","72.10900936256856","12","3","377.9559229342499","0","0","985.3164599917512","104","1701.541725246009","45.61167588274943","28.763157894736842","","ELECTRICBIKESTATION","09-SantAndreu/61-la Sagrera","True","248","1000","1774994105","43564","17479","573","531","73","111","165","137","144","214","179","1104","176","555","298","85.8","163","367","41","163","1104","405.17","179.95","45.26","5.6","","POINT (432343.351831 4585500.584313)"
"249","C/ ANTILLES, 8","C/ ANTILLES, 8","8027.0","27","0801909057","la Sagrera","14","6","54.170193477648134","11","3","238.47842900729327","0","0","1742.390058840733","60","627.6935788348259","235.8239049263367","46.13513513513514","","ELECTRICBIKESTATION","09-SantAndreu/61-la Sagrera","True","249","1000","1774994105","39129","15694","830","786","133","223","250","256","227","180","229","1616","269","812","453","75.9","456","258","25","129","1616","416.93","208.46","40.4","5.6","","POINT (432089.884606 4586265.792984)"
"25","C/ BRUC, 102","C/ BRUC, 102","8009.0","21","0801902065","la Dreta de l'Eixample","14","7","165.99759260492962","13","4","235.12339231346297","1","1","346.53629775070283","329","2386.6486149581783","64.91409802194329","45.08108108108108","","ELECTRICBIKESTATION","02-Eixample/07-la Dreta de l'Eixample","True","25","1000","1774994105","48394","20692","917","827","127","262","308","285","267","189","179","1744","126","560","910","98.1","543","255","94","163","1744","444.72","284.27","163.94","4.2","","POINT (430463.441158 4582985.962583)"
"250","C/ PORTUGAL, 3","C/ PORTUGAL, 3","8027.0","27","0801909062","la Sagrera","25","9","58.89468721700238","2","2","467.5809381940094","0","0","1533.110465275713","82","1033.4791547094944","39.527101741861664","32.78947368421053","","ELECTRICBIKESTATION","09-SantAndreu/61-la Sagrera","True","250","1000","1774994105","41135","17392","748","702","160","143","248","277","179","148","144","1450","184","632","513","69.9","298","224","18","108","1450","324.8","156.6","26.1","5.6","","POINT (432418.559247 4586345.021245)"
"251","C/ CARDENAL TEDESCHINI, 13","C/ CARDENAL TEDESCHINI, 13","8027.0","33","0801909070","la Sagrera","15","7","76.31432662067843","13","3","296.5186628305571","0","0","1881.4914626134755","64","882.2521558797713","81.67019606665141","51.8421052631579","","ELECTRICBIKESTATION","09-SantAndreu/61-la Sagrera","True","251","1000","1774994105","29201","12562","879","776","128","204","265","256","247","201","227","1655","383","858","364","54.1","527","216","20","92","1655","357.48","152.26","33.1","5.6","","POINT (431916.832826 4586298.596205)"
"252","RAMBLA DE L'ONZE DE SETEMBRE, 31","RAMBLA DE L'ONZE DE SETEMBRE, 31","8030.0","33","0801909020","Sant Andreu","29","8","30.54267358926098","1","1","26.94256788492562","0","0","1746.6219828606572","48","1112.044220302697","54.57273715000937","33.648648648648646","","ELECTRICBIKESTATION","09-SantAndreu/60-Sant Andreu","True","252","1000","1774994105","40490","17829","569","494","81","99","123","179","150","130","226","1063","172","522","322","74.7","96","276","29","118","1063","293.39","125.43","30.83","","","POINT (432590.719091 4586795.779833)"
"253","C/ ONZE DE SETEMBRE, 37-39","C/ ONZE DE SETEMBRE, 37-39","8030.0","27","0801909020","Sant Andreu","31","8","82.59900924788742","1","1","101.70491597083597","0","0","1811.2869386869506","66","1165.0066482278046","74.7907974124562","34.58974358974359","","ELECTRICBIKESTATION","09-SantAndreu/60-Sant Andreu","True","253","1000","1774994105","40490","17829","569","494","81","99","123","179","150","130","226","1063","172","522","322","74.7","96","276","29","118","1063","293.39","125.43","30.83","","","POINT (432505.889686 4586792.38499)"
"254","RAMBLA DE L'ONZE DE SETEMBRE, 69","RAMBLA DE L'ONZE DE SETEMBRE, 69","8030.0","26","0801909021","Sant Andreu","23","8","83.1113899067367","1","1","265.569013185777","0","0","1926.8963924375357","74","598.7369099538809","219.2434259997652","37.39473684210526","","ELECTRICBIKESTATION","09-SantAndreu/60-Sant Andreu","True","254","1000","1774994105","44694","18484","726","635","132","127","187","218","206","170","214","1361","155","697","372","69.7","192","352","40","152","1361","479.07","206.87","54.44","","","POINT (432342.677432 4586809.287074)"
"255","C/ IRLANDA, 34","C/ IRLANDA, 34","8030.0","15","0801909050","Sant Andreu","33","24","140.60133474118413","7","3","227.4225691885531","0","0","2297.8953944485447","84","472.3760770840484","166.49844180529522","41.470588235294116","","ELECTRICBIKESTATION","09-SantAndreu/60-Sant Andreu","True","255","1000","1774994105","40493","17934","734","696","123","134","224","236","190","207","204","1430","203","724","440","66.3","230","277","30","136","1430","396.11","194.48","42.9","","","POINT (431971.928546 4586979.318654)"
"256","C/ MALATS, 28-30","C/ MALATS, 28-30","8030.0","32","0801909041","Sant Andreu","15","5","12.41160248905075","3","2","149.10343547889596","0","0","2447.8720638107216","126","78.89899014755852","235.9564570528967","36.7027027027027","","ELECTRICBIKESTATION","09-SantAndreu/60-Sant Andreu","True","256","1000","1774994105","38566","16634","706","612","143","125","169","234","191","155","195","1318","178","684","368","64.3","161","294","36","143","1318","387.49","188.47","47.45","","","POINT (432281.891855 4587489.930626)"
"257","C/ SANT ADRIÀ, 2-8","C/ SANT ADRIÀ, 2-8","8030.0","23","0801909024","Sant Andreu","15","7","229.46134554455142","3","2","321.83762816515406","0","0","2264.580002421102","129","243.87676377084847","217.79682753167953","34.54054054054054","","ELECTRICBIKESTATION","09-SantAndreu/60-Sant Andreu","True","257","1000","1774994105","42249","18475","606","509","113","108","162","187","161","128","163","1115","167","534","342","83.0","133","306","23","116","1115","341.19","129.34","25.64","","","POINT (432296.984107 4587246.513629)"
"258","C/ FERNANDO PESSOA, 41","C/ FERNANDO PESSOA, 41","8030.0","27","0801909031","Sant Andreu","17","10","26.638670660965865","4","1","229.27976685986792","0","0","2797.6150021877456","32","1023.561282845565","16.54940468980361","28.972972972972972","","ELECTRICBIKESTATION","09-SantAndreu/60-Sant Andreu","True","258","1000","1774994105","46173","18590","559","568","219","94","73","223","216","103","117","1127","175","516","306","88.0","61","332","36","121","1127","374.16","136.37","40.57","","","POINT (432581.650576 4588137.933918)"
"259","C/ DE BARTRINA, 14","C/ DE BARTRINA, 14","8030.0","24","0801909040","Sant Andreu","14","10","62.504873965252806","0","0","522.4513736327905","0","0","2898.198709792933","47","268.13942895060916","268.20952399012054","44.8","","ELECTRICBIKESTATION","09-SantAndreu/60-Sant Andreu","True","259","1000","1774994105","44928","18312","814","721","157","153","209","306","231","161","165","1535","228","731","484","64.5","215","281","29","126","1535","431.34","193.41","44.52","","","POINT (431980.926319 4587824.987408)"
"26","C/ DOS DE MAIG, 230-232","C/ DOS DE MAIG, 230-232","8013.0","18","0801910016","el Camp de l'Arpa del Clot","21","10","72.18272011862457","8","3","43.70123572344033","0","0","583.6657285875123","179","3481.583403280537","28.758456063573767","40.2972972972973","","ELECTRICBIKESTATION","10-SantMartí/64-el Camp de l'Arpa del Clot","True","26","1000","1774994105","43747","19121","585","581","69","141","184","152","178","200","170","1166","145","536","411","73.6","277","284","78","167","1166","331.14","194.72","90.95","5.9","","POINT (431635.7877 4584281.06469)"
"260","CARRER DEL CINCA, 7","CARRER DEL CINCA, 7","8030.0","27","0801909025","Sant Andreu","29","7","53.05938793293613","3","2","132.02816161888305","0","0","2264.385128775917","121","616.1309453263002","148.525271030625","29.72972972972973","","ELECTRICBIKESTATION","09-SantAndreu/60-Sant Andreu","True","260","1000","1774994105","42658","18871","622","556","113","112","157","237","174","138","138","1178","140","556","400","70.5","161","285","50","135","1178","335.73","159.03","58.9","","","POINT (432502.419136 4587439.505005)"
"261","C/ VILLARROEL, 39","C/ VILLARROEL, 39","8011.0","32","0801902163","Sant Antoni","95","29","51.4416743149955","14","2","150.58303754706904","0","0","1836.1474604307214","296","2043.3680971850335","105.31937446100115","34.714285714285715","","ELECTRICBIKESTATION","02-Eixample/10-Sant Antoni","True","261","1000","1774994105","45275","20167","873","833","103","270","320","288","219","191","210","1706","226","693","752","94.2","533","258","25","191","1706","440.15","325.85","42.65","5.2","","POINT (429818.613114 4581518.528091)"
"262","C/ ENTENÇA, 70","C/ ENTENÇA, 70","8015.0","24","0801902147","la Nova Esquerra de l'Eixample","32","19","107.41308973157955","16","2","246.0805853201848","0","0","1613.8777376322137","267","2805.143607705163","18.52573220790343","38.37837837837838","","ELECTRICBIKESTATION","02-Eixample/09-la Nova Esquerra de l'Eixample","True","262","1000","1774994105","43652","18757","1025","955","151","270","349","327","289","253","218","1980","196","860","834","76.1","523","227","25","158","1980","449.46","312.84","49.5","4.9","","POINT (429060.069558 4581188.837554)"
"263","PG. TORRAS I BAGES, 29","PG. TORRAS I BAGES, 29","8030.0","20","0801909038","Sant Andreu","19","5","102.2187526252352","3","2","139.71734416273728","0","0","2506.475235152132","102","639.5867351178132","9.714413070109124","36.26315789473684","","ELECTRICBIKESTATION","09-SantAndreu/60-Sant Andreu","True","263","1000","1774994105","43429","17709","901","779","166","141","230","300","224","219","222","1680","220","785","465","77.3","152","306","21","125","1680","514.08","210.0","35.28","","","POINT (432419.621841 4587683.187458)"
"264","C/ FERRAN JUNOY, 10","C/ FERRAN JUNOY, 10","8030.0","33","0801909008","el Bon Pastor","11","3","171.96993533950908","3","2","253.18015114533392","0","0","2331.053707861038","40","291.98578531966984","164.32952851479374","19.54054054054054","","ELECTRICBIKESTATION","09-SantAndreu/59-el Bon Pastor","True","264","1000","1773938704","53554","19072","924","933","403","123","141","516","306","91","72","1857","112","784","559","81.5","141","400","27","126","1857","742.8","233.98","50.14","4.9","","POINT (432780.793233 4587714.451485)"
"265","C/ CASANOVA, 55","C/ CASANOVA, 55","8011.0","27","0801902096","l'Antiga Esquerra de l'Eixample","59","23","156.5767263340411","12","2","256.49686696201314","0","0","1573.490976814407","349","2495.148106983375","14.57842593569573","39.05263157894737","","ELECTRICBIKESTATION","02-Eixample/08-l'Antiga Esquerra de l'Eixample","True","265","1000","1774994105","45528","19754","674","652","79","196","292","196","163","153","165","1326","130","572","623","82.2","471","243","25","284","1326","322.22","376.58","33.15","4.2","","POINT (429704.66554 4581813.015291)"
"266","C/ RIERA D'HORTA, 2","C/ RIERA D'HORTA, 2","8027.0","34","0801909075","el Congrés i els Indians","15","7","95.48751324155803","7","3","239.60578189795228","0","0","2128.172034253707","85","1401.269738742951","29.174798857218768","45.92307692307692","","ELECTRICBIKESTATION","09-SantAndreu/62-el Congrés i els Indians","True","266","1000","1774994105","40305","15121","728","720","139","161","219","235","215","196","156","1448","190","771","422","79.7","314","247","30","98","1448","357.66","141.9","43.44","5.3","","POINT (431815.440045 4586546.779316)"
"267","PG. TORRAS I BAGES, 129","PG. TORRAS I BAGES, 129","8030.0","24","0801909032","Sant Andreu","36","11","72.22992325386065","4","1","26.523046493723758","0","0","3028.3942190615508","32","1427.2142203687154","112.49259587946509","34.2972972972973","","ELECTRICBIKESTATION","09-SantAndreu/60-Sant Andreu","True","267","1000","1774994105","35241","14096","1097","1004","278","175","301","430","323","178","148","2101","346","1054","374","78.3","309","247","31","99","2101","518.95","208.0","65.13","","","POINT (432388.650641 4588292.738066)"
"268","C/ FERNANDO PESSOA, 72","C/ FERNANDO PESSOA, 72","8030.0","27","0801909031","Sant Andreu","22","12","72.620151538707","6","1","336.0084691516883","0","0","3163.1546600234296","21","1201.4762284527485","24.38566672572379","27.473684210526315","","ELECTRICBIKESTATION","09-SantAndreu/60-Sant Andreu","True","268","1000","1774994105","46173","18590","559","568","219","94","73","223","216","103","117","1127","175","516","306","88.0","61","332","36","121","1127","374.16","136.37","40.57","","","POINT (432587.515775 4588552.332699)"
"269","VIA BARCINO, 121","VIA BARCINO, 121","8033.0","20","0801909005","la Trinitat Vella","23","10","197.4260961578285","2","1","87.45912111927426","0","0","3409.3345325758573","34","878.6420283040595","199.14396677780147","30.257142857142856","","ELECTRICBIKESTATION","09-SantAndreu/57-la Trinitat Vella","True","269","1000","1774994105","35830","13581","785","786","168","185","223","319","226","153","139","1571","304","838","279","67.5","342","303","49","108","1571","476.01","169.67","76.98","9.9","","POINT (432586.558887 4588822.420075)"
"27","C/ PROVENÇA, 322","C/ PROVENÇA, 322","8037.0","17","0801902063","la Dreta de l'Eixample","31","11","94.85245690327223","14","3","230.56877145008622","1","1","304.31607268860796","329","3536.2072863027374","24.282503094535745","54.31578947368421","","ELECTRICBIKESTATION","02-Eixample/07-la Dreta de l'Eixample","True","27","1000","1774994105","65709","27244","577","461","91","134","140","141","151","146","154","1038","89","387","622","153.0","337","381","40","270","1038","395.48","280.26","41.52","4.2","","POINT (430167.083061 4583138.514209)"
"270","CRTA. DE RIBES, 77 (TRINITAT VELLA)","270 - CRTA. DE RIBES, 77 (TRINITAT VELLA)","8033.0","27","0801909005","la Trinitat Vella","36","18","30.610541976691568","3","2","322.31113115235644","0","0","3570.281281446106","37","0.0","354.75058356250673","42.85294117647059","","ELECTRICBIKESTATION","09-SantAndreu/57-la Trinitat Vella","True","270","1000","1774994105","35830","13581","785","786","168","185","223","319","226","153","139","1571","304","838","279","67.5","342","303","49","108","1571","476.01","169.67","76.98","9.9","","POINT (432327.880563 4588878.219665)"
"271","VIA DE BÀRCINO, 54","VIA DE BÀRCINO, 54","8033.0","21","0801909002","la Trinitat Vella","21","4","130.77429881680774","2","1","318.75899702550237","0","0","3758.6371660569466","41","0.0","476.6526259064119","41.333333333333336","","ELECTRICBIKESTATION","09-SantAndreu/57-la Trinitat Vella","True","271","1000","1774994105","27575","9668","1025","1076","226","300","332","329","303","192","181","2101","560","1071","206","61.5","752","256","33","111","2101","537.86","233.21","69.33","9.9","","POINT (432536.308253 4589180.180917)"
"272","C/ CONCEPCIÓ ARENAL, 281","C/ CONCEPCIÓ ARENAL, 281","8033.0","26","0801909048","Sant Andreu","35","26","97.59979387336074","7","3","212.6327230956533","0","0","2469.959409925524","71","504.273112702226","203.00985493835114","45.1025641025641","","ELECTRICBIKESTATION","09-SantAndreu/60-Sant Andreu","True","272","1000","1774994105","39061","17191","682","598","106","127","165","188","189","192","215","1280","171","693","338","69.1","169","296","18","127","1280","378.88","162.56","23.04","","","POINT (431840.304208 4587091.731127)"
"273","AV. MERIDIANA, 404","AV. MERIDIANA, 404","8030.0","35","0801909049","Sant Andreu","44","27","45.82458141845607","7","3","35.940037263876015","0","0","2357.947933849264","112","1137.1032761133058","5.928745112757633","46.0","","ELECTRICBIKESTATION","09-SantAndreu/60-Sant Andreu","True","273","1000","1774994105","41945","16481","669","577","105","148","179","186","162","163","208","1246","196","605","311","78.9","216","278","27","108","1246","346.39","134.57","33.64","","","POINT (431772.555127 4586860.463275)"
"274","RAMBLA FABRA I PUIG, 67","RAMBLA FABRA I PUIG, 67","8030.0","32","0801909054","Sant Andreu","42","27","54.55832163134826","7","3","113.59733618219273","0","0","2223.834009374166","104","1267.5225203401405","34.640873765549784","42.743589743589745","","ELECTRICBIKESTATION","09-SantAndreu/60-Sant Andreu","True","274","1000","1774994105","42884","18557","519","479","73","116","134","152","150","142","154","998","159","499","298","77.4","149","267","26","122","998","266.47","121.76","25.95","","","POINT (431902.709168 4586804.555101)"
"275","AV. RIO DE JANEIRO, 3","AV. RIO DE JANEIRO, 3","8016.0","32","0801908020","Porta","38","27","49.259228089820155","7","3","75.64250090847592","0","0","2455.9237860917196","112","979.8647555975036","22.65207951775167","48.2972972972973","","ELECTRICBIKESTATION","08-NouBarris/45-Porta","True","275","1000","1774994105","35100","15213","666","613","107","136","216","222","203","126","171","1279","218","714","331","68.0","293","251","25","135","1279","321.03","172.67","31.98","5.7","","POINT (431669.463607 4586891.125498)"
"276","PLAÇA ALFONS X EL SAVI / RONDA DEL GUIN","PLAÇA ALFONS X EL SAVI / RONDA DEL GUINARDO","8024.0","27","0801907016","el Baix Guinardó","28","9","80.18269571204279","3","1","25.139419421334495","0","0","1522.4262386084004","99","1784.708338966248","32.28123686705684","104.13513513513513","","ELECTRICBIKESTATION","07-Horta-Guinardó/33-el Baix Guinardó","True","276","1000","1774994105","49277","19850","657","650","117","149","182","182","181","190","203","1307","142","617","435","84.5","179","338","31","207","1307","441.77","270.55","40.52","5.2","","POINT (430232.677435 4584845.743004)"
"277","TRAVESSERA DE GRÀCIA, 328","TRAVESSERA DE GRÀCIA, 328","8025.0","27","0801907003","el Baix Guinardó","19","7","113.92795847699188","0","0","519.7557207694257","0","0","989.9061278882313","176","2175.279043703672","15.706766892407774","73.21621621621621","","ELECTRICBIKESTATION","07-Horta-Guinardó/33-el Baix Guinardó","True","277","1000","1774994105","45343","18735","662","593","127","166","199","209","139","173","137","1255","110","543","553","74.4","345","238","26","160","1255","298.69","200.8","32.63","5.2","","POINT (430543.966342 4584407.0934)"
"278","TRAVESSERA DE GRÀCIA, 368","TRAVESSERA DE GRÀCIA, 368","8025.0","27","0801907004","el Baix Guinardó","25","11","71.18266595051571","2","1","382.15572783628244","0","0","1098.8565125249158","250","1811.6200529144212","15.556466093338813","76.63157894736842","","ELECTRICBIKESTATION","07-Horta-Guinardó/33-el Baix Guinardó","True","278","1000","1774994105","38880","17020","784","679","104","203","237","246","199","175","188","1463","183","675","556","67.0","441","243","18","139","1463","355.51","203.36","26.33","5.2","","POINT (430757.397116 4584590.856028)"
"279","C/ MAS CASANOVAS, 137","C/ MAS CASANOVAS, 137","8041.0","27","0801907039","el Guinardó","14","6","58.01209835802595","2","1","43.92328714809452","0","0","1632.3562512356025","90","1110.1324998722616","42.613105865359856","83.33333333333333","","ELECTRICBIKESTATION","07-Horta-Guinardó/35-el Guinardó","True","279","1000","1774994105","42817","18311","806","726","139","226","262","231","255","189","138","1532","125","749","591","74.2","318","307","43","135","1532","470.32","206.82","65.88","5.5","","POINT (431016.857011 4585256.251843)"
"28","C/ SARDENYA, 362","C/ SARDENYA, 362","8025.0","23","0801902044","la Sagrada Família","9","3","115.67713370151148","4","2","286.0605447460028","0","0","660.25983731266","245","1953.88443603441","3.687555044703468","60.58974358974359","","ELECTRICBIKESTATION","02-Eixample/06-la Sagrada Família","True","28","1000","1774994105","40072","16881","656","574","84","181","190","205","128","146","188","1230","141","558","468","75.4","381","257","25","137","1230","316.11","168.51","30.75","5.1","","POINT (430679.310818 4584106.417577)"
"280","C/ SANT ANTONI Mª CLARET, 290-296","C/ SANT ANTONI Mª CLARET, 290-296","8041.0","27","0801907039","el Guinardó","41","11","25.361026877358597","6","2","288.5016038706757","0","0","1344.7558544141946","122","2150.480688566803","15.74563202205585","64.11428571428571","","ELECTRICBIKESTATION","07-Horta-Guinardó/35-el Guinardó","True","280","1000","1774994105","42817","18311","806","726","139","226","262","231","255","189","138","1532","125","749","591","74.2","318","307","43","135","1532","470.32","206.82","65.88","5.5","","POINT (431279.695017 4585028.018513)"
"281","C/ D'ESCORNALBOU, 51","C/ D'ESCORNALBOU, 51","8041.0","24","0801907036","el Guinardó","14","3","37.199548521278594","2","1","293.9595406117832","0","0","1811.986942419312","92","1252.6707538261608","10.995663555585942","81.66666666666667","","ELECTRICBIKESTATION","07-Horta-Guinardó/35-el Guinardó","True","281","1000","1774994105","45873","19535","717","626","103","150","204","194","209","191","186","1343","156","682","457","71.8","262","308","24","165","1343","413.64","221.6","32.23","5.5","","POINT (431173.155656 4585496.740554)"
"282","PG. FONT D´EN- FARGAS, 1","PG. FONT D´EN- FARGAS, 1","8031.0","27","0801907054","la Font d'en Fargues","18","8","109.33074489727872","1","1","367.6687858964957","0","0","3098.9938087890696","111","0.0","723.1227305631861","84.23684210526316","","ELECTRICBIKESTATION","07-Horta-Guinardó/36-la Font d'en Fargues","True","282","1000","1774994105","57475","23089","806","763","182","170","180","235","255","187","227","1569","141","691","613","76.8","197","375","40","248","1569","588.38","389.11","62.76","6.9","","POINT (430313.222507 4586556.696182)"
"283","C/ FULTON, 1","C/ FULTON, 1","8032.0","20","0801907117","Horta","33","11","50.71362763090769","3","1","122.72985247308655","0","0","3440.5229937619015","108","0.0","519.9788942644433","88.24324324324324","","ELECTRICBIKESTATION","07-Horta-Guinardó/43-Horta","True","283","1000","1774994105","41495","17932","1282","1450","195","469","585","503","333","244","160","2732","850","2902","811","65.5","3639","94","13","49","2732","256.81","133.87","35.52","6.0","","POINT (429957.524076 4586801.254239)"
"284","AV. DIAGONAL, 652","AV. DIAGONAL, 652","8034.0","27","0801904023","les Corts","55","29","14.274656689056318","2","1","472.15409297081595","18","3","40.48906838131754","129","1195.4633273568338","15.318815117385059","78.35135135135135","","ELECTRICBIKESTATION","04-LesCorts/19-les Corts","True","284","1000","1774994105","90951","32986","528","487","132","115","106","131","143","119","185","1015","48","343","507","149.6","171","646","85","282","1015","655.69","286.23","86.28","5.1","","POINT (427388.669863 4582356.384264)"
"285","C/ MALATS, 98-100","C/ MALATS, 98-100","8030.0","16","0801909041","Sant Andreu","8","6","31.47554444637131","2","1","417.516043425197","0","0","2688.398478790045","42","123.96492822341044","179.46745347341204","44.13157894736842","","ELECTRICBIKESTATION","09-SantAndreu/60-Sant Andreu","True","285","1000","1774994105","38566","16634","706","612","143","125","169","234","191","155","195","1318","178","684","368","64.3","161","294","36","143","1318","387.49","188.47","47.45","","","POINT (432003.644067 4587553.129775)"
"286","C/ BOLÍVIA, 76","C/ BOLÍVIA, 76","8018.0","19","0801910042","el Parc i la Llacuna del Poblenou","28","14","128.7735099822966","3","1","249.85193203631417","8","3","149.43581719641008","186","1481.7029119626636","37.816753675970325","11.578947368421053","","ELECTRICBIKESTATION","10-SantMartí/66-el Parc i la Llacuna del Poblenou","True","286","1000","1774994105","38142","15637","1618","1506","267","250","563","798","348","185","261","3124","388","1315","1176","74.6","1046","262","79","103","3124","818.49","321.77","246.8","5.3","","POINT (432407.273437 4583813.419514)"
"287","Mercado Time Out GRAN VIA , 632","Mercado Time Out GRAN VIA , 632","8007.0","16","0801902077","la Dreta de l'Eixample","104","52","103.27898092584576","59","9","49.80944672579583","0","0","1045.8742388300482","340","2138.1659007031117","11.97236401818948","38.94736842105263","","ELECTRICBIKESTATION","02-Eixample/07-la Dreta de l'Eixample","True","287","1000","1774994105","52902","22220","824","850","99","372","358","227","194","174","145","1674","115","548","972","120.1","839","512","223","239","1674","857.09","400.09","373.3","4.2","","POINT (430434.543651 4582282.150898)"
"288","PL. VIRREI AMAT","PL. VIRREI AMAT","8016.0","32","0801908013","Vilapicina i la Torre Llobeta","43","13","54.524329265907966","8","1","39.424656530536566","0","0","2821.672131628285","95","1199.9983171424176","1.580904794408946","64.8108108108108","","ELECTRICBIKESTATION","08-NouBarris/44-Vilapicina i la Torre Llobeta","True","288","1000","1774994105","37533","15859","585","511","100","114","135","172","156","146","187","1096","189","593","275","75.2","220","250","21","105","1096","274.0","115.08","23.02","6.6","","POINT (431021.985685 4586782.23285)"
"289","C/ MÚRCIA, 64","C/ MÚRCIA, 64","8027.0","27","0801909094","Navas","15","7","128.2932546452671","4","2","348.5655951484916","0","0","827.0038438391058","98","1641.5255408973926","18.506384544886416","26.435897435897434","","ELECTRICBIKESTATION","09-SantAndreu/63-Navas","True","289","1000","1774249802","40084","17271","990","905","178","213","300","263","326","199","301","1895","263","988","604","77.2","410","277","28","138","1895","524.92","261.51","53.06","5.6","","POINT (432391.479306 4585331.959456)"
"29","C/ PROVENÇA, 388-390","C/ PROVENÇA, 388-390","8025.0","23","0801902056","la Dreta de l'Eixample","36","11","139.9427686744125","6","2","162.53986912489054","3","1","353.87645896534076","292","3447.8664205743153","1.1893461048790666","50.44736842105263","","ELECTRICBIKESTATION","02-Eixample/07-la Dreta de l'Eixample","True","29","1000","1774994105","47577","20737","737","674","105","211","301","251","185","119","129","1411","106","483","772","97.2","492","227","43","155","1411","320.3","218.7","60.67","4.2","","POINT (430615.328422 4583612.585154)"
"290","PL. DELS JARDINS D'ALFÀBIA, 1","PL. DELS JARDINS D'ALFÀBIA, 1","8016.0","17","0801908033","Porta","52","16","50.71913866398669","3","1","70.6527673696254","0","0","3450.7573467306447","70","860.3509020776868","110.78416034354274","76.11428571428571","","ELECTRICBIKESTATION","08-NouBarris/45-Porta","True","290","1000","1774994105","31357","12695","740","678","143","150","177","254","226","179","171","1418","310","767","241","62.0","344","240","24","97","1418","340.32","137.55","34.03","5.7","","POINT (431001.07382 4587636.659393)"
"291","C/ CUBELLES, 2","C/ CUBELLES, 2","8031.0","27","0801908009","Vilapicina i la Torre Llobeta","49","13","69.6309790243113","10","2","86.1806891338014","0","0","2506.552004235707","92","1240.2881502069497","79.0431613062338","66.94594594594595","","ELECTRICBIKESTATION","08-NouBarris/44-Vilapicina i la Torre Llobeta","True","291","1000","1774994105","37696","14885","865","834","158","205","279","304","273","197","154","1699","234","861","475","75.4","381","213","29","129","1699","361.89","219.17","49.27","6.6","","POINT (431077.805188 4586385.781479)"
"292","C/ AMILCAR, 1","C/ AMILCAR, 1","8031.0","12","0801908010","Vilapicina i la Torre Llobeta","30","12","76.80465959432057","7","1","245.47683088906882","0","0","2994.561749853789","68","244.4914245175751","197.04766981319833","69.86486486486487","","ELECTRICBIKESTATION","08-NouBarris/44-Vilapicina i la Torre Llobeta","True","292","1000","1774994105","40981","18209","535","491","82","117","136","159","187","132","142","1026","153","560","311","69.6","170","270","101","161","1026","277.02","165.19","103.63","6.6","","POINT (430819.770409 4586825.488924)"
"293","C/ GRANOLLERS, 1","C/ GRANOLLERS, 1","8032.0","24","0801907122","Horta","39","10","37.223453285057154","4","1","272.90987475038776","0","0","3259.2254549480526","113","0.0","668.161268159485","88.23529411764706","","ELECTRICBIKESTATION","07-Horta-Guinardó/43-Horta","True","293","1000","1774994105","37457","16328","627","556","101","111","159","189","192","132","195","1183","207","655","315","69.5","190","272","22","145","1183","321.78","171.54","26.03","6.0","","POINT (430063.435851 4586643.633341)"
"294","SEU DEL DISTRICTE (NOU BARRIS)","SEU DEL DISTRICTE (NOU BARRIS)","8042.0","24","0801908215","la Guineueta","32","13","149.5275758656863","3","1","237.35824177865567","0","0","3587.2981476677296","84","308.5490383992678","256.37437742336107","80.4054054054054","","ELECTRICBIKESTATION","08-NouBarris/48-la Guineueta","True","294","1000","1774994105","37830","16049","858","654","181","147","213","245","177","158","202","1512","219","769","316","76.5","384","242","22","105","1512","365.9","158.76","33.26","8.3","","POINT (430714.215637 4587529.449204)"
"295","C/ SANT ISCLE, 60","C/ SANT ISCLE, 60","8031.0","27","0801908038","el Turó de la Peira","36","10","88.55508650722375","10","2","426.99204092593914","0","0","3285.704428744904","52","0.0","431.86107134564435","74.25641025641026","","ELECTRICBIKESTATION","08-NouBarris/46-el Turó de la Peira","True","295","1000","1774994105","33283","12569","817","719","163","194","219","276","247","156","137","1536","289","823","311","68.6","451","219","20","115","1536","336.38","176.64","30.72","5.9","","POINT (430790.912281 4587199.701084)"
"296","C/ DE ROSSELLÓ I PORCEL, 1 | AV. MERIDIANA","C/ DE ROSSELLÓ I PORCEL, 1 | AV. MERIDIANA","8016.0","33","0801908029","Porta","9","8","102.52110794177193","0","0","585.0549927250885","0","0","2799.7301429426466","51","395.47061439728395","14.474619083059904","45.69444444444444","","ELECTRICBIKESTATION","08-NouBarris/45-Porta","True","296","1000","1774994105","30320","13017","745","666","180","134","148","253","265","155","156","1411","374","751","212","76.5","226","293","47","137","1411","413.42","193.31","66.32","5.7","","POINT (431836.062581 4587534.488812)"
"297","C/ TURÓ BLAU, 1-3","C/ TURÓ BLAU, 1-3","8016.0","24","0801908083","la Prosperitat","46","14","116.26825463746142","3","1","349.001470626568","0","0","3405.635669576216","47","1414.7588824085879","8.587663200493775","72.78378378378379","","ELECTRICBIKESTATION","08-NouBarris/52-la Prosperitat","True","297","1000","1774994105","30608","12650","650","590","122","142","203","206","160","129","177","1240","284","683","179","57.5","401","230","53","96","1240","285.2","119.04","65.72","6.6","","POINT (431227.09129 4587799.352055)"
"298","C/ ANDREU NIN, 22","C/ ANDREU NIN, 22","8016.0","32","0801908029","Porta","23","10","61.7126100632819","2","2","458.1893006064004","0","0","2788.5840963064898","82","1057.0456028868193","34.84026253748252","43.027027027027025","","ELECTRICBIKESTATION","08-NouBarris/45-Porta","True","298","1000","1774994105","30320","13017","745","666","180","134","148","253","265","155","156","1411","374","751","212","76.5","226","293","47","137","1411","413.42","193.31","66.32","5.7","","POINT (431639.582968 4587340.332171)"
"299","C/ DE L'ESCULTOR ORDÓÑEZ, 55","C/ DE L'ESCULTOR ORDÓÑEZ, 55","8016.0","27","0801908035","Porta","30","10","42.36686817164209","9","2","345.14089738657555","0","0","3171.530776476012","57","0.0","303.60378246188657","59.921052631578945","","ELECTRICBIKESTATION","08-NouBarris/45-Porta","True","299","1000","1774994105","30782","14624","2022","2321","235","858","987","767","578","327","271","4343","1596","4151","867","61.2","5284","67","6","31","4343","290.98","134.63","26.06","5.7","","POINT (431058.660925 4587274.964716)"
"3"," C/ NÀPOLS, 82","C/ NÀPOLS, 82","8013.0","27","0801902002","el Fort Pienc","47","39","47.868108797367476","10","3","211.2655459643287","4","2","465.40398626500854","128","1521.4384539370267","20.786424028956404","23.94736842105263","","ELECTRICBIKESTATION","02-Eixample/05-el Fort Pienc","True","3","1000","1774994105","43266","19019","1567","1999","228","624","755","637","483","293","304","3566","915","3099","1474","77.7","4158","97","11","49","3566","345.9","174.73","39.23","4.8","","POINT (431560.141559 4582836.908749)"
"30","C/ CASTILLEJOS, 180","C/ CASTILLEJOS, 180","8013.0","29","0801902022","la Sagrada Família","15","8","115.77363329708028","7","2","327.2395077908651","8","3","204.51119015762683","183","3377.2505620494526","1.2594573335245962","26.05128205128205","","ELECTRICBIKESTATION","02-Eixample/05-el Fort Pienc","True","30","1000","1774994105","46783","18928","648","612","94","201","218","171","186","155","148","1260","166","566","471","76.8","363","248","45","149","1260","312.48","187.74","56.7","5.1","","POINT (431730.294361 4583794.972543)"
"300","C/ DE MALADETA, 1","C/ DE MALADETA, 1","8016.0","18","0801908025","Porta","31","13","81.344259310632","6","1","272.07227196090025","0","0","2848.75800981602","70","732.1831706744483","31.660836487794153","58.78947368421053","","ELECTRICBIKESTATION","08-NouBarris/45-Porta","True","300","1000","1774994105","30928","13405","628","501","106","122","178","208","167","97","149","1129","237","638","256","61.3","318","228","30","99","1129","257.41","111.77","33.87","5.7","","POINT (431230.136584 4586995.692397)"
"301","C/ MARIE CURIE, 8-14","C/ MARIE CURIE, 8-14","8042.0","27","0801908215","la Guineueta","32","13","205.49684024792418","3","1","341.64052922580527","0","0","3689.2325149521553","95","371.933032772385","234.509336631017","80.6842105263158","","ELECTRICBIKESTATION","08-NouBarris/48-la Guineueta","True","301","1000","1774994105","37830","16049","858","654","181","147","213","245","177","158","202","1512","219","769","316","76.5","384","242","22","105","1512","365.9","158.76","33.26","8.3","","POINT (430600.80529 4587568.264395)"
"302","C/ CAVALLERS, 41","C/ CAVALLERS, 41","8034.0","39","0801904053","Pedralbes","20","7","108.90058450207863","0","0","679.5807946910552","0","0","747.1402616680679","121","598.8803389192848","12.004592306957269","117.26315789473684","","ELECTRICBIKESTATION","04-LesCorts/21-Pedralbes","True","302","1000","1774994105","56053","21547","832","787","195","258","290","222","186","165","155","1619","100","596","791","108.5","525","354","36","223","1619","573.13","361.04","58.28","2.4","","POINT (425721.752088 4582503.544505)"
"303","C/ CAVALLERS, 67","C/ CAVALLERS, 67","8034.0","27","0801904056","Pedralbes","19","8","45.43238000184438","0","0","678.2235549816718","0","0","877.819880693172","114","338.2406401713423","20.176212522984564","111.5","","ELECTRICBIKESTATION","04-LesCorts/21-Pedralbes","True","303","1000","1774994105","98221","34765","819","784","238","222","151","239","250","194","163","1603","118","722","834","140.5","719","478","45","298","1603","766.23","477.69","72.13","2.4","","POINT (426023.056536 4582811.035383)"
"304","PG. MANUEL GIRONA, 7","PG. MANUEL GIRONA, 7","8034.0","26","0801905017","Sarrià","11","5","153.7559131764807","0","0","515.6665369438066","6","3","407.9639007491054","148","256.11066277595415","27.596514608006288","88.5","","ELECTRICBIKESTATION","04-LesCorts/23-Sarrià","True","304","1000","1774994105","98221","34765","772","672","204","156","171","188","219","182","198","1444","44","441","791","121.5","199","513","35","350","1444","740.77","505.4","50.54","2.8","","POINT (426512.277789 4582467.147036)"
"305","AV. DIAGONAL, 680","AV. DIAGONAL, 680","8034.0","27","0801904052","Pedralbes","93","44","91.57905335345805","2","1","214.93548544044612","18","3","197.34317325701966","143","1307.590614628803","11.86463869002584","80.0","","ELECTRICBIKESTATION","04-LesCorts/21-Pedralbes","True","305","1000","1774994105","98221","34765","1134","922","282","233","166","298","295","227","394","2056","75","729","1076","137.4","341","568","56","284","2056","1167.81","583.9","115.14","2.4","","POINT (426735.989032 4582148.412213)"
"306","C/ DOCTOR SALVADOR CARDENAL, 1-5","C/ DOCTOR SALVADOR CARDENAL, 1-5","8028.0","30","0801904049","la Maternitat i Sant Ramon","35","20","30.558776390037217","4","1","396.31605807112294","18","3","181.44635602603958","116","1576.1775068755449","39.77155380130239","70.77142857142857","","ELECTRICBIKESTATION","04-LesCorts/20-la Maternitat i Sant Ramon","True","306","1000","1774994105","82214","31161","601","507","133","147","122","165","136","136","162","1108","38","381","653","115.8","351","470","105","228","1108","520.76","252.62","116.34","5.0","","POINT (426664.930313 4581911.204956)"
"307","C/ PINTOR RIBALTA | AV. XILE","C/ PINTOR RIBALTA | AV. XILE","8028.0","32","0801904043","la Maternitat i Sant Ramon","8","6","245.429210656778","2","1","386.22549689301223","12","3","200.5427548564541","124","992.5714297041765","15.637412512687845","65.82051282051282","","ELECTRICBIKESTATION","04-LesCorts/20-la Maternitat i Sant Ramon","True","307","1000","1774994105","55668","23558","827","703","123","155","161","200","192","250","335","1530","172","570","714","93.5","194","409","27","165","1530","625.77","252.45","41.31","5.0","","POINT (425879.434602 4581232.120869)"
"308","C/ CARDENAL REIG, 11","C/ CARDENAL REIG, 11","8028.0","27","0801904046","la Maternitat i Sant Ramon","21","9","61.5567422800804","2","1","195.45117082522344","12","3","263.40043890194727","118","714.7219655625137","31.53494561594196","66.63636363636364","","ELECTRICBIKESTATION","04-LesCorts/20-la Maternitat i Sant Ramon","True","308","1000","1774994105","63304","25273","1211","1110","229","211","262","303","266","349","528","2321","183","859","1075","99.7","262","430","28","215","2321","998.03","499.02","64.99","5.0","","POINT (425914.102139 4580969.890789)"
"309","C/ SANT RAMON NONAT,  26","C/ SANT RAMON NONAT,  26","8028.0","22","0801904044","la Maternitat i Sant Ramon","25","10","87.96377803126622","2","1","431.3264380273959","6","3","447.836290493306","109","31.19451177396909","275.64830845263066","58.256410256410255","","ELECTRICBIKESTATION","04-LesCorts/20-la Maternitat i Sant Ramon","True","309","1000","1774994105","44138","18188","797","727","117","196","222","221","195","241","214","1524","187","721","514","67.8","326","316","45","160","1524","481.58","243.84","68.58","5.0","","POINT (426161.308227 4580987.342343)"
"31","PL. DEL MAR","PL. DEL MAR","8003.0","18","0801901032","la Barceloneta","8","3","90.16729472772182","0","0","854.4946443750266","0","0","1444.7121956991728","94","422.58063576020317","75.61628407179879","7.486486486486487","","ELECTRICBIKESTATION","01-CiutatVella/03-la Barceloneta","True","31","1000","1774994105","30477","15532","797","840","57","276","445","261","237","137","163","1637","261","726","656","46.4","823","260","83","219","1637","425.62","358.5","135.87","7.4","","POINT (432173.213062 4580682.126979)"
"310","C/ JOSEP SAMITIER | AV. JOAN XXIII","C/ JOSEP SAMITIER | AV. JOAN XXIII","8028.0","27","0801904049","la Maternitat i Sant Ramon","4","4","48.05899663577571","0","0","518.9050961578255","6","3","356.68098759693174","48","1082.495656610942","17.73304168620412","53.94736842105263","","ELECTRICBIKESTATION","04-LesCorts/20-la Maternitat i Sant Ramon","True","310","1000","1774994105","82214","31161","601","507","133","147","122","165","136","136","162","1108","38","381","653","115.8","351","470","105","228","1108","520.76","252.62","116.34","5.0","","POINT (426341.935961 4581450.853158)"
"311","C/ GALLEGO, 2","C/ GALLEGO, 2","8028.0","24","0801904043","la Maternitat i Sant Ramon","29","15","87.07386271320574","0","0","679.8904332793009","0","0","509.90832337756154","70","823.2152123814947","31.912551923954574","50.516129032258064","","ELECTRICBIKESTATION","04-LesCorts/20-la Maternitat i Sant Ramon","True","311","1000","1774994105","55668","23558","827","703","123","155","161","200","192","250","335","1530","172","570","714","93.5","194","409","27","165","1530","625.77","252.45","41.31","5.0","","POINT (426436.147495 4581155.888842)"
"312","C/ ARIZALA, 77","C/ ARIZALA, 77","8028.0","36","0801904039","la Maternitat i Sant Ramon","22","14","49.86832589735978","0","0","501.30049006158174","0","0","733.661535324065","107","382.70777044107496","186.88011929471804","50.23684210526316","","ELECTRICBIKESTATION","04-LesCorts/20-la Maternitat i Sant Ramon","True","312","1000","1774994105","44514","19023","572","504","102","110","182","173","149","136","130","1076","124","470","424","74.1","209","339","31","184","1076","364.76","197.98","33.36","5.0","","POINT (426691.999402 4581191.379531)"
"313","C/ FELIU DE CASANOVA, 1","C/ FELIU DE CASANOVA, 1","8028.0","29","0801903073","Sants - Badal","25","6","59.72370275953483","5","2","204.93556238601468","0","0","1379.2715494429342","224","0.0","364.8408785429425","40.13513513513514","","ELECTRICBIKESTATION","03-Sants-Montjuïc/17-Sants - Badal","True","313","1000","1774994105","39954","17174","774","732","113","166","278","217","196","255","183","1506","259","729","455","68.3","307","254","24","118","1506","382.52","177.71","36.14","4.6","","POINT (427229.839893 4580798.765414)"
"314","RAMBLA DEL BRASIL, 44","RAMBLA DEL BRASIL, 44","8028.0","24","0801903093","Sants","12","5","90.45455301192202","3","1","363.9419588848726","0","0","1104.4811475241984","144","158.89667139225259","141.57636695416733","47.58974358974359","","ELECTRICBIKESTATION","03-Sants-Montjuïc/18-Sants","True","314","1000","1774994105","44019","18653","755","647","114","169","188","199","216","232","200","1402","205","660","456","69.9","202","307","25","167","1402","430.41","234.13","35.05","4.6","","POINT (427228.710668 4581119.41916)"
"315","C/ DEL GUINARDÓ, 32-38","C/ DEL GUINARDÓ, 32-38","8041.0","27","0801910005","el Camp de l'Arpa del Clot","27","11","49.506928002809644","4","2","123.92525308738122","0","0","1290.5904125385257","131","2562.643754884576","24.878999063055456","50.61764705882353","","ELECTRICBIKESTATION","10-SantMartí/64-el Camp de l'Arpa del Clot","True","315","1000","1774994105","41476","17870","832","711","107","165","243","240","187","259","236","1543","238","756","478","74.5","290","317","26","154","1543","489.13","237.62","40.12","5.9","","POINT (431620.871735 4585220.431369)"
"316","C/ CANTÀBRIA, 55","C/ CANTÀBRIA, 55","8020.0","26","0801910134","la Verneda i la Pau","6","3","58.662444035918185","2","1","437.5786383650389","0","0","860.0404899553087","86","1295.5823111527443","19.75057749098293","21.83783783783784","","ELECTRICBIKESTATION","10-SantMartí/73-la Verneda i la Pau","True","316","1000","1774994105","30670","13695","769","638","130","159","190","239","245","115","219","1407","338","793","292","61.7","318","240","28","103","1407","337.68","144.92","39.4","6.2","","POINT (432988.672006 4585959.634375)"
"318","C/ CASTILLEJOS, 388","C/ CASTILLEJOS, 388","8025.0","32","0801907012","el Baix Guinardó","20","7","120.60571872070885","5","2","425.8351295105077","0","0","1391.2708864584208","143","827.9658077477014","157.71301389443258","90.37142857142857","","ELECTRICBIKESTATION","07-Horta-Guinardó/33-el Baix Guinardó","True","318","1000","1774994105","37594","16813","798","681","107","157","260","267","166","180","215","1479","188","671","527","63.7","346","258","21","162","1479","381.58","239.6","31.06","5.2","","POINT (430681.828191 4584873.904011)"
"319","C/ SAGUÉS, 1","C/ SAGUÉS, 1","8021.0","31","0801905061","Sant Gervasi - Galvany","51","26","34.104837762972416","0","0","588.9294444103073","6","3","255.60721145906058","281","1995.7328053709236","67.56422015917643","71.33333333333333","","ELECTRICBIKESTATION","05-Sarrià-StGervasi/26-Sant Gervasi - Galvany","True","319","1000","1774994105","54826","26184","779","619","86","200","256","201","211","184","161","1398","81","555","682","83.0","368","361","73","297","1398","504.68","415.21","102.05","3.2","","POINT (428564.454224 4582819.834129)"
"32","LA BARCELONETA (CN BARCELONETA)","LA BARCELONETA (CN BARCELONETA)","8003.0","35","0801901032","la Barceloneta","8","3","57.512074641124464","0","0","971.8251819265588","0","0","1565.819591272061","71","422.9316264937992","34.053081953089595","6.852941176470588","","ELECTRICBIKESTATION","01-CiutatVella/03-la Barceloneta","True","32","1000","1774994105","30477","15532","797","840","57","276","445","261","237","137","163","1637","261","726","656","46.4","823","260","83","219","1637","425.62","358.5","135.87","7.4","","POINT (432174.026172 4580558.98946)"
"320","C/ MADRAZO, 39","C/ MADRAZO, 39","8006.0","27","0801905071","Sant Gervasi - Galvany","28","10","121.11070809069379","9","3","182.64194862485311","0","0","1024.6677066083748","285","1387.2443562121978","83.08647768896171","83.42105263157895","","ELECTRICBIKESTATION","05-Sarrià-StGervasi/26-Sant Gervasi - Galvany","True","320","1000","1774994105","54842","23788","844","714","146","205","248","262","224","175","166","1558","83","584","935","94.0","569","341","45","240","1558","531.28","373.92","70.11","3.2","","POINT (428876.065797 4583545.520444)"
"321","C/ SANT HERMENEGILD, 30","C/ SANT HERMENEGILD, 30","8006.0","27","0801905087","el Putxet i el Farró","11","5","34.50255926097351","6","2","129.36491289799957","0","0","1217.1937627986708","93","116.92578824443085","287.7970186987093","97.43589743589743","","ELECTRICBIKESTATION","05-Sarrià-StGervasi/27-el Putxet i el Farró","True","321","1000","1774994105","54351","23720","828","691","145","208","249","212","210","173","190","1519","74","580","798","97.3","353","307","22","268","1519","466.33","407.09","33.42","4.2","","POINT (428498.034131 4583865.44448)"
"322","C/ SANTALÓ, 165","C/ SANTALÓ, 165","8021.0","23","0801905052","Sant Gervasi - Galvany","20","5","25.49959270496862","5","2","411.3577169576382","0","0","1025.3837231326017","58","0.0","337.4570637548837","121.43243243243244","","ELECTRICBIKESTATION","05-Sarrià-StGervasi/26-Sant Gervasi - Galvany","True","322","1000","1774994105","98221","34765","754","618","188","196","139","149","210","170","204","1372","67","459","658","158.0","178","420","26","307","1372","576.24","421.2","35.67","3.2","","POINT (428022.079468 4583620.020898)"
"323","C/ VALLMAJOR, 13","C/ VALLMAJOR, 13","8021.0","27","0801905052","Sant Gervasi - Galvany","13","5","65.67057299670869","3","1","215.0059666845311","0","0","757.936033042412","40","1523.9350729645876","33.84096469464604","103.61111111111111","","ELECTRICBIKESTATION","05-Sarrià-StGervasi/26-Sant Gervasi - Galvany","True","323","1000","1774994105","98221","34765","754","618","188","196","139","149","210","170","204","1372","67","459","658","158.0","178","420","26","307","1372","576.24","421.2","35.67","3.2","","POINT (427998.317961 4583316.213149)"
"324","C/ REINA VICTORIA, 31","C/ REINA VICTORIA, 31","8021.0","27","0801905054","Sant Gervasi - Galvany","16","7","93.9450527041045","3","1","91.95071250494921","0","0","713.1826895891419","20","2130.787348039523","28.84570963430724","94.73684210526316","","ELECTRICBIKESTATION","05-Sarrià-StGervasi/26-Sant Gervasi - Galvany","True","324","1000","1774994105","98221","34765","544","443","116","150","88","109","170","135","132","987","50","367","444","234.3","145","545","39","381","987","537.92","376.05","38.49","3.2","","POINT (427802.539422 4583183.138847)"
"325","C/ ALT DE GIRONELLA, 13","C/ ALT DE GIRONELLA, 13","8017.0","23","0801905022","les Tres Torres","18","5","206.03369511730844","2","1","313.01288699376136","0","0","637.0917864739881","52","331.44094693165806","243.46150155440824","93.91891891891892","","ELECTRICBIKESTATION","05-Sarrià-StGervasi/24-les Tres Torres","True","325","1000","1774994105","98221","34765","821","731","171","182","200","207","200","183","237","1552","85","488","837","113.9","207","456","27","295","1552","707.71","457.84","41.9","3.3","","POINT (427293.02345 4582967.796998)"
"326","C/ BALMES, 409","C/ BALMES, 409","8022.0","32","0801905035","Sant Gervasi - la Bonanova","10","3","79.5680445641706","3","1","198.09080055011245","0","0","1737.183763834421","79","0.0","685.062605897922","129.02702702702703","","ELECTRICBIKESTATION","05-Sarrià-StGervasi/25-Sant Gervasi - la Bonanova","True","326","1000","1774994105","98221","34765","503","478","143","109","82","97","145","128","230","981","43","362","529","153.7","116","479","31","328","981","469.9","321.77","30.41","3.3","","POINT (427961.305888 4584343.773999)"
"327","C/ REUS, 23","C/ REUS, 23","8022.0","24","0801905043","Sant Gervasi - la Bonanova","16","7","84.92800224857322","2","1","387.7865169900621","0","0","1588.6330196705783","128","0.0","353.1990431525883","130.76315789473685","","ELECTRICBIKESTATION","05-Sarrià-StGervasi/25-Sant Gervasi - la Bonanova","True","327","1000","1774994105","55005","23574","753","623","148","192","207","173","221","148","168","1376","59","510","712","83.5","299","300","27","260","1376","412.8","357.76","37.15","3.3","","POINT (427665.772079 4584079.615711)"
"328","C/ ARTESA DE SEGRE, 2","C/ ARTESA DE SEGRE, 2","8022.0","27","0801905044","Sant Gervasi - la Bonanova","24","7","36.6842770503369","2","1","498.7111479889969","0","0","1394.4970044769493","108","382.8709714577536","230.86954321689856","120.05405405405405","","ELECTRICBIKESTATION","05-Sarrià-StGervasi/25-Sant Gervasi - la Bonanova","True","328","1000","1774994105","59313","24686","658","560","118","169","174","199","155","141","123","1218","65","453","588","95.1","248","307","24","275","1218","373.93","334.95","29.23","3.3","","POINT (427652.33991 4583855.53594)"
"329","C/ DE LES ESCOLES PIES, 99","C/ DE LES ESCOLES PIES, 99","8017.0","27","0801905030","les Tres Torres","11","7","66.5336852995397","0","0","550.0852280344728","0","0","1542.8021178707188","85","212.89906730809227","207.97415763416322","130.54285714285714","","ELECTRICBIKESTATION","05-Sarrià-StGervasi/24-les Tres Torres","True","329","1000","1774994105","98221","34765","706","614","232","162","112","181","197","139","170","1320","44","418","663","163.3","102","468","23","352","1320","617.76","464.64","30.36","3.3","","POINT (427143.922786 4583861.577333)"
"33","C/ PONTEVEDRA, 58B | C/ JUDICI","C/ PONTEVEDRA, 58B | C/ JUDICI","8003.0","21","0801901032","la Barceloneta","29","8","165.1814612047258","0","0","722.4802547326258","0","0","1198.645282122104","133","434.25416447583655","168.5395984405946","7.542857142857143","","ELECTRICBIKESTATION","01-CiutatVella/03-la Barceloneta","True","33","1000","1774994105","30477","15532","797","840","57","276","445","261","237","137","163","1637","261","726","656","46.4","823","260","83","219","1637","425.62","358.5","135.87","7.4","","POINT (432322.987281 4580909.433266)"
"330","C/ PAU ALCOVER, 94","C/ PAU ALCOVER, 94","8017.0","27","0801905026","les Tres Torres","14","6","143.2593549884924","2","1","462.75023754947966","0","0","1328.6272439202935","95","532.2350842945771","43.50278599151606","121.64102564102564","","ELECTRICBIKESTATION","05-Sarrià-StGervasi/24-les Tres Torres","True","330","1000","1774994105","98221","34765","703","658","200","180","110","197","227","130","174","1361","59","446","650","150.9","123","472","26","360","1361","642.39","489.96","35.39","3.3","","POINT (427404.933783 4583735.323886)"
"331","C/ CASTELLNOU, 65","C/ CASTELLNOU, 65","8017.0","31","0801905023","les Tres Torres","15","5","76.81308724957688","8","2","255.22052168641494","0","0","917.1508561586196","73","1424.0413457135805","42.81666642665577","107.34285714285714","","ELECTRICBIKESTATION","05-Sarrià-StGervasi/24-les Tres Torres","True","331","1000","1774994105","55164","22821","753","621","153","147","205","211","178","142","189","1374","76","508","661","86.5","238","375","33","224","1374","515.25","307.78","45.34","3.3","","POINT (427100.021679 4583201.745311)"
"332","C/ DOCTOR ROUX, 86","C/ DOCTOR ROUX, 86","8017.0","27","0801905027","les Tres Torres","9","4","183.65688223624142","8","2","266.6626038461995","0","0","1211.2864185709163","62","989.7495971950827","227.80031190896221","114.15789473684211","","ELECTRICBIKESTATION","05-Sarrià-StGervasi/24-les Tres Torres","True","332","1000","1774994105","98221","34765","688","620","208","180","99","181","200","133","173","1308","55","425","661","162.3","148","497","19","305","1308","650.08","398.94","24.85","3.3","","POINT (427124.211531 4583517.759926)"
"333","PASSATGE DE SENILLOSA, 3-5","PASSATGE DE SENILLOSA, 3-5","8034.0","27","0801905015","Sarrià","16","5","49.881755379233496","6","2","335.59539200380675","0","0","840.4744780163393","97","389.49185983211174","134.9715340200307","107.23076923076923","","ELECTRICBIKESTATION","05-Sarrià-StGervasi/23-Sarrià","True","333","1000","1774994105","68824","26270","782","679","222","139","174","233","194","159","160","1461","80","502","685","93.5","248","335","16","231","1461","489.44","337.49","23.38","2.8","","POINT (426856.175708 4583029.064945)"
"334","PG. BONANOVA, 100","PG. BONANOVA, 100","8017.0","26","0801905008","Sarrià","26","9","49.44963634521794","8","2","339.0095080910456","0","0","1454.0380083774803","105","833.7980875956122","14.402725103725189","128.0","","ELECTRICBIKESTATION","05-Sarrià-StGervasi/23-Sarrià","True","334","1000","1774994105","97195","34765","832","746","224","174","171","261","234","150","180","1578","103","520","760","98.2","259","355","36","247","1578","560.19","389.77","56.81","2.8","","POINT (426681.910165 4583621.5854)"
"335","C/ SANTA AMÈLIA, 2","C/ SANTA AMÈLIA, 2","8034.0","27","0801905017","Sarrià","15","4","44.19659165551189","0","0","584.1476375933527","0","0","678.1663598397829","78","0.0","376.5639273721487","100.6842105263158","","ELECTRICBIKESTATION","05-Sarrià-StGervasi/23-Sarrià","True","335","1000","1774994105","98221","34765","772","672","204","156","171","188","219","182","198","1444","44","441","791","121.5","199","513","35","350","1444","740.77","505.4","50.54","2.8","","POINT (426693.298955 4582815.668427)"
"336","AV. JOSEP VICENÇ FOIX, 52","AV. JOSEP VICENÇ FOIX, 52","8034.0","23","0801905006","Sarrià","10","3","85.66305742228151","2","1","449.1760899146776","0","0","908.485549118021","59","0.0","379.7201113163218","110.13157894736842","","ELECTRICBIKESTATION","05-Sarrià-StGervasi/23-Sarrià","True","336","1000","1774994105","98221","34765","863","852","302","231","119","248","270","183","196","1715","132","590","808","146.6","378","493","29","304","1715","845.5","521.36","49.74","2.8","","POINT (426478.837073 4582966.800199)"
"337","C/ CARME KARR, 12-14","C/ CARME KARR, 12-14","8034.0","23","0801905010","Sarrià","26","7","86.25964295880081","8","2","120.87404041277257","0","0","1283.7858404997885","109","230.3723954108247","281.39722172394875","126.35135135135135","","ELECTRICBIKESTATION","05-Sarrià-StGervasi/23-Sarrià","True","337","1000","1774994105","62171","24335","751","682","196","142","122","279","182","143","207","1433","72","500","676","82.9","241","336","42","248","1433","481.49","355.38","60.19","2.8","","POINT (426479.272591 4583382.792883)"
"338","AV. JOSEP VICENÇ FOIX, 63","AV. JOSEP VICENÇ FOIX, 63","8034.0","36","0801905006","Sarrià","25","6","50.285747960756055","2","1","120.51100790813152","0","0","1231.4339378374434","94","0.0","411.6599505162034","120.94871794871794","","ELECTRICBIKESTATION","05-Sarrià-StGervasi/23-Sarrià","True","338","1000","1774994105","98221","34765","863","852","302","231","119","248","270","183","196","1715","132","590","808","146.6","378","493","29","304","1715","845.5","521.36","49.74","2.8","","POINT (426391.451753 4583283.635531)"
"339","C/ RAMON TURRÓ, 246","C/ RAMON TURRÓ, 246","8005.0","27","0801910071","el Poblenou","14","11","163.49727664203488","1","1","277.44684609312344","0","0","669.9668307206656","251","1635.1906700271502","1.784796342250311","10.105263157894736","","ELECTRICBIKESTATION","10-SantMartí/68-el Poblenou","True","339","1000","1774994105","50486","20015","894","855","172","199","222","260","313","272","167","1749","210","791","574","80.5","278","329","33","153","1749","575.42","267.6","57.72","5.2","","POINT (433578.385191 4583656.680476)"
"34","C/ SANT PERE MÉS ALT, 4","C/ SANT PERE MÉS ALT, 4","8003.0","21","0801901050","Sant Pere, Santa Caterina i la Ribera","35","22","71.51640737207177","21","3","103.34431490884499","0","0","1155.352145851958","383","1018.7121883696063","40.65779910618763","28.105263157894736","","ELECTRICBIKESTATION","01-CiutatVella/04-Sant Pere, Santa Caterina i la Ribera","True","34","1000","1774994105","30410","13534","761","771","89","317","392","232","169","132","123","1532","172","613","683","70.3","857","156","20","112","1532","238.99","171.58","30.64","","","POINT (431051.590457 4582059.22461)"
"340","C/ SANT ADRIÀ, 113","C/ SANT ADRIÀ, 113","8030.0","24","0801909010","el Bon Pastor","16","6","35.74221530498424","1","1","15.012768718465294","0","0","1829.4979443510376","67","73.96687811243841","273.69927691175366","21.47222222222222","","ELECTRICBIKESTATION","09-SantAndreu/59-el Bon Pastor","True","340","1000","1774994105","32710","13544","877","858","169","211","182","264","273","259","250","1735","484","910","189","76.5","209","333","54","102","1735","577.76","176.97","93.69","4.9","","POINT (433556.971329 4587484.000303)"
"341","PG. D'ENRIC SANCHIS, 33","PG. D'ENRIC SANCHIS, 33","8030.0","27","0801909014","el Bon Pastor","14","7","39.84917387839277","1","1","266.2681360570758","0","0","1558.3871361388283","56","0.0","315.55839086210193","18.363636363636363","","ELECTRICBIKESTATION","09-SantAndreu/59-el Bon Pastor","True","341","1000","1774994105","29576","11570","1309","1621","249","528","551","504","424","226","237","2930","1013","2678","547","58.0","3045","118","28","42","2930","345.74","123.06","82.04","4.9","","POINT (433681.73017 4587232.263774)"
"342","C/ ROC BORONAT, 134","C/ ROC BORONAT, 134","8018.0","43","0801910042","el Parc i la Llacuna del Poblenou","22","11","76.77698675724297","1","1","446.1121562942457","4","1","203.35142500681874","189","1555.086728059861","133.22482994967064","9.578947368421053","","ELECTRICBIKESTATION","10-SantMartí/66-el Parc i la Llacuna del Poblenou","True","342","1000","1774994105","38142","15637","1618","1506","267","250","563","798","348","185","261","3124","388","1315","1176","74.6","1046","262","79","103","3124","818.49","321.77","246.8","5.3","","POINT (432600.40087 4583864.268938)"
"343","CAMPANA DE LA MAQUINISTA (SAO PAULO I P","CAMPANA DE LA MAQUINISTA (SAO PAULO I PL. DE","8030.0","27","0801909008","el Bon Pastor","17","7","35.487704144167296","0","0","539.8344663578027","0","0","2252.019173339902","90","583.6607773576927","67.06854185070448","20.894736842105264","","ELECTRICBIKESTATION","09-SantAndreu/59-el Bon Pastor","True","343","1000","1774994105","53554","19072","924","933","403","123","141","516","306","91","72","1857","112","784","559","81.5","141","400","27","126","1857","742.8","233.98","50.14","4.9","","POINT (433134.930953 4587796.849562)"
"344","C/ CIUTAT D'ASUNCIÓN, 73 / POTOSÍ","C/ CIUTAT D'ASUNCIÓN, 73 / POTOSÍ","8030.0","27","0801909007","Baró de Viver","17","5","145.60424986857026","0","0","746.3854563663721","0","0","2689.3724123248435","90","537.2700564940087","12.474634625319004","21.394736842105264","","ELECTRICBIKESTATION","09-SantAndreu/58-Baró de Viver","True","344","1000","1774994105","26095","10426","663","627","142","165","164","245","191","144","99","1290","376","628","95","66.9","244","282","50","121","1290","363.78","156.09","64.5","5.9","","POINT (433138.105636 4588261.276194)"
"345","PL. TERESA DE CLARAMUNT/C/ DELS FERROCA","PL. TERESA DE CLARAMUNT/C/ DELS FERROCARILS","8038.0","32","0801903037","la Marina de Port","30","8","93.64511937789588","2","1","306.2213546638278","0","0","2851.3478623944666","108","1561.0787699224943","205.15506643879348","28.92105263157895","","ELECTRICBIKESTATION","03-Sants-Montjuïc/13-la Marina de Port","True","345","1000","1774994105","40350","16232","498","464","84","141","109","98","213","185","91","962","166","569","178","63.7","121","343","39","134","962","329.97","128.91","37.52","7.2","","POINT (428056.686898 4579423.497709)"
"346","PG. ZONA FRANCA, 182","PG. ZONA FRANCA, 182","8038.0","36","0801903035","la Marina de Port","26","7","84.10612806690226","2","1","39.70776700902638","0","0","2934.1281531475925","182","1193.066701666643","18.44149473556847","19.102564102564102","","ELECTRICBIKESTATION","03-Sants-Montjuïc/13-la Marina de Port","True","346","1000","1774994105","39118","15421","1102","1033","158","260","248","314","300","386","329","2135","558","1125","376","82.7","420","314","35","166","2135","670.39","354.41","74.73","7.2","","POINT (427978.765496 4579167.949565)"
"347","C/ ALTS FORNS, 77","C/ ALTS FORNS, 77","8038.0","32","0801903034","la Marina de Port","29","9","61.65400504076711","4","1","276.474371415298","0","0","3207.9070297510166","159","986.3333583612397","158.9870795244467","20.941176470588236","","ELECTRICBIKESTATION","03-Sants-Montjuïc/13-la Marina de Port","True","347","1000","1774994105","35738","14373","747","688","116","188","191","200","230","260","152","1435","356","768","223","76.0","295","321","59","172","1435","460.64","246.82","84.66","7.2","","POINT (428215.396899 4579026.861553)"
"348","JARDINS DE CAN FERRERO/PG.DE LA ZONA FR","JARDINS DE CAN FERRERO/PG.DE LA ZONA FRANCA","8038.0","33","0801903031","la Marina de Port","33","9","22.86555822556587","4","1","145.07441867889375","0","0","3364.9099121795616","89","1216.96089867195","10.72802422235782","13.666666666666666","","ELECTRICBIKESTATION","03-Sants-Montjuïc/13-la Marina de Port","True","348","1000","1774994105","34605","14441","1166","1112","234","241","260","323","358","390","313","2278","586","1172","311","77.2","304","326","40","152","2278","742.63","346.26","91.12","7.2","","POINT (428194.811446 4578751.558223)"
"349","C/ DE L'ENERGIA, 2 / ALTS FORNS","C/ DE L'ENERGIA, 2 / ALTS FORNS","8038.0","32","0801903029","la Marina de Port","2","1","218.07057661445597","4","1","372.10342207882826","0","0","3075.281532629611","41","347.1897998402645","273.9765523750181","11.81081081081081","","ELECTRICBIKESTATION","03-Sants-Montjuïc/13-la Marina de Port","True","349","1000","1774994105","34892","13990","581","585","109","148","164","181","225","173","72","1166","314","636","190","77.3","176","259","27","122","1166","301.99","142.25","31.48","7.2","","POINT (427830.114291 4578784.245459)"
"35","C/ SANT RAMON DE PENYAFORT, 1","C/ SANT RAMON DE PENYAFORT, 1","8930.0","54","0801910081","el Besòs i el Maresme","6","4","115.68885518096927","2","1","384.7511299646101","2","1","195.3525110777119","25","1162.2428295178377","38.638784850227296","7.409090909090909","","ELECTRICBIKESTATION","10-SantMartí/70-el Besòs i el Maresme","True","35","1000","1774994105","33850","13150","1020","1060","220","281","336","374","306","198","177","2080","445","1022","444","75.0","812","237","25","94","2080","492.96","195.52","52.0","6.3","","POINT (434869.990236 4584952.288077)"
"350","C/ LONDRES, 63","C/ LONDRES, 63","8036.0","31","0801902107","l'Antiga Esquerra de l'Eixample","45","20","66.51243860882636","2","1","421.52043789483304","6","3","427.3219436368732","282","2628.350609335743","7.84328689732778","61.86842105263158","","ELECTRICBIKESTATION","02-Eixample/08-l'Antiga Esquerra de l'Eixample","True","350","1000","1774994105","55974","24473","828","704","149","172","233","219","220","179","243","1532","99","569","780","104.1","320","323","32","211","1532","494.84","323.25","49.02","4.2","","POINT (428795.431914 4582597.122144)"
"351","C/ JANE ADDAMS, 26/ CRTA. DEL PRAT","C/ JANE ADDAMS, 26/ CRTA. DEL PRAT","8038.0","33","0801903028","la Marina de Port","44","21","109.7757308429525","2","1","316.5189154548752","0","0","2624.714851450216","77","1461.7245429538384","134.87959912442435","15.035714285714286","","ELECTRICBIKESTATION","03-Sants-Montjuïc/13-la Marina de Port","True","351","1000","1774994105","42402","17225","1291","1266","365","270","288","497","445","202","229","2557","374","1096","764","79.6","595","278","32","131","2557","710.85","334.97","81.82","7.2","","POINT (427703.18333 4579317.827575)"
"352","C/RADI,10/GRAN VIA DE LES CORTS CATALA","C/RADI,10/GRAN VIA DE LES CORTS CATALANES","8038.0","28","0801903028","la Marina de Port","52","21","52.09116360500001","2","1","491.4840183392059","0","0","2449.6099287642983","50","1290.6241742575946","124.35696721835143","16.294117647058822","","ELECTRICBIKESTATION","03-Sants-Montjuïc/13-la Marina de Port","True","352","1000","1774994105","42402","17225","1291","1266","365","270","288","497","445","202","229","2557","374","1096","764","79.6","595","278","32","131","2557","710.85","334.97","81.82","7.2","","POINT (427582.340908 4579447.36094)"
"353","C/ MUNNÉ  2-6","C/ MUNNÉ  2-6","8028.0","31","0801903080","Sants - Badal","19","11","41.79294756483272","3","1","342.0673852567132","0","0","916.5440091074618","155","556.1087570505957","30.310623605372125","50.80769230769231","","ELECTRICBIKESTATION","03-Sants-Montjuïc/17-Sants - Badal","True","353","1000","1774994105","37495","16015","794","646","102","192","219","216","205","202","204","1440","284","730","404","69.0","329","278","15","119","1440","400.32","171.36","21.6","4.6","","POINT (426683.967481 4580803.289471)"
"354","RAMBLA DEL BRASIL, 5","RAMBLA DEL BRASIL, 5","8028.0","27","0801903083","Sants - Badal","25","6","94.20072247734825","6","2","222.53581454484043","0","0","1364.4419082035588","214","0.0","364.06362941628777","41.12820512820513","","ELECTRICBIKESTATION","03-Sants-Montjuïc/17-Sants - Badal","True","354","1000","1774994105","40096","17304","684","618","70","153","215","208","151","221","185","1302","193","614","420","71.4","256","292","26","134","1302","380.18","174.47","33.85","4.6","","POINT (427244.772679 4580856.695078)"
"355","C/ RIERA BLANCA, 123","C/ RIERA BLANCA, 123","8028.0","27","0801903072","Sants - Badal","3","2","39.615456456568296","4","2","458.16538408494995","0","0","1495.8854634924853","76","0.0","492.4377694486024","35.95","","ELECTRICBIKESTATION","03-Sants-Montjuïc/17-Sants - Badal","True","355","1000","1774994105","32837","14622","665","612","102","160","208","219","170","175","149","1277","251","598","360","59.6","306","222","19","117","1277","283.49","149.41","24.26","4.6","","POINT (427064.164889 4580360.775677)"
"356","C/ CAMÈLIES, 73","C/ CAMÈLIES, 73","8024.0","35","0801907019","el Baix Guinardó","41","11","42.959900843124316","3","1","252.07871599345455","0","0","1701.9995047025957","120","1198.7044188008028","11.573101316583603","118.6842105263158","","ELECTRICBIKESTATION","07-Horta-Guinardó/33-el Baix Guinardó","True","356","1000","1774994105","42863","17923","723","697","126","161","216","253","187","166","206","1420","149","718","538","75.8","341","261","20","190","1420","370.62","269.8","28.4","5.2","","POINT (430056.873096 4584993.531959)"
"357","C/ CARDENER, 59","C/ CARDENER, 59","8024.0","27","0801906026","la Salut","27","7","113.59049771171006","0","0","642.3312824728174","0","0","1561.2961960850112","90","287.69858144068866","12.594286403147299","102.72972972972973","","ELECTRICBIKESTATION","06-Gràcia/31-la Vila de Gràcia","True","357","1000","1774994105","46812","21054","532","450","77","116","185","152","111","108","164","982","90","422","462","80.7","246","247","13","155","982","242.55","152.21","12.77","5.2","","POINT (429626.598794 4584680.746576)"
"358","C/ GOMBAU, 24","C/ GOMBAU, 24","8003.0","26","0801901048","Sant Pere, Santa Caterina i la Ribera","11","7","7.136064662464024","4","2","363.97663087651716","0","0","837.6846128832328","374","352.895407311874","212.08180600698321","19.18421052631579","","ELECTRICBIKESTATION","01-CiutatVella/04-Sant Pere, Santa Caterina i la Ribera","True","358","1000","1774994105","25955","11647","1016","1019","162","362","444","385","263","132","137","2035","370","827","664","62.4","1009","144","25","113","2035","293.04","229.96","50.88","","","POINT (431383.417134 4582071.152018)"
"359","C/ MÉNDEZ NÚÑEZ, 16","C/ MÉNDEZ NÚÑEZ, 16","8003.0","26","0801901052","Sant Pere, Santa Caterina i la Ribera","56","26","60.071931874635766","11","3","213.06220467763438","0","0","898.6524674676652","282","1424.5151717240549","10.313268171212988","29.83783783783784","","ELECTRICBIKESTATION","01-CiutatVella/04-Sant Pere, Santa Caterina i la Ribera","True","359","1000","1774994105","44209","19034","1184","1244","211","448","507","421","320","201","172","2428","193","791","1162","106.5","1072","243","39","153","2428","590.0","371.48","94.69","","","POINT (431240.557215 4582384.574131)"
"36","AV. DE LA CATEDRAL, 6","AV. DE LA CATEDRAL, 6","8002.0","21","0801901025","el Barri Gòtic","21","8","59.73465539042256","3","1","201.87665515426278","0","0","1141.5248044542313","553","593.8998343824585","40.39570425252382","26.974358974358974","","ELECTRICBIKESTATION","01-CiutatVella/02-el Barri Gòtic","True","36","1000","1774994105","33298","14845","612","644","71","301","328","183","143","101","68","1256","97","553","625","84.3","752","1219","908","473","1256","1531.06","594.09","1140.45","4.3","","POINT (431162.052952 4581830.976731)"
"360","C/ BAILÉN, 62","C/ BAILÉN, 62","8009.0","30","0801902069","la Dreta de l'Eixample","54","20","139.43320095330012","3","2","173.0234701837055","0","0","553.528224659692","307","2714.4643974671844","25.493543794831535","37.68421052631579","","ELECTRICBIKESTATION","02-Eixample/07-la Dreta de l'Eixample","True","360","1000","1774994105","51046","22385","702","594","119","176","199","208","166","170","156","1296","100","456","697","100.5","372","304","22","175","1296","393.98","226.8","28.51","4.2","","POINT (430865.069628 4582965.30812)"
"361","PG. DE COLOM (LES RAMBLES)","PG. DE COLOM (LES RAMBLES)","8039.0","33","0801901030","el Barri Gòtic","26","7","29.52994381206552","3","1","252.66642251148576","0","0","1647.3891308594768","100","1830.0628784803996","5.307809269099214","9.580645161290322","","ELECTRICBIKESTATION","01-CiutatVella/02-el Barri Gòtic","True","361","1000","1774994105","31201","12469","1172","1237","165","510","497","388","302","205","198","2409","393","1028","839","93.6","1264","192","60","220","2409","462.53","529.98","144.54","4.3","","POINT (431330.875528 4580881.01562)"
"362","C/ BAILÉN, 100","C/ BAILÉN, 100","8009.0","32","0801902065","la Dreta de l'Eixample","33","10","81.10320374528177","7","3","222.29534672123748","3","1","311.8366604897522","357","2695.7667786155475","46.192725203841796","43.86842105263158","","ELECTRICBIKESTATION","02-Eixample/07-la Dreta de l'Eixample","True","362","1000","1774994105","48394","20692","917","827","127","262","308","285","267","189","179","1744","126","560","910","98.1","543","255","94","163","1744","444.72","284.27","163.94","4.2","","POINT (430668.792354 4583160.518709)"
"363","C/ BRUC, 20","C/ BRUC, 20","8010.0","24","0801902076","la Dreta de l'Eixample","72","30","99.99568875620616","7","3","109.42226772408584","0","0","1026.11429943456","238","2467.053470919512","116.32825976355907","33.63157894736842","","ELECTRICBIKESTATION","02-Eixample/07-la Dreta de l'Eixample","True","363","1000","1774994105","66463","26807","809","741","146","227","236","231","253","169","177","1550","81","493","901","134.7","537","333","107","191","1550","516.15","296.05","165.85","4.2","","POINT (430975.096315 4582474.11171)"
"364","PG. DE GRÀCIA, 61","PG. DE GRÀCIA, 61","8007.0","33","0801902081","la Dreta de l'Eixample","36","13","34.01616439887371","25","4","182.83282220417348","0","0","693.6915911652518","384","2425.1089543296207","24.35323498070366","49.8235294117647","","ELECTRICBIKESTATION","02-Eixample/07-la Dreta de l'Eixample","True","364","1000","1774994105","59415","26267","1086","969","158","338","370","258","297","252","256","2055","99","664","1188","124.3","728","525","132","297","2055","1078.88","610.33","271.26","4.2","","POINT (430053.515169 4582729.868736)"
"365","C/ VILADOMAT, 244","C/ VILADOMAT, 244","8029.0","31","0801902110","la Nova Esquerra de l'Eixample","12","4","76.94876873585125","3","1","365.32433522611","0","0","598.850952190773","181","1694.0654897461714","107.04305979514739","51.55263157894737","","ELECTRICBIKESTATION","02-Eixample/09-la Nova Esquerra de l'Eixample","True","365","1000","1774994105","45731","20865","944","830","152","235","324","307","221","200","190","1774","123","669","875","79.3","497","286","43","184","1774","507.36","326.42","76.28","4.9","","POINT (428677.375668 4582133.647905)"
"367","C/ MARQUÈS DE SENTMENAT, 46","C/ MARQUÈS DE SENTMENAT, 46","8029.0","32","0801904002","les Corts","25","9","43.14142072061299","4","1","355.0239503743093","0","0","619.924168754414","215","1457.8377175184573","12.213753882543926","61.23684210526316","","ELECTRICBIKESTATION","04-LesCorts/19-les Corts","True","367","1000","1774994105","52386","21695","951","875","165","200","228","273","251","290","278","1826","148","729","820","82.3","295","646","42","139","1826","1179.6","253.81","76.69","5.1","","POINT (427895.85289 4581852.795699)"
"368","C/ DIPUTACIÓ, 373","C/ DIPUTACIÓ, 373","8013.0","26","0801902068","la Dreta de l'Eixample","54","19","125.52496149850218","3","2","224.18663889610434","2","1","389.0590480949232","262","3592.9020935527487","4.841200326294295","38.1578947368421","","ELECTRICBIKESTATION","02-Eixample/07-la Dreta de l'Eixample","True","368","1000","1774994105","46633","19626","807","735","100","217","309","245","167","208","171","1542","109","614","768","89.8","504","247","89","141","1542","380.87","217.42","137.24","4.2","","POINT (431088.907605 4583139.310906)"
"369","C/ CONSELL DE CENT, 482","C/ CONSELL DE CENT, 482","8013.0","27","0801902020","el Fort Pienc","29","14","179.5315658445551","3","1","132.87380230269284","4","1","316.0918397785987","185","4938.153235674655","10.44389764206481","36.10526315789474","","ELECTRICBIKESTATION","02-Eixample/05-el Fort Pienc","True","369","1000","1774994105","40405","18059","736","681","104","239","332","214","178","148","114","1417","131","593","733","71.6","649","228","24","154","1417","323.08","218.22","34.01","4.8","","POINT (431289.468693 4583502.789574)"
"37","PG. DE COLOM - VIA LAIETANA","PG. DE COLOM - VIA LAIETANA","8002.0","24","0801901030","el Barri Gòtic","48","16","30.48581070888944","4","2","323.2069452420828","0","0","1130.1082226675921","239","2438.041070017228","3.404785672713262","9.405405405405405","","ELECTRICBIKESTATION","01-CiutatVella/04-Sant Pere, Santa Caterina i la Ribera","True","37","1000","1774994105","31201","12469","1172","1237","165","510","497","388","302","205","198","2409","393","1028","839","93.6","1264","192","60","220","2409","462.53","529.98","144.54","4.3","","POINT (431607.574682 4581334.058827)"
"370","C/ SARDENYA, 326","C/ SARDENYA, 326","8025.0","32","0801902049","la Sagrada Família","19","10","124.8422225706771","4","2","34.02154101040653","2","1","432.8619487126624","308","2183.234908677785","16.061147116160374","50.351351351351354","","ELECTRICBIKESTATION","02-Eixample/06-la Sagrada Família","True","370","1000","1774994105","39379","17545","1031","892","117","291","400","281","243","209","258","1923","251","810","840","68.1","760","233","22","150","1923","448.06","288.45","42.31","5.1","","POINT (430866.266663 4583933.145903)"
"371","C/ DELS ENAMORATS, 49","C/ DELS ENAMORATS, 49","8013.0","36","0801902024","la Sagrada Família","26","13","48.38101912842926","5","1","354.5111339478677","2","1","230.62047673914603","170","3341.7532783332776","23.212380658953165","36.23076923076923","","ELECTRICBIKESTATION","02-Eixample/06-la Sagrada Família","True","371","1000","1774994105","39487","17186","565","487","52","158","230","153","139","138","111","1052","110","482","474","70.8","436","237","30","163","1052","249.32","171.48","31.56","5.1","","POINT (431559.532453 4583935.742008)"
"372","C/ RIBES, 77","C/ RIBES, 77","8013.0","27","0801902013","el Fort Pienc","20","12","81.77086208818194","5","2","322.7604729443745","12","3","318.8132922875069","102","3885.785802756696","4.426885980906032","23.102564102564102","","ELECTRICBIKESTATION","02-Eixample/05-el Fort Pienc","True","372","1000","1774994105","37995","17082","559","520","103","160","242","177","146","104","83","1079","115","475","463","67.2","373","256","106","177","1079","276.22","190.98","114.37","4.8","","POINT (431803.830359 4583494.763237)"
"373","AV. PARAL.LEL, 132","AV. PARAL.LEL, 132","8015.0","30","0801902171","Sant Antoni","33","17","117.46990909401563","3","1","69.12070264637526","0","0","2430.3082326380386","292","1654.5822105030668","10.732891447824533","31.973684210526315","","ELECTRICBIKESTATION","02-Eixample/10-Sant Antoni","True","373","1000","1774994105","37974","16439","782","746","96","207","282","241","214","153","201","1528","220","688","537","77.7","518","208","22","123","1528","317.82","187.94","33.62","5.2","","POINT (429872.625214 4580737.26227)"
"374","PG. DE GRÀCIA, 89","PG. DE GRÀCIA, 89","8008.0","33","0801902083","la Dreta de l'Eixample","40","18","35.610111673432","19","4","155.09861041503135","0","0","646.8642422274813","373","2335.6982711306227","34.91544935782678","57.21052631578947","","ELECTRICBIKESTATION","02-Eixample/07-la Dreta de l'Eixample","True","374","1000","1774994105","66319","28846","963","871","169","341","292","280","219","181","232","1834","85","596","1098","121.9","690","646","308","285","1834","1184.76","522.69","564.87","4.2","","POINT (429884.922264 4582943.664059)"
"375","WORLD TRADE CENTER","WORLD TRADE CENTER","8039.0","43","0801901001","el Raval","3","2","77.32148126883541","0","0","645.2184482886495","0","0","1977.484524603303","12","0.0","303.26284058285273","8.666666666666666","","ELECTRICBIKESTATION","01-CiutatVella/01-el Raval","True","375","1000","1774994105","30768","12551","583","689","85","205","290","206","160","86","122","1272","240","526","375","76.7","603","288","139","410","1272","366.34","521.52","176.81","7.4","","POINT (431463.034498 4580381.170763)"
"376","WORLD  TRADE CENTER","WORLD  TRADE CENTER","8039.0","43","0801901001","el Raval","3","2","79.68871100957324","0","0","652.0895764703779","0","0","1998.550728716571","12","30.030378816312247","297.0641329382429","8.75","","ELECTRICBIKESTATION","01-CiutatVella/01-el Raval","True","376","1000","1774994105","30768","12551","583","689","85","205","290","206","160","86","122","1272","240","526","375","76.7","603","288","139","410","1272","366.34","521.52","176.81","7.4","","POINT (431450.76087 4580363.910925)"
"377","PL. ICTÍNEO","PL. ICTÍNEO","8039.0","28","0801901030","el Barri Gòtic","3","1","51.52402366175142","0","0","511.3946057263472","0","0","1303.755224078537","36","125.51548411496339","294.29563158461394","3.0","","ELECTRICBIKESTATION","01-CiutatVella/02-el Barri Gòtic","True","377","1000","1774994105","31201","12469","1172","1237","165","510","497","388","302","205","198","2409","393","1028","839","93.6","1264","192","60","220","2409","462.53","529.98","144.54","4.3","","POINT (431739.994619 4581000.303314)"
"378","PL. JOAQUIM XIRAU I PALAU, 1","PL. JOAQUIM XIRAU I PALAU, 1","8002.0","21","0801901030","el Barri Gòtic","19","7","97.69786862519203","5","1","222.46988322687872","0","0","1618.6276830558425","304","1469.6300477639518","225.68474591650508","19.685714285714287","","ELECTRICBIKESTATION","01-CiutatVella/02-el Barri Gòtic","True","378","1000","1774994105","31201","12469","1172","1237","165","510","497","388","302","205","198","2409","393","1028","839","93.6","1264","192","60","220","2409","462.53","529.98","144.54","4.3","","POINT (431160.13121 4581106.679296)"
"379","AV. JOSEP TARRADELLAS, 27","AV. JOSEP TARRADELLAS, 27","8029.0","21","0801903114","Sants","25","13","17.992287745884738","9","4","170.1178516701803","0","0","958.7685392589883","164","2293.286712246217","21.714248162374748","51.0","","ELECTRICBIKESTATION","03-Sants-Montjuïc/18-Sants","True","379","1000","1774994105","53105","22436","738","666","111","192","211","173","187","209","241","1404","125","572","629","85.1","274","320","32","203","1404","449.28","285.01","44.93","4.6","","POINT (428265.675002 4581622.769267)"
"380","C/ DURAN I BAS, 2","C/ DURAN I BAS, 2","8002.0","24","0801901023","el Barri Gòtic","35","13","190.9227322275776","39","7","244.0332400286499","0","0","1324.2582629899275","487","491.91248333074645","169.95985627399946","27.2972972972973","","ELECTRICBIKESTATION","01-CiutatVella/02-el Barri Gòtic","True","380","1000","1774994105","34825","15904","926","952","108","366","481","271","243","173","148","1878","216","753","917","83.0","977","223","43","145","1878","418.79","272.31","80.75","4.3","","POINT (430939.354444 4581871.711641)"
"381","C/ AGUSTÍ DURAN I SANPERE, 10","C/ AGUSTÍ DURAN I SANPERE, 10","8001.0","41","0801901018","el Raval","6","1","93.11491738747462","20","5","422.2977519561697","0","0","1869.8550689227745","340","380.4059936267537","140.06275067556933","23.55263157894737","","ELECTRICBIKESTATION","01-CiutatVella/01-el Raval","True","381","1000","1774994105","30169","10776","706","742","146","250","271","255","193","116","108","1448","324","671","379","70.2","710","102","31","134","1448","147.7","194.03","44.89","7.4","","POINT (430409.750247 4581457.77176)"
"382","C/ LOPE DE VEGA, 79","C/ LOPE DE VEGA, 79","8005.0","27","0801910070","el Poblenou","19","11","140.67794612881832","1","1","64.3641519071015","2","1","432.34073437846246","212","1714.400139841103","26.486841668127642","13.083333333333334","","ELECTRICBIKESTATION","10-SantMartí/68-el Poblenou","True","382","1000","1774994105","39894","17694","839","746","139","207","278","299","237","164","146","1585","215","693","578","63.5","468","276","24","126","1585","437.46","199.71","38.04","5.2","","POINT (433474.735607 4583899.872854)"
"383","C/ NUMÀNCIA, 2","C/ NUMÀNCIA, 2","8029.0","24","0801903113","Sants","36","12","26.658427759555554","15","4","23.883406048413068","0","0","1119.0197350629353","135","1804.3093240349895","11.123036382922","45.74285714285714","","ELECTRICBIKESTATION","03-Sants-Montjuïc/18-Sants","True","383","1000","1774994105","53534","23793","751","684","121","204","215","204","201","193","206","1435","130","556","673","103.0","278","309","28","167","1435","443.42","239.64","40.18","4.6","","POINT (428238.421753 4581432.701488)"
"384","C/ VILAMARÍ, 85","C/ VILAMARÍ, 85","8015.0","26","0801902133","la Nova Esquerra de l'Eixample","23","15","99.77565346852371","7","2","279.69649213299743","0","0","1309.2883511734674","149","2636.3616138110488","9.086279748442015","43.71052631578947","","ELECTRICBIKESTATION","02-Eixample/09-la Nova Esquerra de l'Eixample","True","384","1000","1774994105","45568","20828","411","349","54","83","115","96","97","73","196","760","91","325","352","93.6","127","297","16","166","760","225.72","126.16","12.16","4.9","","POINT (428661.888977 4581371.695593)"
"385","C/ CASANOVA, 119","C/ CASANOVA, 119","8036.0","30","0801902099","l'Antiga Esquerra de l'Eixample","38","15","95.9094067464855","2","1","360.23251572768635","0","0","1116.6770767768826","243","2533.3497667811876","33.44489739598113","46.388888888888886","","ELECTRICBIKESTATION","02-Eixample/08-l'Antiga Esquerra de l'Eixample","True","385","1000","1774994105","56357","23186","785","749","127","277","271","220","233","153","154","1534","102","534","752","101.5","405","234","27","225","1534","358.96","345.15","41.42","4.2","","POINT (429376.398229 4582161.974143)"
"386","AV. PARAL.LEL 164","AV. PARAL.LEL 164","8015.0","18","0801902155","Sant Antoni","35","14","85.46517998842975","13","2","310.65763931077373","0","0","2205.698241426452","232","1435.6524960762529","19.385595800701072","35.513513513513516","","ELECTRICBIKESTATION","02-Eixample/10-Sant Antoni","True","386","1000","1774994105","41484","17507","877","812","128","208","269","291","228","194","261","1689","227","794","645","78.7","430","216","22","131","1689","364.82","221.26","37.16","5.2","","POINT (429495.373935 4580750.592686)"
"387","C/ NÀPOLS, 125","C/ NÀPOLS, 125","8013.0","32","0801902007","el Fort Pienc","34","19","77.24793945406334","8","3","280.1878871124911","0","0","616.4337283074747","180","2816.5727980178835","98.18248758609533","31.11111111111111","","ELECTRICBIKESTATION","02-Eixample/05-el Fort Pienc","True","387","1000","1774994105","51559","23045","630","537","82","144","222","192","126","158","172","1167","82","421","596","87.2","302","287","30","151","1167","334.93","176.22","35.01","4.8","","POINT (431342.562122 4583019.455879)"
"388","C/ RIERA ALTA, 6","C/ RIERA ALTA, 6","8001.0","35","0801901014","el Raval","6","1","63.68120530583393","2","1","335.1759276885228","0","0","1980.2907450229197","291","410.7581052263129","131.5553818029584","25.35135135135135","","ELECTRICBIKESTATION","01-CiutatVella/01-el Raval","True","388","1000","1774994105","29916","10901","869","1068","170","305","368","378","307","175","111","1937","403","808","390","61.9","858","91","22","86","1937","176.27","166.58","42.61","7.4","","POINT (430361.164934 4581347.827807)"
"389","RECINTE PARC DE LA CIUTADELLA","RECINTE PARC DE LA CIUTADELLA","8003.0","27","0801901043","Sant Pere, Santa Caterina i la Ribera","0","0","301.1112461189204","3","2","419.7300505397175","8","2","316.61148129086587","126","257.30599231470705","249.71944149893204","13.0","","ELECTRICBIKESTATION","01-CiutatVella/04-Sant Pere, Santa Caterina i la Ribera","True","389","1000","1774994105","42945","19719","777","825","84","247","413","314","180","130","106","1602","126","521","831","81.9","741","223","83","3552","1602","357.25","5690.3","132.97","","","POINT (432072.595231 4582080.912259)"
"39","PL. PAU VILA (D)","PL. PAU VILA (D)","8039.0","44","0801901032","la Barceloneta","47","14","132.90367765484518","2","2","145.5673811734999","0","0","854.1470194018245","160","1224.8176306763141","16.833398256981525","8.571428571428571","","ELECTRICBIKESTATION","01-CiutatVella/03-la Barceloneta","True","39","1000","1774994105","30477","15532","797","840","57","276","445","261","237","137","163","1637","261","726","656","46.4","823","260","83","219","1637","425.62","358.5","135.87","7.4","","POINT (431985.001387 4581377.360476)"
"390","C/ COMERÇ, 36","C/ COMERÇ, 36","8003.0","25","0801901055","Sant Pere, Santa Caterina i la Ribera","18","11","55.56166244682212","3","2","432.78375198191566","0","0","650.633101726863","346","551.1704726854971","74.48286511137826","18.864864864864863","","ELECTRICBIKESTATION","01-CiutatVella/04-Sant Pere, Santa Caterina i la Ribera","True","390","1000","1774994105","41259","18412","607","617","85","132","214","197","157","136","210","1224","155","470","522","84.8","420","239","29","123","1224","292.54","150.55","35.5","","","POINT (431609.984314 4582037.644291)"
"391","C/ GRAN DE LA SAGRERA, 74","C/ GRAN DE LA SAGRERA, 74","8027.0","27","0801909062","la Sagrera","19","7","25.255747526472053","16","4","368.9675268089719","0","0","1332.8455900702304","83","1283.348676158612","42.07716141662756","29.487179487179485","","ELECTRICBIKESTATION","09-SantAndreu/61-la Sagrera","True","391","1000","1774994105","41135","17392","748","702","160","143","248","277","179","148","144","1450","184","632","513","69.9","298","224","18","108","1450","324.8","156.6","26.1","5.6","","POINT (432429.834341 4586037.399534)"
"392","C/ RAMON TURRÓ, 4","C/ RAMON TURRÓ, 4","8005.0","19","0801910054","la Vila Olímpica del Poblenou","19","5","39.182587110856716","2","1","472.3484334306195","10","2","176.35191480519086","104","1633.506129755721","8.119278727560001","15.342105263157896","","ELECTRICBIKESTATION","10-SantMartí/67-la Vila Olímpica del Poblenou","True","392","1000","1774994105","63952","24193","497","445","92","143","124","124","161","137","75","942","55","306","471","109.4","232","360","53","175","942","339.12","164.85","49.93","5.4","","POINT (432334.142465 4582427.11526)"
"393","C/ LLACUNA, 86","C/ LLACUNA, 86","8005.0","32","0801910066","el Poblenou","19","10","26.97161628001623","1","1","321.62585464746263","2","1","424.410297268384","302","1017.511446518199","28.00178253294957","10.23076923076923","","ELECTRICBIKESTATION","10-SantMartí/68-el Poblenou","True","393","1000","1774994105","48165","19051","1031","997","266","208","310","393","312","161","205","2028","207","817","740","78.5","503","268","36","145","2028","543.5","294.06","73.01","5.2","","POINT (432931.086515 4583724.52273)"
"394","C/ DIPUTACIÓ, 226","C/ DIPUTACIÓ, 226","8007.0","27","0801902091","l'Antiga Esquerra de l'Eixample","112","38","136.46493869549013","32","6","197.72497034079186","0","0","1292.134828731346","441","1970.560950739975","13.111054918682672","37.18421052631579","","ELECTRICBIKESTATION","02-Eixample/08-l'Antiga Esquerra de l'Eixample","True","394","1000","1774994105","51644","21763","944","1235","114","462","548","314","282","196","167","2179","154","1276","1231","102.9","1562","204","31","119","2179","444.52","259.3","67.55","4.2","","POINT (430030.932233 4582090.971169)"
"395","PL. CATALUNYA, 20","PL. CATALUNYA, 20","8002.0","33","0801902077","la Dreta de l'Eixample","74","48","48.486112436721534","47","8","45.345224896759184","0","0","1361.9386334050605","482","145.30966574984154","139.57104459174636","31.333333333333332","","ELECTRICBIKESTATION","02-Eixample/02-el Barri Gòtic","True","395","1000","1774994105","52902","22220","824","850","99","372","358","227","194","174","145","1674","115","548","972","120.1","839","512","223","239","1674","857.09","400.09","373.3","4.2","","POINT (430645.828782 4581987.053921)"
"396","C/ JOAN MIRÓ, 2-12","C/ JOAN MIRÓ, 2-12","8005.0","32","0801910055","la Vila Olímpica del Poblenou","33","13","76.34421674840178","2","1","413.5954898811462","4","2","438.4509630251215","93","1597.4871222555093","2.6246478731700402","11.263157894736842","","ELECTRICBIKESTATION","10-SantMartí/67-la Vila Olímpica del Poblenou","True","396","1000","1774994105","73872","27080","1291","1289","295","410","246","326","434","401","277","2580","111","780","1381","115.4","568","424","33","198","2580","1093.92","510.84","85.14","5.4","","POINT (432850.338019 4582255.214984)"
"397","AV. LITORAL (PG MARÍTIM DEL PORT OLÍMPI","AV. LITORAL (PG MARÍTIM DEL PORT OLÍMPIC)","8005.0","27","0801910055","la Vila Olímpica del Poblenou","14","9","161.6746478916977","0","0","583.750075141696","0","0","634.1758511176337","68","629.0106125702948","10.093565852952715","7.65625","","ELECTRICBIKESTATION","10-SantMartí/67-la Vila Olímpica del Poblenou","True","397","1000","1774994105","73872","27080","1291","1289","295","410","246","326","434","401","277","2580","111","780","1381","115.4","568","424","33","198","2580","1093.92","510.84","85.14","5.4","","POINT (433057.883653 4582240.814709)"
"398","PG. MARÍTIM DE LA BARCELONETA/ANDREA DÒ","PG. MARÍTIM DE LA BARCELONETA/ANDREA DÒRIA","8003.0","36","0801901036","la Barceloneta","30","5","11.602058596641514","0","0","635.2794187961188","0","0","751.3077640666794","74","548.7213003365575","1.5623722801818984","5.870967741935484","","ELECTRICBIKESTATION","01-CiutatVella/03-la Barceloneta","True","398","1000","1774994105","32134","14159","597","540","73","203","198","173","156","142","133","1137","254","513","292","60.3","345","237","31","215","1137","269.47","244.46","35.25","7.4","","POINT (432560.8236 4581361.875321)"
"399","C/ PAVIA, 3","C/ PAVIA, 3","8028.0","27","0801903097","Sants","24","8","189.44069339469678","8","2","71.77719825473582","0","0","1704.5141564504395","189","167.26838877283149","112.61732030176539","33.0","","ELECTRICBIKESTATION","03-Sants-Montjuïc/18-Sants","True","399","1000","1774994105","30181","13048","808","756","101","251","351","291","210","119","98","1564","229","759","482","55.9","534","176","35","111","1564","275.26","173.6","54.74","4.6","","POINT (427519.281529 4580579.557608)"
"4","C/ RIBES, 13","C/ RIBES, 13","8013.0","21","0801902001","el Fort Pienc","50","42","128.52149659390955","8","2","118.06702039259397","4","2","479.40760701184297","162","1510.327554601003","44.789391099385696","21.94871794871795","","ELECTRICBIKESTATION","02-Eixample/05-el Fort Pienc","True","4","1000","1774994105","41726","17933","679","611","108","155","212","237","172","142","160","1290","176","532","501","80.4","459","346","102","103","1290","446.34","132.87","131.58","4.8","","POINT (431552.390125 4582743.895731)"
"40","C/ DOCTOR AIGUADER, 2","C/ DOCTOR AIGUADER, 2","8039.0","18","0801901042","la Barceloneta","49","14","63.67955925249641","2","2","141.72878220322596","0","0","710.4184149803375","138","1440.8089200774596","53.840397456771285","11.487179487179487","","ELECTRICBIKESTATION","01-CiutatVella/03-la Barceloneta","True","40","1000","1774994105","33251","14731","850","778","111","207","317","218","225","177","264","1628","404","765","421","67.3","454","198","36","121","1628","322.34","196.99","58.61","7.4","","POINT (432029.573346 4581520.057452)"
"400","MOLL ORIENTAL","MOLL ORIENTAL","8039.0","44","0801901032","la Barceloneta","9","3","32.679555339784095","0","0","1294.8464944626808","0","0","2043.47989545754","39","565.1014241794869","3.6497661230229186","3.3333333333333335","","ELECTRICBIKESTATION","01-CiutatVella/03-la Barceloneta","True","400","1000","1774994105","30477","15532","797","840","57","276","445","261","237","137","163","1637","261","726","656","46.4","823","260","83","219","1637","425.62","358.5","135.87","7.4","","POINT (432088.641319 4580088.997543)"
"401","PLA DE PALAU","PLA DE PALAU","8002.0","24","0801901043","Sant Pere, Santa Caterina i la Ribera","50","16","23.875285997290902","4","2","149.80107105132458","0","0","894.0547899758884","278","2296.3357508859517","8.274264487674353","12.894736842105264","","ELECTRICBIKESTATION","01-CiutatVella/02-el Barri Gòtic","True","401","1000","1774994105","42945","19719","777","825","84","247","413","314","180","130","106","1602","126","521","831","81.9","741","223","83","3552","1602","357.25","5690.3","132.97","","","POINT (431747.878435 4581531.920559)"
"402","PG. DE COLOM (VIA LAIETANA)","PG. DE COLOM (VIA LAIETANA)","8002.0","31","0801901030","el Barri Gòtic","48","16","35.47697653534918","4","2","313.95454504950646","0","0","1122.277636556976","235","2446.883074342431","3.5757664963730806","9.18918918918919","","ELECTRICBIKESTATION","01-CiutatVella/02-el Barri Gòtic","True","402","1000","1774994105","31201","12469","1172","1237","165","510","497","388","302","205","198","2409","393","1028","839","93.6","1264","192","60","220","2409","462.53","529.98","144.54","4.3","","POINT (431617.964097 4581334.404896)"
"403","C/ VALLESPIR, 49","C/ VALLESPIR, 49","8014.0","22","0801903109","Sants","14","8","102.45332806534137","16","5","236.66086645166627","0","0","1150.0392034868487","192","123.07021168259686","223.67521193860384","43.8974358974359","","ELECTRICBIKESTATION","03-Sants-Montjuïc/18-Sants","True","403","1000","1774994105","42224","18169","746","702","112","167","286","269","197","156","136","1448","194","621","545","66.2","330","251","33","149","1448","363.45","215.75","47.78","4.6","","POINT (427823.045011 4581261.744435)"
"404","C/ JUAN GRIS, 28","C/ JUAN GRIS, 28","8014.0","32","0801903064","la Bordeta","69","20","159.38111564274948","0","0","554.0822150607306","0","0","2246.267435781492","64","736.3435408789788","151.96985295036353","19.636363636363637","","ELECTRICBIKESTATION","03-Sants-Montjuïc/16-la Bordeta","True","404","1000","1774994105","41233","16987","605","565","108","120","196","154","191","195","123","1170","205","714","634","71.2","741","310","32","154","1170","362.7","180.18","37.44","5.3","","POINT (427499.077032 4579677.312976)"
"405","C/ COMTE BORRELL, 198","C/ COMTE BORRELL, 198","8029.0","26","0801902118","la Nova Esquerra de l'Eixample","18","8","151.6081158854293","2","1","366.4132384385832","0","0","1062.472152941026","230","3018.577834792383","43.51389016639758","46.0","","ELECTRICBIKESTATION","02-Eixample/09-la Nova Esquerra de l'Eixample","True","405","1000","1774994105","55573","23707","708","649","111","199","225","191","195","200","151","1357","99","493","683","89.2","283","437","63","175","1357","593.01","237.48","85.49","4.9","","POINT (429113.676147 4581888.332735)"
"406","GRAN VIA DE LES CORTS CATALANES, 592","GRAN VIA DE LES CORTS CATALANES, 592","8007.0","33","0801902077","la Dreta de l'Eixample","104","43","56.044134172836344","51","8","89.69123340426331","0","0","1363.722891659553","403","1961.011479924386","8.606088414905564","34.486486486486484","","ELECTRICBIKESTATION","02-Eixample/07-la Dreta de l'Eixample","True","406","1000","1774994105","52902","22220","824","850","99","372","358","227","194","174","145","1674","115","548","972","120.1","839","512","223","239","1674","857.09","400.09","373.3","4.2","","POINT (430158.977162 4581986.367898)"
"408","C/ RAMON TRIAS FARGAS, 23","C/ RAMON TRIAS FARGAS, 23","8005.0","39","0801910054","la Vila Olímpica del Poblenou","25","9","126.11951275910992","2","1","264.77617099251415","8","2","154.78245312524535","79","1918.2832446005664","6.696817890261773","12.842105263157896","","ELECTRICBIKESTATION","10-SantMartí/67-la Vila Olímpica del Poblenou","True","408","1000","1774994105","63952","24193","497","445","92","143","124","124","161","137","75","942","55","306","471","109.4","232","360","53","175","942","339.12","164.85","49.93","5.4","","POINT (432474.215029 4582255.591099)"
"409","C/ JOAN D'ÀUSTRIA, 31B","C/ JOAN D'ÀUSTRIA, 31B","8005.0","27","0801910052","la Vila Olímpica del Poblenou","21","7","127.71977441233895","2","1","311.5380759888227","4","2","410.6022749009683","121","1796.186205473406","27.1202559143333","13.051282051282051","","ELECTRICBIKESTATION","10-SantMartí/67-la Vila Olímpica del Poblenou","True","409","1000","1774994105","64642","25800","1192","1203","289","320","304","386","431","321","141","2395","128","750","1200","68.5","592","365","43","189","2395","874.18","452.66","102.98","5.4","","POINT (432492.567429 4582631.450004)"
"41","PL. POETA BOSCÀ | C/ ATLÀNTIDA","PL. POETA BOSCÀ | C/ ATLÀNTIDA","8003.0","25","0801901039","la Barceloneta","47","8","99.3647425562121","1","1","479.74755597433364","0","0","935.3289507097462","183","663.4743561583208","193.72489198076642","13.837837837837839","","ELECTRICBIKESTATION","01-CiutatVella/03-la Barceloneta","True","41","1000","1774994105","31406","14080","597","656","77","235","294","190","161","149","98","1253","208","609","402","52.2","529","213","22","151","1253","266.89","189.2","27.57","7.4","","POINT (432261.659127 4581183.801037)"
"410","PG.DE COLOM (LES RAMBLES)","PG.DE COLOM (LES RAMBLES)","8039.0","38","0801901030","el Barri Gòtic","26","7","31.713418394641412","3","1","245.15030679720797","0","0","1660.164318228043","101","1835.307300674481","5.03147808268261","9.516129032258064","","ELECTRICBIKESTATION","01-CiutatVella/02-el Barri Gòtic","True","410","1000","1774994105","31201","12469","1172","1237","165","510","497","388","302","205","198","2409","393","1028","839","93.6","1264","192","60","220","2409","462.53","529.98","144.54","4.3","","POINT (431322.421785 4580871.436266)"
"411","C/ JOSEP PLA, 67","C/ JOSEP PLA, 67","8019.0","24","0801910235","Diagonal Mar i el Front Marítim del Poblenou","11","8","52.8235297914109","2","1","377.58127133193784","4","1","278.031469548603","95","1532.0651617872982","5.810030589255659","10.128205128205128","","ELECTRICBIKESTATION","10-SantMartí/69-Diagonal Mar i el Front Marítim del Poblenou","True","411","1000","1774994105","30442","14812","644","578","114","75","175","214","172","143","257","1222","298","601","261","66.0","240","284","35","101","1222","347.05","123.42","42.77","7.4","","POINT (434158.660419 4584725.309307)"
"412","PL. URQUINAONA, 3","PL. URQUINAONA, 3","8010.0","27","0801902077","la Dreta de l'Eixample","116","55","10.065130632446257","36","5","57.34670495955649","0","0","1109.4108797383924","290","1919.2571969173414","41.682082587771326","33.432432432432435","","ELECTRICBIKESTATION","02-Eixample/07-la Dreta de l'Eixample","True","412","1000","1774994105","52902","22220","824","850","99","372","358","227","194","174","145","1674","115","548","972","120.1","839","512","223","239","1674","857.09","400.09","373.3","4.2","","POINT (430837.318766 4582305.696351)"
"413","C/ BRUC, 66","C/ BRUC, 66","8009.0","31","0801902071","la Dreta de l'Eixample","40","14","175.94564684996703","18","4","169.49385873455677","0","0","617.8136782137005","303","2874.1961266113767","20.673819125081337","42.05555555555556","","ELECTRICBIKESTATION","02-Eixample/07-la Dreta de l'Eixample","True","413","1000","1774994105","57959","24664","813","792","141","235","243","250","232","205","179","1605","83","521","850","116.4","432","333","47","211","1605","534.46","338.66","75.44","4.2","","POINT (430674.230157 4582771.310766)"
"414","VIVAGYM-C/ CASP, 67","VIVAGYM-C/ CASP, 67","8010.0","33","0801902073","la Dreta de l'Eixample","77","23","93.87049523385006","10","4","139.7010595419195","0","0","739.0260795488592","210","2172.7922891982116","39.60745106826753","31.675","","ELECTRICBIKESTATION","02-Eixample/07-la Dreta de l'Eixample","True","414","1000","1774994105","57060","23724","806","740","129","246","282","263","214","178","138","1546","98","528","891","123.6","532","281","35","188","1546","434.43","290.65","54.11","4.2","","POINT (431149.796439 4582792.799935)"
"415","RAMBLA DEL RAVAL, 13","RAMBLA DEL RAVAL, 13","8001.0","25","0801901007","el Raval","6","1","19.452772432859295","12","2","410.34935297613936","0","0","2029.2879172353773","297","621.192672799539","8.874897801022193","19.358974358974358","","ELECTRICBIKESTATION","01-CiutatVella/01-el Raval","True","415","1000","1774994105","29286","10309","749","1122","164","317","406","364","240","137","70","1871","436","843","417","69.4","1107","140","26","92","1871","261.94","172.13","48.65","7.4","","POINT (430510.148354 4581203.692673)"
"416","RAMBLA DEL RAVAL, 20","RAMBLA DEL RAVAL, 20","8001.0","27","0801901004","el Raval","4","1","53.57500187150894","10","2","349.2344541645066","0","0","2068.0843225682906","247","621.192672799539","5.958660128780579","16.970588235294116","","ELECTRICBIKESTATION","01-CiutatVella/01-el Raval","True","416","1000","1774994105","31203","12214","1287","1594","263","527","645","483","381","192","151","2881","552","1200","880","65.0","1494","147","22","110","2881","423.51","316.91","63.38","7.4","","POINT (430568.623639 4581064.424309)"
"417","C/ VILLAR, 2","C/ VILLAR, 2","8041.0","32","0801907035","el Guinardó","38","11","13.50184953742532","2","1","213.66036927377405","0","0","1459.0083980555683","139","2388.5013032344505","18.382713970122644","58.37837837837838","","ELECTRICBIKESTATION","07-Horta-Guinardó/35-el Guinardó","True","417","1000","1774994105","45286","19280","884","778","151","198","234","265","222","231","227","1662","146","773","620","80.2","269","330","35","150","1662","548.46","249.3","58.17","5.5","","POINT (431481.518508 4585316.55684)"
"418","Time Out Market PG. LLUíS COMPANYS","Time Out Market PG. LLUíS COMPANYS","8018.0","27","0801901055","Sant Pere, Santa Caterina i la Ribera","36","13","41.33512217506398","7","2","134.6616916134684","0","0","657.7432310524628","252","1820.1338735772085","1.7384781834150422","23.28205128205128","","ELECTRICBIKESTATION","01-CiutatVella/04-Sant Pere, Santa Caterina i la Ribera","True","418","1000","1774994105","41259","18412","607","617","85","132","214","197","157","136","210","1224","155","470","522","84.8","420","239","29","123","1224","292.54","150.55","35.5","","","POINT (431455.209396 4582494.412197)"
"419","PG. DE LLUIS COMPANYS (ARC DE TRIOMF )","PG. DE LLUIS COMPANYS (ARC DE TRIOMF)","8018.0","33","0801901055","Sant Pere, Santa Caterina i la Ribera","36","13","34.49297202740945","6","2","88.11972364426589","0","0","591.4119577989743","228","1545.4252479580716","1.1190961523308194","21.405405405405407","","ELECTRICBIKESTATION","01-CiutatVella/04-Sant Pere, Santa Caterina i la Ribera","True","419","1000","1774994105","41259","18412","607","617","85","132","214","197","157","136","210","1224","155","470","522","84.8","420","239","29","123","1224","292.54","150.55","35.5","","","POINT (431516.077067 4582521.704648)"
"42","C/ CIUTAT DE GRANADA, 168| AV.DIAGONAL   ","C/ CIUTAT DE GRANADA, 165 | AV.DIAGONAL ","8018.0","32","0801910042","el Parc i la Llacuna del Poblenou","21","9","25.627857113845533","3","1","204.4912978289481","8","3","127.8033325258581","206","1556.9330594801238","19.141773649342042","17.10810810810811","","ELECTRICBIKESTATION","10-SantMartí/66-el Parc i la Llacuna del Poblenou","True","42","1000","1774994105","38142","15637","1618","1506","267","250","563","798","348","185","261","3124","388","1315","1176","74.6","1046","262","79","103","3124","818.49","321.77","246.8","5.3","","POINT (432288.684702 4583968.233928)"
"420","GRAN VIA DE LES CORTS CATALANES,368"," GRAN VIA DE LES CORTS CATALANES,368","8010.0","27","0801903053","Hostafrancs","96","41","9.424782915048153","17","4","44.00863886478442","0","0","2020.426609593717","216","1702.4222030985516","10.429249312291748","36.3421052631579","","ELECTRICBIKESTATION","03-Sants-Montjuïc/11-el Poble-sec","True","420","1000","1774994105","35887","14806","1068","989","162","294","421","375","268","182","184","2057","315","904","722","68.8","744","211","40","116","2057","434.03","238.61","82.28","5.2","","POINT (428746.944074 4580663.126049)"
"421","C/ VALLESPIR, 13","C/ VALLESPIR, 13","8014.0","25","0801903107","Sants","16","9","29.273394343081662","16","5","221.30157953028413","0","0","1339.4181772691209","211","291.8176145392315","34.381488118878345","39.083333333333336","","ELECTRICBIKESTATION","03-Sants-Montjuïc/18-Sants","True","421","1000","1774994105","41589","17236","769","763","136","190","274","243","177","210","184","1532","182","780","624","67.6","522","248","60","132","1532","379.94","202.22","91.92","4.6","","POINT (427908.868462 4581091.67025)"
"422","C/ JORDI GIRONA, 29","C/ JORDI GIRONA, 29","8034.0","44","0801904053","Pedralbes","23","21","69.41681340906732","2","1","329.38057611557815","12","3","351.14446339542883","152","1063.8290203343124","6.339670312030504","89.70270270270271","","ELECTRICBIKESTATION","04-LesCorts/21-Pedralbes","True","422","1000","1774994105","56053","21547","832","787","195","258","290","222","186","165","155","1619","100","596","791","108.5","525","354","36","223","1619","573.13","361.04","58.28","2.4","","POINT (426042.656354 4582220.720264)"
"423","C/ HONDURAS, 32-34","C/ HONDURAS, 32-34","8027.0","32","0801909066","la Sagrera","52","24","182.00564423961967","16","4","224.2244484352764","0","0","1210.9125685690449","123","1812.3089840679302","149.09623345915546","34.32432432432432","","ELECTRICBIKESTATION","09-SantAndreu/61-la Sagrera","True","423","1000","1774994105","44037","19006","709","654","95","153","182","243","186","195","188","1363","176","637","415","77.3","190","316","44","113","1363","430.71","154.02","59.97","5.6","","POINT (432268.97374 4585727.001418)"
"424","PG. MARÍTIM DE LA BARCELONETA, 6","PG. MARÍTIM DE LA BARCELONETA,6","8003.0","27","0801901035","la Barceloneta","30","5","50.09744556301131","0","0","651.510412171927","0","0","893.2006286052869","105","377.6655360963487","6.736880414243051","8.517241379310345","","ELECTRICBIKESTATION","01-CiutatVella/03-la Barceloneta","True","424","1000","1774994105","26681","13613","563","575","54","210","280","201","149","96","99","1138","188","502","423","38.1","575","221","38","158","1138","251.5","179.8","43.24","7.4","","POINT (432480.490527 4581210.648386)"
"425","C/ DE CERVELLÓ, 5","C/ DE CERVELLÓ, 5","8001.0","24","0801901001","el Raval","30","11","15.516310359221956","3","1","78.84462513344222","0","0","1879.7553913367508","178","1832.9282773260722","58.04031313904677","16.864864864864863","","ELECTRICBIKESTATION","01-CiutatVella/01-el Raval","True","425","1000","1774994105","30768","12551","583","689","85","205","290","206","160","86","122","1272","240","526","375","76.7","603","288","139","410","1272","366.34","521.52","176.81","7.4","","POINT (431000.787539 4580888.791532)"
"426","C/ DE RIBES, 59 B","C/ DE RIBES, 59 B","8013.0","33","0801902011","el Fort Pienc","41","13","63.11469816513131","4","2","363.4756952269699","6","3","330.160671343039","119","3317.345625803735","0.964819086262878","27.743589743589745","","ELECTRICBIKESTATION","02-Eixample/05-el Fort Pienc","True","426","1000","1774994105","45758","19653","535","513","68","158","176","141","140","151","152","1048","113","527","419","80.0","268","309","22","143","1048","323.83","149.86","23.06","4.8","","POINT (431706.661993 4583293.440479)"
"427","C/ DE SANT PAU, 119/ RONDA SANT PAU","C/ DE SANT PAU, 119/ RONDA SANT PAU","8001.0","26","0801901004","el Raval","43","12","41.44150698612137","8","2","114.94827109536429","0","0","2372.6656522135704","314","1070.0906466852025","30.02660184697361","23.43243243243243","","ELECTRICBIKESTATION","01-CiutatVella/01-el Raval","True","427","1000","1774994105","31203","12214","1287","1594","263","527","645","483","381","192","151","2881","552","1200","880","65.0","1494","147","22","110","2881","423.51","316.91","63.38","7.4","","POINT (430425.906278 4580765.816163)"
"428","C/ PUJADES, 103","C/ PUJADES, 103","8005.0","33","0801910056","el Poblenou","17","9","62.74345208861988","3","1","171.34432827973686","0","0","765.0793165433754","169","1359.08951059407","20.034987854744607","11.514285714285714","","ELECTRICBIKESTATION","10-SantMartí/68-el Poblenou","True","428","1000","1774994105","38490","16464","868","894","136","214","378","392","232","133","99","1762","194","684","698","64.8","645","308","112","271","1762","542.7","477.5","197.34","5.2","","POINT (432797.547446 4583295.471086)"
"429","C/ GRAN CAPITÀ, 9","C/ GRAN CAPITÀ, 9","8034.0","28","0801904053","Pedralbes","46","13","67.9640595711347","4","3","448.5300122527421","0","0","614.3086310420387","100","1208.4214656258928","36.281103640209615","112.21621621621621","","ELECTRICBIKESTATION","04-LesCorts/21-Pedralbes","True","429","1000","1774994105","56053","21547","832","787","195","258","290","222","186","165","155","1619","100","596","791","108.5","525","354","36","223","1619","573.13","361.04","58.28","2.4","","POINT (425519.283073 4582227.047927)"
"43","C/ CLOT, 1","C/ CLOT, 1","8018.0","27","0801910041","el Clot","19","7","28.70881003311529","17","4","294.7950492749238","8","3","393.4917580372397","289","2297.2423422393135","37.8078450073227","24.07894736842105","","ELECTRICBIKESTATION","10-SantMartí/65-el Clot","True","43","1000","1774994105","40151","17613","789","749","106","175","296","266","186","193","188","1538","183","648","571","74.3","396","261","34","155","1538","401.42","238.39","52.29","5.9","","POINT (432083.662334 4584189.936316)"
"430"," C/ ALFAMBRA, 2 | AV. DIAGONAL","C/ ALFAMBRA, 2 | AV. DIAGONAL","8034.0","28","0801904053","Pedralbes","119","43","87.66077481435859","7","3","177.6865134738555","12","3","188.52020222188392","155","1452.0605307491878","57.969057457568354","84.62162162162163","","ELECTRICBIKESTATION","04-LesCorts/21-Pedralbes","True","430","1000","1774994105","56053","21547","832","787","195","258","290","222","186","165","155","1619","100","596","791","108.5","525","354","36","223","1619","573.13","361.04","58.28","2.4","","POINT (425846.081937 4581947.7631)"
"431","AV. JOAN XXIII, 17","AV. JOAN XXIII, 17","8028.0","20","0801904049","la Maternitat i Sant Ramon","3","2","99.8453290468519","2","1","443.61796192869616","12","3","362.81074544495567","57","937.2207937696724","10.37682865960533","60.32432432432432","","ELECTRICBIKESTATION","04-LesCorts/20-la Maternitat i Sant Ramon","True","431","1000","1774994105","82214","31161","601","507","133","147","122","165","136","136","162","1108","38","381","653","115.8","351","470","105","228","1108","520.76","252.62","116.34","5.0","","POINT (426602.738652 4581698.679339)"
"432","C/ MARTÍ I FRANQUÈS, 1","C/ MARTÍ I FRANQUÈS, 1","8028.0","28","0801904049","la Maternitat i Sant Ramon","83","35","124.518683008885","7","3","137.39907122087317","24","3","177.63798646259136","110","576.3237455375069","146.5612621083526","72.60526315789474","","ELECTRICBIKESTATION","04-LesCorts/20-la Maternitat i Sant Ramon","True","432","1000","1774994105","82214","31161","601","507","133","147","122","165","136","136","162","1108","38","381","653","115.8","351","470","105","228","1108","520.76","252.62","116.34","5.0","","POINT (426177.719814 4581840.574419)"
"433","C/ J. MAYNARD KEYNES, 2|AV. DGNAL.","C/ J. MAYNARD KEYNES, 2|AV. DGNAL.","8034.0","54","0801904053","Pedralbes","84","35","26.433027581953212","7","3","96.45824233073988","18","3","137.33405119739234","131","964.6213093662092","20.425703959119392","77.52777777777777","","ELECTRICBIKESTATION","04-LesCorts/21-Pedralbes","True","433","1000","1774994105","56053","21547","832","787","195","258","290","222","186","165","155","1619","100","596","791","108.5","525","354","36","223","1619","573.13","361.04","58.28","2.4","","POINT (426161.529542 4582009.471924)"
"434","C/ ROGER, 24","C/ ROGER, 24","8028.0","27","0801903083","Sants - Badal","28","9","144.9965337596664","3","1","136.4081310242626","0","0","1099.615575638312","241","134.90201975765183","189.72473269419444","47.457142857142856","","ELECTRICBIKESTATION","03-Sants-Montjuïc/17-Sants - Badal","True","434","1000","1774994105","40096","17304","684","618","70","153","215","208","151","221","185","1302","193","614","420","71.4","256","292","26","134","1302","380.18","174.47","33.85","4.6","","POINT (426991.575141 4580949.386129)"
"435","AV. DOCTOR MARAÑON, 25 | PAU GARGALLO","AV. DOCTOR MARAÑON, 25 |PAU GARGALLO","8028.0","28","0801904047","la Maternitat i Sant Ramon","80","43","67.49407644876689","5","3","54.432129253248256","12","3","200.82655694572873","95","1313.0445839300216","18.06102399457723","76.89189189189189","","ELECTRICBIKESTATION","04-LesCorts/20-la Maternitat i Sant Ramon","True","435","1000","1774994105","54809","21233","929","846","145","203","211","247","254","276","265","1775","241","741","675","94.2","278","343","77","149","1775","608.83","264.47","136.68","5.0","","POINT (425767.657742 4581720.287905)"
"436","PG. ZONA FRANCA, 54","PG. ZONA FRANCA, 54","8038.0","27","0801903032","la Marina de Port","25","8","25.651946844099275","2","1","174.19073983576033","0","0","3659.2577567047165","60","1218.922189651709","3.617446600822372","9.157894736842104","","ELECTRICBIKESTATION","03-Sants-Montjuïc/12-la Marina del Prat Vermell","True","436","1000","1774994105","30788","12569","832","805","174","156","280","293","211","200","160","1637","454","781","237","70.6","386","255","62","143","1637","417.44","234.09","101.49","7.2","","POINT (428337.655493 4578469.85319)"
"437","PG. ZONA FRANCA, 9","PG. ZONA FRANCA, 9","8038.0","36","0801903025","la Marina del Prat Vermell","12","5","34.483586354988674","0","0","558.9380975242799","0","0","4013.7089007932072","67","1249.113738263354","11.261816157667443","11.368421052631579","","ELECTRICBIKESTATION","03-Sants-Montjuïc/12-la Marina del Prat Vermell","True","437","1000","1774994105","30218","12529","708","754","125","155","266","244","236","178","99","1462","452","791","388","89.6","464","4272","4005","612","1462","6245.66","894.74","5855.31","4.1","","POINT (428484.034094 4578111.02929)"
"438","C/ NÀPOLS, 183","C/ NÀPOLS, 183","8013.0","27","0801902067","la Dreta de l'Eixample","32","17","249.25489339790755","4","1","371.69577519793046","2","1","247.11530715460265","260","4365.161478054883","16.990284532833794","40.44444444444444","","ELECTRICBIKESTATION","02-Eixample/07-la Dreta de l'Eixample","True","438","1000","1774994105","42982","19030","826","777","99","228","375","259","181","180","147","1603","127","598","804","74.0","584","240","27","189","1603","384.72","302.97","43.28","4.2","","POINT (431076.082403 4583286.856846)"
"439","RBLA. BADAL, 73 | C/ CONSTITUCIÓ","RBLA. BADAL, 73 | C/ CONSTITUCIÓ","8014.0","18","0801903066","la Bordeta","12","5","34.70536081937866","1","1","477.0701145035746","0","0","2022.2058153653832","130","84.73913447036719","38.8457544816616","28.742857142857144","","ELECTRICBIKESTATION","03-Sants-Montjuïc/16-la Bordeta","True","439","1000","1774994105","38648","15224","1161","1093","221","271","289","354","379","295","264","2254","383","1174","528","76.1","424","280","25","139","2254","631.12","313.31","56.35","5.3","","POINT (427477.92087 4580032.463101)"
"44","AV. MERIDIANA, 71","AV. MERIDIANA, 71","8018.0","21","0801902013","el Fort Pienc","10","6","111.71322801784244","3","1","63.03205521896473","12","3","130.88532377309417","189","2809.6131157006207","4.313731837001072","16.486486486486488","","ELECTRICBIKESTATION","02-Eixample/05-el Fort Pienc","True","44","1000","1774994105","37995","17082","559","520","103","160","242","177","146","104","83","1079","115","475","463","67.2","373","256","106","177","1079","276.22","190.98","114.37","4.8","","POINT (432022.097663 4583645.067771)"
"440","C/ SELVA DE MAR, 230","C/ SELVA DE MAR, 230","8020.0","27","0801910119","Sant Martí de Provençals","11","5","57.34043868012024","4","1","297.5046988817741","0","0","603.8985336750147","133","1396.0555569185638","63.63804120158093","17.92105263157895","","ELECTRICBIKESTATION","10-SantMartí/72-Sant Martí de Provençals","True","440","1000","1774994105","31682","13758","570","501","88","105","144","197","183","90","185","1071","219","575","224","62.8","236","253","17","98","1071","270.96","104.96","18.21","6.4","","POINT (432951.691632 4585437.310173)"
"441","C/ WATT, 2","C/ WATT, 2","8014.0","18","0801903106","Sants","24","7","30.423633907790602","14","4","107.17303237924915","0","0","1676.937740051778","177","240.24265955648664","267.0707790783211","37.81578947368421","","ELECTRICBIKESTATION","03-Sants-Montjuïc/18-Sants","True","441","1000","1774994105","38980","17255","637","607","107","171","239","233","192","117","103","1244","170","521","460","66.5","369","205","41","160","1244","255.02","199.04","51.0","4.6","","POINT (428071.003943 4580793.01144)"
"442","C/ MINERIA, 30","C/ MINERIA, 30","8038.0","18","0801903213","la Marina de Port","49","22","25.787903050529223","4","3","301.72347611785585","0","0","2648.600626975505","105","2440.4809023174225","22.43083623334662","24.485714285714284","","ELECTRICBIKESTATION","03-Sants-Montjuïc/13-la Marina de Port","True","442","1000","1774994105","32420","12073","1164","1135","223","346","312","357","361","277","240","2299","559","1123","355","62.8","630","238","31","139","2299","547.16","319.56","71.27","7.2","","POINT (427955.550923 4579626.641426)"
"443","C/ CASANOVA, 139","C/ CASANOVA, 139","8036.0","32","0801902101","l'Antiga Esquerra de l'Eixample","40","14","36.58550056240449","2","1","263.03259643700426","0","0","998.2739163448579","233","1708.9886448908956","37.92480280279456","48.0","","ELECTRICBIKESTATION","02-Eixample/08-l'Antiga Esquerra de l'Eixample","True","443","1000","1774994105","50737","21523","1088","950","166","303","362","298","264","234","266","2038","240","802","959","81.0","605","243","18","158","2038","495.23","322.0","36.68","4.2","","POINT (429288.458665 4582254.397632)"
"444","C/ LLEIDA, 40","C/ LLEIDA, 40","8004.0","27","0801903005","el Poble-sec","14","7","51.37100470695774","6","1","486.4945770040093","0","0","2488.7724701446264","69","0.0","340.8796964194989","45.0","","ELECTRICBIKESTATION","03-Sants-Montjuïc/11-el Poble-sec","True","444","1000","1774994105","32872","14786","556","540","75","118","215","188","140","123","153","1096","184","534","381","65.0","393","238","26","128","1096","260.85","140.29","28.5","6.2","","POINT (429368.490482 4580368.090298)"
"445","C/ VILAMARÍ, 2","C/ VILAMARÍ, 2","8015.0","24","0801902154","Sant Antoni","63","37","55.948660892849325","18","4","215.096434976015","0","0","2059.850995663835","206","1414.1587177682684","7.096529262571528","38.44736842105263","","ELECTRICBIKESTATION","02-Eixample/10-Sant Antoni","True","445","1000","1774994105","38924","16007","493","470","46","147","222","154","116","109","103","963","122","442","396","71.7","378","243","29","149","963","234.01","143.49","27.93","5.2","","POINT (429255.438463 4580787.904679)"
"446","PG. JOAN DE BORBÓ, 42","PG. JOAN DE BORBÓ, 42","8003.0","15","0801901033","la Barceloneta","35","8","41.378943187737114","0","0","513.5000928680347","0","0","1106.6425559902884","171","627.5947923711606","16.906601704701316","11.696969696969697","","ELECTRICBIKESTATION","01-CiutatVella/03-la Barceloneta","True","446","1000","1774994105","27310","13394","488","531","34","187","302","140","126","91","77","1019","157","497","343","42.0","522","216","16","156","1019","220.1","158.96","16.3","7.4","","POINT (432136.254858 4581037.462508)"
"447","C/ ALMOGÀVERS, 63","C/ ALMOGÀVERS, 63","8018.0","27","0801902001","el Fort Pienc","46","38","10.764513280908401","8","2","70.00621527634756","8","2","77.43618504587168","91","3109.071567656921","34.94994884638964","18.105263157894736","","ELECTRICBIKESTATION","02-Eixample/05-el Fort Pienc","True","447","1000","1774994105","41726","17933","679","611","108","155","212","237","172","142","160","1290","176","532","501","80.4","459","346","102","103","1290","446.34","132.87","131.58","4.8","","POINT (431952.804011 4582849.597029)"
"448","C/ RAMÓN TURRÓ, 160","C/ RAMÓN TURRÓ, 160","8005.0","27","0801910057","el Poblenou","15","6","118.91472599745664","1","1","291.9139119167773","0","0","983.2577006426066","136","1675.5848468412617","15.754630515716745","10.820512820512821","","ELECTRICBIKESTATION","10-SantMartí/68-el Poblenou","True","448","1000","1774994105","36549","16483","669","688","101","121","268","307","194","121","111","1357","180","523","504","68.1","437","324","96","149","1357","439.67","202.19","130.27","5.2","","POINT (433106.293449 4583169.44935)"
"449","C/ BOLIVIA, 120","C/ BOLIVIA, 120","8018.0","27","0801910097","Provençals del Poblenou","14","10","42.21804691624254","0","0","633.3537047787497","8","3","274.8976826883574","175","1589.8706318915492","48.03145204093847","11.432432432432432","","ELECTRICBIKESTATION","10-SantMartí/71-Provençals del Poblenou","True","449","1000","1774994105","47256","19539","775","700","200","136","196","285","273","100","155","1475","182","611","577","77.1","302","280","38","122","1475","413.0","179.95","56.05","6.3","","POINT (432710.424302 4584120.187345)"
"45","C/ SARDENYA, 66","C/ SARDENYA, 66","8005.0","27","0801910051","la Vila Olímpica del Poblenou","22","7","79.38709612508833","4","2","463.9627053242856","12","2","159.3701346091319","134","2579.754013453371","11.03143211831845","17.384615384615383","","ELECTRICBIKESTATION","10-SantMartí/67-la Vila Olímpica del Poblenou","True","45","1000","1774994105","49710","19457","785","790","154","183","238","263","237","163","204","1575","169","614","660","82.1","440","296","20","143","1575","466.2","225.22","31.5","5.4","","POINT (432229.530504 4582531.982229)"
"450","C/ CRISTOBAL DE MOURA, 84","C/ CRISTOBAL DE MOURA, 84","8019.0","27","0801910095","Provençals del Poblenou","16","4","52.53355483421959","1","1","389.97360661480946","4","1","331.74902459738934","249","1495.596610868249","27.923706405143456","9.552631578947368","","ELECTRICBIKESTATION","10-SantMartí/71-Provençals del Poblenou","True","450","1000","1774994105","36471","14964","642","645","123","129","210","259","198","133","108","1287","199","602","344","66.4","326","276","88","108","1287","355.21","139.0","113.26","6.3","","POINT (433653.481088 4584655.643938)"
"451","C/ PALLARS, 504","C/ PALLARS, 504","8019.0","24","0801910091","el Besòs i el Maresme","14","10","34.0509728061699","2","1","141.4705111321678","8","3","367.44322847941334","51","729.0953383510716","21.643317405390754","11.575","","ELECTRICBIKESTATION","10-SantMartí/70-el Besòs i el Maresme","True","451","1000","1774994105","34764","13799","927","947","185","194","268","293","294","246","256","1874","466","988","345","70.3","520","292","32","106","1874","547.21","198.64","59.97","6.3","","POINT (434398.991438 4585020.548954)"
"452","GRAN VIA DE LES CORTS CATALANES, 1157 (D)","GRAN VIA DE LES CORTS CATALANES, 1157 (D)","8020.0","54","0801910088","el Besòs i el Maresme","24","12","91.7652114813982","1","1","106.54201409527403","8","2","71.01036285532395","62","849.0629069271911","117.24154097116897","16.36842105263158","","ELECTRICBIKESTATION","10-SantMartí/73-la Verneda i la Pau","True","452","1000","1774994105","36128","14842","808","797","150","194","205","199","274","277","205","1605","344","925","231","81.9","242","293","26","106","1605","470.26","170.13","41.73","6.3","","POINT (433927.403473 4585628.542758)"
"454","C/ SARDENYA, 402","C/ SARDENYA, 402","8025.0","27","0801907003","el Baix Guinardó","18","7","72.31210312310792","2","1","450.515748459395","0","0","915.2970053125742","179","2430.606753192342","9.639758933393233","72.4054054054054","","ELECTRICBIKESTATION","07-Horta-Guinardó/33-el Baix Guinardó","True","454","1000","1774994105","45343","18735","662","593","127","166","199","209","139","173","137","1255","110","543","553","74.4","345","238","26","160","1255","298.69","200.8","32.63","5.2","","POINT (430499.773199 4584299.175327)"
"455","C/ PROVENÇA, 595","C/ PROVENÇA, 595","8026.0","22","0801910013","el Camp de l'Arpa del Clot","11","6","150.8732260658948","16","5","339.783106011979","0","0","950.5049790461976","157","2406.5090202638617","7.598902417150655","42.111111111111114","","ELECTRICBIKESTATION","10-SantMartí/64-el Camp de l'Arpa del Clot","True","455","1000","1774994105","39547","18080","696","610","100","139","229","214","189","138","184","1306","185","574","484","69.1","345","264","25","146","1306","344.78","190.68","32.65","5.9","","POINT (431690.443256 4584659.778484)"
"456","C/ MÚRCIA, 1","C/ MÚRCIA, 1","8026.0","21","0801910028","el Clot","26","10","31.2141645941515","8","2","194.35655896526302","0","0","859.4719237529085","142","2271.7757406046767","6.552619887810167","34.3421052631579","","ELECTRICBIKESTATION","10-SantMartí/65-el Clot","True","456","1000","1774994105","42066","16685","869","815","150","232","232","245","307","247","171","1684","203","859","537","70.5","390","287","42","147","1684","483.31","247.55","70.73","5.9","","POINT (432093.073319 4585072.836377)"
"457","C/ GRANADELLA, 10-19 | C/ SAS","C/ GRANADELLA, 10-19 | C/ SAS","8030.0","18","0801909010","el Bon Pastor","29","7","64.95464971846363","1","1","258.18002552990157","0","0","2073.851169461872","87","188.0417455052891","284.8481431138652","20.736842105263158","","ELECTRICBIKESTATION","09-SantAndreu/59-el Bon Pastor","True","457","1000","1774994105","32710","13544","877","858","169","211","182","264","273","259","250","1735","484","910","189","76.5","209","333","54","102","1735","577.76","176.97","93.69","4.9","","POINT (433498.879416 4587721.413891)"
"458","C/ TUCUMÁN, 21","C/ TUCUMÁN, 21","8030.0","24","0801909009","el Bon Pastor","21","5","148.07755866514876","1","1","476.13769529566207","0","0","2939.2614365814893","76","224.24713484395176","163.12166207375552","23.605263157894736","","ELECTRICBIKESTATION","09-SantAndreu/59-el Bon Pastor","True","458","1000","1774994105","40499","15010","713","639","191","116","127","261","200","108","228","1352","301","678","242","68.1","158","696","276","218","1352","940.99","294.74","373.15","4.9","","POINT (433260.924158 4588554.601317)"
"459","PG. SANTA COLOMA, 105","PG. SANTA COLOMA, 105","8030.0","39","0801909005","la Trinitat Vella","20","8","160.54637562538943","3","1","269.4551248794974","0","0","3245.5940068014725","21","1201.0515078836227","9.870287726807074","23.972972972972972","","ELECTRICBIKESTATION","09-SantAndreu/57-la Trinitat Vella","True","459","1000","1774994105","35830","13581","785","786","168","185","223","319","226","153","139","1571","304","838","279","67.5","342","303","49","108","1571","476.01","169.67","76.98","9.9","","POINT (432981.91555 4588795.228373)"
"46","C/ VILLENA, 1","C/ VILLENA, 1","8005.0","54","0801910054","la Vila Olímpica del Poblenou","25","9","122.67190289202165","2","1","225.65564901226094","8","2","110.02231497452824","73","1960.893326116558","45.13574798130527","12.473684210526315","","ELECTRICBIKESTATION","10-SantMartí/67-la Vila Olímpica del Poblenou","True","46","1000","1774994105","63952","24193","497","445","92","143","124","124","161","137","75","942","55","306","471","109.4","232","360","53","175","942","339.12","164.85","49.93","5.4","","POINT (432462.624974 4582212.331233)"
"460","C/ MIREIA, 28","C/ MIREIA, 28","8033.0","15","0801909003","la Trinitat Vella","63","19","24.43864350685134","4","3","398.0578100299713","0","0","3857.178355225448","31","192.1831653611883","244.56208818593802","57.57142857142857","","ELECTRICBIKESTATION","09-SantAndreu/57-la Trinitat Vella","True","460","1000","1774994105","28431","10264","1019","1104","230","288","329","365","270","172","237","2123","618","1083","188","60.6","718","248","35","109","2123","526.5","231.41","74.31","9.9","","POINT (432300.213272 4589184.197942)"
"461","AV. RIO DE JANEIRO, 118","AV. RIO DE JANEIRO, 118","8016.0","28","0801908095","la Prosperitat","31","22","38.74791171608561","4","1","418.9951099523757","0","0","3184.9831168155447","37","701.1945861048238","0.07949359804946404","56.15384615384615","","ELECTRICBIKESTATION","08-NouBarris/52-la Prosperitat","True","461","1000","1774994105","40339","16282","511","499","101","100","120","155","157","106","205","1010","198","588","210","73.0","138","293","23","117","1010","295.93","118.17","23.23","6.6","","POINT (431978.139924 4588199.359829)"
"462","C/ PALAMÓS, 33","C/ PALAMÓS, 33","8033.0","28","0801908104","la Trinitat Nova","19","7","25.14743389194641","4","3","278.3093561185124","0","0","3623.1271472580947","26","0.0","319.3260539681404","62.5","","ELECTRICBIKESTATION","08-NouBarris/53-la Trinitat Nova","True","462","1000","1774994105","26883","11137","601","573","102","163","166","207","173","157","98","1174","336","682","102","56.3","329","279","22","95","1174","327.55","111.53","25.83","9.5","","POINT (431910.097998 4588692.304344)"
"463","C/ PEDROSA, 24","C/ PEDROSA, 24","8033.0","24","0801908107","la Trinitat Nova","44","11","99.31141165266364","4","3","21.489577443174266","0","0","3889.251914840351","26","518.507217787142","68.10613243271916","77.21052631578948","","ELECTRICBIKESTATION","08-NouBarris/53-la Trinitat Nova","True","463","1000","1774994105","28579","11416","928","861","186","221","225","264","344","242","174","1789","551","961","156","73.9","284","266","33","113","1789","475.87","202.16","59.04","9.5","","POINT (431788.976403 4588931.593132)"
"464","AV. RIO DE JANEIRO, 96","AV. RIO DE JANEIRO, 96","8016.0","24","0801908092","la Prosperitat","16","5","36.39186702135735","0","0","549.8585126854675","0","0","3147.7197457748007","59","861.8662488749064","8.476092677720997","54.270270270270274","","ELECTRICBIKESTATION","08-NouBarris/52-la Prosperitat","True","464","1000","1774994105","35831","14608","490","456","82","86","110","117","145","145","201","946","281","496","117","63.5","166","319","28","120","946","301.77","113.52","26.49","6.6","","POINT (431691.847123 4587891.509547)"
"465","C/ ROSSELLÓ, 261","C/ ROSSELLÓ, 261","8008.0","27","0801902083","la Dreta de l'Eixample","23","15","68.10402066704742","16","3","59.29899500499942","0","0","715.0482839268346","364","2053.5857335895134","102.87201548727857","59.432432432432435","","ELECTRICBIKESTATION","02-Eixample/07-la Dreta de l'Eixample","True","465","1000","1774994105","66319","28846","963","871","169","341","292","280","219","181","232","1834","85","596","1098","121.9","690","646","308","285","1834","1184.76","522.69","564.87","4.2","","POINT (429773.478644 4582993.20792)"
"466","C/ PABLO IGLESIAS, 21","C/ PABLO IGLESIAS, 21","8016.0","30","0801908090","la Prosperitat","26","9","216.43336527352588","2","1","231.39532445783863","0","0","3501.2511008740566","58","370.78203933137723","234.5234274616076","73.78378378378379","","ELECTRICBIKESTATION","08-NouBarris/52-la Prosperitat","True","466","1000","1774994105","32819","13856","590","551","120","126","161","201","150","100","192","1141","293","612","189","64.6","232","285","32","127","1141","325.18","144.91","36.51","6.6","","POINT (431609.687782 4588302.539636)"
"467","PL. JESÚS CARRASCO","PL. JESÚS CARRASCO","8042.0","20","0801908075","Verdun","49","13","60.62042557157402","6","2","210.70594661736425","0","0","3898.5765540969846","54","486.2065145784135","186.1069693840731","101.61111111111111","","ELECTRICBIKESTATION","08-NouBarris/51-Verdun","True","467","1000","1774994105","29170","12501","971","827","185","223","218","331","282","189","232","1798","439","1035","254","56.9","509","257","34","84","1798","462.09","151.03","61.13","7.3","","POINT (431228.917927 4588490.382414)"
"468","C/ NOU BARRIS, 23","C/ NOU BARRIS, 23","8042.0","18","0801908067","les Roquetes","37","11","108.36072663873085","7","3","163.07265069521495","0","0","4098.258054991648","58","322.3929580227548","244.33823244442257","118.10526315789474","","ELECTRICBIKESTATION","08-NouBarris/50-les Roquetes","True","468","1000","1774994105","31663","12368","916","854","202","234","228","289","272","199","199","1770","426","938","268","68.7","451","294","35","116","1770","520.38","205.32","61.95","7.3","","POINT (431298.024982 4588822.825304)"
"469","C/ SANT FRANCESC XAVIER, 1","C/ SANT FRANCESC XAVIER, 1","8016.0","12","0801908087","la Prosperitat","32","10","50.412584480617674","2","1","231.36672975488952","0","0","3555.150298643972","75","864.0951302316416","40.9590796369593","80.94736842105263","","ELECTRICBIKESTATION","08-NouBarris/52-la Prosperitat","True","469","1000","1774994105","30484","13292","609","529","131","112","139","217","151","148","164","1138","253","692","178","58.5","272","271","39","88","1138","308.4","100.14","44.38","6.6","","POINT (431344.786428 4588117.754326)"
"47","C/ RAMON TRIAS FARGAS, 21","C/ RAMON TRIAS FARGAS, 21","8005.0","47","0801910054","la Vila Olímpica del Poblenou","19","5","25.02515969401735","2","1","450.325246685701","8","2","152.08146293480564","101","1437.6410840006583","18.873261021048236","15.18918918918919","","ELECTRICBIKESTATION","10-SantMartí/67-la Vila Olímpica del Poblenou","True","47","1000","1774994105","63952","24193","497","445","92","143","124","124","161","137","75","942","55","306","471","109.4","232","360","53","175","942","339.12","164.85","49.93","5.4","","POINT (432314.290025 4582392.782071)"
"470","C/ GÒNGORA, 23","C/ GÒNGORA, 23","8042.0","24","0801908078","Verdun","33","13","78.59920662904256","6","2","334.81059894917087","0","0","3891.6616035347784","51","179.02120247586208","289.25517566963447","101.8","","ELECTRICBIKESTATION","08-NouBarris/51-Verdun","True","470","1000","1774994105","26754","11586","772","705","140","174","228","250","237","174","157","1477","368","898","205","51.3","509","217","19","105","1477","320.51","155.08","28.06","7.3","","POINT (431051.438079 4588295.539142)"
"471","PG. VALLDAURA, 171","PG. VALLDAURA, 171","8042.0","24","0801908056","la Guineueta","45","12","132.17590559963813","3","1","260.61606178597","0","0","3724.5503683792235","81","740.0519299193204","32.97383285822248","88.64102564102564","","ELECTRICBIKESTATION","08-NouBarris/48-la Guineueta","True","471","1000","1774994105","35178","14348","691","653","135","170","145","212","265","147","183","1344","310","831","253","69.6","234","287","30","107","1344","385.73","143.81","40.32","8.3","","POINT (430790.649769 4587812.298047)"
"472","VIA FAVÈNCIA, 186","VIA FAVÈNCIA, 186","8042.0","24","0801908057","la Guineueta","31","13","16.791207837435593","2","1","352.88550731979217","0","0","4089.1046509847047","51","0.0","443.24539718689056","109.39473684210526","","ELECTRICBIKESTATION","08-NouBarris/48-la Guineueta","True","472","1000","1774994105","36223","15107","617","548","120","131","146","171","232","128","159","1165","280","690","243","79.4","206","269","18","88","1165","313.39","102.52","20.97","8.3","","POINT (430697.437897 4588239.10052)"
"473","PG. FABRA I PUIG, 449","PG. FABRA I PUIG, 449","8042.0","21","0801908051","la Guineueta","52","15","38.05151900934888","2","1","319.90850207545736","0","0","4066.8503935051326","76","385.2307458298662","33.59564938897566","103.92307692307692","","ELECTRICBIKESTATION","08-NouBarris/48-la Guineueta","True","473","1000","1774994105","41662","16380","677","633","201","92","97","296","229","114","184","1310","205","691","252","75.6","93","406","35","125","1310","531.86","163.75","45.85","8.3","","POINT (430305.480179 4587812.849282)"
"474","VIA FAVÈNCIA, 47","VIA FAVÈNCIA, 47","8042.0","24","0801908062","Canyelles","41","13","35.264305654551734","2","1","17.447506335247578","0","0","4263.486909923221","42","0.0","303.35190877815126","111.65714285714286","","ELECTRICBIKESTATION","08-NouBarris/49-Canyelles","True","474","1000","1774994105","38677","16049","570","512","91","109","106","137","162","213","217","1082","284","596","142","80.7","71","387","37","131","1082","418.73","141.74","40.03","9.0","","POINT (430364.806854 4588144.923009)"
"475","C/ CAMPO FLORIDO, 66","C/ CAMPO FLORIDO, 66","8027.0","19","0801909082","el Congrés i els Indians","26","13","51.75698806216374","4","2","219.59682306732287","0","0","1884.935423196116","112","963.5515660966666","221.40261965906055","58.05555555555556","","ELECTRICBIKESTATION","09-SantAndreu/62-el Congrés i els Indians","True","475","1000","1774994105","39239","16025","976","907","165","216","292","345","312","220","160","1883","277","930","607","69.1","468","241","37","141","1883","453.8","265.5","69.67","5.3","","POINT (431476.813599 4585892.997262)"
"476","C/ PERIODISTES, 9","C/ PERIODISTES, 9","8032.0","18","0801907050","el Guinardó","16","6","41.163705336206505","4","2","256.2356958936104","0","0","2226.123936814836","74","400.7490777199739","225.6034138639308","87.3157894736842","","ELECTRICBIKESTATION","07-Horta-Guinardó/35-el Guinardó","True","476","1000","1774994105","37569","16523","596","542","94","135","195","192","179","129","125","1138","153","570","358","63.3","316","230","35","166","1138","261.74","188.91","39.83","5.5","","POINT (431010.340726 4585937.755298)"
"477","C/ AMILCAR, 78","C/ AMILCAR, 78","8032.0","26","0801907052","la Font d'en Fargues","12","6","65.08177631474996","9","2","320.1691451228672","0","0","2673.8588097285688","53","0.0","306.8681926978506","85.58333333333333","","ELECTRICBIKESTATION","07-Horta-Guinardó/36-la Font d'en Fargues","True","477","1000","1774994105","55776","21956","586","586","122","93","138","213","159","128","200","1172","144","512","472","76.7","147","348","40","196","1172","407.86","229.71","46.88","6.9","","POINT (430835.164328 4586387.774952)"
"478","C/ ESCULTOR LLIMONA, 7","C/ ESCULTOR LLIMONA, 7","8031.0","30","0801908006","Vilapicina i la Torre Llobeta","16","6","118.78607857554631","7","1","339.6576864613693","0","0","2939.968128120057","79","0.0","415.3199006258695","81.97435897435898","","ELECTRICBIKESTATION","08-NouBarris/44-Vilapicina i la Torre Llobeta","True","478","1000","1774994105","39670","15922","830","736","171","176","228","264","209","185","208","1566","229","800","459","70.3","359","267","38","152","1566","418.12","238.03","59.51","6.6","","POINT (430628.299961 4586559.908023)"
"479","PG. FABRA I PUIG, 344","PG. FABRA I PUIG, 344","8031.0","18","0801908045","el Turó de la Peira","11","3","50.823541461176205","1","1","91.88493970162837","0","0","3336.9505076189275","46","0.0","610.2416084359522","90.60526315789474","","ELECTRICBIKESTATION","08-NouBarris/46-el Turó de la Peira","True","479","1000","1774994105","30500","11488","828","815","157","235","264","263","253","203","120","1643","371","945","262","62.2","526","190","22","90","1643","312.17","147.87","36.15","5.9","","POINT (430409.977868 4586896.803206)"
"48","AV. MERIDIANA, 40","AV. MERIDIANA, 40","8018.0","21","0801910044","el Parc i la Llacuna del Poblenou","21","9","42.49189440454289","4","2","150.9739419369395","8","2","166.3514263464246","135","2890.3257752038103","20.396136140044543","19.135135135135137","","ELECTRICBIKESTATION","10-SantMartí/66-el Parc i la Llacuna del Poblenou","True","48","1000","1774994105","42072","18058","775","725","95","192","267","210","186","239","215","1500","189","639","617","75.7","422","297","42","132","1500","445.5","198.0","63.0","5.3","","POINT (432052.475392 4583044.282155)"
"480","PG. FABRA I PUIG, 385","PG. FABRA I PUIG, 385","8031.0","28","0801907106","Horta","8","4","32.0500102542741","3","1","466.907939270655","0","0","3788.960358136123","45","0.0","676.3116983374272","102.08571428571429","","ELECTRICBIKESTATION","07-Horta-Guinardó/43-Horta","True","480","1000","1774994105","42100","17216","566","500","125","90","140","184","163","142","136","1066","211","531","291","74.0","122","290","27","141","1066","309.14","150.31","28.78","6.0","","POINT (430063.544403 4587200.246348)"
"481","PG. FABRA I PUIG, 411","PG. FABRA I PUIG, 411","8031.0","27","0801907105","Horta","16","4","80.62227165953865","0","0","626.0750232045989","0","0","3930.1906784590233","41","0.0","391.3604943590346","94.35897435897436","","ELECTRICBIKESTATION","07-Horta-Guinardó/43-Horta","True","481","1000","1774994105","42471","18480","514","464","82","97","114","141","148","159","168","978","170","474","281","70.2","87","358","23","203","978","350.12","198.53","22.49","6.0","","POINT (430145.249302 4587473.911246)"
"482","PG. UNIVERSAL, 29 | C/ DOCTOR LETAMENDI","PG. UNIVERSAL, 29 | C/ DOCTOR LETAMENDI","8042.0","23","0801907105","Horta","23","12","63.19661001466541","1","1","431.2127362179203","0","0","4149.56511942228","41","0.0","323.344439982363","103.47222222222223","","ELECTRICBIKESTATION","07-Horta-Guinardó/43-Horta","True","482","1000","1774994105","42471","18480","514","464","82","97","114","141","148","159","168","978","170","474","281","70.2","87","358","23","203","978","350.12","198.53","22.49","6.0","","POINT (429992.323228 4587631.320142)"
"483","BAIXADA DE LA PLANA, 35","BAIXADA DE LA PLANA, 35","8032.0","32","0801907119","Horta","45","11","9.245981571589427","3","1","98.25088552337961","0","0","3488.220194900883","112","0.0","316.75041059530037","92.62162162162163","","ELECTRICBIKESTATION","07-Horta-Guinardó/43-Horta","True","483","1000","1774994105","35556","14926","654","590","107","154","209","186","200","121","152","1244","222","662","314","66.3","297","252","34","142","1244","313.49","176.65","42.3","6.0","","POINT (429738.179147 4586776.756836)"
"484","C/ EDUARD TODA, 33 | C/ DOCTOR LETAMENDI","C/ EDUARD TODA, 33 | C/ DOCTOR LETAMENDI","8031.0","27","0801907110","Horta","7","1","137.17160843967284","1","1","398.81494895391313","0","0","4037.8661784182996","53","0.0","477.1943881154988","105.64864864864865","","ELECTRICBIKESTATION","07-Horta-Guinardó/43-Horta","True","484","1000","1774994105","42289","17676","488","405","84","89","94","132","143","112","175","893","185","465","261","69.9","99","304","20","161","893","271.47","143.77","17.86","6.0","","POINT (429697.384882 4587345.22574)"
"485","PG. VALLDAURA, 26","PG. VALLDAURA, 26","8031.0","27","0801907109","Horta","35","12","52.911821547223575","1","1","65.16818432835652","0","0","4394.623330408033","37","0.0","407.94397738145716","123.86842105263158","","ELECTRICBIKESTATION","07-Horta-Guinardó/43-Horta","True","485","1000","1774994105","33451","14478","842","760","152","155","220","267","236","168","284","1602","343","768","374","60.8","304","287","32","140","1602","459.77","224.28","51.26","6.0","","POINT (429537.376011 4587667.737097)"
"486","C/ PORTO, 35 | AV. ESTATUT DE CATALUNYA","C/ PORTO, 35 | AV. ESTATUT DE CATALUNYA","8032.0","28","0801907112","Horta","24","9","105.62989401955637","3","1","334.0448082077228","0","0","3684.3753481314993","57","284.1109312253777","72.46398846346808","93.39473684210526","","ELECTRICBIKESTATION","07-Horta-Guinardó/43-Horta","True","486","1000","1774994105","43884","17437","648","581","133","123","154","168","224","184","161","1229","246","621","340","71.2","195","288","40","128","1229","353.95","157.31","49.16","6.0","","POINT (429519.983456 4586903.998364)"
"487","C/ LISBOA, 128","C/ LISBOA, 128","8032.0","27","0801907102","el Carmel","22","7","149.83957946540858","4","2","357.2207736554066","0","0","3390.1098565592138","88","391.58598637335655","169.69022220939178","117.66666666666667","","ELECTRICBIKESTATION","07-Horta-Guinardó/42-la Clota","True","487","1000","1774994105","40693","16063","306","341","53","59","121","140","104","43","46","647","109","327","246","71.2","111","283","94","213","647","183.1","137.81","60.82","6.4","","POINT (429159.515649 4586480.453697)"
"488","AV. CAN MARCET, 36","AV. CAN MARCET, 36","8035.0","27","0801907098","la Vall d'Hebron","15","8","46.92060710406658","3","1","97.30121626002654","0","0","4350.08713593497","35","314.5727026658999","42.713506904206845","141.02564102564102","","ELECTRICBIKESTATION","07-Horta-Guinardó/41-la Vall d'Hebron","True","488","1000","1774994105","54299","21745","1074","981","203","220","226","342","330","246","282","2055","222","836","793","88.9","196","353","30","133","2055","725.42","273.32","61.65","6.5","","POINT (428810.076388 4587374.578364)"
"489","C/ JORGE MANRIQUE, 15","C/ JORGE MANRIQUE, 15","8035.0","27","0801907101","la Vall d'Hebron","6","2","47.57088698411263","5","1","411.2140554070549","0","0","3921.6010663516167","33","250.982554073796","156.43158571874412","124.02631578947368","","ELECTRICBIKESTATION","07-Horta-Guinardó/41-la Vall d'Hebron","True","489","1000","1774994105","39871","17038","718","634","102","144","149","211","202","129","321","1352","296","683","371","60.1","230","304","36","114","1352","411.01","154.13","48.67","6.5","","POINT (428973.825514 4586978.545166)"
"49","C/ ROSA SENSAT, 20","C/ ROSA SENSAT, 20","8005.0","21","0801910053","la Vila Olímpica del Poblenou","14","7","77.3275857490642","0","0","573.7235472665176","0","0","545.3853031969915","92","985.0866746123729","179.51603635687917","10.91891891891892","","ELECTRICBIKESTATION","10-SantMartí/67-la Vila Olímpica del Poblenou","True","49","1000","1774994105","84079","31542","856","837","147","258","208","190","270","322","187","1693","83","478","958","87.2","357","400","48","195","1693","677.2","330.14","81.26","5.4","","POINT (432831.538614 4582483.029902)"
"490","PG. VALL D'HEBRÓN, 168","PG. VALL D'HEBRÓN, 168","8035.0","50","0801907101","la Vall d'Hebron","26","14","21.34654746052827","8","3","285.8383130449271","0","0","3809.990246320952","88","588.4122871406739","9.023685466155824","157.3421052631579","","ELECTRICBIKESTATION","07-Horta-Guinardó/41-la Vall d'Hebron","True","490","1000","1774994105","39871","17038","718","634","102","144","149","211","202","129","321","1352","296","683","371","60.1","230","304","36","114","1352","411.01","154.13","48.67","6.5","","POINT (428508.090547 4586631.533673)"
"491","C/ PARE MARIANA, 24","C/ PARE MARIANA, 24","8035.0","27","0801907101","la Vall d'Hebron","27","8","69.47902460413657","2","1","49.34223859142322","0","0","4012.4876807131345","113","127.27463630429583","225.2530742166155","144.35897435897436","","ELECTRICBIKESTATION","07-Horta-Guinardó/41-la Vall d'Hebron","True","491","1000","1774994105","39871","17038","718","634","102","144","149","211","202","129","321","1352","296","683","371","60.1","230","304","36","114","1352","411.01","154.13","48.67","6.5","","POINT (428616.823566 4586919.371584)"
"492","PL. TETUAN","PL. TETUAN","8010.0","24","0801902073","la Dreta de l'Eixample","66","21","101.52895043093453","4","3","64.16541925055586","0","0","650.902112432495","248","2503.511968138958","35.000944582415634","32.973684210526315","","ELECTRICBIKESTATION","02-Eixample/07-la Dreta de l'Eixample","True","492","1000","1774994105","57060","23724","806","740","129","246","282","263","214","178","138","1546","98","528","891","123.6","532","281","35","188","1546","434.43","290.65","54.11","4.2","","POINT (431045.401826 4582862.852792)"
"493","PG. VALL D'HEBRÓN, 80","PG. VALL D'HEBRÓN, 80","8023.0","24","0801906010","Vallcarca i els Penitents","45","13","77.53306968688003","3","1","241.37067095851202","0","0","3088.3156631341717","127","413.0671677297678","48.87951038979","177.94736842105263","","ELECTRICBIKESTATION","06-Gràcia/28-Vallcarca i els Penitents","True","493","1000","1774994105","57552","23746","508","468","90","106","113","162","134","126","167","976","126","435","356","73.4","185","388","22","211","976","378.69","205.94","21.47","4.9","","POINT (428148.607491 4585735.550355)"
"494","RBLA. CATALUNYA, 33 - C/ DIPUTACIÓ","RBLA. CATALUNYA, 33 - C/ DIPUTACIÓ","8007.0","24","0801902079","la Dreta de l'Eixample","58","22","177.87923681508462","41","7","209.92568850518168","0","0","992.6339889837514","434","1986.2254292400016","49.42752762156776","42.78947368421053","","ELECTRICBIKESTATION","02-Eixample/07-la Dreta de l'Eixample","True","494","1000","1774994105","67110","28148","704","715","126","275","279","214","153","115","171","1419","88","420","824","133.4","602","594","234","261","1419","842.89","370.36","332.05","4.2","","POINT (430208.532044 4582354.728055)"
"495","C/ DIPUTACIÓ, 22","C/ DIPUTACIÓ, 22","8015.0","21","0801902149","la Nova Esquerra de l'Eixample","56","24","48.79161691027234","22","4","272.18382482541","0","0","1704.7505677377972","283","2606.9480006389563","6.496308127992469","36.08108108108108","","ELECTRICBIKESTATION","02-Eixample/09-la Nova Esquerra de l'Eixample","True","495","1000","1774994105","39990","16465","899","879","143","259","318","302","257","201","163","1778","164","741","748","85.7","554","221","32","181","1778","392.94","321.82","56.9","4.9","","POINT (428966.895635 4581051.023138)"
"496","C/ PROVENÇA,  445","C/ PROVENÇA, 445","8025.0","18","0801902049","la Sagrada Família","31","11","102.48833218585276","4","2","62.421935487063884","0","0","521.7800184001624","357","2024.4805524097096","15.085285726429113","48.31578947368421","","ELECTRICBIKESTATION","02-Eixample/06-la Sagrada Família","True","496","1000","1774994105","39379","17545","1031","892","117","291","400","281","243","209","258","1923","251","810","840","68.1","760","233","22","150","1923","448.06","288.45","42.31","5.1","","POINT (431025.432476 4584030.721217)"
"497","PTGE. MALUQUER, 16","PTGE. MALUQUER, 16","8022.0","27","0801905035","Sant Gervasi - la Bonanova","23","8","59.616805160630975","3","1","107.15889416713239","0","0","2012.5395860666354","110","0.0","590.536031524675","139.46153846153845","","ELECTRICBIKESTATION","05-Sarrià-StGervasi/25-Sant Gervasi - la Bonanova","True","497","1000","1774994105","98221","34765","503","478","143","109","82","97","145","128","230","981","43","362","529","153.7","116","479","31","328","981","469.9","321.77","30.41","3.3","","POINT (427790.18663 4584582.616651)"
"498","C/ ESTEVE TERRADAS, 42","C/ ESTEVE TERRADAS, 42","8023.0","26","0801906006","Vallcarca i els Penitents","41","12","73.21866267800516","6","1","382.8947035121794","0","0","2483.1878083100746","125","951.8709487824088","17.998333239658827","150.97222222222223","","ELECTRICBIKESTATION","06-Gràcia/28-Vallcarca i els Penitents","True","498","1000","1774994105","62157","25693","498","479","103","108","123","141","154","131","136","977","82","343","448","83.8","139","376","24","250","977","367.35","244.25","23.45","4.9","","POINT (428147.678206 4585128.413773)"
"499","AV. VALLCARCA, 196","AV. VALLCARCA, 196","8023.0","27","0801906012","Vallcarca i els Penitents","23","6","29.607712183747328","3","1","223.5824917335438","0","0","2645.499878996256","86","813.0848335172767","7.733847280900295","147.56756756756758","","ELECTRICBIKESTATION","06-Gràcia/28-Vallcarca i els Penitents","True","499","1000","1774994105","63096","24189","574","527","123","112","123","182","156","112","201","1101","101","421","483","82.7","196","338","15","227","1101","372.14","249.93","16.52","4.9","","POINT (428308.775983 4585299.92321)"
"5","PG. LLUIS COMPANYS, 11 (ARC TRIOMF)","PG. LLUIS COMPANYS, 11 (ARC TRIOMF)","8018.0","39","0801901055","Sant Pere, Santa Caterina i la Ribera","36","13","44.93827826889036","7","2","128.05977293359618","0","0","650.9335575681486","249","1812.0342380930047","8.653276307536984","23.05128205128205","","ELECTRICBIKESTATION","01-CiutatVella/04-Sant Pere, Santa Caterina i la Ribera","True","5","1000","1774994105","41259","18412","607","617","85","132","214","197","157","136","210","1224","155","470","522","84.8","420","239","29","123","1224","292.54","150.55","35.5","","","POINT (431460.44477 4582498.970342)"
"50","AV. PARAL.LEL, 54","AV. PARAL.LEL, 54","8004.0","18","0801901003","el Raval","21","10","43.06397007798157","11","2","141.72216928083176","0","0","2225.3701894875076","219","1108.918411988297","23.084202308437536","17.94871794871795","","ELECTRICBIKESTATION","01-CiutatVella/01-el Raval","True","50","1000","1774994105","28028","9937","1533","1837","431","540","611","497","365","259","188","3370","768","1310","628","59.1","1584","120","28","80","3370","404.4","269.6","94.36","7.4","","POINT (430671.159022 4580731.245698)"
"500","C/ ARGENTERA, 23","C/ ARGENTERA, 23","8023.0","23","0801906006","Vallcarca i els Penitents","33","10","70.94085165185066","3","1","73.05139953947238","0","0","2175.0120972905584","112","752.9420388509262","12.481367475823973","121.2051282051282","","ELECTRICBIKESTATION","06-Gràcia/28-Vallcarca i els Penitents","True","500","1000","1774994105","62157","25693","498","479","103","108","123","141","154","131","136","977","82","343","448","83.8","139","376","24","250","977","367.35","244.25","23.45","4.9","","POINT (428570.83409 4584820.736481)"
"501","C/ ELISA, 1","C/ ELISA, 1","8023.0","16","0801905092","el Putxet i el Farró","17","5","104.46405008926236","4","1","236.54097102034908","0","0","1449.8458695391196","60","0.0","602.4569668335423","113.36842105263158","","ELECTRICBIKESTATION","05-Sarrià-StGervasi/27-el Putxet i el Farró","True","501","1000","1774994105","77999","29786","803","687","178","200","192","210","208","213","175","1490","64","518","819","107.6","254","363","26","226","1490","540.87","336.74","38.74","4.2","","POINT (428286.050083 4584102.579784)"
"502","AV. VALLCARCA, 11","AV. VALLCARCA, 11","8023.0","19","0801906001","Vallcarca i els Penitents","37","14","81.82740416790735","2","1","238.86644670646325","0","0","1761.4946899265015","151","236.89806301135718","84.37646443071284","99.13157894736842","","ELECTRICBIKESTATION","06-Gràcia/28-Vallcarca i els Penitents","True","502","1000","1774994105","43059","18437","591","492","89","123","214","191","140","110","110","1083","127","471","509","82.9","352","270","40","191","1083","292.41","206.85","43.32","4.9","","POINT (428889.083163 4584338.07707)"
"503","C/ MAIGNON, 31-41","C/ MAIGNON, 31-41","8024.0","30","0801906021","la Salut","20","6","85.45027591795933","2","1","477.28075674589854","0","0","1757.495809612519","80","0.0","307.2033839761217","118.38461538461539","","ELECTRICBIKESTATION","06-Gràcia/30-la Salut","True","503","1000","1774994105","53734","22343","683","616","149","151","171","182","149","163","217","1299","142","475","569","87.9","290","307","26","166","1299","398.79","215.63","33.77","5.2","","POINT (429166.294937 4584573.873278)"
"504","C/ MASSENS, 76","C/ MASSENS, 76","8024.0","28","0801906028","la Vila de Gràcia","26","7","90.74220973680421","0","0","597.8989364432881","0","0","1543.0710919144785","127","48.76468478494459","251.01146580686728","101.10810810810811","","ELECTRICBIKESTATION","06-Gràcia/31-la Vila de Gràcia","True","504","1000","1774994105","38837","17534","644","617","90","164","233","248","152","125","146","1261","119","506","580","66.9","377","234","18","153","1261","295.07","192.93","22.7","5.1","","POINT (429439.998075 4584531.307502)"
"505","C/ CAMÈLIES, 78","C/ CAMÈLIES, 78","8024.0","27","0801907016","el Baix Guinardó","39","10","83.9422567467823","3","1","275.87155056483226","0","0","1739.9344154571986","91","446.0033910347478","15.885657856229212","122.72972972972973","","ELECTRICBIKESTATION","07-Horta-Guinardó/33-el Baix Guinardó","True","505","1000","1774994105","49277","19850","657","650","117","149","182","182","181","190","203","1307","142","617","435","84.5","179","338","31","207","1307","441.77","270.55","40.52","5.2","","POINT (430289.271139 4585114.654711)"
"506","C/ GARRIGA I ROCA, 2","C/ GARRIGA I ROCA, 2","8041.0","15","0801907029","el Guinardó","22","6","7.948735641382937","2","1","393.1789061071751","0","0","2054.0839903913698","126","0.0","341.3503391236492","117.75675675675676","","ELECTRICBIKESTATION","07-Horta-Guinardó/35-el Guinardó","True","506","1000","1774994105","43038","18647","646","601","108","148","196","186","170","139","209","1247","151","556","459","66.6","266","261","20","179","1247","325.47","223.21","24.94","5.5","","POINT (430794.127582 4585624.352499)"
"507","C/ SARDENYA, 494","C/ SARDENYA, 494","8024.0","24","0801907018","el Baix Guinardó","21","9","62.968014279194186","5","1","189.16390935349713","0","0","1392.9763245535025","109","1760.7218195742264","23.273960152728453","100.66666666666667","","ELECTRICBIKESTATION","07-Horta-Guinardó/33-el Baix Guinardó","True","507","1000","1774994105","39775","16342","824","737","136","189","255","270","225","174","166","1561","159","786","583","77.5","370","222","31","151","1561","346.54","235.71","48.39","5.2","","POINT (430137.177092 4584694.50954)"
"508","C/ SARDENYA, 465","C/ SARDENYA, 465","8025.0","27","0801906079","el Camp d'en Grassot i Gràcia Nova","6","4","135.4688050636112","5","1","333.0595286444419","0","0","1188.462595251465","143","2017.6504629945377","12.39226095418417","84.07894736842105","","ELECTRICBIKESTATION","06-Gràcia/32-el Camp d'en Grassot i Gràcia Nova","True","508","1000","1774994105","43595","19906","580","473","74","117","196","185","126","117","149","1053","90","447","465","69.8","227","263","27","198","1053","276.94","208.49","28.43","4.9","","POINT (430264.208455 4584507.654959)"
"51","PL. VICENÇ MARTORELL","PL. VICENÇ MARTORELL","8001.0","20","0801901021","el Raval","27","22","157.55972236650834","41","7","172.36609045384589","0","0","1585.0625741229387","509","400.93274007333105","137.81686664986685","27.128205128205128","","ELECTRICBIKESTATION","01-CiutatVella/01-el Raval","True","51","1000","1774994105","33778","15240","1010","998","103","402","531","305","221","189","152","2008","240","872","946","78.0","1088","180","43","127","2008","361.44","255.02","86.34","7.4","","POINT (430540.15554 4581748.288792)"
"510","C/ GRAN DE GRÀCIA, 37","C/ GRAN DE GRÀCIA, 37","8012.0","27","0801906043","la Vila de Gràcia","17","7","110.07095151628667","12","3","330.7957533501334","0","0","924.0872661924243","598","769.5151858183274","222.5693321568081","67.80555555555556","","ELECTRICBIKESTATION","06-Gràcia/31-la Vila de Gràcia","True","510","1000","1774994105","46153","21640","645","590","113","178","235","209","151","118","135","1235","82","454","672","83.4","516","263","29","198","1235","324.8","244.53","35.82","5.1","","POINT (429483.220329 4583385.263188)"
"511","C/ GRAN DE GRÀCIA, 91","C/ GRAN DE GRÀCIA, 91","8012.0","20","0801906042","la Vila de Gràcia","35","11","30.52730491610331","5","3","187.806205871871","0","0","1124.890799834157","579","779.6581324497874","211.2653631073366","72.44117647058823","","ELECTRICBIKESTATION","06-Gràcia/31-la Vila de Gràcia","True","511","1000","1774994105","49461","21853","855","759","169","230","293","275","217","141","155","1614","106","598","818","84.7","503","244","39","189","1614","393.82","305.05","62.95","5.1","","POINT (429310.12815 4583583.594732)"
"512","C/ D'ALACANT, 12","C/ D'ALACANT, 12","8017.0","27","0801905025","les Tres Torres","26","9","75.27640249344529","3","1","300.84696815596004","0","0","1108.0864363892895","49","1217.052237726889","60.635832539158194","106.58974358974359","","ELECTRICBIKESTATION","05-Sarrià-StGervasi/24-les Tres Torres","True","512","1000","1774994105","98221","34765","641","586","159","170","122","161","181","154","161","1227","42","406","605","154.1","165","475","27","336","1227","582.82","412.27","33.13","3.3","","POINT (427500.485071 4583533.935263)"
"513","VIA AUGUSTA, 317","VIA AUGUSTA, 317","8017.0","28","0801905011","Sarrià","25","7","101.33749260074626","8","2","117.99053663081084","0","0","1238.5458674670003","96","1253.1276564758796","23.028059552138803","118.37837837837837","","ELECTRICBIKESTATION","05-Sarrià-StGervasi/24-les Tres Torres","True","513","1000","1774994105","64572","25933","718","620","162","147","179","211","187","172","143","1338","60","449","682","80.0","246","340","32","227","1338","454.92","303.73","42.82","2.8","","POINT (426800.28863 4583423.198166)"
"514","C/ ARAGÓ, 614","C/ ARAGÓ, 614","8018.0","24","0801910039","el Clot","30","15","121.89117104251855","12","4","99.49694290281971","4","2","450.75532634306023","251","2128.116765108197","21.22820068678361","25.842105263157894","","ELECTRICBIKESTATION","10-SantMartí/65-el Clot","True","514","1000","1774994105","39563","16195","924","847","162","235","366","288","248","170","170","1771","224","788","636","75.6","577","261","36","117","1771","462.23","207.21","63.76","5.9","","POINT (432175.93311 4584535.535909)"
"515","C/ SANT ADRIÀ, 43","C/ SANT ADRIÀ, 43","8030.0","24","0801909015","el Bon Pastor","25","7","47.38173610779482","3","2","140.79769346586764","0","0","2081.749250947346","63","761.5787059455794","10.717207076503968","22.416666666666668","","ELECTRICBIKESTATION","09-SantAndreu/59-el Bon Pastor","True","515","1000","1774994105","29712","11502","912","880","214","217","238","342","296","156","176","1792","425","1030","223","61.5","537","633","618","124","1792","1134.34","222.21","1107.46","4.9","","POINT (432728.573868 4587383.837682)"
"516","C/ SANT ADRIÀ, 88","C/ SANT ADRIÀ, 88","8030.0","21","0801909015","el Bon Pastor","8","5","43.007819130293896","1","1","395.125038389765","0","0","1877.0102148305475","66","763.9098487398943","12.756818122008653","20.864864864864863","","ELECTRICBIKESTATION","09-SantAndreu/59-el Bon Pastor","True","516","1000","1774994105","29712","11502","912","880","214","217","238","342","296","156","176","1792","425","1030","223","61.5","537","633","618","124","1792","1134.34","222.21","1107.46","4.9","","POINT (433176.369263 4587407.77698)"
"517","AV. RASOS DE PEGUERA, 10","AV. RASOS DE PEGUERA, 10","8033.0","20","0801908115","Ciutat Meridiana","71","14","59.570301707095894","4","2","136.35481668241275","0","0","5316.888200286007","34","0.0","344.48378984962227","56.89473684210526","","ELECTRICBIKESTATION","08-NouBarris/55-Ciutat Meridiana","True","517","1000","1774994105","27144","9650","824","829","176","224","233","250","246","144","186","1653","495","829","124","60.7","528","233","39","63","1653","385.15","104.14","64.47","10.4","","POINT (431433.407015 4590381.352045)"
"518","C/ LLOBREGÓS, 115","C/ LLOBREGÓS, 115","8032.0","27","0801907070","el Carmel","36","9","33.61537240285081","4","2","91.27171186987685","0","0","3037.58346832473","170","0.0","636.2991844896966","120.67647058823529","","ELECTRICBIKESTATION","07-Horta-Guinardó/37-el Carmel","True","518","1000","1774994105","31636","12595","726","649","126","209","178","209","209","157","175","1375","305","730","205","66.2","319","246","35","163","1375","338.25","224.12","48.13","6.4","","POINT (429563.221966 4586246.092055)"
"519","C/ PEDRELL, 52","C/ PEDRELL, 52","8032.0","24","0801907054","la Font d'en Fargues","14","2","39.469102386873224","0","0","659.7459346622977","0","0","2795.03403275103","68","0.0","812.8457393318414","116.78947368421052","","ELECTRICBIKESTATION","07-Horta-Guinardó/36-la Font d'en Fargues","True","519","1000","1774994105","57475","23089","806","763","182","170","180","235","255","187","227","1569","141","691","613","76.8","197","375","40","248","1569","588.38","389.11","62.76","6.9","","POINT (430335.268475 4586234.875794)"
"52","PL. SANT MIQUEL, 4","PL. SANT MIQUEL, 4","8002.0","32","0801901027","el Barri Gòtic","13","8","257.8825621660367","4","2","278.8203533698934","0","0","1327.7902884176024","665","267.127036416224","268.11214651858427","28.333333333333332","","ELECTRICBIKESTATION","01-CiutatVella/02-el Barri Gòtic","True","52","1000","1774994105","31335","13737","717","708","81","312","318","233","187","106","121","1425","156","620","624","95.7","771","377","296","556","1425","537.22","792.3","421.8","4.3","","POINT (431209.404319 4581458.18227)"
"526","C/ TARONGERS | AV. MIRAMAR (TELEFÈRIC)","C/ TARONGERS | AV. MIRAMAR (TELEFÈRIC)","8038.0","28","0801903024","el Poble-sec","8","3","53.532868543920536","0","0","801.366273434127","0","0","3130.9836552658417","46","0.0","718.8634141811322","98.48648648648648","","ELECTRICBIKESTATION","03-Sants-Montjuïc/11-el Poble-sec","True","526","1000","1774994105","32309","13670","940","968","173","245","370","400","280","174","117","1908","344","789","650","58.0","692","245","60","175","1908","467.46","333.9","114.48","6.2","","POINT (430125.85454 4579989.371252)"
"527","PG. OLIMPIC, 8","PG. OLIMPIC, 8","8038.0","36","0801903024","el Poble-sec","4","2","40.372649056196956","0","0","1228.7290202785064","0","0","3479.958456756826","32","0.0","1117.2004277593642","89.34210526315789","","ELECTRICBIKESTATION","03-Sants-Montjuïc/11-el Poble-sec","True","527","1000","1774994105","32309","13670","940","968","173","245","370","400","280","174","117","1908","344","789","650","58.0","692","245","60","175","1908","467.46","333.9","114.48","6.2","","POINT (429267.346022 4579285.714013)"
"53","PL. CARLES PI I SUNYER","PL. CARLES PI I SUNYER","8002.0","21","0801901023","el Barri Gòtic","35","13","226.18414840165474","39","7","279.80050441494234","0","0","1338.8638144842616","542","452.01008433046934","194.91039401782467","26.71794871794872","","ELECTRICBIKESTATION","01-CiutatVella/02-el Barri Gòtic","True","53","1000","1774994105","34825","15904","926","952","108","366","481","271","243","173","148","1878","216","753","917","83.0","977","223","43","145","1878","418.79","272.31","80.75","4.3","","POINT (430939.054038 4581835.807887)"
"536","Estación de TESTING (no usuarios)","Rafael Barradas 5","8908.0","2","0801903025","la Marina del Prat Vermell","0","0","916.9739679304371","0","0","970.0316322190614","0","0","3296.892813334813","0","0.0","891.760103961925","","","ELECTRICBIKESTATION","","True","8005","101","1774437304","30218","12529","708","754","125","155","266","244","236","178","99","1462","452","791","388","89.6","464","4272","4005","612","1462","6245.66","894.74","5855.31","4.1","","POINT (426337.063894 4577729.631916)"
"537","AV. ESTADI, 12","AV. ESTADI, 12","8038.0","40","0801903024","el Poble-sec","11","5","22.5243385879827","0","0","742.1084384577322","0","0","2940.3154789426326","77","0.0","654.4661864624983","76.56756756756756","","ELECTRICBIKESTATION","03-Sants-Montjuïc/11-el Poble-sec","True","523","1000","1774994105","32309","13670","940","968","173","245","370","400","280","174","117","1908","344","789","650","58.0","692","245","60","175","1908","467.46","333.9","114.48","6.2","","POINT (428709.669687 4579667.263071)"
"538","AV. ESTADI, 38","AV. ESTADI, 38","8038.0","24","0801903024","el Poble-sec","8","3","50.08191852392155","0","0","939.8432467579565","0","0","2968.4655489159095","60","0.0","611.1789109340384","89.77142857142857","","ELECTRICBIKESTATION","03-Sants-Montjuïc/11-el Poble-sec","True","522","1000","1774994105","32309","13670","940","968","173","245","370","400","280","174","117","1908","344","789","650","58.0","692","245","60","175","1908","467.46","333.9","114.48","6.2","","POINT (429095.099746 4579769.460576)"
"539","C/ FRANÇA XICA, 4","C/ FRANÇA XICA, 4","8004.0","16","0801903006","el Poble-sec","10","2","52.97497568397254","3","1","311.924503797309","0","0","2637.130119728204","110","1.547294748817061","298.2883933172873","40.61764705882353","","ELECTRICBIKESTATION","03-Sants-Montjuïc/11-el Poble-sec","True","525","1","1774994105","36397","14902","665","681","93","169","275","269","207","117","100","1346","193","615","422","63.4","475","229","47","164","1346","308.23","220.74","63.26","6.2","","POINT (429771.271392 4580413.529168)"
"54","C/ SANT OLEGUER, 2","C/ SANT OLEGUER, 2","8001.0","19","0801901004","el Raval","14","9","39.92921978690092","13","2","309.4329614155915","0","0","2044.5187787340756","223","739.7367905079304","35.51574334827815","16.025641025641026","","ELECTRICBIKESTATION","01-CiutatVella/01-el Raval","True","54","1000","1774994105","31203","12214","1287","1594","263","527","645","483","381","192","151","2881","552","1200","880","65.0","1494","147","22","110","2881","423.51","316.91","63.38","7.4","","POINT (430656.458382 4580999.786422)"
"540","C/ MANDONI, 6","C/ MANDONI, 6","8004.0","20","0801903043","la Font de la Guatlla","99","30","56.79058081591513","2","2","317.5523284408036","0","0","2390.453542860942","94","1029.7572579360929","44.997310847976316","30.897435897435898","","ELECTRICBIKESTATION","03-Sants-Montjuïc/14-la Font de la Guatlla","True","521","1","1774994105","39034","17278","752","699","95","190","250","217","199","185","228","1451","281","720","481","71.9","439","295","29","133","1451","428.04","192.98","42.08","6.6","","POINT (428295.104615 4580114.14601)"
"541","C/ MARBRE, 2","C/ MARBRE, 2","8038.0","28","0801903038","la Marina de Port","11","3","21.596322113323613","0","0","752.0858705882728","0","0","3358.9416310688216","47","0.0","686.8536638328832","39.666666666666664","","ELECTRICBIKESTATION","03-Sants-Montjuïc/13-la Marina de Port","True","524","1000","1774994105","31515","11990","460","442","117","96","116","149","113","113","121","902","335","419","66","75.8","95","319","36","181","902","287.74","163.26","32.47","7.2","","POINT (428705.949773 4579229.357541)"
"542","Copa América Barcelona - 542","Copa América Barcelona 2024","","1","0801901032","la Barceloneta","8","3","82.99078698386579","0","0","890.8350822988025","0","0","1469.174616864727","89","417.37276763047345","109.97692712462374","7.323529411764706","","VALET","","False","9000","1","1774994105","30477","15532","797","840","57","276","445","261","237","137","163","1637","261","726","656","46.4","823","260","83","219","1637","425.62","358.5","135.87","7.4","","POINT (432199.066343 4580652.794809)"
"543","Copa América Barcelona - 543","Copa América Barcelona 2024","","1","0801901036","la Barceloneta","13","8","280.6853416801319","3","2","343.0462959504279","4","2","422.71202005556677","59","1110.8727549552486","101.2678214323763","7.394736842105263","","VALET","","False","9001","1","1774994105","32134","14159","597","540","73","203","198","173","156","142","133","1137","254","513","292","60.3","345","237","31","215","1137","269.47","244.46","35.25","7.4","","POINT (432388.825179 4581682.667464)"
"544","C/ MONTFAR, 1","C/ MONTFAR, 1","8004.0","20","0801903042","la Font de la Guatlla","14","6","111.18305484551374","2","2","425.8584424591744","0","0","2444.016847833566","97","123.57982499178827","260.38957987149047","47.60526315789474","","ELECTRICBIKESTATION","03-Sants-Montjuïc/14-la Font de la Guatlla","True","520","1000","1774994105","38367","16364","649","653","107","184","217","219","201","142","160","1302","182","616","456","65.0","355","289","39","180","1302","376.28","234.36","50.78","6.6","","POINT (428808.859853 4580235.844435)"
"547","C/ MALLORCA, 194 (xamfrà)","C/ MALLORCA, 194 (xamfrà)","8036.0","23","0801902089","l'Antiga Esquerra de l'Eixample","28","15","31.23647925899098","2","1","322.06286065307796","0","0","1237.6220554953688","305","2562.079021408196","11.791483608672909","49.794871794871796","","ELECTRICBIKESTATION","02-Eixample/08-l'Antiga Esquerra de l'Eixample","True","547","1000","1774994105","50653","22966","875","792","126","270","291","245","258","206","175","1667","101","613","998","103.4","619","289","43","395","1667","481.76","658.46","71.68","4.2","","POINT (429581.794986 4582391.137274)"
"55","LA RAMBLA, 56","LA RAMBLA, 56","8002.0","27","0801901029","el Barri Gòtic","2","1","186.49579530258345","5","1","178.192197273369","0","0","1613.6487098252621","548","0.0","418.031866336991","22.17948717948718","","ELECTRICBIKESTATION","01-CiutatVella/02-el Barri Gòtic","True","55","1000","1774994105","30067","12481","690","668","80","370","338","198","143","95","76","1358","150","576","611","90.3","893","173","25","143","1358","234.93","194.19","33.95","4.3","","POINT (430972.68571 4581292.447326)"
"553","VIA AUGUSTA, 68","VIA AUGUSTA, 68","8006.0","32","0801906041","la Vila de Gràcia","37","11","110.65774579406677","9","3","155.20360802898622","0","0","1167.975471677863","500","1166.9781666420288","32.648521756068774","78.13157894736842","","ELECTRICBIKESTATION","06-Gràcia/31-la Vila de Gràcia","True","553","1000","1774994105","47246","20811","879","773","163","251","257","249","224","174","181","1652","124","590","869","89.8","458","216","15","175","1652","356.83","289.1","24.78","5.1","","POINT (429099.631731 4583566.344559)"
"554","C/ AVENIR, 35","C/ AVENIR, 35","8021.0","23","0801905065","Sant Gervasi - Galvany","20","7","102.8628801599048","2","1","463.66855104241904","3","3","499.4947396323623","279","592.3827562900697","246.78520636902368","74.89189189189189","","ELECTRICBIKESTATION","05-Sarrià-StGervasi/26-Sant Gervasi - Galvany","True","554","999","1774994105","62996","25681","837","731","179","213","239","231","221","149","197","1568","89","560","829","116.5","422","415","128","247","1568","650.72","387.3","200.7","3.2","","POINT (428680.567802 4583045.523103)"
"558","RBLA MUNTANYA, 49","RBLA MUNTANYA, 49","8041.0","36","0801907045","el Guinardó","35","12","15.288730765930564","4","2","181.56817239929126","0","0","1996.3793716348075","110","917.155679708078","6.855134752236264","72.66666666666667","","ELECTRICBIKESTATION","07-Horta-Guinardó/35-el Guinardó","True","558","1000","1774994105","39286","16412","755","736","131","184","229","229","240","144","209","1491","230","741","459","66.1","354","256","25","129","1491","381.7","192.34","37.28","5.5","","POINT (431212.97218 4585815.104295)"
"561","C/ MANILA, 53","C/ MANILA, 53","8034.0","24","0801904050","Pedralbes","118","44","104.25184174670854","2","1","240.21873426503865","12","3","232.39228658634147","112","564.0501758143735","181.51078019544968","85.3","","ELECTRICBIKESTATION","04-LesCorts/21-Pedralbes","True","561","1000","1774994105","98221","34765","1011","906","235","174","157","312","291","195","366","1917","74","662","1002","132.1","236","458","31","249","1917","877.99","477.33","59.43","2.4","","POINT (426971.459856 4582428.635396)"
"563","C/ ENTENÇA, 301","C/ ENTENÇA, 301","8029.0","24","0801904021","les Corts","64","27","113.82759727110717","0","0","799.9418842370602","12","3","205.35955294551573","216","640.8768496770219","200.84127922862058","67.5945945945946","","ELECTRICBIKESTATION","04-LesCorts/19-les Corts","True","563","1000","1774994105","65253","27820","672","557","105","155","165","187","180","113","211","1229","56","439","661","93.1","223","569","62","587","1229","699.3","721.42","76.2","5.1","","POINT (427984.44159 4582356.877044)"
"564","C/ CARRERA, 1","C/ CARRERA, 1","8004.0","28","0801903020","el Poble-sec","34","11","15.818898203747054","11","2","259.7421713441117","0","0","2041.906908496274","89","2128.8605966108807","7.968151817791076","12.052631578947368","","ELECTRICBIKESTATION","03-Sants-Montjuïc/11-el Poble-sec","True","564","1000","1774994105","39638","16028","556","600","79","133","195","166","168","175","177","1156","265","514","338","79.2","359","295","88","166","1156","341.02","191.9","101.73","6.2","","POINT (430998.472464 4580652.593843)"
"565","C/ FRA JUNÍPER SERRA, 53 | C/ SANTANDER","C/ FRA JUNÍPER SERRA, 53 | C/ SANTANDER","8020.0","28","0801909015","el Bon Pastor","16","5","73.83060246998146","1","1","439.1901895453276","0","0","1379.2641058494194","70","382.1126031821794","109.52529506901813","19.517241379310345","","ELECTRICBIKESTATION","09-SantAndreu/59-el Bon Pastor","True","565","1000","1774994105","29712","11502","912","880","214","217","238","342","296","156","176","1792","425","1030","223","61.5","537","633","618","124","1792","1134.34","222.21","1107.46","4.9","","POINT (433618.525408 4587036.105116)"
"566","C/ CRISTÓBAL DE MOURA, 163 (xamfrà)","C/ CRISTÓBAL DE MOURA, 163 (xamfrà)","8019.0","17","0801910094","Provençals del Poblenou","12","5","31.107146822119045","0","0","588.9951525280687","2","1","478.5826755834518","179","1358.9724754272925","12.283922781945094","8.5","","ELECTRICBIKESTATION","10-SantMartí/71-Provençals del Poblenou","True","566","1000","1774994105","43728","18002","1494","1526","262","280","601","772","354","193","132","3020","267","1195","1251","71.4","1129","286","113","115","3020","863.72","347.3","341.26","6.3","","POINT (433922.66487 4584963.927185)"
"567","C/ RAMON TURRÓ, 182 (xamfrà)","C/ RAMON TURRÓ, 182 (xamfrà)","8005.0","23","0801910057","el Poblenou","22","9","52.9959359936142","1","1","298.1949007892769","0","0","903.8251317719685","184","1536.8907694492186","9.903344587056939","10.025641025641026","","ELECTRICBIKESTATION","10-SantMartí/68-el Poblenou","True","567","1000","1774994105","36549","16483","669","688","101","121","268","307","194","121","111","1357","180","523","504","68.1","437","324","96","149","1357","439.67","202.19","130.27","5.2","","POINT (433196.064119 4583266.22548)"
"568","C/ ROMÁN MACAYA, 8","C/ ROMÁN MACAYA, 8","8022.0","24","0801905033","Sant Gervasi - la Bonanova","54","12","49.3819305460301","1","1","484.49488844968016","0","0","2449.1171776120605","86","0.0","413.00657236736095","160.07894736842104","","ELECTRICBIKESTATION","05-Sarrià-StGervasi/25-Sant Gervasi - la Bonanova","True","568","1000","1774994105","88497","32784","734","651","219","139","127","258","184","122","176","1385","70","449","632","116.5","247","423","33","301","1385","585.86","416.88","45.71","3.3","","POINT (427725.448452 4585018.160182)"
"569","C/ QUATRE CAMINS, 46","C/ QUATRE CAMINS, 46","8022.0","28","0801905032","Sant Gervasi - la Bonanova","6","1","40.038886906788704","0","0","523.1103746416628","0","0","2258.344527440913","92","0.0","730.1129364213111","157.21621621621622","","ELECTRICBIKESTATION","05-Sarrià-StGervasi/25-Sant Gervasi - la Bonanova","True","569","1000","1774994105","98221","34765","907","815","232","238","143","253","260","207","225","1722","139","616","820","118.8","440","441","31","270","1722","759.4","464.94","53.38","3.3","","POINT (427387.748775 4584689.133993)"
"57","LA RAMBLA, 1","LA RAMBLA, 1","8002.0","37","0801901001","el Raval","38","11","72.0025236754625","3","1","105.33958005684485","0","0","1768.4489583671434","128","2250.5594961976444","44.92666667717816","12.81578947368421","","ELECTRICBIKESTATION","01-CiutatVella/02-el Barri Gòtic","True","57","1000","1774994105","30768","12551","583","689","85","205","290","206","160","86","122","1272","240","526","375","76.7","603","288","139","410","1272","366.34","521.52","176.81","7.4","","POINT (431176.889755 4580860.936711)"
"572","AV. CAN MARCET, 3","AV. CAN MARCET, 3","8035.0","24","0801907098","la Vall d'Hebron","16","5","68.73657089459131","3","1","323.85965157326285","0","0","4172.60754994696","45","678.4986546764151","3.963279849867464","121.16666666666667","","ELECTRICBIKESTATION","07-Horta-Guinardó/41-la Vall d'Hebron","True","572","999","1774994105","54299","21745","1074","981","203","220","226","342","330","246","282","2055","222","836","793","88.9","196","353","30","133","2055","725.42","273.32","61.65","6.5","","POINT (429141.471405 4587304.161335)"
"573"," AV. MARTÍ CODOLAR, 2 | COLL I ALENTORN"," AV. MARTÍ CODOLAR, 2 | COLL I ALENTORN","8035.0","20","0801907101","la Vall d'Hebron","18","7","46.027667744370014","6","2","388.01125809299003","0","0","3355.5312330087654","75","825.2862114908611","32.4906488289624","138.97435897435898","","ELECTRICBIKESTATION","07-Horta-Guinardó/41-la Vall d'Hebron","True","573","1000","1774994105","39871","17038","718","634","102","144","149","211","202","129","321","1352","296","683","371","60.1","230","304","36","114","1352","411.01","154.13","48.67","6.5","","POINT (428823.821654 4586286.989818)"
"577","PTGE. CALAFELL, 3","PTGE. CALAFELL, 3","8032.0","23","0801907076","el Carmel","32","8","55.78529845355002","4","2","32.9222377870836","0","0","3007.012191625926","171","0.0","513.5683994428015","141.47222222222223","","ELECTRICBIKESTATION","07-Horta-Guinardó/37-el Carmel","True","577","1000","1774994105","30766","12933","694","641","145","141","184","237","196","122","210","1335","319","727","181","60.8","290","258","22","159","1335","344.43","212.26","29.37","6.4","","POINT (429358.92038 4586146.624752)"
"58","C/ VALLDONZELLA, 2","C/ VALLDONZELLA, 2","8001.0","21","0801901021","el Raval","78","40","75.69746498779882","39","7","193.34339512482808","0","0","1546.5612796288056","485","1063.1196111672461","12.498078465585143","27.128205128205128","","ELECTRICBIKESTATION","01-CiutatVella/01-el Raval","True","58","1000","1774994105","33778","15240","1010","998","103","402","531","305","221","189","152","2008","240","872","946","78.0","1088","180","43","127","2008","361.44","255.02","86.34","7.4","","POINT (430290.161628 4581785.368154)"
"581","AV. JORDÀ, 18","AV. JORDÀ, 18","8035.0","28","0801907093","Sant Genís dels Agudells","30","5","20.97437728584878","6","3","350.2314921797063","0","0","3855.163928610229","137","0.0","416.2654185106808","194.24324324324326","","ELECTRICBIKESTATION","07-Horta-Guinardó/39-Sant Genís dels Agudells","True","581","1000","1774994105","35958","14616","807","813","230","176","220","200","258","178","241","1620","304","928","359","75.0","461","266","30","125","1620","430.92","202.5","48.6","5.6","","POINT (428008.613075 4586493.390798)"
"582","C/ JUDEA, 1","C/ JUDEA, 1","8035.0","31","0801907092","Sant Genís dels Agudells","42","13","22.454819945881617","6","3","58.88188497586643","0","0","3647.755747118211","138","200.82551152486894","119.7491870204148","176.60526315789474","","ELECTRICBIKESTATION","07-Horta-Guinardó/39-Sant Genís dels Agudells","True","582","1000","1774994105","29068","11833","743","586","100","198","205","209","217","107","172","1329","310","803","247","68.4","479","217","31","103","1329","288.39","136.89","41.2","5.6","","POINT (428236.898523 4586300.471824)"
"59","C/ AGUSTÍ DURAN I SANPERE, 1","C/ AGUSTÍ DURAN I SANPERE, 1","8001.0","22","0801901018","el Raval","5","1","62.241345794149886","12","4","416.3651382498686","0","0","1898.6159374506744","352","420.50208940871414","171.34947733114078","23.2","","ELECTRICBIKESTATION","01-CiutatVella/01-el Raval","True","59","1000","1774994105","30169","10776","706","742","146","250","271","255","193","116","108","1448","324","671","379","70.2","710","102","31","134","1448","147.7","194.03","44.89","7.4","","POINT (430438.584635 4581429.294221)"
"595","C/ BRUC, 88","C/ BRUC, 88","8009.0","16","0801902070","la Dreta de l'Eixample","13","7","134.82761953993062","10","3","147.07926119713858","1","1","459.287739447295","334","2263.786908876693","65.05866221625364","43.743589743589745","","ELECTRICBIKESTATION","02-Eixample/07-la Dreta de l'Eixample","True","529","1000","1774994105","54515","23770","630","574","88","216","212","164","165","141","141","1204","89","415","641","111.1","385","347","59","257","1204","417.79","309.43","71.04","4.2","","POINT (430554.425603 4582893.146689)"
"596","C/ DIPUTACIÓ, 303","C/ DIPUTACIÓ, 303","8009.0","23","0801902071","la Dreta de l'Eixample","52","18","116.7201818182236","23","5","284.74841064914136","0","0","673.1841422610886","334","3078.7979950954173","12.432894378174389","40.97222222222222","","ELECTRICBIKESTATION","02-Eixample/07-la Dreta de l'Eixample","True","530","1000","1774994105","57959","24664","813","792","141","235","243","250","232","205","179","1605","83","521","850","116.4","432","333","47","211","1605","534.46","338.66","75.44","4.2","","POINT (430581.788961 4582677.928278)"
"597","C/ PROVENÇA, 310","C/ PROVENÇA, 310","8037.0","28","0801902080","la Dreta de l'Eixample","52","18","102.82266616645143","20","4","300.89907389680525","1","1","430.10102647081357","341","3327.6929315894185","21.91068746121479","55.0","","ELECTRICBIKESTATION","02-Eixample/07-la Dreta de l'Eixample","True","531","1000","1774994105","59893","24917","743","759","114","236","280","226","180","193","163","1502","104","443","874","143.2","599","467","153","351","1502","701.43","527.2","229.81","4.2","","POINT (430075.320063 4583052.008629)"
"598","C/ BRUC, 103 (xamfrà)","C/ BRUC, 103 (xamfrà)","8009.0","23","0801902064","la Dreta de l'Eixample","32","11","129.41001415438427","14","4","307.16227068632577","1","1","295.20207368442084","339","3138.1210202391176","6.0087030732588715","47.8421052631579","","ELECTRICBIKESTATION","02-Eixample/07-la Dreta de l'Eixample","True","532","1000","1774994105","66794","27497","660","582","107","179","188","180","147","166","175","1242","68","380","690","115.4","345","445","27","200","1242","552.69","248.4","33.53","4.2","","POINT (430387.301825 4583032.981906)"
"599","C/ VALÈNCIA, 312 (xamfrà)","C/ VALÈNCIA, 312 (xamfrà)","8009.0","23","0801902065","la Dreta de l'Eixample","27","11","74.59802961195693","13","4","305.1016171202167","1","1","380.6134565653653","339","3009.056195549497","16.452025121016547","47.83783783783784","","ELECTRICBIKESTATION","02-Eixample/07-la Dreta de l'Eixample","True","533","1000","1774994105","48394","20692","917","827","127","262","308","285","267","189","179","1744","126","560","910","98.1","543","255","94","163","1744","444.72","284.27","163.94","4.2","","POINT (430337.4493 4582953.142912)"
"6","PG. LLUIS COMPANYS, 18 (ARC TRIOMF)","PG. LLUIS COMPANYS, 18  (ARC TRIOMF)","8018.0","39","0801901055","Sant Pere, Santa Caterina i la Ribera","36","13","59.82780502735328","7","2","81.02499021548077","0","0","604.5458330206063","230","1740.6997317083376","5.653280236237375","22.210526315789473","","ELECTRICBIKESTATION","01-CiutatVella/04-Sant Pere, Santa Caterina i la Ribera","True","6","1000","1774994105","41259","18412","607","617","85","132","214","197","157","136","210","1224","155","470","522","84.8","420","239","29","123","1224","292.54","150.55","35.5","","","POINT (431493.576024 4582534.818908)"
"60","RBLA. CATALUNYA, 47","RBLA. CATALUNYA, 47","8007.0","27","0801902079","la Dreta de l'Eixample","40","20","165.57488825519837","21","4","183.03125451618874","0","0","955.9230565833133","477","1452.0933236595872","93.70681252721879","46.6578947368421","","ELECTRICBIKESTATION","02-Eixample/07-la Dreta de l'Eixample","True","60","1000","1774994105","67110","28148","704","715","126","275","279","214","153","115","171","1419","88","420","824","133.4","602","594","234","261","1419","842.89","370.36","332.05","4.2","","POINT (430110.074043 4582418.497386)"
"600","C/ VALÈNCIA, 237","C/ VALÈNCIA, 237","8007.0","24","0801902081","la Dreta de l'Eixample","43","12","96.32822075842162","25","4","279.4926277036771","0","0","863.1886528828289","446","1954.076252616684","8.380347070801443","50.13157894736842","","ELECTRICBIKESTATION","02-Eixample/07-la Dreta de l'Eixample","True","534","1000","1774994105","59415","26267","1086","969","158","338","370","258","297","252","256","2055","99","664","1188","124.3","728","525","132","297","2055","1078.88","610.33","271.26","4.2","","POINT (429943.336583 4582598.586956)"
"602","C/ ROSSELLÓ, 497 (xamfrà)","C/ ROSSELLÓ, 497 (xamfrà)","","20","0801902037","la Sagrada Família","16","13","160.1621657220706","4","2","294.8015123411308","0","0","762.3967255361697","261","2815.9768242868995","12.581230306377838","53.23076923076923","","ELECTRICBIKESTATION","02-Eixample/06-la Sagrada Família","True","536","1000","1774994105","49845","21612","589","554","84","149","196","137","170","183","158","1143","104","504","450","79.9","187","279","21","168","1143","318.9","192.02","24.0","5.1","","POINT (431192.524445 4584390.152762)"
"603","C/ CÒRSEGA, 612 (xamfrà)","C/ CÒRSEGA, 612 (xamfrà)","8025.0","24","0801902037","la Sagrada Família","22","10","140.10091229462978","2","1","161.74814825691965","0","0","889.7728016676193","237","3124.614521510044","5.43424677899657","56.22222222222222","","ELECTRICBIKESTATION","02-Eixample/06-la Sagrada Família","True","537","1000","1774994105","49845","21612","589","554","84","149","196","137","170","183","158","1143","104","504","450","79.9","187","279","21","168","1143","318.9","192.02","24.0","5.1","","POINT (431178.744452 4584524.073612)"
"604","C/ CÒRSEGA, 578","C/ CÒRSEGA, 578","","28","0801902036","la Sagrada Família","21","7","71.91332032240189","5","2","319.670799931712","0","0","831.1437617275955","314","2251.0396356080996","97.06823584833624","58.72222222222222","","ELECTRICBIKESTATION","02-Eixample/06-la Sagrada Família","True","538","1000","1774994105","48252","20632","608","529","92","150","184","146","153","192","144","1137","102","475","515","82.0","269","287","21","147","1137","326.32","167.14","23.88","5.1","","POINT (431033.81814 4584373.09883)"
"608","C/ PAMPLONA, 116 (xamfrà)","C/ PAMPLONA, 116 (xamfrà)","8018.0","24","0801910043","el Parc i la Llacuna del Poblenou","2","2","74.61776122471754","5","1","337.31854969290913","10","3","211.6601072139534","218","2786.9544041009526","6.125765149058871","11.58974358974359","","ELECTRICBIKESTATION","10-SantMartí/66-el Parc i la Llacuna del Poblenou","True","542","1000","1774994105","41674","17509","1182","1155","218","452","470","483","248","138","107","2337","221","1121","1406","77.2","1493","308","139","184","2337","719.8","430.01","324.84","5.3","","POINT (432155.787993 4583378.844768)"
"609","C/ ÀVILA, 94","C/ ÀVILA, 94","8018.0","24","0801910042","el Parc i la Llacuna del Poblenou","10","7","78.39356487459713","3","1","344.24758766056425","0","0","579.5681041796608","195","1458.9079562857064","149.0761074341853","12.0","","ELECTRICBIKESTATION","10-SantMartí/66-el Parc i la Llacuna del Poblenou","True","543","1000","1774994105","38142","15637","1618","1506","267","250","563","798","348","185","261","3124","388","1315","1176","74.6","1046","262","79","103","3124","818.49","321.77","246.8","5.3","","POINT (432601.021704 4583304.924996)"
"61","C/ ARAGÓ, 288","C/ ARAGÓ, 288","8009.0","26","0801902078","la Dreta de l'Eixample","47","15","83.10329895058652","22","4","160.857301737565","0","0","553.0844089202785","371","2860.71932182477","1.1555279508337815","45.39473684210526","","ELECTRICBIKESTATION","02-Eixample/07-la Dreta de l'Eixample","True","61","1000","1774994105","56001","24597","733","652","122","289","228","195","177","131","162","1385","94","468","724","125.2","564","604","417","551","1385","836.54","763.14","577.54","4.2","","POINT (430344.467638 4582777.916257)"
"610","C/ ÀVILA, 102","C/ ÀVILA, 102","8018.0","27","0801910042","el Parc i la Llacuna del Poblenou","8","5","147.4157835037066","3","1","400.4292934494897","0","0","527.1715763660658","236","1385.1336075633428","144.31045487649936","11.891891891891891","","ELECTRICBIKESTATION","10-SantMartí/66-el Parc i la Llacuna del Poblenou","True","544","1000","1774994105","38142","15637","1618","1506","267","250","563","798","348","185","261","3124","388","1315","1176","74.6","1046","262","79","103","3124","818.49","321.77","246.8","5.3","","POINT (432532.148759 4583367.76243)"
"62","PL. CATALUNYA, 5","PL. CATALUNYA, 5","8002.0","25","0801902077","la Dreta de l'Eixample","102","56","40.142706446332745","55","8","53.985746567797605","0","0","1253.182281716704","412","1106.0682657876073","185.03039002922316","34.32432432432432","","ELECTRICBIKESTATION","02-Eixample/07-la Dreta de l'Eixample","True","62","1000","1774994105","52902","22220","824","850","99","372","358","227","194","174","145","1674","115","548","972","120.1","839","512","223","239","1674","857.09","400.09","373.3","4.2","","POINT (430506.814665 4582078.541229)"
"63","PL. CATALUNYA, 7","PL. CATALUNYA, 7","8002.0","27","0801902077","la Dreta de l'Eixample","87","54","10.318600727945062","51","8","68.9126120563985","0","0","1335.0061969591231","484","375.6380502316025","110.13855257674093","31.210526315789473","","ELECTRICBIKESTATION","02-Eixample/07-la Dreta de l'Eixample","True","63","1000","1774994105","52902","22220","824","850","99","372","358","227","194","174","145","1674","115","548","972","120.1","839","512","223","239","1674","857.09","400.09","373.3","4.2","","POINT (430556.912298 4582001.229043)"
"64","PL. CATALUNYA, 10-11 (LA RAMBLA)","PL. CATALUNYA, 10-11 (LA RAMBLA)","8002.0","21","0801902077","la Dreta de l'Eixample","111","56","21.52707884678595","51","8","21.54700104204212","0","0","1226.7646447995496","371","1122.690372363475","179.06845942624807","33.83783783783784","","ELECTRICBIKESTATION","02-Eixample/07-la Dreta de l'Eixample","True","64","1000","1774994105","52902","22220","824","850","99","372","358","227","194","174","145","1674","115","548","972","120.1","839","512","223","239","1674","857.09","400.09","373.3","4.2","","POINT (430527.958004 4582106.983856)"
"65","PL. CATALUNYA, 10-11 (PG. DE GRÀCIA)","PL. CATALUNYA, 10-11 (PG. DE GRÀCIA)","8002.0","21","0801902077","la Dreta de l'Eixample","126","62","28.091929659334806","47","8","18.65045277901155","0","0","1210.7975107356383","373","1481.2930546367672","193.25401330224858","33.666666666666664","","ELECTRICBIKESTATION","02-Eixample/07-la Dreta de l'Eixample","True","65","1000","1774994105","52902","22220","824","850","99","372","358","227","194","174","145","1674","115","548","972","120.1","839","512","223","239","1674","857.09","400.09","373.3","4.2","","POINT (430577.143269 4582129.051207)"
"66","GRAN VIA DE LES CORTS CATALANES, 609","GRAN VIA DE LES CORTS CATALANES, 609","8007.0","16","0801902079","la Dreta de l'Eixample","104","52","73.64574763349061","54","9","47.12795825249569","0","0","1016.8054479663294","359","2204.402127854314","1.288064355060064","39.054054054054056","","ELECTRICBIKESTATION","02-Eixample/07-la Dreta de l'Eixample","True","66","1000","1774994105","67110","28148","704","715","126","275","279","214","153","115","171","1419","88","420","824","133.4","602","594","234","261","1419","842.89","370.36","332.05","4.2","","POINT (430427.086857 4582311.045568)"
"67","C/ ROCAFORT, 214 | C/ ROSSELLÓ","C/ ROCAFORT, 214 | C/ ROSSELLÓ","8029.0","23","0801902114","la Nova Esquerra de l'Eixample","15","9","139.69021120354043","1","1","147.43465637177232","0","0","788.4477373842892","178","2044.243325653728","123.23146272930337","56.02777777777778","","ELECTRICBIKESTATION","02-Eixample/09-la Nova Esquerra de l'Eixample","True","67","1000","1774994105","46552","21272","807","728","119","195","266","216","190","178","258","1535","150","629","730","81.6","349","250","22","181","1535","383.75","277.83","33.77","4.9","","POINT (428553.358293 4581881.190026)"
"68","RAMBLA CATALUNYA, 133 /  CÒRSEGA","RAMBLA CATALUNYA, 133 /  CÒRSEGA","8008.0","27","0801902083","la Dreta de l'Eixample","31","13","158.26249326373542","16","3","168.10282579494157","0","0","916.5796919751099","426","2055.362639010554","47.720833490126026","62.44736842105263","","ELECTRICBIKESTATION","02-Eixample/07-la Dreta de l'Eixample","True","68","1000","1774994105","66319","28846","963","871","169","341","292","280","219","181","232","1834","85","596","1098","121.9","690","646","308","285","1834","1184.76","522.69","564.87","4.2","","POINT (429552.139526 4582993.136782)"
"69","CARRER DE LA MARINA,25-33","CARRER DE LA MARINA,25-33","8005.0","43","0801910054","la Vila Olímpica del Poblenou","37","12","45.94169376625562","2","1","268.0626149592899","4","2","280.96454662302864","75","1965.704360878645","6.824775768915781","13.166666666666666","","ELECTRICBIKESTATION","01-CiutatVella/67-la Vila Olímpica del Poblenou","True","69","1000","1774994105","63952","24193","497","445","92","143","124","124","161","137","75","942","55","306","471","109.4","232","360","53","175","942","339.12","164.85","49.93","5.4","","POINT (432703.183416 4582199.034632)"
"7","PG. PUJADES,  1 (JUTJATS)","PG. PUJADES,  1 (JUTJATS)","8003.0","27","0801901055","Sant Pere, Santa Caterina i la Ribera","29","11","50.92024878432586","6","2","407.70325400937645","4","2","461.7345091030348","228","1187.3811689512565","4.039861893837102","15.421052631578947","","ELECTRICBIKESTATION","01-CiutatVella/04-Sant Pere, Santa Caterina i la Ribera","True","7","1000","1774994105","41259","18412","607","617","85","132","214","197","157","136","210","1224","155","470","522","84.8","420","239","29","123","1224","292.54","150.55","35.5","","","POINT (431718.439659 4582250.217575)"
"70","C/ COMTE URGELL, 23","C/ COMTE URGELL, 23","8011.0","27","0801902162","Sant Antoni","55","27","57.48864517309091","6","2","233.01226755722573","0","0","1959.2536065626034","276","1304.3887608917576","8.044111209509621","33.97142857142857","","ELECTRICBIKESTATION","02-Eixample/10-Sant Antoni","True","70","1000","1774994105","40102","17348","668","642","79","169","222","211","209","152","162","1310","192","598","489","71.8","400","189","18","130","1310","247.59","170.3","23.58","5.2","","POINT (429816.509854 4581325.535997)"
"71","C/ FLORIDABLANCA, 145","C/ FLORIDABLANCA, 145","8011.0","27","0801902165","Sant Antoni","56","26","119.48181101976274","14","2","242.29781237015666","0","0","1874.2666626764187","296","954.1973779397731","205.7668024804129","32.8421052631579","","ELECTRICBIKESTATION","02-Eixample/10-Sant Antoni","True","71","1000","1774994105","45875","19725","817","785","103","228","318","280","223","130","202","1602","185","673","660","83.4","504","213","27","127","1602","341.23","203.45","43.25","5.2","","POINT (430007.484601 4581496.105487)"
"72","C/ PROVENÇA, 215","C/ PROVENÇA, 215","8008.0","27","0801902083","la Dreta de l'Eixample","13","7","171.1078113757037","16","3","56.27462207177943","0","0","972.6906482004475","367","1775.9708121730173","18.451041566111886","55.513513513513516","","ELECTRICBIKESTATION","02-Eixample/07-la Dreta de l'Eixample","True","72","1000","1774994105","66319","28846","963","871","169","341","292","280","219","181","232","1834","85","596","1098","121.9","690","646","308","285","1834","1184.76","522.69","564.87","4.2","","POINT (429660.675935 4582702.040598)"
"73","C/ ENRIC GRANADOS, 93","C/ ENRIC GRANADOS, 93","8008.0","27","0801902084","l'Antiga Esquerra de l'Eixample","28","15","166.51340408376328","9","2","157.13613036049676","0","0","1098.8734764460537","282","1531.3878300132342","14.253659650134914","56.945945945945944","","ELECTRICBIKESTATION","02-Eixample/08-l'Antiga Esquerra de l'Eixample","True","73","1000","1774994105","51129","23283","1053","905","147","336","362","294","256","229","209","1958","115","695","1111","101.0","670","304","63","735","1958","595.23","1439.13","123.35","4.2","","POINT (429469.947415 4582632.603369)"
"74","AV. JOSEP TARRADELLAS, 133","AV. JOSEP TARRADELLAS, 133","8029.0","15","0801904018","les Corts","52","31","56.4157876148395","0","0","676.854561597579","6","3","241.0110383811008","234","2206.4407413523036","14.508988174339425","68.57894736842105","","ELECTRICBIKESTATION","02-Eixample/19-les Corts","True","74","1000","1774994105","57881","24800","739","645","135","167","179","184","204","180","225","1384","89","555","712","109.4","255","328","25","213","1384","453.95","294.79","34.6","5.1","","POINT (428368.769631 4582407.304606)"
"75","AV. JOSEP TARRADELLAS, 58","AV. JOSEP TARRADELLAS, 58","8029.0","21","0801902125","la Nova Esquerra de l'Eixample","22","10","102.52249014618644","5","2","208.84301904819003","0","0","797.0238534134369","153","2004.8348762436922","14.71440785966199","57.225","","ELECTRICBIKESTATION","02-Eixample/09-la Nova Esquerra de l'Eixample","True","75","1000","1774994105","48038","20970","845","722","99","212","240","231","199","192","279","1567","140","624","730","81.7","334","273","11","159","1567","427.79","249.15","17.24","4.9","","POINT (428338.276434 4581851.959398)"
"76","C/ CÒRSEGA, 216","C/ CÒRSEGA, 216","8036.0","31","0801902087","l'Antiga Esquerra de l'Eixample","28","13","53.00291406749449","4","2","394.52305494436246","0","0","837.7707933653904","234","1427.946641685211","148.43713232323753","57.82051282051282","","ELECTRICBIKESTATION","02-Eixample/08-l'Antiga Esquerra de l'Eixample","True","76","1000","1774994105","51481","22670","739","617","109","183","250","207","182","175","159","1356","91","467","707","89.1","336","252","22","172","1356","341.71","233.23","29.83","4.2","","POINT (429207.21214 4582594.263121)"
"77","AV. FRANCESC CAMBÓ, 10","AV. FRANCESC CAMBÓ, 10","8003.0","24","0801901047","Sant Pere, Santa Caterina i la Ribera","23","8","56.09865797941878","4","2","205.73622373395483","0","0","1067.8015941921542","504","595.0807493464456","36.81374190257471","24.65","","ELECTRICBIKESTATION","01-CiutatVella/04-Sant Pere, Santa Caterina i la Ribera","True","77","1000","1774994105","31652","15624","847","827","91","340","434","285","191","114","142","1674","268","656","698","62.5","874","147","37","126","1674","246.08","210.92","61.94","","","POINT (431215.926864 4581886.290179)"
"78","PL. UNIVERSITAT /  ARIBAU","PL. UNIVERSITAT /  ARIBAU","8011.0","27","0801902164","Sant Antoni","128","39","32.46773083459902","20","5","56.901525218151214","0","0","1463.6854877678957","427","1965.0312091664935","7.3079176701033735","33.0","","ELECTRICBIKESTATION","02-Eixample/10-Sant Antoni","True","78","1000","1774994105","43242","19055","681","694","91","260","285","205","182","162","117","1375","110","614","702","96.4","586","238","79","174","1375","327.25","239.25","108.62","5.2","","POINT (430054.596989 4581906.623571)"
"79"," PL.  UNIVERSITAT","PL. UNIVERSITAT","8007.0","24","0801902164","Sant Antoni","123","39","48.95748505021438","20","5","56.642800921987075","0","0","1478.4150178038635","422","1954.1880099816224","6.758102849414251","32.87179487179487","","ELECTRICBIKESTATION","02-Eixample/10-Sant Antoni","True","79","1000","1774994105","43242","19055","681","694","91","260","285","205","182","162","117","1375","110","614","702","96.4","586","238","79","174","1375","327.25","239.25","108.62","5.2","","POINT (430058.305047 4581890.555216)"
"8","PG. PUJADES, 2","PG. PUJADES, 2","8003.0","27","0801901055","Sant Pere, Santa Caterina i la Ribera","32","11","40.14243607000221","6","2","392.39256559484596","4","2","438.0302032043005","203","1245.4456459105097","5.687706050876389","16.205128205128204","","ELECTRICBIKESTATION","01-CiutatVella/04-Sant Pere, Santa Caterina i la Ribera","True","8","1000","1774994105","41259","18412","607","617","85","132","214","197","157","136","210","1224","155","470","522","84.8","420","239","29","123","1224","292.54","150.55","35.5","","","POINT (431735.338852 4582277.815396)"
"80","C/ ENRIC  GRANADOS, 35","C/ ENRIC  GRANADOS, 35","8007.0","25","0801902090","l'Antiga Esquerra de l'Eixample","40","13","69.39362862178852","2","1","390.36543058771906","0","0","1164.2232957961344","397","2100.915043625723","2.8610139308686384","47.05128205128205","","ELECTRICBIKESTATION","02-Eixample/08-l'Antiga Esquerra de l'Eixample","True","80","1000","1774994105","47116","20891","875","780","114","284","344","257","201","188","156","1655","119","593","919","92.5","643","246","35","183","1655","407.13","302.86","57.92","4.2","","POINT (429764.38103 4582355.834007)"
"81","C/ VILAMARÍ,  61","C/ VILAMARÍ,  61","8015.0","21","0801902148","la Nova Esquerra de l'Eixample","15","8","134.71125618911532","20","2","320.0025295341787","0","0","1535.1047465162048","222","2494.252805122793","5.359919830551237","36.52777777777778","","ELECTRICBIKESTATION","02-Eixample/09-la Nova Esquerra de l'Eixample","True","81","1000","1774994105","45765","21273","786","702","92","185","274","252","166","192","209","1488","113","605","691","75.1","398","303","52","190","1488","450.86","282.72","77.38","4.9","","POINT (428845.501809 4581188.313395)"
"82","C/ CALÀBRIA, 112","C/ CALÀBRIA, 112","8015.0","40","0801902145","la Nova Esquerra de l'Eixample","48","18","45.34461024893442","8","1","124.08127167047606","0","0","1617.1805558020596","322","2354.3582310620395","17.52703253232294","34.628571428571426","","ELECTRICBIKESTATION","02-Eixample/09-la Nova Esquerra de l'Eixample","True","82","1000","1774994105","47168","19195","584","601","80","197","234","165","177","138","109","1185","125","482","521","95.4","397","245","20","151","1185","290.32","178.94","23.7","4.9","","POINT (429296.874592 4581322.266664)"
"83","C/ CALABRIA, 158","C/ CALABRIA, 158","8015.0","24","0801902140","la Nova Esquerra de l'Eixample","9","7","58.901694402245425","4","1","389.4354069970616","0","0","1335.6519010947175","400","2398.2106272090973","21.431551988419113","41.3235294117647","","ELECTRICBIKESTATION","02-Eixample/09-la Nova Esquerra de l'Eixample","True","83","1000","1774994105","46117","20282","928","852","110","256","358","289","227","215","193","1780","161","714","827","81.4","448","280","18","205","1780","498.4","364.9","32.04","4.9","","POINT (429100.488854 4581529.338161)"
"84","C/ DEL COMTE D'URGELL 75 B","C/ DEL COMTE D'URGELL, 75 B","8011.0","27","0801902143","la Nova Esquerra de l'Eixample","43","23","80.23131082373793","8","1","158.46879633504184","0","0","1546.9448950202009","425","2579.4481519109245","1.2889729133393049","38.08108108108108","","ELECTRICBIKESTATION","02-Eixample/09-la Nova Esquerra de l'Eixample","True","84","1000","1774994105","46466","19780","692","709","108","192","284","234","176","151","156","1401","159","547","694","86.2","480","245","32","153","1401","343.24","214.35","44.83","4.9","","POINT (429527.866931 4581621.109309)"
"85","AV. PARAL·LEL, 146 BIS","AV. PARAL·LEL, 146 BIS","8015.0","40","0801902173","Sant Antoni","25","15","9.725885621865416","3","1","114.69036001258797","0","0","2314.327618369447","258","1674.9343682836789","20.17585775779186","34.53846153846154","","ELECTRICBIKESTATION","02-Eixample/10-Sant Antoni","True","85","1000","1774994105","41235","18746","748","719","107","204","291","257","185","167","169","1467","177","650","540","75.0","392","239","37","151","1467","350.61","221.52","54.28","5.2","","POINT (429692.900631 4580748.518535)"
"86","C/ VILADOMAT,  2","C/ VILADOMAT,  2","8015.0","27","0801902172","Sant Antoni","34","18","21.692311809933717","5","2","207.95263308829374","0","0","2473.5735247342973","360","1915.7545408425894","48.186724484666","30.054054054054053","","ELECTRICBIKESTATION","02-Eixample/10-Sant Antoni","True","86","1000","1774994105","37406","17377","756","678","94","152","306","270","224","137","142","1434","167","586","568","69.2","415","217","23","140","1434","311.18","200.76","32.98","5.2","","POINT (430002.35063 4580788.769109)"
"87","C/ ROCAFORT, 187","C/ ROCAFORT, 187","8029.0","25","0801902128","la Nova Esquerra de l'Eixample","15","6","159.32049220401467","1","1","256.0851442216991","0","0","1067.6294739645125","167","2490.089198939231","35.48855997744131","46.13157894736842","","ELECTRICBIKESTATION","02-Eixample/09-la Nova Esquerra de l'Eixample","True","87","1000","1774994105","42814","19179","669","577","78","168","252","192","169","129","166","1246","141","541","500","68.7","357","233","28","134","1246","290.32","166.96","34.89","4.9","","POINT (428754.809336 4581651.977324)"
"88","C/ LONDRES, 101-103","C/ LONDRES, 101-103","8036.0","20","0801902086","l'Antiga Esquerra de l'Eixample","33","16","65.70088281214991","0","0","557.7716663275853","0","0","652.0727748930988","384","2464.7638283404267","14.243596039695692","64.94594594594595","","ELECTRICBIKESTATION","02-Eixample/08-l'Antiga Esquerra de l'Eixample","True","88","1000","1774994105","59048","25124","719","617","135","201","210","218","192","156","117","1336","93","453","718","118.5","398","400","60","267","1336","534.4","356.71","80.16","4.2","","POINT (429005.031381 4582801.401752)"
"89","C/ ROSSELLÓ,  101","C/ ROSSELLÓ,  101","8036.0","24","0801902110","la Nova Esquerra de l'Eixample","9","7","137.53102918617066","3","1","225.96851781313106","0","0","742.8278765583618","175","1626.6245927969169","48.4339421095762","48.8421052631579","","ELECTRICBIKESTATION","02-Eixample/09-la Nova Esquerra de l'Eixample","True","89","1000","1774994105","45731","20865","944","830","152","235","324","307","221","200","190","1774","123","669","875","79.3","497","286","43","184","1774","507.36","326.42","76.28","4.9","","POINT (428860.681087 4582089.565744)"
"9","AV. MARQUÉS DE L'ARGENTERA,13","AV. MARQUÉS DE L'ARGENTERA,13","8003.0","27","0801901043","Sant Pere, Santa Caterina i la Ribera","35","16","57.86776900215623","2","2","77.76190010581018","0","0","674.9381495897741","248","1266.2845311666376","4.241574326462657","19.055555555555557","","ELECTRICBIKESTATION","01-CiutatVella/04-Sant Pere, Santa Caterina i la Ribera","True","9","1000","1774994105","42945","19719","777","825","84","247","413","314","180","130","106","1602","126","521","831","81.9","741","223","83","3552","1602","357.25","5690.3","132.97","","","POINT (431850.354356 4581767.224001)"
"90","C/ ROSSELLÓ, 108-110","C/ ROSSELLÓ, 108-110","8036.0","18","0801902103","l'Antiga Esquerra de l'Eixample","22","12","131.83956746178697","2","1","37.55869080672649","0","0","772.5344403622079","194","1380.9164200200416","28.389205943989225","50.92307692307692","","ELECTRICBIKESTATION","02-Eixample/08-l'Antiga Esquerra de l'Eixample","True","90","1000","1774994105","40096","18512","847","738","91","251","340","270","179","163","190","1585","141","604","776","70.6","573","247","25","181","1585","391.5","286.88","39.62","4.2","","POINT (429007.948097 4582210.87511)"
"91","C/ COMTE D'URGELL, 43","C/ COMTE D'URGELL, 43","8011.0","35","0801902160","Sant Antoni","53","29","36.537772835363555","10","2","144.1692992206559","0","0","1822.462717277531","276","1978.4681193470965","8.980584054445572","35.486486486486484","","ELECTRICBIKESTATION","02-Eixample/10-Sant Antoni","True","91","1000","1774994105","47447","21124","942","924","142","250","316","295","286","240","223","1866","181","764","840","84.4","491","247","29","170","1866","460.9","317.22","54.11","5.2","","POINT (429719.057261 4581421.676572)"
"92","C / PROVENÇA, 241","C / PROVENÇA, 241","8008.0","18","0801902083","la Dreta de l'Eixample","28","12","150.50113942573464","19","4","124.72808968619226","0","0","795.0748032676347","378","1575.1825407718522","15.238147297618973","56.94285714285714","","ELECTRICBIKESTATION","02-Eixample/07-la Dreta de l'Eixample","True","92","1000","1774994105","66319","28846","963","871","169","341","292","280","219","181","232","1834","85","596","1098","121.9","690","646","308","285","1834","1184.76","522.69","564.87","4.2","","POINT (429790.348007 4582823.913791)"
"94","GRAN VIA DE LES CORTS CATALANES,375","GRAN  VIA DE LES CORTS CATALANES, 375-385","8015.0","48","0801902149","la Nova Esquerra de l'Eixample","95","43","27.519788775888937","18","4","46.865858098567834","0","0","1903.7295856496003","248","2220.597251646781","2.212161521245853","35.34285714285714","","ELECTRICBIKESTATION","02-Eixample/10-Sant Antoni","True","94","1000","1774994105","39990","16465","899","879","143","259","318","302","257","201","163","1778","164","741","748","85.7","554","221","32","181","1778","392.94","321.82","56.9","4.9","","POINT (428913.415743 4580823.427273)"
"95","C/ TARRAGONA, 103-115","C/ TARRAGONA, 103-115","8014.0","33","0801903047","Hostafrancs","84","40","35.38010595227035","21","4","203.9902769071674","0","0","1785.9371648094552","247","2087.7788293916537","19.205330781206158","40.891891891891895","","ELECTRICBIKESTATION","03-Sants-Montjuïc/15-Hostafrancs","True","95","1000","1774994105","36070","15838","846","827","106","233","358","284","221","196","165","1673","248","786","570","68.7","474","230","38","156","1673","384.79","260.99","63.57","5.2","","POINT (428698.075946 4580892.537433)"
"96","GRAN VIA DE LES CORTS CATALANES,  368","GRAN VIA DE LES CORTS CATALANES, 368","8010.0","21","0801903024","el Poble-sec","93","41","32.43264464512386","17","4","38.88056203180326","0","0","2049.1052708122625","206","1670.0893799130884","9.30159971650032","36.432432432432435","","ELECTRICBIKESTATION","03-Sants-Montjuïc/15-Hostafrancs","True","96","1000","1774994105","32309","13670","940","968","173","245","370","400","280","174","117","1908","344","789","650","58.0","692","245","60","175","1908","467.46","333.9","114.48","6.2","","POINT (428768.509552 4580638.087997)"
"97","C/ TARRAGONA, 141","C/ TARRAGONA, 141","8014.0","21","0801903048","Hostafrancs","15","9","47.491991150793815","20","6","60.11412559514805","0","0","1563.1849735294095","121","1648.594388817955","31.037447433004765","40.21052631578947","","ELECTRICBIKESTATION","03-Sants-Montjuïc/15-Hostafrancs","True","97","1000","1774994105","43851","20352","683","600","73","172","243","189","138","222","175","1283","170","559","508","72.1","333","338","62","157","1283","433.65","201.43","79.55","5.2","","POINT (428509.29109 4581068.3243)"
"98"," C/ DOLORS BATLLE I SUNYER, 2"," C/ DOLORS BATLLE I SUNYER, 2","8014.0","21","0801903107","Sants","48","12","86.83271958189721","14","4","90.13940671409298","0","0","1153.0724837971675","147","1318.7700863874575","101.14809599963354","42.0","","ELECTRICBIKESTATION","03-Sants-Montjuïc/18-Sants","True","98","1000","1774994105","41589","17236","769","763","136","190","274","243","177","210","184","1532","182","780","624","67.6","522","248","60","132","1532","379.94","202.22","91.92","4.6","","POINT (428148.516288 4581364.310041)"
"99","C/ VIRIAT,  53","C/ VIRIAT,  53","8014.0","21","0801903107","Sants","44","12","45.62136754799582","15","4","16.74616856586277","0","0","1152.634588611607","139","1613.4355613617377","33.24786883899499","44.27777777777778","","ELECTRICBIKESTATION","03-Sants-Montjuïc/18-Sants","True","99","1000","1774994105","41589","17236","769","763","136","190","274","243","177","210","184","1532","182","780","624","67.6","522","248","60","132","1532","379.94","202.22","91.92","4.6","","POINT (428218.920881 4581388.838185)"
