station_id,name,neighborhood,capacity,explanatory_score_0_100,explanatory_score_percentile,explanatory_score_band,explanatory_rank,dimension_score__accessibility,dimension_score__activity,dimension_score__socioeconomic,dimension_score__topography,bikes_ratio_capacity_mean,pred__xgboost,abs_error__xgboost,residual__xgboost,target_percentile_0_100,prediction_percentile_0_100,structural_gap_score,predictive_gap,score_interpretation,predictive_interpretation
374,"PG. DE GRÀCIA, 89",la Dreta de l'Eixample,33,85.64,100.0,Muy alto,1,0.8080110497237568,0.91804788213628,0.8757725976941901,0.8339483394833949,0.2358482484005496,0.17971985,0.0561283979795977,0.0561283979795977,36.28,19.71,63.72,0.056128,Sobrevalorada por score,Infrapredicha por modelo
287,"Mercado Time Out GRAN VIA , 632",la Dreta de l'Eixample,16,80.33,99.82,Muy alto,2,0.7536832412523021,0.8867403314917127,0.8085534448396781,0.7712177121771218,0.2970915492957746,0.28865016,0.0084413942283307,0.0084413942283307,49.91,48.07,49.91,0.008441,Sobrevalorada por score,Infrapredicha por modelo
92,"C / PROVENÇA, 241",la Dreta de l'Eixample,18,80.17,99.63,Muy alto,3,0.6250767341927563,0.9244935543278084,0.8757725976941901,0.8856088560885609,0.1812671245730585,0.19325659,0.0119894622170263,-0.0119894622170263,23.57,24.68,76.06,-0.011989,Sobrevalorada por score,Sobrepredicha por modelo
66,"GRAN VIA DE LES CORTS CATALANES, 609",la Dreta de l'Eixample,16,80.13,99.45,Muy alto,4,0.7923572744014734,0.9042357274401474,0.7445571280809304,0.7453874538745388,0.2932827827263502,0.31502745,0.021744662828383,-0.021744662828383,49.36,53.04,50.09,-0.021745,Sobrevalorada por score,Sobrepredicha por modelo
123,"C/ PROVENÇA, 317",la Dreta de l'Eixample,21,79.95,99.26,Alto,5,0.8069367710251688,0.9263351749539596,0.7312053785413355,0.6845018450184501,0.1190824635606803,0.15814237,0.0390599094051323,-0.0390599094051323,7.18,11.23,92.08,-0.03906,Sobrevalorada por score,Sobrepredicha por modelo
413,"C/ BRUC, 66",la Dreta de l'Eixample,31,78.73,99.08,Alto,6,0.6844689993861266,0.8471454880294659,0.7947412901435456,0.915129151291513,0.2270045666756495,0.21603972,0.0109648494782312,0.0109648494782312,34.07,30.2,65.01,0.010965,Sobrevalorada por score,Infrapredicha por modelo
60,"RBLA. CATALUNYA, 47",la Dreta de l'Eixample,27,78.63,98.9,Alto,7,0.6187845303867404,0.9686924493554327,0.7445571280809304,0.9428044280442804,0.2495342172761527,0.2163757,0.0331585235972967,0.0331585235972967,40.88,30.57,58.02,0.033159,Sobrevalorada por score,Infrapredicha por modelo
600,"C/ VALÈNCIA, 237",la Dreta de l'Eixample,24,77.46,98.71,Alto,8,0.6275322283609577,0.9650092081031308,0.8852109034032141,0.6162361623616236,0.2113655138748075,0.23436728,0.023001767323694,-0.023001767323694,30.02,36.46,68.69,-0.023002,Sobrevalorada por score,Sobrepredicha por modelo
465,"C/ ROSSELLÓ, 261",la Dreta de l'Eixample,27,77.2,98.53,Alto,9,0.7587476979742173,0.9088397790055248,0.8757725976941901,0.4022140221402214,0.1837785040760359,0.1863456,0.0025671029662767,-0.0025671029662767,24.31,22.65,74.22,-0.002567,Sobrevalorada por score,Sobrepredicha por modelo
494,"RBLA. CATALUNYA, 33 - C/ DIPUTACIÓ",la Dreta de l'Eixample,24,77.09,98.34,Alto,10,0.6439533456108041,0.9613259668508288,0.7445571280809304,0.7933579335793358,0.2785219094985117,0.24323742,0.0352844885819543,0.0352844885819543,46.41,37.75,51.93,0.035284,Sobrevalorada por score,Infrapredicha por modelo
209,"C/ DIPUTACIÓ, 200",l'Antiga Esquerra de l'Eixample,26,77.04,98.16,Alto,11,0.6289134438305709,0.9429097605893186,0.7756344761472287,0.8044280442804428,0.1926367564665436,0.326118,0.1334812359345794,-0.1334812359345794,27.07,54.33,71.09,-0.133481,Sobrevalorada por score,Sobrepredicha por modelo
359,"C/ MÉNDEZ NÚÑEZ, 16","Sant Pere, Santa Caterina i la Ribera",26,76.6,97.97,Alto,12,0.6844689993861263,0.8139963167587477,0.8244321669736036,0.7785977859778598,0.4458564206619668,0.37461352,0.0712428971786904,0.0712428971786904,73.66,63.17,24.31,0.071243,Sobrevalorada por score,Infrapredicha por modelo
412,"PL. URQUINAONA, 3",la Dreta de l'Eixample,27,76.38,97.79,Alto,13,0.8526703499079189,0.8268876611418048,0.8085534448396781,0.3763837638376384,0.3070712392229665,0.38123405,0.0741628105740916,-0.0741628105740916,52.67,64.46,45.12,-0.074163,Sobrevalorada por score,Sobrepredicha por modelo
68,"RAMBLA CATALUNYA, 133 /  CÒRSEGA",la Dreta de l'Eixample,27,76.24,97.61,Alto,14,0.6275322283609577,0.9576427255985268,0.8757725976941901,0.5627306273062731,0.121433250305617,0.20376064,0.0823273885274289,-0.0823273885274289,7.73,27.62,89.88,-0.082327,Sobrevalorada por score,Sobrepredicha por modelo
362,"C/ BAILÉN, 100",la Dreta de l'Eixample,32,76.22,97.42,Alto,15,0.6772559852670349,0.9005524861878453,0.7947412901435456,0.6752767527675276,0.1920713682432432,0.14357945,0.048491915013339,0.048491915013339,26.52,5.89,70.9,0.048492,Sobrevalorada por score,Infrapredicha por modelo
364,"PG. DE GRÀCIA, 61",la Dreta de l'Eixample,33,75.48,97.24,Alto,16,0.7871393492940455,0.934622467771639,0.8852109034032141,0.1623616236162361,0.2417410493162945,0.19751649,0.044224563267596,0.044224563267596,38.49,26.15,58.75,0.044225,Sobrevalorada por score,Infrapredicha por modelo
105,"RDA. DE SANT PERE, 26",la Dreta de l'Eixample,21,75.27,97.05,Alto,17,0.8360957642725598,0.8342541436464088,0.5986086934584627,0.6789667896678967,0.3361653740117358,0.32949057,0.0066748017976092,0.0066748017976092,56.54,55.25,40.51,0.006675,Sobrevalorada por score,Infrapredicha por modelo
62,"PL. CATALUNYA, 5",la Dreta de l'Eixample,25,75.18,96.87,Alto,18,0.7644260282381831,0.9502762430939228,0.8085534448396781,0.2970479704797047,0.4023924886982729,0.36655822,0.035834264735489,0.035834264735489,68.32,61.33,28.55,0.035834,Sobrevalorada por score,Infrapredicha por modelo
597,"C/ PROVENÇA, 310",la Dreta de l'Eixample,28,74.99,96.69,Alto,19,0.7153161448741558,0.8895027624309392,0.7698794116905068,0.5645756457564576,0.1497401280854761,0.16995946,0.0202193276430547,-0.0202193276430547,13.08,16.02,83.61,-0.020219,Sobrevalorada por score,Sobrepredicha por modelo
115,"AV. MARQUÉS DE L'ARGENTERA,  3","Sant Pere, Santa Caterina i la Ribera",21,74.96,96.5,Alto,20,0.7437077961939841,0.8416206261510129,0.6537753222836096,0.7693726937269373,0.6300064495324089,0.5613849,0.0686215332268669,0.0686215332268669,94.11,91.9,2.39,0.068622,Sobrevalorada por score,Infrapredicha por modelo
84,C/ DEL COMTE D'URGELL 75 B,la Nova Esquerra de l'Eixample,27,74.22,96.32,Alto,21,0.6772559852670349,0.9558011049723756,0.592143650012794,0.7878228782287823,0.317897063730397,0.2828743,0.0350227775556228,0.0350227775556228,53.59,46.78,42.73,0.035023,Sobrevalorada por score,Infrapredicha por modelo
61,"C/ ARAGÓ, 288",la Dreta de l'Eixample,26,74.06,96.13,Alto,22,0.7550644567219152,0.914364640883978,0.6842440525744847,0.5110701107011071,0.2500303461191649,0.22997133,0.0200590117809767,0.0200590117809767,41.07,35.36,55.06,0.020059,Sobrevalorada por score,Infrapredicha por modelo
91,"C/ COMTE D'URGELL, 43",Sant Antoni,35,73.93,95.95,Alto,23,0.7260589318600368,0.8020257826887661,0.700433916092737,0.7306273062730627,0.3808644160525214,0.3016384,0.0792260214583289,0.0792260214583289,63.72,50.64,32.23,0.079226,Sobrevalorada por score,Infrapredicha por modelo
63,"PL. CATALUNYA, 7",la Dreta de l'Eixample,27,73.66,95.76,Alto,24,0.7461632903621854,0.9723756906077348,0.8085534448396781,0.2011070110701107,0.3972489719096054,0.3719057,0.0253432576361526,0.0253432576361526,67.22,62.43,28.54,0.025343,Sobrevalorada por score,Infrapredicha por modelo
395,"PL. CATALUNYA, 20",la Dreta de l'Eixample,33,73.51,95.58,Alto,25,0.693523634131369,0.9705340699815838,0.8085534448396781,0.3173431734317343,0.2500961148806617,0.33601987,0.0859237587384179,-0.0859237587384179,41.25,56.72,54.33,-0.085924,Sobrevalorada por score,Sobrepredicha por modelo
368,"C/ DIPUTACIÓ, 373",la Dreta de l'Eixample,26,73.28,95.4,Alto,26,0.6484039287906692,0.7955801104972375,0.704041474305608,0.8726937269372694,0.1768424792872742,0.29474702,0.1179045454872771,-0.1179045454872771,21.36,49.17,74.04,-0.117905,Sobrevalorada por score,Sobrepredicha por modelo
406,"GRAN VIA DE LES CORTS CATALANES, 592",la Dreta de l'Eixample,33,73.22,95.21,Alto,27,0.7659607120933088,0.9484346224677715,0.8085534448396781,0.1660516605166051,0.2782564501384852,0.3057663,0.0275098641296269,-0.0275098641296269,46.22,51.38,48.99,-0.02751,Sobrevalorada por score,Sobrepredicha por modelo
23,"C/ BRUC, 45",la Dreta de l'Eixample,27,73.17,95.03,Alto,28,0.7308164518109269,0.8093922651933702,0.6193269255026616,0.7915129151291513,0.2208266479475865,0.27887768,0.0580510275857081,-0.0580510275857081,32.23,45.49,62.8,-0.058051,Sobrevalorada por score,Sobrepredicha por modelo
599,"C/ VALÈNCIA, 312 (xamfrà)",la Dreta de l'Eixample,23,72.9,94.84,Alto,29,0.6936771025168814,0.8821362799263351,0.7947412901435456,0.4464944649446494,0.2114613376947071,0.13555668,0.0759046547504093,0.0759046547504093,30.2,3.87,64.64,0.075905,Sobrevalorada por score,Infrapredicha por modelo
73,"C/ ENRIC GRANADOS, 93",l'Antiga Esquerra de l'Eixample,27,72.89,94.66,Alto,30,0.5879373848987108,0.8139963167587477,0.8467670728323116,0.7195571955719557,0.1656008976653193,0.19826803,0.0326671284481908,-0.0326671284481908,17.5,26.34,77.16,-0.032667,Sobrevalorada por score,Sobrepredicha por modelo
65,"PL. CATALUNYA, 10-11 (PG. DE GRÀCIA)",la Dreta de l'Eixample,21,72.88,94.48,Alto,31,0.8221301411909149,0.91804788213628,0.8085534448396781,0.0627306273062731,0.4884330759330759,0.35131904,0.1371140311046609,0.1371140311046609,79.01,60.04,15.47,0.137114,Sobrevalorada por score,Infrapredicha por modelo
101,"AV. DIAGONAL, 602",Sant Gervasi - Galvany,24,72.86,94.29,Alto,32,0.6043585021485575,0.7219152854511971,0.774169919235385,0.9538745387453874,0.1578665010164897,0.101994395,0.0558721057604472,0.0558721057604472,15.65,0.37,78.64,0.055872,Sobrevalorada por score,Infrapredicha por modelo
189,"C/ BRUC, 130",la Dreta de l'Eixample,28,72.82,94.11,Alto,33,0.7720994475138122,0.9005524861878453,0.5868683619667499,0.5738007380073801,0.162887760857304,0.124416634,0.0384711264168819,0.0384711264168819,16.94,1.84,77.17,0.038471,Sobrevalorada por score,Infrapredicha por modelo
394,"C/ DIPUTACIÓ, 226",l'Antiga Esquerra de l'Eixample,27,72.6,93.92,Alto,34,0.6539287906691221,0.9631675874769796,0.8647228739372841,0.2675276752767528,0.2348736117392833,0.26527452,0.0304009129494373,-0.0304009129494373,35.73,42.91,58.19,-0.030401,Sobrevalorada por score,Sobrepredicha por modelo
9,"AV. MARQUÉS DE L'ARGENTERA,13","Sant Pere, Santa Caterina i la Ribera",27,72.53,93.74,Alto,35,0.6284530386740331,0.7697974217311234,0.6537753222836096,0.996309963099631,0.5601498525521763,0.5578007,0.0023491423509128,0.0023491423509128,88.58,91.53,5.16,0.002349,Sobrevalorada por score,Infrapredicha por modelo
15,"C/ DIPUTACIÓ, 272",la Dreta de l'Eixample,27,72.41,93.55,Alto,36,0.7564456721915286,0.8729281767955801,0.6842440525744847,0.466789667896679,0.3277522954942309,0.26208034,0.065671953916701,0.065671953916701,55.62,41.8,37.93,0.065672,Sobrevalorada por score,Infrapredicha por modelo
18,"C/ ROSSELLÓ, 453",la Sagrada Família,27,72.32,93.37,Alto,37,0.6368937998772252,0.8784530386740331,0.6831858415052996,0.7324723247232472,0.1795334159810661,0.2295275,0.0499940872709633,-0.0499940872709633,22.28,35.17,71.09,-0.049994,Sobrevalorada por score,Sobrepredicha por modelo
14,"AV. MARQUÉS DE  L'ARGENTERA, 15","Sant Pere, Santa Caterina i la Ribera",27,72.3,93.09,Alto,38,0.6511663597298957,0.7375690607734806,0.6537753222836096,0.981549815498155,0.5712883609816402,0.5710982,0.0001901525542109,0.0001901525542109,89.32,92.63,3.77,0.00019,Sobrevalorada por score,Infrapredicha por modelo
140,"C/ VILADOMAT,  122",la Nova Esquerra de l'Eixample,27,72.3,93.09,Alto,38,0.742633517495396,0.9088397790055248,0.6358821398838805,0.5129151291512914,0.3948828904896347,0.28184402,0.1130388705998031,0.1130388705998031,67.03,46.59,26.06,0.113039,Sobrevalorada por score,Infrapredicha por modelo
64,"PL. CATALUNYA, 10-11 (LA RAMBLA)",la Dreta de l'Eixample,21,72.21,92.82,Alto,40,0.8040208717004297,0.914364640883978,0.8085534448396781,0.066420664206642,0.4275617038968893,0.36702603,0.0605356728795858,0.0605356728795858,71.64,61.51,21.18,0.060536,Sobrevalorada por score,Infrapredicha por modelo
598,"C/ BRUC, 103 (xamfrà)",la Dreta de l'Eixample,23,72.19,92.63,Alto,41,0.6553100061387355,0.8821362799263351,0.6639862256868236,0.7066420664206642,0.1177954684629516,0.19011775,0.0723222781286164,-0.0723222781286164,6.81,23.76,85.82,-0.072322,Sobrevalorada por score,Sobrepredicha por modelo
72,"C/ PROVENÇA, 215",la Dreta de l'Eixample,27,71.75,92.45,Alto,42,0.5755064456721916,0.9116022099447514,0.8757725976941901,0.4612546125461254,0.2447679557089732,0.16245241,0.0823155410771296,0.0823155410771296,39.23,13.26,53.22,0.082316,Sobrevalorada por score,Infrapredicha por modelo
547,"C/ MALLORCA, 194 (xamfrà)",l'Antiga Esquerra de l'Eixample,23,71.7,92.27,Alto,43,0.6132596685082873,0.850828729281768,0.7988849365523853,0.5996309963099631,0.1969888676877238,0.22513798,0.0281491111044667,-0.0281491111044667,27.44,33.7,64.83,-0.028149,Sobrevalorada por score,Sobrepredicha por modelo
102,"AV. DIAGONAL,  612",Sant Gervasi - Galvany,24,71.68,92.08,Alto,44,0.6046654389195826,0.6731123388581952,0.774169919235385,0.955719557195572,0.0937665381416799,0.15439084,0.0606243035808085,-0.0606243035808085,2.39,9.39,89.69,-0.060624,Sobrevalorada por score,Sobrepredicha por modelo
95,"C/ TARRAGONA, 103-115",Hostafrancs,33,71.57,91.9,Alto,45,0.74524248004911,0.7651933701657458,0.4741447816544313,0.966789667896679,0.3061515425008204,0.35051742,0.0443658794600103,-0.0443658794600103,52.49,59.3,39.41,-0.044366,Sobrevalorada por score,Sobrepredicha por modelo
596,"C/ DIPUTACIÓ, 303",la Dreta de l'Eixample,23,71.53,91.71,Alto,46,0.6861571516267649,0.8756906077348067,0.7947412901435456,0.3837638376383764,0.2466912239244616,0.26758072,0.0208894938775861,-0.0208894938775861,39.96,43.65,51.75,-0.020889,Sobrevalorada por score,Sobrepredicha por modelo
34,"C/ SANT PERE MÉS ALT, 4","Sant Pere, Santa Caterina i la Ribera",21,71.52,91.53,Alto,47,0.6744935543278086,0.9318600368324124,0.4257213014119091,0.9317343173431736,0.4647962054827558,0.44370595,0.0210902592757092,0.0210902592757092,76.43,73.48,15.1,0.02109,Sobrevalorada por score,Infrapredicha por modelo
224,"C / GIRONA, 176",la Dreta de l'Eixample,26,71.5,91.34,Alto,48,0.6566912216083486,0.9521178637200736,0.6299162441030299,0.5977859778597786,0.1271982665222102,0.14127521,0.0140769456464833,-0.0140769456464833,9.39,4.79,81.95,-0.014077,Sobrevalorada por score,Sobrepredicha por modelo
363,"C/ BRUC, 20",la Dreta de l'Eixample,24,71.32,91.16,Alto,49,0.7005831798649478,0.7430939226519337,0.8057910139004516,0.5387453874538746,0.4608711385365482,0.2526197,0.2082514249917026,0.2082514249917026,75.87,39.96,15.29,0.208251,Sobrevalorada por score,Infrapredicha por modelo
220,"C/ TUSET, 19",Sant Gervasi - Galvany,27,70.93,90.98,Alto,50,0.4983118477593615,0.994475138121547,0.6968218529370425,0.7472324723247232,0.1721848216263199,0.14775063,0.0244341906515503,0.0244341906515503,18.97,7.55,72.01,0.024434,Sobrevalorada por score,Infrapredicha por modelo
438,"C/ NÀPOLS, 183",la Dreta de l'Eixample,27,70.64,90.79,Alto,51,0.5996009821976673,0.7918968692449355,0.6985166124271551,0.8265682656826568,0.2779369147528351,0.2587248,0.0192121060599029,0.0192121060599029,46.04,41.25,44.75,0.019212,Sobrevalorada por score,Infrapredicha por modelo
262,"C/ ENTENÇA, 70",la Nova Esquerra de l'Eixample,24,70.49,90.61,Alto,52,0.637814610190301,0.7992633517495396,0.7256611454087424,0.6697416974169741,0.5180436579501052,0.32690072,0.1911429373537917,0.1911429373537917,83.06,54.51,7.55,0.191143,Sobrevalorada por score,Infrapredicha por modelo
196,"C/ BERLÍN, 38",Sants,27,70.48,90.42,Alto,53,0.6982811540822591,0.6114180478821363,0.652214359595348,0.96309963099631,0.1891379195079556,0.18677248,0.0023654389009228,0.0023654389009228,25.6,22.84,64.82,0.002365,Sobrevalorada por score,Infrapredicha por modelo
42,"C/ CIUTAT DE GRANADA, 168| AV.DIAGONAL   ",el Parc i la Llacuna del Poblenou,32,70.32,90.24,Alto,54,0.6794045426642112,0.6648250460405156,0.6611535176395541,0.8929889298892989,0.4485851094470046,0.4674621,0.0188769831910111,-0.0188769831910111,74.22,77.9,16.02,-0.018877,Sobrevalorada por score,Sobrepredicha por modelo
107,"TRAV. DE GRÀCIA, 92 / VIA AUGUSTA",Sant Gervasi - Galvany,20,70.09,90.06,Alto,55,0.591620626151013,0.998158379373849,0.7810759965834514,0.3265682656826568,0.1220380601596071,0.14348498,0.021446919708328,-0.021446919708328,8.1,5.71,81.96,-0.021447,Sobrevalorada por score,Sobrepredicha por modelo
236,"AV. PARAL.LEL, 194",Sant Antoni,26,69.99,89.87,Alto,56,0.752915899324739,0.7467771639042358,0.4948630136986301,0.8394833948339484,0.247148025088704,0.37580532,0.1286572932668563,-0.1286572932668563,40.15,63.54,49.72,-0.128657,Sobrevalorada por score,Sobrepredicha por modelo
305,"AV. DIAGONAL, 680",Pedralbes,27,69.66,89.69,Alto,57,0.6197053406998158,0.5101289134438306,0.9494703088228404,0.7656826568265682,0.1830818988002086,0.19376871,0.0106868110977864,-0.0106868110977864,23.94,24.86,65.75,-0.010687,Sobrevalorada por score,Sobrepredicha por modelo
109,"C/ LONDRES,  53",l'Antiga Esquerra de l'Eixample,24,69.6,89.5,Alto,58,0.5775015346838551,0.7974217311233885,0.7374208481545952,0.7343173431734318,0.1264120291661944,0.17108434,0.04467231522086,-0.04467231522086,8.66,16.39,80.84,-0.044672,Sobrevalorada por score,Sobrepredicha por modelo
219,"C/ LAFORJA, 74-76",Sant Gervasi - Galvany,26,69.54,89.32,Alto,59,0.5053713934929405,0.714548802946593,0.8215916503587737,0.8966789667896679,0.1015429741738406,0.16794088,0.0663979106547269,-0.0663979106547269,3.5,15.65,85.82,-0.066398,Sobrevalorada por score,Sobrepredicha por modelo
383,"C/ NUMÀNCIA, 2",Sants,24,69.12,89.13,Alto,60,0.7716390423572745,0.4797421731123388,0.652214359595348,0.9206642066420664,0.2451790237163251,0.23314437,0.0120346510146802,0.0120346510146802,39.41,35.91,49.72,0.012035,Sobrevalorada por score,Infrapredicha por modelo
20,"C/ CARTAGENA, 308",la Sagrada Família,18,68.91,88.95,Alto,61,0.6744935543278086,0.7265193370165746,0.5885725818367914,0.8284132841328413,0.2501688808826841,0.20857546,0.0415934235481656,0.0415934235481656,41.44,28.55,47.51,0.041593,Sobrevalorada por score,Infrapredicha por modelo
401,PLA DE PALAU,"Sant Pere, Santa Caterina i la Ribera",24,68.82,88.77,Alto,62,0.7458563535911602,0.8047882136279927,0.6537753222836096,0.4169741697416974,0.6063928611642833,0.63655233,0.0301594726675038,-0.0301594726675038,92.45,98.16,-3.68,-0.030159,Infravalorada por score,Sobrepredicha por modelo
427,"C/ DE SANT PAU, 119/ RONDA SANT PAU",el Raval,26,68.72,88.58,Alto,63,0.6029772866789441,0.8609576427255985,0.5046491009936102,0.8985239852398524,0.4678757016075162,0.44786516,0.0200105432880429,0.0200105432880429,77.16,74.4,11.42,0.020011,Sobrevalorada por score,Infrapredicha por modelo
150,"C/ ESPRONCEDA, 124",el Poblenou,27,68.7,88.4,Alto,64,0.6580724370779619,0.5681399631675875,0.7791631978606929,0.7988929889298892,0.6060473396958819,0.5970377,0.0090096666993608,0.0090096666993608,92.27,95.21,-3.87,0.00901,Infravalorada por score,Infrapredicha por modelo
104,"C/ VALÈNCIA,  621",el Clot,26,68.53,88.21,Alto,65,0.8304174340085941,0.6878453038674033,0.4777072904390697,0.6881918819188192,0.372044298114337,0.35049835,0.0215459496398344,0.0215459496398344,62.25,59.12,25.96,0.021546,Sobrevalorada por score,Infrapredicha por modelo
221,"GRAN DE GRÀCIA, 155 (METRO FONTANA)",la Vila de Gràcia,24,68.48,87.94,Alto,66,0.6028238182934316,0.8821362799263351,0.6953865781535501,0.5295202952029521,0.1359775099496883,0.13450713,0.0014703753929179,0.0014703753929179,10.31,3.68,77.63,0.00147,Sobrevalorada por score,Infrapredicha por modelo
265,"C/ CASANOVA, 55",l'Antiga Esquerra de l'Eixample,27,68.48,87.94,Alto,66,0.6002148557397176,0.8950276243093923,0.5785810691490705,0.7084870848708487,0.259238348556325,0.29999027,0.0407519180051831,-0.0407519180051831,43.09,50.28,44.85,-0.040752,Sobrevalorada por score,Sobrepredicha por modelo
595,"C/ BRUC, 88",la Dreta de l'Eixample,16,68.31,87.66,Alto,68,0.6081952117863719,0.8756906077348067,0.5967670728323116,0.6808118081180812,0.1211452813169466,0.21254718,0.0914019017198576,-0.0914019017198576,7.55,29.1,80.11,-0.091402,Sobrevalorada por score,Sobrepredicha por modelo
22,"C/ SARDENYA, 292",la Sagrada Família,19,68.04,87.48,Alto,69,0.6543891958256599,0.6988950276243094,0.5973202798110087,0.8487084870848709,0.3009448212540354,0.29178905,0.0091557663834299,0.0091557663834299,51.01,48.62,36.47,0.009156,Sobrevalorada por score,Infrapredicha por modelo
370,"C/ SARDENYA, 326",la Sagrada Família,32,67.76,87.29,Alto,70,0.6413443830570902,0.85451197053407,0.6523386960172701,0.5092250922509225,0.1420438542136097,0.205241,0.063197140478239,-0.063197140478239,10.87,27.81,76.42,-0.063197,Sobrevalorada por score,Sobrepredicha por modelo
78,PL. UNIVERSITAT /  ARIBAU,Sant Antoni,27,67.56,87.11,Alto,71,0.799109883364027,0.9594843462246776,0.5144302328514847,0.1826568265682656,0.2276871131119865,0.2841053,0.0564181877913338,-0.0564181877913338,34.25,47.33,52.86,-0.056418,Sobrevalorada por score,Sobrepredicha por modelo
119,"C/ SARDENYA,  178",el Fort Pienc,39,67.53,86.92,Alto,72,0.6427255985267035,0.4889502762430939,0.7201520508301709,0.9870848708487084,0.2914237387297367,0.34165162,0.0502278797509456,-0.0502278797509456,48.07,57.64,38.85,-0.050228,Sobrevalorada por score,Sobrepredicha por modelo
86,"C/ VILADOMAT,  2",Sant Antoni,27,67.51,86.74,Alto,73,0.659914057704113,0.9060773480662984,0.4119900855218346,0.7638376383763837,0.5036472999877932,0.39863405,0.1050132536716463,0.1050132536716463,80.85,67.96,5.89,0.105013,Sobrevalorada por score,Infrapredicha por modelo
492,PL. TETUAN,la Dreta de l'Eixample,24,67.37,86.56,Alto,74,0.699815837937385,0.7697974217311234,0.7825405534952952,0.2712177121771217,0.1664132026585558,0.27436307,0.1079498680678388,-0.1079498680678388,17.68,45.3,68.88,-0.10795,Sobrevalorada por score,Sobrepredicha por modelo
19,"C/ ROSSELLÓ, 354",la Sagrada Família,30,67.32,86.37,Alto,75,0.5515653775322283,0.7513812154696132,0.7121913663671781,0.7619926199261993,0.2115039597642908,0.19557795,0.0159260104787835,0.0159260104787835,30.39,25.6,55.98,0.015926,Sobrevalorada por score,Infrapredicha por modelo
79, PL.  UNIVERSITAT,Sant Antoni,24,67.31,86.19,Alto,76,0.7739410681399632,0.9539594843462248,0.5144302328514847,0.2343173431734317,0.2557430782523761,0.23931094,0.01643214311272,0.01643214311272,42.36,37.38,43.83,0.016432,Sobrevalorada por score,Infrapredicha por modelo
367,"C/ MARQUÈS DE SENTMENAT, 46",les Corts,32,67.3,86.0,Alto,77,0.5652240638428484,0.6878453038674033,0.7266941287981173,0.8099630996309963,0.1754577464788732,0.19398436,0.0185266130239191,-0.0185266130239191,20.99,25.05,65.01,-0.018527,Sobrevalorada por score,Sobrepredicha por modelo
108,"C / INDÚSTRIA, 10",el Camp d'en Grassot i Gràcia Nova,21,67.29,85.82,Alto,78,0.533609576427256,0.8913443830570903,0.6545285487236595,0.6642066420664207,0.1755684255684255,0.17150961,0.0040588169420598,0.0040588169420598,21.18,16.57,64.64,0.004059,Sobrevalorada por score,Infrapredicha por modelo
120,"C/ LEPANT,  278",la Sagrada Família,21,67.21,85.64,Alto,79,0.6813996316758747,0.8637200736648251,0.6857180698662573,0.3081180811808118,0.1746157068737714,0.2469037,0.0722879957429201,-0.0722879957429201,20.07,38.31,65.57,-0.072288,Sobrevalorada por score,Sobrepredicha por modelo
88,"C/ LONDRES, 101-103",l'Antiga Esquerra de l'Eixample,20,66.98,85.45,Alto,80,0.507366482504604,0.934622467771639,0.6768775700698806,0.5959409594095941,0.1407945298372513,0.16586964,0.0250751084865325,-0.0250751084865325,10.68,14.92,74.77,-0.025075,Sobrevalorada por score,Sobrepredicha por modelo
2,"C/ ROGER DE FLOR, 126",el Fort Pienc,29,66.84,85.27,Alto,81,0.7711786372007366,0.6786372007366482,0.5334577598541119,0.6365313653136531,0.187323577261026,0.26493546,0.0776118864058899,-0.0776118864058899,25.05,42.54,60.22,-0.077612,Sobrevalorada por score,Sobrepredicha por modelo
3," C/ NÀPOLS, 82",el Fort Pienc,27,66.72,84.99,Alto,82,0.7553713934929404,0.4530386740331492,0.8126934872942593,0.5756457564575646,0.3911426639621366,0.3867052,0.0044374740188229,0.0044374740188229,66.11,65.75,18.88,0.004437,Sobrevalorada por score,Infrapredicha por modelo
414,"VIVAGYM-C/ CASP, 67",la Dreta de l'Eixample,33,66.72,84.99,Alto,82,0.7102516881522406,0.6758747697974218,0.7825405534952952,0.3597785977859778,0.2445777572681125,0.24243107,0.0021466828872378,0.0021466828872378,39.04,37.57,45.95,0.002147,Sobrevalorada por score,Infrapredicha por modelo
154,"C/ PUJADES, 191",el Poblenou,32,66.7,84.71,Alto,84,0.5460405156537753,0.9226519337016574,0.5105167890209137,0.7841328413284133,0.675462623929698,0.5484203,0.1270423139092512,0.1270423139092512,96.69,90.24,-11.98,0.127042,Infravalorada por score,Infrapredicha por modelo
223,"C/ DE BONAVISTA, 14",la Vila de Gràcia,32,66.66,84.53,Alto,85,0.5824125230202578,0.9668508287292816,0.4836002061461836,0.6678966789667897,0.1798882286361064,0.15496638,0.0249218444636668,0.0249218444636668,22.47,9.76,62.06,0.024922,Sobrevalorada por score,Infrapredicha por modelo
495,"C/ DIPUTACIÓ, 22",la Nova Esquerra de l'Eixample,21,66.57,84.35,Alto,86,0.7148557397176182,0.8176795580110497,0.6374935579317628,0.3450184501845018,0.3271422133522179,0.3689497,0.0418074979705665,-0.0418074979705665,55.43,62.06,28.92,-0.041807,Sobrevalorada por score,Sobrepredicha por modelo
393,"C/ LLACUNA, 86",el Poblenou,32,66.49,84.16,Alto,87,0.5362185389809699,0.8453038674033149,0.6861613562400667,0.6291512915129152,0.6793761258725513,0.64945877,0.0299173598889697,0.0299173598889697,97.05,98.9,-12.89,0.029917,Infravalorada por score,Infrapredicha por modelo
320,"C/ MADRAZO, 39",Sant Gervasi - Galvany,27,66.35,83.98,Alto,88,0.5507980356046654,0.8213627992633518,0.8059378750364901,0.4261992619926199,0.0888052838391438,0.15749325,0.0686879647427425,-0.0686879647427425,1.84,11.05,82.14,-0.068688,Sobrevalorada por score,Sobrepredicha por modelo
378,"PL. JOAQUIM XIRAU I PALAU, 1",el Barri Gòtic,21,66.33,83.79,Alto,89,0.4691528545119706,0.848987108655617,0.6636821420462531,0.8062730627306273,0.5610003379520108,0.58936304,0.0283627005878757,-0.0283627005878757,88.77,94.29,-4.98,-0.028363,Infravalorada por score,Sobrepredicha por modelo
360,"C/ BAILÉN, 62",la Dreta de l'Eixample,30,66.16,83.61,Alto,90,0.6322897483118478,0.852670349907919,0.6340598905118697,0.4575645756457565,0.1750789711191336,0.22116396,0.0460849871919473,-0.0460849871919473,20.63,31.68,62.98,-0.046085,Sobrevalorada por score,Sobrepredicha por modelo
1,"GRAN VIA CORTS CATALANES, 760",el Fort Pienc,46,66.13,83.43,Alto,91,0.6220073664825045,0.5570902394106814,0.7744798593016258,0.7380073800738007,0.1913431588165633,0.31388718,0.1225440200812943,-0.1225440200812943,26.34,52.85,57.09,-0.122544,Sobrevalorada por score,Sobrepredicha por modelo
553,"VIA AUGUSTA, 68",la Vila de Gràcia,32,66.1,83.24,Alto,92,0.5520257826887661,0.9788213627992634,0.6953865781535501,0.3284132841328413,0.0765286705006765,0.14371108,0.0671824046860529,-0.0671824046860529,0.74,6.26,82.5,-0.067182,Sobrevalorada por score,Sobrepredicha por modelo
261,"C/ VILLARROEL, 39",Sant Antoni,32,65.95,83.06,Alto,93,0.7133210558624924,0.8370165745856354,0.6352865864426449,0.2785977859778598,0.3181895093062605,0.33876935,0.0205798371693406,-0.0205798371693406,53.96,56.91,29.1,-0.02058,Sobrevalorada por score,Sobrepredicha por modelo
51,PL. VICENÇ MARTORELL,el Raval,20,65.53,82.87,Alto,94,0.5352977286678944,0.9834254143646408,0.5032678855239969,0.6420664206642066,0.4524281409364858,0.44358408,0.0088440564256825,0.0088440564256825,74.4,73.3,8.47,0.008844,Sobrevalorada por score,Infrapredicha por modelo
430," C/ ALFAMBRA, 2 | AV. DIAGONAL",Pedralbes,28,65.43,82.69,Alto,95,0.7168508287292817,0.5423572744014733,0.8078957231874813,0.4391143911439115,0.239690057349056,0.14705075,0.092639304113239,0.092639304113239,37.02,7.37,45.67,0.092639,Sobrevalorada por score,Infrapredicha por modelo
25,"C/ BRUC, 102",la Dreta de l'Eixample,21,65.33,82.5,Alto,96,0.5896255371393493,0.8701657458563536,0.7947412901435456,0.2047970479704797,0.1086006104593465,0.2236219,0.1150212943906596,-0.1150212943906596,5.16,32.78,77.34,-0.115021,Sobrevalorada por score,Sobrepredicha por modelo
80,"C/ ENRIC  GRANADOS, 35",l'Antiga Esquerra de l'Eixample,25,65.27,82.32,Alto,97,0.5059852670349908,0.9410681399631676,0.77333245036454,0.3136531365313653,0.2292022054686621,0.21158417,0.0176180397763326,0.0176180397763326,34.62,28.73,47.7,0.017618,Sobrevalorada por score,Infrapredicha por modelo
511,"C/ GRAN DE GRÀCIA, 91",la Vila de Gràcia,20,65.26,82.14,Alto,98,0.604818907305095,0.990791896869245,0.6785817899399221,0.1568265682656826,0.1781584948688711,0.15976882,0.0183896750599111,0.0183896750599111,21.73,11.97,60.41,0.01839,Sobrevalorada por score,Infrapredicha por modelo
21,"C/ SANT ANTONI MARIA CLARET, 214",la Sagrada Família,21,65.15,81.95,Alto,99,0.6579189686924493,0.7882136279926335,0.5480569280614691,0.5811808118081181,0.2495132978295496,0.24801938,0.0014939154719522,0.0014939154719522,40.7,38.67,41.25,0.001494,Sobrevalorada por score,Infrapredicha por modelo
94,"GRAN VIA DE LES CORTS CATALANES,375",la Nova Esquerra de l'Eixample,48,65.14,81.77,Alto,100,0.8067833026396563,0.7697974217311234,0.6374935579317628,0.1143911439114391,0.3713237328463922,0.32211316,0.0492105765277276,0.0492105765277276,61.88,53.78,19.89,0.049211,Sobrevalorada por score,Infrapredicha por modelo
350,"C/ LONDRES, 63",l'Antiga Esquerra de l'Eixample,31,65.07,81.58,Alto,101,0.5999079189686924,0.8139963167587477,0.7408738868286284,0.3468634686346863,0.1441309255079007,0.14501972,0.0008887994571948,-0.0008887994571948,11.6,6.63,69.98,-0.000889,Sobrevalorada por score,Sobrepredicha por modelo
496,"C/ PROVENÇA,  445",la Sagrada Família,18,65.05,81.4,Alto,102,0.6456414978514426,0.9005524861878453,0.6523386960172701,0.2416974169741697,0.1560032191539661,0.17607872,0.0200755027269466,-0.0200755027269466,15.29,17.86,66.11,-0.020076,Sobrevalorada por score,Sobrepredicha por modelo
111,C/ ARAGÓ 147,la Nova Esquerra de l'Eixample,19,65.02,81.22,Alto,103,0.5124309392265193,0.9392265193370166,0.6487734842669377,0.492619926199262,0.3179972936400541,0.3035266,0.0144706835040219,0.0144706835040219,53.78,51.01,27.44,0.014471,Sobrevalorada por score,Infrapredicha por modelo
36,"AV. DE LA CATEDRAL, 6",el Barri Gòtic,21,64.9,81.03,Alto,104,0.47268262737876,0.988950276243094,0.4394648308123673,0.8431734317343174,0.5259591622306921,0.49388403,0.0320751352264501,0.0320751352264501,83.98,81.58,-2.95,0.032075,Infravalorada por score,Infrapredicha por modelo
85,"AV. PARAL·LEL, 146 BIS",Sant Antoni,40,64.82,80.85,Alto,105,0.6508594229588706,0.7900552486187845,0.4610232346931052,0.7177121771217712,0.4903209775491113,0.37873733,0.1115836471124047,0.1115836471124047,79.37,63.9,1.48,0.111584,Sobrevalorada por score,Infrapredicha por modelo
27,"C/ PROVENÇA, 322",la Dreta de l'Eixample,17,64.68,80.66,Alto,106,0.7093308778391653,0.8701657458563536,0.5868683619667499,0.2287822878228782,0.0766652979588593,0.1512026,0.0745373062157546,-0.0745373062157546,0.92,8.47,79.74,-0.074537,Sobrevalorada por score,Sobrepredicha por modelo
319,"C/ SAGUÉS, 1",Sant Gervasi - Galvany,31,64.65,80.48,Alto,107,0.5857888275015347,0.8093922651933702,0.6954406374674292,0.4354243542435424,0.1127480160541663,0.13111675,0.0183687318019738,-0.0183687318019738,6.45,3.13,74.03,-0.018369,Sobrevalorada por score,Sobrepredicha por modelo
200,"C/ JOAN GÜELL, 174",les Corts,24,64.56,80.29,Alto,108,0.6497851442602823,0.64548802946593,0.673056928061469,0.5904059040590406,0.2355591931963573,0.18928452,0.0462746748352656,0.0462746748352656,36.1,23.2,44.19,0.046275,Sobrevalorada por score,Infrapredicha por modelo
159,"AV. DIAGONAL, 26",el Besòs i el Maresme,36,64.48,80.11,Alto,109,0.748158379373849,0.7090239410681399,0.2690982546049525,0.9225092250922508,0.6801167281025101,0.48585942,0.1942573042267014,0.1942573042267014,97.24,80.85,-17.13,0.194257,Infravalorada por score,Infrapredicha por modelo
77,"AV. FRANCESC CAMBÓ, 10","Sant Pere, Santa Caterina i la Ribera",24,64.36,79.93,Alto,110,0.5024554941682013,0.98158379373849,0.5085942295887048,0.6346863468634687,0.6298741409929735,0.47414213,0.1557320068033677,0.1557320068033677,93.92,78.64,-13.99,0.155732,Infravalorada por score,Infrapredicha por modelo
29,"C/ PROVENÇA, 388-390",la Dreta de l'Eixample,23,64.28,79.74,Alto,111,0.660988336402701,0.8314917127071824,0.6672090617825879,0.2453874538745387,0.2033502771512859,0.16347538,0.0398748978034846,0.0398748978034846,27.99,13.63,51.75,0.039875,Sobrevalorada por score,Infrapredicha por modelo
379,"AV. JOSEP TARRADELLAS, 27",Sants,21,64.13,79.56,Alto,112,0.761817065684469,0.565377532228361,0.6165329599636721,0.5276752767527675,0.2552537572812409,0.20795366,0.0473000956010193,0.0473000956010193,42.17,28.36,37.39,0.0473,Sobrevalorada por score,Infrapredicha por modelo
443,"C/ CASANOVA, 139",l'Antiga Esquerra de l'Eixample,32,64.08,79.37,Alto,113,0.6005217925107428,0.7265193370165746,0.8375589697015566,0.2638376383763837,0.2212304379644224,0.1893609,0.0318695362510511,0.0318695362510511,32.6,23.39,46.77,0.03187,Sobrevalorada por score,Infrapredicha por modelo
204,"AV. DIAGONAL, 672",Pedralbes,33,64.05,79.1,Alto,114,0.7608962553713935,0.5395948434622467,0.9384205850659344,0.0313653136531365,0.152847265741378,0.19182122,0.0389739517955482,-0.0389739517955482,14.36,24.13,64.74,-0.038974,Sobrevalorada por score,Sobrepredicha por modelo
207,"AV. DIAGONAL, 634",les Corts,24,64.05,79.1,Alto,114,0.5857888275015347,0.6574585635359116,0.4944197273248208,0.9833948339483396,0.1924350148591205,0.19277672,0.0003417098370388,-0.0003417098370388,26.7,24.49,52.4,-0.000342,Sobrevalorada por score,Sobrepredicha por modelo
43,"C/ CLOT, 1",el Clot,27,63.99,78.82,Alto,116,0.7085635359116021,0.8241252302025782,0.4314365722070256,0.5202952029520296,0.4695953708926071,0.3923593,0.0772360843458999,0.0772360843458999,77.53,66.67,1.29,0.077236,Sobrevalorada por score,Infrapredicha por modelo
308,"C/ CARDENAL REIG, 11",la Maternitat i Sant Ramon,27,63.98,78.64,Alto,117,0.5337630448127685,0.4143646408839779,0.8375526627816039,0.933579335793358,0.2225709939574246,0.2079463,0.0146246934508328,0.0146246934508328,32.97,28.18,45.67,0.014625,Sobrevalorada por score,Infrapredicha por modelo
70,"C/ COMTE URGELL, 23",Sant Antoni,27,63.9,78.45,Alto,118,0.6008287292817679,0.8020257826887661,0.3848261812861071,0.8800738007380073,0.4473576155219287,0.39651418,0.050843438199541,0.050843438199541,73.85,67.59,4.6,0.050843,Sobrevalorada por score,Infrapredicha por modelo
149,"C/ PUJADES, 57B",el Parc i la Llacuna del Poblenou,27,63.86,78.27,Alto,119,0.6015960712093308,0.6325966850828729,0.696604714692961,0.6383763837638377,0.4750079712698652,0.5812706,0.1062626042535112,-0.1062626042535112,78.08,93.74,0.19,-0.106263,Sobrevalorada por score,Sobrepredicha por modelo
71,"C/ FLORIDABLANCA, 145",Sant Antoni,27,63.83,78.08,Alto,120,0.5386740331491713,0.8370165745856354,0.5887856656323318,0.6217712177121771,0.3219016853229159,0.3798949,0.0579932269199734,-0.0579932269199734,54.7,64.09,23.38,-0.057993,Sobrevalorada por score,Sobrepredicha por modelo
83,"C/ CALABRIA, 158",la Nova Esquerra de l'Eixample,24,63.3,77.9,Alto,121,0.4998465316144874,0.9447513812154696,0.7224383093129781,0.2749077490774908,0.3666056681681682,0.2688049,0.0978007603694011,0.0978007603694011,60.41,44.2,17.49,0.097801,Sobrevalorada por score,Infrapredicha por modelo
420,"GRAN VIA DE LES CORTS CATALANES,368",Hostafrancs,27,62.71,77.72,Alto,122,0.7946593001841621,0.6915285451197053,0.5715204722621661,0.2214022140221402,0.2844533508099751,0.30518752,0.0207341725550456,-0.0207341725550456,47.51,51.2,30.21,-0.020734,Sobrevalorada por score,Sobrepredicha por modelo
433,"C/ J. MAYNARD KEYNES, 2|AV. DGNAL.",Pedralbes,54,62.63,77.44,Alto,123,0.7981890730509514,0.4668508287292817,0.8078957231874813,0.1881918819188192,0.2401540112668763,0.20302853,0.0371254813844452,0.0371254813844452,37.38,27.44,40.06,0.037125,Sobrevalorada por score,Infrapredicha por modelo
510,"C/ GRAN DE GRÀCIA, 37",la Vila de Gràcia,27,62.63,77.44,Alto,123,0.4502762430939226,0.992633517495396,0.5167493774169019,0.6088560885608856,0.1724213916433596,0.17076191,0.0016594785822176,0.0016594785822176,19.52,16.21,57.92,0.001659,Sobrevalorada por score,Infrapredicha por modelo
48,"AV. MERIDIANA, 40",el Parc i la Llacuna del Poblenou,21,62.61,77.16,Alto,125,0.731890730509515,0.4797421731123388,0.4852787478421324,0.8579335793357934,0.3657810930845779,0.46155635,0.0957752521398025,-0.0957752521398025,60.22,76.98,16.94,-0.095775,Sobrevalorada por score,Sobrepredicha por modelo
74,"AV. JOSEP TARRADELLAS, 133",les Corts,15,62.4,76.98,Alto,126,0.5586249232658073,0.7311233885819521,0.6161968912290565,0.6107011070110702,0.2178248301235124,0.14583173,0.0719930961814805,0.0719930961814805,31.86,6.81,45.12,0.071993,Sobrevalorada por score,Infrapredicha por modelo
369,"C/ CONSELL DE CENT, 482",el Fort Pienc,27,62.28,76.8,Alto,127,0.651012891344383,0.6279926335174953,0.5610820692463772,0.6512915129151291,0.2400553383357163,0.2891725,0.0491171620362166,-0.0491171620362166,37.2,48.25,39.6,-0.049117,Sobrevalorada por score,Sobrepredicha por modelo
52,"PL. SANT MIQUEL, 4",el Barri Gòtic,32,62.18,76.52,Alto,128,0.3434622467771639,0.996316758747698,0.4687005582525146,0.9022140221402214,0.382819547812359,0.4793442,0.0965246413546637,-0.0965246413546637,63.9,79.74,12.62,-0.096525,Sobrevalorada por score,Sobrepredicha por modelo
422,"C/ JORDI GIRONA, 29",Pedralbes,44,62.18,76.52,Alto,128,0.5544812768569675,0.5322283609576427,0.8078957231874813,0.6180811808118081,0.2619523048836147,0.20089158,0.0610607207256709,0.0610607207256709,43.65,27.26,32.87,0.061061,Sobrevalorada por score,Infrapredicha por modelo
371,"C/ DELS ENAMORATS, 49",la Sagrada Família,36,62.14,76.24,Alto,130,0.7117863720073664,0.580110497237569,0.3332779225366071,0.959409594095941,0.3531151888125883,0.33072242,0.0223927674048887,0.0223927674048887,58.56,55.43,17.68,0.022393,Sobrevalorada por score,Infrapredicha por modelo
110,"AV. ROMA,  136",l'Antiga Esquerra de l'Eixample,17,62.12,76.06,Alto,131,0.5047575199508901,0.9300184162062616,0.4696952496278917,0.6309963099630996,0.25743983581052,0.3088143,0.0513744513751489,-0.0513744513751489,42.54,51.57,33.52,-0.051374,Sobrevalorada por score,Sobrepredicha por modelo
217,"C/ RECTOR UBACH, 24",Sant Gervasi - Galvany,27,62.05,75.87,Alto,132,0.5828729281767956,0.3508287292817679,0.8103117240235987,0.8413284132841329,0.1643474158410467,0.15169242,0.0126549955968297,0.0126549955968297,17.31,8.66,58.56,0.012655,Sobrevalorada por score,Infrapredicha por modelo
206,"AV. DIAGONAL, 650",les Corts,33,61.59,75.69,Alto,133,0.5331491712707183,0.6482504604051565,0.4944197273248208,0.9575645756457564,0.1727719916297138,0.18232533,0.0095533417271435,-0.0095533417271435,19.71,20.99,55.98,-0.009553,Sobrevalorada por score,Sobrepredicha por modelo
26,"C/ DOS DE MAIG, 230-232",el Camp de l'Arpa del Clot,18,61.51,75.51,Alto,134,0.7406384284837323,0.6114180478821363,0.3105802186158654,0.8357933579335793,0.4332369109783738,0.30932972,0.1239071926270096,0.1239071926270096,72.38,51.75,3.13,0.123907,Sobrevalorada por score,Infrapredicha por modelo
188,PG. SANT ANTONI /PL. SANTS,Sants,27,61.49,75.32,Alto,135,0.6287599754450582,0.8434622467771639,0.4146452988218673,0.5350553505535056,0.3696608485880516,0.31952363,0.0501372160616538,0.0501372160616538,61.14,53.59,14.18,0.050137,Sobrevalorada por score,Infrapredicha por modelo
24,"C/ MARINA, 199",el Fort Pienc,40,61.47,75.14,Alto,136,0.6881522406384285,0.5478821362799263,0.5610820692463772,0.6439114391143912,0.2321650124069479,0.29668555,0.0645205342296335,-0.0645205342296335,34.99,49.72,40.15,-0.064521,Sobrevalorada por score,Sobrepredicha por modelo
90,"C/ ROSSELLÓ, 108-110",l'Antiga Esquerra de l'Eixample,18,61.46,74.95,Alto,137,0.5425107427869859,0.651012891344383,0.6504042735689599,0.6623616236162362,0.1699559757866826,0.22263946,0.0526834806046519,-0.0526834806046519,18.6,32.41,56.35,-0.052683,Sobrevalorada por score,Sobrepredicha por modelo
153,"C/ PUJADES, 173/RBLA POBLE NOU",el Poblenou,23,61.22,74.77,Alto,138,0.4660834868017188,0.9281767955801103,0.5581687227225712,0.5166051660516605,0.546907400961826,0.6530971,0.1061896921434901,-0.1061896921434901,86.56,99.26,-11.79,-0.10619,Infravalorada por score,Sobrepredicha por modelo
53,PL. CARLES PI I SUNYER,el Barri Gòtic,21,61.02,74.59,Alto,139,0.4748311847759361,0.985267034990792,0.6735808529118148,0.1955719557195572,0.4723151304646127,0.50392735,0.0316122195796377,-0.0316122195796377,77.9,83.06,-3.31,-0.031612,Infravalorada por score,Sobrepredicha por modelo
113,"RONDA DE SANT PAU , 51",Sant Antoni,34,60.87,74.4,Alto,140,0.5722836095764273,0.8674033149171271,0.4870361260374883,0.4649446494464945,0.4250894276629571,0.4770814,0.051991960572135,-0.051991960572135,70.9,79.19,3.5,-0.051992,Sobrevalorada por score,Sobrepredicha por modelo
58,"C/ VALLDONZELLA, 2",el Raval,21,60.86,74.22,Alto,141,0.6439533456108042,0.9742173112338858,0.5032678855239969,0.092250922509225,0.3746827547640555,0.44524944,0.0705666835217721,-0.0705666835217721,62.8,74.03,11.42,-0.070567,Sobrevalorada por score,Sobrepredicha por modelo
390,"C/ COMERÇ, 36","Sant Pere, Santa Caterina i la Ribera",25,60.84,74.03,Alto,142,0.468232044198895,0.8931860036832413,0.3548189073050952,0.8837638376383764,0.6373820673900628,0.5007746,0.1366074454265617,0.1366074454265617,95.21,82.69,-21.18,0.136607,Infravalorada por score,Infrapredicha por modelo
37,PG. DE COLOM - VIA LAIETANA,el Barri Gòtic,24,60.73,73.85,Alto,143,0.6660527931246163,0.7467771639042358,0.6636821420462531,0.1439114391143912,0.699644950405771,0.6404257,0.0592192683378999,0.0592192683378999,98.71,98.71,-24.86,0.059219,Infravalorada por score,Infrapredicha por modelo
164,"C/ INDEPENDÈNCIA, 379",el Camp de l'Arpa del Clot,27,60.65,73.66,Alto,144,0.5833333333333334,0.5598526703499079,0.4816207342696406,0.9464944649446494,0.3687736588456984,0.26868457,0.1000890928247328,0.1000890928247328,60.77,44.01,12.89,0.100089,Sobrevalorada por score,Infrapredicha por modelo
208,"AV. DIAGONAL, 630",Sant Gervasi - Galvany,33,60.54,73.48,Alto,145,0.4970841006752609,0.3406998158379374,0.8335621844287552,0.918819188191882,0.0936601836568003,0.17463356,0.0809733789080495,-0.0809733789080495,2.21,17.31,71.27,-0.080973,Sobrevalorada por score,Sobrepredicha por modelo
432,"C/ MARTÍ I FRANQUÈS, 1",la Maternitat i Sant Ramon,28,60.52,73.3,Alto,146,0.6398096992019645,0.3821362799263352,0.5739707106637403,0.948339483394834,0.208941919603265,0.14693435,0.0620075742386943,0.0620075742386943,29.28,7.18,44.02,0.062008,Sobrevalorada por score,Infrapredicha por modelo
225,"C/ VILADOMAT, 200",la Nova Esquerra de l'Eixample,25,60.51,73.11,Alto,147,0.4895641497851442,0.651012891344383,0.5028250496444698,0.9686346863468634,0.2620017804909068,0.22542785,0.0365739294100123,0.0365739294100123,43.83,33.89,29.28,0.036574,Sobrevalorada por score,Infrapredicha por modelo
103,"C/ ARAGÓ, 629",el Clot,20,60.45,72.93,Alto,148,0.7147022713321055,0.7569060773480663,0.4777072904390697,0.3044280442804428,0.3266576454668471,0.3854241,0.058766461846309,-0.058766461846309,55.25,65.38,17.68,-0.058766,Sobrevalorada por score,Sobrepredicha por modelo
380,"C/ DURAN I BAS, 2",el Barri Gòtic,24,60.41,72.74,Alto,149,0.4932473910374463,0.9760589318600368,0.6735808529118148,0.1273062730627306,0.5293145643041585,0.44667697,0.0826375947759602,0.0826375947759602,84.53,74.22,-11.79,0.082638,Infravalorada por score,Infrapredicha por modelo
67,"C/ ROCAFORT, 214 | C/ ROSSELLÓ",la Nova Esquerra de l'Eixample,23,60.39,72.47,Alto,150,0.483425414364641,0.6049723756906077,0.6467016610625178,0.8118081180811808,0.2111570187175604,0.18009937,0.0310576506221624,0.0310576506221624,29.83,19.89,42.64,0.031058,Sobrevalorada por score,Infrapredicha por modelo
186,"C/CONSELL DE CENT, 6",Hostafrancs,26,60.39,72.47,Alto,150,0.5848680171884592,0.5681399631675875,0.4741447816544313,0.9243542435424354,0.3720928214384892,0.342162,0.0299308083845951,0.0299308083845951,62.43,57.83,10.04,0.029931,Sobrevalorada por score,Infrapredicha por modelo
514,"C/ ARAGÓ, 614",el Clot,24,60.25,72.19,Alto,152,0.7090239410681399,0.7817679558011049,0.4926704580265467,0.2380073800738007,0.3712317940611945,0.39022034,0.0189885500054253,-0.0189885500054253,61.69,66.11,10.5,-0.018989,Sobrevalorada por score,Sobrepredicha por modelo
99,"C/ VIRIAT,  53",Sants,21,60.23,72.01,Alto,153,0.7311233885819522,0.496316758747698,0.5780891293927698,0.518450184501845,0.2708148768583992,0.22699836,0.0438165178934791,0.0438165178934791,45.12,34.25,26.89,0.043817,Sobrevalorada por score,Infrapredicha por modelo
82,"C/ CALÀBRIA, 112",la Nova Esquerra de l'Eixample,40,60.22,71.82,Alto,154,0.7189993861264581,0.8655616942909761,0.4823370201785398,0.0904059040590405,0.4292361894024802,0.28182906,0.1474071302784872,0.1474071302784872,71.82,46.41,0.0,0.147407,Sobrevalorada por score,Infrapredicha por modelo
235,"AV. PARAL.LEL, 98",Sant Antoni,21,60.02,71.64,Alto,155,0.488182934315531,0.9373848987108656,0.4911797724463281,0.481549815498155,0.4585410310699142,0.457372,0.0011690213157332,0.0011690213157332,75.32,75.87,-3.68,0.001169,Infravalorada por score,Infrapredicha por modelo
278,"TRAVESSERA DE GRÀCIA, 368",el Baix Guinardó,27,59.91,71.45,Medio,156,0.481890730509515,0.7780847145488029,0.43547074850526,0.8468634686346863,0.2534333024064461,0.24697123,0.006462067727224,0.006462067727224,41.8,38.49,29.65,0.006462,Sobrevalorada por score,Infrapredicha por modelo
201,"C/ NUMÀNCIA, 136",les Corts,24,59.72,71.27,Medio,157,0.3987108655616942,0.8241252302025782,0.6555615321130345,0.584870848708487,0.1509682933243172,0.17478098,0.0238126864282234,-0.0238126864282234,13.81,17.5,57.46,-0.023813,Sobrevalorada por score,Sobrepredicha por modelo
306,"C/ DOCTOR SALVADOR CARDENAL, 1-5",la Maternitat i Sant Ramon,30,59.69,70.99,Medio,158,0.685389809699202,0.4125230202578269,0.5739707106637403,0.7361623616236163,0.1512020133723987,0.18092847,0.0297264553318249,-0.0297264553318249,14.0,20.26,56.99,-0.029726,Sobrevalorada por score,Sobrepredicha por modelo
561,"C/ MANILA, 53",Pedralbes,24,59.69,70.99,Medio,158,0.5460405156537753,0.3968692449355432,0.9384205850659344,0.4797047970479705,0.2242683110809383,0.18203267,0.0422356365299281,0.0422356365299281,33.15,20.63,37.84,0.042236,Sobrevalorada por score,Infrapredicha por modelo
402,PG. DE COLOM (VIA LAIETANA),el Barri Gòtic,31,59.68,70.72,Medio,160,0.6626764886433395,0.7348066298342542,0.6636821420462531,0.1014760147601475,0.5530140845070423,0.62552536,0.072511270832008,-0.072511270832008,87.85,97.61,-17.13,-0.072511,Infravalorada por score,Sobrepredicha por modelo
45,"C/ SARDENYA, 66",la Vila Olímpica del Poblenou,27,59.58,70.53,Medio,161,0.5514119091467158,0.4760589318600368,0.5772579674418772,0.929889298892989,0.3894004501739308,0.44101226,0.0516118131241038,-0.0516118131241038,65.75,72.38,4.78,-0.051612,Sobrevalorada por score,Sobrepredicha por modelo
211,"C/ SANCHO DE ÁVILA, 60-64",el Parc i la Llacuna del Poblenou,28,59.44,70.35,Medio,162,0.446439533456108,0.7569060773480663,0.696604714692961,0.4981549815498155,0.5498077974716119,0.4756716,0.0741362080970696,0.0741362080970696,87.48,78.82,-17.13,0.074136,Infravalorada por score,Infrapredicha por modelo
96,"GRAN VIA DE LES CORTS CATALANES,  368",el Poble-sec,21,59.29,70.07,Medio,163,0.7670349907918967,0.6648250460405156,0.4537504549992251,0.2988929889298892,0.2924414210128495,0.35606456,0.0636231370163253,-0.0636231370163253,48.8,60.41,21.27,-0.063623,Sobrevalorada por score,Sobrepredicha por modelo
373,"AV. PARAL.LEL, 132",Sant Antoni,30,59.29,70.07,Medio,163,0.5348373235113567,0.8314917127071824,0.4350103433487222,0.5940959409594095,0.5114973365994012,0.35070068,0.1607966601582086,0.1607966601582086,81.95,59.67,-11.88,0.160797,Infravalorada por score,Infrapredicha por modelo
226,"C/ MONTMANY, 1",la Vila de Gràcia,27,59.12,69.8,Medio,165,0.3006445672191529,0.9788213627992634,0.5929464308239,0.6199261992619927,0.1843033509700176,0.22590339,0.0416000408680561,-0.0416000408680561,24.49,34.07,45.31,-0.0416,Sobrevalorada por score,Sobrepredicha por modelo
158,"RAMBLA DE PRIM, 19",el Besòs i el Maresme,31,59.06,69.61,Medio,166,0.6832412523020258,0.5920810313075506,0.2690982546049525,0.9077490774907748,0.535507130500516,0.611912,0.0764048815997037,-0.0764048815997037,85.45,96.5,-15.84,-0.076405,Infravalorada por score,Sobrepredicha por modelo
428,"C/ PUJADES, 103",el Poblenou,33,58.76,69.43,Medio,167,0.5587783916513199,0.5736648250460405,0.5570177098312268,0.7287822878228782,0.5777987479442969,0.5962279,0.0184291363483056,-0.0184291363483056,90.24,95.03,-20.81,-0.018429,Infravalorada por score,Sobrepredicha por modelo
76,"C/ CÒRSEGA, 216",l'Antiga Esquerra de l'Eixample,31,58.62,69.15,Medio,168,0.5610804174340086,0.7311233885819521,0.6510948813037665,0.2952029520295203,0.1713534717501081,0.16456056,0.0067929153383649,0.0067929153383649,18.78,14.18,50.37,0.006793,Sobrevalorada por score,Infrapredicha por modelo
126,PG. DE COLOM /VIA LAIETANA,el Barri Gòtic,23,58.62,69.15,Medio,168,0.6586863106200123,0.7311233885819521,0.6636821420462531,0.0461254612546125,0.6352991917974053,0.61946493,0.0158342579251824,0.0158342579251824,94.66,96.87,-25.51,0.015834,Infravalorada por score,Infrapredicha por modelo
75,"AV. JOSEP TARRADELLAS, 58",la Nova Esquerra de l'Eixample,21,58.56,68.88,Medio,170,0.5793431553100062,0.5368324125230203,0.6635064492761458,0.551660516605166,0.2054198100814472,0.21731937,0.0118995592346538,-0.0118995592346538,28.55,31.12,40.33,-0.0119,Sobrevalorada por score,Sobrepredicha por modelo
129,"C/ MANSO, 46",Sant Antoni,23,58.45,68.69,Medio,171,0.6402701043585021,0.858195211786372,0.4119900855218346,0.2859778597785978,0.6276377921899798,0.39132583,0.2363119607767108,0.2363119607767108,93.74,66.48,-25.05,0.236312,Infravalorada por score,Infrapredicha por modelo
382,"C/ LOPE DE VEGA, 79",el Poblenou,27,58.43,68.51,Medio,172,0.5457335788827501,0.6813996316758748,0.487726733772295,0.6734317343173432,0.6193697695868132,0.6060216,0.0133481865065214,0.0133481865065214,93.37,95.95,-24.86,0.013348,Infravalorada por score,Infrapredicha por modelo
385,"C/ CASANOVA, 119",l'Antiga Esquerra de l'Eixample,30,58.36,68.32,Medio,173,0.5190300798035604,0.7605893186003683,0.7397228739372841,0.1789667896678967,0.1909496057593417,0.19586726,0.004917649570744,-0.004917649570744,25.78,25.97,42.54,-0.004918,Sobrevalorada por score,Sobrepredicha por modelo
112,"C/ FLORIDABLANCA,  49",Sant Antoni,20,58.34,68.14,Medio,174,0.5775015346838551,0.7219152854511971,0.5572479124094957,0.4095940959409594,0.5470113463562989,0.34822714,0.1987842030686402,0.1987842030686402,86.74,58.75,-18.6,0.198784,Infravalorada por score,Infrapredicha por modelo
418,Time Out Market PG. LLUíS COMPANYS,"Sant Pere, Santa Caterina i la Ribera",27,58.25,67.96,Medio,175,0.7295887047268262,0.785451197053407,0.3548189073050952,0.2804428044280442,0.385401720104702,0.3565747,0.0288270059208946,0.0288270059208946,65.01,60.59,2.95,0.028827,Sobrevalorada por score,Infrapredicha por modelo
191,"C/ ENTENÇA, 137",la Nova Esquerra de l'Eixample,37,57.86,67.77,Medio,176,0.617096378146102,0.5626151012891344,0.524924497158282,0.6051660516605166,0.1849912899692784,0.31637484,0.1313835483829249,-0.1313835483829249,24.68,53.41,43.09,-0.131384,Sobrevalorada por score,Sobrepredicha por modelo
337,"C/ CARME KARR, 12-14",Sarrià,23,57.61,67.59,Medio,177,0.474524248004911,0.3747697974217311,0.7319140060474353,0.8892988929889298,0.1154615968342407,0.12428376,0.0088221639518158,-0.0088221639518158,6.63,1.66,60.96,-0.008822,Sobrevalorada por score,Sobrepredicha por modelo
151,"C/ PALLARS, 182",el Poblenou,31,57.59,67.4,Medio,178,0.6129527317372622,0.6731123388581952,0.2653510431645601,0.8450184501845018,0.5791735133878021,0.60008883,0.0209153213747711,-0.0209153213747711,90.61,95.4,-23.21,-0.020915,Infravalorada por score,Sobrepredicha por modelo
417,"C/ VILLAR, 2",el Guinardó,32,57.56,67.22,Medio,179,0.6224677716390423,0.496316758747698,0.5449138294536766,0.6494464944649446,0.2684016674280493,0.29220212,0.0238004476308496,-0.0238004476308496,44.75,48.8,22.47,-0.0238,Sobrevalorada por score,Sobrepredicha por modelo
286,"C/ BOLÍVIA, 76",el Parc i la Llacuna del Poblenou,19,57.5,67.03,Medio,180,0.5810313075506445,0.6325966850828729,0.6611535176395541,0.3210332103321033,0.4818270303634593,0.5469065,0.0650794408889821,-0.0650794408889821,78.45,89.87,-11.42,-0.065079,Infravalorada por score,Sobrepredicha por modelo
229,"C/ DE LA SANTACREU, 2 (PL. DE LA VIRREINA)",la Vila de Gràcia,28,57.19,66.85,Medio,181,0.2455494168201351,0.9465930018416208,0.5068506665513401,0.8173431734317343,0.1638691013408973,0.18594828,0.0220791811393425,-0.0220791811393425,17.13,22.28,49.72,-0.022079,Sobrevalorada por score,Sobrepredicha por modelo
339,"C/ RAMON TURRÓ, 246",el Poblenou,27,56.96,66.67,Medio,182,0.4447513812154696,0.7817679558011049,0.6118059234592195,0.4372693726937269,0.7163975798903597,0.6646697,0.0517278873740327,0.0517278873740327,99.26,99.63,-32.59,0.051728,Infravalorada por score,Infrapredicha por modelo
426,"C/ DE RIBES, 59 B",el Fort Pienc,33,56.85,66.48,Medio,183,0.6629834254143646,0.4162062615101289,0.4116805959498762,0.8634686346863468,0.272556589893528,0.38612857,0.1135719847162284,-0.1135719847162284,45.67,65.56,20.81,-0.113572,Sobrevalorada por score,Sobrepredicha por modelo
5,"PG. LLUIS COMPANYS, 11 (ARC TRIOMF)","Sant Pere, Santa Caterina i la Ribera",39,56.79,66.21,Medio,184,0.7265193370165745,0.7744014732965009,0.3548189073050952,0.2084870848708486,0.174814493460951,0.33400953,0.1591950346991442,-0.1591950346991442,20.44,55.99,45.77,-0.159195,Sobrevalorada por score,Sobrepredicha por modelo
445,"C/ VILAMARÍ, 2",Sant Antoni,24,56.79,66.21,Medio,184,0.6559238796807858,0.6648250460405156,0.2612073967557203,0.7121771217712177,0.4343353241679814,0.3354501,0.0988852113483097,0.0988852113483097,72.56,56.54,-6.35,0.098885,Infravalorada por score,Infrapredicha por modelo
146,"C/ PERE IV, 488",Provençals del Poblenou,24,56.77,65.93,Medio,186,0.4686924493554327,0.5948434622467772,0.677017223297402,0.5710332103321033,0.5014535466538353,0.6031083,0.1016547402037696,-0.1016547402037696,80.48,95.76,-14.55,-0.101655,Infravalorada por score,Sobrepredicha por modelo
142,"C/ SANCHO DE ÁVILA,  104 - C/ BADAJOZ",el Parc i la Llacuna del Poblenou,51,56.72,65.75,Medio,187,0.3772252915899324,0.7430939226519337,0.6611535176395541,0.5608856088560885,0.576777285792999,0.4496896,0.1270876889015958,0.1270876889015958,89.87,75.14,-24.12,0.127088,Infravalorada por score,Infrapredicha por modelo
447,"C/ ALMOGÀVERS, 63",el Fort Pienc,27,56.47,65.56,Medio,188,0.9248004910988336,0.2771639042357274,0.464396986373449,0.3708487084870848,0.3076349386929591,0.4108236,0.1031886747122685,-0.1031886747122685,52.85,69.06,12.71,-0.103189,Sobrevalorada por score,Sobrepredicha por modelo
454,"C/ SARDENYA, 402",el Baix Guinardó,27,56.34,65.29,Medio,189,0.4468999386126457,0.6114180478821363,0.4451392567925528,0.9520295202952028,0.1551418550630351,0.2238744,0.0687325499634007,-0.0687325499634007,15.1,32.97,50.19,-0.068733,Sobrevalorada por score,Sobrepredicha por modelo
387,"C/ NÀPOLS, 125",el Fort Pienc,32,56.34,65.29,Medio,189,0.6979742173112338,0.6169429097605893,0.5334577598541119,0.2103321033210332,0.2403762245242653,0.19945745,0.040918772823101,0.040918772823101,37.57,26.7,27.72,0.040919,Sobrevalorada por score,Infrapredicha por modelo
608,"C/ PAMPLONA, 116 (xamfrà)",el Parc i la Llacuna del Poblenou,24,56.29,64.92,Medio,191,0.5587783916513198,0.6942909760589319,0.696604714692961,0.1309963099630996,0.4908475619135518,0.48095778,0.009889785605492,0.009889785605492,79.56,80.11,-14.64,0.00989,Infravalorada por score,Infrapredicha por modelo
604,"C/ CÒRSEGA, 578",la Sagrada Família,28,56.29,64.92,Medio,191,0.5498772252915899,0.8609576427255985,0.4502208322971965,0.2841328413284133,0.2222995926647454,0.21367761,0.0086219777374535,0.0086219777374535,32.78,29.47,32.14,0.008622,Sobrevalorada por score,Infrapredicha por modelo
160,"AV.DEDUARD MARISTANY,1 /FORUM",el Besòs i el Maresme,33,56.26,64.64,Medio,193,0.6077348066298341,0.5046040515653776,0.7442363761519138,0.2509225092250923,0.4830776173285198,0.58455557,0.1014779489823627,-0.1014779489823627,78.82,94.11,-14.18,-0.101478,Infravalorada por score,Sobrepredicha por modelo
602,"C/ ROSSELLÓ, 497 (xamfrà)",la Sagrada Família,20,56.23,64.46,Medio,194,0.5662983425414365,0.7937384898710865,0.4301932079878042,0.3874538745387453,0.2346762346027799,0.22842778,0.0062484519480176,0.0062484519480176,35.54,34.62,28.92,0.006248,Sobrevalorada por score,Infrapredicha por modelo
50,"AV. PARAL.LEL, 54",el Raval,18,56.04,64.27,Medio,195,0.5862492326580724,0.6961325966850829,0.4093452335902953,0.525830258302583,0.4686526479750779,0.492462,0.0238093612164351,-0.0238093612164351,77.35,81.4,-13.08,-0.023809,Infravalorada por score,Sobrepredicha por modelo
358,"C/ GOMBAU, 24","Sant Pere, Santa Caterina i la Ribera",26,55.94,64.09,Medio,196,0.4992326580724371,0.9208103130755064,0.5039901780233272,0.1900369003690036,0.6319806953609771,0.52138615,0.1105945488155669,0.1105945488155669,94.29,85.64,-30.2,0.110595,Infravalorada por score,Infrapredicha por modelo
284,"AV. DIAGONAL, 652",les Corts,27,55.91,63.9,Medio,197,0.6375076734192756,0.4576427255985267,0.4944197273248208,0.6531365313653137,0.1501315295001878,0.1956786,0.0455470771291838,-0.0455470771291838,13.44,25.78,50.46,-0.045547,Sobrevalorada por score,Sobrepredicha por modelo
554,"C/ AVENIR, 35",Sant Gervasi - Galvany,23,55.79,63.72,Medio,198,0.34561080417434,0.8066298342541437,0.8059378750364901,0.2250922509225091,0.1005924402663533,0.16135336,0.0607609243204768,-0.0607609243204768,2.95,12.89,60.77,-0.060761,Sobrevalorada por score,Sobrepredicha por modelo
6,"PG. LLUIS COMPANYS, 18 (ARC TRIOMF)","Sant Pere, Santa Caterina i la Ribera",39,55.69,63.54,Medio,199,0.7160834868017187,0.7173112338858195,0.3548189073050952,0.2546125461254612,0.232319393928427,0.32353106,0.0912116674824769,-0.0912116674824769,35.17,54.14,28.37,-0.091212,Sobrevalorada por score,Sobrepredicha por modelo
403,"C/ VALLESPIR, 49",Sants,22,55.61,63.35,Medio,200,0.462707182320442,0.64548802946593,0.5371130704609097,0.6568265682656826,0.3047600995871028,0.26509267,0.0396674286695918,0.0396674286695918,52.12,42.73,11.23,0.039667,Sobrevalorada por score,Infrapredicha por modelo
609,"C/ ÀVILA, 94",el Parc i la Llacuna del Poblenou,24,55.56,63.17,Medio,201,0.4789748311847759,0.6537753222836096,0.6611535176395541,0.3948339483394834,0.554015826472689,0.568558,0.0145421512037026,-0.0145421512037026,88.4,92.45,-25.23,-0.014542,Infravalorada por score,Sobrepredicha por modelo
133,"GRAN VIA DE LES CORTS CATALANES,  902",Provençals del Poblenou,16,55.5,62.98,Medio,202,0.3443830570902395,0.6685082872928176,0.4868698936473098,0.970479704797048,0.5223968897903989,0.4871628,0.0352340911472867,0.0352340911472867,83.61,81.03,-20.63,0.035234,Infravalorada por score,Infrapredicha por modelo
222,"C/ DEL CANÓ, 1",la Vila de Gràcia,27,55.3,62.71,Medio,203,0.3624923265807244,1.0,0.3790882356121136,0.5424354243542435,0.1735800486804042,0.25363088,0.0800508278607335,-0.0800508278607335,19.89,40.15,42.82,-0.080051,Sobrevalorada por score,Sobrepredicha por modelo
230,"C/ DE NIL FABRA, 16-20",la Vila de Gràcia,26,55.3,62.71,Medio,203,0.4198895027624309,0.6427255985267035,0.5528911822051155,0.7140221402214022,0.1530977556808235,0.21720338,0.0641056229965446,-0.0641056229965446,14.55,30.94,48.16,-0.064106,Sobrevalorada por score,Sobrepredicha por modelo
203,"AV. DIAGONAL, 668",les Corts,33,55.28,62.43,Medio,205,0.6559238796807857,0.4622467771639042,0.4907364860725188,0.566420664206642,0.1041487105821191,0.22890028,0.1247515729929388,-0.1247515729929388,4.24,34.81,58.19,-0.124752,Sobrevalorada por score,Sobrepredicha por modelo
148,"RONDA SANT PAU, 79",Sant Antoni,27,55.25,62.25,Medio,206,0.5896255371393492,0.856353591160221,0.4870361260374883,0.0682656826568265,0.54531313207138,0.44421837,0.1010947647331994,0.1010947647331994,86.37,73.66,-24.12,0.101095,Infravalorada por score,Infrapredicha por modelo
143,"C/ SANCHO DE ÁVILA, 170 / LLACUNA",el Parc i la Llacuna del Poblenou,27,55.22,62.06,Medio,207,0.4140577041129527,0.7034990791896869,0.6611535176395541,0.4409594095940959,0.6864967658797182,0.5901288,0.0963679864684022,0.0963679864684022,97.61,94.48,-35.55,0.096368,Infravalorada por score,Infrapredicha por modelo
240,"C/ JOSEP ESTIVILL, 32",Navas,27,55.16,61.88,Medio,208,0.7622774708410067,0.5368324125230203,0.3047255949227492,0.496309963099631,0.3524590505998956,0.36824518,0.0157861338216437,-0.0157861338216437,58.38,61.69,3.5,-0.015786,Sobrevalorada por score,Sobrepredicha por modelo
507,"C/ SARDENYA, 494",el Baix Guinardó,24,55.02,61.69,Medio,209,0.5686003683241253,0.3747697974217311,0.4798998461111532,0.9169741697416974,0.1560517325524646,0.22253874,0.0664870068903607,-0.0664870068903607,15.47,32.23,46.22,-0.066487,Sobrevalorada por score,Sobrepredicha por modelo
44,"AV. MERIDIANA, 71",el Fort Pienc,21,54.78,61.51,Medio,210,0.6175567833026397,0.6390423572744015,0.3532091410695815,0.5571955719557196,0.297699995060834,0.4590926,0.1613925921717557,-0.1613925921717557,50.09,76.43,11.42,-0.161393,Sobrevalorada por score,Sobrepredicha por modelo
610,"C/ ÀVILA, 102",el Parc i la Llacuna del Poblenou,27,54.75,61.33,Medio,211,0.3802946593001842,0.7375690607734806,0.6611535176395541,0.4317343173431734,0.4105321202095395,0.5648637,0.1543315615836734,-0.1543315615836734,69.43,92.08,-8.1,-0.154332,Infravalorada por score,Sobrepredicha por modelo
194,"C/ JOAN GÜELL, 98",les Corts,24,54.72,61.14,Medio,212,0.4686924493554327,0.5736648250460405,0.5558838157226108,0.6715867158671587,0.2441893264131784,0.25254023,0.0083509043378592,-0.0083509043378592,38.86,39.41,22.28,-0.008351,Sobrevalorada por score,Sobrepredicha por modelo
419,PG. DE LLUIS COMPANYS (ARC DE TRIOMF ),"Sant Pere, Santa Caterina i la Ribera",33,54.71,60.96,Medio,213,0.7403314917127072,0.7117863720073665,0.3548189073050952,0.1420664206642066,0.5647489972737264,0.48571202,0.0790369756844472,0.0790369756844472,89.13,80.66,-28.17,0.079037,Infravalorada por score,Infrapredicha por modelo
165,"C/ DEL DOCTOR TRUETA, 222",el Poblenou,27,54.62,60.77,Medio,214,0.3086249232658072,0.7513812154696132,0.582800398597341,0.6974169741697417,0.6112591258375341,0.626853,0.0155938633592432,-0.0155938633592432,92.82,97.97,-32.05,-0.015594,Infravalorada por score,Sobrepredicha por modelo
386,AV. PARAL.LEL 164,Sant Antoni,18,54.49,60.59,Medio,215,0.5403621853898097,0.7219152854511971,0.5593197356139156,0.2361623616236162,0.3587212212212212,0.39523357,0.0365123503081672,-0.0365123503081672,58.93,67.22,1.66,-0.036512,Sobrevalorada por score,Sobrepredicha por modelo
122,"C/ NÀPOLS, 344",el Camp d'en Grassot i Gràcia Nova,33,54.31,60.41,Medio,216,0.5128913443830571,0.6611418047882136,0.4986814032356301,0.4907749077490775,0.2808269995452665,0.17665754,0.1041694569589399,0.1041694569589399,46.96,18.23,13.45,0.104169,Sobrevalorada por score,Infrapredicha por modelo
205,"C/ DE CAN SEGALAR, 4",les Corts,37,54.24,60.22,Medio,217,0.6042050337630448,0.5322283609576427,0.5204326186692039,0.4520295202952029,0.1024042634183479,0.18607904,0.0836747767513679,-0.0836747767513679,4.05,22.47,56.17,-0.083675,Sobrevalorada por score,Sobrepredicha por modelo
603,"C/ CÒRSEGA, 612 (xamfrà)",la Sagrada Família,24,54.13,60.04,Medio,218,0.5374462860650705,0.7403314917127072,0.4301932079878042,0.4040590405904058,0.2454047914085089,0.22317204,0.022232752614945,0.022232752614945,39.59,32.6,20.45,0.022233,Sobrevalorada por score,Infrapredicha por modelo
304,"PG. MANUEL GIRONA, 7",Sarrià,26,54.09,59.85,Medio,219,0.2341927562922038,0.5248618784530387,0.7940687021800319,0.8616236162361623,0.2107648970747562,0.15524656,0.0555183412695499,0.0555183412695499,29.65,10.13,30.2,0.055518,Sobrevalorada por score,Infrapredicha por modelo
13,"C/ MARINA, 25-33",la Vila Olímpica del Poblenou,54,53.96,59.67,Medio,220,0.6829343155310005,0.2099447513812154,0.3990811718617667,0.988929889298893,0.4611224775294652,0.45372185,0.0074006264190068,0.0074006264190068,76.06,75.32,-16.39,0.007401,Infravalorada por score,Infrapredicha por modelo
89,"C/ ROSSELLÓ,  101",la Nova Esquerra de l'Eixample,24,53.81,59.48,Medio,221,0.4676181706568447,0.5976058931860037,0.7309558047089265,0.2822878228782287,0.1881220657276995,0.16729674,0.0208253282952196,0.0208253282952196,25.41,15.1,34.07,0.020825,Sobrevalorada por score,Infrapredicha por modelo
409,"C/ JOAN D'ÀUSTRIA, 31B",la Vila Olímpica del Poblenou,27,53.7,59.3,Medio,222,0.4545733578882751,0.425414364640884,0.7895047446057815,0.4944649446494464,0.457962524877023,0.50651675,0.0485542297502047,-0.0485542297502047,75.14,83.43,-15.84,-0.048554,Infravalorada por score,Sobrepredicha por modelo
152,"C/ PUJADES, 121",el Poblenou,39,53.63,59.12,Medio,223,0.556476365868631,0.6556169429097606,0.2653510431645601,0.7416974169741697,0.5801350683577665,0.524398,0.055737039507211,0.055737039507211,90.79,86.19,-31.67,0.055737,Infravalorada por score,Infrapredicha por modelo
216,"C/ MADRAZO, 131",Sant Gervasi - Galvany,27,53.29,58.93,Medio,224,0.5059852670349908,0.5211786372007366,0.7912049100272819,0.1845018450184502,0.2078133613992883,0.15613224,0.0516811252762032,0.0516811252762032,28.91,10.31,30.02,0.051681,Sobrevalorada por score,Infrapredicha por modelo
198,"C/ VALLESPIR, 194",les Corts,27,53.28,58.75,Medio,225,0.5644567219152854,0.7034990791896869,0.389447351634213,0.4132841328413283,0.1448799284502286,0.22406876,0.0791888324216586,-0.0791888324216586,11.97,33.15,46.78,-0.079189,Sobrevalorada por score,Sobrepredicha por modelo
435,"AV. DOCTOR MARAÑON, 25 | PAU GARGALLO",la Maternitat i Sant Ramon,28,53.27,58.56,Medio,226,0.7542971147943524,0.3038674033149171,0.7120922576250663,0.0977859778597786,0.248808316021708,0.1836814,0.0651269173915657,0.0651269173915657,40.52,21.55,18.04,0.065127,Sobrevalorada por score,Infrapredicha por modelo
327,"C/ REUS, 23",Sant Gervasi - la Bonanova,24,53.2,58.29,Medio,227,0.2753222836095765,0.4530386740331492,0.6927205529907414,0.9944649446494463,0.1110985957798302,0.1385794,0.0274808026138007,-0.0274808026138007,5.89,4.24,52.4,-0.027481,Sobrevalorada por score,Sobrepredicha por modelo
421,"C/ VALLESPIR, 13",Sants,25,53.2,58.29,Medio,227,0.5758133824432167,0.6786372007366482,0.5780891293927698,0.1088560885608855,0.3372291737120956,0.3499473,0.0127181298214584,-0.0127181298214584,57.09,58.93,1.2,-0.012718,Sobrevalorada por score,Sobrepredicha por modelo
81,"C/ VILAMARÍ,  61",la Nova Esquerra de l'Eixample,21,53.11,58.01,Medio,229,0.5265500306936771,0.6988950276243094,0.6174659336223705,0.118081180811808,0.3221105662298684,0.3124323,0.0096782771063332,0.0096782771063332,54.88,52.49,3.13,0.009678,Sobrevalorada por score,Infrapredicha por modelo
97,"C/ TARRAGONA, 141",Hostafrancs,21,53.09,57.83,Medio,230,0.6734192756292203,0.425414364640884,0.4290250763137314,0.5442804428044281,0.3092687368692437,0.3132638,0.0039950668512305,-0.0039950668512305,53.04,52.67,4.79,-0.003995,Sobrevalorada por score,Sobrepredicha por modelo
175,"C/ LLULL, 309",Diagonal Mar i el Front Marítim del Poblenou,27,52.84,57.64,Medio,231,0.5822590546347451,0.1804788213627992,0.6063986405884536,0.8523985239852399,0.6321133412042503,0.5952278,0.036885563246334,0.036885563246334,94.48,94.84,-36.84,0.036886,Infravalorada por score,Infrapredicha por modelo
563,"C/ ENTENÇA, 301",les Corts,24,52.76,57.46,Medio,232,0.4065377532228361,0.6915285451197053,0.5772926555016163,0.4538745387453874,0.2406576769728428,0.1767905,0.0638671713251834,0.0638671713251834,37.94,18.6,19.52,0.063867,Sobrevalorada por score,Infrapredicha por modelo
331,"C/ CASTELLNOU, 65",les Tres Torres,31,52.64,57.27,Medio,233,0.5112031921424186,0.1915285451197053,0.676836575090189,0.8690036900369004,0.1248431823884276,0.12547451,0.0006313301886292,-0.0006313301886292,8.47,2.03,48.8,-0.000631,Sobrevalorada por score,Sobrepredicha por modelo
132,PL. VALENTÍ ALMIRALL,el Clot,27,52.59,57.09,Medio,234,0.3988643339472069,0.6703499079189686,0.4452487269031582,0.7158671586715868,0.5319270893041385,0.41876963,0.1131574614946139,0.1131574614946139,85.27,69.8,-28.18,0.113157,Infravalorada por score,Infrapredicha por modelo
187,"C/ DE SANT PAU, 89 - 97",el Raval,15,52.55,56.91,Medio,235,0.4996930632289748,0.7780847145488029,0.5046491009936102,0.1992619926199261,0.5042525241151522,0.44824734,0.0560051808133791,0.0560051808133791,81.03,74.59,-24.12,0.056005,Infravalorada por score,Infrapredicha por modelo
145,"C/ MARROC, 103",Provençals del Poblenou,27,52.53,56.72,Medio,236,0.3924186617556783,0.6832412523020258,0.4157372969622269,0.7546125461254612,0.5420606333483416,0.6251364,0.0830757420789044,-0.0830757420789044,86.0,97.42,-29.28,-0.083076,Infravalorada por score,Sobrepredicha por modelo
384,"C/ VILAMARÍ, 85",la Nova Esquerra de l'Eixample,26,52.52,56.54,Medio,237,0.6091160220994475,0.5267034990791897,0.3605598562743042,0.6014760147601477,0.2324475051389021,0.27347067,0.0410231648459153,-0.0410231648459153,35.36,44.94,21.18,-0.041023,Sobrevalorada por score,Sobrepredicha por modelo
425,"C/ DE CERVELLÓ, 5",el Raval,24,52.48,56.35,Medio,238,0.6477900552486188,0.6049723756906077,0.1522089536639601,0.7250922509225093,0.6040939622499907,0.591797,0.0122969680407011,0.0122969680407011,91.9,94.66,-35.55,0.012297,Infravalorada por score,Infrapredicha por modelo
365,"C/ VILADOMAT, 244",la Nova Esquerra de l'Eixample,31,52.4,56.17,Medio,239,0.4508901166359729,0.6187845303867403,0.7309558047089265,0.1918819188191881,0.136883735496981,0.18310708,0.0462233425784279,-0.0462233425784279,10.5,21.18,45.67,-0.046223,Sobrevalorada por score,Sobrepredicha por modelo
450,"C/ CRISTOBAL DE MOURA, 84",Provençals del Poblenou,27,52.28,55.99,Medio,240,0.4412216083486801,0.7744014732965009,0.2186838899640685,0.8007380073800738,0.5532952563070317,0.6157227,0.062427459547613,-0.062427459547613,88.03,96.69,-32.04,-0.062427,Infravalorada por score,Sobrepredicha por modelo
429,"C/ GRAN CAPITÀ, 9",Pedralbes,28,52.25,55.8,Medio,241,0.5285451197053407,0.3250460405156538,0.8078957231874813,0.3616236162361623,0.2004700627287826,0.1786905,0.0217795696219405,0.0217795696219405,27.81,19.15,27.99,0.02178,Sobrevalorada por score,Infrapredicha por modelo
423,"C/ HONDURAS, 32-34",la Sagrera,32,52.19,55.62,Medio,242,0.6055862492326581,0.4337016574585635,0.3719447477772611,0.7232472324723247,0.3041835830283623,0.34466735,0.0404837622570533,-0.0404837622570533,51.93,58.2,3.69,-0.040484,Sobrevalorada por score,Sobrepredicha por modelo
30,"C/ CASTILLEJOS, 180",la Sagrada Família,29,52.17,55.34,Medio,243,0.6055862492326581,0.6233885819521179,0.4518322503450785,0.2730627306273062,0.2641778623231482,0.37708575,0.112907883011477,-0.112907883011477,44.2,63.72,11.14,-0.112908,Sobrevalorada por score,Sobrepredicha por modelo
456,"C/ MÚRCIA, 1",el Clot,21,52.17,55.34,Medio,243,0.7096378146101903,0.5046040515653776,0.4836925574740605,0.1752767527675276,0.4082431437066189,0.38176113,0.026482010035812,0.026482010035812,68.88,64.64,-13.54,0.026482,Infravalorada por score,Infrapredicha por modelo
315,"C/ DEL GUINARDÓ, 32-38",el Camp de l'Arpa del Clot,27,52.16,55.06,Medio,245,0.6631368937998773,0.4668508287292817,0.4153223917282042,0.4594095940959409,0.3324659944790546,0.25682178,0.0756442130821887,0.0756442130821887,56.17,40.7,-1.11,0.075644,Infravalorada por score,Infrapredicha por modelo
166,"C/ BILBAO, 2",el Poblenou,27,52.09,54.88,Medio,246,0.3832105586249232,0.580110497237569,0.6118059234592195,0.5922509225092252,0.7070280240625458,0.6400747,0.066953353747757,0.066953353747757,98.9,98.53,-44.02,0.066953,Infravalorada por score,Infrapredicha por modelo
121,"C/ CASTILLEJOS, 258",la Sagrada Família,21,52.0,54.7,Medio,247,0.5839472068753837,0.7569060773480663,0.3770164124076937,0.2140221402214022,0.3097624141425515,0.24555424,0.0642081755847359,0.0642081755847359,53.22,38.12,1.48,0.064208,Sobrevalorada por score,Infrapredicha por modelo
106,"PL JOANIC - C / BRUNIQUER, 59",la Vila de Gràcia,20,51.9,54.51,Medio,248,0.4851135666052793,0.8195211786372008,0.4888948654463677,0.1476014760147601,0.1583897540058677,0.20067863,0.0422888776574547,-0.0422888776574547,15.84,27.07,38.67,-0.042289,Sobrevalorada por score,Sobrepredicha por modelo
55,"LA RAMBLA, 56",el Barri Gòtic,27,51.89,54.33,Medio,249,0.2988029465930018,0.9871086556169428,0.4256526761162347,0.4077490774907749,0.5479709654368348,0.502203,0.0457679777659363,0.0457679777659363,87.11,82.87,-32.78,0.045768,Infravalorada por score,Infrapredicha por modelo
147,"RAMBLA PRIM, 79",el Besòs i el Maresme,33,51.88,54.14,Medio,250,0.5923879680785759,0.1703499079189687,0.5188680520266837,0.9280442804428044,0.5758259721694999,0.60607195,0.030245976835627,-0.030245976835627,89.69,96.13,-35.55,-0.030246,Infravalorada por score,Sobrepredicha por modelo
4,"C/ RIBES, 13",el Fort Pienc,21,51.81,53.96,Medio,251,0.6875383670963782,0.5626151012891344,0.464396986373449,0.1383763837638376,0.3995478660566617,0.4349004,0.0353525369661044,-0.0353525369661044,67.59,71.82,-13.63,-0.035353,Infravalorada por score,Sobrepredicha por modelo
231,"C/ PAU ALSINA, 54",el Camp d'en Grassot i Gràcia Nova,24,51.78,53.78,Medio,252,0.5573971761817066,0.4696132596685083,0.4038379409888529,0.6955719557195572,0.2720864308778253,0.25255746,0.0195289743844476,0.0195289743844476,45.3,39.59,8.48,0.019529,Sobrevalorada por score,Infrapredicha por modelo
144,"C/ CASTELLA,  28 / DIAGONAL",el Poblenou,27,51.67,53.5,Medio,253,0.4617863720073664,0.5920810313075506,0.6067414667373042,0.3690036900369003,0.5861432120999883,0.5296056,0.0565375850400517,0.0565375850400517,91.16,86.92,-37.66,0.056538,Infravalorada por score,Infrapredicha por modelo
334,"PG. BONANOVA, 100",Sarrià,26,51.67,53.5,Medio,253,0.507059545733579,0.3508287292817679,0.8221534167288349,0.3062730627306272,0.1507349117759212,0.14497803,0.005756880259846,0.005756880259846,13.63,6.45,39.87,0.005757,Sobrevalorada por score,Infrapredicha por modelo
342,"C/ ROC BORONAT, 134",el Parc i la Llacuna del Poblenou,43,51.58,53.22,Medio,255,0.4895641497851442,0.6390423572744015,0.6611535176395541,0.1291512915129151,0.427140336086048,0.5403369,0.1131965708238946,-0.1131965708238946,71.45,88.4,-18.23,-0.113197,Infravalorada por score,Sobrepredicha por modelo
566,"C/ CRISTÓBAL DE MOURA, 163 (xamfrà)",Provençals del Poblenou,17,51.51,53.04,Medio,256,0.4131368937998772,0.6114180478821363,0.677017223297402,0.3228782287822878,0.6477016674177557,0.5348496,0.112852083315125,0.112852083315125,95.76,87.85,-42.72,0.112852,Infravalorada por score,Infrapredicha por modelo
199,"C/ MEJÍA LEQUERICA, 2",la Maternitat i Sant Ramon,27,51.48,52.85,Medio,257,0.4691528545119706,0.3213627992633517,0.6029762355256187,0.7970479704797048,0.1811323601523895,0.19460124,0.0134688776215057,-0.0134688776215057,23.39,25.41,29.46,-0.013469,Sobrevalorada por score,Sobrepredicha por modelo
405,"C/ COMTE BORRELL, 198",la Nova Esquerra de l'Eixample,26,51.41,52.67,Medio,258,0.4304788213627992,0.7173112338858195,0.619998161983328,0.1937269372693727,0.2534378292939936,0.2179229,0.0355149331472193,0.0355149331472193,41.99,31.31,10.68,0.035515,Sobrevalorada por score,Infrapredicha por modelo
346,"PG. ZONA FRANCA, 182",la Marina de Port,36,51.36,52.49,Medio,259,0.4229588704726826,0.6206261510128913,0.3864560695995647,0.7583025830258303,0.4086153189137589,0.4582606,0.0496452768847335,-0.0496452768847335,69.06,76.24,-16.57,-0.049645,Infravalorada por score,Sobrepredicha por modelo
313,"C/ FELIU DE CASANOVA, 1",Sants - Badal,29,51.32,52.3,Medio,260,0.4244935543278085,0.7071823204419889,0.4846268826156058,0.4446494464944649,0.336920587754848,0.37344563,0.0365250423186993,-0.0365250423186993,56.91,62.8,-4.61,-0.036525,Infravalorada por score,Sobrepredicha por modelo
54,"C/ SANT OLEGUER, 2",el Raval,19,51.02,52.12,Medio,261,0.5211786372007366,0.7034990791896869,0.5046491009936102,0.1715867158671586,0.4532532865075221,0.47241175,0.0191584652396092,-0.0191584652396092,74.77,78.45,-22.65,-0.019158,Infravalorada por score,Sobrepredicha por modelo
218,"C/ CONSELL DE CENT, 566",la Sagrada Família,39,50.92,51.93,Medio,262,0.5796500920810314,0.5874769797421732,0.4518322503450785,0.3099630996309963,0.3305780350159715,0.27363786,0.056940174002559,0.056940174002559,55.8,45.12,-3.87,0.05694,Infravalorada por score,Infrapredicha por modelo
333,"PASSATGE DE SENILLOSA, 3-5",Sarrià,27,50.85,51.75,Medio,263,0.4536525475751995,0.3158379373848987,0.7586175051266248,0.540590405904059,0.1101874838051773,0.15895064,0.048763157946112,-0.048763157946112,5.52,11.79,46.23,-0.048763,Sobrevalorada por score,Sobrepredicha por modelo
195,"C/ VALLESPIR, 130",les Corts,27,50.76,51.57,Medio,264,0.6068139963167588,0.580110497237569,0.4092447733653365,0.3191881918819188,0.1616806694462289,0.23452754,0.0728468737409125,-0.0728468737409125,16.57,36.65,35.0,-0.072847,Sobrevalorada por score,Sobrepredicha por modelo
163,"AV. ICÀRIA, 202",la Vila Olímpica del Poblenou,27,50.56,51.38,Medio,265,0.3772252915899325,0.2191528545119705,0.811143786963056,0.7730627306273062,0.5381616604140964,0.5783953,0.0402336466499599,-0.0402336466499599,85.64,93.37,-34.26,-0.040234,Infravalorada por score,Sobrepredicha por modelo
513,"VIA AUGUSTA, 317",Sarrià,28,50.48,51.2,Medio,266,0.5260896255371393,0.3112338858195211,0.7111957740032364,0.4335793357933579,0.0805192608226328,0.13917214,0.058652875960967,-0.058652875960967,1.29,4.42,49.91,-0.058653,Sobrevalorada por score,Sobrepredicha por modelo
239,"C/ INDÚSTRIA, 329",Navas,35,50.44,51.01,Medio,267,0.5638428483732351,0.425414364640884,0.3291270682192502,0.7896678966789668,0.3765888226767595,0.3162922,0.0602966261645372,0.0602966261645372,62.98,53.22,-11.97,0.060297,Infravalorada por score,Infrapredicha por modelo
98," C/ DOLORS BATLLE I SUNYER, 2",Sants,21,50.37,50.74,Medio,268,0.6312154696132596,0.5230202578268877,0.5780891293927698,0.0498154981549815,0.1676142824653172,0.3346272,0.1670129286285853,-0.1670129286285853,18.23,56.17,32.51,-0.167013,Sobrevalorada por score,Sobrepredicha por modelo
388,"C/ RIERA ALTA, 6",el Raval,35,50.37,50.74,Medio,268,0.2851442602823819,0.8287292817679558,0.2953949573472013,0.8191881918819188,0.3788036117381489,0.5114222,0.1326186051540935,-0.1326186051540935,63.35,84.35,-12.61,-0.132619,Infravalorada por score,Sobrepredicha por modelo
210,"C/ VILARDELL, 18",Hostafrancs,31,50.35,50.46,Medio,270,0.5715162676488644,0.5478821362799263,0.4856549105678751,0.3007380073800738,0.2886609558160505,0.4425484,0.1538874383871355,-0.1538874383871355,47.7,72.56,2.76,-0.153887,Sobrevalorada por score,Sobrepredicha por modelo
322,"C/ SANTALÓ, 165",Sant Gervasi - Galvany,23,50.29,50.28,Medio,271,0.4238796807857581,0.1261510128913444,0.729510619051223,0.9372693726937268,0.159474257454888,0.1360632,0.0234110542392889,0.0234110542392889,16.21,4.05,34.07,0.023411,Sobrevalorada por score,Infrapredicha por modelo
302,"C/ CAVALLERS, 41",Pedralbes,39,50.28,50.09,Medio,272,0.2613566605279312,0.425414364640884,0.8078957231874813,0.6863468634686347,0.2177622430187544,0.22051227,0.0027500279086747,-0.0027500279086747,31.68,31.49,18.41,-0.00275,Sobrevalorada por score,Sobrepredicha por modelo
475,"C/ CAMPO FLORIDO, 66",el Congrés i els Indians,19,50.24,49.91,Medio,273,0.5374462860650706,0.3968692449355432,0.5248735913043792,0.559040590405904,0.263957856812714,0.29987893,0.0359210682723537,-0.0359210682723537,44.01,50.09,5.9,-0.035921,Sobrevalorada por score,Sobrepredicha por modelo
161,"C/ RAMON TURRÓ, 91",la Vila Olímpica del Poblenou,27,50.07,49.72,Medio,274,0.3888888888888888,0.3876611418047882,0.7895047446057815,0.4686346863468634,0.52971692793504,0.559559,0.0298420596824526,-0.0298420596824526,84.71,91.71,-34.99,-0.029842,Infravalorada por score,Sobrepredicha por modelo
118,"C/ PUJADES,  3",el Parc i la Llacuna del Poblenou,27,50.02,49.54,Medio,275,0.5583179864947821,0.4337016574585635,0.5672308657058525,0.3634686346863468,0.4172385492517506,0.42271516,0.0054766080186809,-0.0054766080186809,70.35,69.98,-20.81,-0.005477,Infravalorada por score,Sobrepredicha por modelo
441,"C/ WATT, 2",Sants,18,49.96,49.36,Medio,276,0.5623081645181093,0.6022099447513812,0.404055980221499,0.3413284132841329,0.3839692554203595,0.38538337,0.0014141121180926,-0.0014141121180926,64.64,65.19,-15.28,-0.001414,Infravalorada por score,Sobrepredicha por modelo
372,"C/ RIBES, 77",el Fort Pienc,27,49.53,49.17,Medio,277,0.6568446899938613,0.3342541436464088,0.3532091410695815,0.6236162361623616,0.4525399017802332,0.34821793,0.1043219674101922,0.1043219674101922,74.59,58.56,-25.42,0.104322,Infravalorada por score,Infrapredicha por modelo
455,"C/ PROVENÇA, 595",el Camp de l'Arpa del Clot,22,49.39,48.99,Medio,278,0.5038367096378146,0.5478821362799263,0.3225507526858469,0.6660516605166051,0.4141362867251192,0.35276306,0.0613732299700532,0.0613732299700532,69.98,60.22,-20.99,0.061373,Infravalorada por score,Infrapredicha por modelo
155,"C/ PUJADES, 311/ FLUVIÀ",Diagonal Mar i el Front Marítim del Poblenou,32,49.31,48.8,Medio,279,0.5512584407612032,0.4069981583793738,0.6063986405884536,0.3118081180811808,0.6180485125084516,0.5309661,0.0870824094315168,0.0870824094315168,93.19,87.29,-44.39,0.087082,Infravalorada por score,Infrapredicha por modelo
321,"C/ SANT HERMENEGILD, 30",el Putxet i el Farró,27,49.28,48.62,Medio,280,0.5058317986494781,0.2900552486187845,0.7351188223719065,0.3966789667896678,0.1754454138253777,0.14149065,0.0339547606681435,0.0339547606681435,20.81,4.97,27.81,0.033955,Sobrevalorada por score,Infrapredicha por modelo
128,"RAMBLA DE GUIPÚSCOA, 43/FLUVIA",Sant Martí de Provençals,43,49.04,48.43,Medio,281,0.5205647636586863,0.4889502762430939,0.1791890562324983,0.940959409594096,0.50824576708557,0.43071082,0.0775349447417437,0.0775349447417437,81.58,70.53,-33.15,0.077535,Infravalorada por score,Infrapredicha por modelo
8,"PG. PUJADES, 2","Sant Pere, Santa Caterina i la Ribera",27,48.93,48.16,Medio,282,0.6057397176181706,0.6593001841620626,0.3548189073050952,0.1586715867158671,0.5305866211038625,0.49715197,0.0334346502405201,0.0334346502405201,84.9,81.77,-36.74,0.033435,Infravalorada por score,Infrapredicha por modelo
439,"RBLA. BADAL, 73 | C/ CONSTITUCIÓ",la Bordeta,18,48.93,48.16,Medio,282,0.2748618784530387,0.4622467771639042,0.5147446778605486,0.992619926199262,0.4819528922930589,0.46641472,0.0155381724730362,0.0155381724730362,78.64,77.53,-30.48,0.015538,Infravalorada por score,Infrapredicha por modelo
336,"AV. JOSEP VICENÇ FOIX, 52",Sarrià,23,48.78,47.88,Medio,284,0.2546040515653775,0.1335174953959484,0.8734885916827944,0.9797047970479704,0.2098454499037743,0.16556667,0.0442787819893837,0.0442787819893837,29.47,14.36,18.41,0.044279,Sobrevalorada por score,Infrapredicha por modelo
273,"AV. MERIDIANA, 404",Sant Andreu,35,48.77,47.7,Medio,285,0.6631368937998773,0.3968692449355432,0.2780847145488029,0.5793357933579335,0.292386211782132,0.2570875,0.0352987128788574,0.0352987128788574,48.43,40.88,-0.73,0.035299,Infravalorada por score,Infrapredicha por modelo
168,SELVA DE MAR / PG. DEL TAULAT,Diagonal Mar i el Front Marítim del Poblenou,27,48.74,47.51,Medio,286,0.4642418661755678,0.2191528545119705,0.4860026921538312,0.9907749077490776,0.685982893132194,0.5464071,0.1395757895936807,0.1395757895936807,97.42,89.69,-49.91,0.139576,Infravalorada por score,Infrapredicha por modelo
416,"RAMBLA DEL RAVAL, 20",el Raval,27,48.71,47.33,Medio,287,0.3913443830570902,0.7651933701657458,0.5046491009936102,0.2177121771217712,0.3792751084417751,0.463335,0.0840598989873478,-0.0840598989873478,63.54,77.16,-16.21,-0.08406,Infravalorada por score,Sobrepredicha por modelo
354,"RAMBLA DEL BRASIL, 5",Sants - Badal,27,48.63,47.15,Medio,288,0.3845917740945365,0.6850828729281768,0.4183285400741694,0.5055350553505535,0.3719494364655655,0.35993168,0.0120177588856857,0.0120177588856857,62.06,61.14,-14.91,0.012018,Infravalorada por score,Infrapredicha por modelo
330,"C/ PAU ALCOVER, 94",les Tres Torres,27,48.44,46.96,Medio,289,0.2460098219766728,0.3038674033149171,0.7125179747218648,0.9612546125461254,0.1264437155173497,0.14370702,0.017263306553535,-0.017263306553535,9.02,6.08,37.94,-0.017263,Sobrevalorada por score,Sobrepredicha por modelo
28,"C/ SARDENYA, 362",la Sagrada Família,23,48.19,46.78,Medio,290,0.4573357888275015,0.7624309392265194,0.3733331711553916,0.2527675276752767,0.2520607328948492,0.266135,0.0140742742481714,-0.0140742742481714,41.62,43.09,5.16,-0.014074,Sobrevalorada por score,Sobrepredicha por modelo
156,"C/ SELVA DE MAR, 46",Diagonal Mar i el Front Marítim del Poblenou,27,48.13,46.59,Medio,291,0.6097298956414979,0.4475138121546961,0.228866412227496,0.6586715867158672,0.572557191696272,0.55283946,0.0197177337075329,0.0197177337075329,89.5,90.61,-42.91,0.019718,Infravalorada por score,Infrapredicha por modelo
7,"PG. PUJADES,  1 (JUTJATS)","Sant Pere, Santa Caterina i la Ribera",27,48.1,46.41,Medio,292,0.5765807243707796,0.7117863720073665,0.3548189073050952,0.0839483394833948,0.551401506328131,0.5091135,0.0422880157466185,0.0422880157466185,87.66,83.79,-41.25,0.042288,Infravalorada por score,Infrapredicha por modelo
442,"C/ MINERIA, 30",la Marina de Port,18,48.02,46.22,Medio,293,0.6361264579496623,0.3508287292817679,0.3383437307413693,0.5682656826568266,0.4250149359976611,0.47091517,0.0459002325261273,-0.0459002325261273,70.72,78.27,-24.5,-0.0459,Infravalorada por score,Sobrepredicha por modelo
180,"GRAN VIA DE LES CORTS CATALANES, 179 (D)",la Bordeta,51,47.99,46.04,Medio,294,0.6497851442602824,0.3609576427255985,0.5527281032749132,0.1605166051660517,0.5270956241734229,0.43137157,0.095724054539939,0.095724054539939,84.35,70.72,-38.31,0.095724,Infravalorada por score,Infrapredicha por modelo
263,"PG. TORRAS I BAGES, 29",Sant Andreu,20,47.93,45.86,Medio,295,0.3548189073050952,0.3342541436464088,0.5303867403314917,0.92619926199262,0.2587476045541652,0.38388357,0.1251359611101262,-0.1251359611101262,42.91,65.01,2.95,-0.125136,Sobrevalorada por score,Sobrepredicha por modelo
193,"C/ FÍGOLS, 1",les Corts,27,47.91,45.67,Medio,296,0.4286372007366483,0.5478821362799263,0.6023847365329239,0.2767527675276753,0.1913364486371589,0.18340564,0.00793081089607,0.00793081089607,26.15,21.36,19.52,0.007931,Sobrevalorada por score,Infrapredicha por modelo
242,"C/ RAMON ALBÓ, 1",el Congrés i els Indians,27,47.86,45.49,Medio,297,0.6626764886433395,0.2421731123388582,0.435554990936055,0.514760147601476,0.3213547490766155,0.23604923,0.0853055142095195,0.0853055142095195,54.51,36.83,-9.02,0.085306,Infravalorada por score,Infrapredicha por modelo
434,"C/ ROGER, 24",Sants - Badal,27,47.82,45.3,Medio,298,0.4074585635359116,0.7513812154696132,0.4183285400741694,0.2878228782287823,0.3323961880626171,0.27104557,0.0613506224574535,0.0613506224574535,55.99,44.75,-10.69,0.061351,Infravalorada por score,Infrapredicha por modelo
238,"C/ ESPRONCEDA, 298",Navas,27,47.8,45.12,Medio,299,0.4811233885819521,0.3406998158379374,0.5137495359908892,0.6402214022140221,0.3833043390565514,0.39885813,0.0155537909216285,-0.0155537909216285,64.09,68.14,-18.97,-0.015554,Infravalorada por score,Sobrepredicha por modelo
117,"C/ ROSA SENSAT, 12",la Vila Olímpica del Poblenou,21,47.79,44.94,Medio,300,0.4134438305709024,0.3112338858195211,0.811143786963056,0.3505535055350554,0.6411034364039335,0.57690626,0.0641971725756559,0.0641971725756559,95.4,93.19,-50.46,0.064197,Infravalorada por score,Infrapredicha por modelo
391,"C/ GRAN DE LA SAGRERA, 74",la Sagrera,27,47.62,44.75,Medio,301,0.5662983425414364,0.2421731123388582,0.4048637164697105,0.7749077490774907,0.4434049694419397,0.4160391,0.0273658602118981,0.0273658602118981,73.11,69.61,-28.36,0.027366,Infravalorada por score,Infrapredicha por modelo
135,"GRAN VIA DE LES CORTS CATALANES,  981",Sant Martí de Provençals,21,47.51,44.57,Medio,302,0.4461325966850828,0.3112338858195211,0.4165279144277101,0.9132841328413284,0.4144676466326416,0.49806315,0.0835955004353821,-0.0835955004353821,70.17,82.32,-25.6,-0.083596,Infravalorada por score,Sobrepredicha por modelo
280,"C/ SANT ANTONI Mª CLARET, 290-296",el Guinardó,27,47.42,44.38,Medio,303,0.6490178023327194,0.430939226519337,0.4763134611295513,0.1346863468634686,0.315645583784746,0.26297057,0.0526750170351732,0.0526750170351732,53.41,41.99,-9.03,0.052675,Infravalorada por score,Infrapredicha por modelo
396,"C/ JOAN MIRÓ, 2-12",la Vila Olímpica del Poblenou,32,47.26,44.2,Medio,304,0.521025168815224,0.2900552486187845,0.811143786963056,0.099630996309963,0.4985255055409573,0.5475731,0.049047584058652,-0.049047584058652,80.11,90.06,-35.91,-0.049048,Infravalorada por score,Sobrepredicha por modelo
449,"C/ BOLIVIA, 120",Provençals del Poblenou,27,47.21,44.01,Medio,305,0.48634131368938,0.5976058931860037,0.4615476100377334,0.2472324723247232,0.523136155639816,0.55511594,0.0319797825468295,-0.0319797825468295,83.79,91.16,-39.78,-0.03198,Infravalorada por score,Sobrepredicha por modelo
582,"C/ JUDEA, 1",Sant Genís dels Agudells,31,47.2,43.83,Medio,306,0.5748925721301412,0.4889502762430939,0.1845598490663956,0.6826568265682658,0.1550756661675558,0.12851493,0.0265607355616674,0.0265607355616674,14.92,2.58,28.91,0.026561,Sobrevalorada por score,Infrapredicha por modelo
347,"C/ ALTS FORNS, 77",la Marina de Port,32,47.04,43.65,Medio,307,0.4295580110497237,0.5543278084714549,0.2055168430802276,0.8671586715867159,0.4914788752256318,0.41543764,0.0760412364660187,0.0760412364660187,79.74,69.43,-36.09,0.076041,Infravalorada por score,Infrapredicha por modelo
69,"CARRER DE LA MARINA,25-33",la Vila Olímpica del Poblenou,43,46.96,43.46,Medio,308,0.6352056476365868,0.2025782688766114,0.3990811718617667,0.6457564575645757,0.3502478078536027,0.43654528,0.0862974747487074,-0.0862974747487074,58.2,72.01,-14.74,-0.086297,Infravalorada por score,Sobrepredicha por modelo
508,"C/ SARDENYA, 465",el Camp d'en Grassot i Gràcia Nova,27,46.9,43.28,Medio,309,0.4183548189073051,0.5101289134438306,0.4038379409888529,0.6273062730627306,0.2406487751860212,0.24484535,0.0041965704303194,-0.0041965704303194,37.75,37.94,5.53,-0.004197,Sobrevalorada por score,Sobrepredicha por modelo
248,"C/ PALÈNCIA, 31",la Sagrera,27,46.89,43.09,Medio,310,0.5531000613873541,0.3406998158379374,0.2713462210737621,0.8154981549815499,0.3004958567395229,0.3752927,0.0747968318686466,-0.0747968318686466,50.83,63.35,-7.74,-0.074797,Infravalorada por score,Sobrepredicha por modelo
59,"C/ AGUSTÍ DURAN I SANPERE, 1",el Raval,22,46.88,42.91,Medio,311,0.3591160220994475,0.8968692449355433,0.193415215174089,0.4704797047970479,0.5082799393320333,0.4778474,0.0304325420046102,0.0304325420046102,81.77,79.37,-38.86,0.030433,Infravalorada por score,Infrapredicha por modelo
567,"C/ RAMON TURRÓ, 182 (xamfrà)",el Poblenou,23,46.81,42.73,Medio,312,0.4886433394720688,0.6261510128913443,0.3638777466636393,0.3302583025830258,0.6244391323941454,0.6382721,0.013832974253346,-0.013832974253346,93.55,98.34,-50.82,-0.013833,Infravalorada por score,Sobrepredicha por modelo
490,"PG. VALL D'HEBRÓN, 168",la Vall d'Hebron,50,46.77,42.54,Medio,313,0.5440454266421116,0.2624309392265193,0.260032958161695,0.977859778597786,0.1746394312154384,0.17425737,0.0003820633660884,0.0003820633660884,20.26,17.13,22.28,0.000382,Sobrevalorada por score,Infrapredicha por modelo
202,"C/ DE LES CORTS, 20",les Corts,27,46.7,42.36,Medio,314,0.5087476979742173,0.580110497237569,0.477154533954655,0.1642066420664206,0.1468212241082903,0.14209525,0.0047259712367769,0.0047259712367769,12.34,5.34,30.02,0.004726,Sobrevalorada por score,Infrapredicha por modelo
130,"RAMBLA DE GUIPÚSCOA, 103 / CANTÀBRIA",la Verneda i la Pau,24,46.68,42.17,Medio,315,0.6220073664825047,0.2900552486187845,0.2458775268224295,0.7675276752767528,0.4657642413987591,0.45973295,0.0060312916650249,0.0060312916650249,76.61,76.61,-34.44,0.006031,Infravalorada por score,Infrapredicha por modelo
303,"C/ CAVALLERS, 67",Pedralbes,27,46.57,41.9,Medio,316,0.3305709023941068,0.4106813996316759,0.8599215058762475,0.2158671586715866,0.1803807639488919,0.14782013,0.0325606339583142,0.0325606339583142,22.84,7.73,19.06,0.032561,Sobrevalorada por score,Infrapredicha por modelo
497,"PTGE. MALUQUER, 16",Sant Gervasi - la Bonanova,27,46.57,41.9,Medio,316,0.4266421117249846,0.3821362799263352,0.596495875274351,0.4778597785977859,0.0767872572222848,0.15502469,0.0782374351939063,-0.0782374351939063,1.1,9.94,40.8,-0.078237,Sobrevalorada por score,Sobrepredicha por modelo
179,"PG. ZONA FRANCA, 244",la Marina de Port,16,46.41,41.62,Medio,318,0.4511970534069981,0.2900552486187845,0.3733345226382387,0.9354243542435424,0.5179668997406113,0.44345576,0.0745111440300094,0.0745111440300094,82.87,73.11,-41.25,0.074511,Infravalorada por score,Infrapredicha por modelo
276,PLAÇA ALFONS X EL SAVI / RONDA DEL GUIN,el Baix Guinardó,27,46.36,41.44,Medio,319,0.5603130755064457,0.3213627992633517,0.43547074850526,0.5221402214022139,0.1836343115124153,0.2163466,0.0327122950997902,-0.0327122950997902,24.13,30.39,17.31,-0.032712,Sobrevalorada por score,Sobrepredicha por modelo
307,C/ PINTOR RIBALTA | AV. XILE,la Maternitat i Sant Ramon,32,46.32,41.25,Medio,320,0.3583486801718845,0.43646408839779,0.6655913368147532,0.4151291512915129,0.1665820929183581,0.18508264,0.0185005513058087,-0.0185005513058087,17.86,22.1,23.39,-0.018501,Sobrevalorada por score,Sobrepredicha por modelo
518,"C/ LLOBREGÓS, 115",el Carmel,27,46.19,41.07,Medio,321,0.4777470841006752,0.580110497237569,0.1757360175584651,0.7047970479704797,0.0831319316611776,0.16572475,0.0825928226723184,-0.0825928226723184,1.47,14.73,39.6,-0.082593,Sobrevalorada por score,Sobrepredicha por modelo
389,RECINTE PARC DE LA CIUTADELLA,"Sant Pere, Santa Caterina i la Ribera",27,46.14,40.88,Medio,322,0.2840699815837937,0.4419889502762431,0.6537753222836096,0.5867158671586716,0.6647386998561344,0.52598923,0.1387494654086551,0.1387494654086551,96.32,86.56,-55.44,0.138749,Infravalorada por score,Infrapredicha por modelo
138,"GRAN VIA DE LES CORTS CATALANES,  1118",Provençals del Poblenou,21,45.8,40.7,Medio,323,0.4765193370165746,0.4189686924493554,0.4258662104060575,0.533210332103321,0.514315972616211,0.44424298,0.0700729885597382,0.0700729885597382,82.5,73.85,-41.8,0.070073,Infravalorada por score,Infrapredicha por modelo
184,"C/ QUETZAL, 22-24",la Bordeta,27,45.77,40.52,Medio,324,0.3497544505831798,0.4760589318600368,0.3213745121146922,0.9059040590405903,0.3692395640345167,0.45746607,0.0882265018491197,-0.0882265018491197,60.96,76.06,-20.44,-0.088227,Infravalorada por score,Sobrepredicha por modelo
47,"C/ RAMON TRIAS FARGAS, 21",la Vila Olímpica del Poblenou,47,45.74,40.33,Medio,325,0.515193370165746,0.3296500920810313,0.3990811718617667,0.6328413284132841,0.38778024913169,0.40392894,0.0161486863961115,-0.0161486863961115,65.19,68.32,-24.86,-0.016149,Infravalorada por score,Sobrepredicha por modelo
100,"C/ TARRAGONA,  159-173",Hostafrancs,22,45.7,40.15,Medio,326,0.6829343155310007,0.3508287292817679,0.4290250763137314,0.1531365313653137,0.2429705215419501,0.32734278,0.08437225690234,-0.08437225690234,38.67,54.7,1.48,-0.084372,Sobrevalorada por score,Sobrepredicha por modelo
185,"C/GAVÀ, 81",la Bordeta,17,45.63,39.96,Medio,327,0.4376918354818906,0.3968692449355432,0.2168625415806222,0.9981549815498156,0.3922010295277025,0.4493145,0.0571134753341291,-0.0571134753341291,66.67,74.77,-26.71,-0.057113,Infravalorada por score,Sobrepredicha por modelo
114,"PL. JEAN GENET,  1",el Raval,20,45.57,39.78,Medio,328,0.5534069981583792,0.6114180478821363,0.1522089536639601,0.474169741697417,0.6159070447895566,0.52999926,0.0859077886555234,0.0859077886555234,93.0,87.11,-53.22,0.085908,Infravalorada por score,Infrapredicha por modelo
137,"GRAN VIA DE LES CORTS CATALANES , 1041",Sant Martí de Provençals,25,45.5,39.59,Medio,329,0.4082259054634745,0.5009208103130756,0.4331025000630692,0.5239852398523985,0.3589588732394366,0.5426413,0.1836824088421674,-0.1836824088421674,59.3,88.77,-19.71,-0.183682,Infravalorada por score,Sobrepredicha por modelo
17,"AV. MERIDIANA, 47 (D)",el Fort Pienc,42,45.46,39.41,Medio,330,0.5816451810926949,0.5046040515653776,0.3532091410695815,0.2435424354243542,0.359026369168357,0.34591722,0.0131091442843238,0.0131091442843238,59.48,58.38,-20.07,0.013109,Infravalorada por score,Infrapredicha por modelo
338,"AV. JOSEP VICENÇ FOIX, 63",Sarrià,36,45.45,39.23,Medio,331,0.4178944137507674,0.2965009208103131,0.8734885916827944,0.1051660516605166,0.0945617137625264,0.16076413,0.0662024142072154,-0.0662024142072154,2.76,12.52,36.47,-0.066202,Sobrevalorada por score,Sobrepredicha por modelo
408,"C/ RAMON TRIAS FARGAS, 23",la Vila Olímpica del Poblenou,39,45.4,39.04,Medio,332,0.5224063842848373,0.2292817679558011,0.3990811718617667,0.7601476014760148,0.3833596629805161,0.32841069,0.0549489779181076,0.0549489779181076,64.27,55.06,-25.23,0.054949,Infravalorada por score,Infrapredicha por modelo
283,"C/ FULTON, 1",Horta,20,45.29,38.86,Medio,333,0.439073050951504,0.3683241252302026,0.6161734655263755,0.3542435424354243,0.2924259488681157,0.15718901,0.1352369372943241,0.1352369372943241,48.62,10.68,-9.76,0.135237,Infravalorada por score,Infrapredicha por modelo
415,"RAMBLA DEL RAVAL, 13",el Raval,25,45.21,38.67,Medio,334,0.4347759361571516,0.8397790055248618,0.2903305006252861,0.1162361623616236,0.5142992445597023,0.5195778,0.0052785566678672,-0.0052785566678672,82.32,85.45,-43.65,-0.005279,Infravalorada por score,Sobrepredicha por modelo
289,"C/ MÚRCIA, 64",Navas,27,45.18,38.49,Medio,335,0.4439840392879067,0.3186003683241252,0.5137495359908892,0.5885608856088561,0.3939824932644164,0.42336577,0.0293832785060608,-0.0293832785060608,66.85,70.17,-28.36,-0.029383,Infravalorada por score,Sobrepredicha por modelo
448,"C/ RAMÓN TURRÓ, 160",el Poblenou,27,45.05,38.31,Medio,336,0.3813689379987722,0.4825046040515653,0.3638777466636393,0.7029520295202952,0.6876657161438791,0.61964697,0.0680187496865121,0.0680187496865121,97.79,97.05,-59.48,0.068019,Infravalorada por score,Infrapredicha por modelo
249,"C/ ANTILLES, 8",la Sagrera,27,45.01,38.03,Medio,337,0.4820441988950276,0.141804788213628,0.3993388545912575,0.974169741697417,0.3696855046499876,0.28112373,0.0885617770899442,0.0885617770899442,61.33,46.04,-23.3,0.088562,Infravalorada por score,Infrapredicha por modelo
353,C/ MUNNÉ  2-6,Sants - Badal,31,45.01,38.03,Medio,337,0.4964702271332106,0.5423572744014733,0.424544009687429,0.2306273062730627,0.38868747315468,0.23375952,0.1549279507166306,0.1549279507166306,65.38,36.1,-27.35,0.154928,Infravalorada por score,Infrapredicha por modelo
277,"TRAVESSERA DE GRÀCIA, 328",el Baix Guinardó,27,44.95,37.75,Medio,339,0.3420810313075507,0.6003683241252302,0.4451392567925528,0.455719557195572,0.2209522854684144,0.21411918,0.0068331044314652,0.0068331044314652,32.41,29.65,5.34,0.006833,Sobrevalorada por score,Infrapredicha por modelo
381,"C/ AGUSTÍ DURAN I SANPERE, 10",el Raval,41,44.93,37.57,Medio,340,0.332719459791283,0.8867403314917127,0.193415215174089,0.4188191881918819,0.412769764123601,0.44950256,0.036732793392497,-0.036732793392497,69.8,74.95,-32.23,-0.036733,Infravalorada por score,Sobrepredicha por modelo
281,"C/ D'ESCORNALBOU, 51",el Guinardó,24,44.88,37.38,Medio,341,0.4062308164518109,0.2826887661141805,0.3968935716267889,0.911439114391144,0.2925877885555305,0.23666592,0.0559218691324271,0.0559218691324271,48.99,37.02,-11.61,0.055922,Infravalorada por score,Infrapredicha por modelo
241,"C/ TEODOR LLORENTE, 1",el Guinardó,33,44.82,37.2,Medio,342,0.5010742786985881,0.496316758747698,0.3681182493431793,0.3782287822878228,0.3326607672033539,0.3032288,0.029431971674942,0.029431971674942,56.35,50.83,-19.15,0.029432,Infravalorada por score,Infrapredicha por modelo
410,PG.DE COLOM (LES RAMBLES),el Barri Gòtic,38,44.52,37.02,Medio,343,0.5348373235113567,0.3296500920810313,0.6636821420462531,0.0645756457564575,0.5308896113141285,0.57160497,0.040715355803181,-0.040715355803181,85.08,92.82,-48.06,-0.040715,Infravalorada por score,Sobrepredicha por modelo
157,"C/ LLULL, 465",el Besòs i el Maresme,33,44.46,36.83,Medio,344,0.6243093922651933,0.0976058931860036,0.3871921772568862,0.6992619926199262,0.691359043952982,0.5459483,0.1454107173653049,0.1454107173653049,97.97,89.5,-61.14,0.145411,Infravalorada por score,Infrapredicha por modelo
361,PG. DE COLOM (LES RAMBLES),el Barri Gòtic,33,44.29,36.65,Medio,345,0.5385205647636587,0.3250460405156538,0.6636821420462531,0.047970479704797,0.5880495091762697,0.53981483,0.0482346793499147,0.0482346793499147,91.34,88.21,-54.69,0.048235,Infravalorada por score,Infrapredicha por modelo
178,"PG. DE GARCIA FÀRIA, 85",Diagonal Mar i el Front Marítim del Poblenou,27,44.24,36.46,Medio,346,0.2605893186003683,0.149171270718232,0.7099898008094481,0.9095940959409594,0.6367057606214979,0.5547523,0.081953470372627,0.081953470372627,94.84,90.98,-58.38,0.081953,Infravalorada por score,Infrapredicha por modelo
399,"C/ PAVIA, 3",Sants,27,44.15,36.28,Medio,347,0.4258747697974216,0.6390423572744015,0.437665556648755,0.1549815498154981,0.5213031952702307,0.396183,0.1251201813542151,0.1251201813542151,83.43,67.4,-47.15,0.12512,Infravalorada por score,Infrapredicha por modelo
40,"C/ DOCTOR AIGUADER, 2",la Barceloneta,18,44.07,36.1,Medio,348,0.6008287292817679,0.4889502762430939,0.2889492851556727,0.2398523985239852,0.6109610454573876,0.6002605,0.0107005493178612,0.0107005493178612,92.63,95.58,-56.53,0.010701,Infravalorada por score,Infrapredicha por modelo
177,"C/ ROSSELLÓ, 557",el Camp de l'Arpa del Clot,37,43.99,35.91,Medio,349,0.5122774708410067,0.5193370165745856,0.3225507526858469,0.3339483394833948,0.3783296974786336,0.29559585,0.0827338429578358,0.0827338429578358,63.17,49.36,-27.26,0.082734,Infravalorada por score,Infrapredicha por modelo
335,"C/ SANTA AMÈLIA, 2",Sarrià,27,43.9,35.73,Medio,350,0.281767955801105,0.2246777163904235,0.7940687021800319,0.5710332103321033,0.1479504758598744,0.17646044,0.0285099690673411,-0.0285099690673411,12.52,18.05,23.21,-0.02851,Sobrevalorada por score,Sobrepredicha por modelo
41,PL. POETA BOSCÀ | C/ ATLÀNTIDA,la Barceloneta,25,43.87,35.54,Medio,351,0.3132289748311848,0.6233885819521179,0.1660211083600926,0.8782287822878229,0.7616230838593328,0.56499195,0.1966311328705632,0.1966311328705632,99.63,92.27,-64.09,0.196631,Infravalorada por score,Infrapredicha por modelo
318,"C/ CASTILLEJOS, 388",el Baix Guinardó,32,43.83,35.36,Medio,352,0.3515960712093309,0.5101289134438306,0.4218887963873963,0.5479704797047971,0.1534616469261139,0.2383909,0.0849292458179504,-0.0849292458179504,14.73,37.2,20.63,-0.084929,Sobrevalorada por score,Sobrepredicha por modelo
498,"C/ ESTEVE TERRADAS, 42",Vallcarca i els Penitents,26,43.54,35.17,Medio,353,0.4413750767341928,0.438305709023941,0.4618489907126099,0.3726937269372693,0.2268555537786307,0.1131595,0.113696053716165,0.113696053716165,33.89,0.74,1.28,0.113696,Sobrevalorada por score,Infrapredicha por modelo
451,"C/ PALLARS, 504",el Besòs i el Maresme,24,43.52,34.99,Medio,354,0.5966850828729281,0.0902394106813996,0.3434536873857997,0.7859778597785978,0.6594737039537849,0.53363824,0.1258354650469245,0.1258354650469245,95.95,87.66,-60.96,0.125835,Infravalorada por score,Infrapredicha por modelo
452,"GRAN VIA DE LES CORTS CATALANES, 1157 (D)",el Besòs i el Maresme,54,43.44,34.81,Medio,355,0.5581645181092695,0.149171270718232,0.2845218273489672,0.8708487084870848,0.3891523162487944,0.4856279,0.0964755733843842,-0.0964755733843842,65.56,80.48,-30.75,-0.096476,Infravalorada por score,Sobrepredicha por modelo
343,CAMPANA DE LA MAQUINISTA (SAO PAULO I P,el Bon Pastor,27,43.4,34.62,Medio,356,0.2902087170042971,0.2716390423572744,0.6826132632724625,0.6254612546125462,0.5923290284523764,0.4344869,0.1578421326527396,0.1578421326527396,91.53,71.64,-56.91,0.157842,Infravalorada por score,Infrapredicha por modelo
167,"C/ BAC DE RODA, 11",Diagonal Mar i el Front Marítim del Poblenou,20,43.21,34.35,Medio,357,0.3446899938612646,0.0644567219152854,0.6931850125958201,0.8136531365313653,0.6946911632100992,0.5824251,0.1122660457174233,0.1122660457174233,98.34,93.92,-63.99,0.112266,Infravalorada por score,Infrapredicha por modelo
504,"C/ MASSENS, 76",la Vila de Gràcia,28,43.21,34.35,Medio,357,0.2094843462246777,0.4475138121546961,0.4087843682087987,0.9649446494464944,0.1876076216224915,0.22445488,0.0368472581382506,-0.0368472581382506,25.23,33.33,9.12,-0.036847,Sobrevalorada por score,Sobrepredicha por modelo
323,"C/ VALLMAJOR, 13",Sant Gervasi - Galvany,27,43.2,34.07,Medio,359,0.5052179251074278,0.0441988950276243,0.729510619051223,0.4114391143911439,0.1192919996465048,0.16396263,0.044670632771174,-0.044670632771174,7.37,13.81,26.7,-0.044671,Sobrevalorada por score,Sobrepredicha por modelo
228,"PL. DEL NORD, 5",la Vila de Gràcia,21,43.03,33.89,Medio,360,0.2707182320441989,0.785451197053407,0.4382502982272148,0.1974169741697417,0.1245433642771187,0.20002088,0.0754775152299461,-0.0754775152299461,8.29,26.89,25.6,-0.075478,Sobrevalorada por score,Sobrepredicha por modelo
581,"AV. JORDÀ, 18",Sant Genís dels Agudells,28,42.96,33.7,Medio,361,0.3720073664825046,0.4843462246777164,0.3457016538546092,0.6125461254612545,0.1722217748429698,0.12655295,0.0456688205268305,0.0456688205268305,19.15,2.21,14.55,0.045669,Sobrevalorada por score,Infrapredicha por modelo
127,"C/ ARAGÓ, 659 / NAVAS DE TOLOSA",el Clot,27,42.91,33.52,Medio,362,0.5484960098219767,0.5156537753222836,0.3209393346379647,0.1863468634686347,0.3642184132711872,0.43366992,0.0694515114648357,-0.0694515114648357,59.85,71.27,-26.33,-0.069452,Infravalorada por score,Sobrepredicha por modelo
49,"C/ ROSA SENSAT, 20",la Vila Olímpica del Poblenou,21,42.89,33.24,Medio,363,0.3377839165131983,0.2826887661141805,0.7397809876997041,0.3671586715867159,0.6438112438789716,0.54481167,0.0989995778671612,0.0989995778671612,95.58,89.32,-62.34,0.099,Infravalorada por score,Infrapredicha por modelo
356,"C/ CAMÈLIES, 73",el Baix Guinardó,35,42.89,33.24,Medio,363,0.5234806629834254,0.4189686924493554,0.4628648553192563,0.1678966789667896,0.2133417101617372,0.18381134,0.0295303734059846,0.0295303734059846,30.76,21.73,2.48,0.02953,Sobrevalorada por score,Infrapredicha por modelo
227,"C/ DEL TORRENT DE LES FLORS, 102",la Vila de Gràcia,18,42.87,32.97,Medio,365,0.3307243707796194,0.6325966850828729,0.4133884197741763,0.3431734317343173,0.2351901969628627,0.23239982,0.0027903756814295,0.0027903756814295,35.91,35.73,-2.94,0.00279,Infravalorada por score,Infrapredicha por modelo
340,"C/ SANT ADRIÀ, 113",el Bon Pastor,24,42.77,32.78,Medio,366,0.4320135052179251,0.1648250460405156,0.4042983461453907,0.8948339483394834,0.5775350896945133,0.49765304,0.0798820523848666,0.0798820523848666,90.06,81.95,-57.28,0.079882,Infravalorada por score,Infrapredicha por modelo
288,PL. VIRREI AMAT,Vilapicina i la Torre Llobeta,32,42.7,32.6,Medio,367,0.6140270104358502,0.3038674033149171,0.1515926774857373,0.6549815498154982,0.2955259524346258,0.22899967,0.0665262781144048,0.0665262781144048,49.54,34.99,-16.94,0.066526,Infravalorada por score,Infrapredicha por modelo
251,"C/ CARDENAL TEDESCHINI, 13",la Sagrera,33,42.65,32.41,Medio,368,0.4594843462246777,0.156537753222836,0.3063370129706314,1.0,0.2585872231262302,0.2675261,0.0089388670188808,-0.0089388670188808,42.73,43.46,-10.32,-0.008939,Infravalorada por score,Sobrepredicha por modelo
246," C/ GARCILASO, 56",la Sagrera,18,42.64,32.23,Medio,369,0.6348987108655617,0.3609576427255985,0.3993388545912575,0.0940959409594095,0.3915492770395201,0.38090062,0.0106486556253355,0.0106486556253355,66.3,64.27,-34.07,0.010649,Infravalorada por score,Infrapredicha por modelo
87,"C/ ROCAFORT, 187",la Nova Esquerra de l'Eixample,25,42.61,32.04,Medio,370,0.4034683855125844,0.570902394106814,0.4468858231251329,0.2029520295202952,0.3049465270741867,0.2560217,0.0489248188241409,0.0489248188241409,52.3,40.52,-20.26,0.048925,Infravalorada por score,Infrapredicha por modelo
39,PL. PAU VILA (D),la Barceloneta,44,42.57,31.77,Medio,371,0.5108962553713935,0.5570902394106814,0.3561684380101848,0.1236162361623616,0.7970874283374284,0.55378187,0.2433055613101457,0.2433055613101457,99.82,90.79,-68.05,0.243306,Infravalorada por score,Infrapredicha por modelo
247,"C/ FELIPE II, 112",la Sagrera,32,42.57,31.77,Medio,371,0.6655923879680786,0.3296500920810313,0.3747071787164877,0.1107011070110701,0.3848948953174246,0.3310003,0.0538945970557821,0.0538945970557821,64.83,55.62,-33.06,0.053895,Infravalorada por score,Infrapredicha por modelo
392,"C/ RAMON TURRÓ, 4",la Vila Olímpica del Poblenou,19,42.29,31.49,Medio,373,0.4964702271332106,0.3406998158379374,0.3990811718617667,0.4280442804428044,0.5071397122695955,0.42882046,0.0783192512348207,0.0783192512348207,81.22,70.35,-49.73,0.078319,Infravalorada por score,Infrapredicha por modelo
134,"C/ BAC DE RODA, 157",Provençals del Poblenou,21,42.22,31.31,Medio,374,0.3497544505831798,0.3508287292817679,0.3326341662071624,0.8597785977859779,0.5189591844485315,0.47845864,0.0405005414889367,0.0405005414889367,83.24,79.56,-51.93,0.040501,Infravalorada por score,Infrapredicha por modelo
212,"AV. SARRIÀ, 163",les Corts,24,42.04,31.12,Medio,375,0.4295580110497237,0.0902394106813996,0.4907364860725188,0.8321033210332103,0.2919108531500056,0.15293269,0.1389781645561411,0.1389781645561411,48.25,9.21,-17.13,0.138978,Infravalorada por score,Infrapredicha por modelo
136,"GRAN VIA DE LES CORTS CATALANES,  1062",Provençals del Poblenou,31,41.94,30.94,Medio,376,0.3842848373235113,0.496316758747698,0.3777538715478623,0.4428044280442804,0.4071938725338442,0.5240931,0.1168992189540403,-0.1168992189540403,68.69,86.0,-37.75,-0.116899,Infravalorada por score,Sobrepredicha por modelo
139,"GRAN VIA DE LES CORTS CATALANES,  1131",la Verneda i la Pau,35,41.87,30.76,Medio,377,0.4318600368324125,0.3609576427255985,0.1802697920157997,0.8819188191881919,0.349155544106519,0.39436185,0.0452063094930293,-0.0452063094930293,58.01,67.03,-27.25,-0.045206,Infravalorada por score,Sobrepredicha por modelo
290,"PL. DELS JARDINS D'ALFÀBIA, 1",Porta,17,41.82,30.57,Medio,378,0.5408225905463474,0.1804788213627992,0.2247871865010289,0.8505535055350554,0.1425316438927783,0.19156331,0.0490316643462048,-0.0490316643462048,11.05,23.94,19.52,-0.049032,Sobrevalorada por score,Sobrepredicha por modelo
440,"C/ SELVA DE MAR, 230",Sant Martí de Provençals,27,41.73,30.29,Medio,379,0.5119705340699815,0.4723756906077348,0.1115094982214486,0.6143911439114391,0.5031400058457555,0.49802828,0.0051117274949253,0.0051117274949253,80.66,82.14,-50.37,0.005112,Infravalorada por score,Infrapredicha por modelo
46,"C/ VILLENA, 1",la Vila Olímpica del Poblenou,54,41.73,30.29,Medio,379,0.5426642111724985,0.1915285451197053,0.3990811718617667,0.5313653136531366,0.2395022140784853,0.3910312,0.151528991575659,-0.151528991575659,36.83,66.3,-6.54,-0.151529,Infravalorada por score,Sobrepredicha por modelo
57,"LA RAMBLA, 1",el Raval,37,41.5,30.02,Medio,381,0.5827194597912829,0.4530386740331492,0.1522089536639601,0.3985239852398524,0.7354401847518244,0.52363765,0.2118025323546686,0.2118025323546686,99.45,85.82,-69.43,0.211803,Infravalorada por score,Infrapredicha por modelo
131,"RBLA. GUIPÚSCOA, 158",la Verneda i la Pau,29,41.35,29.83,Medio,382,0.6922958870472682,0.1114180478821362,0.2458775268224295,0.5461254612546125,0.4901605365709761,0.4320937,0.0580668268637159,0.0580668268637159,79.19,71.09,-49.36,0.058067,Infravalorada por score,Infrapredicha por modelo
197,"C/ GELABERT, 1",les Corts,27,41.31,29.65,Medio,383,0.4248004910988336,0.5524861878453039,0.4598893405844892,0.0756457564575645,0.1498432261593122,0.21336426,0.0635210322492342,-0.0635210322492342,13.26,29.28,16.39,-0.063521,Sobrevalorada por score,Sobrepredicha por modelo
275,"AV. RIO DE JANEIRO, 3",Porta,32,41.24,29.47,Medio,384,0.6309085328422345,0.3968692449355432,0.2298516432229442,0.2324723247232472,0.1455210211902615,0.28782967,0.1423086461395267,-0.1423086461395267,12.15,47.88,17.32,-0.142309,Sobrevalorada por score,Sobrepredicha por modelo
293,"C/ GRANOLLERS, 1",Horta,24,41.21,29.28,Medio,385,0.4206568446899938,0.4069981583793738,0.2087149019904639,0.7398523985239853,0.2048385565052231,0.23219565,0.0273570890655319,-0.0273570890655319,28.18,35.54,1.1,-0.027357,Sobrevalorada por score,Sobrepredicha por modelo
272,"C/ CONCEPCIÓ ARENAL, 281",Sant Andreu,26,41.15,29.1,Medio,386,0.4998465316144873,0.1869244935543278,0.2467771639042357,0.8542435424354243,0.3648257577070373,0.2648616,0.0999641441949981,0.0999641441949981,60.04,42.36,-30.94,0.099964,Infravalorada por score,Infrapredicha por modelo
170,"AV. LITORAL, 40 (D)",la Vila Olímpica del Poblenou,54,41.12,28.91,Medio,387,0.256292203806016,0.1915285451197053,0.811143786963056,0.4723247232472325,0.4546443681509224,0.50497895,0.0503345866411003,-0.0503345866411003,74.95,83.24,-46.04,-0.050335,Infravalorada por score,Sobrepredicha por modelo
182,"C/ SANT PERE D´ABANTO, 2",Hostafrancs,33,40.98,28.73,Medio,388,0.4779005524861878,0.3747697974217311,0.4062350210651126,0.3154981549815497,0.4002844327754075,0.41213593,0.0118514960938399,-0.0118514960938399,67.77,69.24,-39.04,-0.011851,Infravalorada por score,Sobrepredicha por modelo
243,"C/ ALEXANDRE GALÍ, 1-5",el Congrés i els Indians,27,40.83,28.55,Medio,389,0.5004604051565377,0.2292817679558011,0.3536028730723349,0.5830258302583026,0.3182756937403777,0.27960464,0.0386710501570799,0.0386710501570799,54.14,45.86,-25.59,0.038671,Infravalorada por score,Infrapredicha por modelo
214,"C/ JOSÉ DE  AGULLÓ, 9",les Tres Torres,25,40.82,28.36,Medio,390,0.5085942295887047,0.0570902394106814,0.6545069249981079,0.3487084870848709,0.2650146693748589,0.18183798,0.0831766933960075,0.0831766933960075,44.38,20.44,-16.02,0.083177,Infravalorada por score,Infrapredicha por modelo
558,"RBLA MUNTANYA, 49",el Guinardó,36,40.56,28.18,Medio,391,0.5868631062001228,0.3821362799263352,0.3754847318477834,0.0719557195571956,0.1436164833775755,0.29622117,0.1526046834715608,-0.1526046834715608,11.42,49.54,16.76,-0.152605,Sobrevalorada por score,Sobrepredicha por modelo
256,"C/ MALATS, 28-30",Sant Andreu,32,40.51,27.99,Medio,392,0.4370779619398404,0.4419889502762431,0.2642725598526703,0.503690036900369,0.2702475205680153,0.32801864,0.0577711149433829,-0.0577711149433829,44.94,54.88,-16.95,-0.057771,Infravalorada por score,Sobrepredicha por modelo
192,"C/ JOAN GÜELL, 50",Sants,21,40.44,27.81,Medio,393,0.332719459791283,0.5322283609576427,0.4201701607003204,0.3321033210332104,0.3707030705002307,0.26621297,0.1044901004818438,0.1044901004818438,61.51,43.28,-33.7,0.10449,Infravalorada por score,Infrapredicha por modelo
258,"C/ FERNANDO PESSOA, 41",Sant Andreu,27,40.32,27.62,Medio,394,0.52255985267035,0.0202578268876611,0.2906691221608349,0.9501845018450183,0.162221721383317,0.2898901,0.1276683891093893,-0.1276683891093893,16.76,48.43,10.86,-0.127668,Sobrevalorada por score,Sobrepredicha por modelo
183,"C/ GAVÀ, 1",la Bordeta,30,40.21,27.44,Medio,395,0.4800491098833641,0.3968692449355432,0.3059509393706775,0.3892988929889298,0.4452238637645201,0.37285906,0.0723648030002073,0.0723648030002073,73.48,62.62,-46.04,0.072365,Infravalorada por score,Infrapredicha por modelo
446,"PG. JOAN DE BORBÓ, 42",la Barceloneta,15,40.14,27.26,Medio,396,0.3551258440761203,0.5874769797421732,0.0716380512698532,0.7490774907749078,0.6938085034397203,0.66509753,0.0287109687831956,0.0287109687831956,98.16,99.82,-70.9,0.028711,Infravalorada por score,Infrapredicha por modelo
329,"C/ DE LES ESCOLES PIES, 99",les Tres Torres,27,40.11,27.07,Medio,397,0.2487722529158993,0.2513812154696133,0.7148200005045536,0.4833948339483395,0.1723109449918828,0.13428888,0.0380220677431187,0.0380220677431187,19.34,3.31,7.73,0.038022,Sobrevalorada por score,Infrapredicha por modelo
255,"C/ IRLANDA, 34",Sant Andreu,15,39.91,26.89,Bajo,398,0.464548802946593,0.2467771639042357,0.3670963781461019,0.5535055350553506,0.3025265607988887,0.36888686,0.0663602974259801,-0.0663602974259801,51.38,61.88,-24.49,-0.06636,Infravalorada por score,Sobrepredicha por modelo
473,"PG. FABRA I PUIG, 449",la Guineueta,21,39.88,26.61,Bajo,399,0.4168201350521792,0.2099447513812154,0.2160169638126953,0.9760147601476016,0.1273615023474178,0.12816884,0.0008073338885822,-0.0008073338885822,9.58,2.39,17.03,-0.000807,Sobrevalorada por score,Sobrepredicha por modelo
348,JARDINS DE CAN FERRERO/PG.DE LA ZONA FR,la Marina de Port,33,39.88,26.61,Bajo,399,0.5483425414364641,0.2661141804788213,0.3367323126934872,0.3745387453874539,0.3590610328638497,0.46606162,0.1070005890405234,-0.1070005890405234,59.67,77.35,-33.06,-0.107001,Infravalorada por score,Sobrepredicha por modelo
141,"C/ BILBAO, 174",Provençals del Poblenou,32,39.87,26.34,Bajo,401,0.3176795580110497,0.5156537753222836,0.1206175916215271,0.8560885608856088,0.4595822075875267,0.49820402,0.0386218150584236,-0.0386218150584236,75.51,82.5,-49.17,-0.038622,Infravalorada por score,Sobrepredicha por modelo
274,"RAMBLA FABRA I PUIG, 67",Sant Andreu,32,39.56,26.15,Bajo,402,0.6395027624309392,0.3406998158379374,0.2225291589932474,0.2066420664206641,0.2614227076468583,0.30943903,0.0480163256230238,-0.0480163256230238,43.46,52.12,-17.31,-0.048016,Infravalorada por score,Sobrepredicha por modelo
328,"C/ ARTESA DE SEGRE, 2",Sant Gervasi - la Bonanova,27,39.53,25.97,Bajo,403,0.3514426028238183,0.3683241252302026,0.6146818789575923,0.1771217712177122,0.1087910329611102,0.13064945,0.0218584144799908,-0.0218584144799908,5.34,2.95,20.63,-0.021858,Sobrevalorada por score,Sobrepredicha por modelo
309,"C/ SANT RAMON NONAT,  26",la Maternitat i Sant Ramon,22,39.46,25.78,Bajo,404,0.3802946593001842,0.3747697974217311,0.5373685007189889,0.2232472324723247,0.2981195826315573,0.22831097,0.0698086101793936,0.0698086101793936,50.28,34.44,-24.5,0.069809,Infravalorada por score,Infrapredicha por modelo
332,"C/ DOCTOR ROUX, 86",les Tres Torres,27,39.35,25.6,Bajo,405,0.384438305709024,0.149171270718232,0.7115971644087893,0.2915129151291513,0.1772624216717282,0.15082923,0.0264331958931484,0.0264331958931484,21.55,7.92,4.05,0.026433,Sobrevalorada por score,Infrapredicha por modelo
213,"C/ SANTA FE DE NOU MÈXIC, 2",les Tres Torres,33,39.29,25.41,Bajo,406,0.4089932473910374,0.141804788213628,0.6545069249981079,0.3376383763837638,0.1926797278465448,0.18692386,0.0057558663429437,0.0057558663429437,27.26,23.02,-1.85,0.005756,Infravalorada por score,Infrapredicha por modelo
537,"AV. ESTADI, 12",el Poble-sec,40,39.24,25.23,Bajo,407,0.223756906077348,0.2191528545119705,0.4537504549992251,0.9723247232472324,0.3430506745266977,0.18391804,0.1591326305556359,0.1591326305556359,57.64,21.92,-32.41,0.159133,Infravalorada por score,Infrapredicha por modelo
503,"C/ MAIGNON, 31-41",la Salut,30,39.16,25.05,Bajo,408,0.2328115408225905,0.2338858195211786,0.5038409142511163,0.8376383763837638,0.1081736909323116,0.13443114,0.02625744770237,-0.02625744770237,4.97,3.5,20.08,-0.026257,Sobrevalorada por score,Sobrepredicha por modelo
250,"C/ PORTUGAL, 3",la Sagrera,27,39.11,24.86,Bajo,409,0.3802946593001842,0.2384898710865561,0.4048637164697105,0.6476014760147601,0.4643816867791631,0.40497044,0.0594112494908787,0.0594112494908787,76.24,68.51,-51.38,0.059411,Infravalorada por score,Infrapredicha por modelo
291,"C/ CUBELLES, 2",Vilapicina i la Torre Llobeta,27,39.09,24.68,Bajo,410,0.5936157151626765,0.2826887661141805,0.3769610016109675,0.1217712177121771,0.1673089756423089,0.22148569,0.0541767136401084,-0.0541767136401084,18.05,31.86,6.63,-0.054177,Sobrevalorada por score,Sobrepredicha por modelo
311,"C/ GALLEGO, 2",la Maternitat i Sant Ramon,24,38.96,24.49,Bajo,411,0.3933394720687538,0.1804788213627992,0.6655913368147532,0.2693726937269373,0.2245440872344425,0.19912806,0.0254160257014682,0.0254160257014682,33.33,26.52,-8.84,0.025416,Infravalorada por score,Infrapredicha por modelo
314,"RAMBLA DEL BRASIL, 44",Sants,24,38.91,24.31,Bajo,412,0.3204419889502762,0.5156537753222836,0.5014316708292338,0.1512915129151291,0.2596576191012501,0.33204454,0.0723869227345347,-0.0723869227345347,43.28,55.8,-18.97,-0.072387,Infravalorada por score,Sobrepredicha por modelo
162,"C/ RAMON TURRÓ, 292",el Poblenou,27,38.88,24.13,Bajo,413,0.4551872314303253,0.1086556169429097,0.6599182623174148,0.2490774907749077,0.6992213282535863,0.6255268,0.0736945424030613,0.0736945424030613,98.53,97.79,-74.4,0.073695,Infravalorada por score,Infrapredicha por modelo
326,"C/ BALMES, 409",Sant Gervasi - la Bonanova,32,38.87,23.94,Bajo,414,0.3278084714548803,0.2292817679558011,0.596495875274351,0.4501845018450184,0.0714637509850275,0.1511675,0.0797037460538137,-0.0797037460538137,0.37,8.29,23.57,-0.079704,Sobrevalorada por score,Sobrepredicha por modelo
260,"CARRER DEL CINCA, 7",Sant Andreu,27,38.84,23.76,Bajo,415,0.4436771025168814,0.425414364640884,0.3032535297728668,0.3394833948339483,0.2675337572813913,0.34355736,0.0760236005066946,-0.0760236005066946,44.57,58.01,-20.81,-0.076024,Infravalorada por score,Sobrepredicha por modelo
397,AV. LITORAL (PG MARÍTIM DEL PORT OLÍMPI,la Vila Olímpica del Poblenou,27,38.74,23.57,Bajo,416,0.2816144874155924,0.1703499079189687,0.811143786963056,0.2896678966789667,0.5266848884542408,0.5570507,0.0303658165018139,-0.0303658165018139,84.16,91.34,-60.59,-0.030366,Infravalorada por score,Sobrepredicha por modelo
502,"AV. VALLCARCA, 11",Vallcarca i els Penitents,19,38.7,23.39,Bajo,417,0.4139042357274401,0.5285451197053407,0.4254769833461274,0.0239852398523985,0.1982897258932651,0.21426195,0.0159722231690823,-0.0159722231690823,27.62,30.02,-4.23,-0.015972,Infravalorada por score,Sobrepredicha por modelo
500,"C/ ARGENTERA, 23",Vallcarca i els Penitents,23,38.5,23.2,Bajo,418,0.4857274401473297,0.3968692449355432,0.4618489907126099,0.0018450184501844,0.2407849519822341,0.11897751,0.1218074425432425,0.1218074425432425,38.12,1.1,-14.92,0.121807,Infravalorada por score,Infrapredicha por modelo
312,"C/ ARIZALA, 77",la Maternitat i Sant Ramon,36,38.05,23.02,Bajo,419,0.4131368937998772,0.3609576427255985,0.3877368248442191,0.3247232472324723,0.2479489973571813,0.25034064,0.00239164318771,-0.00239164318771,40.33,39.23,-17.31,-0.002392,Infravalorada por score,Sobrepredicha por modelo
506,"C/ GARRIGA I ROCA, 2",el Guinardó,15,37.88,22.84,Bajo,420,0.3457642725598527,0.4419889502762431,0.3533852843339712,0.3929889298892989,0.2727450537877078,0.23404604,0.0386990118222231,0.0386990118222231,45.86,36.28,-23.02,0.038699,Infravalorada por score,Infrapredicha por modelo
569,"C/ QUATRE CAMINS, 46",Sant Gervasi - la Bonanova,28,37.86,22.56,Bajo,421,0.2002762430939226,0.2826887661141805,0.8637610686445167,0.1457564575645756,0.0942216715476458,0.16736832,0.0731466510632093,-0.0731466510632093,2.58,15.29,19.98,-0.073147,Sobrevalorada por score,Sobrepredicha por modelo
173,"AV.LITORAL, 84",el Poblenou,27,37.86,22.56,Bajo,421,0.1697360343769183,0.1031307550644567,0.6477175256691643,0.8763837638376384,0.5610019237768419,0.5141733,0.0468285949003465,0.0468285949003465,88.95,84.53,-66.39,0.046829,Infravalorada por score,Infrapredicha por modelo
233,"C/ NOU DE LA RAMBLA, 164",el Poble-sec,27,37.71,22.28,Bajo,423,0.3667894413750767,0.6325966850828729,0.3469364586824663,0.025830258302583,0.3746147238643827,0.3873979,0.012783161458188,-0.012783161458188,62.62,65.93,-40.34,-0.012783,Infravalorada por score,Sobrepredicha por modelo
252,"RAMBLA DE L'ONZE DE SETEMBRE, 31",Sant Andreu,33,37.67,22.1,Bajo,424,0.5259361571516267,0.080110497237569,0.2053406998158379,0.8081180811808117,0.4476068463667111,0.39260218,0.0550046708925442,0.0550046708925442,74.03,66.85,-51.93,0.055005,Infravalorada por score,Infrapredicha por modelo
254,"RAMBLA DE L'ONZE DE SETEMBRE, 69",Sant Andreu,26,37.63,21.92,Bajo,425,0.3356353591160221,0.1970534069981583,0.3723143032535297,0.7767527675276753,0.4941718376260963,0.35068336,0.1434884763342109,0.1434884763342109,79.93,59.48,-58.01,0.143488,Infravalorada por score,Infrapredicha por modelo
564,"C/ CARRERA, 1",el Poble-sec,28,37.33,21.73,Bajo,426,0.6614487415592388,0.2661141804788213,0.2214760535259286,0.1328413284132841,0.5537193431780973,0.52601725,0.0277020945475736,0.0277020945475736,88.21,86.74,-66.48,0.027702,Infravalorada por score,Infrapredicha por modelo
232,"C/ PALAUDÀRIES, 2",el Poble-sec,27,37.31,21.55,Bajo,427,0.4607120933087783,0.4622467771639042,0.2810985212975677,0.1734317343173431,0.6368959674120819,0.51132905,0.1255669125796233,0.1255669125796233,95.03,84.16,-73.48,0.125567,Infravalorada por score,Infrapredicha por modelo
460,"C/ MIREIA, 28",la Trinitat Vella,15,37.21,21.36,Bajo,428,0.4602516881522406,0.0165745856353591,0.2362743402060741,0.985239852398524,0.1782786731282166,0.25258502,0.0743063505133697,-0.0743063505133697,21.92,39.78,-0.56,-0.074306,Infravalorada por score,Sobrepredicha por modelo
316,"C/ CANTÀBRIA, 55",la Verneda i la Pau,26,37.15,21.18,Bajo,429,0.3776856967464702,0.2559852670349908,0.2032900498426874,0.8302583025830258,0.5075441954734827,0.55050313,0.0429589392539953,-0.0429589392539953,81.4,90.42,-60.22,-0.042959,Infravalorada por score,Sobrepredicha por modelo
33,"C/ PONTEVEDRA, 58B | C/ JUDICI",la Barceloneta,21,37.03,20.99,Bajo,430,0.2074892572130141,0.4723756906077348,0.3561684380101848,0.603321033210332,0.708382925338566,0.66961086,0.0387720673750039,0.0387720673750039,99.08,100.0,-78.09,0.038772,Infravalorada por score,Infrapredicha por modelo
493,"PG. VALL D'HEBRÓN, 80",Vallcarca i els Penitents,24,37.02,20.81,Bajo,431,0.4131368937998772,0.4475138121546961,0.4240957678765141,0.051660516605166,0.1122232246908011,0.16112375,0.048900527903193,-0.048900527903193,6.26,12.71,14.55,-0.048901,Sobrevalorada por score,Sobrepredicha por modelo
244,"C/ FELIP II, 214",el Congrés i els Indians,27,37.0,20.63,Bajo,432,0.6212400245549418,0.2467771639042357,0.288225340843974,0.1254612546125461,0.3038825002846408,0.2817977,0.0220847932037997,0.0220847932037997,51.57,46.22,-30.94,0.022085,Infravalorada por score,Infrapredicha por modelo
565,"C/ FRA JUNÍPER SERRA, 53 | C/ SANTANDER",el Bon Pastor,28,36.91,20.44,Bajo,433,0.2619705340699815,0.1804788213627992,0.388874773401376,0.9003690036900369,0.5809292805569881,0.5332466,0.0476827037709468,0.0476827037709468,90.98,87.48,-70.54,0.047683,Infravalorada por score,Infrapredicha por modelo
437,"PG. ZONA FRANCA, 9",la Marina del Prat Vermell,36,36.5,20.26,Bajo,434,0.2771639042357274,0.1648250460405156,0.4132397566610084,0.8228782287822878,0.4403001918519355,0.53532666,0.0950264678274773,-0.0950264678274773,72.74,88.03,-52.48,-0.095026,Infravalorada por score,Sobrepredicha por modelo
341,"PG. D'ENRIC SANCHIS, 33",el Bon Pastor,27,36.46,20.07,Bajo,435,0.3627992633517496,0.1114180478821362,0.5345930054455749,0.507380073800738,0.4417114988849847,0.57256424,0.13085274538534,-0.13085274538534,72.93,93.0,-52.86,-0.130853,Infravalorada por score,Sobrepredicha por modelo
174,"PG. DE GARCIA FÀRIA, 21/ESPRONCEDA",Diagonal Mar i el Front Marítim del Poblenou,27,36.32,19.89,Bajo,436,0.2774708410067525,0.156537753222836,0.6931850125958201,0.3579335793357934,0.6058713590815415,0.60976267,0.0038913095280775,-0.0038913095280775,92.08,96.32,-72.19,-0.003891,Infravalorada por score,Sobrepredicha por modelo
300,"C/ DE MALADETA, 1",Porta,18,36.18,19.71,Bajo,437,0.4616329036218539,0.1804788213627992,0.1520431717680639,0.7804428044280443,0.2928108994828255,0.2487392,0.0440717016325981,0.0440717016325981,49.17,39.04,-29.46,0.044072,Infravalorada por score,Infrapredicha por modelo
279,"C/ MAS CASANOVAS, 137",el Guinardó,27,35.99,19.52,Bajo,438,0.4749846531614487,0.2716390423572744,0.4763134611295513,0.044280442804428,0.2795812042881475,0.22503325,0.0545479508568272,0.0545479508568272,46.78,33.52,-27.26,0.054548,Infravalorada por score,Infrapredicha por modelo
171,"AV. LITORAL, 172",la Vila Olímpica del Poblenou,54,35.98,19.34,Bajo,439,0.2768569674647023,0.0644567219152854,0.811143786963056,0.2933579335793358,0.3981133307220263,0.45502132,0.0569079910515027,-0.0569079910515027,67.4,75.51,-48.06,-0.056908,Infravalorada por score,Sobrepredicha por modelo
512,"C/ D'ALACANT, 12",les Tres Torres,27,35.97,19.15,Bajo,440,0.4719152854511971,0.0828729281767955,0.6621036100809808,0.055350553505535,0.1011188007537539,0.1632633,0.0621445052679364,-0.0621445052679364,3.13,13.44,16.02,-0.062144,Sobrevalorada por score,Sobrepredicha por modelo
377,PL. ICTÍNEO,el Barri Gòtic,28,35.96,18.97,Bajo,441,0.2340392879066912,0.0331491712707182,0.6636821420462531,0.6900369003690037,0.6759283963381081,0.44288847,0.233039927834156,0.233039927834156,96.87,72.74,-77.9,0.23304,Infravalorada por score,Infrapredicha por modelo
237,"C/ RIUS I TAULET, 4",el Poble-sec,27,35.95,18.78,Bajo,442,0.4350828729281767,0.2191528545119705,0.4537504549992251,0.2601476014760148,0.3418140935895804,0.3743863,0.0325722169878121,-0.0325722169878121,57.46,62.98,-38.68,-0.032572,Infravalorada por score,Sobrepredicha por modelo
351,"C/ JANE ADDAMS, 26/ CRTA. DEL PRAT",la Marina de Port,33,35.84,18.6,Bajo,443,0.4292510742786986,0.2191528545119705,0.5770638044061945,0.0608856088560885,0.4439071203412463,0.4598131,0.0159059678373883,-0.0159059678373883,73.3,76.8,-54.7,-0.015906,Infravalorada por score,Sobrepredicha por modelo
176,"PG. DE GARCIA FÀRIA, 37/JOSEP FERRATER",Diagonal Mar i el Front Marítim del Poblenou,31,35.83,18.42,Bajo,444,0.2458563535911602,0.1178637200736648,0.6931850125958201,0.4630996309963099,0.5482525366403608,0.5797288,0.0314762455366106,-0.0314762455366106,87.29,93.55,-68.87,-0.031476,Infravalorada por score,Sobrepredicha por modelo
325,"C/ ALT DE GIRONELLA, 13",les Tres Torres,23,35.8,18.14,Bajo,445,0.3003376304481277,0.0976058931860036,0.8299212896389919,0.1402214022140221,0.1264166494951576,0.15471445,0.0282978007449775,-0.0282978007449775,8.84,9.58,9.3,-0.028298,Sobrevalorada por score,Sobrepredicha por modelo
267,"PG. TORRAS I BAGES, 129",Sant Andreu,24,35.8,18.14,Bajo,445,0.5489564149785144,0.0202578268876611,0.4297114794352363,0.3560885608856088,0.1807439433329565,0.33989015,0.1591462088830011,-0.1591462088830011,23.2,57.09,-5.06,-0.159146,Infravalorada por score,Sobrepredicha por modelo
125,"PG. MARíTIM, 31 B (ANNEXA A LA 12)",la Barceloneta,29,35.79,17.86,Bajo,447,0.512584407612032,0.1335174953959484,0.1112328947321,0.7822878228782288,0.4298874024395487,0.5108086,0.080921184634731,-0.080921184634731,72.01,83.98,-54.15,-0.080921,Infravalorada por score,Sobrepredicha por modelo
355,"C/ RIERA BLANCA, 123",Sants - Badal,27,35.67,17.68,Bajo,448,0.3294966236955187,0.2099447513812154,0.3393690557279447,0.6937269372693726,0.4256430543326144,0.3974519,0.0281911469362978,0.0281911469362978,71.09,67.77,-53.41,0.028191,Infravalorada por score,Infrapredicha por modelo
491,"C/ PARE MARIANA, 24",la Vall d'Hebron,27,35.64,17.5,Bajo,449,0.3789134438305709,0.4069981583793738,0.260032958161695,0.3800738007380073,0.0588033931135824,0.108838595,0.050035202336342,-0.050035202336342,0.18,0.55,17.32,-0.050035,Sobrevalorada por score,Sobrepredicha por modelo
461,"AV. RIO DE JANEIRO, 118",la Prosperitat,28,35.61,17.31,Bajo,450,0.4762124002455494,0.0368324125230202,0.1573477419424592,0.9391143911439116,0.1858085250338295,0.2834419,0.0976333761731407,-0.0976333761731407,24.86,47.15,-7.55,-0.097633,Infravalorada por score,Sobrepredicha por modelo
568,"C/ ROMÁN MACAYA, 8",Sant Gervasi - la Bonanova,24,35.45,17.13,Bajo,451,0.3101596071209331,0.2559852670349908,0.7035400741693787,0.040590405904059,0.0903923673899939,0.14168175,0.0512893782583901,-0.0512893782583901,2.03,5.16,15.1,-0.051289,Sobrevalorada por score,Sobrepredicha por modelo
257,"C/ SANT ADRIÀ, 2-8",Sant Andreu,23,35.37,16.94,Bajo,452,0.2564456721915285,0.4576427255985267,0.2516881522406384,0.5774907749077491,0.2830908085302165,0.35827374,0.0751829360529133,-0.0751829360529133,47.33,60.96,-30.39,-0.075183,Infravalorada por score,Sobrepredicha por modelo
324,"C/ REINA VICTORIA, 31",Sant Gervasi - Galvany,27,35.07,16.76,Bajo,453,0.5649171270718233,0.005524861878453,0.5642251678541697,0.0701107011070111,0.1799276937835924,0.15173475,0.0281929393404237,0.0281929393404237,22.65,8.84,-5.89,0.028193,Infravalorada por score,Infrapredicha por modelo
457,"C/ GRANADELLA, 10-19 | C/ SAS",el Bon Pastor,18,35.04,16.57,Bajo,454,0.3186003683241252,0.2596685082872928,0.4042983461453907,0.4861623616236162,0.4987477616239027,0.5166287,0.01788092098947,-0.01788092098947,80.29,84.9,-63.72,-0.017881,Infravalorada por score,Sobrepredicha por modelo
501,"C/ ELISA, 1",el Putxet i el Farró,16,34.95,16.39,Bajo,455,0.3354818907305095,0.141804788213628,0.7731022477862712,0.022140221402214,0.1804913783387805,0.13922307,0.04126830938622,0.04126830938622,23.02,4.6,-6.63,0.041268,Infravalorada por score,Infrapredicha por modelo
471,"PG. VALLDAURA, 171",la Guineueta,24,34.86,16.21,Bajo,456,0.3615715162676489,0.2357274401473296,0.1575455089324006,0.8247232472324724,0.1274715115840314,0.17937088,0.0518993685429217,-0.0518993685429217,9.76,19.52,6.45,-0.051899,Sobrevalorada por score,Sobrepredicha por modelo
253,"C/ ONZE DE SETEMBRE, 37-39",Sant Andreu,27,34.75,16.02,Bajo,457,0.4267955801104972,0.1611418047882136,0.2053406998158379,0.7103321033210332,0.4195571232608269,0.40573442,0.013822703438134,0.013822703438134,70.53,68.69,-54.51,0.013823,Infravalorada por score,Infrapredicha por modelo
499,"AV. VALLCARCA, 196",Vallcarca i els Penitents,27,34.74,15.84,Bajo,458,0.4438305709023941,0.2559852670349908,0.5023646444879322,0.0166051660516605,0.1104551816339746,0.18058434,0.0701291596536383,-0.0701291596536383,5.71,20.07,10.13,-0.070129,Sobrevalorada por score,Sobrepredicha por modelo
577,"PTGE. CALAFELL, 3",el Carmel,23,34.52,15.65,Bajo,459,0.4508901166359729,0.5874769797421732,0.1499533287923509,0.0202952029520294,0.1185187723669974,0.15252315,0.0340043727126153,-0.0340043727126153,7.0,9.02,8.65,-0.034004,Sobrevalorada por score,Sobrepredicha por modelo
469,"C/ SANT FRANCESC XAVIER, 1",la Prosperitat,12,34.44,15.47,Bajo,460,0.4192756292203806,0.2025782688766114,0.0954232483881314,0.8210332103321033,0.3201848303843119,0.17683685,0.1433479821253397,0.1433479821253397,54.33,18.78,-38.86,0.143348,Infravalorada por score,Infrapredicha por modelo
266,"C/ RIERA D'HORTA, 2",el Congrés i els Indians,34,34.22,15.29,Bajo,461,0.4556476365868631,0.2513812154696133,0.3775439412122981,0.1697416974169742,0.205013056232421,0.2942678,0.0892547471981362,-0.0892547471981362,28.36,48.99,-13.07,-0.089255,Infravalorada por score,Sobrepredicha por modelo
483,"BAIXADA DE LA PLANA, 35",Horta,32,34.21,15.1,Bajo,462,0.4998465316144873,0.3968692449355432,0.2075638890991195,0.1070110701107011,0.2142444482020065,0.1586772,0.0555672427586242,0.0555672427586242,31.31,11.6,-16.21,0.055567,Infravalorada por score,Infrapredicha por modelo
352,"C/RADI,10/GRAN VIA DE LES CORTS CATALA",la Marina de Port,28,34.15,14.92,Bajo,463,0.439073050951504,0.0847145488029466,0.5770638044061945,0.1494464944649446,0.3666669353668563,0.4805105,0.1138435676868088,-0.1138435676868088,60.59,79.93,-45.67,-0.113844,Infravalorada por score,Sobrepredicha por modelo
12,"PG. MARITIM, 23 (HOSPITAL DEL MAR)",la Barceloneta,26,33.98,14.73,Bajo,464,0.5009208103130754,0.1261510128913444,0.1112328947321,0.7011070110701108,0.4671966120522077,0.54095274,0.0737561300475542,-0.0737561300475542,76.8,88.58,-62.07,-0.073756,Infravalorada por score,Sobrepredicha por modelo
479,"PG. FABRA I PUIG, 344",el Turó de la Peira,18,33.97,14.55,Bajo,465,0.3129220380601596,0.070902394106814,0.283186111801869,0.9446494464944648,0.2137893471564871,0.17552468,0.0382646653499227,0.0382646653499227,31.12,17.68,-16.57,0.038265,Infravalorada por score,Infrapredicha por modelo
538,"AV. ESTADI, 38",el Poble-sec,24,33.67,14.36,Bajo,466,0.1617556783302639,0.141804788213628,0.4537504549992251,0.8745387453874539,0.1275802860485301,0.2697802,0.1421999027503743,-0.1421999027503743,9.94,44.57,4.42,-0.1422,Sobrevalorada por score,Sobrepredicha por modelo
505,"C/ CAMÈLIES, 78",el Baix Guinardó,27,33.66,14.18,Bajo,467,0.4013198281154082,0.2771639042357274,0.43547074850526,0.1199261992619926,0.2282887412911053,0.18997486,0.0383138819342251,0.0383138819342251,34.44,23.57,-20.26,0.038314,Infravalorada por score,Infrapredicha por modelo
215,"C/ GANDUXER, 29",Sant Gervasi - Galvany,21,33.52,14.0,Bajo,468,0.3442295887047268,0.2099447513812154,0.6279912820346484,0.0350553505535055,0.1216424358540891,0.19454852,0.0729060816115023,-0.0729060816115023,7.92,25.23,6.08,-0.072906,Sobrevalorada por score,Sobrepredicha por modelo
431,"AV. JOAN XXIII, 17",la Maternitat i Sant Ramon,20,33.13,13.81,Bajo,469,0.340085942295887,0.1178637200736648,0.5739707106637403,0.2619926199261992,0.2987938225679179,0.21162651,0.0871673077754756,0.0871673077754756,50.64,28.91,-36.83,0.087167,Infravalorada por score,Infrapredicha por modelo
299,"C/ DE L'ESCULTOR ORDÓÑEZ, 55",Porta,27,33.07,13.63,Bajo,470,0.4280233271945979,0.1178637200736648,0.5613433559301266,0.07380073800738,0.2368082690445179,0.25553,0.0187217306884532,-0.0187217306884532,36.46,40.33,-22.83,-0.018722,Infravalorada por score,Sobrepredicha por modelo
488,"AV. CAN MARCET, 36",la Vall d'Hebron,27,32.62,13.44,Bajo,471,0.4312461632903621,0.0313075506445672,0.6474638973882143,0.03690036900369,0.1448737867321539,0.09906486,0.0458089299644994,0.0458089299644994,11.79,0.18,1.65,0.045809,Sobrevalorada por score,Infrapredicha por modelo
264,"C/ FERRAN JUNOY, 10",el Bon Pastor,33,32.57,13.26,Bajo,472,0.2476979742173112,0.0441988950276243,0.6826132632724625,0.3819188191881919,0.3440549804698621,0.40799585,0.0639408693779314,-0.0639408693779314,57.83,68.88,-44.57,-0.063941,Infravalorada por score,Sobrepredicha por modelo
436,"PG. ZONA FRANCA, 54",la Marina de Port,27,32.46,13.08,Bajo,473,0.475598526703499,0.141804788213628,0.238435811772677,0.4206642066420664,0.3381746121332982,0.5161023,0.1779277018620631,-0.1779277018620631,57.27,84.71,-44.19,-0.177928,Infravalorada por score,Sobrepredicha por modelo
285,"C/ MALATS, 98-100",Sant Andreu,16,32.43,12.89,Bajo,474,0.3095457335788827,0.0570902394106814,0.2642725598526703,0.904059040590406,0.2787318268905669,0.3123373,0.0336054822315186,-0.0336054822315186,46.59,52.3,-33.7,-0.033605,Infravalorada por score,Sobrepredicha por modelo
345,PL. TERESA DE CLARAMUNT/C/ DELS FERROCA,la Marina de Port,32,32.4,12.71,Bajo,475,0.3712400245549417,0.3683241252302026,0.1387580953822534,0.448339483394834,0.4263360072308214,0.37038383,0.0559521783524186,0.0559521783524186,71.27,62.25,-58.56,0.055952,Infravalorada por score,Infrapredicha por modelo
190,"AV. LITORAL, 72",el Poblenou,29,32.34,12.52,Bajo,476,0.1322897483118477,0.0644567219152854,0.6477175256691643,0.6605166051660516,0.4086887610997094,0.52452815,0.1158393846903906,-0.1158393846903906,69.24,86.37,-56.72,-0.115839,Infravalorada por score,Sobrepredicha por modelo
411,"C/ JOSEP PLA, 67",Diagonal Mar i el Front Marítim del Poblenou,24,32.31,12.34,Bajo,477,0.5244014732965009,0.3038674033149171,0.1004133735534628,0.2564575645756457,0.5393781654473833,0.5435943,0.0042161352995344,-0.0042161352995344,85.82,88.95,-73.48,-0.004216,Infravalorada por score,Sobrepredicha por modelo
540,"C/ MANDONI, 6",la Font de la Guatlla,20,32.26,12.15,Bajo,478,0.4760589318600368,0.2965009208103131,0.3230935982960504,0.007380073800738,0.4009301014656144,0.45568877,0.0547586731201094,-0.0547586731201094,67.96,75.69,-55.81,-0.054759,Infravalorada por score,Sobrepredicha por modelo
467,PL. JESÚS CARRASCO,Verdun,20,31.85,11.97,Bajo,479,0.4794352363413137,0.1068139963167587,0.2525065501868651,0.4059040590405904,0.1062899908592321,0.12958647,0.0232964822481058,-0.0232964822481058,4.6,2.76,7.37,-0.023296,Sobrevalorada por score,Sobrepredicha por modelo
526,C/ TARONGERS | AV. MIRAMAR (TELEFÈRIC),el Poble-sec,28,31.83,11.79,Bajo,480,0.152854511970534,0.070902394106814,0.4537504549992251,0.8911439114391144,0.1926135995857337,0.16222939,0.0303842106334784,0.0303842106334784,26.89,13.08,-15.1,0.030384,Infravalorada por score,Infrapredicha por modelo
470,"C/ GÒNGORA, 23",Verdun,24,31.46,11.6,Bajo,481,0.3962553713934929,0.0902394106813996,0.1627275446620031,0.7509225092250922,0.0833476599808978,0.20692399,0.1235763314608288,-0.1235763314608288,1.66,27.99,9.94,-0.123576,Sobrevalorada por score,Sobrepredicha por modelo
516,"C/ SANT ADRIÀ, 88",el Bon Pastor,21,31.45,11.42,Bajo,482,0.324585635359116,0.1611418047882136,0.388874773401376,0.422509225092251,0.5447625484800206,0.50700575,0.0377567973470555,0.0377567973470555,86.19,83.61,-74.77,0.037757,Infravalorada por score,Infrapredicha por modelo
310,C/ JOSEP SAMITIER | AV. JOAN XXIII,la Maternitat i Sant Ramon,27,31.18,11.23,Bajo,483,0.3753836709637815,0.080110497237569,0.5739707106637403,0.1125461254612546,0.2133420213943502,0.2598347,0.0464926853889444,-0.0464926853889444,30.94,41.44,-19.71,-0.046493,Infravalorada por score,Sobrepredicha por modelo
282,"PG. FONT D´EN- FARGAS, 1",la Font d'en Fargues,27,30.97,11.05,Bajo,484,0.2104051565377532,0.3876611418047882,0.5243190328428351,0.0535055350553506,0.1479807112718505,0.17875603,0.030775317141922,-0.030775317141922,12.71,19.34,-1.66,-0.030775,Infravalorada por score,Sobrepredicha por modelo
10,"C/ 60, NÚMERO 25",la Marina del Prat Vermell,43,30.85,10.87,Bajo,485,0.1956721915285451,0.0276243093922651,0.4132397566610084,0.8653136531365313,0.3367412492428553,0.43657473,0.0998334780539739,-0.0998334780539739,56.72,72.19,-45.85,-0.099833,Infravalorada por score,Sobrepredicha por modelo
35,"C/ SANT RAMON DE PENYAFORT, 1",el Besòs i el Maresme,54,30.81,10.68,Bajo,486,0.3807550644567219,0.011049723756906,0.3871921772568862,0.5018450184501845,0.514282556010228,0.5194682,0.0051856322755996,-0.0051856322755996,82.14,85.27,-71.46,-0.005186,Infravalorada por score,Sobrepredicha por modelo
297,"C/ TURÓ BLAU, 1-3",la Prosperitat,24,30.8,10.5,Bajo,487,0.4014732965009208,0.0755064456721915,0.1172924933236747,0.7952029520295203,0.2082156042796865,0.18209207,0.0261235337001576,0.0261235337001576,29.1,20.81,-18.6,0.026124,Infravalorada por score,Infrapredicha por modelo
515,"C/ SANT ADRIÀ, 43",el Bon Pastor,24,30.79,10.31,Bajo,488,0.468232044198895,0.152854511970534,0.388874773401376,0.0571955719557195,0.4053658765989466,0.43377346,0.0284075814050512,-0.0284075814050512,68.51,71.45,-58.2,-0.028408,Infravalorada por score,Sobrepredicha por modelo
124,C/ NOVA  BOCANA,la Barceloneta,31,30.71,10.13,Bajo,489,0.247391037446286,0.0441988950276243,0.3561684380101848,0.8025830258302583,0.4707696565184304,0.5440849,0.0733152500596335,-0.0733152500596335,77.72,89.13,-67.59,-0.073315,Infravalorada por score,Sobrepredicha por modelo
458,"C/ TUCUMÁN, 21",el Bon Pastor,24,30.59,9.94,Bajo,490,0.1407305095150398,0.2099447513812154,0.3706887697181348,0.7435424354243543,0.3565691579303348,0.4319682,0.0753990541973507,-0.0753990541973507,58.75,70.9,-48.81,-0.075399,Infravalorada por score,Sobrepredicha por modelo
472,"VIA FAVÈNCIA, 186",la Guineueta,24,30.41,9.76,Bajo,491,0.3948741559238797,0.0902394106813996,0.1218641093007247,0.7527675276752768,0.1066202712348322,0.21684535,0.1102250772425313,-0.1102250772425313,4.79,30.76,4.97,-0.110225,Sobrevalorada por score,Sobrepredicha por modelo
480,"PG. FABRA I PUIG, 385",Horta,28,30.21,9.58,Bajo,492,0.2725598526703499,0.0644567219152854,0.2298935391912006,0.8874538745387454,0.1911078717201166,0.15099175,0.0401161189763955,0.0401161189763955,25.97,8.1,-16.39,0.040116,Infravalorada por score,Infrapredicha por modelo
294,SEU DEL DISTRICTE (NOU BARRIS),la Guineueta,24,30.08,9.39,Bajo,493,0.3462246777163904,0.2467771639042357,0.2404184371091962,0.3856088560885609,0.1491991512693405,0.15635058,0.0071514315687179,-0.0071514315687179,12.89,10.5,-3.5,-0.007151,Infravalorada por score,Sobrepredicha por modelo
572,"AV. CAN MARCET, 3",la Vall d'Hebron,24,30.07,9.21,Bajo,494,0.3063228974831185,0.0644567219152854,0.6474638973882143,0.1033210332103321,0.1021589991928975,0.17670298,0.0745439770339091,-0.0745439770339091,3.87,18.42,5.34,-0.074544,Sobrevalorada por score,Sobrepredicha por modelo
31,PL. DEL MAR,la Barceloneta,18,29.98,9.02,Bajo,495,0.1820135052179251,0.2965009208103131,0.3561684380101848,0.4861623616236162,0.6623979770667467,0.65927446,0.0031235181815538,0.0031235181815538,96.13,99.45,-87.11,0.003124,Infravalorada por score,Infrapredicha por modelo
476,"C/ PERIODISTES, 9",el Guinardó,18,29.92,8.84,Bajo,496,0.4195825659914058,0.1970534069981583,0.2309175126949288,0.3025830258302583,0.2827827827827828,0.2487012,0.0340815828935997,0.0340815828935997,47.15,38.86,-38.31,0.034082,Infravalorada por score,Infrapredicha por modelo
295,"C/ SANT ISCLE, 60",el Turó de la Peira,27,29.78,8.66,Bajo,497,0.3402394106813997,0.0976058931860036,0.2873297582107088,0.5498154981549815,0.1783043746766144,0.1732645,0.0050398711976104,0.0050398711976104,22.1,16.94,-13.44,0.00504,Infravalorada por score,Infrapredicha por modelo
292,"C/ AMILCAR, 1",Vilapicina i la Torre Llobeta,12,29.73,8.47,Bajo,498,0.4432166973603437,0.1703499079189687,0.1870438745391443,0.3523985239852398,0.2904037558685446,0.27906716,0.0113365971695089,0.0113365971695089,47.88,45.67,-39.41,0.011337,Infravalorada por score,Infrapredicha por modelo
268,"C/ FERNANDO PESSOA, 72",Sant Andreu,27,29.53,8.29,Bajo,499,0.4625537139349294,0.0082872928176795,0.2906691221608349,0.3911439114391144,0.1830077628027847,0.26938626,0.0863784988987991,-0.0863784988987991,23.76,44.38,-15.47,-0.086378,Infravalorada por score,Sobrepredicha por modelo
485,"PG. VALLDAURA, 26",Horta,27,28.88,8.1,Bajo,500,0.4022406384284837,0.0368324125230202,0.3148382905724161,0.4003690036900369,0.1012849584278155,0.115337096,0.0140521377268742,-0.0140521377268742,3.31,0.92,4.79,-0.014052,Sobrevalorada por score,Sobrepredicha por modelo
270,"CRTA. DE RIBES, 77 (TRINITAT VELLA)",la Trinitat Vella,27,28.55,7.92,Bajo,501,0.4410681399631675,0.0368324125230202,0.2298286680145455,0.4298892988929889,0.1433244871730676,0.26330653,0.1199820411567816,-0.1199820411567816,11.23,42.17,-3.31,-0.119982,Infravalorada por score,Sobrepredicha por modelo
539,"C/ FRANÇA XICA, 4",el Poble-sec,16,27.66,7.73,Bajo,502,0.3031000613873542,0.3821362799263352,0.2645239356622085,0.059040590405904,0.4673906230412435,0.44336402,0.024026598878951,0.024026598878951,76.98,72.93,-69.25,0.024027,Infravalorada por score,Infrapredicha por modelo
234,"PG. DE L´EXPOSICIÓ,34",el Poble-sec,23,27.44,7.55,Bajo,503,0.1979742173112339,0.3609576427255985,0.4537504549992251,0.0092250922509224,0.4766986297344682,0.28492028,0.1917783545231339,0.1917783545231339,78.27,47.51,-70.72,0.191778,Infravalorada por score,Infrapredicha por modelo
269,"VIA BARCINO, 121",la Trinitat Vella,20,27.4,7.37,Bajo,504,0.3609576427255985,0.0276243093922651,0.2298286680145455,0.5553505535055351,0.2299019055135866,0.26784778,0.0379458708993772,-0.0379458708993772,34.81,43.83,-27.44,-0.037946,Infravalorada por score,Sobrepredicha por modelo
404,"C/ JUAN GRIS, 28",la Bordeta,32,27.14,7.18,Bajo,505,0.2716390423572744,0.156537753222836,0.3936581216911194,0.2583025830258303,0.3018084686513306,0.47588825,0.1740797836069701,-0.1740797836069701,51.2,79.01,-44.02,-0.17408,Infravalorada por score,Sobrepredicha por modelo
466,"C/ PABLO IGLESIAS, 21",la Prosperitat,30,27.0,7.0,Bajo,506,0.2704112952731737,0.1261510128913444,0.1214361397325145,0.7564575645756457,0.1685416901514297,0.15843248,0.0101092064783339,0.0101092064783339,18.42,11.42,-11.42,0.010109,Infravalorada por score,Infrapredicha por modelo
459,"PG. SANTA COLOMA, 105",la Trinitat Vella,39,26.8,6.81,Bajo,507,0.3354818907305095,0.0082872928176795,0.2298286680145455,0.6070110701107011,0.2983101745371857,0.28300318,0.0153069933180847,0.0153069933180847,50.46,46.96,-43.65,0.015307,Infravalorada por score,Infrapredicha por modelo
400,MOLL ORIENTAL,la Barceloneta,44,25.93,6.63,Bajo,508,0.2430939226519337,0.0405156537753222,0.3561684380101848,0.5,0.4011364936104727,0.46893874,0.0678022444972085,-0.0678022444972085,68.14,78.08,-61.51,-0.067802,Infravalorada por score,Sobrepredicha por modelo
468,"C/ NOU BARRIS, 23",les Roquetes,18,25.8,6.45,Bajo,509,0.4145181092694905,0.1261510128913444,0.2736851873876017,0.0867158671586716,0.1018727295502943,0.14598341,0.0441106833115297,-0.0441106833115297,3.68,7.0,2.77,-0.044111,Sobrevalorada por score,Sobrepredicha por modelo
424,"PG. MARÍTIM DE LA BARCELONETA, 6",la Barceloneta,27,25.79,6.26,Bajo,510,0.2879066912216083,0.3508287292817679,0.1181389720801663,0.2656826568265682,0.6729524795911064,0.6500709,0.0228815739056815,0.0228815739056815,96.5,99.08,-90.24,0.022882,Infravalorada por score,Infrapredicha por modelo
573," AV. MARTÍ CODOLAR, 2 | COLL I ALENTORN",la Vall d'Hebron,20,25.78,6.08,Bajo,511,0.4037753222836096,0.2025782688766114,0.260032958161695,0.0055350553505535,0.0527423981640849,0.15730196,0.1045595642115559,-0.1045595642115559,0.0,10.87,6.08,-0.10456,Sobrevalorada por score,Sobrepredicha por modelo
344,"C/ CIUTAT D'ASUNCIÓN, 73 / POTOSÍ",Baró de Viver,27,25.6,5.89,Bajo,512,0.1240024554941682,0.2716390423572744,0.1427625390578543,0.7269372693726937,0.5166541541541542,0.49225092,0.0244032348121131,0.0244032348121131,82.69,81.22,-76.8,0.024403,Infravalorada por score,Infrapredicha por modelo
477,"C/ AMILCAR, 78",la Font d'en Fargues,26,25.55,5.71,Bajo,513,0.3615715162676489,0.1031307550644567,0.3638678357894281,0.081180811808118,0.1603112975352723,0.16027078,4.051721033637712e-05,4.051721033637712e-05,16.39,12.34,-10.68,4.1e-05,Infravalorada por score,Infrapredicha por modelo
259,"C/ DE BARTRINA, 14",Sant Andreu,24,24.85,5.43,Bajo,514,0.2542971147943523,0.0755064456721915,0.5049109883364027,0.0959409594095941,0.3234120228502251,0.32269242,0.0007195987913108,0.0007195987913108,55.06,53.96,-49.63,0.00072,Infravalorada por score,Infrapredicha por modelo
478,"C/ ESCULTOR LLIMONA, 7",Vilapicina i la Torre Llobeta,30,24.85,5.43,Bajo,514,0.2829957028852056,0.2292817679558011,0.3507179076883156,0.029520295202952,0.2463232254913012,0.1715315,0.0747917270591417,0.0747917270591417,39.78,16.76,-34.35,0.074792,Infravalorada por score,Infrapredicha por modelo
296,"C/ DE ROSSELLÓ I PORCEL, 1 | AV. MERIDIANA",Porta,33,24.37,5.16,Bajo,516,0.1921424186617556,0.0902394106813996,0.200385713204528,0.6918819188191883,0.2178874674516019,0.35732406,0.1394365963263217,-0.1394365963263217,32.04,60.77,-26.88,-0.139437,Infravalorada por score,Sobrepredicha por modelo
519,"C/ PEDRELL, 52",la Font d'en Fargues,24,24.36,4.97,Bajo,517,0.1830877839165131,0.1703499079189687,0.5243190328428351,0.0387453874538745,0.2116424627486574,0.14342518,0.0682172812405931,0.0682172812405931,30.57,5.52,-25.6,0.068217,Infravalorada por score,Infrapredicha por modelo
301,"C/ MARIE CURIE, 8-14",la Guineueta,27,24.33,4.79,Bajo,518,0.2983425414364641,0.3038674033149171,0.2404184371091962,0.0184501845018449,0.1521664747216797,0.16399457,0.0118280908844375,-0.0118280908844375,14.18,14.0,-9.39,-0.011828,Infravalorada por score,Sobrepredicha por modelo
32,LA BARCELONETA (CN BARCELONETA),la Barceloneta,35,24.32,4.6,Bajo,519,0.2160834868017188,0.1869244935543278,0.3561684380101848,0.2121771217712177,0.5786310194878402,0.6213756,0.0427446008773025,-0.0427446008773025,90.42,97.24,-85.82,-0.042745,Infravalorada por score,Sobrepredicha por modelo
357,"C/ CARDENER, 59",la Salut,27,24.11,4.42,Bajo,520,0.1959791282995703,0.2716390423572744,0.3707838240117056,0.0793357933579336,0.2061006596322581,0.19244404,0.0136566182609125,0.0136566182609125,28.73,24.31,-24.31,0.013657,Infravalorada por score,Infrapredicha por modelo
444,"C/ LLEIDA, 40",el Poble-sec,27,23.91,4.24,Bajo,521,0.3331798649478207,0.1749539594843462,0.1788885765461864,0.2269372693726937,0.3916801525472633,0.35114673,0.040533424746894,0.040533424746894,66.48,59.85,-62.24,0.040533,Infravalorada por score,Infrapredicha por modelo
298,"C/ ANDREU NIN, 22",Porta,32,23.64,4.05,Bajo,522,0.3502148557397176,0.2384898710865561,0.200385713204528,0.0276752767527674,0.2956286615592609,0.33480152,0.0391728633182873,-0.0391728633182873,49.72,56.35,-45.67,-0.039173,Infravalorada por score,Sobrepredicha por modelo
482,"PG. UNIVERSAL, 29 | C/ DOCTOR LETAMENDI",Horta,23,23.58,3.87,Bajo,523,0.269950890116636,0.0506445672191528,0.2213760437952521,0.488929889298893,0.3589576579135528,0.122257285,0.2367003730934729,0.2367003730934729,59.12,1.29,-55.25,0.2367,Infravalorada por score,Infrapredicha por modelo
463,"C/ PEDROSA, 24",la Trinitat Nova,24,23.48,3.68,Bajo,524,0.4531921424186617,0.0138121546961325,0.2089811441113189,0.1365313653136531,0.1121649679124197,0.16928437,0.0571194056093851,-0.0571194056093851,6.08,15.84,-2.4,-0.057119,Infravalorada por score,Sobrepredicha por modelo
11,"PG. MARITIM, 11 (DAVANT PL. BRUGADA)",la Barceloneta,34,23.16,3.5,Bajo,525,0.3162983425414364,0.1178637200736648,0.1112328947321,0.4243542435424354,0.4311798128342246,0.5183589,0.0871790734076882,-0.0871790734076882,72.19,85.08,-68.69,-0.087179,Infravalorada por score,Sobrepredicha por modelo
462,"C/ PALAMÓS, 33",la Trinitat Nova,28,22.73,3.31,Bajo,526,0.3994782074892571,0.0138121546961325,0.0506017702623318,0.4760147601476014,0.1594400695685782,0.25826657,0.0988264986153207,-0.0988264986153207,16.02,41.07,-12.71,-0.098827,Infravalorada por score,Sobrepredicha por modelo
349,"C/ DE L'ENERGIA, 2 / ALTS FORNS",la Marina de Port,32,22.32,3.13,Bajo,527,0.2002762430939226,0.0506445672191528,0.1290895870949606,0.7214022140221402,0.4596562711482066,0.38350996,0.0761463073973673,0.0761463073973673,75.69,64.83,-72.56,0.076146,Infravalorada por score,Infrapredicha por modelo
517,"AV. RASOS DE PEGUERA, 10",Ciutat Meridiana,20,22.23,2.95,Bajo,528,0.4545733578882749,0.0276243093922651,0.1786372007366482,0.077490774907749,0.4122691441441441,0.16003878,0.2522303599978352,0.2522303599978352,69.61,12.15,-66.66,0.25223,Infravalorada por score,Infrapredicha por modelo
544,"C/ MONTFAR, 1",la Font de la Guatlla,20,21.93,2.76,Bajo,529,0.2097912829957029,0.3158379373848987,0.2597878892721094,0.0129151291512915,0.3838056206088993,0.30009228,0.083713340697858,0.083713340697858,64.46,50.46,-61.7,0.083713,Infravalorada por score,Infrapredicha por modelo
398,PG. MARÍTIM DE LA BARCELONETA/ANDREA DÒ,la Barceloneta,36,21.63,2.58,Bajo,530,0.3597298956414978,0.1970534069981583,0.1112328947321,0.0885608856088561,0.5997593283816562,0.48211578,0.1176435530349002,0.1176435530349002,91.71,80.29,-89.13,0.117644,Infravalorada por score,Infrapredicha por modelo
116,"C/ DEL DR. AIGUADER, 72 / PG. SALVAT",la Barceloneta,34,21.19,2.39,Bajo,531,0.3531307550644567,0.1335174953959484,0.1112328947321,0.1808118081180811,0.5474673663931976,0.46665335,0.0808140193778167,0.0808140193778167,86.92,77.72,-84.53,0.080814,Infravalorada por score,Infrapredicha por modelo
486,"C/ PORTO, 35 | AV. ESTATUT DE CATALUNYA",Horta,28,21.16,2.21,Bajo,532,0.2941988950276243,0.1178637200736648,0.2966522868891748,0.033210332103321,0.2254001352569882,0.16559575,0.0598043802759472,0.0598043802759472,33.52,14.55,-31.31,0.059804,Infravalorada por score,Infrapredicha por modelo
474,"VIA FAVÈNCIA, 47",Canyelles,24,20.96,2.03,Bajo,533,0.4768262737875997,0.0570902394106814,0.1072748519675788,0.0110701107011069,0.1041877981892633,0.260611,0.156423199487586,-0.156423199487586,4.42,41.62,-2.39,-0.156423,Infravalorada por score,Sobrepredicha por modelo
487,"C/ LISBOA, 128",el Carmel,27,20.18,1.84,Bajo,534,0.2650399017802333,0.2624309392265193,0.164686293801559,0.014760147601476,0.1270562797667497,0.16779113,0.0407348483918196,-0.0407348483918196,9.21,15.47,-7.37,-0.040735,Infravalorada por score,Sobrepredicha por modelo
376,WORLD  TRADE CENTER,el Raval,43,19.42,1.66,Muy bajo,535,0.1539287906691221,0.0027624309392265,0.1522089536639601,0.6771217712177122,0.2721398188118135,0.33992898,0.0677891658302153,-0.0677891658302153,45.49,57.27,-43.83,-0.067789,Infravalorada por score,Sobrepredicha por modelo
489,"C/ JORGE MANRIQUE, 15",la Vall d'Hebron,27,18.9,1.47,Muy bajo,536,0.3012584407612032,0.0239410681399631,0.260032958161695,0.0839483394833948,0.134064017159055,0.074792154,0.0592718630257351,0.0592718630257351,10.13,0.0,-8.66,0.059272,Infravalorada por score,Infrapredicha por modelo
271,"VIA DE BÀRCINO, 54",la Trinitat Vella,21,18.48,1.29,Muy bajo,537,0.1775629220380602,0.0506445672191528,0.238346163410494,0.3357933579335793,0.3909650041629737,0.2994717,0.0914932980110114,0.0914932980110114,65.93,49.91,-64.64,0.091493,Infravalorada por score,Infrapredicha por modelo
464,"AV. RIO DE JANEIRO, 96",la Prosperitat,24,18.32,1.1,Muy bajo,538,0.2639656230816452,0.1335174953959484,0.0979554767490891,0.2195571955719557,0.2161751992181627,0.2215435,0.0053683065696867,-0.0053683065696867,31.49,32.04,-30.39,-0.005368,Infravalorada por score,Sobrepredicha por modelo
527,"PG. OLIMPIC, 8",el Poble-sec,36,17.53,0.92,Muy bajo,539,0.1622160834868017,0.0202578268876611,0.4537504549992251,0.0,0.2263775817880295,0.21420787,0.0121697090396545,0.0121697090396545,33.7,29.83,-32.78,0.01217,Infravalorada por score,Infrapredicha por modelo
375,WORLD TRADE CENTER,el Raval,43,17.19,0.74,Muy bajo,540,0.1502455494168201,0.0027624309392265,0.1522089536639601,0.53690036900369,0.3040392509418591,0.30939963,0.0053603836578265,-0.0053603836578265,51.75,51.93,-51.01,-0.00536,Infravalorada por score,Sobrepredicha por modelo
484,"C/ EDUARD TODA, 33 | C/ DOCTOR LETAMENDI",Horta,27,17.02,0.55,Muy bajo,541,0.1071209330877839,0.1031307550644567,0.208484699412195,0.3653136531365314,0.0754328442604618,0.17698954,0.1015566961972637,-0.1015566961972637,0.55,18.97,0.0,-0.101557,Sobrevalorada por score,Sobrepredicha por modelo
536,Estación de TESTING (no usuarios),la Marina del Prat Vermell,2,13.55,0.37,Muy bajo,542,0.0339165131982811,0.0,0.4132397566610084,,0.9117647058823528,0.2876635,0.6241012163021984,0.6241012163021984,100.0,47.7,-99.63,0.624101,Infravalorada por score,Infrapredicha por modelo
481,"PG. FABRA I PUIG, 411",Horta,27,11.53,0.18,Muy bajo,543,0.1169429097605893,0.0506445672191528,0.2213760437952521,0.0424354243542435,0.2416444394354909,0.12338431,0.1182601276402562,0.1182601276402562,38.31,1.47,-38.13,0.11826,Infravalorada por score,Infrapredicha por modelo
541,"C/ MARBRE, 2",la Marina de Port,28,10.57,0.0,Muy bajo,544,0.2016574585635359,0.0755064456721915,0.0625610419752552,0.0036900369003689,0.2386050953352109,0.34103134,0.1024262474096163,-0.1024262474096163,36.65,57.46,-36.65,-0.102426,Infravalorada por score,Sobrepredicha por modelo
