station_id,name,neighborhood,bikes_ratio_capacity_mean,pred__linear_regression,residual__linear_regression,abs_error__linear_regression,pred__elastic_net,residual__elastic_net,abs_error__elastic_net,pred__random_forest,residual__random_forest,abs_error__random_forest,pred__hist_gradient_boosting,residual__hist_gradient_boosting,abs_error__hist_gradient_boosting,pred__xgboost,residual__xgboost,abs_error__xgboost
1,"GRAN VIA CORTS CATALANES, 760",el Fort Pienc,0.1913431588165633,0.3346027230403068,-0.1432595642237435,0.1432595642237435,0.37119254083459596,-0.17984938201803266,0.17984938201803266,0.26835229347993694,-0.07700913466337364,0.07700913466337364,0.31156021924951394,-0.12021706043295063,0.12021706043295063,0.31388718,-0.12254402008129436,0.12254402008129436
10,"C/ 60, NÚMERO 25",la Marina del Prat Vermell,0.3367412492428553,0.9552026549688071,-0.6184614057259518,0.6184614057259518,0.48334742571456896,-0.14660617647171365,0.14660617647171365,0.4172852951151407,-0.08054404587228536,0.08054404587228536,0.5656023433230504,-0.22886109408019506,0.22886109408019506,0.43657473,-0.09983347805397391,0.09983347805397391
100,"C/ TARRAGONA,  159-173",Hostafrancs,0.2429705215419501,0.29086155362170585,-0.04789103207975576,0.04789103207975576,0.34944979629937806,-0.10647927475742797,0.10647927475742797,0.31804783776334944,-0.07507731622139935,0.07507731622139935,0.33422956169444323,-0.09125904015249314,0.09125904015249314,0.32734278,-0.08437225690234007,0.08437225690234007
101,"AV. DIAGONAL, 602",Sant Gervasi - Galvany,0.1578665010164897,0.11679885976064974,0.04106764125583995,0.04106764125583995,0.2551632359684274,-0.09729673495193769,0.09729673495193769,0.1263823405037362,0.03148416051275349,0.03148416051275349,0.11298094777581566,0.04488555324067403,0.04488555324067403,0.101994395,0.05587210576044721,0.05587210576044721
102,"AV. DIAGONAL,  612",Sant Gervasi - Galvany,0.0937665381416799,0.13532474980085052,-0.04155821165917062,0.04155821165917062,0.2485901482627954,-0.1548236101211155,0.1548236101211155,0.16199842690879196,-0.06823188876711206,0.06823188876711206,0.1536402306299552,-0.05987369248827529,0.05987369248827529,0.15439084,-0.0606243035808085,0.0606243035808085
103,"C/ ARAGÓ, 629",el Clot,0.3266576454668471,0.3785162639235224,-0.051858618456675276,0.051858618456675276,0.39275324242306553,-0.06609559695621842,0.06609559695621842,0.37060345383150634,-0.04394580836465922,0.04394580836465922,0.36936727728092733,-0.04270963181408022,0.04270963181408022,0.3854241,-0.058766461846309015,0.058766461846309015
104,"C/ VALÈNCIA,  621",el Clot,0.372044298114337,0.36135124613623293,0.010693051978104051,0.010693051978104051,0.370607587919699,0.0014367101946379801,0.0014367101946379801,0.3175327430975381,0.054511555016798885,0.054511555016798885,0.3455399727216721,0.026504325392664896,0.026504325392664896,0.35049835,0.021545949639834416,0.021545949639834416
105,"RDA. DE SANT PERE, 26",la Dreta de l'Eixample,0.3361653740117358,0.33700942615279206,-0.0008440521410562618,0.0008440521410562618,0.37222627357870536,-0.03606089956696956,0.03606089956696956,0.30818437974609947,0.027980994265636328,0.027980994265636328,0.3117577411681601,0.02440763284357572,0.02440763284357572,0.32949057,0.006674801797609209,0.006674801797609209
106,"PL JOANIC - C / BRUNIQUER, 59",la Vila de Gràcia,0.1583897540058677,0.28629310181628076,-0.12790334781041307,0.12790334781041307,0.27507594645065103,-0.11668619244478334,0.11668619244478334,0.19782660386371353,-0.039436849857845846,0.039436849857845846,0.2155436041040108,-0.05715385009814311,0.05715385009814311,0.20067863,-0.04228887765745476,0.04228887765745476
107,"TRAV. DE GRÀCIA, 92 / VIA AUGUSTA",Sant Gervasi - Galvany,0.1220380601596071,0.14805990694762383,-0.026021846788016736,0.026021846788016736,0.25547254269208386,-0.13343448253247675,0.13343448253247675,0.15734932108402028,-0.03531126092441318,0.03531126092441318,0.16862106151543957,-0.046583001355832473,0.046583001355832473,0.14348498,-0.021446919708328085,0.021446919708328085
108,"C / INDÚSTRIA, 10",el Camp d'en Grassot i Gràcia Nova,0.1755684255684255,0.22086565087449145,-0.04529722530606595,0.04529722530606595,0.29279641106063414,-0.11722798549220864,0.11722798549220864,0.16866980922180974,0.00689861634661576,0.00689861634661576,0.17161240565177224,0.003956019916653258,0.003956019916653258,0.17150961,0.00405881694205984,0.00405881694205984
109,"C/ LONDRES,  53",l'Antiga Esquerra de l'Eixample,0.1264120291661944,0.1421747650264302,-0.0157627358602358,0.0157627358602358,0.28423077885040376,-0.15781874968420936,0.15781874968420936,0.1680631492361114,-0.041651120069917,0.041651120069917,0.17432592348038586,-0.04791389431419146,0.04791389431419146,0.17108434,-0.04467231522086004,0.04467231522086004
11,"PG. MARITIM, 11 (DAVANT PL. BRUGADA)",la Barceloneta,0.4311798128342246,0.5244492613225005,-0.0932694484882759,0.0932694484882759,0.447746221392321,-0.016566408558096435,0.016566408558096435,0.5199391520471707,-0.0887593392129461,0.0887593392129461,0.5213749372093657,-0.0901951243751411,0.0901951243751411,0.5183589,-0.08717907340768827,0.08717907340768827
110,"AV. ROMA,  136",l'Antiga Esquerra de l'Eixample,0.25743983581052,0.31312259980469226,-0.05568276399417227,0.05568276399417227,0.33262110901108055,-0.07518127320056056,0.07518127320056056,0.3297449495654631,-0.07230511375494308,0.07230511375494308,0.33511403173481524,-0.07767419592429525,0.07767419592429525,0.3088143,-0.051374451375148955,0.051374451375148955
111,C/ ARAGÓ 147,la Nova Esquerra de l'Eixample,0.3179972936400541,0.314966300217597,0.0030309934224571067,0.0030309934224571067,0.3431228662213317,-0.025125572581277622,0.025125572581277622,0.3041753686070731,0.013821925032980964,0.013821925032980964,0.30155780830976414,0.016439485330289938,0.016439485330289938,0.3035266,0.014470683504021975,0.014470683504021975
112,"C/ FLORIDABLANCA,  49",Sant Antoni,0.5470113463562989,0.36083368768294083,0.18617765867335806,0.18617765867335806,0.367654390199133,0.1793569561571659,0.1793569561571659,0.33496261041499487,0.21204873594130402,0.21204873594130402,0.33700154261455384,0.21000980374174505,0.21000980374174505,0.34822714,0.1987842030686402,0.1987842030686402
113,"RONDA DE SANT PAU , 51",Sant Antoni,0.4250894276629571,0.35020190959409764,0.07488751806885946,0.07488751806885946,0.3992110397451575,0.025878387917799617,0.025878387917799617,0.4568118844290287,-0.031722456766071605,0.031722456766071605,0.47818529825993783,-0.05309587059698073,0.05309587059698073,0.4770814,-0.051991960572135065,0.051991960572135065
114,"PL. JEAN GENET,  1",el Raval,0.6159070447895566,0.5545304861848859,0.06137655860467073,0.06137655860467073,0.42479382515700204,0.19111321963255457,0.19111321963255457,0.5389266888353621,0.0769803559541945,0.0769803559541945,0.5179628356973686,0.09794420909218804,0.09794420909218804,0.52999926,0.0859077886555234,0.0859077886555234
115,"AV. MARQUÉS DE L'ARGENTERA,  3","Sant Pere, Santa Caterina i la Ribera",0.6300064495324089,0.6019176055012587,0.028088844031150195,0.028088844031150195,0.4125143909959607,0.2174920585364482,0.2174920585364482,0.5383781245128793,0.09162832501952967,0.09162832501952967,0.5636778280558388,0.06632862147657015,0.06632862147657015,0.5613849,0.06862153322686693,0.06862153322686693
116,"C/ DEL DR. AIGUADER, 72 / PG. SALVAT",la Barceloneta,0.5474673663931976,0.48814729652501315,0.059320069868184444,0.059320069868184444,0.4458730280318093,0.10159433836138831,0.10159433836138831,0.5177442346774186,0.029723131715779005,0.029723131715779005,0.47960267602739187,0.06786469036580572,0.06786469036580572,0.46665335,0.08081401937781674,0.08081401937781674
117,"C/ ROSA SENSAT, 12",la Vila Olímpica del Poblenou,0.6411034364039335,0.5071961253145634,0.13390731108937015,0.13390731108937015,0.4214480798772122,0.2196553565267213,0.2196553565267213,0.5384188681151933,0.10268456828874017,0.10268456828874017,0.6252303340683052,0.01587310233562833,0.01587310233562833,0.57690626,0.06419717257565594,0.06419717257565594
118,"C/ PUJADES,  3",el Parc i la Llacuna del Poblenou,0.4172385492517506,0.4121066936423113,0.005131855609439295,0.005131855609439295,0.4103885110985987,0.006850038153151883,0.006850038153151883,0.42945709547885136,-0.01221854622710078,0.01221854622710078,0.4351332651934672,-0.0178947159417166,0.0178947159417166,0.42271516,-0.00547660801868094,0.00547660801868094
119,"C/ SARDENYA,  178",el Fort Pienc,0.2914237387297367,0.3256168752310611,-0.034193136501324384,0.034193136501324384,0.3807047522582117,-0.089281013528475,0.089281013528475,0.32898875878591344,-0.037565020056176734,0.037565020056176734,0.30493325458867804,-0.013509515858941334,0.013509515858941334,0.34165162,-0.05022787975094567,0.05022787975094567
12,"PG. MARITIM, 23 (HOSPITAL DEL MAR)",la Barceloneta,0.4671966120522077,0.5333695210184688,-0.0661729089662611,0.0661729089662611,0.44481188188097087,0.022384730171236822,0.022384730171236822,0.5772175015950601,-0.11002088954285244,0.11002088954285244,0.5982352681621141,-0.13103865610990645,0.13103865610990645,0.54095274,-0.07375613004755427,0.07375613004755427
120,"C/ LEPANT,  278",la Sagrada Família,0.1746157068737714,0.3399111862613535,-0.16529547938758213,0.16529547938758213,0.3470555325012572,-0.1724398256274858,0.1724398256274858,0.25933604076563743,-0.08472033389186603,0.08472033389186603,0.21484883950863484,-0.040233132634863444,0.040233132634863444,0.2469037,-0.07228799574292019,0.07228799574292019
121,"C/ CASTILLEJOS, 258",la Sagrada Família,0.3097624141425515,0.2784957144332033,0.0312666997093482,0.0312666997093482,0.33987464651579086,-0.030112232373239345,0.030112232373239345,0.26936350590217506,0.04039890824037645,0.04039890824037645,0.24555550701414933,0.06420690712840219,0.06420690712840219,0.24555424,0.06420817558473596,0.06420817558473596
122,"C/ NÀPOLS, 344",el Camp d'en Grassot i Gràcia Nova,0.2808269995452665,0.2153648343360952,0.06546216520917131,0.06546216520917131,0.27767654743635056,0.0031504521089159576,0.0031504521089159576,0.19018562658877747,0.09064137295648905,0.09064137295648905,0.189862389529205,0.09096461001606151,0.09096461001606151,0.17665754,0.10416945695893992,0.10416945695893992
123,"C/ PROVENÇA, 317",la Dreta de l'Eixample,0.1190824635606803,0.22670552250092094,-0.10762305894024064,0.10762305894024064,0.313631749777383,-0.1945492862167027,0.1945492862167027,0.19892658056272058,-0.07984411700204029,0.07984411700204029,0.12966940758402948,-0.010586944023349185,0.010586944023349185,0.15814237,-0.03905990940513239,0.03905990940513239
124,C/ NOVA  BOCANA,la Barceloneta,0.4707696565184304,0.5882430490406068,-0.11747339252217637,0.11747339252217637,0.45592049177437804,0.014849164744052346,0.014849164744052346,0.5302555554694788,-0.05948589895104839,0.05948589895104839,0.5245394043985934,-0.05376974788016298,0.05376974788016298,0.5440849,-0.07331525005963357,0.07331525005963357
125,"PG. MARíTIM, 31 B (ANNEXA A LA 12)",la Barceloneta,0.4298874024395487,0.5230363628192295,-0.09314896037968079,0.09314896037968079,0.4443281082555971,-0.014440705816048394,0.014440705816048394,0.5642767736024072,-0.13438937116285854,0.13438937116285854,0.5495483648430601,-0.11966096240351143,0.11966096240351143,0.5108086,-0.08092118463473108,0.08092118463473108
126,PG. DE COLOM /VIA LAIETANA,el Barri Gòtic,0.6352991917974053,0.5409953848532791,0.09430380694412621,0.09430380694412621,0.43980485787859014,0.1954943339188152,0.1954943339188152,0.6062058586395991,0.029093333157806267,0.029093333157806267,0.6547898949916644,-0.01949070319425905,0.01949070319425905,0.61946493,0.01583425792518245,0.01583425792518245
127,"C/ ARAGÓ, 659 / NAVAS DE TOLOSA",el Clot,0.3642184132711872,0.38170758519750947,-0.017489171926322267,0.017489171926322267,0.4000925903034099,-0.035874177032222676,0.035874177032222676,0.4246773636245694,-0.060458950353382224,0.060458950353382224,0.4295257279417179,-0.06530731467053069,0.06530731467053069,0.43366992,-0.06945151146483575,0.06945151146483575
128,"RAMBLA DE GUIPÚSCOA, 43/FLUVIA",Sant Martí de Provençals,0.50824576708557,0.3800190690268318,0.1282266980587382,0.1282266980587382,0.4042677286236835,0.10397803846188652,0.10397803846188652,0.44632447739866615,0.06192128968690386,0.06192128968690386,0.4279758899986995,0.0802698770868705,0.0802698770868705,0.43071082,0.07753494474174372,0.07753494474174372
129,"C/ MANSO, 46",Sant Antoni,0.6276377921899798,0.40071939044647426,0.22691840174350558,0.22691840174350558,0.38406609247920304,0.2435716997107768,0.2435716997107768,0.39331672811161855,0.23432106407836129,0.23432106407836129,0.39484761510237043,0.2327901770876094,0.2327901770876094,0.39132583,0.2363119607767108,0.2363119607767108
13,"C/ MARINA, 25-33",la Vila Olímpica del Poblenou,0.4611224775294652,0.360377017428152,0.10074546010131324,0.10074546010131324,0.4053356670477227,0.0557868104817425,0.0557868104817425,0.45170891730292384,0.009413560226541384,0.009413560226541384,0.5039555836063785,-0.04283310607691326,0.04283310607691326,0.45372185,0.0074006264190068505,0.0074006264190068505
130,"RAMBLA DE GUIPÚSCOA, 103 / CANTÀBRIA",la Verneda i la Pau,0.4657642413987591,0.40326276867725863,0.06250147272150047,0.06250147272150047,0.40595218698885543,0.05981205440990367,0.05981205440990367,0.4492429392983166,0.016521302100442503,0.016521302100442503,0.5038369603212219,-0.038072718922462834,0.038072718922462834,0.45973295,0.006031291665024974,0.006031291665024974
131,"RBLA. GUIPÚSCOA, 158",la Verneda i la Pau,0.4901605365709761,0.4497476837002231,0.04041285287075297,0.04041285287075297,0.4093947963845115,0.0807657401864646,0.0807657401864646,0.47058013387973263,0.019580402691243448,0.019580402691243448,0.4553065382178082,0.03485399835316788,0.03485399835316788,0.4320937,0.05806682686371595,0.05806682686371595
132,PL. VALENTÍ ALMIRALL,el Clot,0.5319270893041385,0.46928657758089587,0.06264051172324259,0.06264051172324259,0.41455643532371844,0.11737065398042001,0.11737065398042001,0.44010037591280365,0.0918267133913348,0.0918267133913348,0.4467927625661136,0.08513432673802485,0.08513432673802485,0.41876963,0.11315746149461392,0.11315746149461392
133,"GRAN VIA DE LES CORTS CATALANES,  902",Provençals del Poblenou,0.5223968897903989,0.5530236266688954,-0.030626736878496486,0.030626736878496486,0.40674754630746457,0.11564934348293432,0.11564934348293432,0.4403671281744608,0.08202976161593811,0.08202976161593811,0.49472488163818595,0.027672008152212935,0.027672008152212935,0.4871628,0.035234091147286706,0.035234091147286706
134,"C/ BAC DE RODA, 157",Provençals del Poblenou,0.5189591844485315,0.47675592823369634,0.04220325621483517,0.04220325621483517,0.41580426987243996,0.10315491457609155,0.10315491457609155,0.4658141722986388,0.0531450121498927,0.0531450121498927,0.44226879416007836,0.07669039028845315,0.07669039028845315,0.47845864,0.04050054148893678,0.04050054148893678
135,"GRAN VIA DE LES CORTS CATALANES,  981",Sant Martí de Provençals,0.4144676466326416,0.4484596200842903,-0.03399197345164873,0.03399197345164873,0.40400740695417997,0.010460239678461603,0.010460239678461603,0.46347259947224023,-0.04900495283959866,0.04900495283959866,0.4733661850414789,-0.05889853840883735,0.05889853840883735,0.49806315,-0.08359550043538211,0.08359550043538211
136,"GRAN VIA DE LES CORTS CATALANES,  1062",Provençals del Poblenou,0.4071938725338442,0.4038886134246723,0.0033052591091718986,0.0033052591091718986,0.419959364308581,-0.012765491774736792,0.012765491774736792,0.5073561979412669,-0.10016232540742265,0.10016232540742265,0.5493769087157319,-0.14218303618188766,0.14218303618188766,0.5240931,-0.11689921895404032,0.11689921895404032
137,"GRAN VIA DE LES CORTS CATALANES , 1041",Sant Martí de Provençals,0.3589588732394366,0.5005423256542192,-0.1415834524147826,0.1415834524147826,0.4244128314988338,-0.0654539582593972,0.0654539582593972,0.4878589379913516,-0.128900064751915,0.128900064751915,0.5120813768009802,-0.1531225035615436,0.1531225035615436,0.5426413,-0.1836824088421674,0.1836824088421674
138,"GRAN VIA DE LES CORTS CATALANES,  1118",Provençals del Poblenou,0.514315972616211,0.5460835018074199,-0.031767529191208954,0.031767529191208954,0.44928653955882564,0.06502943305738534,0.06502943305738534,0.471197087999063,0.04311888461714797,0.04311888461714797,0.4745691273722434,0.0397468452439676,0.0397468452439676,0.44424298,0.0700729885597382,0.0700729885597382
139,"GRAN VIA DE LES CORTS CATALANES,  1131",la Verneda i la Pau,0.349155544106519,0.39407384258450384,-0.04491829847798484,0.04491829847798484,0.4102860569460536,-0.06113051283953458,0.06113051283953458,0.43293760484467525,-0.08378206073815625,0.08378206073815625,0.41490637631147387,-0.06575083220495487,0.06575083220495487,0.39436185,-0.04520630949302934,0.04520630949302934
14,"AV. MARQUÉS DE  L'ARGENTERA, 15","Sant Pere, Santa Caterina i la Ribera",0.5712883609816402,0.6165567237159656,-0.04526836273432544,0.04526836273432544,0.4189374750348628,0.15235088594677737,0.15235088594677737,0.5590855729523143,0.01220278802932584,0.01220278802932584,0.5851405542438355,-0.013852193262195334,0.013852193262195334,0.5710982,0.0001901525542109539,0.0001901525542109539
140,"C/ VILADOMAT,  122",la Nova Esquerra de l'Eixample,0.3948828904896347,0.29546086086152956,0.09942202962810515,0.09942202962810515,0.35766134362921265,0.03722154686042206,0.03722154686042206,0.2665797730841271,0.1283031174055076,0.1283031174055076,0.25403444968648803,0.14084844080314668,0.14084844080314668,0.28184402,0.11303887059980317,0.11303887059980317
141,"C/ BILBAO, 174",Provençals del Poblenou,0.4595822075875267,0.4741007614770384,-0.014518553889511676,0.014518553889511676,0.4226391349309426,0.03694307265658414,0.03694307265658414,0.4839445296107731,-0.024362322023246397,0.024362322023246397,0.5169808860261921,-0.05739867843866536,0.05739867843866536,0.49820402,-0.0386218150584236,0.0386218150584236
142,"C/ SANCHO DE ÁVILA,  104 - C/ BADAJOZ",el Parc i la Llacuna del Poblenou,0.576777285792999,0.40386664639072634,0.1729106394022727,0.1729106394022727,0.46239577324676157,0.11438151254623746,0.11438151254623746,0.4976881827800996,0.07908910301289945,0.07908910301289945,0.40799534290499895,0.16878194288800008,0.16878194288800008,0.4496896,0.12708768890159583,0.12708768890159583
143,"C/ SANCHO DE ÁVILA, 170 / LLACUNA",el Parc i la Llacuna del Poblenou,0.6864967658797182,0.5370131411309339,0.1494836247487843,0.1494836247487843,0.45899681007174953,0.22749995580796867,0.22749995580796867,0.5464551702642598,0.14004159561545837,0.14004159561545837,0.6041111396939599,0.08238562618575829,0.08238562618575829,0.5901288,0.09636798646840228,0.09636798646840228
144,"C/ CASTELLA,  28 / DIAGONAL",el Poblenou,0.5861432120999883,0.451942905780943,0.13420030631904534,0.13420030631904534,0.42801467093366935,0.15812854116631897,0.15812854116631897,0.5727572699829434,0.013385942117044913,0.013385942117044913,0.5319380531535307,0.05420515894645761,0.05420515894645761,0.5296056,0.056537585040051797,0.056537585040051797
145,"C/ MARROC, 103",Provençals del Poblenou,0.5420606333483416,0.5317677849237341,0.010292848424607537,0.010292848424607537,0.44283279134383724,0.09922784200450441,0.09922784200450441,0.5886338495121416,-0.046573216163799946,0.046573216163799946,0.5866986944260313,-0.04463806107768964,0.04463806107768964,0.6251364,-0.08307574207890445,0.08307574207890445
146,"C/ PERE IV, 488",Provençals del Poblenou,0.5014535466538353,0.6132830586457514,-0.11182951199191604,0.11182951199191604,0.44312472471756353,0.05832882193627181,0.05832882193627181,0.5632335513023478,-0.06178000464851241,0.06178000464851241,0.6286700428896372,-0.1272164962358019,0.1272164962358019,0.6031083,-0.10165474020376963,0.10165474020376963
147,"RAMBLA PRIM, 79",el Besòs i el Maresme,0.5758259721694999,0.8051417279046855,-0.2293157557351856,0.2293157557351856,0.6106875677101566,-0.03486159554065671,0.03486159554065671,0.5413328929760648,0.03449307919343514,0.03449307919343514,0.5892484217767732,-0.013422449607273235,0.013422449607273235,0.60607195,-0.03024597683562702,0.03024597683562702
148,"RONDA SANT PAU, 79",Sant Antoni,0.54531313207138,0.3992882831453719,0.1460248489260081,0.1460248489260081,0.39530892865872685,0.15000420341265314,0.15000420341265314,0.446586335052381,0.098726797018999,0.098726797018999,0.43019726408822123,0.11511586798315876,0.11511586798315876,0.44421837,0.10109476473319945,0.10109476473319945
149,"C/ PUJADES, 57B",el Parc i la Llacuna del Poblenou,0.4750079712698652,0.38594704369379446,0.08906092757607076,0.08906092757607076,0.4285844106107619,0.0464235606591033,0.0464235606591033,0.5426775022970399,-0.06766953102717471,0.06766953102717471,0.5941423250906535,-0.11913435382078824,0.11913435382078824,0.5812706,-0.10626260425351125,0.10626260425351125
15,"C/ DIPUTACIÓ, 272",la Dreta de l'Eixample,0.3277522954942309,0.17349547319081127,0.15425682230341964,0.15425682230341964,0.35255274184738844,-0.024800446353157535,0.024800446353157535,0.26660244171780956,0.06114985377642135,0.06114985377642135,0.27112326674865067,0.056629028745580234,0.056629028745580234,0.26208034,0.065671953916701,0.065671953916701
150,"C/ ESPRONCEDA, 124",el Poblenou,0.6060473396958819,0.35908226533076015,0.24696507436512172,0.24696507436512172,0.4570382058361513,0.14900913385973058,0.14900913385973058,0.5872648920705005,0.018782447625381393,0.018782447625381393,0.6114909525674952,-0.005443612871613324,0.005443612871613324,0.5970377,0.009009666699360874,0.009009666699360874
151,"C/ PALLARS, 182",el Poblenou,0.5791735133878021,0.5359400289043146,0.043233484483487516,0.043233484483487516,0.4217090925040316,0.1574644208837705,0.1574644208837705,0.5924129154122386,-0.01323940202443652,0.01323940202443652,0.6450288007073571,-0.06585528731955503,0.06585528731955503,0.60008883,-0.020915321374771145,0.020915321374771145
152,"C/ PUJADES, 121",el Poblenou,0.5801350683577665,0.5112361028407639,0.06889896551700259,0.06889896551700259,0.4290926486279274,0.15104241972983912,0.15104241972983912,0.5448496066270495,0.035285461730717005,0.035285461730717005,0.5557052560596607,0.024429812298105813,0.024429812298105813,0.524398,0.055737039507211095,0.055737039507211095
153,"C/ PUJADES, 173/RBLA POBLE NOU",el Poblenou,0.546907400961826,0.5103421088540756,0.03656529210775039,0.03656529210775039,0.4338888548057874,0.11301854615603857,0.11301854615603857,0.6291884885176978,-0.08228108755587182,0.08228108755587182,0.6239850363778481,-0.07707763541602208,0.07707763541602208,0.6530971,-0.10618969214349017,0.10618969214349017
154,"C/ PUJADES, 191",el Poblenou,0.675462623929698,0.4543633844623668,0.22109923946733123,0.22109923946733123,0.4300803232648096,0.24538230066488842,0.24538230066488842,0.5588163836612353,0.11664624026846271,0.11664624026846271,0.5470174218810225,0.1284452020486755,0.1284452020486755,0.5484203,0.12704231390925125,0.12704231390925125
155,"C/ PUJADES, 311/ FLUVIÀ",Diagonal Mar i el Front Marítim del Poblenou,0.6180485125084516,0.48996437553542005,0.12808413697303156,0.12808413697303156,0.45762824659611484,0.16042026591233677,0.16042026591233677,0.5528791309847857,0.06516938152366591,0.06516938152366591,0.5405797958201392,0.07746871668831246,0.07746871668831246,0.5309661,0.0870824094315168,0.0870824094315168
156,"C/ SELVA DE MAR, 46",Diagonal Mar i el Front Marítim del Poblenou,0.572557191696272,0.4570355159701167,0.11552167572615524,0.11552167572615524,0.43232348067294396,0.140233711023328,0.140233711023328,0.5830250007578754,-0.010467809061603495,0.010467809061603495,0.5645923038688726,0.007964887827399347,0.007964887827399347,0.55283946,0.019717733707532936,0.019717733707532936
157,"C/ LLULL, 465",el Besòs i el Maresme,0.691359043952982,0.5230352087010197,0.16832383525196226,0.16832383525196226,0.4427006473564898,0.2486583965964922,0.2486583965964922,0.5453013402644056,0.1460577036885764,0.1460577036885764,0.5403911081515038,0.15096793580147816,0.15096793580147816,0.5459483,0.14541071736530498,0.14541071736530498
158,"RAMBLA DE PRIM, 19",el Besòs i el Maresme,0.535507130500516,0.39263211599295716,0.14287501450755885,0.14287501450755885,0.4307843737892906,0.10472275671122544,0.10472275671122544,0.5661094958581553,-0.030602365357639272,0.030602365357639272,0.6160081533048767,-0.08050102280436067,0.08050102280436067,0.611912,-0.07640488159970371,0.07640488159970371
159,"AV. DIAGONAL, 26",el Besòs i el Maresme,0.6801167281025101,0.40829743188623213,0.271819296216278,0.271819296216278,0.43300442856438687,0.24711229953812325,0.24711229953812325,0.5148658877634554,0.16525084033905468,0.16525084033905468,0.5213041866265532,0.15881254147595691,0.15881254147595691,0.48585942,0.1942573042267014,0.1942573042267014
160,"AV.DEDUARD MARISTANY,1 /FORUM",el Besòs i el Maresme,0.4830776173285198,0.6167669986306995,-0.13368938130217972,0.13368938130217972,0.4352628502774568,0.04781476705106297,0.04781476705106297,0.597272208747717,-0.11419459141919724,0.11419459141919724,0.6201905783944943,-0.13711296106597454,0.13711296106597454,0.58455557,-0.10147794898236279,0.10147794898236279
161,"C/ RAMON TURRÓ, 91",la Vila Olímpica del Poblenou,0.52971692793504,0.5278934509559529,0.0018234769790871352,0.0018234769790871352,0.42914772010058927,0.10056920783445072,0.10056920783445072,0.5655943227130852,-0.03587739477804519,0.03587739477804519,0.6054514962191361,-0.07573456828409608,0.07573456828409608,0.559559,-0.029842059682452682,0.029842059682452682
162,"C/ RAMON TURRÓ, 292",el Poblenou,0.6992213282535863,0.5721575572965072,0.1270637709570791,0.1270637709570791,0.44662743026028606,0.25259389799330023,0.25259389799330023,0.6268668864263561,0.07235444182723016,0.07235444182723016,0.5949320158486741,0.10428931240491224,0.10428931240491224,0.6255268,0.07369454240306139,0.07369454240306139
163,"AV. ICÀRIA, 202",la Vila Olímpica del Poblenou,0.5381616604140964,0.49644904065893286,0.04171261975516355,0.04171261975516355,0.4164821062847891,0.12167955412930731,0.12167955412930731,0.5782624215292712,-0.0401007611151748,0.0401007611151748,0.5986485191665208,-0.06048685875242443,0.06048685875242443,0.5783953,-0.040233646649959987,0.040233646649959987
164,"C/ INDEPENDÈNCIA, 379",el Camp de l'Arpa del Clot,0.3687736588456984,0.2493500502657265,0.11942360857997189,0.11942360857997189,0.29839548383505543,0.07037817501064297,0.07037817501064297,0.23082351961840164,0.13795013922729676,0.13795013922729676,0.24116612125016673,0.12760753759553167,0.12760753759553167,0.26868457,0.10008909282473283,0.10008909282473283
165,"C/ DEL DOCTOR TRUETA, 222",el Poblenou,0.6112591258375341,0.47584609892576246,0.1354130269117716,0.1354130269117716,0.42677047460366013,0.18448865123387392,0.18448865123387392,0.6270927479928748,-0.015833622155340787,0.015833622155340787,0.6441764724337821,-0.03291734659624801,0.03291734659624801,0.626853,-0.015593863359243287,0.015593863359243287
166,"C/ BILBAO, 2",el Poblenou,0.7070280240625458,0.4878799164353985,0.21914810762714731,0.21914810762714731,0.4313974258788916,0.2756305981836542,0.2756305981836542,0.6367844141033799,0.0702436099591659,0.0702436099591659,0.6839105197348354,0.023117504327710425,0.023117504327710425,0.6400747,0.06695335374775702,0.06695335374775702
167,"C/ BAC DE RODA, 11",Diagonal Mar i el Front Marítim del Poblenou,0.6946911632100992,0.5977168139540674,0.09697434925603177,0.09697434925603177,0.43589276582042386,0.2587983973896753,0.2587983973896753,0.585456435444523,0.10923472776557619,0.10923472776557619,0.5752920404440748,0.11939912276602438,0.11939912276602438,0.5824251,0.11226604571742338,0.11226604571742338
168,SELVA DE MAR / PG. DEL TAULAT,Diagonal Mar i el Front Marítim del Poblenou,0.685982893132194,0.48629575124023317,0.1996871418919608,0.1996871418919608,0.42255156944268446,0.2634313236895095,0.2634313236895095,0.5416926090506962,0.1442902840814978,0.1442902840814978,0.5307862096489989,0.15519668348319504,0.15519668348319504,0.5464071,0.13957578959368078,0.13957578959368078
17,"AV. MERIDIANA, 47 (D)",el Fort Pienc,0.359026369168357,0.3853014889299874,-0.026275119761630383,0.026275119761630383,0.4195873374053567,-0.06056096823699969,0.06056096823699969,0.4173104182942022,-0.05828404912584517,0.05828404912584517,0.3714546242702824,-0.012428255101925412,0.012428255101925412,0.34591722,0.013109144284323804,0.013109144284323804
170,"AV. LITORAL, 40 (D)",la Vila Olímpica del Poblenou,0.4546443681509224,0.47336458060643904,-0.018720212455516638,0.018720212455516638,0.4235719730578037,0.03107239509311871,0.03107239509311871,0.521077627796635,-0.06643325964571262,0.06643325964571262,0.5102640124198039,-0.055619644268881496,0.055619644268881496,0.50497895,-0.0503345866411003,0.0503345866411003
171,"AV. LITORAL, 172",la Vila Olímpica del Poblenou,0.3981133307220263,0.4619421543886436,-0.0638288236666173,0.0638288236666173,0.4303385785862243,-0.032225247864198,0.032225247864198,0.5106437224177407,-0.11253039169571438,0.11253039169571438,0.4821282525277134,-0.08401492180568709,0.08401492180568709,0.45502132,-0.05690799105150274,0.05690799105150274
173,"AV.LITORAL, 84",el Poblenou,0.5610019237768419,0.5456875458368065,0.015314377940035429,0.015314377940035429,0.44005504111977867,0.12094688265706321,0.12094688265706321,0.5498016339638043,0.011200289813037556,0.011200289813037556,0.5091912963036918,0.05181062747315013,0.05181062747315013,0.5141733,0.04682859490034652,0.04682859490034652
174,"PG. DE GARCIA FÀRIA, 21/ESPRONCEDA",Diagonal Mar i el Front Marítim del Poblenou,0.6058713590815415,0.5304923177718032,0.07537904130973838,0.07537904130973838,0.4316084868251922,0.17426287225634934,0.17426287225634934,0.5998098067247745,0.006061552356767086,0.006061552356767086,0.598958454952886,0.006912904128655528,0.006912904128655528,0.60976267,-0.003891309528077591,0.003891309528077591
175,"C/ LLULL, 309",Diagonal Mar i el Front Marítim del Poblenou,0.6321133412042503,0.4482233710744255,0.18388997012982483,0.18388997012982483,0.44046827875884875,0.19164506244540158,0.19164506244540158,0.5955859870965837,0.03652735410766661,0.03652735410766661,0.5963344333543905,0.03577890784985982,0.03577890784985982,0.5952278,0.036885563246334074,0.036885563246334074
176,"PG. DE GARCIA FÀRIA, 37/JOSEP FERRATER",Diagonal Mar i el Front Marítim del Poblenou,0.5482525366403608,0.5523328984918399,-0.004080361851479086,0.004080361851479086,0.43584393175196023,0.11240860488840054,0.11240860488840054,0.5862798532969227,-0.038027316656561894,0.038027316656561894,0.5529524028303189,-0.004699866189958102,0.004699866189958102,0.5797288,-0.03147624553661066,0.03147624553661066
177,"C/ ROSSELLÓ, 557",el Camp de l'Arpa del Clot,0.3783296974786336,0.3018399709769072,0.07648972650172642,0.07648972650172642,0.333567723288014,0.04476197419061961,0.04476197419061961,0.3080307656931372,0.0702989317854964,0.0702989317854964,0.3178422726028367,0.06048742487579689,0.06048742487579689,0.29559585,0.08273384295783587,0.08273384295783587
178,"PG. DE GARCIA FÀRIA, 85",Diagonal Mar i el Front Marítim del Poblenou,0.6367057606214979,0.5705262237004682,0.06617953692102962,0.06617953692102962,0.42566054258117025,0.2110452180403276,0.2110452180403276,0.5507740213036689,0.08593173931782894,0.08593173931782894,0.5193060960229077,0.11739966459859019,0.11739966459859019,0.5547523,0.08195347037262701,0.08195347037262701
179,"PG. ZONA FRANCA, 244",la Marina de Port,0.5179668997406113,0.39260402983674647,0.1253628699038648,0.1253628699038648,0.40886826581357155,0.10909863392703972,0.10909863392703972,0.4378087292078144,0.08015817053279689,0.08015817053279689,0.45047891085604697,0.06748798888456431,0.06748798888456431,0.44345576,0.07451114403000947,0.07451114403000947
18,"C/ ROSSELLÓ, 453",la Sagrada Família,0.1795334159810661,0.2911078693622313,-0.11157445338116523,0.11157445338116523,0.31156667070835703,-0.13203325472729094,0.13203325472729094,0.19535439822007733,-0.01582098223901124,0.01582098223901124,0.22945699739170206,-0.049923581410635964,0.049923581410635964,0.2295275,-0.04999408727096333,0.04999408727096333
180,"GRAN VIA DE LES CORTS CATALANES, 179 (D)",la Bordeta,0.5270956241734229,0.3337813012864583,0.19331432288696465,0.19331432288696465,0.41807480523771645,0.10902081893570648,0.10902081893570648,0.45593408856778034,0.07116153560564259,0.07116153560564259,0.43363419155581956,0.09346143261760337,0.09346143261760337,0.43137157,0.09572405453993904,0.09572405453993904
182,"C/ SANT PERE D´ABANTO, 2",Hostafrancs,0.4002844327754075,0.3727885449164719,0.027495887858935586,0.027495887858935586,0.37300031698864067,0.027284115786766816,0.027284115786766816,0.3986028510494308,0.0016815817259767107,0.0016815817259767107,0.40412686620114324,-0.0038424334257357584,0.0038424334257357584,0.41213593,-0.011851496093839953,0.011851496093839953
183,"C/ GAVÀ, 1",la Bordeta,0.4452238637645201,0.34533916012439275,0.09988470364012736,0.09988470364012736,0.37810425446002593,0.06711960930449418,0.06711960930449418,0.381396641592754,0.06382722217176612,0.06382722217176612,0.34111162864390715,0.10411223512061296,0.10411223512061296,0.37285906,0.07236480300020737,0.07236480300020737
184,"C/ QUETZAL, 22-24",la Bordeta,0.3692395640345167,0.3651450909403919,0.004094473094124806,0.004094473094124806,0.3931022454762962,-0.0238626814417795,0.0238626814417795,0.44552791691048466,-0.07628835287596797,0.07628835287596797,0.41161456915405875,-0.042375005119542064,0.042375005119542064,0.45746607,-0.08822650184911979,0.08822650184911979
185,"C/GAVÀ, 81",la Bordeta,0.3922010295277025,0.34438327236119287,0.047817757166509656,0.047817757166509656,0.3753267267842568,0.0168743027434457,0.0168743027434457,0.42394402613177945,-0.03174299660407692,0.03174299660407692,0.49874268106100667,-0.10654165153330414,0.10654165153330414,0.4493145,-0.05711347533412914,0.05711347533412914
186,"C/CONSELL DE CENT, 6",Hostafrancs,0.3720928214384892,0.34346057477567177,0.02863224666281744,0.02863224666281744,0.36055258567133774,0.011540235767151463,0.011540235767151463,0.3372137464441485,0.03487907499434073,0.03487907499434073,0.3303277900261177,0.041765031412371534,0.041765031412371534,0.342162,0.029930808384595164,0.029930808384595164
187,"C/ DE SANT PAU, 89 - 97",el Raval,0.5042525241151522,0.5522486180009685,-0.04799609388581627,0.04799609388581627,0.4241170476738474,0.08013547644130481,0.08013547644130481,0.44737430285031293,0.05687822126483927,0.05687822126483927,0.46770798129197144,0.03654454282318076,0.03654454282318076,0.44824734,0.05600518081337913,0.05600518081337913
188,PG. SANT ANTONI /PL. SANTS,Sants,0.3696608485880516,0.33776361697367085,0.03189723161438074,0.03189723161438074,0.34741103993692507,0.022249808651126524,0.022249808651126524,0.3017676815802117,0.06789316700783987,0.06789316700783987,0.3129849642431261,0.05667588434492549,0.05667588434492549,0.31952363,0.05013721606165389,0.05013721606165389
189,"C/ BRUC, 130",la Dreta de l'Eixample,0.162887760857304,0.14648862844811156,0.01639913240919244,0.01639913240919244,0.31158043431693827,-0.14869267345963427,0.14869267345963427,0.15387145446268208,0.00901630639462192,0.00901630639462192,0.09957630704344284,0.06331145381386116,0.06331145381386116,0.124416634,0.03847112641688194,0.03847112641688194
19,"C/ ROSSELLÓ, 354",la Sagrada Família,0.2115039597642908,0.290724067381362,-0.07922010761707118,0.07922010761707118,0.31368780860946416,-0.10218384884517337,0.10218384884517337,0.18683606724140792,0.024667892522882873,0.024667892522882873,0.20892925136833973,0.0025747083959510586,0.0025747083959510586,0.19557795,0.015926010478783587,0.015926010478783587
190,"AV. LITORAL, 72",el Poblenou,0.4086887610997094,0.5868085125397363,-0.1781197514400269,0.1781197514400269,0.4493114958690519,-0.04062273476934247,0.04062273476934247,0.57774269355456,-0.16905393245485056,0.16905393245485056,0.5316366926334425,-0.12294793153373307,0.12294793153373307,0.52452815,-0.11583938469039068,0.11583938469039068
191,"C/ ENTENÇA, 137",la Nova Esquerra de l'Eixample,0.1849912899692784,0.263609947642895,-0.07861865767361662,0.07861865767361662,0.3365524821053845,-0.1515611921361061,0.1515611921361061,0.32031998126923,-0.1353286912999516,0.1353286912999516,0.314093237336668,-0.12910194736738959,0.12910194736738959,0.31637484,-0.13138354838292496,0.13138354838292496
192,"C/ JOAN GÜELL, 50",Sants,0.3707030705002307,0.29621391471813524,0.07448915578209547,0.07448915578209547,0.33192801558887886,0.03877505491135186,0.03877505491135186,0.270028505258409,0.10067456524182172,0.10067456524182172,0.25119462468468445,0.11950844581554626,0.11950844581554626,0.26621297,0.10449010048184387,0.10449010048184387
193,"C/ FÍGOLS, 1",les Corts,0.1913364486371589,0.2979049124238606,-0.10656846378670168,0.10656846378670168,0.30929553948411925,-0.11795909084696035,0.11795909084696035,0.18664364174083645,0.0046928068963224545,0.0046928068963224545,0.20801086245351827,-0.016674413816359368,0.016674413816359368,0.18340564,0.007930810896070034,0.007930810896070034
194,"C/ JOAN GÜELL, 98",les Corts,0.2441893264131784,0.32191691806936185,-0.07772759165618345,0.07772759165618345,0.3135779249173763,-0.0693885985041979,0.0693885985041979,0.2438255666835463,0.000363759729632096,0.000363759729632096,0.2629859886792569,-0.018796662266078484,0.018796662266078484,0.25254023,-0.008350904337859205,0.008350904337859205
195,"C/ VALLESPIR, 130",les Corts,0.1616806694462289,0.33915553861509934,-0.17747486916887045,0.17747486916887045,0.31525695023897976,-0.15357628079275087,0.15357628079275087,0.24030032765168738,-0.07861965820545849,0.07861965820545849,0.21049655712232127,-0.04881588767609238,0.04881588767609238,0.23452754,-0.07284687374091253,0.07284687374091253
196,"C/ BERLÍN, 38",Sants,0.1891379195079556,0.2140407120701603,-0.02490279256220468,0.02490279256220468,0.30323443221044216,-0.11409651270248655,0.11409651270248655,0.20700235620044002,-0.017864436692484414,0.017864436692484414,0.19369455967441504,-0.00455664016645943,0.00455664016645943,0.18677248,0.002365438900922834,0.002365438900922834
197,"C/ GELABERT, 1",les Corts,0.1498432261593122,0.24560936694814783,-0.09576614078883564,0.09576614078883564,0.2974032387142757,-0.1475600125549635,0.1475600125549635,0.2162967627861152,-0.066453536626803,0.066453536626803,0.2517860736178526,-0.1019428474585404,0.1019428474585404,0.21336426,-0.06352103224923425,0.06352103224923425
198,"C/ VALLESPIR, 194",les Corts,0.1448799284502286,0.2907825985088456,-0.14590267005861698,0.14590267005861698,0.2781751611638591,-0.1332952327136305,0.1332952327136305,0.20782940119559778,-0.06294947274536919,0.06294947274536919,0.19806339306357734,-0.053183464613348747,0.053183464613348747,0.22406876,-0.07918883242165861,0.07918883242165861
199,"C/ MEJÍA LEQUERICA, 2",la Maternitat i Sant Ramon,0.1811323601523895,0.3133888427172086,-0.13225648256481912,0.13225648256481912,0.2927180142558732,-0.11158565410348367,0.11158565410348367,0.19521662501959378,-0.014084264867204266,0.014084264867204266,0.1879336419318925,-0.006801281779502982,0.006801281779502982,0.19460124,-0.013468877621505754,0.013468877621505754
2,"C/ ROGER DE FLOR, 126",el Fort Pienc,0.187323577261026,0.28671802651531636,-0.09939444925429036,0.09939444925429036,0.3679824139070757,-0.1806588366460497,0.1806588366460497,0.26219024371172894,-0.07486666645070295,0.07486666645070295,0.2656646344870785,-0.0783410572260525,0.0783410572260525,0.26493546,-0.0776118864058899,0.0776118864058899
20,"C/ CARTAGENA, 308",la Sagrada Família,0.2501688808826841,0.25906634189198424,-0.008897461009300167,0.008897461009300167,0.2930807600132892,-0.042911879130605124,0.042911879130605124,0.21484527541690368,0.035323605465780394,0.035323605465780394,0.1999524953449204,0.05021638553776367,0.05021638553776367,0.20857546,0.04159342354816564,0.04159342354816564
200,"C/ JOAN GÜELL, 174",les Corts,0.2355591931963573,0.2998528305410907,-0.0642936373447334,0.0642936373447334,0.28961753912619453,-0.05405834592983724,0.05405834592983724,0.2132641470716066,0.022295046124750695,0.022295046124750695,0.22225714050826328,0.013302052688094007,0.013302052688094007,0.18928452,0.04627467483526568,0.04627467483526568
201,"C/ NUMÀNCIA, 136",les Corts,0.1509682933243172,0.22565158759455223,-0.07468329427023504,0.07468329427023504,0.27173217496605667,-0.12076388164173948,0.12076388164173948,0.1827080496869267,-0.031739756362609506,0.031739756362609506,0.18452610497632285,-0.033557811652005665,0.033557811652005665,0.17478098,-0.0238126864282234,0.0238126864282234
202,"C/ DE LES CORTS, 20",les Corts,0.1468212241082903,0.1905128747021334,-0.04369165059384311,0.04369165059384311,0.26866819329586633,-0.12184696918757604,0.12184696918757604,0.1729355743581443,-0.026114350249854007,0.026114350249854007,0.15047104956015606,-0.0036498254518657625,0.0036498254518657625,0.14209525,0.004725971236776927,0.004725971236776927
203,"AV. DIAGONAL, 668",les Corts,0.1041487105821191,0.1652898320707229,-0.0611411214886038,0.0611411214886038,0.23866948712798158,-0.13452077654586247,0.13452077654586247,0.20530079815792748,-0.10115208757580839,0.10115208757580839,0.15927493284634536,-0.05512622226422627,0.05512622226422627,0.22890028,-0.12475157299293889,0.12475157299293889
204,"AV. DIAGONAL, 672",Pedralbes,0.152847265741378,0.3056492432488201,-0.1528019775074421,0.1528019775074421,0.24880514580812202,-0.09595788006674402,0.09595788006674402,0.18497065999712636,-0.032123394255748366,0.032123394255748366,0.17887897095873884,-0.02603170521736084,0.02603170521736084,0.19182122,-0.03897395179554827,0.03897395179554827
205,"C/ DE CAN SEGALAR, 4",les Corts,0.1024042634183479,0.19435131705615538,-0.09194705363780749,0.09194705363780749,0.262217670313348,-0.15981340689500007,0.15981340689500007,0.1919332299568575,-0.0895289665385096,0.0895289665385096,0.16795162124621313,-0.06554735782786524,0.06554735782786524,0.18607904,-0.08367477675136799,0.08367477675136799
206,"AV. DIAGONAL, 650",les Corts,0.1727719916297138,0.19699198884781122,-0.024219997218097422,0.024219997218097422,0.23727626368451077,-0.06450427205479697,0.06450427205479697,0.1922464066727257,-0.019474415043011895,0.019474415043011895,0.17070344319354136,0.002068548436172435,0.002068548436172435,0.18232533,-0.009553341727143505,0.009553341727143505
207,"AV. DIAGONAL, 634",les Corts,0.1924350148591205,0.19527488997100256,-0.002839875111882051,0.002839875111882051,0.24045998704061103,-0.048024972181490516,0.048024972181490516,0.18129174973271864,0.011143265126401874,0.011143265126401874,0.1820822672018995,0.010352747657221023,0.010352747657221023,0.19277672,-0.0003417098370388505,0.0003417098370388505
208,"AV. DIAGONAL, 630",Sant Gervasi - Galvany,0.0936601836568003,0.23270661980749044,-0.13904643615069012,0.13904643615069012,0.23600891100004073,-0.14234872734324044,0.14234872734324044,0.17386254783905405,-0.08020236418225375,0.08020236418225375,0.18267949727019916,-0.08901931361339886,0.08901931361339886,0.17463356,-0.08097337890804955,0.08097337890804955
209,"C/ DIPUTACIÓ, 200",l'Antiga Esquerra de l'Eixample,0.1926367564665436,0.3550331976992169,-0.16239644123267327,0.16239644123267327,0.3608674316833336,-0.16823067521678997,0.16823067521678997,0.29048174680288247,-0.09784499033633887,0.09784499033633887,0.33081128335360105,-0.13817452688705745,0.13817452688705745,0.326118,-0.13348123593457945,0.13348123593457945
21,"C/ SANT ANTONI MARIA CLARET, 214",la Sagrada Família,0.2495132978295496,0.23781289555429877,0.01170040227525082,0.01170040227525082,0.27397452981918136,-0.024461231989631765,0.024461231989631765,0.20832834895562413,0.04118494887392546,0.04118494887392546,0.23884722419916113,0.010666073630388462,0.010666073630388462,0.24801938,0.0014939154719522396,0.0014939154719522396
210,"C/ VILARDELL, 18",Hostafrancs,0.2886609558160505,0.44073551917361786,-0.15207456335756736,0.15207456335756736,0.3764811578989245,-0.087820202082874,0.087820202082874,0.40157743700600096,-0.11291648118995046,0.11291648118995046,0.4215103418597056,-0.1328493860436551,0.1328493860436551,0.4425484,-0.15388743838713553,0.15388743838713553
211,"C/ SANCHO DE ÁVILA, 60-64",el Parc i la Llacuna del Poblenou,0.5498077974716119,0.2774764149067336,0.2723313825648783,0.2723313825648783,0.43494653227709223,0.11486126519451967,0.11486126519451967,0.4949316999610555,0.05487609751055639,0.05487609751055639,0.48643081853192544,0.06337697893968647,0.06337697893968647,0.4756716,0.07413620809706967,0.07413620809706967
212,"AV. SARRIÀ, 163",les Corts,0.2919108531500056,0.12149039650252741,0.17042045664747818,0.17042045664747818,0.19954447376273665,0.09236637938726894,0.09236637938726894,0.15803584350548053,0.13387500964452506,0.13387500964452506,0.1396606339143279,0.1522502192356777,0.1522502192356777,0.15293269,0.13897816455614115,0.13897816455614115
213,"C/ SANTA FE DE NOU MÈXIC, 2",les Tres Torres,0.1926797278465448,0.15733116523107352,0.035348562615471285,0.035348562615471285,0.21328158246228257,-0.02060185461573777,0.02060185461573777,0.17986014636485897,0.012819581481685827,0.012819581481685827,0.17382987379563608,0.01884985405090872,0.01884985405090872,0.18692386,0.005755866342943727,0.005755866342943727
214,"C/ JOSÉ DE  AGULLÓ, 9",les Tres Torres,0.2650146693748589,0.2011510697667876,0.06386359960807131,0.06386359960807131,0.21053769894279653,0.05447697043206237,0.05447697043206237,0.18042261585955766,0.08459205351530125,0.08459205351530125,0.16810933864352193,0.09690533073133697,0.09690533073133697,0.18183798,0.08317669339600758,0.08317669339600758
215,"C/ GANDUXER, 29",Sant Gervasi - Galvany,0.1216424358540891,0.17035534301207939,-0.04871290715799029,0.04871290715799029,0.22856221656209347,-0.10691978070800437,0.10691978070800437,0.19167413886867654,-0.07003170301458744,0.07003170301458744,0.24838339850583346,-0.12674096265174437,0.12674096265174437,0.19454852,-0.07290608161150233,0.07290608161150233
216,"C/ MADRAZO, 131",Sant Gervasi - Galvany,0.2078133613992883,0.1277301333101145,0.08008322808917379,0.08008322808917379,0.23555880193979883,-0.027745440540510535,0.027745440540510535,0.16304394260459298,0.044769418794695315,0.044769418794695315,0.16787226868525432,0.03994109271403398,0.03994109271403398,0.15613224,0.05168112527620328,0.05168112527620328
217,"C/ RECTOR UBACH, 24",Sant Gervasi - Galvany,0.1643474158410467,0.14947093217181434,0.01487648366923236,0.01487648366923236,0.19974580355228064,-0.035398387711233936,0.035398387711233936,0.15380337958491208,0.01054403625613462,0.01054403625613462,0.14808938005178637,0.016258035789260328,0.016258035789260328,0.15169242,0.012654995596829782,0.012654995596829782
218,"C/ CONSELL DE CENT, 566",la Sagrada Família,0.3305780350159715,0.321308018834253,0.009270016181718521,0.009270016181718521,0.38311833464301653,-0.05254029962704504,0.05254029962704504,0.3067719654120777,0.02380606960389381,0.02380606960389381,0.2546618918287285,0.07591614318724299,0.07591614318724299,0.27363786,0.05694017400255902,0.05694017400255902
219,"C/ LAFORJA, 74-76",Sant Gervasi - Galvany,0.1015429741738406,0.19376870808503058,-0.09222573391118997,0.09222573391118997,0.2237892081854328,-0.1222462340115922,0.1222462340115922,0.16160320538631448,-0.06006023121247388,0.06006023121247388,0.17429629852842102,-0.07275332435458041,0.07275332435458041,0.16794088,-0.0663979106547269,0.0663979106547269
22,"C/ SARDENYA, 292",la Sagrada Família,0.3009448212540354,0.30504652981289554,-0.004101708558860162,0.004101708558860162,0.3548622202691068,-0.05391739901507142,0.05391739901507142,0.30039038854934946,0.0005544327046859143,0.0005544327046859143,0.31769362378223576,-0.01674880252820038,0.01674880252820038,0.29178905,0.009155766383429909,0.009155766383429909
220,"C/ TUSET, 19",Sant Gervasi - Galvany,0.1721848216263199,0.15172735475673174,0.02045746686958816,0.02045746686958816,0.2622214762563302,-0.09003665463001029,0.09003665463001029,0.15601494274121086,0.01616987888510904,0.01616987888510904,0.1550043159536764,0.01718050567264351,0.01718050567264351,0.14775063,0.024434190651550308,0.024434190651550308
221,"GRAN DE GRÀCIA, 155 (METRO FONTANA)",la Vila de Gràcia,0.1359775099496883,0.13544148404780235,0.0005360259018859503,0.0005360259018859503,0.2390636091114593,-0.103086099161771,0.103086099161771,0.14303081543833693,-0.007053305488648631,0.007053305488648631,0.14042101636396165,-0.004443506414273352,0.004443506414273352,0.13450713,0.001470375392917972,0.001470375392917972
222,"C/ DEL CANÓ, 1",la Vila de Gràcia,0.1735800486804042,0.23594852913316533,-0.06236848045276114,0.06236848045276114,0.27583075854169103,-0.10225070986128684,0.10225070986128684,0.19716760385965537,-0.02358755517925118,0.02358755517925118,0.24659893511779873,-0.07301888643739454,0.07301888643739454,0.25363088,-0.0800508278607335,0.0800508278607335
223,"C/ DE BONAVISTA, 14",la Vila de Gràcia,0.1798882286361064,0.24954718452944047,-0.06965895589333407,0.06965895589333407,0.27978783815564057,-0.09989960951953417,0.09989960951953417,0.18171236344550903,-0.0018241348094026333,0.0018241348094026333,0.16264245697973767,0.01724577165636873,0.01724577165636873,0.15496638,0.024921844463666826,0.024921844463666826
224,"C / GIRONA, 176",la Dreta de l'Eixample,0.1271982665222102,0.24280435794084637,-0.11560609141863618,0.11560609141863618,0.3001533909645187,-0.1729551244423085,0.1729551244423085,0.18083701410554465,-0.05363874758333445,0.05363874758333445,0.12939857474136945,-0.0022003082191592582,0.0022003082191592582,0.14127521,-0.014076945646483346,0.014076945646483346
225,"C/ VILADOMAT, 200",la Nova Esquerra de l'Eixample,0.2620017804909068,0.25826909533195863,0.003732685158948146,0.003732685158948146,0.32207997708730685,-0.06007819659640007,0.06007819659640007,0.2165990163229991,0.04540276416790767,0.04540276416790767,0.21588303293186648,0.0461187475590403,0.0461187475590403,0.22542785,0.03657392941001231,0.03657392941001231
226,"C/ MONTMANY, 1",la Vila de Gràcia,0.1843033509700176,0.31481366275925804,-0.13051031178924044,0.13051031178924044,0.28649808857168113,-0.10219473760166353,0.10219473760166353,0.1867986839405012,-0.002495332970483599,0.002495332970483599,0.21978097818004907,-0.035477627210031476,0.035477627210031476,0.22590339,-0.04160004086805613,0.04160004086805613
227,"C/ DEL TORRENT DE LES FLORS, 102",la Vila de Gràcia,0.2351901969628627,0.30397731659571253,-0.06878711963284984,0.06878711963284984,0.2351435427301255,4.665423273719771e-05,4.665423273719771e-05,0.2027166363522153,0.032473560610647406,0.032473560610647406,0.24308553826233167,-0.007895341299468978,0.007895341299468978,0.23239982,0.002790375681429591,0.002790375681429591
228,"PL. DEL NORD, 5",la Vila de Gràcia,0.1245433642771187,0.20573608240960395,-0.08119271813248524,0.08119271813248524,0.22745709356258437,-0.10291372928546566,0.10291372928546566,0.19647595730115758,-0.07193259302403887,0.07193259302403887,0.2238256196723599,-0.09928225539524119,0.09928225539524119,0.20002088,-0.07547751522994611,0.07547751522994611
229,"C/ DE LA SANTACREU, 2 (PL. DE LA VIRREINA)",la Vila de Gràcia,0.1638691013408973,0.22514536879991304,-0.06127626745901574,0.06127626745901574,0.24918523232110912,-0.08531613098021182,0.08531613098021182,0.18540252463729984,-0.021533423296402537,0.021533423296402537,0.19054001735258683,-0.026670916011689527,0.026670916011689527,0.18594828,-0.02207918113934257,0.02207918113934257
23,"C/ BRUC, 45",la Dreta de l'Eixample,0.2208266479475865,0.2825530318502689,-0.061726383902682425,0.061726383902682425,0.34342505865695583,-0.12259841070936933,0.12259841070936933,0.2832864104335625,-0.06245976248597601,0.06245976248597601,0.2761611833791973,-0.05533453543161082,0.05533453543161082,0.27887768,-0.05805102758570818,0.05805102758570818
230,"C/ DE NIL FABRA, 16-20",la Vila de Gràcia,0.1530977556808235,0.20436448048956374,-0.05126672480874023,0.05126672480874023,0.2135303193484334,-0.06043256366760988,0.06043256366760988,0.19162551889258603,-0.03852776321176252,0.03852776321176252,0.20412018462760176,-0.05102242894677825,0.05102242894677825,0.21720338,-0.06410562299654465,0.06410562299654465
231,"C/ PAU ALSINA, 54",el Camp d'en Grassot i Gràcia Nova,0.2720864308778253,0.19827449912237022,0.07381193175545508,0.07381193175545508,0.21180064570107132,0.06028578517675398,0.06028578517675398,0.2224204312654243,0.04966599961240101,0.04966599961240101,0.23160135218408698,0.040485078693738324,0.040485078693738324,0.25255746,0.019528974384447617,0.019528974384447617
232,"C/ PALAUDÀRIES, 2",el Poble-sec,0.6368959674120819,0.5025954950766811,0.13430047233540077,0.13430047233540077,0.4263314999352951,0.21056446747678675,0.21056446747678675,0.4914519401938369,0.14544402721824495,0.14544402721824495,0.5169350284803832,0.11996093893169868,0.11996093893169868,0.51132905,0.12556691257962338,0.12556691257962338
233,"C/ NOU DE LA RAMBLA, 164",el Poble-sec,0.3746147238643827,0.4334360909385228,-0.058821367074140096,0.058821367074140096,0.37083450801210915,0.0037802158522735607,0.0037802158522735607,0.39088646242716496,-0.016271738562782245,0.016271738562782245,0.34804662666652314,0.026568097197859575,0.026568097197859575,0.3873979,-0.012783161458188086,0.012783161458188086
234,"PG. DE L´EXPOSICIÓ,34",el Poble-sec,0.4766986297344682,0.45257463484900984,0.024123994885458355,0.024123994885458355,0.35226443043237043,0.12443419930209776,0.12443419930209776,0.2912034458867561,0.18549518384771208,0.18549518384771208,0.26918613706560585,0.20751249266886235,0.20751249266886235,0.28492028,0.19177835452313396,0.19177835452313396
235,"AV. PARAL.LEL, 98",Sant Antoni,0.4585410310699142,0.38954525583868727,0.06899577523122691,0.06899577523122691,0.3907036464285464,0.06783738464136779,0.06783738464136779,0.44019914082853606,0.01834189024137811,0.01834189024137811,0.4313845730120484,0.027156458057865762,0.027156458057865762,0.457372,0.0011690213157332652,0.0011690213157332652
236,"AV. PARAL.LEL, 194",Sant Antoni,0.247148025088704,0.33180057540178026,-0.08465255031307625,0.08465255031307625,0.36329019495514614,-0.11614216986644213,0.11614216986644213,0.36886743082621765,-0.12171940573751364,0.12171940573751364,0.3852028946350372,-0.1380548695463332,0.1380548695463332,0.37580532,-0.1286572932668563,0.1286572932668563
237,"C/ RIUS I TAULET, 4",el Poble-sec,0.3418140935895804,0.4139085843132964,-0.07209449072371599,0.07209449072371599,0.3590940358643068,-0.0172799422747264,0.0172799422747264,0.3771048628388748,-0.03529076924929436,0.03529076924929436,0.3731124356941116,-0.031298342104531196,0.031298342104531196,0.3743863,-0.03257221698781215,0.03257221698781215
238,"C/ ESPRONCEDA, 298",Navas,0.3833043390565514,0.38637381961264433,-0.0030694805560929073,0.0030694805560929073,0.38402939517651374,-0.0007250561199623196,0.0007250561199623196,0.3941203921277463,-0.010816053071194875,0.010816053071194875,0.40380798314891747,-0.020503644092366047,0.020503644092366047,0.39885813,-0.015553790921628508,0.015553790921628508
239,"C/ INDÚSTRIA, 329",Navas,0.3765888226767595,0.2923428706202177,0.08424595205654184,0.08424595205654184,0.34131333258090374,0.03527549009585579,0.03527549009585579,0.31211678342375915,0.06447203925300038,0.06447203925300038,0.3110284839794333,0.06556033869732625,0.06556033869732625,0.3162922,0.06029662616453724,0.06029662616453724
24,"C/ MARINA, 199",el Fort Pienc,0.2321650124069479,0.30852594226345753,-0.07636092985650964,0.07636092985650964,0.36666872303180287,-0.13450371062485497,0.13450371062485497,0.32645853900934874,-0.09429352660240084,0.09429352660240084,0.30343294406432875,-0.07126793165738085,0.07126793165738085,0.29668555,-0.06452053422963352,0.06452053422963352
240,"C/ JOSEP ESTIVILL, 32",Navas,0.3524590505998956,0.3387161478352065,0.013742902764689091,0.013742902764689091,0.3605159358858123,-0.008056885285916748,0.008056885285916748,0.3432209324724374,0.009238118127458173,0.009238118127458173,0.33951219012313294,0.012946860476762634,0.012946860476762634,0.36824518,-0.015786133821643733,0.015786133821643733
241,"C/ TEODOR LLORENTE, 1",el Guinardó,0.3326607672033539,0.23911108203361015,0.09354968516974377,0.09354968516974377,0.31198431115648756,0.020676456046866354,0.020676456046866354,0.2670296496723576,0.06563111753099632,0.06563111753099632,0.3133737851918033,0.019286982011550602,0.019286982011550602,0.3032288,0.029431971674942048,0.029431971674942048
242,"C/ RAMON ALBÓ, 1",el Congrés i els Indians,0.3213547490766155,0.2905984510990342,0.03075629797758128,0.03075629797758128,0.28795764459296697,0.03339710448364852,0.03339710448364852,0.2335078419854087,0.0878469070912068,0.0878469070912068,0.24559631467609036,0.07575843440052513,0.07575843440052513,0.23604923,0.08530551420951954,0.08530551420951954
243,"C/ ALEXANDRE GALÍ, 1-5",el Congrés i els Indians,0.3182756937403777,0.32894004559139756,-0.010664351851019882,0.010664351851019882,0.3191011363346796,-0.0008254425943019505,0.0008254425943019505,0.2668535425405489,0.05142215119982879,0.05142215119982879,0.2615626170078814,0.05671307673249626,0.05671307673249626,0.27960464,0.038671050157079945,0.038671050157079945
244,"C/ FELIP II, 214",el Congrés i els Indians,0.3038825002846408,0.31777448776487716,-0.013891987480236345,0.013891987480236345,0.32007170714467054,-0.016189206860029726,0.016189206860029726,0.25685650243757846,0.04702599784706235,0.04702599784706235,0.301986181757152,0.0018963185274888383,0.0018963185274888383,0.2817977,0.022084793203799746,0.022084793203799746
246," C/ GARCILASO, 56",la Sagrera,0.3915492770395201,0.4030655466399905,-0.011516269600470419,0.011516269600470419,0.36390281727789253,0.02764645976162755,0.02764645976162755,0.3523934288636664,0.03915584817585366,0.03915584817585366,0.3927396130015952,-0.0011903359620751286,0.0011903359620751286,0.38090062,0.010648655625335512,0.010648655625335512
247,"C/ FELIPE II, 112",la Sagrera,0.3848948953174246,0.30934018120626355,0.07555471411116105,0.07555471411116105,0.3556316326066193,0.029263262710805316,0.029263262710805316,0.34077335971991357,0.04412153559751103,0.04412153559751103,0.33016669989850694,0.05472819541891766,0.05472819541891766,0.3310003,0.053894597055782145,0.053894597055782145
248,"C/ PALÈNCIA, 31",la Sagrera,0.3004958567395229,0.3834902925553354,-0.0829944358158125,0.0829944358158125,0.37989890961289297,-0.07940305287337007,0.07940305287337007,0.3596286321735071,-0.05913277543398421,0.05913277543398421,0.37846971002198204,-0.07797385328245915,0.07797385328245915,0.3752927,-0.07479683186864666,0.07479683186864666
249,"C/ ANTILLES, 8",la Sagrera,0.3696855046499876,0.36984299097586476,-0.00015748632587714306,0.00015748632587714306,0.34403580894828195,0.025649695701705666,0.025649695701705666,0.27845048802466643,0.09123501662532119,0.09123501662532119,0.2816544373973685,0.08803106725261911,0.08803106725261911,0.28112373,0.08856177708994428,0.08856177708994428
25,"C/ BRUC, 102",la Dreta de l'Eixample,0.1086006104593465,0.32172036817125005,-0.21311975771190356,0.21311975771190356,0.3402755493340403,-0.23167493887469381,0.23167493887469381,0.2388000797599392,-0.13019946930059267,0.13019946930059267,0.24178567784342522,-0.1331850673840787,0.1331850673840787,0.2236219,-0.1150212943906596,0.1150212943906596
250,"C/ PORTUGAL, 3",la Sagrera,0.4643816867791631,0.34073226521955885,0.12364942155960423,0.12364942155960423,0.372681592360332,0.09170009441883109,0.09170009441883109,0.4066077762921055,0.0577739104870576,0.0577739104870576,0.40359736214874375,0.06078432463041933,0.06078432463041933,0.40497044,0.05941124949087878,0.05941124949087878
251,"C/ CARDENAL TEDESCHINI, 13",la Sagrera,0.2585872231262302,0.3592615843745699,-0.10067436124833967,0.10067436124833967,0.3268495736120745,-0.06826235048584428,0.06826235048584428,0.24376754878804524,0.014819674338184985,0.014819674338184985,0.2704230853952903,-0.011835862269060082,0.011835862269060082,0.2675261,-0.008938867018880858,0.008938867018880858
252,"RAMBLA DE L'ONZE DE SETEMBRE, 31",Sant Andreu,0.4476068463667111,0.33595148888822385,0.11165535747848726,0.11165535747848726,0.3668055917522813,0.08080125461442983,0.08080125461442983,0.3808021927982445,0.0668046535684666,0.0668046535684666,0.3529177866414567,0.09468905972525443,0.09468905972525443,0.39260218,0.05500467089254424,0.05500467089254424
253,"C/ ONZE DE SETEMBRE, 37-39",Sant Andreu,0.4195571232608269,0.35604271021679607,0.06351441304403083,0.06351441304403083,0.36328203142862225,0.05627509183220464,0.05627509183220464,0.4134875694926268,0.006069553768200064,0.006069553768200064,0.38672701419277944,0.03283010906804745,0.03283010906804745,0.40573442,0.01382270343813402,0.01382270343813402
254,"RAMBLA DE L'ONZE DE SETEMBRE, 69",Sant Andreu,0.4941718376260963,0.3792593647184697,0.11491247290762657,0.11491247290762657,0.36069111016564137,0.13348072746045492,0.13348072746045492,0.312313504242528,0.18185833338356827,0.18185833338356827,0.3463333158629806,0.14783852176311568,0.14783852176311568,0.35068336,0.1434884763342109,0.1434884763342109
255,"C/ IRLANDA, 34",Sant Andreu,0.3025265607988887,0.3234912564657245,-0.020964695666835842,0.020964695666835842,0.34754423721062533,-0.04501767641173665,0.04501767641173665,0.3515094647959085,-0.04898290399701982,0.04898290399701982,0.346987481055623,-0.044460920256734315,0.044460920256734315,0.36888686,-0.0663602974259801,0.0663602974259801
256,"C/ MALATS, 28-30",Sant Andreu,0.2702475205680153,0.3334168375110734,-0.06316931694305811,0.06316931694305811,0.3672336932259444,-0.09698617265792908,0.09698617265792908,0.3697599088853148,-0.09951238831729947,0.09951238831729947,0.33651204626236186,-0.06626452569434654,0.06626452569434654,0.32801864,-0.057771114943382995,0.057771114943382995
257,"C/ SANT ADRIÀ, 2-8",Sant Andreu,0.2830908085302165,0.34450466315165174,-0.06141385462143523,0.06141385462143523,0.37010124550418694,-0.08701043697397043,0.08701043697397043,0.36498560636137894,-0.08189479783116244,0.08189479783116244,0.3592737015171758,-0.0761828929869593,0.0761828929869593,0.35827374,-0.07518293605291337,0.07518293605291337
258,"C/ FERNANDO PESSOA, 41",Sant Andreu,0.162221721383317,0.36584880745173515,-0.20362708606841814,0.20362708606841814,0.385365362701923,-0.223143641318606,0.223143641318606,0.3093375895746238,-0.14711586819130681,0.14711586819130681,0.2913930142955849,-0.1291712929122679,0.1291712929122679,0.2898901,-0.1276683891093893,0.1276683891093893
259,"C/ DE BARTRINA, 14",Sant Andreu,0.3234120228502251,0.3286973226051285,-0.005285299754903439,0.005285299754903439,0.34365484665667495,-0.020242823806449872,0.020242823806449872,0.3081608141934732,0.015251208656751891,0.015251208656751891,0.33526531407341625,-0.011853291223191176,0.011853291223191176,0.32269242,0.0007195987913108937,0.0007195987913108937
26,"C/ DOS DE MAIG, 230-232",el Camp de l'Arpa del Clot,0.4332369109783738,0.35832513959105294,0.07491177138732086,0.07491177138732086,0.35290090894407045,0.08033600203430336,0.08033600203430336,0.2862359286566622,0.1470009823217116,0.1470009823217116,0.28543022302724946,0.14780668795112434,0.14780668795112434,0.30932972,0.12390719262700967,0.12390719262700967
260,"CARRER DEL CINCA, 7",Sant Andreu,0.2675337572813913,0.35963476269303524,-0.09210100541164395,0.09210100541164395,0.37368330522059207,-0.10614954793920078,0.10614954793920078,0.3659618846200835,-0.09842812733869222,0.09842812733869222,0.31692510495992743,-0.049391347678536146,0.049391347678536146,0.34355736,-0.07602360050669466,0.07602360050669466
261,"C/ VILLARROEL, 39",Sant Antoni,0.3181895093062605,0.2979219995078766,0.020267509798383876,0.020267509798383876,0.36445316018918195,-0.04626365088292145,0.04626365088292145,0.34869417950756454,-0.03050467020130404,0.03050467020130404,0.35687674369986383,-0.03868723439360333,0.03868723439360333,0.33876935,-0.020579837169340698,0.020579837169340698
262,"C/ ENTENÇA, 70",la Nova Esquerra de l'Eixample,0.5180436579501052,0.30262639231209965,0.21541726563800556,0.21541726563800556,0.3661838518514525,0.15185980609865268,0.15185980609865268,0.33569811119665743,0.18234554675344777,0.18234554675344777,0.31319521243082454,0.20484844551928066,0.20484844551928066,0.32690072,0.19114293735379173,0.19114293735379173
263,"PG. TORRAS I BAGES, 29",Sant Andreu,0.2587476045541652,0.36522328809862503,-0.10647568354445985,0.10647568354445985,0.37147533213226974,-0.11272772757810456,0.11272772757810456,0.3720389939418786,-0.11329138938771344,0.11329138938771344,0.40872442891298716,-0.14997682435882198,0.14997682435882198,0.38388357,-0.1251359611101262,0.1251359611101262
264,"C/ FERRAN JUNOY, 10",el Bon Pastor,0.3440549804698621,0.4801701654393339,-0.13611518496947178,0.13611518496947178,0.4246469273127924,-0.0805919468429303,0.0805919468429303,0.4652965248684241,-0.121241544398562,0.121241544398562,0.44515245870521053,-0.10109747823534843,0.10109747823534843,0.40799585,-0.06394086937793148,0.06394086937793148
265,"C/ CASANOVA, 55",l'Antiga Esquerra de l'Eixample,0.259238348556325,0.3250524697981588,-0.06581412124183383,0.06581412124183383,0.3533054690842401,-0.0940671205279151,0.0940671205279151,0.2989622726105332,-0.039723924054208215,0.039723924054208215,0.29237084130270713,-0.033132492746382136,0.033132492746382136,0.29999027,-0.040751918005183185,0.040751918005183185
266,"C/ RIERA D'HORTA, 2",el Congrés i els Indians,0.205013056232421,0.33557026137566426,-0.13055720514324326,0.13055720514324326,0.33956947713609015,-0.13455642090366915,0.13455642090366915,0.3069826062734569,-0.10196955004103592,0.10196955004103592,0.28010913167366697,-0.07509607544124597,0.07509607544124597,0.2942678,-0.08925474719813625,0.08925474719813625
267,"PG. TORRAS I BAGES, 129",Sant Andreu,0.1807439433329565,0.37967716647093497,-0.19893322313797845,0.19893322313797845,0.3853274544651702,-0.20458351113221368,0.20458351113221368,0.379784492843407,-0.19904054951045047,0.19904054951045047,0.3623744481850674,-0.1816305048521109,0.1816305048521109,0.33989015,-0.15914620888300113,0.15914620888300113
268,"C/ FERNANDO PESSOA, 72",Sant Andreu,0.1830077628027847,0.3298184849874524,-0.14681072218466773,0.14681072218466773,0.38362634832140763,-0.20061858551862294,0.20061858551862294,0.33870881711237427,-0.15570105430958958,0.15570105430958958,0.24878078151159186,-0.06577301870880717,0.06577301870880717,0.26938626,-0.08637849889879917,0.08637849889879917
269,"VIA BARCINO, 121",la Trinitat Vella,0.2299019055135866,0.41353745379442586,-0.18363554828083925,0.18363554828083925,0.38545703255009345,-0.15555512703650684,0.15555512703650684,0.3495195770570504,-0.11961767154346378,0.11961767154346378,0.30685706434236826,-0.07695515882878165,0.07695515882878165,0.26784778,-0.03794587089937726,0.03794587089937726
27,"C/ PROVENÇA, 322",la Dreta de l'Eixample,0.0766652979588593,0.15096917355782402,-0.07430387559896472,0.07430387559896472,0.30844329380467317,-0.23177799584581388,0.23177799584581388,0.1651089586810136,-0.0884436607221543,0.0884436607221543,0.1445127032973942,-0.06784740533853491,0.06784740533853491,0.1512026,-0.07453730621575465,0.07453730621575465
270,"CRTA. DE RIBES, 77 (TRINITAT VELLA)",la Trinitat Vella,0.1433244871730676,0.38542914576016396,-0.24210465858709637,0.24210465858709637,0.35766513084479573,-0.21434064367172814,0.21434064367172814,0.3268226649667583,-0.18349817779369074,0.18349817779369074,0.27204993510070774,-0.12872544792764015,0.12872544792764015,0.26330653,-0.11998204115678165,0.11998204115678165
271,"VIA DE BÀRCINO, 54",la Trinitat Vella,0.3909650041629737,0.418568066431627,-0.027603062268653278,0.027603062268653278,0.36164369996066315,0.02932130420231055,0.02932130420231055,0.3572203629385712,0.033744641224402516,0.033744641224402516,0.34252577207056434,0.04843923209240936,0.04843923209240936,0.2994717,0.09149329801101141,0.09149329801101141
272,"C/ CONCEPCIÓ ARENAL, 281",Sant Andreu,0.3648257577070373,0.2747397345737545,0.09008602313328279,0.09008602313328279,0.3359991611038044,0.02882659660323289,0.02882659660323289,0.28737181128285094,0.07745394642418635,0.07745394642418635,0.27921706501076565,0.08560869269627164,0.08560869269627164,0.2648616,0.0999641441949981,0.0999641441949981
273,"AV. MERIDIANA, 404",Sant Andreu,0.292386211782132,0.29191194672751297,0.00047426505461900526,0.00047426505461900526,0.3356844681246231,-0.043298256342491126,0.043298256342491126,0.2729388545204026,0.01944735726172936,0.01944735726172936,0.2878392814893183,0.004546930292813667,0.004546930292813667,0.2570875,0.03529871287885744,0.03529871287885744
274,"RAMBLA FABRA I PUIG, 67",Sant Andreu,0.2614227076468583,0.2844830238543265,-0.02306031620746818,0.02306031620746818,0.34044316383079093,-0.07902045618393261,0.07902045618393261,0.3194108542102656,-0.05798814656340728,0.05798814656340728,0.3277618329716144,-0.06633912532475605,0.06633912532475605,0.30943903,-0.04801632562302388,0.04801632562302388
275,"AV. RIO DE JANEIRO, 3",Porta,0.1455210211902615,0.31091532515564935,-0.16539430396538785,0.16539430396538785,0.33306969156314875,-0.18754867037288725,0.18754867037288725,0.28106951805944536,-0.13554849686918385,0.13554849686918385,0.2979109280833494,-0.1523899068930879,0.1523899068930879,0.28782967,-0.1423086461395267,0.1423086461395267
276,PLAÇA ALFONS X EL SAVI / RONDA DEL GUIN,el Baix Guinardó,0.1836343115124153,0.20834507251823053,-0.024710761005815235,0.024710761005815235,0.17648242144594703,0.007151890066468269,0.007151890066468269,0.18223394858056075,0.001400362931854554,0.001400362931854554,0.19234031065637164,-0.008705999143956339,0.008705999143956339,0.2163466,-0.032712295099790206,0.032712295099790206
277,"TRAVESSERA DE GRÀCIA, 328",el Baix Guinardó,0.2209522854684144,0.23182149072015584,-0.010869205251741454,0.010869205251741454,0.2669202431685487,-0.04596795770013429,0.04596795770013429,0.21055181545905025,0.010400470009364143,0.010400470009364143,0.20901994929268408,0.011932336175730307,0.011932336175730307,0.21411918,0.006833104431465231,0.006833104431465231
278,"TRAVESSERA DE GRÀCIA, 368",el Baix Guinardó,0.2534333024064461,0.25538776758893,-0.0019544651824838777,0.0019544651824838777,0.2550328502265471,-0.001599547820100966,0.001599547820100966,0.185161769572024,0.06827153283442214,0.06827153283442214,0.24702914190187972,0.0064041605045664085,0.0064041605045664085,0.24697123,0.006462067727224019,0.006462067727224019
279,"C/ MAS CASANOVAS, 137",el Guinardó,0.2795812042881475,0.2428858938321546,0.03669531045599289,0.03669531045599289,0.2350661786436936,0.044515025644453865,0.044515025644453865,0.20344960380830443,0.07613160047984305,0.07613160047984305,0.23810900137896165,0.041472202909185824,0.041472202909185824,0.22503325,0.05454795085682729,0.05454795085682729
28,"C/ SARDENYA, 362",la Sagrada Família,0.2520607328948492,0.317113013329685,-0.0650522804348358,0.0650522804348358,0.29985370042001075,-0.047792967525161545,0.047792967525161545,0.21956924451925583,0.032491488375593375,0.032491488375593375,0.2218280019774741,0.030232730917375106,0.030232730917375106,0.266135,-0.014074274248171426,0.014074274248171426
280,"C/ SANT ANTONI Mª CLARET, 290-296",el Guinardó,0.315645583784746,0.2760734440606689,0.03957213972407708,0.03957213972407708,0.2927842132149984,0.022861370569747574,0.022861370569747574,0.2506265364716271,0.06501904731311892,0.06501904731311892,0.2562669236597785,0.05937866012496751,0.05937866012496751,0.26297057,0.052675017035173244,0.052675017035173244
281,"C/ D'ESCORNALBOU, 51",el Guinardó,0.2925877885555305,0.2375359414489924,0.055051847106538127,0.055051847106538127,0.23871078262135317,0.05387700593417735,0.05387700593417735,0.23342382766232098,0.05916396089320955,0.05916396089320955,0.23723788761232123,0.055349900943209296,0.055349900943209296,0.23666592,0.05592186913242719,0.05592186913242719
282,"PG. FONT D´EN- FARGAS, 1",la Font d'en Fargues,0.1479807112718505,0.15271229083717414,-0.004731579565323635,0.004731579565323635,0.22687613612826235,-0.07889542485641185,0.07889542485641185,0.1781423426692098,-0.030161631397359306,0.030161631397359306,0.1586341622147596,-0.010653450942909093,0.010653450942909093,0.17875603,-0.03077531714192208,0.03077531714192208
283,"C/ FULTON, 1",Horta,0.2924259488681157,0.15694078651302068,0.135485162355095,0.135485162355095,0.23085427837273137,0.06157167049538431,0.06157167049538431,0.18415429584507348,0.1082716530230422,0.1082716530230422,0.20986903953540043,0.08255690933271526,0.08255690933271526,0.15718901,0.13523693729432418,0.13523693729432418
284,"AV. DIAGONAL, 652",les Corts,0.1501315295001878,0.21014226165379782,-0.060010732153610025,0.060010732153610025,0.23948559398121377,-0.08935406448102598,0.08935406448102598,0.19746582675726973,-0.047334297257081936,0.047334297257081936,0.17951061755575773,-0.029379088055569935,0.029379088055569935,0.1956786,-0.04554707712918385,0.04554707712918385
285,"C/ MALATS, 98-100",Sant Andreu,0.2787318268905669,0.33931107903540403,-0.060579252144837115,0.060579252144837115,0.33951211594556235,-0.06078028905499544,0.06078028905499544,0.2995555566037467,-0.020823729713179806,0.020823729713179806,0.3672116127380609,-0.088479785847494,0.088479785847494,0.3123373,-0.03360548223151866,0.03360548223151866
286,"C/ BOLÍVIA, 76",el Parc i la Llacuna del Poblenou,0.4818270303634593,0.5568910532308593,-0.0750640228674,0.0750640228674,0.447688471224181,0.034138559139278324,0.034138559139278324,0.5521193783598751,-0.07029234799641582,0.07029234799641582,0.5493552002162994,-0.06752816985284005,0.06752816985284005,0.5469065,-0.0650794408889821,0.0650794408889821
287,"Mercado Time Out GRAN VIA , 632",la Dreta de l'Eixample,0.2970915492957746,0.3403664595558263,-0.0432749102600517,0.0432749102600517,0.34871460309653207,-0.05162305380075749,0.05162305380075749,0.3082767878529112,-0.011185238557136601,0.011185238557136601,0.3191993711947528,-0.022107821898978197,0.022107821898978197,0.28865016,0.008441394228330734,0.008441394228330734
288,PL. VIRREI AMAT,Vilapicina i la Torre Llobeta,0.2955259524346258,0.26935981702049655,0.026166135414129266,0.026166135414129266,0.2891016921172907,0.006424260317335118,0.006424260317335118,0.21692128261520768,0.07860466981941813,0.07860466981941813,0.2511515560037307,0.044374396430895136,0.044374396430895136,0.22899967,0.06652627811440487,0.06652627811440487
289,"C/ MÚRCIA, 64",Navas,0.3939824932644164,0.38898531393678426,0.004997179327632162,0.004997179327632162,0.39631942238074386,-0.0023369291163274353,0.0023369291163274353,0.41195456158233595,-0.017972068317919532,0.017972068317919532,0.41483736124718285,-0.020854867982766423,0.020854867982766423,0.42336577,-0.029383278506060873,0.029383278506060873
29,"C/ PROVENÇA, 388-390",la Dreta de l'Eixample,0.2033502771512859,0.2718432688480077,-0.0684929916967218,0.0684929916967218,0.3221133315564838,-0.11876305440519791,0.11876305440519791,0.1975252878593796,0.005824989291906307,0.005824989291906307,0.1722739678418531,0.03107630930943281,0.03107630930943281,0.16347538,0.03987489780348469,0.03987489780348469
290,"PL. DELS JARDINS D'ALFÀBIA, 1",Porta,0.1425316438927783,0.317274911446073,-0.1747432675532947,0.1747432675532947,0.26765404087871714,-0.12512239698593883,0.12512239698593883,0.21934922078700106,-0.07681757689422275,0.07681757689422275,0.19897063302247925,-0.05643898912970094,0.05643898912970094,0.19156331,-0.049031664346204845,0.049031664346204845
291,"C/ CUBELLES, 2",Vilapicina i la Torre Llobeta,0.1673089756423089,0.331066203633791,-0.16375722799148212,0.16375722799148212,0.2909997860141103,-0.12369081037180141,0.12369081037180141,0.21277280540011936,-0.045463829757810464,0.045463829757810464,0.22073274458266698,-0.05342376894035808,0.05342376894035808,0.22148569,-0.0541767136401084,0.0541767136401084
292,"C/ AMILCAR, 1",Vilapicina i la Torre Llobeta,0.2904037558685446,0.3070084893136984,-0.016604733445153785,0.016604733445153785,0.2741234011245077,0.016280354744036885,0.016280354744036885,0.22996887692205722,0.060434878946487386,0.060434878946487386,0.23062130478549334,0.059782451083051275,0.059782451083051275,0.27906716,0.011336597169508966,0.011336597169508966
293,"C/ GRANOLLERS, 1",Horta,0.2048385565052231,0.19395408569448716,0.01088447081073593,0.01088447081073593,0.22731993504700718,-0.022481378541784086,0.022481378541784086,0.22699613702039576,-0.022157580515172665,0.022157580515172665,0.23122055335401073,-0.026381996848787642,0.026381996848787642,0.23219565,-0.027357089065531914,0.027357089065531914
294,SEU DEL DISTRICTE (NOU BARRIS),la Guineueta,0.1491991512693405,0.1433481899007996,0.005850961368540908,0.005850961368540908,0.24889874910801157,-0.09969959783867108,0.09969959783867108,0.18048499497348477,-0.03128584370414428,0.03128584370414428,0.18528749466957511,-0.03608834340023462,0.03608834340023462,0.15635058,-0.007151431568717975,0.007151431568717975
295,"C/ SANT ISCLE, 60",el Turó de la Peira,0.1783043746766144,0.27840823476760745,-0.10010386009099306,0.10010386009099306,0.2712788372013908,-0.0929744625247764,0.0929744625247764,0.19743863514985696,-0.01913426047324257,0.01913426047324257,0.18238838467375984,-0.004084009997145449,0.004084009997145449,0.1732645,0.005039871197610485,0.005039871197610485
296,"C/ DE ROSSELLÓ I PORCEL, 1 | AV. MERIDIANA",Porta,0.2178874674516019,0.35725752422992496,-0.13937005677832306,0.13937005677832306,0.3443151517979475,-0.12642768434634563,0.12642768434634563,0.3459848551690159,-0.128097387717414,0.128097387717414,0.302858951343122,-0.08497148389152012,0.08497148389152012,0.35732406,-0.1394365963263217,0.1394365963263217
297,"C/ TURÓ BLAU, 1-3",la Prosperitat,0.2082156042796865,0.278711358996494,-0.07049575471680752,0.07049575471680752,0.27464150237772655,-0.06642589809804006,0.06642589809804006,0.2062743379693751,0.0019412663103113847,0.0019412663103113847,0.19776904677397023,0.01044655750571627,0.01044655750571627,0.18209207,0.026123533700157686,0.026123533700157686
298,"C/ ANDREU NIN, 22",Porta,0.2956286615592609,0.3093782960509918,-0.013749634491730944,0.013749634491730944,0.3503900493035566,-0.05476138774429573,0.05476138774429573,0.32637295135384076,-0.030744289794579882,0.030744289794579882,0.305618386630102,-0.009989725070841116,0.009989725070841116,0.33480152,-0.03917286331828734,0.03917286331828734
299,"C/ DE L'ESCULTOR ORDÓÑEZ, 55",Porta,0.2368082690445179,0.4649948467973133,-0.22818657775279538,0.22818657775279538,0.4423856683254235,-0.20557739928090557,0.20557739928090557,0.2346892045937316,0.002119064450786301,0.002119064450786301,0.2420588178152226,-0.005250548770704688,0.005250548770704688,0.25553,-0.018721730688453286,0.018721730688453286
3," C/ NÀPOLS, 82",el Fort Pienc,0.3911426639621366,0.46798129255603493,-0.07683862859389834,0.07683862859389834,0.4702140903910126,-0.07907142642887599,0.07907142642887599,0.4141334354927718,-0.022990771530635223,0.022990771530635223,0.395794140560453,-0.004651476598316384,0.004651476598316384,0.3867052,0.0044374740188229955,0.0044374740188229955
30,"C/ CASTILLEJOS, 180",la Sagrada Família,0.2641778623231482,0.36728060813362134,-0.10310274581047313,0.10310274581047313,0.3881814876092621,-0.12400362528611386,0.12400362528611386,0.3864053069678621,-0.12222744464471391,0.12222744464471391,0.3851443196774975,-0.1209664573543493,0.1209664573543493,0.37708575,-0.11290788301147703,0.11290788301147703
300,"C/ DE MALADETA, 1",Porta,0.2928108994828255,0.3324583937469737,-0.03964749426414821,0.03964749426414821,0.30599185816331137,-0.013180958680485855,0.013180958680485855,0.25511825776074365,0.037692641722081865,0.037692641722081865,0.23712713861801646,0.055683760864809057,0.055683760864809057,0.2487392,0.04407170163259816,0.04407170163259816
301,"C/ MARIE CURIE, 8-14",la Guineueta,0.1521664747216797,0.13258508661367774,0.019581388108001974,0.019581388108001974,0.24816602362026527,-0.09599954889858556,0.09599954889858556,0.18178295801243533,-0.029616483290755613,0.029616483290755613,0.21209312222190607,-0.05992664750022636,0.05992664750022636,0.16399457,-0.011828090884437537,0.011828090884437537
302,"C/ CAVALLERS, 41",Pedralbes,0.2177622430187544,0.13177090398883365,0.08599133902992076,0.08599133902992076,0.14255573406128863,0.07520650895746578,0.07520650895746578,0.19849943547574792,0.019262807543006494,0.019262807543006494,0.21309209133842083,0.0046701516803335785,0.0046701516803335785,0.22051227,-0.0027500279086747903,0.0027500279086747903
303,"C/ CAVALLERS, 67",Pedralbes,0.1803807639488919,0.20927235439127373,-0.02889159044238182,0.02889159044238182,0.14092246628909535,0.039458297659796554,0.039458297659796554,0.16916223918487464,0.011218524764017274,0.011218524764017274,0.1817127159162873,-0.001331951967395384,0.001331951967395384,0.14782013,0.03256063395831421,0.03256063395831421
304,"PG. MANUEL GIRONA, 7",Sarrià,0.2107648970747562,0.23580174128864256,-0.025036844213886356,0.025036844213886356,0.1996089201554791,0.01115597691927711,0.01115597691927711,0.15421500237450753,0.05654989470024868,0.05654989470024868,0.1514981866763383,0.05926671039841791,0.05926671039841791,0.15524656,0.05551834126954991,0.05551834126954991
305,"AV. DIAGONAL, 680",Pedralbes,0.1830818988002086,0.2536474412730262,-0.0705655424728176,0.0705655424728176,0.2409520780625345,-0.057870179262325905,0.057870179262325905,0.17062220214531293,0.012459696654895658,0.012459696654895658,0.18396500874059657,-0.0008831099403879827,0.0008831099403879827,0.19376871,-0.010686811097786408,0.010686811097786408
306,"C/ DOCTOR SALVADOR CARDENAL, 1-5",la Maternitat i Sant Ramon,0.1512020133723987,0.17160244568149732,-0.02040043230909863,0.02040043230909863,0.26215510363007566,-0.11095309025767697,0.11095309025767697,0.18525956639209615,-0.034057553019697456,0.034057553019697456,0.19109344261166564,-0.039891429239266946,0.039891429239266946,0.18092847,-0.02972645533182494,0.02972645533182494
307,C/ PINTOR RIBALTA | AV. XILE,la Maternitat i Sant Ramon,0.1665820929183581,0.21744206616989697,-0.050859973251538876,0.050859973251538876,0.28120153642954654,-0.11461944351118844,0.11461944351118844,0.18650083285955055,-0.019918739941192448,0.019918739941192448,0.2083429450383139,-0.04176085211995581,0.04176085211995581,0.18508264,-0.01850055130580877,0.01850055130580877
308,"C/ CARDENAL REIG, 11",la Maternitat i Sant Ramon,0.2225709939574246,0.2543337150340922,-0.03176272107666758,0.03176272107666758,0.2733176749948248,-0.05074668103740018,0.05074668103740018,0.18846928453330333,0.034101709424121274,0.034101709424121274,0.19589335678425418,0.026677637173170426,0.026677637173170426,0.2079463,0.01462469345083281,0.01462469345083281
309,"C/ SANT RAMON NONAT,  26",la Maternitat i Sant Ramon,0.2981195826315573,0.35460015848810467,-0.056480575856547366,0.056480575856547366,0.3082356539529104,-0.010116071321353115,0.010116071321353115,0.2362650081177954,0.06185457451376189,0.06185457451376189,0.22719207493908988,0.07092750769246742,0.07092750769246742,0.22831097,0.0698086101793936,0.0698086101793936
31,PL. DEL MAR,la Barceloneta,0.6623979770667467,0.6234799696645769,0.038918007402169885,0.038918007402169885,0.44902205797112893,0.21337591909561782,0.21337591909561782,0.6124888083567172,0.049909168710029594,0.049909168710029594,0.6738743219988624,-0.01147634493211569,0.01147634493211569,0.65927446,0.003123518181553875,0.003123518181553875
310,C/ JOSEP SAMITIER | AV. JOAN XXIII,la Maternitat i Sant Ramon,0.2133420213943502,0.28195691532559725,-0.06861489393124703,0.06861489393124703,0.3088753091665005,-0.09553328777215031,0.09553328777215031,0.2240205150561573,-0.010678493661807092,0.010678493661807092,0.23875329771878429,-0.025411276324434073,0.025411276324434073,0.2598347,-0.046492685388944466,0.046492685388944466
311,"C/ GALLEGO, 2",la Maternitat i Sant Ramon,0.2245440872344425,0.3030967205696117,-0.07855263333516918,0.07855263333516918,0.31531291159807945,-0.09076882436363695,0.09076882436363695,0.20863987638459794,0.015904210849844558,0.015904210849844558,0.21231353890480473,0.01223054832963777,0.01223054832963777,0.19912806,0.025416025701468253,0.025416025701468253
312,"C/ ARIZALA, 77",la Maternitat i Sant Ramon,0.2479489973571813,0.3401863812914436,-0.09223738393426228,0.09223738393426228,0.325944494682432,-0.07799549732525068,0.07799549732525068,0.24535720107119646,0.0025917962859848265,0.0025917962859848265,0.22988462029061238,0.01806437706656891,0.01806437706656891,0.25034064,-0.0023916431877100686,0.0023916431877100686
313,"C/ FELIU DE CASANOVA, 1",Sants - Badal,0.336920587754848,0.3546711322355109,-0.017750544480662878,0.017750544480662878,0.3570203273586492,-0.02009973960380118,0.02009973960380118,0.3552279405972435,-0.018307352842395486,0.018307352842395486,0.3664977543684363,-0.02957716661358828,0.02957716661358828,0.37344563,-0.03652504231869935,0.03652504231869935
314,"RAMBLA DEL BRASIL, 44",Sants,0.2596576191012501,0.36750253565996227,-0.10784491655871214,0.10784491655871214,0.3334247441424858,-0.07376712504123567,0.07376712504123567,0.3127062411108361,-0.05304862200958599,0.05304862200958599,0.3233733286645536,-0.06371570956330347,0.06371570956330347,0.33204454,-0.07238692273453479,0.07238692273453479
315,"C/ DEL GUINARDÓ, 32-38",el Camp de l'Arpa del Clot,0.3324659944790546,0.2842094979245019,0.04825649655455272,0.04825649655455272,0.3299373039749082,0.0025286905041463914,0.0025286905041463914,0.25084811327357015,0.08161788120548447,0.08161788120548447,0.2747787770270884,0.0576872174519662,0.0576872174519662,0.25682178,0.07564421308218877,0.07564421308218877
316,"C/ CANTÀBRIA, 55",la Verneda i la Pau,0.5075441954734827,0.4321635710095713,0.07538062446391142,0.07538062446391142,0.4143837909599119,0.09316040451357083,0.09316040451357083,0.5116238789567042,-0.004079683483221519,0.004079683483221519,0.505097764785541,0.002446430687941703,0.002446430687941703,0.55050313,-0.0429589392539953,0.0429589392539953
318,"C/ CASTILLEJOS, 388",el Baix Guinardó,0.1534616469261139,0.19065990801978597,-0.03719826109367208,0.03719826109367208,0.2246795214249695,-0.07121787449885561,0.07121787449885561,0.22268048531401502,-0.06921883838790113,0.06921883838790113,0.2306834782280812,-0.0772218313019673,0.0772218313019673,0.2383909,-0.08492924581795044,0.08492924581795044
319,"C/ SAGUÉS, 1",Sant Gervasi - Galvany,0.1127480160541663,0.1649012391878927,-0.052153223133726404,0.052153223133726404,0.2660119195889874,-0.1532639035348211,0.1532639035348211,0.16142381961639762,-0.04867580356223132,0.04867580356223132,0.12439061411626048,-0.011642598062094181,0.011642598062094181,0.13111675,-0.018368731801973834,0.018368731801973834
32,LA BARCELONETA (CN BARCELONETA),la Barceloneta,0.5786310194878402,0.5483468452305567,0.03028417425728358,0.03028417425728358,0.4437844252646916,0.13484659422314865,0.13484659422314865,0.586462109393985,-0.007831089906144784,0.007831089906144784,0.565565504537423,0.01306551495041719,0.01306551495041719,0.6213756,-0.042744600877302585,0.042744600877302585
320,"C/ MADRAZO, 39",Sant Gervasi - Galvany,0.0888052838391438,0.17025775127702655,-0.08145246743788276,0.08145246743788276,0.23464628434018125,-0.14584100050103746,0.14584100050103746,0.15216827771671543,-0.06336299387757163,0.06336299387757163,0.1474636604688858,-0.05865837662974199,0.05865837662974199,0.15749325,-0.0686879647427425,0.0686879647427425
321,"C/ SANT HERMENEGILD, 30",el Putxet i el Farró,0.1754454138253777,0.12971262106717396,0.045732792758203744,0.045732792758203744,0.1882416440140596,-0.012796230188681895,0.012796230188681895,0.15230444685648917,0.023140966968888538,0.023140966968888538,0.1394377467138847,0.036007667111493,0.036007667111493,0.14149065,0.03395476066814351,0.03395476066814351
322,"C/ SANTALÓ, 165",Sant Gervasi - Galvany,0.159474257454888,0.11508777080968513,0.044386486645202866,0.044386486645202866,0.12349354991856332,0.03598070753632468,0.03598070753632468,0.12583422600211575,0.03364003145277225,0.03364003145277225,0.16372963216568653,-0.004255374710798537,0.004255374710798537,0.1360632,0.023411054239288936,0.023411054239288936
323,"C/ VALLMAJOR, 13",Sant Gervasi - Galvany,0.1192919996465048,0.15969422068426922,-0.04040222103776442,0.04040222103776442,0.1675791142239077,-0.048287114577402895,0.048287114577402895,0.1585573423358152,-0.039265342689310395,0.039265342689310395,0.1461039971089287,-0.02681199746242391,0.02681199746242391,0.16396263,-0.04467063277117403,0.04467063277117403
324,"C/ REINA VICTORIA, 31",Sant Gervasi - Galvany,0.1799276937835924,0.0993403283311283,0.08058736545246412,0.08058736545246412,0.16686510617756262,0.013062587606029796,0.013062587606029796,0.16844029918330708,0.011487394600285333,0.011487394600285333,0.12526731462833673,0.05466037915525568,0.05466037915525568,0.15173475,0.028192939340423773,0.028192939340423773
325,"C/ ALT DE GIRONELLA, 13",les Tres Torres,0.1264166494951576,0.26640028700739676,-0.13998363751223916,0.13998363751223916,0.1988527414442099,-0.07243609194905229,0.07243609194905229,0.16207628275587727,-0.035659633260719664,0.035659633260719664,0.15902568476128212,-0.03260903526612452,0.03260903526612452,0.15471445,-0.02829780074497759,0.02829780074497759
326,"C/ BALMES, 409",Sant Gervasi - la Bonanova,0.0714637509850275,0.014027018768246025,0.05743673221678147,0.05743673221678147,0.08849709290170751,-0.017033341916680017,0.017033341916680017,0.1425148561185626,-0.0710511051335351,0.0710511051335351,0.13796665177972636,-0.06650290079469887,0.06650290079469887,0.1511675,-0.07970374605381375,0.07970374605381375
327,"C/ REUS, 23",Sant Gervasi - la Bonanova,0.1110985957798302,0.04141066756988915,0.06968792820994105,0.06968792820994105,0.10637669007068035,0.004721905709149848,0.004721905709149848,0.1447008013644699,-0.033602205584639694,0.033602205584639694,0.12235046185374492,-0.01125186607391472,0.01125186607391472,0.1385794,-0.027480802613800787,0.027480802613800787
328,"C/ ARTESA DE SEGRE, 2",Sant Gervasi - la Bonanova,0.1087910329611102,0.08808016659453433,0.020710866366575875,0.020710866366575875,0.13559506888897643,-0.026804035927866232,0.026804035927866232,0.15103564722705257,-0.042244614265942365,0.042244614265942365,0.14679162323760397,-0.03800059027649377,0.03800059027649377,0.13064945,-0.021858414479990873,0.021858414479990873
329,"C/ DE LES ESCOLES PIES, 99",les Tres Torres,0.1723109449918828,0.028483785120479388,0.1438271598714034,0.1438271598714034,0.08605470311170804,0.08625624188017475,0.08625624188017475,0.12667585197770934,0.045635093014173456,0.045635093014173456,0.1553725306682865,0.0169384143235963,0.0169384143235963,0.13428888,0.038022067743118754,0.038022067743118754
33,"C/ PONTEVEDRA, 58B | C/ JUDICI",la Barceloneta,0.708382925338566,0.588898651798532,0.11948427354003399,0.11948427354003399,0.44194096749036893,0.266441957848197,0.266441957848197,0.6405096622183334,0.06787326312023256,0.06787326312023256,0.7002922838651978,0.008090641473368132,0.008090641473368132,0.66961086,0.03877206737500394,0.03877206737500394
330,"C/ PAU ALCOVER, 94",les Tres Torres,0.1264437155173497,0.12510276663777664,0.0013409488795730617,0.0013409488795730617,0.1185298482305853,0.007913867286764409,0.007913867286764409,0.15553342181917854,-0.029089706301828833,0.029089706301828833,0.16292805761106427,-0.03648434209371457,0.03648434209371457,0.14370702,-0.017263306553535,0.017263306553535
331,"C/ CASTELLNOU, 65",les Tres Torres,0.1248431823884276,0.11748765264980221,0.0073555297386253965,0.0073555297386253965,0.16167615924947498,-0.036832976861047376,0.036832976861047376,0.1408595811671239,-0.016016398778696303,0.016016398778696303,0.14609147928851432,-0.021248296900086713,0.021248296900086713,0.12547451,-0.0006313301886292783,0.0006313301886292783
332,"C/ DOCTOR ROUX, 86",les Tres Torres,0.1772624216717282,0.07475265423889904,0.10250976743282916,0.10250976743282916,0.13083374902911557,0.046428672642612634,0.046428672642612634,0.14327288372450656,0.03398953794722165,0.03398953794722165,0.17026369417151493,0.00699872750021327,0.00699872750021327,0.15082923,0.026433195893148492,0.026433195893148492
333,"PASSATGE DE SENILLOSA, 3-5",Sarrià,0.1101874838051773,0.14873803365972882,-0.038550549854551516,0.038550549854551516,0.16890324648558477,-0.05871576268040747,0.05871576268040747,0.15254951864673283,-0.042362034841555526,0.042362034841555526,0.1900389495520153,-0.079851465746838,0.079851465746838,0.15895064,-0.048763157946112065,0.048763157946112065
334,"PG. BONANOVA, 100",Sarrià,0.1507349117759212,0.09941788385876335,0.05131702791715784,0.05131702791715784,0.10931028002225979,0.0414246317536614,0.0414246317536614,0.1401220255070982,0.01061288626882298,0.01061288626882298,0.14573016610868902,0.005004745667232163,0.005004745667232163,0.14497803,0.005756880259846053,0.005756880259846053
335,"C/ SANTA AMÈLIA, 2",Sarrià,0.1479504758598744,0.23830149188412503,-0.09035101602425064,0.09035101602425064,0.18205973223916747,-0.034109256379293074,0.034109256379293074,0.1774171553085696,-0.029466679448695215,0.029466679448695215,0.16661363139457505,-0.01866315553470066,0.01866315553470066,0.17646044,-0.028509969067341184,0.028509969067341184
336,"AV. JOSEP VICENÇ FOIX, 52",Sarrià,0.2098454499037743,0.1482848050687169,0.06156064483505738,0.06156064483505738,0.14361777433924683,0.06622767556452747,0.06622767556452747,0.1451673370469597,0.0646781128568146,0.0646781128568146,0.15175604554116623,0.058089404362608066,0.058089404362608066,0.16556667,0.04427878198938373,0.04427878198938373
337,"C/ CARME KARR, 12-14",Sarrià,0.1154615968342407,0.14708296185979242,-0.03162136502555171,0.03162136502555171,0.11948506267398568,-0.004023465839744972,0.004023465839744972,0.10685846901151691,0.008603127822723794,0.008603127822723794,0.11651382021280297,-0.0010522233785622698,0.0010522233785622698,0.12428376,-0.008822163951815815,0.008822163951815815
338,"AV. JOSEP VICENÇ FOIX, 63",Sarrià,0.0945617137625264,0.132801184521639,-0.038239470759112604,0.038239470759112604,0.1273748384580007,-0.032813124695474316,0.032813124695474316,0.14932080744195575,-0.054759093679429355,0.054759093679429355,0.13925688237603243,-0.04469516861350603,0.04469516861350603,0.16076413,-0.06620241420721543,0.06620241420721543
339,"C/ RAMON TURRÓ, 246",el Poblenou,0.7163975798903597,0.4736961312367111,0.24270144865364857,0.24270144865364857,0.43692160591599505,0.27947597397436463,0.27947597397436463,0.6174720337255204,0.09892554616483928,0.09892554616483928,0.6712411704550976,0.04515640943526211,0.04515640943526211,0.6646697,0.05172788737403278,0.05172788737403278
34,"C/ SANT PERE MÉS ALT, 4","Sant Pere, Santa Caterina i la Ribera",0.4647962054827558,0.4560952480233543,0.00870095745940147,0.00870095745940147,0.38856553246935166,0.07623067301340414,0.07623067301340414,0.4443442046289848,0.020452000853771024,0.020452000853771024,0.4514460256547331,0.013350179828022724,0.013350179828022724,0.44370595,0.02109025927570929,0.02109025927570929
340,"C/ SANT ADRIÀ, 113",el Bon Pastor,0.5775350896945133,0.44528926262821805,0.13224582706629523,0.13224582706629523,0.4072695622792807,0.1702655274152326,0.1702655274152326,0.48194556835359526,0.09558952134091803,0.09558952134091803,0.5288639223278742,0.04867116736663912,0.04867116736663912,0.49765304,0.07988205238486668,0.07988205238486668
341,"PG. D'ENRIC SANCHIS, 33",el Bon Pastor,0.4417114988849847,0.5988764569476113,-0.1571649580626266,0.1571649580626266,0.4925675579311276,-0.05085605904614293,0.05085605904614293,0.54508981300753,-0.10337831412254533,0.10337831412254533,0.5771261591776482,-0.13541466029266352,0.13541466029266352,0.57256424,-0.13085274538534003,0.13085274538534003
342,"C/ ROC BORONAT, 134",el Parc i la Llacuna del Poblenou,0.427140336086048,0.4960219701779186,-0.06888163409187059,0.06888163409187059,0.45800453507525385,-0.030864198989205838,0.030864198989205838,0.5221991993578567,-0.09505886327180874,0.09505886327180874,0.5546709239603007,-0.1275305878742527,0.1275305878742527,0.5403369,-0.11319657082389462,0.11319657082389462
343,CAMPANA DE LA MAQUINISTA (SAO PAULO I P,el Bon Pastor,0.5923290284523764,0.4828053108845275,0.10952371756784895,0.10952371756784895,0.4215771423618411,0.17075188609053538,0.17075188609053538,0.4466988220241159,0.14563020642826052,0.14563020642826052,0.44204813689811395,0.1502808915542625,0.1502808915542625,0.4344869,0.1578421326527396,0.1578421326527396
344,"C/ CIUTAT D'ASUNCIÓN, 73 / POTOSÍ",Baró de Viver,0.5166541541541542,0.46517584970470444,0.05147830444944973,0.05147830444944973,0.4107372573165946,0.10591689683755956,0.10591689683755956,0.4913447410645743,0.025309413089579846,0.025309413089579846,0.4908205145931607,0.025833639560993493,0.025833639560993493,0.49225092,0.02440323481211315,0.02440323481211315
345,PL. TERESA DE CLARAMUNT/C/ DELS FERROCA,la Marina de Port,0.4263360072308214,0.3496155077332442,0.0767204994975772,0.0767204994975772,0.38029675568678356,0.04603925154403782,0.04603925154403782,0.4047347073124754,0.021601299918345973,0.021601299918345973,0.39140858832053893,0.03492741891028245,0.03492741891028245,0.37038383,0.05595217835241867,0.05595217835241867
346,"PG. ZONA FRANCA, 182",la Marina de Port,0.4086153189137589,0.4027000517741014,0.00591526713965751,0.00591526713965751,0.41055222052497103,-0.0019369016112121273,0.0019369016112121273,0.4305329759531215,-0.021917657039362604,0.021917657039362604,0.4432667178170722,-0.03465139890331331,0.03465139890331331,0.4582606,-0.049645276884733525,0.049645276884733525
347,"C/ ALTS FORNS, 77",la Marina de Port,0.4914788752256318,0.39556467459414363,0.09591420063148814,0.09591420063148814,0.4185662670112008,0.07291260821443096,0.07291260821443096,0.4503786204062651,0.04110025481936669,0.04110025481936669,0.3939628954337053,0.0975159797919265,0.0975159797919265,0.41543764,0.07604123646601874,0.07604123646601874
348,JARDINS DE CAN FERRERO/PG.DE LA ZONA FR,la Marina de Port,0.3590610328638497,0.41352077838045653,-0.05445974551660682,0.05445974551660682,0.4603664381187422,-0.10130540525489251,0.10130540525489251,0.48207139943494093,-0.12301036657109121,0.12301036657109121,0.44597237322684796,-0.08691134036299825,0.08691134036299825,0.46606162,-0.10700058904052345,0.10700058904052345
349,"C/ DE L'ENERGIA, 2 / ALTS FORNS",la Marina de Port,0.4596562711482066,0.39519982988685726,0.06445644126134936,0.06445644126134936,0.42969291774693047,0.02996335340127615,0.02996335340127615,0.43192940377416,0.027726867374046615,0.027726867374046615,0.438420514242398,0.021235756905808645,0.021235756905808645,0.38350996,0.07614630739736739,0.07614630739736739
35,"C/ SANT RAMON DE PENYAFORT, 1",el Besòs i el Maresme,0.514282556010228,0.5409576895327679,-0.026675133522539918,0.026675133522539918,0.4453986815046634,0.0688838745055646,0.0688838745055646,0.5147729456029588,-0.0004903895927308444,0.0004903895927308444,0.5669946163367238,-0.05271206032649578,0.05271206032649578,0.5194682,-0.00518563227559965,0.00518563227559965
350,"C/ LONDRES, 63",l'Antiga Esquerra de l'Eixample,0.1441309255079007,0.13267189956618325,0.011459025941717438,0.011459025941717438,0.28468223645005436,-0.14055131094215367,0.14055131094215367,0.1580163963623767,-0.013885470854476,0.013885470854476,0.12176218421191647,0.02236874129598422,0.02236874129598422,0.14501972,-0.0008887994571948332,0.0008887994571948332
351,"C/ JANE ADDAMS, 26/ CRTA. DEL PRAT",la Marina de Port,0.4439071203412463,0.39330162109197886,0.05060549924926744,0.05060549924926744,0.4379321885595108,0.005974931781735471,0.005974931781735471,0.43721858024790916,0.006688540093337136,0.006688540093337136,0.42715116084958515,0.016755959491661143,0.016755959491661143,0.4598131,-0.015905967837388346,0.015905967837388346
352,"C/RADI,10/GRAN VIA DE LES CORTS CATALA",la Marina de Port,0.3666669353668563,0.42209481074516536,-0.055427875378309066,0.055427875378309066,0.4237894380575729,-0.057122502690716614,0.057122502690716614,0.45560420183742073,-0.08893726647056444,0.08893726647056444,0.4547836387906762,-0.08811670342381989,0.08811670342381989,0.4805105,-0.11384356768680887,0.11384356768680887
353,C/ MUNNÉ  2-6,Sants - Badal,0.38868747315468,0.3589309529023231,0.02975652025235692,0.02975652025235692,0.3324023698404049,0.05628510331427511,0.05628510331427511,0.2414214673934357,0.1472660057612443,0.1472660057612443,0.22248909176530957,0.16619838138937043,0.16619838138937043,0.23375952,0.15492795071663068,0.15492795071663068
354,"RAMBLA DEL BRASIL, 5",Sants - Badal,0.3719494364655655,0.3701923872353856,0.0017570492301798857,0.0017570492301798857,0.3513886800757738,0.020560756389791712,0.020560756389791712,0.33602417801778733,0.03592525844777816,0.03592525844777816,0.35548059422808476,0.01646884223748074,0.01646884223748074,0.35993168,0.012017758885685736,0.012017758885685736
355,"C/ RIERA BLANCA, 123",Sants - Badal,0.4256430543326144,0.38110763031843803,0.04453542401417637,0.04453542401417637,0.3693707485168463,0.05627230581576809,0.05627230581576809,0.3721952325530078,0.05344782177960661,0.05344782177960661,0.3363689051368564,0.08927414919575799,0.08927414919575799,0.3974519,0.028191146936297873,0.028191146936297873
356,"C/ CAMÈLIES, 73",el Baix Guinardó,0.2133417101617372,0.15990086725833283,0.05344084290340437,0.05344084290340437,0.13931305406331493,0.07402865609842227,0.07402865609842227,0.1779329594968228,0.03540875066491439,0.03540875066491439,0.18545468777527271,0.027887022386464483,0.027887022386464483,0.18381134,0.029530373405984633,0.029530373405984633
357,"C/ CARDENER, 59",la Salut,0.2061006596322581,0.178900262831225,0.02720039680103309,0.02720039680103309,0.18298263614661944,0.023118023485638656,0.023118023485638656,0.19724580272874292,0.008854856903515174,0.008854856903515174,0.20606595116341903,3.470846883907308e-05,3.470846883907308e-05,0.19244404,0.013656618260912579,0.013656618260912579
358,"C/ GOMBAU, 24","Sant Pere, Santa Caterina i la Ribera",0.6319806953609771,0.49217997391636714,0.13980072144460998,0.13980072144460998,0.4194798831098624,0.21250081225111472,0.21250081225111472,0.5337485738588896,0.09823212150208749,0.09823212150208749,0.5356906177831948,0.0962900775777823,0.0962900775777823,0.52138615,0.11059454881556696,0.11059454881556696
359,"C/ MÉNDEZ NÚÑEZ, 16","Sant Pere, Santa Caterina i la Ribera",0.4458564206619668,0.44683839957433247,-0.0009819789123656775,0.0009819789123656775,0.39030864811419924,0.05554777254776755,0.05554777254776755,0.357114280471709,0.08874214019025778,0.08874214019025778,0.3212202185208584,0.12463620214110838,0.12463620214110838,0.37461352,0.07124289717869042,0.07124289717869042
36,"AV. DE LA CATEDRAL, 6",el Barri Gòtic,0.5259591622306921,0.471098469235218,0.05486069299547408,0.05486069299547408,0.3916048687546543,0.13435429347603778,0.13435429347603778,0.4606184466294653,0.06534071560122678,0.06534071560122678,0.4948209590938024,0.03113820313688964,0.03113820313688964,0.49388403,0.03207513522645011,0.03207513522645011
360,"C/ BAILÉN, 62",la Dreta de l'Eixample,0.1750789711191336,0.2619747580213032,-0.08689578690216962,0.08689578690216962,0.35129650302098014,-0.17621753190184655,0.17621753190184655,0.2592728763318228,-0.08419390521268919,0.08419390521268919,0.2411187164329564,-0.06603974531382281,0.06603974531382281,0.22116396,-0.04608498719194734,0.04608498719194734
361,PG. DE COLOM (LES RAMBLES),el Barri Gòtic,0.5880495091762697,0.530335691400251,0.057713817776018694,0.057713817776018694,0.44659102071265017,0.14145848846361958,0.14145848846361958,0.5469513904440583,0.041098118732211475,0.041098118732211475,0.5789475656903588,0.00910194348591098,0.00910194348591098,0.53981483,0.048234679349914766,0.048234679349914766
362,"C/ BAILÉN, 100",la Dreta de l'Eixample,0.1920713682432432,0.308382332355625,-0.11631096411238181,0.11631096411238181,0.3392519174684642,-0.14718054922522103,0.14718054922522103,0.17798040590785527,0.014090962335387924,0.014090962335387924,0.15380562565162176,0.03826574259162144,0.03826574259162144,0.14357945,0.04849191501333902,0.04849191501333902
363,"C/ BRUC, 20",la Dreta de l'Eixample,0.4608711385365482,0.30526096298480226,0.15561017555174594,0.15561017555174594,0.3573783970718319,0.10349274146471632,0.10349274146471632,0.2685553175431059,0.1923158209934423,0.1923158209934423,0.2448414019013241,0.2160297366352241,0.2160297366352241,0.2526197,0.20825142499170263,0.20825142499170263
364,"PG. DE GRÀCIA, 61",la Dreta de l'Eixample,0.2417410493162945,0.23964113990855992,0.0020999094077345792,0.0020999094077345792,0.3236571759822375,-0.08191612666594297,0.08191612666594297,0.20165939268661012,0.04008165662968438,0.04008165662968438,0.2003121167400108,0.04142893257628372,0.04142893257628372,0.19751649,0.04422456326759608,0.04422456326759608
365,"C/ VILADOMAT, 244",la Nova Esquerra de l'Eixample,0.136883735496981,0.27680218086729996,-0.13991844537031897,0.13991844537031897,0.31918865562953125,-0.18230492013255026,0.18230492013255026,0.20207742812568547,-0.06519369262870447,0.06519369262870447,0.21141694490880436,-0.07453320941182337,0.07453320941182337,0.18310708,-0.046223342578427945,0.046223342578427945
367,"C/ MARQUÈS DE SENTMENAT, 46",les Corts,0.1754577464788732,0.3803329147312338,-0.20487516825236063,0.20487516825236063,0.2998694197791735,-0.12441167330030029,0.12441167330030029,0.19167280148375543,-0.01621505500488224,0.01621505500488224,0.21550661361433399,-0.0400488671354608,0.0400488671354608,0.19398436,-0.01852661302391917,0.01852661302391917
368,"C/ DIPUTACIÓ, 373",la Dreta de l'Eixample,0.1768424792872742,0.28621509924601085,-0.10937261995873665,0.10937261995873665,0.36245291250763845,-0.18561043322036425,0.18561043322036425,0.2554499190668094,-0.07860743977953522,0.07860743977953522,0.28358994557234635,-0.10674746628507215,0.10674746628507215,0.29474702,-0.11790454548727719,0.11790454548727719
369,"C/ CONSELL DE CENT, 482",el Fort Pienc,0.2400553383357163,0.2833312081846313,-0.043275869848915016,0.043275869848915016,0.3582779293676465,-0.11822259103193022,0.11822259103193022,0.31584903325519187,-0.07579369491947557,0.07579369491947557,0.30948211764577743,-0.06942677931006114,0.06942677931006114,0.2891725,-0.04911716203621669,0.04911716203621669
37,PG. DE COLOM - VIA LAIETANA,el Barri Gòtic,0.699644950405771,0.49072031762451385,0.20892463278125717,0.20892463278125717,0.44468694222842176,0.25495800817734926,0.25495800817734926,0.6117440357578466,0.08790091464792438,0.08790091464792438,0.6493790638930746,0.05026588651269637,0.05026588651269637,0.6404257,0.05921926833789992,0.05921926833789992
370,"C/ SARDENYA, 326",la Sagrada Família,0.1420438542136097,0.30964240781661667,-0.16759855360300696,0.16759855360300696,0.3256913776263004,-0.1836475234126907,0.1836475234126907,0.2025540369988777,-0.060510182785267985,0.060510182785267985,0.22732351647925134,-0.08527966226564163,0.08527966226564163,0.205241,-0.06319714047823904,0.06319714047823904
371,"C/ DELS ENAMORATS, 49",la Sagrada Família,0.3531151888125883,0.35241838803362874,0.0006968007789595609,0.0006968007789595609,0.35490893582652355,-0.001793747013935254,0.001793747013935254,0.32866499656777165,0.02445019224481665,0.02445019224481665,0.34882138206411883,0.004293806748469464,0.004293806748469464,0.33072242,0.022392767404888714,0.022392767404888714
372,"C/ RIBES, 77",el Fort Pienc,0.4525399017802332,0.3169052715658575,0.13563463021437566,0.13563463021437566,0.401956161663952,0.050583740116281195,0.050583740116281195,0.385821425661642,0.06671847611859116,0.06671847611859116,0.34903228140948683,0.10350762037074634,0.10350762037074634,0.34821793,0.10432196741019228,0.10432196741019228
373,"AV. PARAL.LEL, 132",Sant Antoni,0.5114973365994012,0.3685058867156434,0.14299144988375784,0.14299144988375784,0.3755960284566989,0.1359013081427023,0.1359013081427023,0.366078224172474,0.14541911242692723,0.14541911242692723,0.3547664331544158,0.15673090344498541,0.15673090344498541,0.35070068,0.1607966601582086,0.1607966601582086
374,"PG. DE GRÀCIA, 89",la Dreta de l'Eixample,0.2358482484005496,0.1852735861307518,0.050574662269797815,0.050574662269797815,0.30564098704039055,-0.06979273863984095,0.06979273863984095,0.18421207870787962,0.051636169692669986,0.051636169692669986,0.18796009276921058,0.047888155631339024,0.047888155631339024,0.17971985,0.05612839797959776,0.05612839797959776
375,WORLD TRADE CENTER,el Raval,0.3040392509418591,0.5437595170187222,-0.2397202660768631,0.2397202660768631,0.44091264888847054,-0.13687339794661146,0.13687339794661146,0.39126879096353157,-0.08722954002167249,0.08722954002167249,0.35536254439041487,-0.051323293448555796,0.051323293448555796,0.30939963,-0.005360383657826595,0.005360383657826595
376,WORLD  TRADE CENTER,el Raval,0.2721398188118135,0.5649003554578347,-0.2927605366460212,0.2927605366460212,0.44462797729963494,-0.17248815848782145,0.17248815848782145,0.41120716788850814,-0.13906734907669466,0.13906734907669466,0.3651354590648296,-0.0929956402530161,0.0929956402530161,0.33992898,-0.06778916583021533,0.06778916583021533
377,PL. ICTÍNEO,el Barri Gòtic,0.6759283963381081,0.6090452907042667,0.06688310563384137,0.06688310563384137,0.4691254247591625,0.20680297157894556,0.20680297157894556,0.49733970706564684,0.17858868927246124,0.17858868927246124,0.5440260357163165,0.13190236062179161,0.13190236062179161,0.44288847,0.23303992783415606,0.23303992783415606
378,"PL. JOAQUIM XIRAU I PALAU, 1",el Barri Gòtic,0.5610003379520108,0.5119716331419712,0.049028704810039514,0.049028704810039514,0.410727405257577,0.15027293269443376,0.15027293269443376,0.4983869572380737,0.06261338071393707,0.06261338071393707,0.5925540224674782,-0.03155368451546747,0.03155368451546747,0.58936304,-0.02836270058787571,0.02836270058787571
379,"AV. JOSEP TARRADELLAS, 27",Sants,0.2552537572812409,0.25113043065554536,0.004123326625695534,0.004123326625695534,0.31595362815940675,-0.06069987087816586,0.06069987087816586,0.20179290154000418,0.05346085574123671,0.05346085574123671,0.2003885788937474,0.054865178387493496,0.054865178387493496,0.20795366,0.04730009560101933,0.04730009560101933
380,"C/ DURAN I BAS, 2",el Barri Gòtic,0.5293145643041585,0.3831850424694412,0.14612952183471728,0.14612952183471728,0.3957341600353718,0.13358040426878665,0.13358040426878665,0.44531735715813986,0.0839972071460186,0.0839972071460186,0.4453762765533181,0.08393828775084039,0.08393828775084039,0.44667697,0.08263759477596022,0.08263759477596022
381,"C/ AGUSTÍ DURAN I SANPERE, 10",el Raval,0.412769764123601,0.4552654428713606,-0.04249567874775961,0.04249567874775961,0.40383504865378556,0.008934715469815446,0.008934715469815446,0.47941237806264214,-0.06664261393904114,0.06664261393904114,0.4595050451933791,-0.04673528106977809,0.04673528106977809,0.44950256,-0.03673279339249702,0.03673279339249702
382,"C/ LOPE DE VEGA, 79",el Poblenou,0.6193697695868132,0.466595592487982,0.15277417709883123,0.15277417709883123,0.42680603057825,0.19256373900856322,0.19256373900856322,0.6003179421411445,0.01905182744566869,0.01905182744566869,0.6161041434548927,0.003265626131920496,0.003265626131920496,0.6060216,0.013348186506521476,0.013348186506521476
383,"C/ NUMÀNCIA, 2",Sants,0.2451790237163251,0.23179227980242273,0.013386743913902377,0.013386743913902377,0.32790103604204685,-0.08272201232572174,0.08272201232572174,0.24092275934892948,0.0042562643673956235,0.0042562643673956235,0.21572733711857528,0.029451686597749827,0.029451686597749827,0.23314437,0.012034651014680209,0.012034651014680209
384,"C/ VILAMARÍ, 85",la Nova Esquerra de l'Eixample,0.2324475051389021,0.22182785335526273,0.010619651783639383,0.010619651783639383,0.330784206857255,-0.0983367017183529,0.0983367017183529,0.2979598733653938,-0.0655123682264917,0.0655123682264917,0.3009648388611278,-0.06851733372222568,0.06851733372222568,0.27347067,-0.041023164845915394,0.041023164845915394
385,"C/ CASANOVA, 119",l'Antiga Esquerra de l'Eixample,0.1909496057593417,0.2861666939765506,-0.0952170882172089,0.0952170882172089,0.3268206392284689,-0.13587103346912718,0.13587103346912718,0.2081245557253991,-0.017174949966057396,0.017174949966057396,0.18709894427225518,0.0038506614870865152,0.0038506614870865152,0.19586726,-0.004917649570744059,0.004917649570744059
386,AV. PARAL.LEL 164,Sant Antoni,0.3587212212212212,0.34398722134801185,0.014733999873209336,0.014733999873209336,0.37324804960113833,-0.014526828379917145,0.014526828379917145,0.4023430349156507,-0.04362181369442952,0.04362181369442952,0.39760160001324607,-0.03888037879202488,0.03888037879202488,0.39523357,-0.03651235030816724,0.03651235030816724
387,"C/ NÀPOLS, 125",el Fort Pienc,0.2403762245242653,0.26867522249034337,-0.02829899796607807,0.02829899796607807,0.37651087404577555,-0.13613464952151025,0.13613464952151025,0.24226757386635195,-0.0018913493420866512,0.0018913493420866512,0.2105309033424036,0.0298453211818617,0.0298453211818617,0.19945745,0.04091877282310105,0.04091877282310105
388,"C/ RIERA ALTA, 6",el Raval,0.3788036117381489,0.656006119073004,-0.2772025073348551,0.2772025073348551,0.4023775542978798,-0.023573942559730887,0.023573942559730887,0.4887012252141667,-0.10989761347601779,0.10989761347601779,0.5122428565685825,-0.13343924483043357,0.13343924483043357,0.5114222,-0.13261860515409352,0.13261860515409352
389,RECINTE PARC DE LA CIUTADELLA,"Sant Pere, Santa Caterina i la Ribera",0.6647386998561344,0.5520930293991364,0.11264567045699803,0.11264567045699803,0.42093503316031045,0.24380366669582398,0.24380366669582398,0.5195917826067049,0.14514691724942952,0.14514691724942952,0.4924944638168118,0.17224423603932265,0.17224423603932265,0.52598923,0.13874946540865518,0.13874946540865518
39,PL. PAU VILA (D),la Barceloneta,0.7970874283374284,0.4989437632555993,0.2981436650818291,0.2981436650818291,0.44387865522456815,0.35320877311286025,0.35320877311286025,0.5317461339290886,0.26534129440833976,0.26534129440833976,0.514204593554763,0.2828828347826654,0.2828828347826654,0.55378187,0.2433055613101457,0.2433055613101457
390,"C/ COMERÇ, 36","Sant Pere, Santa Caterina i la Ribera",0.6373820673900628,0.44403932374918365,0.1933427436408791,0.1933427436408791,0.40475403525821096,0.2326280321318518,0.2326280321318518,0.5069312432403106,0.13045082414975218,0.13045082414975218,0.5149249468414775,0.12245712054858526,0.12245712054858526,0.5007746,0.13660744542656178,0.13660744542656178
391,"C/ GRAN DE LA SAGRERA, 74",la Sagrera,0.4434049694419397,0.35155319760446535,0.09185177183747434,0.09185177183747434,0.38326201287309264,0.06014295656884705,0.06014295656884705,0.4139043847110491,0.029500584730890567,0.029500584730890567,0.40722653869769915,0.03617843074424054,0.03617843074424054,0.4160391,0.027365860211898185,0.027365860211898185
392,"C/ RAMON TURRÓ, 4",la Vila Olímpica del Poblenou,0.5071397122695955,0.4646759234722606,0.04246378879733492,0.04246378879733492,0.41507585730721935,0.09206385496237618,0.09206385496237618,0.43950998328561386,0.06762972898398167,0.06762972898398167,0.4550230950345718,0.052116617235023754,0.052116617235023754,0.42882046,0.07831925123482075,0.07831925123482075
393,"C/ LLACUNA, 86",el Poblenou,0.6793761258725513,0.471095504141199,0.20828062173135226,0.20828062173135226,0.4345091141012683,0.24486701177128295,0.24486701177128295,0.608782358230118,0.0705937676424333,0.0705937676424333,0.6630282181157222,0.01634790775682904,0.01634790775682904,0.64945877,0.029917359888969708,0.029917359888969708
394,"C/ DIPUTACIÓ, 226",l'Antiga Esquerra de l'Eixample,0.2348736117392833,0.3563978471189159,-0.12152423537963261,0.12152423537963261,0.3607197139274252,-0.12584610218814188,0.12584610218814188,0.31014110901520087,-0.07526749727591756,0.07526749727591756,0.21352557242005774,0.021348039319225576,0.021348039319225576,0.26527452,-0.030400912949437392,0.030400912949437392
395,"PL. CATALUNYA, 20",la Dreta de l'Eixample,0.2500961148806617,0.3252660377601558,-0.07516992287949409,0.07516992287949409,0.36905933036808103,-0.11896321548741934,0.11896321548741934,0.3843663235840885,-0.13427020870342682,0.13427020870342682,0.33570949033977776,-0.08561337545911607,0.08561337545911607,0.33601987,-0.0859237587384179,0.0859237587384179
396,"C/ JOAN MIRÓ, 2-12",la Vila Olímpica del Poblenou,0.4985255055409573,0.4652562176169899,0.03326928792396744,0.03326928792396744,0.4162746253431059,0.08225088019785143,0.08225088019785143,0.5420335328841036,-0.043508027343146294,0.043508027343146294,0.5454408649139431,-0.04691535937298574,0.04691535937298574,0.5475731,-0.04904758405865206,0.04904758405865206
397,AV. LITORAL (PG MARÍTIM DEL PORT OLÍMPI,la Vila Olímpica del Poblenou,0.5266848884542408,0.5488097732565222,-0.022124884802281475,0.022124884802281475,0.4293950410648626,0.09728984738937818,0.09728984738937818,0.5615768636891753,-0.03489197523493448,0.03489197523493448,0.5507257650907262,-0.024040876636485464,0.024040876636485464,0.5570507,-0.030365816501813914,0.030365816501813914
398,PG. MARÍTIM DE LA BARCELONETA/ANDREA DÒ,la Barceloneta,0.5997593283816562,0.5196766834024541,0.08008264497920214,0.08008264497920214,0.4504815505163714,0.14927777786528484,0.14927777786528484,0.5087710841842953,0.09098824419736096,0.09098824419736096,0.517604672778843,0.08215465560281321,0.08215465560281321,0.48211578,0.11764355303490026,0.11764355303490026
399,"C/ PAVIA, 3",Sants,0.5213031952702307,0.4552194749141065,0.0660837203561242,0.0660837203561242,0.37791750684896125,0.14338568842126947,0.14338568842126947,0.42633344777867366,0.09496974749155707,0.09496974749155707,0.37128399057663075,0.15001920469359997,0.15001920469359997,0.396183,0.1251201813542151,0.1251201813542151
4,"C/ RIBES, 13",el Fort Pienc,0.3995478660566617,0.45792726811921564,-0.05837940206255393,0.05837940206255393,0.407110825786318,-0.007562959729656316,0.007562959729656316,0.44422971161898134,-0.04468184556231963,0.04468184556231963,0.4444459955508387,-0.044898129494176986,0.044898129494176986,0.4349004,-0.03535253696610441,0.03535253696610441
40,"C/ DOCTOR AIGUADER, 2",la Barceloneta,0.6109610454573876,0.4453268238294547,0.1656342216279329,0.1656342216279329,0.4340215563721922,0.1769394890851954,0.1769394890851954,0.5807705428884989,0.030190502568888666,0.030190502568888666,0.611960348076884,-0.0009993026194964338,0.0009993026194964338,0.6002605,0.010700549317861241,0.010700549317861241
400,MOLL ORIENTAL,la Barceloneta,0.4011364936104727,0.5558168317005027,-0.15468033809002996,0.15468033809002996,0.45949509034657465,-0.05835859673610194,0.05835859673610194,0.46291388323569965,-0.06177738962522694,0.06177738962522694,0.4735464192452976,-0.0724099256348249,0.0724099256348249,0.46893874,-0.06780224449720856,0.06780224449720856
401,PLA DE PALAU,"Sant Pere, Santa Caterina i la Ribera",0.6063928611642833,0.5797329224419075,0.02665993872237571,0.02665993872237571,0.42121444633621896,0.1851784148280643,0.1851784148280643,0.6207557815360234,-0.01436292037174014,0.01436292037174014,0.6477270036353254,-0.04133414247104217,0.04133414247104217,0.63655233,-0.03015947266750385,0.03015947266750385
402,PG. DE COLOM (VIA LAIETANA),el Barri Gòtic,0.5530140845070423,0.47851003891364907,0.07450404559339319,0.07450404559339319,0.4452646726827638,0.10774941182427844,0.10774941182427844,0.6118322299857828,-0.058818145478740536,0.058818145478740536,0.6546066611617183,-0.10159257665467603,0.10159257665467603,0.62552536,-0.07251127083200803,0.07251127083200803
403,"C/ VALLESPIR, 49",Sants,0.3047600995871028,0.35421973706585974,-0.049459637478756924,0.049459637478756924,0.3431455897234919,-0.03838549013638909,0.03838549013638909,0.28379730352081595,0.02096279606628687,0.02096279606628687,0.2634651966042519,0.041294902982850934,0.041294902982850934,0.26509267,0.03966742866959183,0.03966742866959183
404,"C/ JUAN GRIS, 28",la Bordeta,0.3018084686513306,0.4267873324100245,-0.12497886375869388,0.12497886375869388,0.4045105032092136,-0.10270203455788302,0.10270203455788302,0.46573814187631096,-0.16392967322498037,0.16392967322498037,0.46804500194154114,-0.16623653329021054,0.16623653329021054,0.47588825,-0.17407978360697018,0.17407978360697018
405,"C/ COMTE BORRELL, 198",la Nova Esquerra de l'Eixample,0.2534378292939936,0.26841700125890433,-0.01497917196491072,0.01497917196491072,0.3300659906073799,-0.07662816131338629,0.07662816131338629,0.24099451158439228,0.012443317709601331,0.012443317709601331,0.22809260959744823,0.02534521969654538,0.02534521969654538,0.2179229,0.03551493314721932,0.03551493314721932
406,"GRAN VIA DE LES CORTS CATALANES, 592",la Dreta de l'Eixample,0.2782564501384852,0.3114837156342666,-0.033227265495781366,0.033227265495781366,0.36063409457559126,-0.08237764443710605,0.08237764443710605,0.3476387345574732,-0.06938228441898797,0.06938228441898797,0.34294189647558887,-0.06468544633710366,0.06468544633710366,0.3057663,-0.02750986412962697,0.02750986412962697
408,"C/ RAMON TRIAS FARGAS, 23",la Vila Olímpica del Poblenou,0.3833596629805161,0.41402663626734354,-0.030666973286827437,0.030666973286827437,0.41229376467562506,-0.02893410169510896,0.02893410169510896,0.44329021249944134,-0.059930549518925236,0.059930549518925236,0.3329543555228298,0.05040530745768629,0.05040530745768629,0.32841069,0.054948977918107655,0.054948977918107655
409,"C/ JOAN D'ÀUSTRIA, 31B",la Vila Olímpica del Poblenou,0.457962524877023,0.5183314179877134,-0.060368893110690436,0.060368893110690436,0.41842169972929444,0.03954082514772855,0.03954082514772855,0.5223219714930569,-0.06435944661603393,0.06435944661603393,0.5117352097084161,-0.053772684831393136,0.053772684831393136,0.50651675,-0.04855422975020479,0.04855422975020479
41,PL. POETA BOSCÀ | C/ ATLÀNTIDA,la Barceloneta,0.7616230838593328,0.5040699989772008,0.2575530848821319,0.2575530848821319,0.42471078628090203,0.3369122975784307,0.3369122975784307,0.5674972558612895,0.19412582799804323,0.19412582799804323,0.5735126413271537,0.188110442532179,0.188110442532179,0.56499195,0.19663113287056322,0.19663113287056322
410,PG.DE COLOM (LES RAMBLES),el Barri Gòtic,0.5308896113141285,0.5354571846495159,-0.004567573335387376,0.004567573335387376,0.45766342185363357,0.07322618946049492,0.07322618946049492,0.5892756532078063,-0.0583860418936778,0.0583860418936778,0.5812071537099851,-0.05031754239585662,0.05031754239585662,0.57160497,-0.040715355803181086,0.040715355803181086
411,"C/ JOSEP PLA, 67",Diagonal Mar i el Front Marítim del Poblenou,0.5393781654473833,0.4704731882652746,0.06890497718210864,0.06890497718210864,0.43446370143530066,0.1049144640120826,0.1049144640120826,0.5612193494518106,-0.02184118400442736,0.02184118400442736,0.5705784264095936,-0.03120026096221029,0.03120026096221029,0.5435943,-0.0042161352995344625,0.0042161352995344625
412,"PL. URQUINAONA, 3",la Dreta de l'Eixample,0.3070712392229665,0.37338990186436005,-0.06631866264139358,0.06631866264139358,0.36561688422845584,-0.058545645005489366,0.058545645005489366,0.3626319457318633,-0.05556070650889683,0.05556070650889683,0.3748629773159097,-0.0677917380929432,0.0677917380929432,0.38123405,-0.07416281057409163,0.07416281057409163
413,"C/ BRUC, 66",la Dreta de l'Eixample,0.2270045666756495,0.26923549774713884,-0.04223093107148934,0.04223093107148934,0.33593620504834426,-0.10893163837269476,0.10893163837269476,0.24532499835096494,-0.01832043167531544,0.01832043167531544,0.21996226719680653,0.007042299478842967,0.007042299478842967,0.21603972,0.010964849478231287,0.010964849478231287
414,"VIVAGYM-C/ CASP, 67",la Dreta de l'Eixample,0.2445777572681125,0.29543373916780286,-0.050855981899690345,0.050855981899690345,0.375242018952007,-0.13066426168389447,0.13066426168389447,0.27767060979118563,-0.03309285252307312,0.03309285252307312,0.22814291163883557,0.01643484562927694,0.01643484562927694,0.24243107,0.0021466828872378774,0.0021466828872378774
415,"RAMBLA DEL RAVAL, 13",el Raval,0.5142992445597023,0.6702856571120137,-0.15598641255231138,0.15598641255231138,0.4255440819697362,0.08875516258996613,0.08875516258996613,0.5088431676970446,0.005456076862657699,0.005456076862657699,0.5469409124427955,-0.032641667883093195,0.032641667883093195,0.5195778,-0.005278556667867251,0.005278556667867251
416,"RAMBLA DEL RAVAL, 20",el Raval,0.3792751084417751,0.5686626530957755,-0.18938754465400037,0.18938754465400037,0.4545761806576717,-0.0753010722158966,0.0753010722158966,0.4926612560238113,-0.11338614758203619,0.11338614758203619,0.4704068162660029,-0.0911317078242278,0.0911317078242278,0.463335,-0.08405989898734784,0.08405989898734784
417,"C/ VILLAR, 2",el Guinardó,0.2684016674280493,0.2232509701996277,0.04515069722842158,0.04515069722842158,0.30355514706223174,-0.03515347963418247,0.03515347963418247,0.24818440116105464,0.020217266266994632,0.020217266266994632,0.266113900403371,0.0022877670246782555,0.0022877670246782555,0.29220212,-0.023800447630849653,0.023800447630849653
418,Time Out Market PG. LLUíS COMPANYS,"Sant Pere, Santa Caterina i la Ribera",0.385401720104702,0.43932122191597645,-0.05391950181127447,0.05391950181127447,0.39302894444685366,-0.007627224342151684,0.007627224342151684,0.33445503782421665,0.05094668228048532,0.05094668228048532,0.29462363482654347,0.0907780852781585,0.0907780852781585,0.3565747,0.0288270059208946,0.0288270059208946
419,PG. DE LLUIS COMPANYS (ARC DE TRIOMF ),"Sant Pere, Santa Caterina i la Ribera",0.5647489972737264,0.4302746662111695,0.1344743310625569,0.1344743310625569,0.3993581679203787,0.1653908293533477,0.1653908293533477,0.4942074048195647,0.0705415924541617,0.0705415924541617,0.5264748391213208,0.038274158152405646,0.038274158152405646,0.48571202,0.07903697568444723,0.07903697568444723
42,"C/ CIUTAT DE GRANADA, 168| AV.DIAGONAL   ",el Parc i la Llacuna del Poblenou,0.4485851094470046,0.5140411921270602,-0.06545608268005565,0.06545608268005565,0.44219129031348214,0.006393819133522438,0.006393819133522438,0.4851789486502768,-0.036593839203272194,0.036593839203272194,0.4661186196146291,-0.0175335101676245,0.0175335101676245,0.4674621,-0.018876983191011165,0.018876983191011165
420,"GRAN VIA DE LES CORTS CATALANES,368",Hostafrancs,0.2844533508099751,0.3648606820814694,-0.0804073312714943,0.0804073312714943,0.369090996274378,-0.08463764546440294,0.08463764546440294,0.3296008083810933,-0.04514745757111821,0.04514745757111821,0.29771012049226414,-0.01325676968228906,0.01325676968228906,0.30518752,-0.02073417255504567,0.02073417255504567
421,"C/ VALLESPIR, 13",Sants,0.3372291737120956,0.334762548589815,0.0024666251222805746,0.0024666251222805746,0.36041577975588285,-0.02318660604378725,0.02318660604378725,0.34272105901077016,-0.005491885298674559,0.005491885298674559,0.384820750020511,-0.04759157630841543,0.04759157630841543,0.3499473,-0.01271812982145848,0.01271812982145848
422,"C/ JORDI GIRONA, 29",Pedralbes,0.2619523048836147,0.12531002531008328,0.13664227957353142,0.13664227957353142,0.21232684908330784,0.04962545580030686,0.04962545580030686,0.19459283070887143,0.06735947417474328,0.06735947417474328,0.1970688697299683,0.06488343515364642,0.06488343515364642,0.20089158,0.06106072072567098,0.06106072072567098
423,"C/ HONDURAS, 32-34",la Sagrera,0.3041835830283623,0.3340967765768107,-0.029913193548448402,0.029913193548448402,0.36985046171215963,-0.06566687868379734,0.06566687868379734,0.34788348030555144,-0.04369989727718915,0.04369989727718915,0.35669172966524876,-0.052508146636886466,0.052508146636886466,0.34466735,-0.04048376225705336,0.04048376225705336
424,"PG. MARÍTIM DE LA BARCELONETA, 6",la Barceloneta,0.6729524795911064,0.592437212948664,0.08051526664244235,0.08051526664244235,0.44567997729643954,0.22727250229466683,0.22727250229466683,0.6144241178039974,0.05852836178710896,0.05852836178710896,0.668237234626727,0.0047152449643793615,0.0047152449643793615,0.6500709,0.022881573905681574,0.022881573905681574
425,"C/ DE CERVELLÓ, 5",el Raval,0.6040939622499907,0.523263239868299,0.08083072238169164,0.08083072238169164,0.41900703582799714,0.18508692642199354,0.18508692642199354,0.5679876501656574,0.036106312084333236,0.036106312084333236,0.5604109854715446,0.043682976778446125,0.043682976778446125,0.591797,0.012296968040701128,0.012296968040701128
426,"C/ DE RIBES, 59 B",el Fort Pienc,0.272556589893528,0.3175665275731022,-0.04500993767957423,0.04500993767957423,0.38212131357202406,-0.10956472367849607,0.10956472367849607,0.37040367603632374,-0.09784708614279575,0.09784708614279575,0.35669588845797034,-0.08413929856444236,0.08413929856444236,0.38612857,-0.11357198471622848,0.11357198471622848
427,"C/ DE SANT PAU, 119/ RONDA SANT PAU",el Raval,0.4678757016075162,0.530226478945635,-0.062350777338118835,0.062350777338118835,0.4074886651764212,0.060387036431095,0.060387036431095,0.4455398202356958,0.022335881371820354,0.022335881371820354,0.4343608180550162,0.033514883552499986,0.033514883552499986,0.44786516,0.020010543288042915,0.020010543288042915
428,"C/ PUJADES, 103",el Poblenou,0.5777987479442969,0.5562455095357989,0.021553238408497988,0.021553238408497988,0.4342430074602056,0.14355574048409125,0.14355574048409125,0.5908528519172828,-0.013054103972985898,0.013054103972985898,0.5774655279877482,0.0003332199565486693,0.0003332199565486693,0.5962279,-0.018429136348305675,0.018429136348305675
429,"C/ GRAN CAPITÀ, 9",Pedralbes,0.2004700627287826,0.11820501055238891,0.08226505217639368,0.08226505217639368,0.15498836355936974,0.04548169916941286,0.04548169916941286,0.16621520164516082,0.034254861083621774,0.034254861083621774,0.19515935598931353,0.005310706739469068,0.005310706739469068,0.1786905,0.021779569621940553,0.021779569621940553
43,"C/ CLOT, 1",el Clot,0.4695953708926071,0.3518017068712343,0.11779366402137281,0.11779366402137281,0.3986144477587146,0.07098092313389254,0.07098092313389254,0.4049012270447408,0.06469414384786631,0.06469414384786631,0.4110430551080774,0.058552315784529685,0.058552315784529685,0.3923593,0.07723608434589996,0.07723608434589996
430," C/ ALFAMBRA, 2 | AV. DIAGONAL",Pedralbes,0.239690057349056,0.13595764322181192,0.10373241412724407,0.10373241412724407,0.22581419860148666,0.01387585874756933,0.01387585874756933,0.18326912518556146,0.05642093216349453,0.05642093216349453,0.1394369423846147,0.10025311496444128,0.10025311496444128,0.14705075,0.09263930411323903,0.09263930411323903
431,"AV. JOAN XXIII, 17",la Maternitat i Sant Ramon,0.2987938225679179,0.2492926486142341,0.04950117395368381,0.04950117395368381,0.29034379749664785,0.008450025071270073,0.008450025071270073,0.18688020693691032,0.1119136156310076,0.1119136156310076,0.2085403297619042,0.09025349280601372,0.09025349280601372,0.21162651,0.0871673077754756,0.0871673077754756
432,"C/ MARTÍ I FRANQUÈS, 1",la Maternitat i Sant Ramon,0.208941919603265,0.1944535021224465,0.0144884174808185,0.0144884174808185,0.24912305074676247,-0.04018113114349747,0.04018113114349747,0.1656111881098841,0.0433307314933809,0.0433307314933809,0.14133826263170673,0.06760365697155826,0.06760365697155826,0.14693435,0.06200757423869438,0.06200757423869438
433,"C/ J. MAYNARD KEYNES, 2|AV. DGNAL.",Pedralbes,0.2401540112668763,0.17568011303952447,0.06447389822735183,0.06447389822735183,0.24615276861393842,-0.0059987573470621225,0.0059987573470621225,0.204129752884514,0.03602425838236231,0.03602425838236231,0.19975301243983512,0.04040099882704118,0.04040099882704118,0.20302853,0.03712548138444527,0.03712548138444527
434,"C/ ROGER, 24",Sants - Badal,0.3323961880626171,0.387218287807639,-0.05482209974502189,0.05482209974502189,0.3325979890398686,-0.00020180097725147617,0.00020180097725147617,0.27190907024487077,0.06048711781774635,0.06048711781774635,0.2608921415114557,0.07150404655116144,0.07150404655116144,0.27104557,0.06135062245745354,0.06135062245745354
435,"AV. DOCTOR MARAÑON, 25 | PAU GARGALLO",la Maternitat i Sant Ramon,0.248808316021708,0.22991722000939224,0.018891096012315756,0.018891096012315756,0.25681439321920807,-0.008006077197500072,0.008006077197500072,0.18761273167672082,0.061195584344987175,0.061195584344987175,0.19047661380531497,0.05833170221639303,0.05833170221639303,0.1836814,0.06512691739156579,0.06512691739156579
436,"PG. ZONA FRANCA, 54",la Marina de Port,0.3381746121332982,0.4312939222116252,-0.09311931007832702,0.09311931007832702,0.4481837867509186,-0.11000917461762039,0.11000917461762039,0.5500416569275624,-0.21186704479426416,0.21186704479426416,0.5016144136822204,-0.16343980154892218,0.16343980154892218,0.5161023,-0.17792770186206314,0.17792770186206314
437,"PG. ZONA FRANCA, 9",la Marina del Prat Vermell,0.4403001918519355,0.9984111759997856,-0.5581109841478501,0.5581109841478501,0.48380430401571667,-0.043504112163781194,0.043504112163781194,0.4873424575566108,-0.047042265704675346,0.047042265704675346,0.5689555262821975,-0.128655334430262,0.128655334430262,0.53532666,-0.09502646782747737,0.09502646782747737
438,"C/ NÀPOLS, 183",la Dreta de l'Eixample,0.2779369147528351,0.3105895996144057,-0.03265268486157058,0.03265268486157058,0.35736020965548526,-0.07942329490265015,0.07942329490265015,0.26345033280659985,0.014486581946235255,0.014486581946235255,0.2638014411108878,0.014135473641947283,0.014135473641947283,0.2587248,0.019212106059902978,0.019212106059902978
439,"RBLA. BADAL, 73 | C/ CONSTITUCIÓ",la Bordeta,0.4819528922930589,0.44904607304974536,0.03290681924331351,0.03290681924331351,0.38714058044298216,0.09481231185007671,0.09481231185007671,0.4112085933131153,0.07074429897994355,0.07074429897994355,0.4023476442552676,0.07960524803779129,0.07960524803779129,0.46641472,0.015538172473036294,0.015538172473036294
44,"AV. MERIDIANA, 71",el Fort Pienc,0.297699995060834,0.4241552454468997,-0.1264552503860657,0.1264552503860657,0.4135233031570692,-0.1158233080962352,0.1158233080962352,0.4593834148379918,-0.16168341977715778,0.16168341977715778,0.4943735249924001,-0.19667352993156612,0.19667352993156612,0.4590926,-0.16139259217175572,0.16139259217175572
440,"C/ SELVA DE MAR, 230",Sant Martí de Provençals,0.5031400058457555,0.5100496227780777,-0.006909616932322282,0.006909616932322282,0.4193446112344773,0.08379539461127816,0.08379539461127816,0.5000094119179914,0.003130593927764047,0.003130593927764047,0.4807533115346691,0.022386694311086364,0.022386694311086364,0.49802828,0.005111727494925389,0.005111727494925389
441,"C/ WATT, 2",Sants,0.3839692554203595,0.4275293825097576,-0.043560127089398104,0.043560127089398104,0.36356581827130596,0.020403437149053516,0.020403437149053516,0.4200592161566203,-0.03608996073626081,0.03608996073626081,0.42036254565892506,-0.03639329023856558,0.03639329023856558,0.38538337,-0.0014141121180926697,0.0014141121180926697
442,"C/ MINERIA, 30",la Marina de Port,0.4250149359976611,0.4168502445030914,0.00816469149456972,0.00816469149456972,0.43024660248011937,-0.005231666482458264,0.005231666482458264,0.4525185835463914,-0.027503647548730303,0.027503647548730303,0.4820242302061628,-0.057009294208501704,0.057009294208501704,0.47091517,-0.04590023252612735,0.04590023252612735
443,"C/ CASANOVA, 139",l'Antiga Esquerra de l'Eixample,0.2212304379644224,0.2379272351473231,-0.016696797182900708,0.016696797182900708,0.3368340730525437,-0.1156036350881213,0.1156036350881213,0.2133320869229465,0.007898351041475904,0.007898351041475904,0.20415346181866934,0.01707697614575307,0.01707697614575307,0.1893609,0.03186953625105113,0.03186953625105113
444,"C/ LLEIDA, 40",el Poble-sec,0.3916801525472633,0.3614706797651821,0.030209472782081193,0.030209472782081193,0.3440374950225052,0.0476426575247581,0.0476426575247581,0.3498521510630574,0.0418280014842059,0.0418280014842059,0.34665180611075114,0.04502834643651216,0.04502834643651216,0.35114673,0.04053342474689403,0.04053342474689403
445,"C/ VILAMARÍ, 2",Sant Antoni,0.4343353241679814,0.3602746353767383,0.07406068879124306,0.07406068879124306,0.35858033768484493,0.07575498648313644,0.07575498648313644,0.32388677189434617,0.1104485522736352,0.1104485522736352,0.30169271238385464,0.13264261178412673,0.13264261178412673,0.3354501,0.09888521134830974,0.09888521134830974
446,"PG. JOAN DE BORBÓ, 42",la Barceloneta,0.6938085034397203,0.6343242926919815,0.0594842107477388,0.0594842107477388,0.4338633980210548,0.25994510541866556,0.25994510541866556,0.6193707549726032,0.07443774846711715,0.07443774846711715,0.6645261884350409,0.029282315004679482,0.029282315004679482,0.66509753,0.02871096878319568,0.02871096878319568
447,"C/ ALMOGÀVERS, 63",el Fort Pienc,0.3076349386929591,0.4084348251553354,-0.10079988646237631,0.10079988646237631,0.4103038911750505,-0.1026689524820914,0.1026689524820914,0.4324385798396998,-0.1248036411467407,0.1248036411467407,0.4032881536470893,-0.0956532149541302,0.0956532149541302,0.4108236,-0.10318867471226856,0.10318867471226856
448,"C/ RAMÓN TURRÓ, 160",el Poblenou,0.6876657161438791,0.5548715378141456,0.1327941783297335,0.1327941783297335,0.43836760436541966,0.2492981117784594,0.2492981117784594,0.5763704430562523,0.11129527308762677,0.11129527308762677,0.6052963736144423,0.08236934252943673,0.08236934252943673,0.61964697,0.06801874968651211,0.06801874968651211
449,"C/ BOLIVIA, 120",Provençals del Poblenou,0.523136155639816,0.4049268490443086,0.11820930659550738,0.11820930659550738,0.426627160308591,0.09650899533122498,0.09650899533122498,0.5612211337072517,-0.038084978067435715,0.038084978067435715,0.5773394452464792,-0.05420328960666321,0.05420328960666321,0.55511594,-0.03197978254682954,0.03197978254682954
45,"C/ SARDENYA, 66",la Vila Olímpica del Poblenou,0.3894004501739308,0.4554295067099917,-0.06602905653606089,0.06602905653606089,0.41553316297517845,-0.026132712801247626,0.026132712801247626,0.4585061626594237,-0.06910571248549285,0.06910571248549285,0.4558037359359652,-0.06640328576203436,0.06640328576203436,0.44101226,-0.051611813124103845,0.051611813124103845
450,"C/ CRISTOBAL DE MOURA, 84",Provençals del Poblenou,0.5532952563070317,0.5251562446629919,0.028139011644039758,0.028139011644039758,0.44083785117934726,0.11245740512768443,0.11245740512768443,0.587128941133619,-0.03383368482658733,0.03383368482658733,0.6034938293186154,-0.0501985730115837,0.0501985730115837,0.6157227,-0.062427459547613084,0.062427459547613084
451,"C/ PALLARS, 504",el Besòs i el Maresme,0.6594737039537849,0.5294679883652769,0.13000571558850804,0.13000571558850804,0.4334422374769911,0.22603146647679379,0.22603146647679379,0.5386049333923106,0.12086877056147427,0.12086877056147427,0.535056523520315,0.12441718043346994,0.12441718043346994,0.53363824,0.12583546504692456,0.12583546504692456
452,"GRAN VIA DE LES CORTS CATALANES, 1157 (D)",el Besòs i el Maresme,0.3891523162487944,0.3773353044474426,0.011817011801351807,0.011817011801351807,0.42089912382078987,-0.03174680757199544,0.03174680757199544,0.47087522522198566,-0.08172290897319123,0.08172290897319123,0.4853732223619655,-0.09622090611317108,0.09622090611317108,0.4856279,-0.09647557338438428,0.09647557338438428
454,"C/ SARDENYA, 402",el Baix Guinardó,0.1551418550630351,0.20611163018127132,-0.05096977511823622,0.05096977511823622,0.26910799751549974,-0.11396614245246464,0.11396614245246464,0.21738396635324794,-0.06224211129021284,0.06224211129021284,0.22311582894755252,-0.06797397388451742,0.06797397388451742,0.2238744,-0.06873254996340075,0.06873254996340075
455,"C/ PROVENÇA, 595",el Camp de l'Arpa del Clot,0.4141362867251192,0.28310998755327055,0.13102629917184866,0.13102629917184866,0.34611527013697974,0.06802101658813947,0.06802101658813947,0.33871296575133775,0.07542332097378146,0.07542332097378146,0.3625647254980523,0.05157156122706691,0.05157156122706691,0.35276306,0.06137322997005329,0.06137322997005329
456,"C/ MÚRCIA, 1",el Clot,0.4082431437066189,0.4446633224935763,-0.03642017878695741,0.03642017878695741,0.3704671384943504,0.03777600521226848,0.03777600521226848,0.3473820180411572,0.0608611256654617,0.0608611256654617,0.4118336500694418,-0.003590506362822876,0.003590506362822876,0.38176113,0.02648201003581202,0.02648201003581202
457,"C/ GRANADELLA, 10-19 | C/ SAS",el Bon Pastor,0.4987477616239027,0.46930666308949553,0.029441098534407184,0.029441098534407184,0.43107994368567953,0.06766781793822318,0.06766781793822318,0.5099781519237611,-0.01123039029985834,0.01123039029985834,0.4919013197279743,0.0068464418959284234,0.0068464418959284234,0.5166287,-0.017880920989470084,0.017880920989470084
458,"C/ TUCUMÁN, 21",el Bon Pastor,0.3565691579303348,0.43081109130418893,-0.07424193337385415,0.07424193337385415,0.40592447418504773,-0.049355316254712955,0.049355316254712955,0.4548603134057993,-0.09829115547546452,0.09829115547546452,0.4132004781462074,-0.05663132021587264,0.05663132021587264,0.4319682,-0.07539905419735077,0.07539905419735077
459,"PG. SANTA COLOMA, 105",la Trinitat Vella,0.2983101745371857,0.39719360237194545,-0.09888342783475973,0.09888342783475973,0.40626767139166453,-0.10795749685447881,0.10795749685447881,0.37746622841379135,-0.07915605387660563,0.07915605387660563,0.2791148045576192,0.0191953699795665,0.0191953699795665,0.28300318,0.015306993318084772,0.015306993318084772
46,"C/ VILLENA, 1",la Vila Olímpica del Poblenou,0.2395022140784853,0.37124683916121903,-0.13174462508273374,0.13174462508273374,0.42288859754519914,-0.18338638346671385,0.18338638346671385,0.43329233332627193,-0.19379011924778664,0.19379011924778664,0.393249910140005,-0.1537476960615197,0.1537476960615197,0.3910312,-0.151528991575659,0.151528991575659
460,"C/ MIREIA, 28",la Trinitat Vella,0.1782786731282166,0.357500877725083,-0.17922220459686639,0.17922220459686639,0.31796558786097384,-0.13968691473275724,0.13968691473275724,0.24344392443550955,-0.06516525130729295,0.06516525130729295,0.2349572368746493,-0.05667856374643271,0.05667856374643271,0.25258502,-0.0743063505133697,0.0743063505133697
461,"AV. RIO DE JANEIRO, 118",la Prosperitat,0.1858085250338295,0.30983377723354616,-0.12402525219971666,0.12402525219971666,0.3095383241443076,-0.1237297991104781,0.1237297991104781,0.2598712924280373,-0.0740627673942078,0.0740627673942078,0.2493092514208345,-0.06350072638700499,0.06350072638700499,0.2834419,-0.09763337617314072,0.09763337617314072
462,"C/ PALAMÓS, 33",la Trinitat Nova,0.1594400695685782,0.3001008641775079,-0.14066079460892972,0.14066079460892972,0.30148903563568863,-0.14204896606711043,0.14204896606711043,0.24114271656529238,-0.08170264699671417,0.08170264699671417,0.259671012749295,-0.10023094318071679,0.10023094318071679,0.25826657,-0.09882649861532072,0.09882649861532072
463,"C/ PEDROSA, 24",la Trinitat Nova,0.1121649679124197,0.26012225787303395,-0.14795728996061425,0.14795728996061425,0.2609643251906657,-0.148799357278246,0.148799357278246,0.16742561753965174,-0.05526064962723204,0.05526064962723204,0.15739201413295292,-0.045227046220533224,0.045227046220533224,0.16928437,-0.05711940560938511,0.05711940560938511
464,"AV. RIO DE JANEIRO, 96",la Prosperitat,0.2161751992181627,0.33739992861866047,-0.12122472940049778,0.12122472940049778,0.31375822042514123,-0.09758302120697854,0.09758302120697854,0.259792445788755,-0.043617246570592294,0.043617246570592294,0.25577052451795823,-0.039595325299795536,0.039595325299795536,0.2215435,-0.005368306569686732,0.005368306569686732
465,"C/ ROSSELLÓ, 261",la Dreta de l'Eixample,0.1837785040760359,0.22428203448647072,-0.04050353041043481,0.04050353041043481,0.29964577249664043,-0.11586726842060452,0.11586726842060452,0.181736789969535,0.0020417141065009192,0.0020417141065009192,0.17628031995200186,0.007498184124034052,0.007498184124034052,0.1863456,-0.002567102966276713,0.002567102966276713
466,"C/ PABLO IGLESIAS, 21",la Prosperitat,0.1685416901514297,0.21556872538234634,-0.04702703523091664,0.04702703523091664,0.26942152758606575,-0.10087983743463605,0.10087983743463605,0.20121205706311052,-0.03267036691168082,0.03267036691168082,0.1377112481445798,0.030830442006849895,0.030830442006849895,0.15843248,0.010109206478333993,0.010109206478333993
467,PL. JESÚS CARRASCO,Verdun,0.1062899908592321,0.1838456594943141,-0.07755566863508201,0.07755566863508201,0.1965049229001642,-0.09021493204093209,0.09021493204093209,0.14224805543286118,-0.03595806457362907,0.03595806457362907,0.14630348265716103,-0.04001349179792893,0.04001349179792893,0.12958647,-0.02329648224810585,0.02329648224810585
468,"C/ NOU BARRIS, 23",les Roquetes,0.1018727295502943,0.14138859625682743,-0.03951586670653312,0.03951586670653312,0.15129358208589355,-0.04942085253559925,0.04942085253559925,0.13582202297203474,-0.03394929342174044,0.03394929342174044,0.14525707640222185,-0.04338434685192755,0.04338434685192755,0.14598341,-0.04411068331152973,0.04411068331152973
469,"C/ SANT FRANCESC XAVIER, 1",la Prosperitat,0.3201848303843119,0.23459841823144606,0.08558641215286583,0.08558641215286583,0.2472046686981196,0.07298016168619229,0.07298016168619229,0.17603148951959655,0.14415334086471535,0.14415334086471535,0.15156674620795457,0.16861808417635732,0.16861808417635732,0.17683685,0.14334798212533972,0.14334798212533972
47,"C/ RAMON TRIAS FARGAS, 21",la Vila Olímpica del Poblenou,0.38778024913169,0.39144865571053605,-0.0036684065788460396,0.0036684065788460396,0.40287758627047343,-0.015097337138783418,0.015097337138783418,0.41530384494614714,-0.027523595814457125,0.027523595814457125,0.39712670251797316,-0.009346453386283149,0.009346453386283149,0.40392894,-0.0161486863961115,0.0161486863961115
470,"C/ GÒNGORA, 23",Verdun,0.0833476599808978,0.1965650430209364,-0.11321738304003859,0.11321738304003859,0.19703314393083426,-0.11368548394993647,0.11368548394993647,0.16991512434951642,-0.08656746436861862,0.08656746436861862,0.2048979244419191,-0.1215502644610213,0.1215502644610213,0.20692399,-0.12357633146082889,0.12357633146082889
471,"PG. VALLDAURA, 171",la Guineueta,0.1274715115840314,0.21987679115903136,-0.09240527957499997,0.09240527957499997,0.22875099347383285,-0.10127948188980146,0.10127948188980146,0.20870825325512243,-0.08123674167109105,0.08123674167109105,0.18892509512771258,-0.06145358354368119,0.06145358354368119,0.17937088,-0.05189936854292174,0.05189936854292174
472,"VIA FAVÈNCIA, 186",la Guineueta,0.1066202712348322,0.10648184776560879,0.00013842346922340876,0.00013842346922340876,0.16592544975931334,-0.05930517852448114,0.05930517852448114,0.17589521731151905,-0.06927494607668686,0.06927494607668686,0.2034990549286191,-0.09687878369378691,0.09687878369378691,0.21684535,-0.11022507724253139,0.11022507724253139
473,"PG. FABRA I PUIG, 449",la Guineueta,0.1273615023474178,0.1628835683227847,-0.03552206597536689,0.03552206597536689,0.1844515213695316,-0.0570900190221138,0.0570900190221138,0.14094662204583283,-0.013585119698415027,0.013585119698415027,0.1158792402270327,0.011482262120385098,0.011482262120385098,0.12816884,-0.0008073338885822567,0.0008073338885822567
474,"VIA FAVÈNCIA, 47",Canyelles,0.1041877981892633,0.07587307973453611,0.02831471845472719,0.02831471845472719,0.15789160950529998,-0.05370381131603669,0.05370381131603669,0.17018685846001413,-0.06599906027075084,0.06599906027075084,0.15557233087539585,-0.05138453268613255,0.05138453268613255,0.260611,-0.15642319948758607,0.15642319948758607
475,"C/ CAMPO FLORIDO, 66",el Congrés i els Indians,0.263957856812714,0.33557620516755743,-0.07161834835484343,0.07161834835484343,0.31050817411841775,-0.04655031730570375,0.04655031730570375,0.24035542938400004,0.023602427428713962,0.023602427428713962,0.31126727388220343,-0.047309417069489434,0.047309417069489434,0.29987893,-0.03592106827235375,0.03592106827235375
476,"C/ PERIODISTES, 9",el Guinardó,0.2827827827827828,0.27454262790117706,0.008240154881605732,0.008240154881605732,0.22602727327463118,0.056755509508151614,0.056755509508151614,0.22417658841627405,0.05860619436650874,0.05860619436650874,0.250587869486918,0.03219491329586477,0.03219491329586477,0.2487012,0.03408158289359975,0.03408158289359975
477,"C/ AMILCAR, 78",la Font d'en Fargues,0.1603112975352723,0.2066751641014393,-0.046363866566167006,0.046363866566167006,0.2249006317879952,-0.0645893342527229,0.0645893342527229,0.20066472898712928,-0.04035343145185699,0.04035343145185699,0.19989887167049078,-0.03958757413521849,0.03958757413521849,0.16027078,4.051721033637712e-05,4.051721033637712e-05
478,"C/ ESCULTOR LLIMONA, 7",Vilapicina i la Torre Llobeta,0.2463232254913012,0.21716150722786987,0.029161718263431335,0.029161718263431335,0.24267124671661455,0.0036519787746866483,0.0036519787746866483,0.17837184441954598,0.06795138107175522,0.06795138107175522,0.19770885579759587,0.048614369693705334,0.048614369693705334,0.1715315,0.07479172705914178,0.07479172705914178
479,"PG. FABRA I PUIG, 344",el Turó de la Peira,0.2137893471564871,0.26064463789026604,-0.04685529073377895,0.04685529073377895,0.2250536091746014,-0.011264262018114313,0.011264262018114313,0.18637404096147098,0.027415306195016115,0.027415306195016115,0.19717525965779767,0.016614087498689423,0.016614087498689423,0.17552468,0.03826466534992276,0.03826466534992276
48,"AV. MERIDIANA, 40",el Parc i la Llacuna del Poblenou,0.3657810930845779,0.4081234532978387,-0.04234236021326082,0.04234236021326082,0.406264817787639,-0.04048372470306111,0.04048372470306111,0.44021465473778837,-0.07443356165321047,0.07443356165321047,0.44031239266784106,-0.07453129958326316,0.07453129958326316,0.46155635,-0.09577525213980259,0.09577525213980259
480,"PG. FABRA I PUIG, 385",Horta,0.1911078717201166,0.09510440030325559,0.096003471416861,0.096003471416861,0.18810781474914143,0.0030000569709751623,0.0030000569709751623,0.20014769696719398,-0.009039825247077388,0.009039825247077388,0.17796782999529795,0.01314004172481864,0.01314004172481864,0.15099175,0.04011611897639558,0.04011611897639558
481,"PG. FABRA I PUIG, 411",Horta,0.2416444394354909,0.14383557131464925,0.09780886812084166,0.09780886812084166,0.2026044961725672,0.039039943262923704,0.039039943262923704,0.155661029838747,0.08598340959674391,0.08598340959674391,0.14048380049987094,0.10116063893561997,0.10116063893561997,0.12338431,0.11826012764025623,0.11826012764025623
482,"PG. UNIVERSAL, 29 | C/ DOCTOR LETAMENDI",Horta,0.3589576579135528,0.1068561845635157,0.2521014733500371,0.2521014733500371,0.17825386734044543,0.18070379057310734,0.18070379057310734,0.1361196977739506,0.22283796013960216,0.22283796013960216,0.14095083912928236,0.21800681878427042,0.21800681878427042,0.122257285,0.23670037309347297,0.23670037309347297
483,"BAIXADA DE LA PLANA, 35",Horta,0.2142444482020065,0.18439620138417118,0.029848246817835322,0.029848246817835322,0.21265939061858025,0.0015850575834262526,0.0015850575834262526,0.2078044254143223,0.006440022787684185,0.006440022787684185,0.16014275073113343,0.05410169747087307,0.05410169747087307,0.1586772,0.055567242758624236,0.055567242758624236
484,"C/ EDUARD TODA, 33 | C/ DOCTOR LETAMENDI",Horta,0.0754328442604618,0.08468402420596186,-0.009251179945500052,0.009251179945500052,0.18057183835421173,-0.10513899409374992,0.10513899409374992,0.18053739280106534,-0.10510454854060354,0.10510454854060354,0.20164843657129902,-0.12621559231083723,0.12621559231083723,0.17698954,-0.10155669619726372,0.10155669619726372
485,"PG. VALLDAURA, 26",Horta,0.1012849584278155,0.10535472235436086,-0.004069763926545358,0.004069763926545358,0.13048336412823566,-0.029198405700420163,0.029198405700420163,0.1319159120231576,-0.03063095359534211,0.03063095359534211,0.10536912041418563,-0.004084161986370127,0.004084161986370127,0.115337096,-0.01405213772687429,0.01405213772687429
486,"C/ PORTO, 35 | AV. ESTATUT DE CATALUNYA",Horta,0.2254001352569882,0.17869214455908053,0.04670799069790768,0.04670799069790768,0.21471517199735768,0.010684963259630531,0.010684963259630531,0.1995396207988792,0.025860514458108996,0.025860514458108996,0.1554803452969835,0.0699197899600047,0.0699197899600047,0.16559575,0.059804380275947255,0.059804380275947255
487,"C/ LISBOA, 128",el Carmel,0.1270562797667497,0.1445898899908326,-0.017533610224082896,0.017533610224082896,0.14078199604966968,-0.013725716282919964,0.013725716282919964,0.1587535593335382,-0.0316972795667885,0.0316972795667885,0.22065369703978174,-0.09359741727303203,0.09359741727303203,0.16779113,-0.04073484839181962,0.04073484839181962
488,"AV. CAN MARCET, 36",la Vall d'Hebron,0.1448737867321539,0.02912426838738985,0.11574951834476405,0.11574951834476405,0.08011578440888081,0.06475800232327308,0.06475800232327308,0.12961748940487963,0.015256297327274265,0.015256297327274265,0.07035278203638205,0.07452100469577184,0.07452100469577184,0.09906486,0.04580892996449948,0.04580892996449948
489,"C/ JORGE MANRIQUE, 15",la Vall d'Hebron,0.134064017159055,0.10055723190106178,0.03350678525799322,0.03350678525799322,0.1261364710864734,0.007927546072581587,0.007927546072581587,0.10849162481396214,0.025572392345092856,0.025572392345092856,0.0907356284509544,0.0433283887081006,0.0433283887081006,0.074792154,0.059271863025735144,0.059271863025735144
49,"C/ ROSA SENSAT, 20",la Vila Olímpica del Poblenou,0.6438112438789716,0.4912531791279805,0.1525580647509911,0.1525580647509911,0.41094771001374536,0.23286353386522624,0.23286353386522624,0.5830321303022846,0.06077911357668697,0.06077911357668697,0.5592652875751583,0.08454595630381334,0.08454595630381334,0.54481167,0.09899957786716129,0.09899957786716129
490,"PG. VALL D'HEBRÓN, 168",la Vall d'Hebron,0.1746394312154384,-0.13532435582101088,0.3099637870364493,0.3099637870364493,0.04130149368220909,0.1333379375332293,0.1333379375332293,0.16548928248094222,0.009150148734496183,0.009150148734496183,0.17214536512644274,0.002494066088995661,0.002494066088995661,0.17425737,0.0003820633660884254,0.0003820633660884254
491,"C/ PARE MARIANA, 24",la Vall d'Hebron,0.0588033931135824,0.027095024817893443,0.03170836829568896,0.03170836829568896,0.07295684393190222,-0.014153450818319813,0.014153450818319813,0.11731180503015988,-0.05850841191657748,0.05850841191657748,0.10541704690095932,-0.04661365378737692,0.04661365378737692,0.108838595,-0.050035202336342066,0.050035202336342066
492,PL. TETUAN,la Dreta de l'Eixample,0.1664132026585558,0.30277012151209987,-0.13635691885354406,0.13635691885354406,0.3595423293352635,-0.19312912667670767,0.19312912667670767,0.2704252921638929,-0.10401208950533708,0.10401208950533708,0.28591825213756406,-0.11950504947900825,0.11950504947900825,0.27436307,-0.10794986806783885,0.10794986806783885
493,"PG. VALL D'HEBRÓN, 80",Vallcarca i els Penitents,0.1122232246908011,-0.01696953726353706,0.12919276195433815,0.12919276195433815,-0.022776350270028167,0.13499957496082926,0.13499957496082926,0.17260341553213304,-0.06038019084133195,0.06038019084133195,0.17220674639488578,-0.05998352170408469,0.05998352170408469,0.16112375,-0.04890052790319305,0.04890052790319305
494,"RBLA. CATALUNYA, 33 - C/ DIPUTACIÓ",la Dreta de l'Eixample,0.2785219094985117,0.2336900234854175,0.04483188601309418,0.04483188601309418,0.3307251148094563,-0.052203205310944634,0.052203205310944634,0.24521784627429818,0.033304063224213504,0.033304063224213504,0.24076686705696157,0.03775504244155012,0.03775504244155012,0.24323742,0.035284488581954376,0.035284488581954376
495,"C/ DIPUTACIÓ, 22",la Nova Esquerra de l'Eixample,0.3271422133522179,0.3592171999096412,-0.0320749865574233,0.0320749865574233,0.36580676507020876,-0.03866455171799088,0.03866455171799088,0.37261879973416484,-0.04547658638194696,0.04547658638194696,0.3855911873275402,-0.05844897397532234,0.05844897397532234,0.3689497,-0.04180749797056654,0.04180749797056654
496,"C/ PROVENÇA,  445",la Sagrada Família,0.1560032191539661,0.3481156246655898,-0.19211240551162373,0.19211240551162373,0.3385515187113114,-0.1825482995573453,0.1825482995573453,0.18714731004104473,-0.031144090887078646,0.031144090887078646,0.2045853275412777,-0.04858210838731161,0.04858210838731161,0.17607872,-0.020075502726946692,0.020075502726946692
497,"PTGE. MALUQUER, 16",Sant Gervasi - la Bonanova,0.0767872572222848,-0.007397772088584664,0.08418502931086946,0.08418502931086946,0.06061604337917603,0.016171213843108767,0.016171213843108767,0.14049575052990246,-0.06370849330761766,0.06370849330761766,0.14429848829051742,-0.06751123106823262,0.06751123106823262,0.15502469,-0.0782374351939063,0.0782374351939063
498,"C/ ESTEVE TERRADAS, 42",Vallcarca i els Penitents,0.2268555537786307,0.012633403544218325,0.21422215023441238,0.21422215023441238,0.04421611315844398,0.18263944062018672,0.18263944062018672,0.1306444383569727,0.096211115421658,0.096211115421658,0.1282126562490891,0.09864289752954161,0.09864289752954161,0.1131595,0.11369605371616504,0.11369605371616504
499,"AV. VALLCARCA, 196",Vallcarca i els Penitents,0.1104551816339746,0.061074436563775536,0.04938074507019906,0.04938074507019906,0.054653481174912144,0.05580170045906245,0.05580170045906245,0.17661193448312915,-0.06615675284915455,0.06615675284915455,0.197809857409823,-0.08735467577584839,0.08735467577584839,0.18058434,-0.07012915965363832,0.07012915965363832
5,"PG. LLUIS COMPANYS, 11 (ARC TRIOMF)","Sant Pere, Santa Caterina i la Ribera",0.174814493460951,0.41061737510813423,-0.23580288164718324,0.23580288164718324,0.401984031481191,-0.22716953802024,0.22716953802024,0.38900140171501907,-0.21418690825406808,0.21418690825406808,0.3623397517399798,-0.1875252582790288,0.1875252582790288,0.33400953,-0.15919503469914423,0.15919503469914423
50,"AV. PARAL.LEL, 54",el Raval,0.4686526479750779,0.4128500227491077,0.05580262522597018,0.05580262522597018,0.4721283478183802,-0.0034756998433023156,0.0034756998433023156,0.4932070546701089,-0.024554406695031006,0.024554406695031006,0.5177187877214412,-0.04906613974636331,0.04906613974636331,0.492462,-0.023809361216435176,0.023809361216435176
500,"C/ ARGENTERA, 23",Vallcarca i els Penitents,0.2407849519822341,0.10159409174248565,0.13919086023974844,0.13919086023974844,0.1262793640727368,0.1145055879094973,0.1145055879094973,0.12565925682060125,0.11512569516163285,0.11512569516163285,0.13179921750500437,0.10898573447722973,0.10898573447722973,0.11897751,0.12180744254324255,0.12180744254324255
501,"C/ ELISA, 1",el Putxet i el Farró,0.1804913783387805,0.09349897872028087,0.08699239961849964,0.08699239961849964,0.14522810938587938,0.03526326895290113,0.03526326895290113,0.14312182525906308,0.03736955307971743,0.03736955307971743,0.13817573068903335,0.04231564764974716,0.04231564764974716,0.13922307,0.04126830938622009,0.04126830938622009
502,"AV. VALLCARCA, 11",Vallcarca i els Penitents,0.1982897258932651,0.21061953365015018,-0.01232980775688508,0.01232980775688508,0.1930426946670594,0.005247031226205706,0.005247031226205706,0.20153290754188846,-0.003243181648623361,0.003243181648623361,0.23070351494125674,-0.03241378904799164,0.03241378904799164,0.21426195,-0.01597222316908231,0.01597222316908231
503,"C/ MAIGNON, 31-41",la Salut,0.1081736909323116,0.09243746658690813,0.015736224345403477,0.015736224345403477,0.1385927476198059,-0.030419056687494284,0.030419056687494284,0.14209223453016534,-0.033918543597853734,0.033918543597853734,0.11825882465727723,-0.010085133724965625,0.010085133724965625,0.13443114,-0.026257447702370096,0.026257447702370096
504,"C/ MASSENS, 76",la Vila de Gràcia,0.1876076216224915,0.23067962822966143,-0.04307200660716992,0.04307200660716992,0.1943143448205849,-0.0067067231980934006,0.0067067231980934006,0.2071046711606078,-0.01949704953811629,0.01949704953811629,0.21477742519615708,-0.02716980357366558,0.02716980357366558,0.22445488,-0.03684725813825068,0.03684725813825068
505,"C/ CAMÈLIES, 78",el Baix Guinardó,0.2282887412911053,0.15777184079607873,0.07051690049502657,0.07051690049502657,0.12637815372163438,0.10191058756947091,0.10191058756947091,0.17266526903748938,0.05562347225361591,0.05562347225361591,0.2197490116730241,0.008539729618081193,0.008539729618081193,0.18997486,0.03831388193422511,0.03831388193422511
506,"C/ GARRIGA I ROCA, 2",el Guinardó,0.2727450537877078,0.15832174940435123,0.11442330438335657,0.11442330438335657,0.1412755521598535,0.1314695016278543,0.1314695016278543,0.157159970254802,0.11558508353290581,0.11558508353290581,0.1915381006930802,0.08120695309462761,0.08120695309462761,0.23404604,0.038699011822223184,0.038699011822223184
507,"C/ SARDENYA, 494",el Baix Guinardó,0.1560517325524646,0.20869966041725135,-0.05264792786478675,0.05264792786478675,0.18904789665222455,-0.032996164099759945,0.032996164099759945,0.19726984294581312,-0.04121811039334852,0.04121811039334852,0.21272455716205402,-0.05667282460958942,0.05667282460958942,0.22253874,-0.06648700689036072,0.06648700689036072
508,"C/ SARDENYA, 465",el Camp d'en Grassot i Gràcia Nova,0.2406487751860212,0.2106052576882479,0.030043517497773314,0.030043517497773314,0.22967710536939884,0.01097166981662237,0.01097166981662237,0.21554517449355304,0.02510360069246817,0.02510360069246817,0.25413679760887997,-0.013488022422858764,0.013488022422858764,0.24484535,-0.0041965704303194296,0.0041965704303194296
51,PL. VICENÇ MARTORELL,el Raval,0.4524281409364858,0.3381678881649218,0.11426025277156399,0.11426025277156399,0.3964044854842924,0.0560236554521934,0.0560236554521934,0.4393578863791032,0.013070254557382588,0.013070254557382588,0.42282048855741794,0.029607652379067873,0.029607652379067873,0.44358408,0.00884405642568259,0.00884405642568259
510,"C/ GRAN DE GRÀCIA, 37",la Vila de Gràcia,0.1724213916433596,0.20941984343925704,-0.03699845179589745,0.03699845179589745,0.27737676766567887,-0.10495537602231927,0.10495537602231927,0.18697752172299464,-0.014556130079635049,0.014556130079635049,0.15038784005881503,0.022033551584544564,0.022033551584544564,0.17076191,0.0016594785822176272,0.0016594785822176272
511,"C/ GRAN DE GRÀCIA, 91",la Vila de Gràcia,0.1781584948688711,0.18951800556088522,-0.01135951069201413,0.01135951069201413,0.26960759658838,-0.09144910171950893,0.09144910171950893,0.1698712093124989,0.008287285556372176,0.008287285556372176,0.17751566857445786,0.000642826294413229,0.000642826294413229,0.15976882,0.018389675059911126,0.018389675059911126
512,"C/ D'ALACANT, 12",les Tres Torres,0.1011188007537539,0.16026170999153733,-0.059142909237783425,0.059142909237783425,0.16243590380621659,-0.061317103052462685,0.061317103052462685,0.1682053037017203,-0.06708650294796639,0.06708650294796639,0.15643176972439818,-0.05531296897064428,0.05531296897064428,0.1632633,-0.06214450526793647,0.06214450526793647
513,"VIA AUGUSTA, 317",Sarrià,0.0805192608226328,0.12576729176774354,-0.045248030945110734,0.045248030945110734,0.1313933541820968,-0.050874093359463995,0.050874093359463995,0.15569735790117192,-0.07517809707853912,0.07517809707853912,0.15514568438408943,-0.07462642356145663,0.07462642356145663,0.13917214,-0.05865287596096705,0.05865287596096705
514,"C/ ARAGÓ, 614",el Clot,0.3712317940611945,0.40028696760032695,-0.02905517353913245,0.02905517353913245,0.4002012700862468,-0.028969476025052288,0.028969476025052288,0.40841603086258865,-0.037184236801394155,0.037184236801394155,0.3995106981528216,-0.02827890409162709,0.02827890409162709,0.39022034,-0.018988550005425375,0.018988550005425375
515,"C/ SANT ADRIÀ, 43",el Bon Pastor,0.4053658765989466,0.5490283895369755,-0.14366251293802895,0.14366251293802895,0.40968762884899157,-0.004321752250044997,0.004321752250044997,0.4477113100648434,-0.04234543346589681,0.04234543346589681,0.43277887122051556,-0.027412994621568987,0.027412994621568987,0.43377346,-0.02840758140505123,0.02840758140505123
516,"C/ SANT ADRIÀ, 88",el Bon Pastor,0.5447625484800206,0.5547350124955409,-0.009972464015520321,0.009972464015520321,0.4161282536901179,0.12863429478990268,0.12863429478990268,0.5110845307129743,0.033678017767046264,0.033678017767046264,0.5465608669298222,-0.0017983184498016058,0.0017983184498016058,0.50700575,0.037756797347055504,0.037756797347055504
517,"AV. RASOS DE PEGUERA, 10",Ciutat Meridiana,0.4122691441441441,0.2984879655337155,0.11378117861042863,0.11378117861042863,0.337443747944611,0.0748253961995331,0.0748253961995331,0.18625384030336062,0.2260153038407835,0.2260153038407835,0.16074351448907676,0.25152562965506736,0.25152562965506736,0.16003878,0.2522303599978352,0.2522303599978352
518,"C/ LLOBREGÓS, 115",el Carmel,0.0831319316611776,0.13855514130762528,-0.055423209646447674,0.055423209646447674,0.149006361739161,-0.06587443007798338,0.06587443007798338,0.16575333596981337,-0.08262140430863577,0.08262140430863577,0.12264687320546053,-0.03951494154428292,0.03951494154428292,0.16572475,-0.08259282267231849,0.08259282267231849
519,"C/ PEDRELL, 52",la Font d'en Fargues,0.2116424627486574,0.10656161810581005,0.10508084464284734,0.10508084464284734,0.14722162283581,0.06442083991284739,0.06442083991284739,0.1349741507296147,0.0766683120190427,0.0766683120190427,0.15000943615628298,0.06163302659237441,0.06163302659237441,0.14342518,0.06821728124059312,0.06821728124059312
52,"PL. SANT MIQUEL, 4",el Barri Gòtic,0.382819547812359,0.42451159367166424,-0.04169204585930525,0.04169204585930525,0.38415218211005747,-0.0013326342976984762,0.0013326342976984762,0.45859709941952154,-0.07577755160716254,0.07577755160716254,0.4101579049702962,-0.0273383571579372,0.0273383571579372,0.4793442,-0.09652464135466371,0.09652464135466371
526,C/ TARONGERS | AV. MIRAMAR (TELEFÈRIC),el Poble-sec,0.1926135995857337,0.2638462441379039,-0.07123264455217021,0.07123264455217021,0.2089376484111547,-0.01632404882542099,0.01632404882542099,0.17599435440556124,0.016619245180172465,0.016619245180172465,0.1795624184470317,0.013051181138702017,0.013051181138702017,0.16222939,0.03038421063347846,0.03038421063347846
527,"PG. OLIMPIC, 8",el Poble-sec,0.2263775817880295,0.2316132872530645,-0.00523570546503499,0.00523570546503499,0.23890019591555123,-0.01252261412752173,0.01252261412752173,0.19995157630872887,0.02642600547930063,0.02642600547930063,0.2050860740424345,0.02129150774559499,0.02129150774559499,0.21420787,0.012169709039654558,0.012169709039654558
53,PL. CARLES PI I SUNYER,el Barri Gòtic,0.4723151304646127,0.3683784359187997,0.103936694545813,0.103936694545813,0.3943480652998427,0.07796706516477003,0.07796706516477003,0.47885247376292417,-0.00653734329831146,0.00653734329831146,0.5137710380750489,-0.04145590761043616,0.04145590761043616,0.50392735,-0.03161221957963778,0.03161221957963778
536,Estación de TESTING (no usuarios),la Marina del Prat Vermell,0.9117647058823528,0.2510550667055682,0.6607096391767846,0.6607096391767846,0.3518262795017136,0.5599384263806393,0.5599384263806393,0.2594508854159532,0.6523138204663996,0.6523138204663996,0.2841044602285871,0.6276602456537657,0.6276602456537657,0.2876635,0.6241012163021984,0.6241012163021984
537,"AV. ESTADI, 12",el Poble-sec,0.3430506745266977,0.31634015020568856,0.02671052432100912,0.02671052432100912,0.26654258229218897,0.07650809223450872,0.07650809223450872,0.19190760361900686,0.15114307090769083,0.15114307090769083,0.17015579845006554,0.17289487607663215,0.17289487607663215,0.18391804,0.15913263055563598,0.15913263055563598
538,"AV. ESTADI, 38",el Poble-sec,0.1275802860485301,0.34408822648636234,-0.21650794043783222,0.21650794043783222,0.22995342842704253,-0.10237314237851242,0.10237314237851242,0.2420834247644557,-0.1145031387159256,0.1145031387159256,0.3017948994356786,-0.1742146133871485,0.1742146133871485,0.2697802,-0.1421999027503743,0.1421999027503743
539,"C/ FRANÇA XICA, 4",el Poble-sec,0.4673906230412435,0.5069077880808812,-0.0395171650396377,0.0395171650396377,0.3588433152331757,0.10854730780806782,0.10854730780806782,0.39857915479282785,0.06881146824841566,0.06881146824841566,0.4182069592661278,0.04918366377511574,0.04918366377511574,0.44336402,0.024026598878951033,0.024026598878951033
54,"C/ SANT OLEGUER, 2",el Raval,0.4532532865075221,0.5785385156466636,-0.12528522913914147,0.12528522913914147,0.4384226313139429,0.014830655193579234,0.014830655193579234,0.4711439245478381,-0.017890638040315987,0.017890638040315987,0.4677328033837363,-0.014479516876214182,0.014479516876214182,0.47241175,-0.019158465239609235,0.019158465239609235
540,"C/ MANDONI, 6",la Font de la Guatlla,0.4009301014656144,0.41468992266853105,-0.013759821202916633,0.013759821202916633,0.3825653801364251,0.018364721329189315,0.018364721329189315,0.41386424393971366,-0.012934142474099242,0.012934142474099242,0.4776580106983571,-0.0767279092327427,0.0767279092327427,0.45568877,-0.05475867312010946,0.05475867312010946
541,"C/ MARBRE, 2",la Marina de Port,0.2386050953352109,0.292407859838477,-0.0538027645032661,0.0538027645032661,0.3659114730538192,-0.1273063777186083,0.1273063777186083,0.4295089514999679,-0.19090385616475697,0.19090385616475697,0.357809125582974,-0.1192040302477631,0.1192040302477631,0.34103134,-0.10242624740961637,0.10242624740961637
544,"C/ MONTFAR, 1",la Font de la Guatlla,0.3838056206088993,0.36351308745574984,0.02029253315314944,0.02029253315314944,0.3325635712042503,0.05124204940464899,0.05124204940464899,0.30060101805887335,0.08320460255002593,0.08320460255002593,0.2864671501926114,0.0973384704162879,0.0973384704162879,0.30009228,0.08371334069785802,0.08371334069785802
547,"C/ MALLORCA, 194 (xamfrà)",l'Antiga Esquerra de l'Eixample,0.1969888676877238,0.2485624056830934,-0.051573537995369595,0.051573537995369595,0.3191216856923841,-0.12213281800466028,0.12213281800466028,0.21167638504465291,-0.014687517356929108,0.014687517356929108,0.23191066756273299,-0.03492179987500918,0.03492179987500918,0.22513798,-0.028149111104466745,0.028149111104466745
55,"LA RAMBLA, 56",el Barri Gòtic,0.5479709654368348,0.4360666691084767,0.11190429632835808,0.11190429632835808,0.40464456703301144,0.14332639840382333,0.14332639840382333,0.49993111122214867,0.048039854214686095,0.048039854214686095,0.5235458817548423,0.024425083681992477,0.024425083681992477,0.502203,0.04576797776593633,0.04576797776593633
553,"VIA AUGUSTA, 68",la Vila de Gràcia,0.0765286705006765,0.10481709888501387,-0.028288428384337372,0.028288428384337372,0.250318157790893,-0.1737894872902165,0.1737894872902165,0.17308016503240722,-0.09655149453173073,0.09655149453173073,0.14623003336536106,-0.06970136286468456,0.06970136286468456,0.14371108,-0.06718240468605294,0.06718240468605294
554,"C/ AVENIR, 35",Sant Gervasi - Galvany,0.1005924402663533,0.1875671910668193,-0.08697475080046599,0.08697475080046599,0.24852111060802795,-0.14792867034167465,0.14792867034167465,0.14993447258434034,-0.049342032317987033,0.049342032317987033,0.1800879030920496,-0.0794954628256963,0.0794954628256963,0.16135336,-0.06076092432047683,0.06076092432047683
558,"RBLA MUNTANYA, 49",el Guinardó,0.1436164833775755,0.2785312541795917,-0.1349147708020162,0.1349147708020162,0.27105391926363787,-0.12743743588606238,0.12743743588606238,0.26738220282850994,-0.12376571945093445,0.12376571945093445,0.27270113808393076,-0.12908465470635527,0.12908465470635527,0.29622117,-0.15260468347156086,0.15260468347156086
561,"C/ MANILA, 53",Pedralbes,0.2242683110809383,0.28013358143775907,-0.05586527035682076,0.05586527035682076,0.22839119169309052,-0.004122880612152213,0.004122880612152213,0.16003836228508223,0.06422994879585608,0.06422994879585608,0.1403429262696624,0.0839253848112759,0.0839253848112759,0.18203267,0.04223563652992818,0.04223563652992818
563,"C/ ENTENÇA, 301",les Corts,0.2406576769728428,0.19513111378360629,0.04552656318923651,0.04552656318923651,0.26398682144363705,-0.02332914447079426,0.02332914447079426,0.1646473721015522,0.0760103048712906,0.0760103048712906,0.17422095907599594,0.06643671789684685,0.06643671789684685,0.1767905,0.06386717132518349,0.06386717132518349
564,"C/ CARRERA, 1",el Poble-sec,0.5537193431780973,0.4840650610727543,0.06965428210534302,0.06965428210534302,0.43354462097144103,0.12017472220665631,0.12017472220665631,0.5137911033608072,0.0399282398172901,0.0399282398172901,0.566123609783707,-0.01240426660560967,0.01240426660560967,0.52601725,0.027702094547573664,0.027702094547573664
565,"C/ FRA JUNÍPER SERRA, 53 | C/ SANTANDER",el Bon Pastor,0.5809292805569881,0.5618907695762634,0.019038510980724732,0.019038510980724732,0.4205451040027412,0.16038417655424692,0.16038417655424692,0.5134155241038372,0.06751375645315094,0.06751375645315094,0.546554718894713,0.03437456166227515,0.03437456166227515,0.5332466,0.047682703770946855,0.047682703770946855
566,"C/ CRISTÓBAL DE MOURA, 163 (xamfrà)",Provençals del Poblenou,0.6477016674177557,0.6332224515941158,0.014479215823639868,0.014479215823639868,0.4455176495187848,0.2021840178989709,0.2021840178989709,0.5439490493476365,0.10375261807011915,0.10375261807011915,0.5537356885575765,0.09396597886017921,0.09396597886017921,0.5348496,0.11285208331512508,0.11285208331512508
567,"C/ RAMON TURRÓ, 182 (xamfrà)",el Poblenou,0.6244391323941454,0.5654613735031624,0.058977758890983,0.058977758890983,0.4408099919629567,0.18362914043118866,0.18362914043118866,0.5857280422924545,0.03871109010169094,0.03871109010169094,0.6038395490560207,0.020599583338124727,0.020599583338124727,0.6382721,-0.013832974253346064,0.013832974253346064
568,"C/ ROMÁN MACAYA, 8",Sant Gervasi - la Bonanova,0.0903923673899939,-0.025942791355356654,0.11633515874535055,0.11633515874535055,0.01296781653414586,0.07742455085584804,0.07742455085584804,0.13676969966511693,-0.04637733227512303,0.04637733227512303,0.15292115181031712,-0.06252878442032322,0.06252878442032322,0.14168175,-0.051289378258390195,0.051289378258390195
569,"C/ QUATRE CAMINS, 46",Sant Gervasi - la Bonanova,0.0942216715476458,0.030757753497547835,0.06346391805009796,0.06346391805009796,0.024711268327332392,0.0695104032203134,0.0695104032203134,0.13923426668762043,-0.04501259513997463,0.04501259513997463,0.1538847436015377,-0.0596630720538919,0.0596630720538919,0.16736832,-0.0731466510632093,0.0731466510632093
57,"LA RAMBLA, 1",el Raval,0.7354401847518244,0.4940219639434199,0.24141822080840447,0.24141822080840447,0.4292909239330466,0.3061492608187778,0.3061492608187778,0.5263786106975792,0.2090615740542452,0.2090615740542452,0.46309558478687746,0.2723445999649469,0.2723445999649469,0.52363765,0.21180253235466862,0.21180253235466862
572,"AV. CAN MARCET, 3",la Vall d'Hebron,0.1021589991928975,0.0788401198293926,0.023318879363504907,0.023318879363504907,0.13656212539015847,-0.034403126197260964,0.034403126197260964,0.1766446031058115,-0.074485603912914,0.074485603912914,0.2082932892180644,-0.10613429002516689,0.10613429002516689,0.17670298,-0.07454397703390914,0.07454397703390914
573," AV. MARTÍ CODOLAR, 2 | COLL I ALENTORN",la Vall d'Hebron,0.0527423981640849,0.05175711717709264,0.0009852809869922638,0.0009852809869922638,0.09086190438619293,-0.03811950622210803,0.03811950622210803,0.1506613499152414,-0.0979189517511565,0.0979189517511565,0.1635326957358061,-0.11079029757172118,0.11079029757172118,0.15730196,-0.10455956421155596,0.10455956421155596
577,"PTGE. CALAFELL, 3",el Carmel,0.1185187723669974,0.11138573757357129,0.007133034793426113,0.007133034793426113,0.09504566245436638,0.02347310991263102,0.02347310991263102,0.15314567808196275,-0.03462690571496535,0.03462690571496535,0.1445386009876336,-0.026019828620636204,0.026019828620636204,0.15252315,-0.03400437271261533,0.03400437271261533
58,"C/ VALLDONZELLA, 2",el Raval,0.3746827547640555,0.34279909545306575,0.03188365931098974,0.03188365931098974,0.3982136160236913,-0.023530861259635827,0.023530861259635827,0.45536020714109654,-0.08067745237704105,0.08067745237704105,0.47041919986553005,-0.09573644510147455,0.09573644510147455,0.44524944,-0.07056668352177214,0.07056668352177214
581,"AV. JORDÀ, 18",Sant Genís dels Agudells,0.1722217748429698,-0.18391004846826137,0.35613182331123117,0.35613182331123117,-0.06549943313220508,0.23772120797517488,0.23772120797517488,0.1305675876327357,0.04165418721023409,0.04165418721023409,0.12387871067871899,0.04834306416425081,0.04834306416425081,0.12655295,0.04566882052683058,0.04566882052683058
582,"C/ JUDEA, 1",Sant Genís dels Agudells,0.1550756661675558,-0.042389774810140946,0.19746544097769675,0.19746544097769675,-0.006829881314041608,0.1619055474815974,0.1619055474815974,0.15012834696403504,0.004947319203520761,0.004947319203520761,0.1225742810301036,0.03250138513745221,0.03250138513745221,0.12851493,0.026560735561667437,0.026560735561667437
59,"C/ AGUSTÍ DURAN I SANPERE, 1",el Raval,0.5082799393320333,0.438165337871292,0.07011460146074128,0.07011460146074128,0.4112471210864823,0.09703281824555099,0.09703281824555099,0.47690758332067057,0.031372356011362734,0.031372356011362734,0.489819082528991,0.018460856803042325,0.018460856803042325,0.4778474,0.030432542004610208,0.030432542004610208
595,"C/ BRUC, 88",la Dreta de l'Eixample,0.1211452813169466,0.29077490923536264,-0.16962962791841604,0.16962962791841604,0.3378000429619058,-0.2166547616449592,0.2166547616449592,0.26044589189247735,-0.13930061057553075,0.13930061057553075,0.23777958712399788,-0.11663430580705128,0.11663430580705128,0.21254718,-0.0914019017198576,0.0914019017198576
596,"C/ DIPUTACIÓ, 303",la Dreta de l'Eixample,0.2466912239244616,0.27601757395813004,-0.02932635003366843,0.02932635003366843,0.34099991100030425,-0.09430868707584264,0.09430868707584264,0.25343946002407863,-0.006748236099617028,0.006748236099617028,0.2784280988415321,-0.03173687491707047,0.03173687491707047,0.26758072,-0.020889493877586124,0.020889493877586124
597,"C/ PROVENÇA, 310",la Dreta de l'Eixample,0.1497401280854761,0.2342878502242037,-0.0845477221387276,0.0845477221387276,0.3049423498763584,-0.15520222179088228,0.15520222179088228,0.17232484410076482,-0.02258471601528872,0.02258471601528872,0.17380772693954014,-0.024067598854064037,0.024067598854064037,0.16995946,-0.020219327643054785,0.020219327643054785
598,"C/ BRUC, 103 (xamfrà)",la Dreta de l'Eixample,0.1177954684629516,0.22909998113930913,-0.11130451267635753,0.11130451267635753,0.31748700591973394,-0.19969153745678236,0.19969153745678236,0.19847097399434677,-0.08067550553139517,0.08067550553139517,0.19256858197536075,-0.07477311351240916,0.07477311351240916,0.19011775,-0.0723222781286164,0.0723222781286164
599,"C/ VALÈNCIA, 312 (xamfrà)",la Dreta de l'Eixample,0.2114613376947071,0.29898878174036175,-0.08752744404565466,0.08752744404565466,0.3286456225155578,-0.11718428482085069,0.11718428482085069,0.1692614300796022,0.04219990761510489,0.04219990761510489,0.1588689068109254,0.05259243088378171,0.05259243088378171,0.13555668,0.0759046547504093,0.0759046547504093
6,"PG. LLUIS COMPANYS, 18 (ARC TRIOMF)","Sant Pere, Santa Caterina i la Ribera",0.232319393928427,0.4246957024041889,-0.19237630847576193,0.19237630847576193,0.3977382138043424,-0.1654188198759154,0.1654188198759154,0.41855298299417665,-0.18623358906574966,0.18623358906574966,0.45064230966416496,-0.21832291573573798,0.21832291573573798,0.32353106,-0.09121166748247694,0.09121166748247694
60,"RBLA. CATALUNYA, 47",la Dreta de l'Eixample,0.2495342172761527,0.266995450042809,-0.017461232766656315,0.017461232766656315,0.3255326600583938,-0.07599844278224113,0.07599844278224113,0.21374183785280412,0.035792379423348564,0.035792379423348564,0.19764896211304062,0.05188525516311207,0.05188525516311207,0.2163757,0.03315852359729679,0.03315852359729679
600,"C/ VALÈNCIA, 237",la Dreta de l'Eixample,0.2113655138748075,0.2756586421367903,-0.0642931282619828,0.0642931282619828,0.31218402657715466,-0.10081851270234715,0.10081851270234715,0.20787887239384442,0.0034866414809630875,0.0034866414809630875,0.2507158713893764,-0.03935035751456889,0.03935035751456889,0.23436728,-0.023001767323694078,0.023001767323694078
602,"C/ ROSSELLÓ, 497 (xamfrà)",la Sagrada Família,0.2346762346027799,0.2913087501950859,-0.056632515592306004,0.056632515592306004,0.3154492806296738,-0.08077304602689392,0.08077304602689392,0.21621049346237137,0.018465741140408526,0.018465741140408526,0.23155110416622932,0.003125130436550577,0.003125130436550577,0.22842778,0.006248451948017625,0.006248451948017625
603,"C/ CÒRSEGA, 612 (xamfrà)",la Sagrada Família,0.2454047914085089,0.2726540529537712,-0.027249261545262304,0.027249261545262304,0.3005144587559226,-0.05510966734741368,0.05510966734741368,0.22969198820381023,0.015712803204698672,0.015712803204698672,0.2179148071980934,0.027489984210415513,0.027489984210415513,0.22317204,0.02223275261494506,0.02223275261494506
604,"C/ CÒRSEGA, 578",la Sagrada Família,0.2222995926647454,0.23964677272156873,-0.01734718005682334,0.01734718005682334,0.2953238193720634,-0.07302422670731804,0.07302422670731804,0.20148287792738212,0.020816714737363268,0.020816714737363268,0.1817346849352511,0.04056490772949428,0.04056490772949428,0.21367761,0.008621977737453518,0.008621977737453518
608,"C/ PAMPLONA, 116 (xamfrà)",el Parc i la Llacuna del Poblenou,0.4908475619135518,0.36181987714976727,0.1290276847637845,0.1290276847637845,0.44106706733936396,0.04978049457418782,0.04978049457418782,0.5178354307086391,-0.026987868795087355,0.026987868795087355,0.46469850911867344,0.026149052794878336,0.026149052794878336,0.48095778,0.009889785605492085,0.009889785605492085
609,"C/ ÀVILA, 94",el Parc i la Llacuna del Poblenou,0.554015826472689,0.5692812625862451,-0.01526543611355613,0.01526543611355613,0.45639380005190544,0.09762202642078355,0.09762202642078355,0.5681781288974475,-0.014162302424758466,0.014162302424758466,0.5969113708124285,-0.04289554433973952,0.04289554433973952,0.568558,-0.014542151203702613,0.014542151203702613
61,"C/ ARAGÓ, 288",la Dreta de l'Eixample,0.2500303461191649,0.27816224864601774,-0.028131902526852826,0.028131902526852826,0.33054072274763635,-0.08051037662847144,0.08051037662847144,0.1982957759343826,0.05173457018478231,0.05173457018478231,0.2276766707154382,0.022353675403726708,0.022353675403726708,0.22997133,0.020059011780976743,0.020059011780976743
610,"C/ ÀVILA, 102",el Parc i la Llacuna del Poblenou,0.4105321202095395,0.5637118000794135,-0.15317967986987396,0.15317967986987396,0.45682933438963425,-0.04629721418009475,0.04629721418009475,0.5690181050987463,-0.1584859848892068,0.1584859848892068,0.5890322056965205,-0.17850008548698099,0.17850008548698099,0.5648637,-0.1543315615836734,0.1543315615836734
62,"PL. CATALUNYA, 5",la Dreta de l'Eixample,0.4023924886982729,0.3357212462233992,0.06667124247487366,0.06667124247487366,0.3610673924163479,0.04132509628192499,0.04132509628192499,0.39192421261752003,0.010468276080752847,0.010468276080752847,0.3674714317094167,0.03492105698885617,0.03492105698885617,0.36655822,0.03583426473548906,0.03583426473548906
63,"PL. CATALUNYA, 7",la Dreta de l'Eixample,0.3972489719096054,0.3389553140348673,0.058293657874738114,0.058293657874738114,0.36938747113052534,0.02786150077908006,0.02786150077908006,0.39355246526008614,0.00369650664951926,0.00369650664951926,0.3615652141964504,0.03568375771315502,0.03568375771315502,0.3719057,0.02534325763615264,0.02534325763615264
64,"PL. CATALUNYA, 10-11 (LA RAMBLA)",la Dreta de l'Eixample,0.4275617038968893,0.3129109794116709,0.1146507244852184,0.1146507244852184,0.3585214041149353,0.06904029978195397,0.06904029978195397,0.3500794506108871,0.07748225328600222,0.07748225328600222,0.36382271010636286,0.06373899379052644,0.06373899379052644,0.36702603,0.06053567287958583,0.06053567287958583
65,"PL. CATALUNYA, 10-11 (PG. DE GRÀCIA)",la Dreta de l'Eixample,0.4884330759330759,0.2968561952573706,0.19157688067570527,0.19157688067570527,0.35897125768819454,0.12946181824488134,0.12946181824488134,0.34511449149979,0.14331858443328588,0.14331858443328588,0.36716481268348583,0.12126826324959006,0.12126826324959006,0.35131904,0.13711403110466097,0.13711403110466097
66,"GRAN VIA DE LES CORTS CATALANES, 609",la Dreta de l'Eixample,0.2932827827263502,0.23885854452346314,0.05442423820288708,0.05442423820288708,0.35220589431046356,-0.05892311158411334,0.05892311158411334,0.3001995129869865,-0.006916730260636272,0.006916730260636272,0.34480074866300475,-0.05151796593665453,0.05151796593665453,0.31502745,-0.021744662828383055,0.021744662828383055
67,"C/ ROCAFORT, 214 | C/ ROSSELLÓ",la Nova Esquerra de l'Eixample,0.2111570187175604,0.22239447432621118,-0.011237455608650776,0.011237455608650776,0.3059255671734077,-0.09476854845584728,0.09476854845584728,0.188673522293852,0.022483496423708393,0.022483496423708393,0.19798628863928394,0.01317073007827646,0.01317073007827646,0.18009937,0.031057650622162453,0.031057650622162453
68,"RAMBLA CATALUNYA, 133 /  CÒRSEGA",la Dreta de l'Eixample,0.121433250305617,0.2063530251495414,-0.0849197748439244,0.0849197748439244,0.2846042275492748,-0.16317097724365778,0.16317097724365778,0.2017575682007712,-0.08032431789515421,0.08032431789515421,0.198162383086647,-0.07672913278103,0.07672913278103,0.20376064,-0.08232738852742896,0.08232738852742896
69,"CARRER DE LA MARINA,25-33",la Vila Olímpica del Poblenou,0.3502478078536027,0.39142468153556187,-0.04117687368195916,0.04117687368195916,0.4082462209634365,-0.05799841310983378,0.05799841310983378,0.4457899490639648,-0.09554214121036209,0.09554214121036209,0.4721750508271544,-0.12192724297355167,0.12192724297355167,0.43654528,-0.08629747474870747,0.08629747474870747
7,"PG. PUJADES,  1 (JUTJATS)","Sant Pere, Santa Caterina i la Ribera",0.551401506328131,0.43248789537848714,0.11891361094964387,0.11891361094964387,0.4138953771348937,0.1375061291932373,0.1375061291932373,0.49675650350572653,0.054645002822404476,0.054645002822404476,0.4795405270569278,0.07186097927120322,0.07186097927120322,0.5091135,0.04228801574661856,0.04228801574661856
70,"C/ COMTE URGELL, 23",Sant Antoni,0.4473576155219287,0.3793274170894619,0.06803019843246683,0.06803019843246683,0.37014072972011935,0.07721688580180935,0.07721688580180935,0.3878535925797855,0.05950402294214319,0.05950402294214319,0.41500861812061635,0.03234899740131236,0.03234899740131236,0.39651418,0.05084343819954101,0.05084343819954101
71,"C/ FLORIDABLANCA, 145",Sant Antoni,0.3219016853229159,0.36524454462934747,-0.04334285930643156,0.04334285930643156,0.3702865009677191,-0.04838481564480318,0.04838481564480318,0.35912909536271503,-0.037227410039799125,0.037227410039799125,0.3928007732618045,-0.0708990879388886,0.0708990879388886,0.3798949,-0.057993226919973495,0.057993226919973495
72,"C/ PROVENÇA, 215",la Dreta de l'Eixample,0.2447679557089732,0.22334317365437473,0.021424782054598468,0.021424782054598468,0.29670350327389455,-0.05193554756492136,0.05193554756492136,0.18046171288031812,0.06430624282865507,0.06430624282865507,0.17534296608778624,0.06942498962118696,0.06942498962118696,0.16245241,0.08231554107712963,0.08231554107712963
73,"C/ ENRIC GRANADOS, 93",l'Antiga Esquerra de l'Eixample,0.1656008976653193,0.2630675612119882,-0.09746666354666891,0.09746666354666891,0.3111864618969904,-0.1455855642316711,0.1455855642316711,0.19887954865887353,-0.03327865099355423,0.03327865099355423,0.2151401984014773,-0.049539300736158004,0.049539300736158004,0.19826803,-0.032667128448190835,0.032667128448190835
74,"AV. JOSEP TARRADELLAS, 133",les Corts,0.2178248301235124,0.17544759586269798,0.04237723426081441,0.04237723426081441,0.2737294382788799,-0.05590460815536752,0.05590460815536752,0.15624022620686825,0.06158460391664414,0.06158460391664414,0.14324554123918004,0.07457928888433235,0.07457928888433235,0.14583173,0.07199309618148053,0.07199309618148053
75,"AV. JOSEP TARRADELLAS, 58",la Nova Esquerra de l'Eixample,0.2054198100814472,0.2667998867878796,-0.06138007670643239,0.06138007670643239,0.3093631090765578,-0.1039432989951106,0.1039432989951106,0.20788549457905697,-0.0024656844976097825,0.0024656844976097825,0.1987627755275358,0.006657034553911395,0.006657034553911395,0.21731937,-0.011899559234653884,0.011899559234653884
76,"C/ CÒRSEGA, 216",l'Antiga Esquerra de l'Eixample,0.1713534717501081,0.2219603883383035,-0.05060691658819541,0.05060691658819541,0.3053973761476195,-0.13404390439751143,0.13404390439751143,0.1822559380472298,-0.010902466297121716,0.010902466297121716,0.16973370094384702,0.0016197708062610783,0.0016197708062610783,0.16456056,0.00679291533836493,0.00679291533836493
77,"AV. FRANCESC CAMBÓ, 10","Sant Pere, Santa Caterina i la Ribera",0.6298741409929735,0.4092848646246974,0.22058927636827608,0.22058927636827608,0.39686167375347053,0.23301246723950292,0.23301246723950292,0.4741729656536549,0.15570117533931854,0.15570117533931854,0.44810124725661227,0.18177289373636119,0.18177289373636119,0.47414213,0.15573200680336774,0.15573200680336774
78,PL. UNIVERSITAT /  ARIBAU,Sant Antoni,0.2276871131119865,0.286324142318648,-0.0586370292066615,0.0586370292066615,0.36783160025898676,-0.14014448714700026,0.14014448714700026,0.32959025521894186,-0.10190314210695536,0.10190314210695536,0.31502893077421473,-0.08734181766222823,0.08734181766222823,0.2841053,-0.05641818779133381,0.05641818779133381
79, PL.  UNIVERSITAT,Sant Antoni,0.2557430782523761,0.30689117710718844,-0.05114809885481236,0.05114809885481236,0.367338844634598,-0.1115957663822219,0.1115957663822219,0.2841081887035265,-0.02836511045115042,0.02836511045115042,0.25390786279480476,0.0018352154575713153,0.0018352154575713153,0.23931094,0.01643214311272001,0.01643214311272001
8,"PG. PUJADES, 2","Sant Pere, Santa Caterina i la Ribera",0.5305866211038625,0.4501843710964367,0.08040225000742574,0.08040225000742574,0.4204565316466008,0.11013008945726166,0.11013008945726166,0.5143751033371029,0.016211517766759553,0.016211517766759553,0.5112771670106507,0.01930945409321172,0.01930945409321172,0.49715197,0.03343465024052017,0.03343465024052017
80,"C/ ENRIC  GRANADOS, 35",l'Antiga Esquerra de l'Eixample,0.2292022054686621,0.2640614983332812,-0.034859292864619085,0.034859292864619085,0.3282512598567934,-0.09904905438813127,0.09904905438813127,0.214358934719654,0.014843270749008097,0.014843270749008097,0.1892082761752891,0.039993929293373004,0.039993929293373004,0.21158417,0.017618039776332695,0.017618039776332695
81,"C/ VILAMARÍ,  61",la Nova Esquerra de l'Eixample,0.3221105662298684,0.30612817393056435,0.015982392299304038,0.015982392299304038,0.36591955198519327,-0.04380898575532488,0.04380898575532488,0.3125954213534267,0.009515144876441672,0.009515144876441672,0.30790263376391985,0.014207932465948536,0.014207932465948536,0.3124323,0.009678277106333233,0.009678277106333233
82,"C/ CALÀBRIA, 112",la Nova Esquerra de l'Eixample,0.4292361894024802,0.3601417950734782,0.069094394329002,0.069094394329002,0.36214471965671924,0.06709146974576097,0.06709146974576097,0.27397600568049346,0.15526018372198674,0.15526018372198674,0.2923745385886848,0.13686165081379542,0.13686165081379542,0.28182906,0.14740713027848729,0.14740713027848729
83,"C/ CALABRIA, 158",la Nova Esquerra de l'Eixample,0.3666056681681682,0.3021975308467417,0.06440813732142647,0.06440813732142647,0.3509092834075624,0.015696384760605808,0.015696384760605808,0.28344095722805285,0.08316471094011535,0.08316471094011535,0.2885476815659504,0.0780579866022178,0.0780579866022178,0.2688049,0.09780076036940111,0.09780076036940111
84,C/ DEL COMTE D'URGELL 75 B,la Nova Esquerra de l'Eixample,0.317897063730397,0.3169582527092236,0.0009388110211733802,0.0009388110211733802,0.3552645130229712,-0.037367449292574184,0.037367449292574184,0.2809870122842569,0.036910051446140124,0.036910051446140124,0.27175255428784706,0.04614450944254994,0.04614450944254994,0.2828743,0.03502277755562283,0.03502277755562283
85,"AV. PARAL·LEL, 146 BIS",Sant Antoni,0.4903209775491113,0.3330959720284715,0.15722500552063978,0.15722500552063978,0.3664135580471743,0.12390741950193701,0.12390741950193701,0.35345042138984895,0.13687055615926236,0.13687055615926236,0.3551510121537518,0.13516996539535953,0.13516996539535953,0.37873733,0.11158364711240476,0.11158364711240476
86,"C/ VILADOMAT,  2",Sant Antoni,0.5036472999877932,0.3807610708880146,0.12288622909977864,0.12288622909977864,0.38179314810905124,0.12185415187874199,0.12185415187874199,0.39327759406523166,0.11036970592256157,0.11036970592256157,0.3979151117894015,0.10573218819839175,0.10573218819839175,0.39863405,0.10501325367164638,0.10501325367164638
87,"C/ ROCAFORT, 187",la Nova Esquerra de l'Eixample,0.3049465270741867,0.34427264405106106,-0.03932611697687438,0.03932611697687438,0.33890456785440265,-0.03395804078021597,0.03395804078021597,0.2858280317536683,0.019118495320518403,0.019118495320518403,0.2902138357436239,0.014732691330562764,0.014732691330562764,0.2560217,0.0489248188241409,0.0489248188241409
88,"C/ LONDRES, 101-103",l'Antiga Esquerra de l'Eixample,0.1407945298372513,0.21976914584315982,-0.07897461600590852,0.07897461600590852,0.27453738528182825,-0.13374285544457695,0.13374285544457695,0.16686247719150465,-0.026067947354253357,0.026067947354253357,0.17742960081295467,-0.03663507097570337,0.03663507097570337,0.16586964,-0.025075108486532577,0.025075108486532577
89,"C/ ROSSELLÓ,  101",la Nova Esquerra de l'Eixample,0.1881220657276995,0.3079615739172328,-0.11983950818953329,0.11983950818953329,0.3354619636767052,-0.14733989794900573,0.14733989794900573,0.18637422882871899,0.0017478368989805038,0.0017478368989805038,0.15364576722183607,0.03447629850586342,0.03447629850586342,0.16729674,0.02082532829521963,0.02082532829521963
9,"AV. MARQUÉS DE L'ARGENTERA,13","Sant Pere, Santa Caterina i la Ribera",0.5601498525521763,0.6088831725306761,-0.048733319978499834,0.048733319978499834,0.41543515947502063,0.14471469307715568,0.14471469307715568,0.5765376781947738,-0.016387825642597442,0.016387825642597442,0.5686345740277184,-0.008484721475542134,0.008484721475542134,0.5578007,0.0023491423509128806,0.0023491423509128806
90,"C/ ROSSELLÓ, 108-110",l'Antiga Esquerra de l'Eixample,0.1699559757866826,0.365866033242251,-0.1959100574555684,0.1959100574555684,0.32028685319755473,-0.15033087741087214,0.15033087741087214,0.19599514982703878,-0.02603917404035619,0.02603917404035619,0.21618496137863963,-0.04622898559195704,0.04622898559195704,0.22263946,-0.052683480604651944,0.052683480604651944
91,"C/ COMTE D'URGELL, 43",Sant Antoni,0.3808644160525214,0.29123421715019837,0.08963019890232304,0.08963019890232304,0.3707657957813596,0.010098620271161818,0.010098620271161818,0.33607001698659666,0.04479439906592475,0.04479439906592475,0.3259885048817652,0.05487591117075624,0.05487591117075624,0.3016384,0.07922602145832891,0.07922602145832891
92,"C / PROVENÇA, 241",la Dreta de l'Eixample,0.1812671245730585,0.25423664774118804,-0.07296952316812955,0.07296952316812955,0.30636322012956446,-0.12509609555650597,0.12509609555650597,0.18711702695702365,-0.005849902383965155,0.005849902383965155,0.220837275754347,-0.03957015118128851,0.03957015118128851,0.19325659,-0.011989462217026348,0.011989462217026348
94,"GRAN VIA DE LES CORTS CATALANES,375",la Nova Esquerra de l'Eixample,0.3713237328463922,0.29384640216298935,0.07747733068340285,0.07747733068340285,0.3638967590170857,0.007426973829306516,0.007426973829306516,0.3205145960926732,0.05080913675371901,0.05080913675371901,0.30107698593390697,0.07024674691248523,0.07024674691248523,0.32211316,0.049210576527727645,0.049210576527727645
95,"C/ TARRAGONA, 103-115",Hostafrancs,0.3061515425008204,0.3240885927151836,-0.017937050214363204,0.017937050214363204,0.3548686822118327,-0.048717139711012325,0.048717139711012325,0.3458948460345521,-0.03974330353373173,0.03974330353373173,0.33643925916095635,-0.030287716660135966,0.030287716660135966,0.35051742,-0.044365879460010305,0.044365879460010305
96,"GRAN VIA DE LES CORTS CATALANES,  368",el Poble-sec,0.2924414210128495,0.45182111908290445,-0.15937969807005498,0.15937969807005498,0.3785460852779045,-0.08610466426505503,0.08610466426505503,0.36975365678648103,-0.07731223577363155,0.07731223577363155,0.3925138650479821,-0.1000724440351326,0.1000724440351326,0.35606456,-0.06362313701632533,0.06362313701632533
97,"C/ TARRAGONA, 141",Hostafrancs,0.3092687368692437,0.28078038635256725,0.028488350516676475,0.028488350516676475,0.34981670002159715,-0.04054796315235343,0.04054796315235343,0.32798088724503643,-0.018712150375792713,0.018712150375792713,0.32713238174092507,-0.01786364487168135,0.01786364487168135,0.3132638,-0.003995066851230522,0.003995066851230522
98," C/ DOLORS BATLLE I SUNYER, 2",Sants,0.1676142824653172,0.33587548352493735,-0.16826120105962014,0.16826120105962014,0.3503581940730945,-0.18274391160777728,0.18274391160777728,0.3203023239649256,-0.15268804149960838,0.15268804149960838,0.3555577056444032,-0.187943423179086,0.187943423179086,0.3346272,-0.16701292862858538,0.16701292862858538
99,"C/ VIRIAT,  53",Sants,0.2708148768583992,0.3332299231434309,-0.062415046285031694,0.062415046285031694,0.3476572136539863,-0.07684233679558705,0.07684233679558705,0.26178147281994185,0.009033404038457371,0.009033404038457371,0.23698164186772896,0.03383323499067026,0.03383323499067026,0.22699836,0.04381651789347918,0.04381651789347918
